id,translated_hindi,origin_translation,gpt_translation,bertscore_vs_origin_precision,bertscore_vs_origin_recall,bertscore_vs_origin_f1,bertscore_vs_gpt_precision,bertscore_vs_gpt_recall,bertscore_vs_gpt_f1
0,"उन्होंने कहा, ""हमारे पास अब चार महीने के बच्चे हैं जो मधुमेह से मुक्त हैं और पहले मधुमेह वाले थे।",उन्होंने कहा “कि अब हमारे पास 4 महीने उम्र वाले चूहे हैं जिन्हें मधुमेह नहीं है जो मधुमेह के रोगी थे। ”,"""हमारे पास अब 4 महीने के चूहे हैं जो पहले मधुमेह के थे लेकिन अब गैर-मधुमेह हैं,"" उन्होंने जोड़ा।",0.8312879204750061,0.8079456686973572,0.8194505572319031,0.8583990931510925,0.8417397737503052,0.8499878644943237
1,न्यू स्कॉटिया के हैलीफैक्स में डालहुसी विश्वविद्यालय में चिकित्सा के प्रोफेसर और कनाडा के मधुमेह संघ के नैदानिक और वैज्ञानिक विभाग के अध्यक्ष डॉ. ईहुद उर ने चेतावनी दी कि शोध अभी भी शुरुआती दिनों में है।,"डॉ. एहुड उर, नोवा स्कोटिया के हैलिफ़ैक्स में डलहौज़ी विश्वविद्यालय में चिकित्सा के प्रोफ़ेसर और कनाडाई डायबिटीज़ एसोसिएशन के नैदानिक ​​और वैज्ञानिक विभाग के अध्यक्ष ने आगाह किया कि शोध अभी भी अपने शुरुआती दिनों में है.","डॉ. एहुद उर, हलीफैक्स, नोवा स्कोटिया में डलहौजी विश्वविद्यालय में चिकित्सा के प्रोफेसर और कनाडाई मधुमेह संघ के नैदानिक और वैज्ञानिक विभाग के अध्यक्ष ने चेतावनी दी कि यह शोध अभी शुरुआती चरण में है।",0.8926662802696228,0.8714444637298584,0.8819277286529541,0.9243836998939514,0.917732834815979,0.921046257019043
2,"कुछ अन्य विशेषज्ञों की तरह, वह भी इस बात पर संदेह करते हैं कि क्या मधुमेह का इलाज किया जा सकता है, यह कहते हुए कि इन निष्कर्षों का उन लोगों के लिए कोई प्रासंगिकता नहीं है जिनके पास पहले से ही टाइप 1 मधुमेह है।","कुछ अन्य विशेषज्ञों की तरह, उन्हें इस बात पर संदेह है कि क्या मधुमेह को ठीक किया जा सकता है, यह देखते हुए कि इन निष्कर्षों की उन लोगों के लिए कोई प्रासंगिकता नहीं है जिन्हें पहले से ही टाइप 1 मधुमेह है.","जैसे कुछ अन्य विशेषज्ञ, वह यह मानने में संदेहशील हैं कि क्या मधुमेह का इलाज किया जा सकता है, यह बताते हुए कि ये निष्कर्ष उन लोगों के लिए कोई प्रासंगिकता नहीं रखते जो पहले से टाइप 1 मधुमेह से प्रभावित हैं।",0.9494987726211548,0.9543449282646179,0.9519156813621521,0.9162471294403076,0.9118698835372925,0.9140532612800598
3,"सोमवार को, स्वीडिश अकादमी में साहित्य के लिए नोबेल समिति के स्थायी सचिव सारा डैनियस ने स्वीडन में Sveriges रेडियो पर एक रेडियो कार्यक्रम के दौरान सार्वजनिक रूप से घोषणा की कि समिति, 2016 के नोबेल पुरस्कार के विजेता के बारे में बॉब डायलन से सीधे संपर्क करने में असमर्थ, ने उनके पास पहुंचने के अपने प्रयासों को छोड़ दिया था।","सोमवार को स्वीडिश अकादमी में साहित्य के लिए नोबेल समिति के स्थायी सचिव, सारा डेनियस, स्वीडन समिति में सेवरिज रेडियो पर एक रेडियो कार्यक्रम के दौरान सार्वजनिक रूप से घोषणा की, कि साहित्य में 2016 के नोबेल पुरस्कार जीतने को लेकर सीधे बॉब डायलन तक पहुँचने में असमर्थ होकर, अपने प्रयासों को छोड़ चुके थे.","सोमवार को, सारा डेनियस, स्वीडिश अकादमी में साहित्य के लिए नोबेल समिति की स्थायी सचिव, ने स्वीडन के Sveriges Radio पर एक रेडियो कार्यक्रम के दौरान सार्वजनिक रूप से घोषणा की कि समिति, जो 2016 के साहित्य में नोबेल पुरस्कार को लेकर बॉब डिलन से सीधे संपर्क नहीं कर पाई, ने उन्हें संपर्क करने के प्रयासों को छोड़ दिया है।",0.8917458057403564,0.8985025882720947,0.8951114416122437,0.9165999293327332,0.9324653148651123,0.9244645237922668
4,"डैनियस ने कहा, ""इस समय हम कुछ नहीं कर रहे हैं। मैंने उनके निकटतम सहयोगी को फोन किया और ईमेल भेजे और बहुत ही मैत्रीपूर्ण उत्तर प्राप्त किए। अभी के लिए, यह निश्चित रूप से पर्याप्त है। ""","डेनियस ने कहा, “फ़िलहाल हम कुछ नहीं कर रहे हैं. मैंने अपने साथ काम करने वाले लोगों को ईमेल भेजे हैं और उसने उनके फ्रेंडली जवाब भेजे हैं. अभी के लिए, बस इतना ही बताना चाहूँगा.”","डेनियस ने कहा, ""अभी हम कुछ नहीं कर रहे हैं। मैंने उसके निकटतम सहयोगी को कॉल किया है और ईमेल भेजे हैं और बहुत दोस्ताना जवाब मिले हैं। फिलहाल, यह निश्चित रूप से काफी है।""",0.813103437423706,0.7946553230285645,0.8037735819816589,0.9133594036102295,0.912384033203125,0.9128714799880981
5,"इससे पहले, रिंग के सीईओ जेमी सिमिनॉफ ने कहा कि कंपनी तब शुरू हुई जब उनकी गैरेज में उनकी दुकान से उनके दरवाजे की घंटी नहीं सुनी गई थी।","इससे पहले, रिंग के सीईओ, जेमी सिमिनॉफ ने बताया था कि कंपनी तब शुरू हुई जब उसके दरवाज़े की घंटी उसके गेराज में स्थित दुकान से सुनाई नहीं देती थी।","पहले, रिंग के सीईओ, जेमी सिमिनॉफ, ने टिप्पणी की कि कंपनी की शुरुआत तब हुई जब उनका डोरबेल उनके गैरेज में उनकी दुकान से सुनाई नहीं देता था।",0.922311544418335,0.9056740403175354,0.9139171242713928,0.8996855020523071,0.8862327337265015,0.8929084539413452
6,उन्होंने कहा कि उन्होंने एक वाईफाई दरवाजा घंटी बनाई।,"उन्होंने (जेमी सिमिनॉफ़) कहा, कि उन्होंने एक वाईफ़ाई डोर बेल बनाई है.",उसने कहा कि उसने एक वाईफाई दरवाजा बेल बनाया।,0.852469265460968,0.7854238748550415,0.8175743222236633,0.919730007648468,0.935649037361145,0.9276211857795715
7,सिमिनोफ ने कहा कि 2013 में एक शार्क टैंक एपिसोड में उनके प्रदर्शन के बाद बिक्री बढ़ी जहां शो पैनल ने स्टार्टअप को वित्तपोषित करने से इनकार कर दिया।,"सिमिनॉफ़ ने कहा कि 2013 में शार्क टैंक एपिसोड में उनके दिखने के बाद बिक्री में बढ़ोतरी हुई, जहाँ शो पैनल ने स्टार्टअप को पूँजी लगाने से मना कर दिया.","सिमिनॉफ़ ने कहा कि 2013 में शार्क टैंक के एक एपिसोड में उनके प्रदर्शन के बाद बिक्री में वृद्धि हुई, जहां शो पैनल ने स्टार्टअप के लिए फंडिंग देने से इनकार कर दिया था।",0.9023354649543762,0.8946424126625061,0.8984724879264832,0.9217073917388916,0.9249181151390076,0.9233099222183228
8,"2017 के अंत में, सिमिनॉफ शॉपिंग टेलीविजन चैनल QVC पर दिखाई दिए।","2017 के अंत में, सिमिनॉफ़ शॉपिंग टेलीविज़न चैनल QVC में दिखाई दिए.","2017 के अंत में, सिमिनॉफ़ ने शॉपिंग टेलीविज़न चैनल QVC पर प्रदर्शन किया।",0.9783935546875,0.9706858992576599,0.9745244383811951,0.9234308004379272,0.9267300367355347,0.925077497959137
9,रिंग ने प्रतिस्पर्धी सुरक्षा कंपनी एडीटी कॉरपोरेशन के साथ भी मुकदमा सुलझाया।,रिंग ने अपनी प्रतिस्पर्धी कंपनी ADT कॉर्पोरेशन के साथ एक मुकदमा निपटाया है.,"रिंग ने प्रतिस्पर्धी सुरक्षा कंपनी, एडीटी कॉर्पोरेशन के साथ भी एक मुकदमा निपटाया।",0.8975419998168945,0.8939142227172852,0.8957244157791138,0.9600561857223511,0.9464102983474731,0.9531844258308411
10,"जबकि एक प्रयोगात्मक टीका ईबोला की मृत्यु दर को कम करने में सक्षम प्रतीत होता है, अब तक, कोई दवा मौजूदा संक्रमण के इलाज के लिए उपयुक्त नहीं साबित हुई है।","जबकि एक प्रायोगिक वैक्सीन इबोला से मृत्यु दर में कमी हो सकती है, अब तक, कोई भी ड्रग्स स्पष्ट रूप से संक्रमण का इलाज करने के लिए प्रमाणितनहीं हुआ है.","एक प्रयोगात्मक वैक्सीन ऐसा प्रतीत होता है कि वह इबोला मृत्यु दर को कम करने में सक्षम है, लेकिन अब तक कोई भी दवा स्पष्ट रूप से मौजूदा संक्रमण का इलाज करने के लिए उपयुक्त नहीं साबित हुई है।",0.8170385360717773,0.8287935256958008,0.8228740692138672,0.9098131060600281,0.8859571814537048,0.8977266550064087
11,"एक एंटीबॉडी कॉकटेल, ZMapp, ने शुरू में इस क्षेत्र में आशाजनक दिखाया, लेकिन औपचारिक अध्ययनों से पता चला कि मृत्यु को रोकने में यह कम लाभकारी था।","एक एंटीबॉडी कॉकटेल, ZMapp, ने शुरुआत में इस क्षेत्र में विश्वास दिखाया था, लेकिन औपचारिक अध्ययनों ने संकेत दिया कि मौत को रोकने में प्रत्याशित लाभ की तुलना में इसका लाभ कम था।","एक एंटीबॉडी कॉकटेल, ZMapp, ने प्रारंभ में इस क्षेत्र में उम्मीद दिखाई, लेकिन औपचारिक अध्ययनों ने संकेत दिया कि यह मौत को रोकने में अपेक्षित लाभ कम था।",0.9246304035186768,0.8938353061676025,0.9089720845222473,0.9187670946121216,0.8907439112663269,0.9045385718345642
12,"PALM परीक्षण में, ZMapp एक नियंत्रण के रूप में काम किया, जिसका अर्थ है वैज्ञानिकों ने इसे एक आधार के रूप में इस्तेमाल किया और अन्य तीन उपचारों की तुलना इसकी तुलना की।","PALM परीक्षण में, ZMapp ने एक नियंत्रण के रूप में कार्य किया, जिसका अर्थ है कि वैज्ञानिकों ने इसे बेसलाइन के रूप में इस्तेमाल किया और इसके साथ तीन अन्य उपचारों की तुलना की.","PALM परीक्षण में, ZMapp को एक नियंत्रण के रूप में उपयोग किया गया, जिसका अर्थ है कि वैज्ञानिकों ने इसे एक बुनियाद के रूप में इस्तेमाल किया और इसके साथ तीन अन्य उपचारों की तुलना की।",0.9520689845085144,0.929215133190155,0.9405032992362976,0.9484916925430298,0.924140989780426,0.9361580014228821
13,यूएसए जिमनास्टिक संयुक्त राज्य अमेरिका ओलंपिक समिति के पत्र का समर्थन करता है और ओलंपिक परिवार की सभी हमारे एथलीटों के लिए सुरक्षित वातावरण को बढ़ावा देने की पूर्ण आवश्यकता को स्वीकार करता है।,"अमेरिकी जिमनास्टिक्स, संयुक्त राज्य ओलंपिक समिति के पत्र का समर्थन करता है. साथ ही, सभी एथलीटों को एक सुरक्षित माहौल देने के लिए, ओलंपिक परिवार के होने की अहमियत स्वीकार करता है.",यूएसए जिमनास्टिक्स अमेरिका के ओलंपिक समिति के पत्र का समर्थन करता है और हमारे सभी एथलीटों के लिए एक सुरक्षित वातावरण को बढ़ावा देने के लिए ओलंपिक परिवार की absoluta आवश्यकता को स्वीकार करता है।,0.8661314249038696,0.865021288394928,0.8655759692192078,0.9600173234939575,0.957282543182373,0.9586480259895325
14,"हम यूएसओसी के इस कथन से सहमत हैं कि हमारे एथलीटों और क्लबों के हितों और उनके खेल को अधिक अच्छी तरह से सेवा दी जा सकती है, यदि हम अपने संगठन के भीतर सार्थक परिवर्तन के साथ आगे बढ़ते हैं, न कि डिसेर्टिफिकेशन के साथ।","हम USOC के इस कथन से सहमत हैं कि हमारे एथलीटों और क्लबों और उनके खेल, हमारे संगठन के भीतर सार्थक बदलाव के साथ आगे बढ़ कर बेहतर सेवा की जा सकती है ना की विप्रमाणन से |","हम यूएसओसी के बयान से सहमत हैं कि हमारे एथलीटों और क्लबों के हित, और उनके खेल, हमारे संगठन के भीतर महत्वपूर्ण परिवर्तन की दिशा में आगे बढ़ने से बेहतर सेवा प्राप्त कर सकते हैं, बजाय इसके कि उन्हें गैर-प्रमाणित किया जाए।",0.8419245481491089,0.8716086745262146,0.8565095067024231,0.8428937792778015,0.8496030569076538,0.8462351560592651
15,यूएसए जिमनास्टिक एक स्वतंत्र जांच का समर्थन करता है जो प्रकाश डाल सकता है कि लैरी नासर्स के जीवित बचे लोगों द्वारा इतनी बहादुरी से वर्णित अनुपात का दुरुपयोग इतने लंबे समय तक अनदेखा हो सकता है और किसी भी आवश्यक और उपयुक्त परिवर्तन को गले लगाता है।,यूएसए जिमनास्टिक्स एक स्वतंत्र जाँच का समर्थन करता है जो इस बात पर प्रकाश डाल सकता है कि लैरी नासर के बचे लोगों द्वारा इतनी हिम्मत से बताए गए प्रपोर्शन का दुरुपयोग इतने लंबे समय तक चल सकता था और किसी भी आवश्यक और उचित परिवर्तन को अपना सकता है.,यूएसए जिमनास्टिक्स एक स्वतंत्र जांच का समर्थन करता है जो इस पर प्रकाश डाल सकता है कि लैरी नassar के Survivors द्वारा इतनी वीरता से वर्णित अनुपात का दुरुपयोग लंबे समय तक कैसे अदृश्य रह सकता था और किसी भी आवश्यक और उचित परिवर्तनों को अपनाता है।,0.9010183811187744,0.9118955135345459,0.9064242839813232,0.9011433720588684,0.907903790473938,0.9045109152793884
16,"यूएसए जिमनास्टिक और यूएसओसी का एक ही लक्ष्य है  जिमनास्टिक और अन्य खेलों को सुरक्षित, सकारात्मक और सशक्त वातावरण में अपने सपनों का पीछा करने के लिए एथलीटों के लिए यथासंभव सुरक्षित बनाना।","यूएसए जिमनास्टिक्स और यूएसओसी का एक ही लक्ष्य है — एथलीटों को सुरक्षित, सकारात्मक और सशक्त वातावरण में अपने सपनों का अनुसरण करने के लिए जिमनास्टिक्स और अन्य लोगों के खेल को जितना संभव हो सके उतना सुरक्षित बनाना.","यूएसए जिम्नास्टिक्स और यूएसओसी का एक ही लक्ष्य है - जिम्नास्टिक्स और अन्य खेलों को एथलीटों के लिए सुरक्षित, सकारात्मक और सशक्त वातावरण में अपने सपनों का पीछा करने के लिए संभवतः सुरक्षित बनाना।",0.9395713806152344,0.9075695276260376,0.9232932329177856,0.9498542547225952,0.9467805027961731,0.9483148455619812
17,"1960 के दशक में, ब्रजेज़िनस्की ने जॉन एफ. केनेडी के लिए उनके सलाहकार के रूप में और फिर लिंडन बी. जॉनसन प्रशासन के रूप में काम किया।","1960 के दशक के दौरान, ब्रेझिन्स्की ने जॉन एफ कैनेडी के सलाहकार के तौर पर और उसके बाद लिंडन बी जॉनसन के प्रशासन के लिए काम किया.","1960 के दशक में, ब्रेज़िंस्की ने जॉन एफ. Kennedy के सलाहकार के रूप में काम किया और फिर लिंडन बी. जॉनसन प्रशासन के लिए।",0.9192829132080078,0.9238906502723694,0.9215810298919678,0.9342496395111084,0.9490388631820679,0.9415861964225769
18,"1976 के चुनावों के दौरान उन्होंने विदेश नीति पर कार्टर को सलाह दी, फिर 1977 से 1981 तक राष्ट्रीय सुरक्षा सलाहकार (एनएसए) के रूप में कार्य किया, जो हेनरी किस्सिंजर का उत्तराधिकारी था।","1976 चयन के दौरान उन्होंने विदेश नीति पर कार्टर को सलाह दी, फिर 1977 से लेकर 1981 तक राष्ट्रीय सुरक्षा सलाहकार (एनएसए) के रूप में हेनरी किसिंजर को सेवा दी.","1976 के चयन के दौरान, उसने कार्टर को विदेशी नीति पर सलाह दी, और फिर 1977 से 1981 तक राष्ट्रीय सुरक्षा सलाहकार (एनएसए) के रूप में सेवा दी, हेनरी किसिंजर के उत्तराधिकारी के रूप में।",0.9079241156578064,0.9404285550117493,0.9238905310630798,0.9349172115325928,0.9351197481155396,0.9350184798240662
19,"एनएसए के रूप में, उन्होंने कैम्प डेविड समझौते, 1978; 1970 के दशक के अंत में अमेरिकी-चीन संबंधों को सामान्य बनाने; ईरान क्रांति, जिसने ईरान बंधक संकट, 1979 का नेतृत्व किया; और अफगानिस्तान में सोवियत आक्रमण, 1979 जैसे विश्व मामलों को राजनयिक रूप से संभालने में कार्टर की सहायता की।","एनएसए के रूप में, उन्होंने कूटनीतिक रूप से विश्व मामलों को संभालने में कार्टर की सहायता की, जैसे कि कैंप डेविड एकॉर्ड्स, 1978; 1970 के दशक के अंत में अमेरिका-चीन संबंधों को सामान्य बनाना; ईरानी क्रांति, जो ईरान बंधक संकट का कारण बनी, 1979; और अफ़गानिस्तान में सोवियत आक्रमण, 1979.",作为国家安全顾问，他协助卡特在外交上处理世界事务，例如1978年的戴维营协议；在1970年代末期正常化美中关系；伊朗革命，这导致了1979年的伊朗人质危机；以及1979年苏联入侵阿富汗。,0.8887102603912354,0.8947545886039734,0.8917221426963806,0.6784608364105225,0.7131595611572266,0.6953775882720947
20,रयान गोस्लिंग और एम्मा स्टोन की भूमिका वाली फिल्म को सभी प्रमुख श्रेणियों में नामांकन मिले।,"जिस फिल्म में रायन गोज़लिंग और एम्मा स्टोन ने मुख्य भूमिकाएँ निभाई हैं, उसे सभी प्रमुख श्रेणियों में नॉमिनेशन किया गया है.","यह फिल्म, जिसमें रयान गोसलिंग और एमा स्टोन हैं, को सभी प्रमुख श्रेणियों में नामांकित किया गया।",0.834996223449707,0.7824755907058716,0.8078832626342773,0.8921999335289001,0.8795851469039917,0.8858476281166077
21,गोस्लिंग और स्टोन को क्रमशः सर्वश्रेष्ठ अभिनेता और अभिनेत्री के लिए नामांकन प्राप्त हुए।,गोसलिंग और स्टोन को क्रमशः सर्वश्रेष्ठ अभिनेता और अभिनेत्री के लिए नामांकन मिला है.,गॉसलिंग और स्टोन को क्रमशः सर्वश्रेष्ठ अभिनेता और अभिनेत्री के लिए नामांकित किया गया।,0.9610761404037476,0.9546208381652832,0.9578375816345215,0.953000545501709,0.9507309198379517,0.9518644213676453
22,"अन्य नामांकनों में सर्वश्रेष्ठ फिल्म, निर्देशक, सिनेमा, पोशाक डिजाइन, फिल्म संपादन, मूल स्कोर, उत्पादन डिजाइन, ध्वनि संपादन, ध्वनि मिश्रण और मूल पटकथा शामिल हैं।","अन्य नामांकनों में बेस्ट पिक्चर, डायरेक्टर, सिनेमेटोग्राफ़ी, कॉस्ट्यूम डिज़ाइन, फ़िल्म-संपादन, मूल स्कोर, प्रोडक्शन डिज़ाइन, ध्वनि संपादन, ध्वनि मिश्रण और ओरिजनल स्क्रीनप्ले शामिल हैं.","अन्य नामांकनों में सर्वश्रेष्ठ चित्र, निर्देशक, छायांकन, पोशाक डिजाइन, फिल्म संपादन, मौलिक स्कोर, उत्पादन डिजाइन, ध्वनि संपादन, ध्वनि मिश्रण और मौलिक पटकथा शामिल हैं।",0.9109722971916199,0.8448284864425659,0.8766545653343201,0.964525580406189,0.9348922967910767,0.9494777917861938
23,"फिल्म के दो गानों, ऑडिशन (द फूलस व्हिट ड्रीम) और सिटी ऑफ स्टार को सर्वश्रेष्ठ मूल गीत के लिए नामांकन प्राप्त हुए। लायंसगेट स्टूडियो को किसी भी अन्य स्टूडियो की तुलना में 26 नामांकन प्राप्त हुए।",ऑडिशन (द फ़ूल्स हू ड्रीम) और सिटी ऑफ़ स्टार्स के दो गानो को सर्वश्रेष्ठ मूल गीत के लिए नामांकन मिला. किसी भी अन्य स्टूडियो से ज़्यादा — लायंसगेट स्टूडियो को 26 नामांकन मिले.,फिल्म ऑडिशन (द फुल्स हू ड्रीम) और सिटी ऑफ स्टार्स के दो歌曲ों को सर्वश्रेष्ठ मूल गीत के लिए नामांकन मिला। लायंसगेट स्टूडियो को 26 नामांकन मिले - जो किसी अन्य स्टूडियो से अधिक हैं।,0.8995261788368225,0.8998733758926392,0.8996997475624084,0.9016884565353394,0.8980275392532349,0.899854302406311
24,"रविवार देर रात, संयुक्त राज्य अमेरिका के राष्ट्रपति डोनाल्ड ट्रम्प ने प्रेस सचिव के माध्यम से जारी एक बयान में घोषणा की कि अमेरिकी सैनिक सीरिया छोड़ देंगे।","रविवार को देर शाम, यूनाइटेड स्टेट्स के राष्ट्रपति डोनाल्ड ट्रंप ने प्रेस सेक्रेटरी के ज़रिए दिए बयान में बताया कि यूएस सेना सीरिया को छोड़ने वाली है.","रविवार की देर शाम, अमेरिका के राष्ट्रपति डोनाल्ड ट्रम्प ने प्रेस सचिव के माध्यम से दी गई एक विज्ञप्ति में घोषणा की कि अमेरिका के सैनिक सीरिया छोड़ देंगे।",0.8587116599082947,0.8022615909576416,0.8295273184776306,0.9515408277511597,0.9372430443763733,0.944337785243988
25,ट्रम्प ने तुर्की के राष्ट्रपति रेजेप ताइप एर्दोगन के साथ टेलीफोन वार्ता के बाद यह घोषणा की।,तुर्की के राष्ट्रपति रजब तैयब इरदुगान के साथ ट्रंप की फ़ोन पर चर्चा होने के बाद घोषणा की गई थी.,यह घोषणा ट्रंप के तुर्की राष्ट्रपति रेसेप तईप एर्दोगन के साथ फोन पर बातचीत करने के बाद की गई थी।,0.8340522050857544,0.8344117403030396,0.8342319130897522,0.8714877963066101,0.869749903678894,0.8706179857254028
26,"तुर्की कैद आईएसआईएस लड़ाकों की सुरक्षा भी करेगा, जिन्हें यूरोपीय राष्ट्रों ने देश वापस लाने से इनकार कर दिया है।","तुर्की ने आईएसआईएस के लड़ाकों को पकड़ना और निगरानी करना शुरू कर दिया है, बयान में कहा गया है कि यूरोपीय देशों ने प्रत्यावर्तन करने से इन्कार कर दिया है.","तुर्की भी पकड़े गए ISIS लड़ाकों की सुरक्षा संभालेगा, जिससे यूरोपीय देशों ने वापस लाने से इनकार किया है, ऐसा बयान में कहा गया।",0.824432373046875,0.7988400459289551,0.8114344477653503,0.82906174659729,0.8341565728187561,0.8316013813018799
27,"यह न केवल पुष्टि करता है कि कम से कम कुछ डायनासोरों के पंख थे, एक पहले से ही व्यापक सिद्धांत, लेकिन यह विवरण प्रदान करता है जीवाश्म आमतौर पर नहीं कर सकते हैं, जैसे रंग और त्रि-आयामी व्यवस्था।","यह न केवल इसकी पुष्टि करता है कि कम से कम कुछ डायनासोर के पंख थे, एक सिद्धांत पहले से ही प्रचलित है, लेकिन यह ऐसी जानकारी प्रदान करता जो जीवाश्म आमतौर पर नहीं कर सकते, जैसे रंग और तीन आयामी अरेंजमेंट.","यह न केवल यह पुष्टि करता है कि कम से कम कुछ डायनासोरों के पंख थे, जो पहले से ही एक व्यापक सिद्धांत है, बल्कि यह विवरण भी प्रदान करता है जो सामान्यतः जीवाश्म नहीं दे सकते, जैसे रंग और त्रि-आयामी व्यवस्था।",0.9181482791900635,0.9101187586784363,0.914115846157074,0.9401043653488159,0.9243318438529968,0.9321514368057251
28,वैज्ञानिकों का कहना है कि इस जानवर का पंख ऊपर कास्टाना ब्राउन था और नीचे का रंग हल्का या कैरोटीनोइड था।,वैज्ञानिकों का यह कहना है कि इस जानवर के रोमछिद्र भूरे और कैरोटीनॉयड के नीचे का रंग भूरा-भूरा था।,वैज्ञानिकों का कहना है कि इस जानवर के पंख ऊपर की तरफ चेस्टनट-भूरे रंग के थे और नीचे की तरफ हल्के या कैरोटीनॉइड रंग के थे।,0.8650088310241699,0.8549156188964844,0.8599326610565186,0.9098362922668457,0.8724603652954102,0.8907564282417297
29,यह खोज पक्षियों में पंखों के विकास की जानकारी भी देती है।,यह खोज पक्षियों में पंखों के विकास की पूरी जानकारी भी प्रदान करती है.,यह खोज पंखों के विकास के बारे में भी अंतर्दृष्टि प्रदान करती है।,0.9670113921165466,0.9571624398231506,0.9620617032051086,0.9050723314285278,0.867527961730957,0.8859025239944458
30,"क्योंकि डायनासोर के पंखों में एक अच्छी तरह से विकसित शाफ्ट नहीं है, जिसे राची कहा जाता है, लेकिन पंखों की अन्य विशेषताएं हैं  दाढ़ी और बारबुल  शोधकर्ताओं ने निष्कर्ष निकाला कि राची शायद इन अन्य विशेषताओं की तुलना में बाद में विकासवादी विकास था।","हालाँकि, डायनासोर के पंखों के शाफ्ट पूरी तरह से विकसित नहीं होते हैं और उन्हें रैचिस कहा जाता है. लेकिन उनके पंखों में बार्ब्स और बार्बुल्स जैसी अन्य खूबियाँ होती हैं. शोधकर्ताओं ने अनुमान लगाया है कि डायनासोर की अन्य खूबियों की तरह शायद रैचिस भी बाद में विकसित हुए होंगे.","क्योंकि डायनासोर के पंखों में एक अच्छी तरह से विकसित शाफ्ट, जिसे रैचिस कहते हैं, नहीं है, लेकिन अन्य पंखों के गुण — बार्ब्स और बार्ब्यूल्स — मौजूद हैं, शोधकर्ताओं ने निष्कर्ष निकाला कि रैचिस संभवतः इन अन्य गुणों की तुलना में बाद में विकसित हुआ था।",0.8148536682128906,0.7988759279251099,0.8067857027053833,0.8933970928192139,0.8729063868522644,0.8830328583717346
31,"इस तरह के पंखों की संरचना से पता चलता है कि उन्हें उड़ान में नहीं बल्कि तापमान को नियंत्रित करने या प्रदर्शित करने के लिए इस्तेमाल किया गया था। शोधकर्ताओं ने सुझाव दिया कि यह एक युवा डायनासोर की पूंछ है, लेकिन नमूना में वयस्क पंख नहीं, बल्कि एक चिड़िया का नीचे दिखता है।","पंखों की संरचना से पता चलता है कि उनका उपयोग उड़ान में नहीं, बल्कि तापमान विनियमन या प्रदर्शन के लिए किया जाता था। शोधकर्ताओं ने सुझाव दिया कि, भले ही यह एक युवा डायनासोर की पूँछ हो, लेकिन नमूना वयस्क साहुल दर्शाता है ना कि बच्चे का निचला हिस्सा।","पंखों की संरचना यह संकेत देती है कि उनका उपयोग उड़ान में नहीं बल्कि तापमान विनियमन या प्रदर्शन के लिए किया गया था। शोधकर्ताओं का सुझाव है कि, भले ही यह एक युवा डायनासोर की पूंछ है, नमूना वयस्क पंखों को दिखाता है और चूजे के फफूंद को नहीं।",0.8797361850738525,0.8649806976318359,0.8722960352897644,0.8753509521484375,0.8729972243309021,0.8741724491119385
32,"शोधकर्ताओं ने सुझाव दिया कि, भले ही यह एक युवा डायनासोर की पूंछ है, लेकिन नमूना में वयस्क पंख दिखाई देते हैं, एक चिड़िया की नहीं।","शोधकर्ताओं ने सुझाव दिया कि, भले ही यह किसी छोटे डायनासोर की पूंछ है, लेकिन नमूना वयस्क के पंख का लगता है ना कि किसी बच्चे का।","शोधकर्ताओं ने सुझाव दिया कि, हालांकि यह एक युवा डायनासोर की पूंछ है, यह नमूना वयस्क पंखों को दर्शाता है और चूजे के फर को नहीं।",0.895057737827301,0.8925920724868774,0.8938232064247131,0.8863153457641602,0.8911752700805664,0.8887386918067932
33,तुर्की के गाज़ियानटेप में कल सुबह पुलिस मुख्यालय में कार बम विस्फोट से दो पुलिसकर्मी मारे गए और बीस से अधिक लोग घायल हो गए।,"कल सुबह तुर्की के गाज़ियाँटेप में पुलिस मुख्यालय में एक कार बम विस्फोट हुआ, जिसमें दो पुलिस अधिकारी मारे गए और बीस से अधिक लोग घायल हुए.","एक कार बम ने कल सुबह तुर्की के गाज़IANTेप में पुलिस मुख्यालय के पास विस्फोट कर दिया, जिससे दो पुलिस अधिकारियों की मौत हो गई और बीस से अधिक लोग घायल हो गए।",0.9411045908927917,0.9326249361038208,0.936845600605011,0.8773013353347778,0.8565913438796997,0.8668226599693298
34,गवर्नर के कार्यालय ने कहा कि घायल 19 पुलिसकर्मी थे।,राज्यपाल के कार्यालय ने बताया कि घायलों में से उन्नीस पुलिस अधिकारी थे।,राज्यपाल के कार्यालय ने कहा कि घायलों में से उन्नीस पुलिस अधिकारी थे।,0.9047294855117798,0.8702656626701355,0.8871630430221558,0.9132475852966309,0.8823058605194092,0.8975101709365845
35,पुलिस ने कहा कि उन्हें हमले की जिम्मेदारी एक कथित आईएसआईएस (ISIL) आतंकवादी पर लगने का संदेह है।,पुलिस ने कहा कि उन्हें हमले के लिए ज़िम्मेदार कथित डाएश (आईएसआईएल) लड़ाकों पर संदेह है.,पुलिस ने कहा कि उन्हें हमले की जिम्मेदारी के लिए एक कथित दाइश (आईएसआईएल) मिलिटेंट पर संदेह है।,0.8633829355239868,0.8735106587409973,0.8684172034263611,0.861699640750885,0.857003390789032,0.8593450784683228
36,"उन्होंने पाया कि सूर्य अन्य सितारों के समान मूलभूत सिद्धांतों पर काम करता हैः सिस्टम में सभी सितारों की गतिविधि उनकी चमक, उनके घूर्णन और कुछ और नहीं से प्रेरित है।","उन्होंने पाया कि सूर्य अन्य सितारों के समान मूल सिद्धांतों पर संचालित होता है: मंडल के सभी सितारों की गतिविधि उनके प्रकाश, उनके परिक्रमण द्वारा संचालित थी, किसी और कारण से नहीं।","उन्होंने पाया कि सूर्य अन्य सितारों की तरह समान मूलभूत सिद्धांतों पर कार्य करता है: इस प्रणाली के सभी सितारों की गतिविधियों को उनकी चमक, उनके घूर्णन और कुछ अन्य चीज़ों द्वारा संचालित किया गया था।",0.8567964434623718,0.8559436202049255,0.8563698530197144,0.903921365737915,0.897813081741333,0.9008568525314331
37,"प्रकाश और घूर्णन का उपयोग एक सितारे की रॉसबी संख्या निर्धारित करने के लिए एक साथ किया जाता है, जो प्लाज्मा प्रवाह से संबंधित है।","एक तारे की रॉस्बी संख्या, जो प्लाज़्मा फ़्लो से संबंधित है, का पता लगाने के लिए उसकी चमक और रोटेशन का एक साथ इस्तेमाल किया जाता है,","चमक और घूर्णन का उपयोग एक साथ एक तारे की रॉस्बी संख्या निर्धारित करने के लिए किया जाता है, जो प्लाज्मा प्रवाह से संबंधित है।",0.8099612593650818,0.8177469372749329,0.8138354420661926,0.9532307386398315,0.9481910467147827,0.9507042169570923
38,"रॉसबी संख्या जितनी छोटी होती है, चुंबकीय उलट-पलट के संबंध में तारा उतनी ही कम सक्रिय होता है।","रॉस्बी संख्या जितनी छोटी होगी, चुंबकीय उत्क्रमण के संबंध में तारा उतना ही कम सक्रिय होगा.","रॉस्बी संख्या जितनी छोटी होगी, तारे की चुंबकीय उलटफेर के संबंध में उतनी ही कम सक्रियता होगी।",0.8888922333717346,0.9013501405715942,0.8950778245925903,0.9054918885231018,0.903363823890686,0.9044265747070312
39,"यात्रा के दौरान, इवासाकी को कई अवसरों पर मुसीबतें आईं।","अपनी यात्रा के दौरान, इवासाकी कई मौकों पर परेशानियों में फंस गया था.","यात्रा के दौरान, इवसाकी कई मौकों पर परेशानी में पड़ गए।",0.8240060210227966,0.8327789902687073,0.8283693194389343,0.819359540939331,0.8333309888839722,0.8262861967086792
40,"उसे समुद्री डाकुओं ने लूट लिया था, तिब्बत में एक गुस्से वाले कुत्ते ने हमला किया था, नेपाल में शादी से बच गया था और भारत में गिरफ्तार किया गया था।","उसे समुद्री डाकुओं ने लूटा था, तिब्बत में पागल कुत्ते ने हमला किया, नेपाल में शादी से भाग निकला और भारत में गिरफ्तार कर लिया गया।","उसे समुद्री डाकुओं ने लूट लिया, तिब्बत में एक पागल कुत्ते ने हमला किया, नेपाल में विवाह से भाग गया और भारत में गिरफ्तार किया गया।",0.9135559797286987,0.929649293422699,0.921532392501831,0.9197757840156555,0.9551931619644165,0.9371499419212341
41,802.11n मानक 2.4Ghz और 5.0Ghz दोनों आवृत्तियों पर काम करता है।,802.11n मानक दोनों 2.4 गीगाहर्टज़ और 5.0 गीगाहर्टज़ आवृत्तियों पर काम करता है.,802.11n मानक 2.4GHz और 5.0GHz दोनों आवृत्तियों पर काम करता है।,0.9228360652923584,0.8674901723861694,0.8943076729774475,0.9837803840637207,0.9702221155166626,0.9769542217254639
42,"यह 802.11a, 802.11b और 802.11g के साथ पीछे की ओर संगत होने की अनुमति देगा, बशर्ते बेस स्टेशन में दोहरी रेडियो हो।","यह इसे 802.11a, 802.11b और 802.11g के साथ पीछे की ओर संगत करने की अनुमति देगा, बशर्ते कि बेस स्टेशन में दोहरे रेडियो हों.","यह इसे 802.11a, 802.11b और 802.11g के साथ पीछे की ओर संगत बनाने की अनुमति देगा, बशर्ते कि बेस स्टेशन में दोहरे रेडियो हों।",0.9441877603530884,0.9325520396232605,0.9383338689804077,0.9398669004440308,0.9288513660430908,0.9343266487121582
43,"802.11n की गति अपने पूर्ववर्ती की गति से काफी तेज है, जिसकी अधिकतम सैद्धांतिक गति 600Mbit/s है।",600 मेगाबिट/सेकंड के अधिकतम थियोरिटीकल थ्रोपुट के साथ 802.11n की गति अपने पहले वाले चालकों से उल्लेखनीय रूप से बहुत तेज़ है.,"802.11n की गति इसके पूर्ववर्तियों की तुलना में काफी तेज है, जिसमें अधिकतम सैद्धांतिक थ्रूपुट 600Mbit/s है।",0.8089511394500732,0.7450629472732544,0.7756937742233276,0.932485818862915,0.9171038866043091,0.9247308373451233
44,"मिलर के बारे में जो कहानी थी, उसके बारे में दो बड़े बच्चों के साथ शादीशुदा डुवल ने बहुत कुछ नहीं कहा।","डुवैल, जो विवाहित है और उसके दो वयस्क बच्चे हैं, उसने मिलर पर बड़ा असर नहीं किया, जिस से कहानी संबंधित है.","डुवाल, जो दो वयस्क बच्चों के साथ शादीशुदा हैं, ने मिलर पर बड़ा प्रभाव नहीं छोड़ा, जिन्हें यह कहानी सुनाई गई थी।",0.764704704284668,0.7600124478340149,0.762351393699646,0.8124979138374329,0.7736496925354004,0.7925980687141418
45,"जब मिलर से टिप्पणी के लिए कहा गया, तो उन्होंने कहा, ""माइक सुनवाई के दौरान बहुत बात करता है... मैं तैयार हो रहा था इसलिए मैं वास्तव में नहीं सुन रहा था कि वह क्या कह रहा था। ""","जब टिप्पणी के लिए कहा गया, तो मिलर ने कहा, “माइक सुनते समय बहुत सारी बातें करता है ... मैं तैयार हो रहा था इसलिए वह जो कह रहा था मैं वास्तव में उसे सुन नहीं रहा था”.","जब टिप्पणी के लिए पूछा गया, मिलर ने कहा, ""माइक सुनवाई के दौरान बहुत बात करते हैं...मैं तैयार हो रहा था इसलिए मैं वास्तव में जो वह कह रहा था वो नहीं सुन रहा था।""",0.8967437744140625,0.8931440114974976,0.8949402570724487,0.9397810697555542,0.9376180171966553,0.9386982917785645
46,"हु ने कहा, ""हम जीडीपी की प्रति इकाई कार्बन डाइऑक्साइड उत्सर्जन को 2005 के स्तर से 2020 तक उल्लेखनीय मार्जिन से कम करने का प्रयास करेंगे।","“हू ने कहा, हम 2005 के स्तर से 2020 तक उल्लेखनीय अंतर से सकल घरेलू उत्पाद की प्रति यूनिट कार्बन डाइऑक्साइड उत्सर्जन में कटौती करने का प्रयास करेंगे.","""हू ने कहा, 'हम 2005 के स्तर से 2020 तक प्रति इकाई जीडीपी में कार्बन डाइऑक्साइड उत्सर्जन को एक उल्लेखनीय सीमा तक कम करने का प्रयास करेंगे।'""",0.8792241811752319,0.8560336232185364,0.8674739003181458,0.9068198204040527,0.901013970375061,0.9039075374603271
47,"उन्होंने कटौती के लिए कोई आंकड़ा नहीं निर्धारित किया, उन्होंने कहा कि वे चीन के आर्थिक उत्पादन के आधार पर किए जाएंगे।","यह कहते हुए कि वे चीन के आर्थिक उत्पादन के आधार पर बनाए जाएँगे, उन्होंने कटौती के लिए कोई आँकड़ा निर्धारित नहीं किया.","उसने कटौतियों के लिए कोई संख्या निर्धारित नहीं की, यह कहते हुए कि वे चीन की आर्थिक उत्पादन के आधार पर की जाएंगी।",0.9142183661460876,0.8954818844795227,0.9047531485557556,0.9085896015167236,0.9140233993530273,0.911298394203186
48,"हु ने विकासशील देशों को ""पहले प्रदूषण करने और बाद में सफाई करने के पुराने तरीके से बचने के लिए प्रोत्साहित किया।""",हू ने विकासशील देशों को “ पुराने तरीकों से प्रदूषण फैलाने से रोकने और बाद में सफाई करने के लिए प्रोत्साहित किया।”,"हु ने विकासशील देशों को ""पहले प्रदूषण करने और बाद में साफ करने के पुराने रास्ते से बचने"" के लिए प्रेरित किया।",0.9032107591629028,0.8899414539337158,0.8965269923210144,0.9130433797836304,0.9200271964073181,0.9165220260620117
49,"उन्होंने कहा कि ""लेकिन उन्हें ऐसे दायित्वों को स्वीकार करने के लिए नहीं कहा जाना चाहिए जो उनके विकास के चरण, जिम्मेदारी और क्षमताओं से परे हों।""","उन्होंने आगे कहा कि “हालाँकि, उन्हें ऐसे दायित्व लेने के लिए नहीं कहा जाना चाहिए जो उनके विकास के चरण, जिम्मेदारी और क्षमताओं से परे हैं.”","उन्होंने यह भी कहा कि ""उन्हें, हालाँकि, जिम्मेदारियों को स्वीकार करने के लिए नहीं कहा जाना चाहिए जो उनके विकास के चरण, जिम्मेदारी और क्षमताओं से परे हैं।""",0.906522274017334,0.9000911116600037,0.9032952189445496,0.9277328848838806,0.9028386473655701,0.9151164889335632
50,इराक अध्ययन समूह ने आज 12 बजे अपनी रिपोर्ट प्रस्तुत की।,आज 12.00 GMT पर इराक स्टडी ग्रुप ने अपनी रिपोर्ट प्रस्तुत की.,इराक अध्ययन समूह ने आज 12:00 GMT पर अपनी रिपोर्ट प्रस्तुत की।,0.9047210216522217,0.843667209148407,0.8731280565261841,0.9617670178413391,0.9399760961532593,0.9507467150688171
51,"इसमें चेतावनी दी गई है कि कोई भी यह गारंटी नहीं दे सकता कि इराक में इस समय कोई भी कार्रवाई से सांप्रदायिक युद्ध, बढ़ते हिंसा या अराजकता की ओर झुकने को रोक दिया जाएगा।","यह चेतावनी देता है कि कोई भी इस बात की गारंटी नहीं दे सकता कि इस स्थिति में इराक में किसी भी तरह की कार्रवाई से सांप्रदायिक युद्ध, बढ़ती हिंसा या अराजकता पर लगाम लगेगी.","यह चेतावनी देती है कि इस समय इराक में किसी भी कार्रवाई की कोई गारंटी नहीं दे सकता कि वह साम्प्रदायिक युद्ध, बढ़ती हिंसा, या अराजकता की ओर बढ़ने को रोक सकेगी।",0.9056999683380127,0.9160312414169312,0.9108362793922424,0.9129366874694824,0.9137701988220215,0.9133532643318176
52,रिपोर्ट की शुरुआत खुली बहस के लिए और मध्य पूर्व के प्रति नीति के बारे में संयुक्त राज्य अमेरिका में एक आम सहमति के गठन के लिए एक आह्वान के साथ की जाती है।,खुली बहस और मध्य पूर्व की ओर नीति के बारे में संयुक्त राज्य अमेरिका में आम सहमति बनाने के लिए रिपोर्ट एक याचिका के साथ खुलती है.,रिपोर्ट खुलती है मध्य पूर्व के प्रति नीतियों को लेकर अमेरिका में खुले विवाद और विचार-विमर्श के लिए सहमति बनाने की अपील के साथ।,0.8752273917198181,0.8911698460578918,0.8831266760826111,0.8134317994117737,0.8141690492630005,0.8138002753257751
53,इस रिपोर्ट में इराक के प्रति कार्यकारी प्रशासन की वर्तमान नीति के लगभग हर पहलू की अत्यधिक आलोचना की गई है और इसमें तत्काल दिशा-निर्देश बदलने का आग्रह किया गया है।,यह रिपोर्ट इराक के प्रति प्रशासन की वर्तमान नीति के लगभग सभी पहलुओं के प्रति बेहद आलोचनात्मक है और यह इसकी दिशा में तत्काल परिवर्तन का आग्रह करती है।,रिपोर्ट मौजूदा नीति के लगभग हर पहलू की तीखी आलोचना करती है जो कार्यपालिका की ओर से इराक के प्रति है और यह तत्काल दिशा परिवर्तन की मांग करती है।,0.8575286865234375,0.8837728500366211,0.8704530596733093,0.8354533314704895,0.8570011854171753,0.8460900783538818
54,इसके 78 सिफारिशों में से पहला यह है कि इस वर्ष के अंत तक इराक़ की सीमाओं को शत्रुतापूर्ण हस्तक्षेपों से सुरक्षित करने और उसके पड़ोसियों के साथ राजनयिक संबंधों को बहाल करने के लिए एक नई राजनयिक पहल की जानी चाहिए।,"78 सुझावों में से सबसे पहला सुझाव यह है कि शत्रुतापूर्ण हस्तक्षेपों के खिलाफ इराक की सीमाओं को सुरक्षित करने और अपने पड़ोसियों के साथ कूटनीतिक संबंधों को फिर से बनाने के लिए, ये साल खत्म होने से पहले कोई नई राजनयिक पहल की जानी चाहिए.",इसके 78 सिफारिशों में पहला यह है कि इस वर्ष के अंत से पहले एक नई कूटनीतिक पहल की जानी चाहिए ताकि इराक की सीमाओं को शत्रुतापूर्ण हस्तक्षेपों से सुरक्षित किया जा सके और अपने पड़ोसियों के साथ कूटनीतिक संबंध पुनः स्थापित किए जा सकें।,0.9059282541275024,0.8811521530151367,0.8933684825897217,0.9193010926246643,0.8945163488388062,0.906739354133606
55,वर्तमान सीनेटर और अर्जेंटीना की प्रथम महिला क्रिस्टिना फर्नांडिस डी किर्चनर ने ब्यूनोस आयर्स से 50 किलोमीटर (31 मील) दूर शहर ला प्लाटा में कल शाम को राष्ट्रपति पद की अपनी उम्मीदवारी की घोषणा की।,वर्तमान सीनेटर और अर्जेंटीना की प्रथम महिला क्रिस्टीना फ़र्नांडीज़ डी किर्चनेर ने कल शाम ब्यूनस आयर्स से 50 किलोमीटर (31 मील) दूर शहर ला प्लाटा में अपने राष्ट्रपति पद की उम्मीदवारी की घोषणा की.,"वर्तमान सीनेटर और अर्जेंटीना की पहली महिला क्रिस्टिना फर्नांडेज़ डे किर्च्नर ने कल शाम ला प्लाटा में अपने राष्ट्रपति पद के लिए उम्मीदवारता की घोषणा की, जो ब्यूनस आयर्स से 50 किलोमीटर (31 मील) दूर है।",0.9496177434921265,0.9508359432220459,0.9502264261245728,0.9293315410614014,0.9193204641342163,0.924298882484436
56,"मिसेज किर्चनर ने अर्जेंटीना थिएटर में राष्ट्रपति पद के लिए चुनाव लड़ने का इरादा घोषित किया, उसी स्थान पर उन्होंने 2005 में ब्यूनोस आयर्स प्रांत के प्रतिनिधिमंडल के सदस्य के रूप में सीनेट के लिए अपना अभियान शुरू किया था।","श्रीमती किरचनर ने अर्जेंटीना थियेटर में राष्ट्रपति की दौड़ में शामिल होने की घोषणा की, उसी स्थान से उन्होंने ब्यूनस आयर्स प्रांत के प्रतिनिधिमंडल के सदस्य के रूप में सीनेट के लिए अपना 2005 का अभियान शुरू किया था।","श्रीमती किर्च्नर ने अर्जेंटीन थिएटर में राष्ट्रपति पद के लिए अपने उम्मीदवार बनने का इरादा घोषित किया, जो वही स्थान है जहाँ उन्होंने 2005 में ब्यूनस आयर्स प्रांत के प्रतिनिधिमंडल के सदस्य के रूप में Senado के लिए अपने अभियान की शुरुआत की थी।",0.9045215845108032,0.9182242155075073,0.9113214015960693,0.9150992035865784,0.9021385908126831,0.9085726737976074
57,"वाद विवाद को तूफान कैटरीना के बाद राहत और पुनर्निर्माण पर खर्च करने पर विवाद से प्रेरित किया गया था; जिसे कुछ राजकोषीय रूढ़िवादी हास्यपूर्ण रूप से ""बुश का न्यू ऑरलियन्स डील"" के रूप में लेबल करते हैं।",तूफ़ान कैटरीना के मद्देनज़र राहत और पुनर्निर्माण पर चल रहे लंबे विवाद से बहस छिड़ गई थी; जिसमें कुछ राजकोषीय रूढ़िवादियों ने “बुश की न्यू ऑरलियन्स डील” का मज़ाक बनाया है.,"इस बहस की शुरुआत उस विवाद से हुई थी जो हरिकेन कैटरीना के बाद राहत और पुनर्निर्माण पर खर्च को लेकर था; जिसे कुछ वित्तीय रूढ़िवादियों ने मजाक में ""बुश का न्यू ऑरलियन्स सौदा"" कहा है।",0.8324294090270996,0.8193247318267822,0.8258250951766968,0.8391273021697998,0.8515691757202148,0.8453024625778198
58,पुनर्निर्माण प्रयास की उदारवादी आलोचना वाशिंगटन के भीतर के लोगों को पुनर्निर्माण अनुबंध प्रदान करने पर केंद्रित है।,पुनर्निर्माण की कोशिश की स्पष्ट आलोचना वॉशिंगटन के कथित घनिष्ट लोगों को पुनर्निर्माण के ठेके दिए जाने पर केंद्रित रही है.,लिबरल आलोचना ने पुनर्निर्माण प्रयास पर ध्यान केंद्रित किया है कि पुनर्निर्माण संविदाएँ उन लोगों को दी जा रही हैं जिन्हें वाशिंगटन के अंदरूनी लोग माना जाता है।,0.8658418655395508,0.8541410565376282,0.8599516749382019,0.8479248285293579,0.8079146146774292,0.8274363279342651
59,चार मिलियन से अधिक लोग अंतिम संस्कार में भाग लेने के लिए रोम गए।,"अंतिम संस्कार में शामिल होने के लिए, चार मिलियन से ज़्यादा लोग रोम गए.",चार मिलियन से अधिक लोग रोम में अंतिम संस्कार में भाग लेने गए।,0.9161136746406555,0.9035500288009644,0.9097884893417358,0.9386587142944336,0.949639081954956,0.9441169500350952
60,उपस्थित लोगों की संख्या इतनी बड़ी थी कि सेंट पीटर स्क्वायर में अंतिम संस्कार में सभी के लिए प्रवेश संभव नहीं था।,मौजूद लोगों की संख्या इतनी बड़ी थी कि सेंट पीटर्स स्क्वायर में अंतिम संस्कार के लिए हर किसी के लिए पहुँच पाना मुमकिन नहीं था.,मौजूद लोगों की संख्या इतनी बड़ी थी कि सभी के लिए संत पीटर के चौक में अंतिम संस्कार में पहुंच पाना संभव नहीं था।,0.920371949672699,0.8846781849861145,0.9021721482276917,0.8788179755210876,0.8628031611442566,0.8707368969917297
61,रोम में विभिन्न स्थानों पर कई बड़े टेलीविजन स्क्रीन लगाए गए ताकि लोग समारोह को देख सकें।,रोम में अलग-अलग जगहों पर कई बड़े टेलीविज़न स्क्रीन लगाए गए ताकि लोग समारोह देख सकें.,रोम के विभिन्न स्थानों पर लोगों को समारोह देखने के लिए कई बड़े टेलीविजन स्क्रीन स्थापित किए गए थे।,0.9663642048835754,0.9600708484649658,0.9632073044776917,0.8746809959411621,0.9053465127944946,0.8897495865821838
62,"इटली के कई अन्य शहरों और दुनिया के बाकी हिस्सों में, विशेष रूप से पोलैंड में, इसी तरह के सेटअप किए गए, जिन्हें बड़ी संख्या में लोग देखते थे।","इटली के कई अन्य शहरों और दुनिया के बाकी हिस्सों में, खासकर पोलैंड में, इस तरह के सेटअप बनाए गए थे, जिन्हें बड़ी संख्या में लोगों ने देखा था।","इटली के कई दूसरे शहरों में और विश्व के बाकी हिस्सों में, विशेष रूप से पोलैंड में, इसी तरह की व्यवस्थाएँ की गईं, जिन्हें बहुत सारे लोगों ने देखा।",0.9620266556739807,0.9578094482421875,0.959913432598114,0.9258426427841187,0.9372289776802063,0.9315009713172913
63,"इतिहासकारों ने फ्यूबीआई की पिछली नीतियों की आलोचना की है क्योंकि वे संसाधनों को उन मामलों पर केंद्रित करते हैं जिन्हें हल करना आसान है, विशेष रूप से चुराए गए कार के मामले, एजेंसी की सफलता दर को बढ़ाने के इरादे से।","इतिहासकारों ने उन मामलों पर संसाधनों को केंद्रित करने के लिए एफबीआई की पिछली नीतियों की आलोचना की है जो एजेंसी की सफलता की दर को बढ़ाने के इरादे से हल करना आसान है,विशेष रूप से कार चोरी के मामलेा।","इतिहासकारों ने अतीत की FBI नीतियों की आलोचना की है क्योंकि उन्होंने संसाधनों को उन मामलों पर केंद्रित किया, जो हल करना आसान हैं, विशेष रूप से चोरी की कार के मामलों पर, ताकि एजेंसी की सफलता दर को बढ़ाया जा सके।",0.8921318054199219,0.9021910429000854,0.8971332311630249,0.8804713487625122,0.8938310742378235,0.887100875377655
64,कांग्रेस ने 2005 में अश्लीलता पहल को वित्त पोषण करना शुरू किया और कहा कि एफबीआई को वयस्क अश्लीलता के लिए 10 एजेंटों को समर्पित करना चाहिए।,कांग्रेस ने वित्त वर्ष 2005 में अश्लीलता के लिए निधिकरण शुरू किया और निर्दिष्ट किया कि एफबीआई को वयस्क पोर्नोग्राफी के लिए 10 एजेंटों को समर्पित करना चाहिए।,कांग्रेस ने वित्तीय वर्ष 2005 में अश्लीलता पहल के लिए फंडिंग शुरू की और यह निर्दिष्ट किया कि एफबीआई को वयस्क पोर्नोग्राफी के लिए 10 एजेंट समर्पित करना चाहिए।,0.916489839553833,0.8900871872901917,0.9030956029891968,0.9153413772583008,0.8765851259231567,0.895544171333313
65,रॉबिन उताप्पा ने 11 चौके और 2 छक्के लगाकर 41 गेंदों में 70 रन बनाकर सबसे ज्यादा स्कोर किया।,रॉबिन उथप्पा ने केवल 41 गेंदों में 11 चौकों और 2 छक्कों की मदद से 70 रन बना कर पारी का सर्वोच्च स्कोर बनाया.,"रॉबिन उथप्पा ने केवल 41 गेंदों में 70 रन बनाकर पारी का उच्चतम स्कोर बनाया, जिसमें उन्होंने 11 चौके और 2 छक्के लगाए।",0.9148074388504028,0.8656064867973328,0.8895272016525269,0.9245988130569458,0.894180953502655,0.9091355204582214
66,मध्य क्रम के बल्लेबाज सचिन तेंदुलकर और राहुल द्रविड़ ने अच्छा प्रदर्शन किया और सौ रन की साझेदारी की।,मध्य क्रम के बल्लेबाज सचिन तेंदुलकर और राहुल द्रविड़ ने अच्छा प्रदर्शन किया और शतकीय साझेदारी बनाई.,"मध्यक्रम के बल्लेबाज़, सचिन तेंदुलकर और राहुल द्रविड़, ने अच्छा प्रदर्शन किया और सौ रन की साझेदारी बनाई।",0.9490191340446472,0.9592356085777283,0.9541000127792358,0.9641097784042358,0.9528535008430481,0.958448588848114
67,लेकिन कप्तान के विकेट को खोने के बाद भारत ने पारी खत्म करने के लिए केवल 36 रन बनाए और 7 विकेट खो दिए।,"लेकिन, कप्तान का विकेट गँवाने के बाद भारत ने पारी समाप्ति तक 7 विकेट खोकर केवल 36 रन ही बनाए।","लेकिन, कप्तान के विकेट खोने के बाद भारत ने केवल 36 रन बनाये और 7 विकेट खोकर अपनी पारी समाप्त की।",0.8929661512374878,0.8861899375915527,0.889565110206604,0.9131938815116882,0.9099566340446472,0.9115723967552185
68,"अमेरिकी राष्ट्रपति जॉर्ज डब्ल्यू. बुश 16 नवंबर की सुबह सिंगापुर पहुंचे, उन्होंने एशिया की एक सप्ताह की यात्रा शुरू की।",अमेरिकी राष्ट्रपति जॉर्ज डब्ल्यू बुश एशिया के एक हफ़्ते के दौरे की शुरुआत करते हुए 16 नवंबर की सुबह सिंगापुर पहुँचे.,"अमेरिका के राष्ट्रपति जॉर्ज डब्ल्यू. बुश 16 नवंबर की सुबह सिंगापुर पहुंचे, एशिया के सप्ताह भर के दौरे की शुरुआत करते हुए।",0.8787006139755249,0.8723917007446289,0.8755347728729248,0.9454538822174072,0.931697428226471,0.9385252594947815
69,उन्हें सिंगापुर के उप प्रधानमंत्री वोंग कान सेंग ने स्वागत किया और सिंगापुर के प्रधानमंत्री ली हसीन लोंग के साथ व्यापार और आतंकवाद के मुद्दों पर चर्चा की।,उनका सिंगापुर के उप-प्रधान मंत्री वोंग कान सेंग ने स्वागत किया और उन्होंने सिंगापुर के प्रधानमंत्री ली सिएन लूंग के साथ व्यापार और आतंकवाद के मामले पर बातचीत की.,उसका स्वागत सिंगापुर के उप प्रधान मंत्री वोंग कान सेंग ने किया और उसने सिंगापुर के प्रधान मंत्री ली सियन लूंग के साथ व्यापार और आतंकवाद के मुद्दों पर चर्चा की।,0.9341567754745483,0.929950475692749,0.9320488572120667,0.9293020367622375,0.9213752746582031,0.9253216981887817
70,"मध्यकालीन चुनाव में हार के एक सप्ताह बाद, बुश ने एशिया में व्यापार के विस्तार के बारे में एक दर्शकों को बताया।","मध्यावधि चुनाव में एक हफ्ते तक हारने के बाद, बुश ने लोगों को एशिया में व्यापार के विस्तार के बारे में बताया।","एक सप्ताह के मध्यावधि चुनाव में नुकसान के बाद, बुश ने दर्शकों को एशिया में व्यापार के विस्तार के बारे में बताया।",0.9047151803970337,0.9053499698638916,0.9050324559211731,0.922330379486084,0.9101324081420898,0.9161908030509949
71,प्रधानमंत्री स्टीफन हार्पर ने मंगलवार को पीएमओ में एनडीपी नेता जैक लेटन के साथ 25 मिनट की बैठक के बाद दूसरी पठन से पहले सरकार की 'स्वच्छ वायु अधिनियम' की समीक्षा के लिए एक सर्वदलीय समिति को भेजने पर सहमति व्यक्त की है।,"प्रधान मंत्री स्टीफन हार्पर ने, पीएमओ में एनडीपी नेता जैक लेटन के साथ मंगलवार की 25 मिनट की बैठक के बाद, अपनी दूसरी रीडिंग से पहले समीक्षा के लिए सरकार के 'स्वच्छ वायु अधिनियम' (क्लिन एयर ऐक्ट) को एक सर्वदलीय समिति को भेजने पर सहमति व्यक्त की है.","प्रधान मंत्री स्टीफन हार्पर ने एनडीपी नेता जैक लेटन के साथ पीएमओ में मंगलवार को 25 मिनट की बैठक के बाद, दूसरे पाठ के पहले, सरकार के 'स्वच्छ वायु अधिनियम' को सभी पार्टी समिति के समीक्षा के लिए भेजने पर सहमति व्यक्त की है।",0.9491409659385681,0.9125921726226807,0.9305077791213989,0.9361562728881836,0.9318997859954834,0.9340232014656067
72,"लेटन ने प्रधानमंत्री के साथ बैठक के दौरान कंजरवेटिव पार्टी के पर्यावरण विधेयक में बदलाव के लिए कहा था, जिसमें उन्होंने कंजरवेटिव पार्टी के पर्यावरण विधेयक का ""पूरा और पूर्ण पुनर्लेखन"" करने का अनुरोध किया था।",लेटन ने पीएम से मुलाकात के दौरान कंज़र्वेटिव पार्टी के पर्यावरण बिल में बदलाव के लिए कहा था. अब कंज़र्वेटिव पार्टी के पर्यावरण बिल को “पूरी तरह से फिर से लिखने” के लिए कहा जा रहा है.,"लेटन ने पीएम के साथ बैठक के दौरान गणितीय पार्टी के पर्यावरण बिल में बदलाव की मांग की, उन्होंने गणितीय पार्टी के पर्यावरण बिल का ""व्यापक और पूर्ण पुनर्लेखन"" करने के लिए कहा।",0.8328123092651367,0.843999981880188,0.8383687734603882,0.8673392534255981,0.8989666700363159,0.8828698396682739
73,"जब से फेडरल सरकार ने डेवोनपोर्ट, तस्मानिया में मर्सी अस्पताल के वित्तपोषण को संभालने के लिए कदम रखा है, तब से राज्य सरकार और कुछ संघीय सांसदों ने इस अधिनियम को नवंबर तक होने वाले संघीय चुनावों के पूर्वानुमान में एक स्टंट के रूप में आलोचना की है।","जब संघीय सरकार ने डेवोनपोर्ट, तस्मानिया में मर्सी अस्पताल का वित्तपोषण करने के लिए कदम उठाया, तब राज्य सरकार और कुछ संघीय सांसदों ने नवंबर तक बुलाए जाने वाले संघीय चुनाव की प्रस्तावना में इस कार्य की आलोचना की.","जब से संघीय सरकार ने तस्मानिया के डेवोनपोर्ट में मर्सी अस्पताल के वित्तपोषण का जिम्मा लिया है, राज्य सरकार और कुछ संघीय सांसदों ने इस कार्य की आलोचना की है कि यह नवंबर में होने वाले संघीय चुनाव की पूर्वपीठिका में एक स्टंट है।",0.8809924125671387,0.9077567458152771,0.8941742777824402,0.8627805113792419,0.8916771411895752,0.8769908547401428
74,"लेकिन प्रधानमंत्री जॉन हॉवर्ड ने कहा है कि अधिनियम केवल अस्पताल की सुविधाओं को टास्मानियाई सरकार द्वारा गिराए जाने से बचाने के लिए था, अतिरिक्त 45 मिलियन ऑस्ट्रेलियाई डॉलर देने के लिए।",लेकिन प्रधानमंत्री जॉन हॉवर्ड ने कहा है कि यह अधिनियम केवल अस्पताल की सुविधाओं को तस्मानियाई सरकार द्वारा नीचे गिरने से बचाने के लिए अतिरिक्त AUD $45 मिलियन देने के लिए था.,"परंतु प्रधानमंत्री जॉन हॉवर्ड ने कहा कि यह कार्य केवल टस्मानिया सरकार द्वारा अस्पताल की सुविधाओं को डाउनग्रेड होने से सुरक्षित रखने के लिए था, जिसमें अतिरिक्त 45 मिलियन ऑस्ट्रेलियाई डॉलर दिए गए।",0.9196006655693054,0.9482991695404053,0.9337294101715088,0.9033420085906982,0.895296037197113,0.8993009924888611
75,"नवीनतम बुलेटिन के अनुसार, समुद्र तल के आंकड़ों से पता चलता है कि एक सुनामी उत्पन्न हुई थी।","ताज़ा-तरीन बुलेटिन के मुताबिक, समुद्री स्तर की रीडिंग बताती है कि वहाँ सुनामी आई थी. पागो पागो और नीयू के करीब सुनामी की कुछ गतिविधि पक्के तौर पर रिकॉर्ड की गई थी.","नवीनतम बुलेटिन के अनुसार, समुद्र स्तर के मापन ने संकेत दिया कि एक सुनामी उत्पन्न हुई है। पैगो पैगो और न्यूए के निकट कुछ निश्चित सुनामी गतिविधि दर्ज की गई थी।",0.774848461151123,0.7083821892738342,0.7401261329650879,0.8677432537078857,0.7852391600608826,0.8244321942329407
76,"टोंगा में कोई बड़ा नुकसान या चोट की सूचना नहीं दी गई है, लेकिन बिजली अस्थायी रूप से चली गई, जिससे कथित तौर पर टोंगा अधिकारियों को PTWC द्वारा जारी सुनामी चेतावनी प्राप्त करने से रोका गया।","टोंगा में कोई बड़ी क्षति या चोट की सूचना नहीं मिली है, लेकिन बिजली अस्थायी रूप से चली गई थी, जिसके कारण कथित तौर पर टोंगन अधिकारियों को पीटीडब्ल्यूसी द्वारा जारी सूनामी चेतावनी मिलना रुक गई थी.","टोंगों में कोई गंभीर क्षति या चोटें रिपोर्ट नहीं की गई हैं, लेकिन बिजली अस्थायी रूप से चली गई, जिससे बताया गया है कि टोंगाई अधिकारियों ने पीटीडब्ल्यूसी द्वारा जारी सुनामी चेतावनी प्राप्त नहीं की।",0.9202438592910767,0.8953776359558105,0.9076404571533203,0.885846734046936,0.8686020970344543,0.8771396279335022
77,"हवाई में 14 स्कूलों को तट रेखा पर या उसके पास बंद कर दिया गया था, हालांकि चेतावनी हटा दी गई थी।",चेतावनी हटा लिए जाने के बावजूद हवाई समुद्र तट या उसके निकट स्थित चौदह विद्यालय बुधवार को बंद कर दिए गए।,"हवाई में चौदह स्कूल जो तटरेखाओं पर या उनके निकट स्थित हैं, बुधवार को सभी बंद रहे, भले ही चेतावनियाँ हटा ली गई हों।",0.7967771291732788,0.7709565162658691,0.7836542129516602,0.8255956172943115,0.7811387777328491,0.8027521371841431
78,अमेरिकी राष्ट्रपति जॉर्ज डब्ल्यू बुश ने घोषणा का स्वागत किया।,अमेरिकी राष्ट्रपति जॉर्ज डब्ल्यू बुश ने घोषणा का स्वागत किया.,अमेरिकी राष्ट्रपति जॉर्ज वुड़्रो बश ने इस घोषणा का स्वागत किया।,0.9952923059463501,0.9952923059463501,0.9952923059463501,0.93071448802948,0.9292839169502258,0.9299986362457275
79,"बुश के प्रवक्ता गॉर्डन जोन्ड्रो ने उत्तर कोरिया के वचन को ""कोरियाई प्रायद्वीप के सत्यापित निरस्त्रीकरण के लक्ष्य की ओर एक प्रमुख कदम"" बताया।",बुश प्रवक्ता गॉर्डन जॉन्ड्रो ने उत्तरी कोरिया की प्रतिज्ञा को “कोरियाई प्रायद्वीप के सत्यापित किए जा सकने वाले डिन्यूक्लियराइज़ेशन को पाने की दिशा में एक महत्वपूर्ण कदम” बताया.,"बुश के प्रवक्ता गॉर्डन जॉन्हड्रो ने उत्तर कोरिया की प्रतिबद्धता को ""कोरियाई प्रायद्वीप के प्रतिष्ठान योग्य परमाणु निरस्त्रीकरण के लक्ष्य की दिशा में एक बड़ा कदम"" कहा।",0.8716171979904175,0.8312911987304688,0.8509767055511475,0.9297565221786499,0.9005747437477112,0.9149329662322998
80,"अटलांटिक तूफान के दसवें नामित तूफान, उपमहागर्भीय तूफान जेरी, आज अटलांटिक महासागर में बन गया।","अटलांटिक तूफ़ान मौसम का दसवाँ तूफ़ान, उपोष्णकटिबंधीय तूफ़ान जेरी, आज अटलांटिक महासागर में बना है.","अटलांटिक तूफान मौसम का दसवां नाम वाला तूफान, उपोष्णकटिबंधीय तूफान जेरी, आज अटलांटिक महासागर में बना।",0.8953726291656494,0.8715497851371765,0.8833006024360657,0.9234523773193359,0.9000545740127563,0.9116033911705017
81,राष्ट्रीय तूफान केंद्र (एनएचसी) का कहना है कि इस समय जेरी लैंडिंग के लिए कोई खतरा नहीं है।,राष्ट्रीय तूफ़ान केंद्र (एनएचसी) का कहना है कि इस समय जैरी का ज़मीन को कोई खतरा नहीं है।,राष्ट्रीय तूफान केंद्र (NHC) का कहना है कि इस समय जेर्री भूमि के लिए कोई खतरा नहीं पैदा करता है।,0.9355197548866272,0.9189765453338623,0.9271743893623352,0.9135386943817139,0.9047838449478149,0.9091402292251587
82,"अमेरिकी इंजीनियरों के अनुसार, 6 इंच की बारिश पहले क्षतिग्रस्त बांधों को तोड़ सकती है।",यू.एस. कॉर्प्स ऑफ़ इंजीनियर्स ने अंदाजा लगाया कि 6 इंच बारिश पहले से क्षतिग्रस्त बांधों को तोड़ सकती है.,यू.एस. इंजीनियर्स कॉर्प्स ने अनुमान लगाया कि 6 इंच बारिश पहले से क्षतिग्रस्त बाढ़ सुरक्षा बांधों को तोड़ सकती है।,0.9125727415084839,0.8291932344436646,0.8688872456550598,0.8994027376174927,0.8207080364227295,0.8582552671432495
83,"नौंवें वार्ड में तूफान कैटरीना के दौरान 20 फीट तक बाढ़ आई थी, जो वर्तमान में कमर-उच्च पानी में है क्योंकि पास के बांध को ओवरटॉप किया गया था।","नौवाँ वार्ड, जो तूफ़ान कैटरीना के दौरान 20 फ़ीट तक ऊँचा देखा गया था, वह वर्तमान में कमर से ऊपर पानी में है, क्योंकि पास का बाँध ज़्यादा बढ़ गया था.","नवां वार्ड, जिसने हरिकेन कैटरीना के दौरान 20 फीट तक बाढ़ देखी, वर्तमान में कमर तक पानी में है क्योंकि निकटवर्ती बांध से पानी बह गया है।",0.8595075011253357,0.8534433841705322,0.856464684009552,0.8517388105392456,0.8637123703956604,0.8576837778091431
84,100 फीट चौड़े हिस्से में बांध पर पानी बह रहा है।,पानी लेवे के ऊपर एक खंड में फ़ैल रहा है जिसकी चौड़ाई 100 फ़ीट है |,पानी 100 फीट चौड़ी एक सेक्शन में लेवी के ऊपर बह रहा है।,0.7765376567840576,0.7531130909919739,0.764646053314209,0.8450969457626343,0.8589037656784058,0.8519444465637207
85,कॉमन्स प्रशासक एडम क्यूर्डेन ने पिछले महीने विकिन्यूज से बात करते हुए हटाने पर अपनी निराशा व्यक्त की।,"कॉमन्स के प्रशासक एडम क्यूर्डन ने पिछले महीने जब विकिन्यूज़ से बात की थी, तब उन्होंने अपमार्जन पर अपनी निराशा व्यक्त की थी.",कॉमनस के प्रशासक एडे़म क्यूर्डन ने पिछले महीने विकीखबरों से बात करते समय हटाए जाने पर अपनी निराशा व्यक्त की।,0.9213931560516357,0.8865094780921936,0.9036148190498352,0.9220215678215027,0.9187747836112976,0.9203953146934509
86,"""उन्होंने हमें शुरू से ही झूठ बोला था। पहला, यह कि उन्होंने ऐसा किया जैसे यह कानूनी कारणों से हो। दूसरा, यह कि उन्होंने हमारी बात सुनी, और यह कि उन्होंने अपनी कला को हटा दिया।""","“वह [वेल्स] शुरू से ही हमसे झूठ बोलता रहा है। सबसे पहले, ढोंग करते हुए कि यह कानूनी कारणों के लिए था। दूसरा, अपनी कला को हटाने के समय तक यह जताते हुए कि वह हमारी बात सुन रहा था।”","""उसने [वेल्स] शुरू से ही हमें धोखा दिया। सबसे पहले, इस तरह से व्यवहार करके कि यह कानूनी कारणों के लिए था। दूसरा, ऐसा नाटक करके कि वह हमारी सुन रहा था, जब तक कि उसने अपना कला डिलीट नहीं किया।""",0.8301260471343994,0.7942370176315308,0.8117850422859192,0.8355485796928406,0.8037040829658508,0.8193170428276062
87,समुदाय की नाराजगी ने साइट के लिए यौन सामग्री के बारे में एक नीति तैयार करने के लिए वर्तमान प्रयासों को जन्म दिया है जिसमें लाखों खुले तौर पर लाइसेंस प्राप्त मीडिया हैं।,"सामुदायिक गुस्से के कारण उस साइट के लिए यौन विषय के बारे में एक नीति का मसौदा तैयार करने के लिए मौजूदा प्रयासों का नेतृत्व किया गया, जो लाखों खुले तौर पर लाइसेंस प्राप्त मीडिया को होस्ट करता है.","समुदाय की चिढ़ ने वर्तमान प्रयासों को प्रेरित किया है कि वे उस साइट के लिए यौन सामग्री के संबंध में एक नीति तैयार करें, जो लाखों खुले लाइसेंस वाली मीडिया को होस्ट करती है।",0.8888367414474487,0.8434306383132935,0.8655385971069336,0.8810123205184937,0.859366238117218,0.8700546622276306
88,"यह काम ज्यादातर सैद्धांतिक था, लेकिन कार्यक्रम को धनुष आकाशगंगा के अवलोकनों का अनुकरण करने के लिए लिखा गया था।","किया गया अधिकांश काम सैद्धांतिक था, लेकिन सैजिटेरियस गैलेक्सी से बने ऑब्ज़र्वेशन को सिम्युलेट करने के लिए प्रोग्राम को लिखा गया था.","कार्य मुख्य रूप से सैद्धांतिक था, लेकिन कार्यक्रम को धनु आकाशगंगा के अवलोकनों का अनुकरण करने के लिए लिखा गया था।",0.8132805228233337,0.7825548052787781,0.7976218461990356,0.9648215770721436,0.9700686931610107,0.9674379825592041
89,"टीम की तलाश में जो प्रभाव था, वह आकाशगंगा के अंधेरे पदार्थ और आकाशगंगा के अंधेरे पदार्थ के बीच के जलप्रलय के कारण होगा।",टीम जिस प्रभाव के तलाश में थी वह आकाशगंगा के डार्क मैटर और मिल्की वे के डार्क मैटर के बीच ज्वारीय बलों के कारण से होता होगा.,"टीम जिस प्रभाव की तलाश कर रही थी, वह आकाशगंगा के अंधेरे पदार्थ और मिल्की वे के अंधेरे पदार्थ के बीच के ज्वारीय बलों के कारण उत्पन्न होगा।",0.838144838809967,0.8003276586532593,0.8187997937202454,0.9016653299331665,0.8632760643959045,0.8820531964302063
90,"जैसे चन्द्रमा पृथ्वी पर ताज़ा ताज़ा कर देता है, जिससे जलप्रलय होता है, वैसे ही आकाशगंगा धनुष पर भी ताज़ा ताज़ा ताज़ा कर देती है।","जैसे चाँद पृथ्वी पर एक खिंचाव पैदा कर, ज्वार-भाटे का कारण बनता है, वैसे ही मिल्की वे भी धनु आकाशगंगा पर एक बल लगाता है.","जैसे चाँद पृथ्वी पर एक खींचाव डालता है, जिसके कारण ज्वार आता है, वैसे ही मिल्की वे सागिटेरियस गैलेक्सी पर एक बल डालता है।",0.7533077001571655,0.7648971676826477,0.7590581774711609,0.736952006816864,0.7626765966415405,0.7495937347412109
91,वैज्ञानिक यह निष्कर्ष निकाल सके कि अंधेरी पदार्थ अन्य अंधेरी पदार्थों को उसी तरह प्रभावित करता है जैसे सामान्य पदार्थ करता है।,वैज्ञानिक यह निष्कर्ष निकालने में सक्षम थे कि काला पदार्थ अन्य काले पदार्थ को उसी तरह प्रभावित करता है जिस तरह से आम पदार्थ करता है।,वैज्ञानिकों ने निष्कर्ष निकाला कि डार्क मैटर अन्य डार्क मैटर पर उसी तरह प्रभावित करता है जैसे सामान्य पदार्थ करता है।,0.8771616816520691,0.8737078309059143,0.8754313588142395,0.8800690770149231,0.8814388513565063,0.8807533979415894
92,"यह सिद्धांत कहता है कि आकाशगंगा के चारों ओर अधिकांश अंधेरा पदार्थ एक तरह के हलुआ में आकाशगंगा के चारों ओर स्थित है, और यह बहुत छोटे कणों से बना है।",यह सिद्धांत बताता है कि आकाशगंगा के आसपास का सबसे गहरा काला पदार्थ प्रभामंडल के रूप में स्थित होता है और यह कई छोटे-छोटे कणों से बना होता है.,"यह सिद्धांत कहता है कि एक गैलेक्सी के चारों ओर अधिकांश अंधेरे पदार्थ एक प्रकार के हल्के में स्थित होता है, और यह कई छोटे कणों से बना होता है।",0.8560462594032288,0.8494131565093994,0.852716863155365,0.8922960758209229,0.9084476232528687,0.9002994298934937
93,टेलीविजन रिपोर्ट्स में पौधे से सफेद धुआं आने का संकेत मिलता है।,टेलीविजन रिपोर्टों में प्लांट से निकलने वाला सफेद धुआँ दिखाया गया है।,टेलीविजन की रिपोर्टों में दिखाया गया है कि संयंत्र से सफेद धुआं निकल रहा है।,0.8593857884407043,0.8630165457725525,0.8611973524093628,0.8534220457077026,0.8671721816062927,0.8602421879768372
94,"स्थानीय अधिकारियों ने संयंत्र के आसपास के निवासियों को घरों में रहने, एयर कंडीशनिंग बंद करने और नल का पानी नहीं पीने की चेतावनी दी है।","स्थानीय अधिकारी संयंत्र के आस-पास के क्षेत्र में निवासियों को चेतावनी दे रहे हैं कि वे घर के अंदर रहें, एयर-कंडीशनर बंद कर दें और नल का पानी न पिएँ.","स्थानीय अधिकारी संयंत्र के आसपास के निवासियों को indoors रहने, एयर कंडीशनर बंद करने और नल का पानी न पीने की चेतावनी दे रहे हैं।",0.8695257902145386,0.8432918787002563,0.8562079071998596,0.9357713460922241,0.9370781779289246,0.9364243149757385
95,"जापान की परमाणु एजेंसी के अनुसार, संयंत्र में रेडियोधर्मी सेजियम और आयोडीन की पहचान की गई है।","जापान की परमाणु एजेंसी के अनुसार, प्लांट में रेडियोधर्मी सीज़ियम और आयोडीन की पहचान की गई है.","जापान की परमाणु एजेंसी के अनुसार, संयंत्र में रेडियोधर्मी सीज़ियम और आयोडीन पहचाने गए हैं।",0.9605742692947388,0.9533621668815613,0.9569546580314636,0.9528237581253052,0.9634861946105957,0.9581252932548523
96,अधिकारियों का अनुमान है कि इससे संकेत मिलता है कि साइट पर यूरेनियम ईंधन रखने वाले कंटेनर टूट गए हो सकते हैं और लीक हो रहे हैं।,अधिकारियों के अनुमान के अनुसार साइट पर यूरेनियम ईंधन रखने वाले कंटेनर टूट गए होंगे और लीक हो रहे होंगे.,अधिकारियों का अनुमान है कि यह संकेत करता है कि साइट पर यूरेनियम ईंधन रखने वाले कंटेनर फट सकते हैं और लीक कर रहे हैं।,0.8923952579498291,0.9291252493858337,0.9103899002075195,0.9439764618873596,0.96131432056427,0.9525664448738098
97,डॉ. टोनी मोल ने दक्षिण अफ्रीका के KwaZulu-Natal क्षेत्र में अत्यधिक औषधि प्रतिरोधी क्षयरोग (XDR-TB) की खोज की।,डॉ. टोनी मोल ने दक्षिण अफ्रीकी क्षेत्र क्वाज़ुलु-नताल में अत्यंत दवा-रोधी क्षय रोग (एक्सडीआर-टीबी) की खोज की।,डॉ. टोनी मोल ने दक्षिण अफ़्रीकी क्षेत्र क्वाज़ुलु-नाटाल में अत्यधिक औषधि प्रतिरोधी तपेदिक (एक्सडीआर-टीबी) का पता लगाया।,0.8685917854309082,0.8411968350410461,0.8546748757362366,0.8596652746200562,0.823632001876831,0.841262936592102
98,"एक साक्षात्कार में उन्होंने कहा कि नए संस्करण में ""बहुत उच्च मृत्यु दर के कारण बहुत ही चिंताजनक और चिंताजनक"" है।","एक साक्षात्कार में, उन्होंने कहा कि नया प्रकार “बहुत ज़्यादा मृत्यु दर के कारण बहुत चिंताजनक और ख़तरनाक था”.","इस साक्षात्कार में, उन्होंने कहा कि नया रूप ""बहुत ही चिंताजनक और alarming है क्योंकि मृत्यु दर बहुत अधिक है।""",0.8830711841583252,0.8566964864730835,0.8696839213371277,0.8580723404884338,0.8455661535263062,0.8517733216285706
99,डॉ. मोल का मानना है कि कुछ मरीजों को अस्पताल में यह रोग हो सकता है और कम से कम दो अस्पताल के स्वास्थ्यकर्मियों थे।,"डॉ मॉल का मानना है कि कुछ रोगियों का अस्पताल में ही संक्रमण हुआ होगा, और इन में कम से कम दो अस्पताल स्वास्थ्य कार्यकर्ता थे।","कुछ मरीजों ने अस्पताल में कीटाणु नमूना लिया हो सकता है, डॉ. मोल सोचते हैं, और कम से कम दो अस्पताल स्वास्थ्यकर्मी थे।",0.9101633429527283,0.9086177349090576,0.909389853477478,0.893133819103241,0.8610060214996338,0.8767756819725037
100,"एक वर्ष के भीतर, एक संक्रमित व्यक्ति 10 से 15 करीबी संपर्कों को संक्रमित कर सकता है।","एक साल के दौरान, एक संक्रमित व्यक्ति 10 से 15 करीबी संपर्कों को संक्रमित कर सकता है.","एक वर्ष के भीतर, एक संक्रमित व्यक्ति 10 से 15 करीबी संपर्कों को संक्रमित कर सकता है।",0.9784849882125854,0.98438960313797,0.9814283847808838,1.0,1.0,1.0
101,"हालांकि क्षयरोग से पीड़ित लोगों के पूरे समूह में एक्सडीआर-टीबी का प्रतिशत अभी भी कम लगता है; दक्षिण अफ्रीका में किसी विशेष समय कुल 330,000 लोगों में से 6,000 लोग संक्रमित हैं।","हालाँकि, टुबर्क्युलोसिस वाले लोगों के पूरे समूह में एक्सडीआर-टीबी का प्रतिशत अभी भी कम है; दक्षिण अफ़्रीका में किसी भी विशेष समय पर कुल 330,000 लोगों में से 6,000 संक्रमित हैं.","हालांकि, तपेदिक वाले लोगों के पूरे समूह में XDR-TB का प्रतिशत अभी भी कम लगता है; दक्षिण अफ्रीका में किसी विशेष क्षण में कुल 330,000 संक्रमित लोगों में से 6,000।",0.9234476089477539,0.9057053327560425,0.9144904017448425,0.903863787651062,0.9163022041320801,0.9100404977798462
102,"उपग्रहों का वजन 1,000 पाउंड से अधिक था और वे प्रति घंटे लगभग 17,500 मील की गति से यात्रा कर रहे थे, और वे पृथ्वी से 491 मील ऊपर टकराए थे।","1000 पाउंड से ज़्यादा वज़नी और करीब 17,500 मील प्रति घंटा की रफ़्तार से उड़ रहे दोनों सैटेलाइट धरती से 491 मील की ऊँचाई पर टकरा गए.","उपग्रह, जिनका वजन 1,000 पाउंड से अधिक था और जो लगभग 17,500 मील प्रति घंटे की गति से यात्रा कर रहे थे, पृथ्वी से 491 मील ऊपर टकरा गए।",0.7879081964492798,0.7590359449386597,0.773202657699585,0.9129522442817688,0.9088249206542969,0.9108839631080627
103,वैज्ञानिकों का कहना है कि टक्कर से होने वाला विस्फोट भारी था।,वैज्ञानिकों का कहना है कि टकराव के कारण हुआ विस्फोट बड़े पैमाने पर हुआ था.,वैज्ञानिकों का कहना है कि टकराव के कारण हुए विस्फोट का आकार बड़ा था।,0.8956475257873535,0.8628906607627869,0.8789639472961426,0.9054731130599976,0.9071618914604187,0.9063167572021484
104,वे अभी भी यह निर्धारित करने की कोशिश कर रहे हैं कि दुर्घटना कितनी बड़ी थी और पृथ्वी पर इसका प्रभाव कैसे पड़ेगा।,अभी भी वे यह पता लगाने की कोशिश कर रहे हैं कि क्रैश कितना बड़ा था और धरती किस तरह से प्रभावित होगी.,वे अब भी यह निर्धारित करने की कोशिश कर रहे हैं कि दुर्घटना कितनी बड़ी थी और पृथ्वी पर इसका क्या प्रभाव पड़ेगा।,0.821279764175415,0.8371853828430176,0.8291562795639038,0.9679083824157715,0.9750931262969971,0.9714874625205994
105,अमेरिकी रक्षा विभाग के कार्यालय की संयुक्त राज्य अमेरिका रणनीतिक कमान खंडहरों का पता लगा रही है।,अमेरिकी रक्षा विभाग की संयुक्त राज्य सामरिक रणनीति मलबे पर नज़र रख रही है।,संयुक्त राज्य अमेरिका के रक्षा विभाग के रणनीतिक कमान का कार्यालय मलबे का पता लगा रहा है।,0.8507310152053833,0.8392252922058105,0.8449389934539795,0.8896390199661255,0.8961918950080872,0.8929033875465393
106,प्लॉटिंग विश्लेषण का परिणाम सार्वजनिक वेबसाइट पर पोस्ट किया जाएगा।,प्लॉटिंग एनालिसिस का परिणाम पब्लिक वेबसाइट पर पोस्ट करना होगा.,समाप्ति विश्लेषण का परिणाम एक सार्वजनिक वेबसाइट पर प्रकाशित किया जाएगा।,0.8757152557373047,0.8793236613273621,0.8775157332420349,0.90303635597229,0.927172839641571,0.9149454236030579
107,"पेंसिल्वेनिया के पिट्सबर्ग के बच्चों के अस्पताल में काम करने वाली एक डॉक्टर पर बुधवार को उसकी मां के मृत पाए जाने के बाद गंभीर हत्या का आरोप लगाया जाएगा, ओहियो के अधिकारियों ने कहा।","ओहियो में अधिकारियों का कहना है कि एक डॉक्टर जो पिट्सबर्ग, पेंसिल्वेनिया में बच्चों के अस्पताल में काम करती थी उन पर बुधवार को अपनी कार की डिक्की में अपनी माँ के मृत पाए जाने के बाद संगीन हत्या के आरोप लगेंगे.","पेनसिल्वेनिया के पिट्सबर्ग के चिल्ड्रन हॉस्पिटल में एक डॉक्टर के खिलाफ हत्या के आरोप लगाए जाएंगे, जब बुधवार को उसकी माँ उसकी कार के ट्रंक में मृत पाई गई, ओहायो के अधिकारियों का कहना है।",0.8775742053985596,0.8467521667480469,0.8618877530097961,0.8548587560653687,0.8428117632865906,0.848792552947998
108,"29 वर्षीय डॉ. मलर बालासुब्रमण्यन को ब्लू एश, ओहियो में पाया गया, जो सिनसिनाटी के उत्तर में लगभग 15 मील की दूरी पर एक टी-शर्ट और अंडरवियर में सड़क के किनारे जमीन पर पड़ा था।","29 वर्षीय डॉ. मलार बालासुब्रमण्यम सिनसिनाटी के उत्तर में लगभग 15 मील की दूरी पर एक उपनगर ब्लू ऐश, ओहियो में मिले, जो एक टी-शर्ट और अंडरवियर में सड़क के किनारे बहुत अधिक नशे की हालत में जमीन पर पड़े थे।","डॉ. मलर बालासुब्रमणियन, 29, को ब्लू एश, ओहायो में पाया गया, जो सिनसिनाटी के लगभग 15 मील उत्तर में स्थित एक उपनगर है। वे सड़क के किनारे भूरे रंग की टी-शर्ट और अंडरवियर में, स्पष्ट रूप से भारी दवाओं की स्थिति में जमीन पर पड़े थे।",0.9214772582054138,0.8876867294311523,0.9042664170265198,0.8877516388893127,0.8436317443847656,0.8651295900344849
109,उसने अधिकारियों को अपने काले ओल्डमोबाइल इंट्रैक्ट के लिए निर्देशित किया जो 500 फीट दूर था।,वह अधिकारियों को अपनी काली ओल्ड्समोबाइल इंट्रीग की ओर ले गई जो 500 फीट की दूरी पर थी।,उसने अधिकारियों को अपनी काली ओल्ड्समोबाइल इंट्रिगue की ओर निर्देशित किया जो 500 फीट दूर थी।,0.8695381879806519,0.8947107791900635,0.8819449543952942,0.9440285563468933,0.9336100816726685,0.9387904405593872
111,पुलिस ने कहा कि शव एक दिन से वहां था।,पुलिस ने कहा कि शव लगभग एक दिन पुराना है.,पुलिस ने कहा कि शव वहां लगभग एक दिन से पड़ा हुआ प्रतीत हो रहा था।,0.8875328898429871,0.893123984336853,0.8903197050094604,0.9398617744445801,0.8441723585128784,0.8894508481025696
112,इस मौसम में बीमारी के पहले मामले जुलाई के अंत में सामने आए थे।,इस सीज़न में बीमारी के शुरुआती मामले जुलाई के आखिर में सामने आए थे.,इस सीजन में बीमारी के पहले मामले जुलाई के अंत में रिपोर्ट किए गए थे।,0.9277191162109375,0.9140024781227112,0.9208097457885742,0.9041610360145569,0.896752119064331,0.9004413485527039
113,"यह रोग सूअरों द्वारा संचालित होता है, जो बाद में मच्छरों के माध्यम से मनुष्यों में फैलता है।","यह बीमारी सूअरों के कारण होती है, जो बाद में मच्छरों के माध्यम से मनुष्यों में आती है।","बीमारियाँ सुअरों द्वारा फैलती हैं, जो फिर मच्छरों के माध्यम से इंसानों में चली जाती हैं।",0.922137439250946,0.9373538494110107,0.9296833872795105,0.8558892607688904,0.8516982197761536,0.8537886142730713
114,"इस महामारी ने भारत सरकार को गंभीर रूप से प्रभावित क्षेत्रों में सूअर पकड़ने वाले लोगों को तैनात करने, हजारों मच्छरों के पर्दे वितरित करने और कीटनाशकों को छिड़कने जैसे उपाय करने के लिए प्रेरित किया है।","प्रकोप ने भारत सरकार को गंभीर रूप से प्रभावित क्षेत्रों में सुअर पकड़ने वालों की तैनाती, हज़ारों मच्छरदानी वितरित करने और कीटनाशकों के छिड़काव जैसे उपाय करने के लिए मजबूर कर दिया है.","विस्फोट ने भारतीय सरकार को गंभीर रूप से प्रभावित क्षेत्रों में सूअर पकड़ने वालों की तैनाती, हजारों मच्छर जाल वितरित करने और कीटनाशक छिड़काव जैसे उपाय करने के लिए प्रेरित किया है।",0.9135651588439941,0.9092034101486206,0.9113790392875671,0.9034868478775024,0.9128865599632263,0.9081624150276184
115,"सरकार ने मस्तिष्क रोग के टीकाकरण के कई मिलियन बैग भी दिए हैं, जो स्वास्थ्य एजेंसियों को अगले साल के लिए तैयार करने में मदद करेगा।","सरकार ने इंसेफेलाइटिस वैक्सीन के कई मिलियन वायल का वादा किया है, जो अगले साल स्वास्थ्य एजेंसियों को तैयार करने में मदद करेगी.","सरकार ने कई मिलियन एन्सेफलाइटिस वैक्सीन की शीशियों का वादा किया है, जो अगले वर्ष के लिए स्वास्थ्य एजेंसियों को तैयार करने में मदद करेगा।",0.8800877332687378,0.8667565584182739,0.8733712434768677,0.8839157819747925,0.8646568059921265,0.8741801977157593
116,इस वर्ष ऐतिहासिक रूप से सबसे अधिक प्रभावित क्षेत्रों में टीकों की डिलिवरी की योजनाएं धन की कमी और अन्य बीमारियों के मुकाबले कम प्राथमिकता के कारण देरी से हुईं।,टीकों को इस वर्ष ऐतिहासिक रूप से सबसे अधिक प्रभावित क्षेत्रों में पहुँचाने में धन की कमी और अन्य बीमारियों के सापेक्ष कम प्राथमिकता के कारण देरी हुई।,इस वर्ष ऐतिहासिक रूप से सबसे अधिक प्रभावित क्षेत्रों में वैक्सीन पहुंचाने की योजनाएँ धन की कमी और अन्य बीमारियों की तुलना में कम प्राथमिकता के कारण विलंबित हुईं।,0.8683085441589355,0.8945949673652649,0.8812558650970459,0.8937547206878662,0.8802237510681152,0.8869376182556152
117,"1956 में स्लानिया स्वीडन चले गए, जहां तीन साल बाद उन्होंने स्वीडिश पोस्ट ऑफिस के लिए काम करना शुरू किया और उनके मुख्य उत्कीर्णक बन गए।","1956 में सोलेनिया स्वीडन चले गए, जहाँ तीन साल बाद उन्होंने स्वीडिश डाक घर के लिए काम करना शुरू किया और उनके मुख्य उकेरक बन गए।","1956 में स्लानिया स्वीडन चले गए, जहां तीन साल बाद उन्होंने स्वीडिश पोस्ट ऑफिस के लिए काम करना शुरू किया और वहां के मुख्य उत्कीर्णक बन गए।",0.9256762266159058,0.9464055895805359,0.9359261393547058,0.9917277097702026,0.9722644090652466,0.981899619102478
118,"उन्होंने स्वीडन और 28 अन्य देशों के लिए 1,000 से अधिक टिकट बनाए।","उन्होंने स्वीडन और 28 दूसरे देशों के लिए 1,000 से ज़्यादा स्टैम्प बनाए.","उसने स्वीडन और 28 अन्य देशों के लिए 1,000 से अधिक स्टाम्प बनाए।",0.9454037547111511,0.9083268642425537,0.9264944791793823,0.9556238055229187,0.9329399466514587,0.944145679473877
119,"उनकी रचना इतनी अच्छी तरह से जानी जाती है कि वह फिलैटेलिस्टों के बीच बहुत कम ""घर के नामों"" में से एक हैं। कुछ लोग अकेले उनके कार्यों को एकत्र करने में विशेषज्ञता रखते हैं।",उनका काम ऐसी गुणवत्ता और विस्तार के पहचान का है कि वह टिकट संग्रहकर्ताओं के बीच बहुत कम “घरेलू नामों” में से एक है. कुछ उनके काम को अकेले बटोरने में माहिर हैं.,"उसका काम इतनी पहचानी हुई गुणवत्ता और विवरण का है कि वह फिलेटेलिस्टों में से एक बहुत ही कम ""प्रतिष्ठित नामों"" में से एक हैं। कुछ लोग केवल उसके काम को इकट्ठा करने में विशेषज्ञता रखते हैं।",0.788784384727478,0.7741511464118958,0.7813991904258728,0.8525708317756653,0.8385710716247559,0.8455130457878113
120,"उनकी 1000वीं मुद्रांकन डेविड क्लेकर एरेनस्ट्रेल द्वारा 2000 में ""स्वीडिश किंग्स द्वारा महान कार्य"" थी, जो गिनीज बुक ऑफ वर्ल्ड रिकॉर्ड्स में सूचीबद्ध है।",डेविड क्लोकर एरेनस्ट्रॉल ने 2000 में अपना 1000वाँ शानदार स्टैंप “ग्रेट डीड्स बाय स्वीडिश किंग्स” बनाया था. इसे गिनीज बुक ऑफ़ वर्ल्ड रिकॉर्ड में शामिल किया गया है.,"उसका 1,000वां डाक टिकट 2000 में डेविड क्लॉकर एरेनस्ट्राल द्वारा ""स्वीडिश राजाओं के शानदार महान कार्य"" था, जो गिनीज वर्ल्ड रिकॉर्ड्स में सूचीबद्ध है।",0.8508102297782898,0.8296859264373779,0.8401152491569519,0.8992069959640503,0.8910822868347168,0.895126223564148
121,"वह कई देशों के लिए बैंकनोटों को नक्काशी करने में भी लगे हुए थे, उनके काम के हालिया उदाहरणों में नए कनाडाई $ 5 और $ 100 के सिक्कों के सामने प्रधानमंत्री के चित्र शामिल हैं।","वे कई देशों के बैंक नोटों को भी उकेरने में शामिल थे, हाल ही में नए कनाडाई $5 और $100 बिलों के सामने वाले हिस्से में प्रधानमंत्री के चित्र उनके हाल के कामों के कुछ उदाहरण हैं.","वह कई देशों के लिए बैंक नोटों पर खुदाई करने में भी संलग्न था, उसके काम के हालिया उदाहरणों में नए कनाडाई $5 और $100 बिलों के सामने प्रधानमंत्री के चित्र शामिल हैं।",0.8699118494987488,0.8609859943389893,0.8654258251190186,0.9350364804267883,0.932052731513977,0.9335421919822693
122,दुर्घटना के बाद गिब्सन को अस्पताल ले जाया गया लेकिन कुछ ही समय बाद उनकी मृत्यु हो गई।,"दुर्घटना के बाद, गिब्सन को अस्पताल पहुँचाया गया लेकिन कुछ ही समय बाद उनकी मृत्यु हो गई.","दुर्घटना के बाद, गिब्सन को अस्पताल ले जाया गया लेकिन थोड़ी देर बाद उनकी मृत्यु हो गई।",0.9773600697517395,0.9771419763565063,0.9772509932518005,0.9792900085449219,0.9637922644615173,0.9714793562889099
123,"ट्रक चालक, जो 64 वर्ष का है, दुर्घटना में घायल नहीं हुआ।","ट्रक चालक, जिसकी उम्र 64 साल है, दुर्घटना में घायल नहीं हुआ था.","ट्रक ड्राइवर, जो 64 वर्ष के हैं, दुर्घटना में घायल नहीं हुए।",0.9572976231575012,0.9251592755317688,0.9409540891647339,0.9391815066337585,0.9290825128555298,0.9341047406196594
124,वाहन को उसी दिन लगभग 1200 जीएमटी पर दुर्घटना स्थल से निकाल लिया गया था।,वाहन को उसी दिन तकरीबन 1200 GMT के समय पर दुर्घटनास्थल से दूर ले जाया गया.,वाहन को उसी दिन लगभग 1200 GMT पर दुर्घटना स्थल से हटा लिया गया।,0.8670998811721802,0.8590797781944275,0.8630712032318115,0.8967220783233643,0.9382508993148804,0.9170165657997131
125,"दुर्घटना के स्थान के पास एक गैरेज में काम करने वाले एक व्यक्ति ने कहा, ""सड़क पार करने के लिए बच्चे इंतजार कर रहे थे और वे सभी चिल्लाते और रोते थे।""","दुर्घटना की जगह के पास गैरेज में काम कर रहे व्यक्ति ने बताया: “वहाँ सड़क पार करने का इंतज़ार कर रहे बच्चे थे, वे सब चिल्ला रहे थे और रो रहे थे.”","एक व्यक्ति जो उस गैरेज में काम कर रहा था जहाँ हादसा हुआ, ने कहा: ""वहाँ बच्चे सड़क पार करने के लिए इंतज़ार कर रहे थे और वे सभी चिल्ला और रो रहे थे।""",0.8777803182601929,0.8698160648345947,0.8737800717353821,0.8855862617492676,0.8774673342704773,0.8815081119537354
126,वे सभी दुर्घटना के स्थान से भागकर वापस आए।,वे सभी वहाँ से भाग गए जहाँ दुर्घटना हुई थी।,वे सभी उस स्थान से वापस भाग गए जहाँ दुर्घटना हुई थी।,0.8566833734512329,0.8468254804611206,0.8517258763313293,0.8737238049507141,0.8452845811843872,0.8592689037322998
127,बाली में एजेंडे पर अन्य विषयों में दुनिया के शेष वनों को बचाना और विकासशील देशों को कम प्रदूषण वाले तरीकों से बढ़ने में मदद करने के लिए प्रौद्योगिकियों को साझा करना शामिल है।,"बाली में इस एजेंडे के अन्य विषयों में दुनिया के बचे हुए जंगलों को बचाने, और ऐसी तकनीकों का आदान प्रदान करना का विषय शामिल है जिससे कि विकासशील देशों को कम प्रदूषणकारी तरीकों से आगे बढ़ने में मदद मिले।",बाली में एजेंडे पर अन्य विषयों में दुनिया केremaining जंगलों को बचाना और विकासशील देशों को कम-प्रदूषण वाले तरीकों से बढ़ने में मदद करने के लिए तकनीकों को साझा करना शामिल है।,0.8758494853973389,0.8690504431724548,0.8724367022514343,0.9365496635437012,0.9466278553009033,0.9415618181228638
128,संयुक्त राष्ट्र ग्लोबल वार्मिंग से प्रभावित देशों को इसके प्रभावों से निपटने में मदद करने के लिए एक फंड को अंतिम रूप देने की भी उम्मीद करता है।,साथ ही संयुक्त राष्ट्र संघ वैश्विक तापवृद्धि (ग्लोबल वार्मिंग) से प्रभावित देशों को इसके प्रभावों से निपटने में सहायता करने के लिए एक निधि को एकत्र करने की आशा करता है।,संयुक्त राष्ट्र भी उम्मीद कर रहा है कि वह एक निधि को अंतिम रूप देगा जो वैश्विक गर्मी से प्रभावित देशों की मदद करेगी ताकि वे इसके प्रभावों का सामना कर सकें।,0.8813251852989197,0.8512095212936401,0.8660056591033936,0.8087776303291321,0.7689779996871948,0.7883757948875427
129,"यह धन बाढ़ के प्रतिरोधी घरों, बेहतर जल प्रबंधन और फसल के विविधता के लिए खर्च किया जा सकता है।","पैसों का उपयोग बाढ़-रोधी घरों, बेहतर जल प्रबंधन और फसल विविधीकरण के लिए किया जा सकता है।","यह पैसा बाढ़-प्रतिरोधी घरों, बेहतर जल प्रबंधन और फसल विविधीकरण के लिए उपयोग किया जा सकता है।",0.885748028755188,0.8856706619262695,0.8857093453407288,0.9232254028320312,0.9245457649230957,0.9238851070404053
130,फ्लेक ने लिखा कि महिलाओं को महिलाओं के स्वास्थ्य के बारे में बात करने से रोकने के लिए कुछ लोगों के प्रयास असफल रहे।,फ्लूक ने लिखा है कि कुछ लोगों ने महिलाओं द्वारा महिलाओं के स्वास्थ्य के बारे में बुलवाने का प्रयास किया जिसमें वे असफल रहे।,फ्लूक ने लिखा कि कुछ लोगों द्वारा महिलाओं को महिलाओं के स्वास्थ्य के बारे में बोलने से रोकने के प्रयास असफल रहे।,0.9154583215713501,0.9082748889923096,0.9118524789810181,0.9612889289855957,0.9609498381614685,0.9611193537712097
131,"वह इस निष्कर्ष पर महिला और पुरुष दोनों व्यक्तियों द्वारा भेजे गए सकारात्मक टिप्पणियों और प्रोत्साहन की बहुतायत के कारण आई थी, जो यह आग्रह करती थी कि गर्भनिरोधक दवा को चिकित्सा आवश्यकता माना जाए।","महिला और पुरुष, दोनों की ओर से बड़ी संख्या में मिले सकारात्मक कमेंट और प्रोत्साहन की वजह से वे इस नतीजे पर पहुँची कि गर्भनिरोधक दवाओं को ज़रूरी दवाओं के तौर पर स्वीकार किया जाना चाहिए.","उसने इस निष्कर्ष पर पहुँचने का कारण कई सकारात्मक टिप्पणियाँ और प्रोत्साहन को माना, जो उसे दोनों महिलाओं और पुरुषों द्वारा भेजे गए थे, जो यह कह रहे थे कि गर्भनिरोधक चिकित्सा को एक चिकित्सा आवश्यकता माना जाना चाहिए।",0.7986516356468201,0.806867778301239,0.8027386665344238,0.8862055540084839,0.8847857713699341,0.885495126247406
132,"जब घायलों को अस्पताल ले जाने के बाद लड़ाई बंद हो गई, तो शेष लगभग 40 कैदी आंगन में ही रहे और अपनी कोशिकाओं में वापस जाने से इनकार कर दिया।","जब घायलों को लड़ाई बंद होने के बाद अस्पताल ले जाया गया, तो लगभग 40 अन्य बचे हुए कैदी यार्ड में रुके और अपनी कोठरियों में लौटने से इनकार कर दिया.","जब लड़ाई बंद हुई और घायलों को अस्पताल ले जाया गया, तब लगभग 40 अन्य कैदी यार्ड में रहे और अपनी कोशिकाओं में लौटने से इनकार कर दिया।",0.8861940503120422,0.8770685195922852,0.881607711315155,0.8994246125221252,0.913632869720459,0.9064731001853943
133,"वार्ताकारों ने स्थिति को ठीक करने की कोशिश की, लेकिन कैदियों की मांगें स्पष्ट नहीं हैं।","बातचीत करने वालों ने स्थिति को सुधारने की कोशिश की, लेकिन कैदियों की माँग स्पष्ट नहीं है.","बातचीत करने वालों ने स्थिति को सुधारने की कोशिश की, लेकिन कैदियों की मांगें स्पष्ट नहीं हैं।",0.8904139399528503,0.8839932084083557,0.8871919512748718,0.914594292640686,0.9065954089164734,0.9105773568153381
134,"रात 10 बजे से 11 बजे के बीच, अदालत में कैदियों द्वारा आग लग गई।","10: 00-11: 00 बजे एमडीटी के बीच, यार्ड में कैदियों द्वारा आग लगा दी गई थी.","रात 10:00-11:00 बजे MDT के बीच, inmates द्वारा यार्ड में आग लगाई गई।",0.8651735186576843,0.852977454662323,0.8590322136878967,0.8530189990997314,0.8615227937698364,0.8572497963905334
135,"जल्द ही, दंगा निवारक उपकरण से लैस अधिकारियों ने आंगन में प्रवेश किया और कैदियों को आंसू गैस से घेर लिया।","जल्द ही, दंगा संबंधी उपकरणों से लैस अधिकारियों ने अहाते में प्रवेश किया और कैदियों को आंसू गैस की मदद से काबू में कर लिया।","जल्द ही, दंगा gear से लैस अधिकारी यार्ड में घुसे और आतंकित कैदियों को आंसू गैस सेcorner कर दिया।",0.9278618097305298,0.902729332447052,0.9151230454444885,0.8568925857543945,0.8559756278991699,0.8564338088035583
136,अग्निशमन बचाव दल ने आखिरकार रात 11 बजे तक आग को बुझाते हुए आग को बुझाते हुए आग को बुझाते हुए आग को बुझाते हुए आग को बुझाते हुए आग को बुझाते हुए आग को बुझाते हुए आग को बुझाते हुए आग को बुझाते हुए आग को बुझाते हुए आग को बुझाते हुए आग को बुझाते हुए आग को बुझाते हुए आग को बुझाते हुए आग को बुझाते हुए आग को बुझाते हुए आग को बुझाते हुए आग को बुझाते हुए आग को बुझाते हुए आग को बुझाते हुए आग को बुझाते हुए आग को बुझाते हुए आग को बुझाते हुए आग को बुझाते हुए आग को बुझाते हुए आग को बुझाते हुए आग को बुझाते हुए आग को बुझाते हुए आग को आग लगाते हुए आग को आग लगा दिया।,11:35 बजे अग्नि बचाव दल ने अंततः आग बुझा दी थी.,आग बचाव दल आखिरकार रात 11:35 बजे आग बुझाने में सफल हो गए।,0.5767989754676819,0.7811927199363708,0.6636139750480652,0.6003237962722778,0.7781264185905457,0.677757978439331
137,"1963 में बांध के निर्माण के बाद, नदी में जमाव फैलने वाली मौसमी बाढ़ को रोक दिया गया।","1963 में बाँध बनने के बाद, मौसमी बाढ़ जो पूरे नदी में तलछट फैला देगी वह रुक गई थी.","1963 में बांध बनाने के बाद, मौसमी बाढ़ें जो नदी में तलछट फैलाने का काम करती थीं, रुक गईं।",0.8537341356277466,0.83058762550354,0.8420018553733826,0.8562105894088745,0.8279606103897095,0.841848611831665
138,"इस खाई को रेतबार और समुद्र तट बनाने के लिए आवश्यक था, जो वन्यजीवों के निवास स्थान के रूप में कार्य करते थे।",वाइल्डलाइफ़ हैबिटेंट्स के रूप में काम करने वाली रेती और तटों को बनाने के लिए गाद ज़रूरी थी.,"यह तलछट रेत के कुंडों और समुद्र तटों के निर्माण के लिए आवश्यक था, जो वन्यजीव निवास स्थान के रूप में काम करते थे।",0.771217942237854,0.7432856559753418,0.7569941878318787,0.9073324203491211,0.8904016613960266,0.8987873196601868
139,"नतीजतन, दो मछलियों की प्रजातियां विलुप्त हो गई हैं, और दो अन्य प्रजातियां विलुप्त होने के खतरे में हैं, जिसमें हुम्बेक चब भी शामिल है।","जिस कारण, दो मछली की प्रजातियाँ विलुप्त हो गई हैं और अन्य दो लुप्तप्राय हो गई हैं, जिसमें हंपबैक चूब भी शामिल है.","इसके परिणामस्वरूप, दो मछली प्रजातियाँ समाप्त हो गई हैं, और दो अन्य संकटग्रस्त हो गई हैं, जिनमें हंपबैक चब भी शामिल है।",0.8579361438751221,0.8779560923576355,0.8678306341171265,0.8578478693962097,0.8788045048713684,0.8681997060775757
140,"हालांकि बाढ़ के बाद पानी का स्तर कुछ फीट ही बढ़ेगा, लेकिन अधिकारियों को उम्मीद है कि यह नदी के नीचे खस्ने वाली रेतबारों को बहाल करने के लिए पर्याप्त होगा।","हालाँकि, बाढ़ के बाद पानी का स्तर सिर्फ़ कुछ ही फ़ीट बढ़ेगा, लेकिन अधिकारी उम्मीद कर रहे हैं कि यह निचले स्तर के सैंडबार्स को फिर से बहाल करने के लिए काफ़ी होगा.","हालांकि बाढ़ के बाद जल स्तर केवल कुछ फीट ही बढ़ेगा, अधिकारी उम्मीद कर रहे हैं कि यह नीचे की ओर कटे हुए बालू किनारों को फिर से स्थापित करने के लिए पर्याप्त होगा।",0.8846955895423889,0.8513575196266174,0.8677064776420593,0.8934329748153687,0.8895372152328491,0.8914808034896851
141,"सुनामी चेतावनी जारी नहीं की गई है, और जकार्ता भूभौतिकी एजेंसी के अनुसार, सुनामी चेतावनी जारी नहीं की जाएगी क्योंकि भूकंप 6.5 तीव्रता की आवश्यकता को पूरा नहीं किया गया था।","कोई सुनामी की चेतावनी जारी नहीं की गई है, और जकार्ता भूभौतिकी एजेंसी के अनुसार, कोई सुनामी की चेतावनी जारी भी नहीं की जाएगी क्योंकि भूकंप 6.5 की आवश्यकता को पूरा नहीं करता था।","कोई सुनामी चेतावनी जारी नहीं की गई है, और जकार्ता भूभौतिकी एजेंसी के अनुसार, कोई सुनामी चेतावनी जारी नहीं की जाएगी क्योंकि भूकंप ने 6.5 के मानक को पूरा नहीं किया।",0.9444229602813721,0.9479801654815674,0.9461982250213623,0.9278737902641296,0.9384020566940308,0.9331082105636597
142,"सुनामी की कोई धमकी नहीं थी, लेकिन निवासियों ने घबराहट महसूस की और अपने व्यवसायों और घरों को छोड़ना शुरू कर दिया।",सुनामी का कोई खतरा नहीं होने के बावजूद भी निवासियों को जान जाने का डर था. इस वजह से उन्होंने अपने कारोबार और घरों को छोड़ना शुरू कर दिया.,"हालांकि सुनामी का कोई खतरा नहीं था, निवासियों ने घबराना शुरू कर दिया और अपने व्यवसायों और घरों को छोड़ने लगे।",0.8246164321899414,0.7966190576553345,0.810375988483429,0.8832204341888428,0.9062391519546509,0.8945817947387695
143,"यद्यपि विन्फ्रे ने अपने विदाई में आंसू बहाए थे, लेकिन उन्होंने अपने प्रशंसकों को स्पष्ट कर दिया कि वह वापस आएगी।",हालाँकि विदाई के समय विन्फ़्रे की आँखों में आँसू थे उन्होंने अपने प्रशंसकों को स्पष्ट किया कि वे वापस आएँगी.,"हालांकि विंफ्री अपने अलविदा में आंसूभरी थीं, उन्होंने अपने प्रशंसकों को स्पष्ट रूप से बता दिया कि वह वापस आएँगी।",0.8756633996963501,0.8728104829788208,0.8742346167564392,0.8754532337188721,0.8859836459159851,0.8806869387626648
144,"""यह अलविदा नहीं होगा, यह एक अध्याय का समापन और एक नया अध्याय खोलने का है।""",“यह खत्म होने नहीं जा रहा है। यह एक अध्याय का समापन और एक नए अध्याय का उद्घाटन है।”,"""यह अलविदा नहीं होगा। यह एक अध्याय का समापन और एक नए अध्याय का प्रारंभ है।""",0.8067840337753296,0.7985348105430603,0.8026382923126221,0.9259463548660278,0.9358745813369751,0.9308840036392212
145,"नामिबिया के राष्ट्रपति और संसदीय चुनावों के अंतिम परिणामों से पता चला है कि मौजूदा राष्ट्रपति, हिफिकपुंये पोहम्बा, बड़े अंतर से फिर से चुने गए हैं।",नाम्बियाई राष्ट्रपति और संसदीय चुनावों के अंतिम नतीजों से यह संकेत मिले हैं कि पदासीन राष्ट्रपति हिफ़िकेपून्ये पोहाम्बा बड़े अंतर से दोबारा चुने गए हैं.,纳米比亚总统和议会选举的最终结果表明，现任总统希菲克普尼·波汉巴以较大优势连任。,0.8922692537307739,0.8793075084686279,0.8857409358024597,0.7423123717308044,0.7691714763641357,0.7555032968521118
146,दक्षिण पश्चिम अफ्रीका के लोगों के संगठन (SWAPO) ने भी संसदीय चुनावों में बहुमत बरकरार रखा।,सत्ताधारी दल साउथ वेस्ट अफ्रीका पीपल आर्गेनाइजेशन (स्वापो) ने संसदीय चुनाव में बहुमत पाया.,"शासन दल, साउथ वेस्ट अफ्रीका पीपुल्स ऑर्गनाइजेशन (SWAPO), ने संसदीय चुनावों में भी बहुमत बनाए रखा।",0.8228859305381775,0.7613733410835266,0.7909354567527771,0.8710625171661377,0.7895606756210327,0.828311562538147
147,इस इलाके में गठबंधन और अफगान सैनिकों ने सुरक्षा के लिए कदम रखा है और सहयोग के लिए अन्य गठबंधन विमान भेजे गए हैं।,संयुक्त सेना और अफगान सैनिक समूह साइट को सुरक्षित करने के लिए इलाके में चले गए और दूसरी संयुक्त सेना विमानों को सहायता के लिए भेजा गया.,सामरिक बल और अफगानी सैनिकों ने क्षेत्र में प्रवेश किया है ताकि स्थल की सुरक्षा की जा सके और अन्य सामरिक विमानों को सहायता के लिए भेजा गया है।,0.815467119216919,0.8221799731254578,0.8188098073005676,0.825742781162262,0.8141365051269531,0.8198985457420349
148,दुर्घटना पहाड़ी इलाके में हुई और माना जाता है कि यह शत्रुतापूर्ण आग का परिणाम था।,पहाड़ी इलाकों में ज़्यादा दुर्घटना हुई. इसकी वजह आपसी दुश्मनी को माना जाता है.,"दुर्घटना पहाड़ी इलाके में ऊँचाई पर हुई, और ऐसा माना जाता है कि यह दुश्मन की गोलीबारी का परिणाम थी।",0.8012539744377136,0.7840356230735779,0.7925513386726379,0.8959503769874573,0.8724182844161987,0.8840277194976807
149,दुर्घटनास्थल की खोज के प्रयासों को खराब मौसम और कठोर इलाके से मुलाकात हो रही है।,खराब मौसम और कठोर इलाकेे में दुर्घटना स्थल की तलाश के प्रयास किए जा रहे हैं।,"जहां विमान दुर्घटना हुई है, वहां खोजने के प्रयासों में खराब मौसम और कठिन इलाके की बाधाएं आ रही हैं।",0.8418691158294678,0.863547146320343,0.8525704145431519,0.8516552448272705,0.8291988372802734,0.8402770161628723
150,"मेडिकल चैरिटी संगठन मंगोला, मेडिसिनस Sans Frontieres और विश्व स्वास्थ्य संगठन का कहना है कि यह देश में दर्ज सबसे खराब प्रकोप है।","मेडिकल चैरिटी मैंगोला, मेडिसिन सेंस फ़्रंटियर और विश्व स्वास्थ्य संगठन का कहना है कि यह देश में दर्ज सबसे ख़राब प्रकोप है.","चिकित्सीय चैरिटी मांगोला, मेडिसिन्स सैंस फ्रंटियर्स और विश्व स्वास्थ्य संगठन का कहना है कि यह देश में दर्ज किए गए सबसे खराब प्रकोप है।",0.9271446466445923,0.9100738167762756,0.9185299277305603,0.9197698831558228,0.8892962336540222,0.9042763710021973
151,"मेडिसिनस बिन फ्रंटियर के प्रवक्ता रिचर्ड वीरमैन ने कहाः ""अंगोला अपने सबसे खराब प्रकोप की ओर बढ़ रहा है और स्थिति बहुत खराब बनी हुई है"", उन्होंने कहा।",मेडिसिनेस सेंस फ्रोंटियर के प्रवक्ता रिचर्ड वीरमन ने कहा: “अंगोला में महामारी फैलने की रफ़्तार अब तक के सबसे बुरे दौर में पहुँच गई है और वहाँ के हालात बहुत खराब हैं.”,"मेडिसिन्स सॉं फ्रंटियर्स के प्रवक्ता रिचार्ड वर्मन ने कहा: ""अंगोला अपने सबसे खराब प्रकोप की ओर बढ़ रहा है और अंगोला में स्थिति बहुत खराब बनी हुई है,"" उन्होंने कहा।",0.8434880971908569,0.7988452315330505,0.8205599188804626,0.9385702013969421,0.9318891763687134,0.9352177381515503
152,"खेल सुबह 10 बजे शुरू हुआ और मौसम अच्छा था और मध्य सुबह की बारिश के अलावा जो जल्दी से साफ हो गई, यह 7 के रग्बी के लिए एक आदर्श दिन था।","खेल सुबह 10:00 बजे बहुत बढ़िया मौसम के साथ शुरू हुआ और सुबह-सुबह की रिमझिम फुहारें, जो जल्दी ही ख़त्म हो गई थीं, के अलावा यह 7वे रग्बी के लिए शानदार दिन था.","यह खेल सुबह 10:00 बजे शानदार मौसम के साथ शुरू हुए और सुबह के मध्य में हल्की बूँदाबाँदी के अलावा, जो जल्दी ही साफ हो गई, यह 7 का रग्बी खेलने के लिए एकदम सही दिन था।",0.8790016174316406,0.8404726982116699,0.8593055009841919,0.8983014225959778,0.8511760234832764,0.8741040229797363
153,टूर्नामेंट के शीर्ष बीज दक्षिण अफ्रीका ने सही नोट पर शुरुआत की जब उन्होंने 5वें स्थान पर रहने वाले झाम्बिया के खिलाफ 26 - 00 की आरामदायक जीत हासिल की।,"टूर्नामेंट के शीर्ष सीड्स दक्षिण अफ़्रीका ने सही नोट पर शुरू किया, जब उनके पास 5वीं वरीयता प्राप्त ज़ांबिया के ख़िलाफ़ 26 - 00 की आसान जीत थी.",टूर्नामेंट के शीर्ष वरीयता प्राप्त दक्षिण अफ्रीका ने 5वें वरीयता प्राप्त ज़ाम्बिया के खिलाफ 26 - 00 की आरामदायक जीत के साथ सही शुरुआत की।,0.8787827491760254,0.8750816583633423,0.8769283294677734,0.876146674156189,0.8880777359008789,0.882071852684021
154,दक्षिण अफ्रीका ने अपनी दक्षिणी बहनों के खिलाफ खेल में निश्चित रूप से जंग लगने के बाद टूर्नामेंट के आगे बढ़ने के साथ-साथ लगातार सुधार किया।,"अपनी सदर्न सिस्टर्स के खिलाफ़ खेल में निर्णायक रूप से कमज़ोर दिखाई दे रही, फिर भी लगातार दक्षिण अफ़्रीका ने टूर्नामेंट के आगे बढ़ने पर सुधार किया है.","दक्षिण अफ्रीका अपने दक्षिणी बहनों के खिलाफ खेल में स्पष्ट रूप से कमजोर नजर आया, लेकिन जैसे-जैसे टूर्नामेंट आगे बढ़ा, उन्होंने धीरे-धीरे सुधार किया।",0.843132734298706,0.8167107701301575,0.8297114968299866,0.860529899597168,0.8290989398956299,0.8445221185684204
155,"उनकी अनुशासित रक्षा, गेंद संभालने के कौशल और उत्कृष्ट टीम का काम उन्हें अलग कर दिया और यह स्पष्ट था कि यह टीम को हराया जाना था।","उनकी अनुशासित रक्षा, गेंदबाजी की कला और टीम के अच्छे काम ने उन्हें बाहर खड़ा कर दिया और अब यह साफ हो गया था की ये टीम टक्कर देगी ।","उनकी अनुशासित रक्षा, गेंद संभालने के कौशल और उत्कृष्ट टीम वर्क ने उन्हें अलग बना दिया और यह स्पष्ट था कि यह टीम हराने के लिए थी।",0.8302609324455261,0.8268097639083862,0.8285317420959473,0.9495549201965332,0.9427018761634827,0.946116030216217
156,एम्स्टर्डम शहर और ऐन फ्रैंक संग्रहालय के अधिकारियों का कहना है कि पेड़ एक कवक से संक्रमित है और यह सार्वजनिक स्वास्थ्य के लिए खतरा है क्योंकि वे तर्क देते हैं कि यह गिरने के लिए तत्काल खतरे में था।,एम्स्टर्डम शहर और ऐनी फ्रैंक संग्रहालय राज्य के अधिकारियों का कहना है कि पेड़ एक कवक से संक्रमित है और एक सार्वजनिक स्वास्थ्य खतरा पैदा करता है क्योंकि उनका तर्क है कि उसके गिरने का पूरा खतरा था।,एम्स्टर्डम शहर और एन फ्रैंक म्यूजियम के अधिकारियों का कहना है कि पेड़ फफूंद से संक्रमित है और यह सार्वजनिक स्वास्थ्य के लिए खतरा है क्योंकि उनका तर्क है कि यह गिरने के खतरे में था।,0.9165841341018677,0.9252645969390869,0.9209039211273193,0.9320774078369141,0.9459075927734375,0.9389415383338928
157,"इसे मंगलवार को काटने का कार्यक्रम था, लेकिन आपातकालीन अदालत के फैसले के बाद बचाया गया।","इसे मंगलवार को काटना तय किया गया था, लेकिन एक आपातकालीन अदालत के फ़ैसले के बाद इसे बचा लिया गया था.","यह मंगलवार को काटने के लिए निर्धारित था, लेकिन आपातकालीन अदालत के फैसले के बाद इसे बचा लिया गया।",0.9107921123504639,0.8918361067771912,0.9012144207954407,0.9451073408126831,0.9069893956184387,0.9256560802459717
158,"गुफा के सभी प्रवेश द्वार, जिन्हें ""सात बहनें"" कहा गया था, का व्यास कम से कम 100 से 250 मीटर (328 से 820 फीट) है।","सभी गुफाओं, जिनका नाम “सात बहनें” रखा गया, में घुसने की जगह का डायमीटर कम से कम 100 से 250 मीटर (328 से 820 फ़ीट) है.","सभी गुफा के प्रवेश द्वार, जिन्हें ""सात बहनों"" का नाम दिया गया है, कम से कम 100 से 250 मीटर (328 से 820 फीट) व्यास में हैं।",0.8580112457275391,0.8299487829208374,0.8437467217445374,0.940993070602417,0.9316798448562622,0.936313271522522
159,इन्फ्रारेड तस्वीरों से पता चलता है कि दिन और रात के तापमान में बदलाव से पता चलता है कि ये गुफाएं हैं।,इन्फ़्रारेड चित्र दिखाते हैं कि रात और दिन के बदले तापमान से वे कुछ-कुछ गुफ़ाएँ जैसी हैं.,इन्फ्रारेड छवियाँ दर्शाती हैं कि रात और दिन के तापमान में बदलाव यह इंगित करते हैं कि ये संभवतः गुफाएँ हैं।,0.8201758861541748,0.7999637722969055,0.8099437952041626,0.8704929947853088,0.8574463129043579,0.8639203906059265
160,"""वे दिन में आसपास की सतह से ठंडे और रात में गर्म होते हैं।",“दिन में ये आस-पास की सतहों से ज़्यादा ठंडी और रात में गर्म होती हैं.,वे दिन में आस-पास की सतह से ठंडे होते हैं और रात में गर्म।,0.8781814575195312,0.8520169258117676,0.8649013638496399,0.9160014390945435,0.924017071723938,0.9199917912483215
161,"पृथ्वी पर बड़ी गुफाओं की तरह उनका थर्मल व्यवहार स्थिर नहीं है जो अक्सर काफी स्थिर तापमान बनाए रखते हैं, लेकिन यह पृथ्वी में गहरे छेद होने के साथ संगत है"", संयुक्त राज्य अमेरिका भूगर्भीय सर्वेक्षण (यूएसजीएस) ज्योतिष विज्ञान टीम और उत्तरी एरिज़ोना विश्वविद्यालय के ग्लेन कुशिंग ने कहा, जो फ्लैगस्टाफ, एरिज़ोना में स्थित है।","उनका ऊष्मीय व्यवहार पृथ्वी की बड़ी गुफाओं जैसा स्थिर नहीं है जो अक्सर काफी स्थिर तापमान बनाए रखती हैं, लेकिन यह जमीन के इन गहरे छेद के अनुरूप है,” यूनाइटेड स्टेट्स जियोलॉजिकल सर्वे (यूएसजीएस) की भूगर्भीय टीम और फ्लैगस्टाफ, एरिजोना में स्थित उत्तरी एरिजोना विश्वविद्यालय के ग्लेन कुशिंग ने कहा।","""उनका तापीय व्यवहार पृथ्वी पर बड़े गुफाओं की तरह स्थिर नहीं है, जो अक्सर एक समान तापमान बनाए रखती हैं, लेकिन यह इस तथ्य के अनुरूप है कि ये जमीन में गहरे गड्ढे हैं,"" अमेरिका भूवैज्ञानिक सर्वेक्षण (USGS) एस्ट्रोजियोलॉजी टीम के ग्लेन कशिंग और उत्तरी एरिज़ोना विश्वविद्यालय में फ्लैगस्टाफ, एरिज़ोना से कहा।",0.9012514352798462,0.8776007890701294,0.8892688751220703,0.8187192678451538,0.8205342888832092,0.8196257948875427
162,"फ्रांस में, मतदान पारंपरिक रूप से एक कम तकनीक वाला अनुभव रहा हैः मतदाता खुद को एक बूथ में अलग करते हैं, एक लिफाफे में अपने पसंदीदा उम्मीदवार को इंगित करने वाले एक प्रिंट पेपर डालते हैं।","फ्रांस में, मतदान परंपरागत रूप से एक कम तकनीक वाला अनुभव रहा है: मतदाता खुद को बूथ में अलग-थलग कर लेते हैं, एक कागज की एक पूर्व-मुद्रित शीट डालते हैं जो लिफाफे में उनकी पसंद के उम्मीदवार को दर्शाती है।","फ्रांस में, मतदान पारंपरिक रूप से एक निम्न-तकनीकी अनुभव रहा है: मतदाता एक बूथ में अलगाव में रहते हैं, और अपने पसंदीदा उम्मीदवार को दर्शाने वाला पूर्व-छापी कागज का एक पन्ना एक लिफाफे में डालते हैं।",0.9032243490219116,0.8769128322601318,0.8898741602897644,0.8949004411697388,0.886488676071167,0.8906747102737427
163,"अधिकारियों ने मतदाता की पहचान सत्यापित करने के बाद, मतदाता मतपत्र को मतपत्र बॉक्स में छोड़ देता है और मतदान रोल पर हस्ताक्षर करता है।","जब अधिकारी मतदाता की पहचान की पुष्टि कर लेते हैं, तब मतदाता लिफ़ाफ़े को बैलट बॉक्स में डालता है और वोटिंग रोल पर हस्ताक्षर कर देता है.","एक बार अधिकारियों द्वारा मतदाता की पहचान की पुष्टि करने के बाद, मतदाता लिफाफे को मतपत्र बॉक्स में डालता है और मतदान रजिस्टर पर हस्ताक्षर करता है।",0.8669886589050293,0.8334327936172485,0.8498796820640564,0.9295644164085388,0.8967477083206177,0.9128612875938416
164,फ्रांस के चुनाव कानून में प्रक्रियाओं को काफी सख्ती से संकलित किया गया है।,"फ़्रांस का चुनावी कानून, कार्यवाही को सख्ती से सांकेतिक शब्दों में बदलता है.",फ्रांसीसी चुनावी कानून काफी सख्ती से प्रक्रिया को संहिता में रखा गया है।,0.8457282185554504,0.8098819851875305,0.8274170160293579,0.8824422359466553,0.8628155589103699,0.8725185394287109
165,"1988 से, मतपत्रों को पारदर्शी होना चाहिए ताकि मतदाता और पर्यवेक्षक यह देख सकें कि मतदान की शुरुआत में कोई लिफाफा मौजूद नहीं है और मतदाताओं की संख्या और अधिकृत मतदाताओं के अलावा कोई लिफाफा नहीं जोड़ा जाता है।","1988 के बाद से, मतपेटियांपारदर्शी होनी चाहिए थीं ताकि मतदाता और पर्यवेक्षक यह देख सकें कि मत के शुरू होने से पहले मतपेटी में कोई लिफ़ाफ़ा तो मौजूद नहीं है और वैध मतों के अलवा कोई अन्य मत तो नहीं दिया गया है.","1988 से, मतपत्र बक्से पारदर्शी होने चाहिए ताकि मतदाता और पर्यवेक्षक यह देख सकें कि वोट शुरू होने पर कोई लिफाफे नहीं हैं और केवल वही लिफाफे जो विधिवत गिने गए और अधिकृत मतदाताओं के हैं, ही जोड़े जाते हैं।",0.8603059649467468,0.8374569416046143,0.8487276434898376,0.893157958984375,0.8733500838279724,0.88314288854599
166,"उम्मीदवारों को प्रत्येक प्रक्रिया के प्रत्येक भाग के लिए प्रतिनिधि भेजने की अनुमति है। शाम को, विशेष प्रक्रियाओं के बाद, स्वयंसेवकों द्वारा भारी पर्यवेक्षण के तहत वोटों की गिनती की जाती है।","उम्मीदवार प्रक्रिया के हर हिस्से को देखने के लिए प्रतिनिधि भेज सकते हैं. शाम को, स्वयंसेवकों द्वारा विशिष्ट प्रक्रियाओं का पालन करते हुए कड़ी निगरानी में मतों की गिनती की जाती है.","उम्मीदवार हर प्रक्रिया के हिस्से को देखने के लिए प्रतिनिधियों को भेज सकते हैं। शाम को, वोटों की गिनती स्वयंसेवकों द्वारा कड़ी निगरानी में की जाती है, विशिष्ट प्रक्रियाओं का पालन करते हुए।",0.8565458059310913,0.8595972061157227,0.8580687642097473,0.8495692610740662,0.852794885635376,0.8511790037155151
167,"ASUS Eee PC, पहले लागत बचत और कार्यक्षमता कारकों के लिए दुनिया भर में लॉन्च किया गया था, 2007 ताइपेई आईटी माह में एक गर्म विषय बन गया।","बचत और सुविधा को ध्यान में रखते हुए, ASUS Eee PC को दुनियाभर में पेश किया गया, यह बात 2007 ताइपे आईटी महीने में चर्चा में रही.","ASUS Eee PC, जिसे पहले लागत बचत और कार्यक्षमता के कारण विश्व स्तर पर लॉन्च किया गया था, 2007 के ताइपे आईटी महीने में एक गर्म विषय बन गया।",0.8093690872192383,0.8113294839859009,0.8103481531143188,0.9292566776275635,0.9320467114448547,0.9306496381759644
168,लेकिन लैपटॉप कंप्यूटर पर उपभोक्ता बाजार में चीन गणराज्य के कार्यकारी युआन द्वारा 2007 में ताइवान सतत पुरस्कार से ASUS को सम्मानित करने के बाद काफी बदलाव और परिवर्तन होगा।,लेकिन लैपटॉप कंप्यूटर पर उपभोक्ता बाज़ार मौलिक रूप से विविधतापूर्ण होगा और चीनी गणराज्य के कार्यकारी युआन द्वारा 2007 में ASUS को ताइवान सस्टैनबल अवॉर्ड से सम्मानित किए जाने के बाद बदल जाएगा.,लेकिन लैपटॉप कंप्यूटर पर उपभोक्ता बाजार में समानांतर रूप से भिन्नता और परिवर्तन होगा जब एएसयूएस को 2007 में ताइवान सतत पुरस्कार से गणराज्य चीन के कार्यकारी युआन द्वारा सम्मानित किया गया था।,0.9118582010269165,0.8646752238273621,0.8876401782035828,0.9087454080581665,0.8741527795791626,0.8911135196685791
169,"इस स्टेशन की वेबसाइट पर शो को ""पुराने स्कूल के रेडियो थिएटर के साथ एक नया और अपमानजनक गीक स्पिन"" के रूप में वर्णित किया गया है!",स्टेशन की वेबसाइट ने शो को “नए और ख़राब तरीके से अव्यवस्थित घुमाव के साथ पुराने समय के रेडियो थिएटर” के रूप में बताया है.,"यहाँ के स्टेशन की वेबसाइट शो का वर्णन करती है ""पुराने जमाने के रेडियो थिएटर के साथ एक नए और outrageous गीकी स्पिन के साथ!""",0.8172390460968018,0.8062475919723511,0.8117061257362366,0.8406747579574585,0.8647819757461548,0.8525579571723938
170,"अपने शुरुआती दिनों में, शो को केवल लंबे समय से चल रहे इंटरनेट रेडियो साइट टोजीनेट रेडियो पर दिखाया गया था, एक साइट जो टॉक रेडियो पर केंद्रित थी।","इसके शुरुआती दिनों में, इस शो को केवल लंबे समय तक चलने वाली इंटरनेट रेडियो साइट TogiNet रेडियो, टॉक रेडियो पर केंद्रित एक साइट पर फ़ीचर किया गया था.","इसके प्रारंभिक दिनों में, शो को केवल लंबे समय से चल रहे इंटरनेट रेडियो साइट TogiNet Radio पर प्रदर्शित किया गया, जो बातचीत रेडियो पर केंद्रित एक साइट है।",0.8869317770004272,0.874521017074585,0.8806827068328857,0.8964765667915344,0.8984147906303406,0.8974446654319763
171,"2015 के अंत में, टोजीनेट ने एस्ट्रोनेट रेडियो को सहायक स्टेशन के रूप में स्थापित किया।","2015 के आखिर में, TogiNet ने एक सहयोगी स्टेशन के रूप में AstroNet रेडियो की स्थापना की.","2015 के अंत में, TogiNet ने AstroNet Radio को एक सहायक स्टेशन के रूप में स्थापित किया।",0.8455495238304138,0.8572194576263428,0.8513444662094116,0.8771331906318665,0.917098879814148,0.8966708779335022
172,शो में मूल रूप से पूर्व टेक्सास के स्थानीय शौकिया आवाज अभिनेताओं की विशेषता थी।,शो में मूल रूप से पूर्वी टैक्सास के स्थानीय शौकिया वॉइस एक्टर्स को शामिल किया गया है.,यह शो मूल रूप से ईस्ट टेक्सास के स्थानीय शौकिया वॉयस एक्टर्स को पेश करता था।,0.8680720329284668,0.845192015171051,0.856479287147522,0.8489580154418945,0.8192475438117981,0.8338382244110107
173,"बताया जा रहा है कि रात भर व्यापक रूप से लूटपाट जारी रहा, क्योंकि बिश्केक की सड़कों पर कानून प्रवर्तन अधिकारी मौजूद नहीं थे।","चूँकि बिशकेक की गलियों में कानून लागू करने वाले अधिकारी मौजूद नहीं थे, तो पूरी रात बड़े पैमाने पर लूट जारी रहने की सूचना मिली है.","रिपोर्ट के अनुसार, बिश्केक की सड़कों पर कानून प्रवर्तन अधिकारियों की अनुपस्थिति में व्यापक लूटपाट रातभर जारी रही।",0.7883249521255493,0.7786046266555786,0.7834346294403076,0.8462460041046143,0.850375771522522,0.8483058214187622
174,"एक पर्यवेक्षक ने बिश्केक को ""अराजकता"" की स्थिति में डूबने के रूप में वर्णित किया, क्योंकि लोगों के गिरोहों ने सड़कों पर घूमकर उपभोक्ता वस्तुओं के स्टोर लूट लिए।","एक विश्लेषक के अनुसार बिश्केक अराजकता में जा रहा है, क्योंकि लोगों के झुंड सड़कों पर दुकानें लूट रहे हैं.","बिश्केक को एक पर्यवेक्षक द्वारा ""अराजकता"" की स्थिति में डूबते हुए वर्णित किया गया, क्योंकि लोगों के गिरोह सड़कों पर घूम रहे थे और उपभोक्ता वस्तुओं की दुकानों का लूटपाट कर रहे थे।",0.7805700302124023,0.829755961894989,0.804411768913269,0.9202625155448914,0.9063142538070679,0.9132351279258728
175,बिश्केक के कई निवासियों ने दक्षिण से प्रदर्शनकारियों को कानूनविहीनता के लिए दोषी ठहराया।,कई बिश्केक निवासियों ने दक्षिण के प्रदर्शनकारियों को इस अराजकता के लिए दोषी ठहराया।,बिश्केक के कई निवासियों ने दक्षिण के प्रदर्शनकारियों को कानून व्यवस्था की कमी के लिए जिम्मेदार ठहराया।,0.8988011479377747,0.9102323651313782,0.9044806361198425,0.9296590089797974,0.9231249690055847,0.926380455493927
176,दक्षिण अफ्रीका ने दक्षिण अफ्रीका के रुस्टनबर्ग में रॉयल बैफोकेंग स्टेडियम में रग्बी यूनियन ट्राई नेशंस मैच में ऑल ब्लैक (न्यूजीलैंड) को हराया है।,साउथ अफ्रीका के रस्टेनबर्ग स्थित रॉयल बेफोकेंग स्टेडियम में एक रग्बी यूनियन ट्राई नेशन्स मैच में साउथ अफ्रीका ने ऑल ब्लैक्स (न्यूज़ीलैंड) को हराया है.,दक्षिण अफ्रीका ने दक्षिण अफ्रीका के रस्टेनबर्ग में रॉयल बाफोकेंग स्टेडियम में एक रग्बी यूनियन ट्राई नेशंस मैच में ऑल ब्लैक्स (न्यूजीलैंड) को हरा दिया है।,0.9058912396430969,0.881191611289978,0.8933707475662231,0.9727317690849304,0.9682289361953735,0.9704751968383789
177,"अंतिम स्कोर एक अंक की जीत थी, 21 से 20, ऑल ब्लैकस की 15 मैचों की जीत की श्रृंखला समाप्त हुई।","अंतिम स्कोर एक अंक की जीत थी, 21 और 20, ऑल ब्लैक्स का 15 गेम लगातार जीतने का सिलसिला समाप्त हुआ ।","अंतिम स्कोर एक अंक की जीत थी, 21 से 20, जिसने ऑल ब्लैक्स की 15 खेलों की जीत की लकीर को समाप्त किया।",0.9091410040855408,0.8851124048233032,0.8969658017158508,0.9083030223846436,0.8929502367973328,0.9005611538887024
178,"स्प्रिंगबॉक्स के लिए, यह पांच मैचों की हार की श्रृंखला को समाप्त कर दिया।","स्प्रिंगबोक्स के लिए, इसने पांच-मैचों की हार का सिलसिला समाप्त कर दिया.","स्प्रिंगबॉक्स के लिए, यह पांच मैचों की हार की लकीर का अंत था।",0.9143482446670532,0.9008306264877319,0.9075390696525574,0.8957703113555908,0.9168375730514526,0.9061815142631531
179,"यह ऑल ब्लैकस के लिए अंतिम मैच था, जिन्होंने दो सप्ताह पहले ही ट्रॉफी जीती थी।",अभी दो हफ़्ते पहले ही इस ट्रॉफ़ी को अपने नाम कर चुकी 'ऑल ब्लैक्स' टीम का यह फ़ाइनल मैच था.,"यह अंतिम मैच था ऑल ब्लैक्स के लिए, जिन्होंने दो सप्ताह पहले ही ट्रॉफी जीत ली थी।",0.7856320738792419,0.7430751323699951,0.7637612223625183,0.9395121335983276,0.9344372749328613,0.9369677901268005
180,"श्रृंखला का अंतिम मैच अगले सप्ताह जोहान्सबर्ग के एलिस पार्क में होगा, जब स्प्रिंगबॉक्स ऑस्ट्रेलिया से खेलेंगे।","इस सीरीज़ का फ़ाइनल मैच स्प्रिंगबोक्स और ऑस्ट्रेलिया के बीच, अगले हफ़्ते जोहान्सबर्ग के एलिस पार्क में खेला जाएगा.","सीरीज़ का फाइनल मैच अगले हफ्ते जोहान्सबर्ग के एलिस पार्क में होगा, जब स्प्रिंगबॉक्स ऑस्ट्रेलिया खेलेंगे।",0.8594116568565369,0.8271318674087524,0.842962920665741,0.9417633414268494,0.9271749258041382,0.9344122409820557
181,सोमवार को शाम 10:08 बजे पश्चिमी मोंटाना में एक मध्यम भूकंप आया।,"सोमवार, 10:08 बजे एक मामूली भूकंप ने पश्चिमी मोंटाना को हिला दिया।",एक मामूली भूकंप सोमवार को रात 10:08 बजे पश्चिमी मोंटाना को हिलाए।,0.8969573378562927,0.878324031829834,0.8875429034233093,0.8982702493667603,0.8789808750152588,0.8885208368301392
182,संयुक्त राज्य अमेरिका भूगर्भीय सर्वेक्षण (यूएसजीएस) और उसके राष्ट्रीय भूकंप सूचना केंद्र को नुकसान की कोई तत्काल रिपोर्ट नहीं मिली है।,यूनाइटेड स्टेट्स जियोलॉजिकल सर्वे (यूएसजीएस) और इसके नेशनल अर्थक्वेक इंन्फ़ॉर्मेशन सेंटर द्वारा नुकसान की कोई तत्काल रिपोर्ट नहीं मिली है.,संयुक्त राज्य भूवैज्ञानिक सर्वेक्षण (USGS) और इसके राष्ट्रीय भूकंप सूचना केंद्र को नुकसान की कोई तत्काल रिपोर्ट प्राप्त नहीं हुई है।,0.8575384616851807,0.7982828617095947,0.826850414276123,0.8989548683166504,0.9476580619812012,0.922664225101471
183,भूकंप का केंद्र डिलन के उत्तर-पूर्व में लगभग 20 किलोमीटर (15 मील) और बुटे के दक्षिण में लगभग 65 किलोमीटर (40 मील) दूर था।,भूकंप डिलन के उत्तर-उत्तर पूर्व में लगभग 20 किमी (15 मील) और ब्यूट के दक्षिण में लगभग 65 किमी (40 मील) की दूरी पर केंद्रित था.,भूकंप का केंद्र डिलन के उत्तर-उत्तरी पूर्व में लगभग 20 किमी (15 मील) और बुटे के दक्षिण में लगभग 65 किमी (40 मील) था।,0.9441953897476196,0.9253789186477661,0.9346925020217896,0.9713895320892334,0.9752985239028931,0.9733400940895081
184,मानव के लिए घातक पक्षी फ्लू की किस्म एच5एन1 ने सोमवार को फ्रांस के पूर्वी ल्यों के पास दलदल में एक मृत जंगली बत्तक को संक्रमित किया है।,"H5N1, मनुष्यों को बर्ड फ्लू के घातक होने की पुष्टि की गई है, जो सोमवार को फ्रांस के पूर्व में ल्योन के पास दलदली भूमि में पाया गया है।","मानवों के लिए घातक पक्षी ग्रिप के स्ट्रेन, H5N1, की पुष्टि की गई है कि यह एक मृत जंगली बत्तख को संक्रमित किया है, जो सोमवार को फ्रांस के पूर्व में लियोन के पास marshland में पाया गया।",0.7703361511230469,0.7803969383239746,0.7753339409828186,0.8649466633796692,0.8288277983665466,0.8465021252632141
185,"फ्रांस यूरोपीय संघ में इस वायरस से पीड़ित सातवां देश है, यह ऑस्ट्रिया, जर्मनी, स्लोवेनिया, बुल्गारिया, ग्रीस और इटली के बाद है।","ऑस्ट्रेलिया, जर्मनी, स्लोवेनिया, बुल्गारिया, ग्रीस और इटली के बाद फ़्रांस यूरोपियन संघ का सातवाँ देश है, जो इस वायरस की मार झेल रहा है.","फ्रांस यूरोपीय संघ का सातवां देश है जो इस वायरस का शिकार हुआ है; ऑस्ट्रिया, जर्मनी, स्लोवेनिया, बुल्गारिया, ग्रीस और इटली के बाद।",0.8814963102340698,0.8628489375114441,0.8720729947090149,0.9312974810600281,0.9264386296272278,0.9288617372512817
186,क्रोएशिया और डेनमार्क में एच5एन1 के संदिग्ध मामले अभी भी पुष्टि नहीं हुए हैं।,क्रोएशिया और डेनमार्क में H5N1 के संदिग्ध मामले अपुष्ट बने हुए हैं.,क्रोएशिया और डेनमार्क में एच5एन1 के संदिग्ध मामले अभी भी असत्यापित हैं।,0.886521577835083,0.917456328868866,0.9017236828804016,0.9419562816619873,0.9471733570098877,0.9445576071739197
187,"चैंबर्स ने ""पृथ्वी के लाखों लोगों की व्यापक मौत, विनाश और आतंक के लिए"" परमेश्वर को मुकदमा दायर किया था।","चैंबर्स ने “व्यापक मौत, विनाश और पृथ्वी के लाखों निवासी पर आतंक के लिए भगवान पर मुकदमा चलाया था।”","चेम्बर्स ने ""पृथ्वी के निवासियों के लाखों-लाखों की व्यापक मृत्यु, विनाश और आतंक"" के लिए भगवान के खिलाफ मुकदमा दायर किया था।",0.8588902950286865,0.8583219647407532,0.8586061000823975,0.9106183648109436,0.8903812170028687,0.9003860950469971
188,"चैंबरस, एक अग्नोस्टिक, का तर्क है कि उनका मुकदमा ""फ्रीवोल"" है और ""किसी भी किसी को भी मुकदमा कर सकता है।""",एक संशयवादी चेंबर्स की दलील थी कि उसका मुकदमा “तुच्छ” है और “कोई भी किसी पर भी मुकदमा ठोंक सकता है”.,"चेंबर्स, जो एक नास्तिक हैं, का तर्क है कि उनकी अदालत की कार्रवाई ""फिजूल"" है और ""कोई भी किसी पर भी मुकदमा कर सकता है।""",0.7769798040390015,0.7779833078384399,0.7774812579154968,0.8896406292915344,0.8718711733818054,0.8806662559509277
189,"कैमिल सेंट-सेंस द्वारा फ्रेंच ओपेरा में प्रस्तुत कहानी एक कलाकार की है ""जिनका जीवन ड्रग्स और जापान के प्रति प्रेम से निर्धारित है।""","केमिली सेंट-सेंस द्वारा, फ्रेंच ऑपेरा में प्रस्तुत कहानी, एक कलाकार की है “जिसका जीवन ड्रग्स के लिए प्यार और जापान से दर्शाया जाता है।”","फ्रेंच ओपेरा में प्रस्तुत कहानी, कैमेल सेंट-सेंस द्वारा, एक कलाकार की है ""जिसका जीवन ड्रग्स और जापान के प्रति प्रेम द्वारा निर्धारित होता है।""",0.8734865784645081,0.880374014377594,0.876916766166687,0.9548628926277161,0.9490570425987244,0.9519511461257935
190,"नतीजतन, कलाकार मंच पर गांजा ज्वाइंट्स धूम्रपान करते हैं, और थिएटर स्वयं दर्शकों को शामिल होने के लिए प्रोत्साहित कर रहा है।","जिसके परिणामस्वरूप, मंच पर कलाकार गांजे भरी सिगरटें पीते हैं और ये थिएटर खुद दर्शकों को भी इसमें साथ शामिल होने के लिए प्रेरित करते हैं.","परिणामस्वरूप, कलाकार मंच पर चरस के जॉइंट्स पीते हैं, और थिएटर स्वयं दर्शकों को इसमें शामिल होने के लिए प्रोत्साहित कर रहा है।",0.8234564065933228,0.8346561193466187,0.8290184736251831,0.9036656022071838,0.921087920665741,0.9122936129570007
191,"हाउस स्पीकर न्यूट गिंग्रिच, टेक्सास के गवर्नर रिक पेरी और कांग्रेस सदस्य मिशेल बाचमैन क्रमशः चौथे, पांचवें और छठे स्थान पर रहे।","पूर्व हाउस स्पीकर न्यूट गिंग्रिच, टेक्सास के गर्वनर रिक पैरी, और कांग्रेसवुमन मिशेल बैचमैन ने क्रमश: चौथा, पाँचवाँ और छठा स्थान हासिल किया.","पूर्व सदन के स्पीकर न्यूट गिंग्रिच, टेक्सास के गवर्नर रिक पेरी, और कांग्रेस सदस्य मिशेल बाकमैन चौथे, पांचवें और छठे स्थान पर रहे।",0.9071888327598572,0.8814969062805176,0.8941583633422852,0.9196290969848633,0.9358428716659546,0.927665114402771
192,"नतीजे आने के बाद, गिंग्रिच ने सैंटोरम की प्रशंसा की, लेकिन रोमनी के लिए कठोर शब्द थे, जिनके नाम पर आयोवा में गिंग्रिच के खिलाफ नकारात्मक अभियान विज्ञापन प्रसारित किए गए थे।","नतीजा आने के बाद गिंगरिच ने सेंटोरम की तारीफ की, लेकिन रोमनी की निंदा की जिनकी ओर से आयोवा में गिंगरिच के खिलाफ दुष्प्रचार किया गया था.","परिणाम आने के बाद, गिंगरिच ने सैंटोरम की प्रशंसा की, लेकिन रोमनी के लिए कठोर शब्द कहे, जिनके पक्ष में गिंगरिच के खिलाफ आयोवा में नकारात्मक अभियान विज्ञापन चलाए गए थे।",0.8089320659637451,0.8524636030197144,0.8301275372505188,0.9300069808959961,0.9354666471481323,0.9327288269996643
193,"पेरी ने कहा कि वह ""आज रात के कॉकस के परिणामों का आकलन करने के लिए टेक्सास लौटेंगे, यह निर्धारित करने के लिए कि क्या इस दौड़ में मेरे लिए आगे का रास्ता है"", लेकिन बाद में कहा कि वह दौड़ में बने रहेंगे और 21 जनवरी को साउथ कैरोलिना प्राथमिक में प्रतिस्पर्धा करेंगे।","पैरी ने कहा था कि वे “यह आकलन करने टैक्सास लौटेंगे कि आज के कॉकस के क्या परिणाम हैं, ताकि वे यह निर्धारित कर सकें कि इस दौड़ में उनके खुद के लिए आगे क्या राह है”, लेकिन बाद में उन्होंने कहा कि वे दौड़ में बने रहेंगे और 21 जनवरी को मुख्य रूप से साउथ कैरोलिना में मुकाबला करेंगे.","पेरी ने कहा कि वह ""टेक्सास लौटेंगे ताकि आज रात की काकस के परिणामों का आकलन कर सकें, यह निर्धारित करें कि मेरे लिए इस दौड़ में आगे बढ़ने का कोई रास्ता है या नहीं"", लेकिन बाद में उन्होंने कहा कि वह दौड़ में बने रहेंगे और 21 जनवरी को दक्षिण कैरोलिना प्राइमरी में प्रतिस्पर्धा करेंगे।",0.863002598285675,0.8508385419845581,0.8568773865699768,0.9001536965370178,0.8828694820404053,0.8914278149604797
194,अगस्त में एम्स स्ट्रा पोल जीतने वाली बैचमैन ने अपने अभियान को समाप्त करने का फैसला किया।,अगस्त में ऐम्स स्ट्रॉ पोल को जीतने वाली बेकमन ने अपना कैंपेन खत्म करने का फ़ैसला लिया.,"बैकमैन, जिन्होंने अगस्त में एम्स स्ट्रॉ पोल जीता, ने अपने अभियान को समाप्त करने का निर्णय लिया।",0.8702535033226013,0.8693552017211914,0.8698041439056396,0.8879925012588501,0.8701379299163818,0.8789744973182678
195,"फोटोग्राफर को रोनाल्ड रीगन यूसीएलए मेडिकल सेंटर ले जाया गया, जहां बाद में उनकी मृत्यु हो गई।","फ़ोटोग्राफ़र को रोनाल्ड रीगन यूसीएलए मेडिकल सेंटर ले जाया गया, जहाँ बाद में उसकी मौत हो गई.","फोटोग्राफर को रोनाल्ड रीगन यूसीएलए मेडिकल सेंटर में ले जाया गया, जहाँ उसने बाद में दम तोड़ दिया।",0.9702160358428955,0.9519318342208862,0.9609869718551636,0.9485304355621338,0.9325162768363953,0.9404551386833191
196,"बीबर ने एक बयान में कहा, ""जबकि मैं इस दुखद दुर्घटना में मौजूद नहीं था और न ही सीधे तौर पर शामिल था, लेकिन मेरे विचार और प्रार्थना पीड़ित के परिवार के साथ हैं।""","कहा जाता है कि वह 20 साल की उम्र में ही जीर्ण हो गया था। एक बयान में बीबर ने कहा, “हांलांकि मैं मौजूद नहीं था और न ही सीधे इस दुखद दुर्घटना से जुड़ा हुआ था, मेरी संवेदनाएं और प्रार्थनाएं पीड़ित के परिवार के साथ हैं।”","वह reportedly अपनी 20 के दशक में थे। एक बयान में, बीबर ने कहा ""[w]हालांकि मैं इस दुखद दुर्घटना में मौजूद नहीं था और न ही सीधे तौर पर शामिल था, मेरी सोच और प्रार्थनाएँ पीड़ित के परिवार के साथ हैं।""",0.8554867506027222,0.7825357913970947,0.8173867464065552,0.9348635673522949,0.8797431588172913,0.9064662456512451
197,"मनोरंजन समाचार वेबसाइट टीएमजेड को पता चला है कि फोटोग्राफर ने सेपुल्वेडा बुलेवार्ड के दूसरी तरफ अपना वाहन रोक दिया और सड़क पार करने से पहले पुलिस स्टॉप की तस्वीरें लेने की कोशिश की और आगे बढ़ गया, जिससे कैलिफोर्निया हाईवे गश्ती पुलिस अधिकारी ने ट्रैफिक स्टॉप चलाया और उसे दो बार पार करने का आदेश दिया।",एंटरटेनमेंट न्यूज़ वेबसाइट TMZ का मानना है कि फ़ोटोग्राफर ने अपना वाहन सेपुलवेडा बुलेवार्ड की दूसरी तरफ रोका था और सड़क पार करने और जारी रखने से पहले पुलिस स्टॉप की फ़ोटो लेने की कोशिश की. कैलिफोर्निया हाईवे पेट्रोल पुलिस अधिकारी ने ट्रैफिक स्टॉप का संचालन करते हुए उसे रोकने के लिए दो बार आदेश दिया.,"मनोरंजन समाचार वेबसाइट TMZ को समझ में आता है कि फोटोग्राफर ने सेपुलवेडा बोलवर्ड के दूसरी ओर अपनी गाड़ी रोकी और पुलिस के रुके हुए वाहन की तस्वीरें लेने का प्रयास किया, फिर उसने सड़क पार की और आगे बढ़ा, जिससे ट्रैफिक स्टॉप करने वाले कैलिफोर्निया हाईवे पेट्रोल के पुलिस अधिकारी ने उसे दो बार वापस आने का आदेश दिया।",0.8362457752227783,0.8355531692504883,0.835899293422699,0.8450960516929626,0.8397365808486938,0.8424078226089478
198,"पुलिस के अनुसार, फोटोग्राफर को मारने वाले वाहन के चालक पर आपराधिक आरोप लगने की संभावना नहीं है।","पुलिस के मुताबिक, फ़ोटोग्राफर को टक्कर मारने वाले वाहन चालक पर आपराधिक आरोप लगने की संभावना बहुत कम है.","पुलिस के अनुसार, उस वाहन के चालक के खिलाफ जो फ़ोटोग्राफ़र को टक्कर मारने के लिए ज़िम्मेदार है, आपराधिक आरोप लगाने की संभावना कम है।",0.9443142414093018,0.9021629095077515,0.9227574467658997,0.9232320189476013,0.8488490581512451,0.8844794034957886
199,"एक दिन में केवल 18 पदक उपलब्ध होने के साथ, कई देश पदक पदक पदक पदक पर नहीं पहुंच पाए हैं।","एक दिन में केवल अठारह मैडल उपलब्ध होने के कारण, कई देश मैडल पोडियम पर चढ़ने में विफल रहे.","केवल अठारह पदक प्रतिदिन उपलब्ध होने के कारण, कई देशों ने पदक की पायदान पर पहुँचने में विफल रहे हैं।",0.7823264598846436,0.7745165824890137,0.7784019708633423,0.8035575151443481,0.7936305403709412,0.7985632419586182
200,"इनमें नीदरलैंड शामिल है, जिसमें अन्ना जोचेमसेन ने कल सुपर-जी में महिला स्टैंडिंग वर्ग में नौवां स्थान हासिल किया था, और कैटजा सैरिनिन के साथ फिनलैंड ने उसी स्पर्धा में दसवां स्थान हासिल किया था।","वे नीदरलैंड में शामिल हैं, जो अन्ना जोचेमसेन के साथ कल सुपर-जी में महिलाओं के स्टैंडिंग क्लास में नौवें स्थान पर रहा और फ़िनलैंड उसी प्रतियोगिता में काटजा सरीनन के साथ दसवें स्थान पर रहा.","यहां नीदरलैंड्स शामिल है, जहां अन्ना जोखेमसेन ने कल सुपर-जी में महिलाओं की स्टैंडिंग क्लास में नौवां स्थान प्राप्त किया, और फिनलैंड, जहां कात्या सारिनेन ने उसी इवेंट में दसवां स्थान प्राप्त किया।",0.8682667016983032,0.8825917840003967,0.8753706216812134,0.8617173433303833,0.879961371421814,0.8707437515258789
201,ऑस्ट्रेलिया के मिशेल गोर्ली ने पुरुषों के स्टैंडिंग सुपर-जी में ग्यारहवें स्थान पर रहे। चेक प्रतियोगी ओल्डरिक जेलीनक ने पुरुषों के बैठने वाले सुपर-जी में सोलहवें स्थान पर रहे।,पुरुषों के स्टैंडिंग सुपर-जी में ऑस्ट्रेलिया के मिशेल गौरले ग्यारहवें स्थान पर रहे. चेक प्रतियोगी ओल्डरिच जेलिनेक पुरुषों के सिटिंग सुपर-जी में सोलहवें स्थान पर रहे.,ऑस्ट्रेलिया के मिशेल गोलरी ने पुरुषों की खड़े सुपर-जी में ग्यारहवां स्थान हासिल किया। चेक प्रतियोगी ओल्ड्रिच जेलेनीक ने पुरुषों की बैठने वाली सुपर-जी में सोलहवां स्थान प्राप्त किया।,0.9078725576400757,0.9191860556602478,0.9134942889213562,0.9328064918518066,0.9232936501502991,0.9280257225036621
202,मेक्सिको के अर्ली वेलास्केज़ ने पुरुष सुपर-जी में पंद्रहवें स्थान पर रहे। न्यूजीलैंड के एडम हॉल ने पुरुष सुपर-जी में नौवें स्थान पर रहे।,पुरुषों के सिटिंग सुपर-जी में मैक्सिको के अर्ली वेलास्केज़ पंद्रहवें स्थान पर रहे. पुरुषों के स्टैंडिंग सुपर-जी में न्यूज़ीलैंड के एडम हॉल नौवें स्थान पर रहे.,मेहिकों के अरली वेलास्केज़ ने पुरुषों की बैठने की सुपर-जी में पंद्रहवाँ स्थान हासिल किया। न्यूजीलैंड के एडम हॉल ने पुरुषों की खड़े रहने की सुपर-जी में नौवाँ स्थान प्राप्त किया।,0.9088611006736755,0.8771462440490723,0.8927220106124878,0.9001138210296631,0.8539770841598511,0.8764386773109436
203,पोलैंड के पुरुष दृष्टिविहीन स्कीयर मैसीज क्रेज़ेल और गाइड अन्ना ओगरज़िनस्का ने सुपर-जी में तेरहवें स्थान पर रहे। दक्षिण कोरिया के जोंग सीर्क पार्क ने पुरुषों के बैठते सुपर-जी में चौबीसवें स्थान पर रहे।,"पोलैंड निवासी नेत्रहीन पुरुष, मैकीज क्रेज़ेल और उनकी गाइड ऐना ऑगर्ज़िनस्का ने सुपर-जी मुकाबले में तेरहवाँ स्थान हासिल किया. इसके अलावा, दक्षिण कोरिया के जोंग सिऑर्क पार्क इस मुकाबले में चौबीसवें स्थान पर रहे.",पोलैंड के पुरुष दृष्टिहीन स्कीयर माचेज़ क्रेज़ेल और गाइड अन्ना ओगार्ज़िंस्का ने सुपर-जी में तेरहवां स्थान प्राप्त किया। दक्षिण कोरिया के जोंग सिओर्क पार्क पुरुष बैठने वाले सुपर-जी में चौबीसवें स्थान पर रहे।,0.8599284887313843,0.8437536954879761,0.8517642617225647,0.9348962903022766,0.9336057901382446,0.9342505931854248
204,2010 के भूकंप के बाद हैती पहुंचे संयुक्त राष्ट्र शांति बलों को इस बीमारी के प्रसार के लिए दोषी ठहराया जा रहा है जो सैनिकों के शिविर के पास शुरू हुई थी।,2010 के भूकंप के बाद हैती में पहुँचे संयुक्त राष्ट्र के शांति सैनिकों को उस बीमारी को फैलाने के लिए दोषी ठहराया जा रहा है जो सेना के शिविर के पास शुरू हुई थी.,"2010 के भूकंप के बाद हैती में आए संयुक्त राष्ट्र के शांति सैनिकों पर उस बीमारी के फैलने का आरोप लगाया जा रहा है, जो सैनिकों के शिविर के पास शुरू हुई थी।",0.9212522506713867,0.9255867004394531,0.9234143495559692,0.8940582275390625,0.9039483070373535,0.8989760875701904
205,"मुकदमे के अनुसार, संयुक्त राष्ट्र शिविर से कचरे को ठीक से साफ नहीं किया गया था, जिससे बैक्टीरिया हाईटियों की सबसे बड़ी नदी आर्टिबोनाइट नदी के सहायक में प्रवेश कर गया था।","मुकदमे के अनुसार, संयुक्त राष्ट्र के शिविर से निकलने वाले कचरे को अच्छी तरह से साफ़ नहीं किया गया था, जिस कारण बैक्टीरिया हैती की सबसे बड़ी, आर्टिबोनिट नदी की सहायक नदी में प्रवेश कर गया.","याचिका के अनुसार, यूएन शिविर से निकलने वाला अपशिष्ट ठीक से सैनिटाइज नहीं किया गया, जिससे बैक्टीरिया आर्टिबोनाइट नदी की एक सहायक नदी में प्रवेश कर गए, जो हैती की सबसे बड़ी नदियों में से एक है।",0.9191432595252991,0.9010432362556458,0.9100032448768616,0.8511449098587036,0.816656231880188,0.8335439562797546
206,"सेना के आगमन से पहले, हैती को 1800 के दशक के बाद से बीमारी से संबंधित समस्याओं का सामना नहीं करना पड़ा था।","टुकड़ियों के पहुँचने से पहले, 1800 के दशक से हैती का कभी-भी बीमारियों से जुड़ी समस्याओं से सामना नहीं हुआ था.","सैनिकों के आगमन से पहले, हैती ने 1800 के दशक के बाद से बीमारी से संबंधित समस्याओं का सामना नहीं किया था।",0.8888673186302185,0.8585819005966187,0.8734622001647949,0.9556531310081482,0.9600134491920471,0.9578283429145813
207,हाईटियन इंस्टीट्यूट फॉर जस्टिस एंड डेमोक्रेसी ने स्वतंत्र अध्ययनों का हवाला दिया है जो बताते हैं कि नेपाल की संयुक्त राष्ट्र शांति बटालियन अनजाने में हीती में बीमारी लाया।,हैतियन इंस्टीट्यूट फ़ॉर जस्टिस एंड डेमोक्रेसी ने स्वतंत्र अध्ययनों का हवाला देते हुए सुझाव दिया है कि नेपाली संयुक्त राष्ट्र शांति रक्षा बटालियन अनजाने में हैती में बीमारी लेकर आई है.,हैती संस्थान ने न्याय और लोकतंत्र के लिए स्वतंत्र अध्ययन का उल्लेख किया है जिसमें सुझाव दिया गया है कि नेपाली यूएन शांति सुरक्षा बटालियन ने अनजाने में बीमारी हैती लाई।,0.9217504262924194,0.9168127179145813,0.9192749261856079,0.7755856513977051,0.8046963214874268,0.7898728847503662
208,इस बीमारी पर संयुक्त राष्ट्र के विशेषज्ञ डेनिएल लैंटाने ने कहा कि यह प्रकोप शांति सैनिकों द्वारा होने की संभावना है।,इस बीमारी पर संयुक्त राष्ट्र के विशेषज्ञ डेनिएल लैंटगेन ने कहा कि इसका प्रकोप का कारण शांति रखने वाले हैं |,"डेनियल लैंटेन ने, जो कि इस रोग पर एक UN विशेषज्ञ हैं, कहा कि यह महामारी संभवतः शांति रक्षक के कारण हुई थी।",0.8766076564788818,0.9000739455223083,0.8881857991218567,0.798302412033081,0.7995433211326599,0.7989223599433899
209,हैमिल्टन ने पुष्टि की हॉवर्ड विश्वविद्यालय अस्पताल ने रोगी को स्थिर स्थिति में भर्ती कराया।,हैमिल्टन ने पुष्टि की कि हॉवर्ड यूनिवर्सिटी अस्पताल ने मरीज को स्थिर हालत में भर्ती किया।,हैमिल्टन ने पुष्टि की कि हॉवर्ड यूनिवर्सिटी अस्पताल ने मरीज को स्थिर हालत में भर्ती किया है।,0.9303216934204102,0.8901669383049011,0.9098014831542969,0.9248281121253967,0.881344199180603,0.90256267786026
210,"मरीज नाइजीरिया में था, जहां ईबोला वायरस के कुछ मामले सामने आए हैं।","मरीज नाइजीरिया गया था, जहाँ इबोला वायरस के कुछ मामले सामने आए हैं.","रोगी नाइजीरिया गया था, जहाँ इबोला वायरस के कुछ मामले हुए हैं।",0.9585860371589661,0.9590606689453125,0.9588233232498169,0.9051591753959656,0.920354962348938,0.9126937985420227
211,"अस्पताल ने संक्रमण नियंत्रण के लिए प्रोटोकॉल का पालन किया है, जिसमें अन्य लोगों के संभावित संक्रमण को रोकने के लिए रोगी को दूसरों से अलग करना शामिल है।","अस्पताल ने संक्रमण नियंत्रण के लिए नियमों का पालन किया है, इन नियमों में दूसरों के संभावित संक्रमण को रोकने के लिए रोगी को दूसरों से अलग करना शामिल है।","अस्पताल ने संक्रमण नियंत्रण के लिए प्रोटोकॉल का पालन किया है, जिसमें संभावित अन्य लोगों के संक्रमण को रोकने के लिए मरीज को अन्य लोगों से अलग करना शामिल है।",0.9379950761795044,0.9321107864379883,0.9350436925888062,0.9732275009155273,0.974433183670044,0.973829984664917
212,सिम्पसंस से पहले साइमन ने विभिन्न पदों पर कई शो पर काम किया था।,द सिंपसन के पहले साइमन ने कई शोज़ के कई पोज़िशन्स में काम किया था.,"द सिम्पसंस से पहले, साइमन ने विभिन्न पदों पर कई शो पर काम किया था।",0.8803579211235046,0.8462125062942505,0.8629476428031921,0.9773606657981873,0.9621655941009521,0.9697035551071167
213,"1980 के दशक के दौरान उन्होंने टैक्सी, चीर्स और द ट्रेसी उलमैन शो जैसे शो में काम किया।","1980 के दशक के दौरान उन्होंने टैक्सी, चीयर्स, और द ट्रेसी उल्मैन शो जैसे शो में काम किया था.","1980 के दशक के दौरान, उन्होंने टैक्सी, चीयर्स और द ट्रेसी उल्मन शो जैसे शो पर काम किया।",0.97994464635849,0.9634040594100952,0.9716039896011353,0.9692386984825134,0.9591166377067566,0.9641510844230652
214,"1989 में उन्होंने ब्रूक्स और ग्रोनिंग के साथ द सिम्पसंस बनाने में मदद की, और शो की पहली लेखन टीम को किराए पर लेने के लिए जिम्मेदार थे।",1989 में उसने ब्रुक्स और ग्रोएनिंग के साथ द सिम्पसन को रचने में मदद की और वह शो की पहली राइटिंग टीम को नियुक्त करने के लिए उत्तरदायी था.,"1989 में उन्होंने ब्रूक्स और ग्रोनिंग के साथ द सिम्पसन्स बनाने में मदद की, और शो की पहली लेखन टीम को नियुक्त करने के लिए जिम्मेदार थे।",0.8897402286529541,0.8895645141601562,0.8896523714065552,0.9572410583496094,0.9651011228561401,0.9611550569534302
215,"1993 में शो छोड़ने के बावजूद उन्होंने कार्यकारी निर्माता का खिताब बरकरार रखा, और रॉयल्टी में हर सीज़न लाखों डॉलर प्राप्त करना जारी रखा।",1993 में शो छोड़ने के बाद भी वे एग्जीक्यूटिव प्रोड्यूसर के पद पर बने रहे और हर सीज़न में लाखों-करोड़ों डॉलर की रॉयल्टी लेते रहे.,"1993 में शो छोड़ने के बावजूद, उन्होंने कार्यकारी निर्माता का खिताब बनाए रखा, और हर सीजन में लाखों डॉलर रॉयल्टी के रूप में प्राप्त करते रहे।",0.8099926114082336,0.796445369720459,0.8031618595123291,0.9093048572540283,0.9133788347244263,0.9113373160362244
216,इससे पहले चीनी समाचार एजेंसी सिन्हुआ ने एक विमान के अपहरण की सूचना दी थी।,इससे पहले चीनी समाचार एजेंसी शिन्हुआ ने एक विमान के अपहरण की सूचना दी थी.,पहले चीनी समाचार एजेंसी शिन्हुआ ने बताया कि एक विमान का अपहरण हुआ है।,0.9926369786262512,0.992637038230896,0.9926369786262512,0.9082764983177185,0.9132970571517944,0.9107798933982849
217,बाद में रिपोर्ट्स में कहा गया कि विमान को बम की धमकी मिली और उसे कंधार में उतरते हुए अफगानिस्तान वापस भेजा गया।,फिर बाद की रिपोर्ट्स में कहा गया था कि प्लेन को बम के ख़तरे की जानकारी मिली थी और उसे अफ़गानिस्तान की तरफ़ मोड़कर कांधार में उतारा गया था.,"बाद में आई रिपोर्टों में कहा गया कि विमान को बम की धमकी मिली और इसे अफगानिस्तान की ओर मोड़ दिया गया, जहाँ यह कंधार में उतरा।",0.862235963344574,0.8388252258300781,0.8503695130348206,0.9261258840560913,0.9160351753234863,0.921052873134613
218,शुरुआती रिपोर्टों में कहा गया है कि उरुम्ची में आपातकालीन लैंडिंग से इनकार किए जाने के बाद विमान को वापस अफगानिस्तान भेजा गया था।,शुरुआती रिपोर्ट कहती है कि उरूमकी में आपातकालीन लैंडिंग से इनकार कर देने के बाद विमान को अफ़गानिस्तान वापस ले जाया गया था.,"प्रारंभिक रिपोर्टों के अनुसार, विमान को उद्दिनकी में आपातकालीन लैंडिंग से मना किए जाने के बाद अफगानिस्तान की ओर वापस मोड़ दिया गया।",0.9324883818626404,0.9353817701339722,0.9339328408241272,0.8633384704589844,0.8575986623764038,0.86045902967453
219,"ईरान में हवाई दुर्घटनाएं आम हैं, जिसमें एक बुढ़ापे वाला बेड़ा है जो नागरिक और सैन्य दोनों कार्यों के लिए खराब रूप से बनाए रखा जाता है।","इरान में हवाई दुर्घटनाएँ सामान्य हैं, जिसके पास बरसों पुराने हवाई जहाज़ हैं जिनका सिविल और मिलिट्री ऑपरेशन्स में सही तरीके से मेनटेन नहीं किया गया.","विमानन दुर्घटनाएँ ईरान में सामान्य हैं, जहाँ की उम्रदराज़ विमान fleet है जो नागरिक और सैन्य संचालन के लिए अच्छी तरह से संरक्षित नहीं है।",0.7958149313926697,0.7793276906013489,0.7874850630760193,0.831656277179718,0.826562762260437,0.8291016817092896
220,अंतरराष्ट्रीय प्रतिबंधों के कारण नए विमान नहीं खरीदे जा सकते हैं।,अंतर्राष्ट्रीय प्रतिबंधों का मतलब है कि नए विमान नहीं खरीदे जा सकते.,अंतरराष्ट्रीय प्रतिबंधों का मतलब है कि नए विमान नहीं खरीदे जा सकते।,0.9295254945755005,0.8803931474685669,0.9042924642562866,0.9370660781860352,0.8859225511550903,0.9107768535614014
221,"इस सप्ताह की शुरुआत में, एक पुलिस हेलीकॉप्टर दुर्घटना में तीन लोग मारे गए और तीन और घायल हो गए।","इस हफ्ते की शुरुआत में, एक पुलिस हेलीकॉप्टर दुर्घटना में तीन लोगों की मौत हो गई और तीन और घायल हो गए.","इस सप्ताह की शुरुआत में, एक पुलिस हेलिकॉप्टर दुर्घटना में तीन लोग मारे गए और तीन अन्य घायल हो गए।",0.9498394727706909,0.9296018481254578,0.9396117329597473,0.9835853576660156,0.9835853576660156,0.9835853576660156
222,"पिछले महीने ईरान ने अपनी सबसे बड़ी हवाई दुर्घटना देखी जब आर्मेनिया की ओर जा रहा एक विमान दुर्घटनाग्रस्त हो गया, जिसमें 168 लोग मारे गए।","पिछले महीने ईरान में कई वर्षो बाद एक बेहद खराब हवाई हादसा हुआ, जब आर्मीनिया जा रहा एक विमान दुर्घटनाग्रस्त हो गया था, जिस पर सवार 168 लोगों की मौत हो गयी.","पिछले महीने ईरान ने वर्षों में अपना सबसे खराब विमानन आपदा देखी जब एक एयरलाइनर आर्मेनिया की ओर बढ़ रहा था, जो दुर्घटनाग्रस्त हो गया, जिसमें बोर्ड पर 168 लोग मारे गए।",0.8627016544342041,0.8290379047393799,0.8455348014831543,0.8800373673439026,0.8392180800437927,0.8591431379318237
223,"उसी महीने एक और विमान ने मशहद में एक रनवे को तोड़कर दीवार पर टकराया, जिसमें 17 लोग मारे गए।","उसी महीने एक अन्य विमान मशहद के एक रनवे से आगे निकल गया और एक दीवार से टकरा गया, जिसमें सत्रह की मौत हो गई।","उसी महीने एक और एयरलाइनर ने मशहद में एक रनवे को पार किया और एक दीवार से टकरा गया, जिसमें सत्रह लोग मारे गए।",0.8790199160575867,0.8557236194610596,0.8672153353691101,0.9254611730575562,0.8926980495452881,0.9087844491004944
224,एयरोस्मिथ ने अपने दौरे पर अपने शेष संगीत कार्यक्रमों को रद्द कर दिया है।,एरोस्मिथ ने अपने दौरे के अपने शेष संगीत कार्यक्रमों को रद्द कर दिया है.,एरोस्मिथ ने अपने दौरे पर बाकी के सभी कंसर्ट रद्द कर दिए हैं।,0.9604910612106323,0.967206597328186,0.9638371467590332,0.8655221462249756,0.8540315628051758,0.8597384691238403
225,रॉक बैंड को 16 सितंबर तक संयुक्त राज्य अमेरिका और कनाडा का दौरा करना था।,16 सितंबर तक रॉक बैंड को अमेरिका और कनाडा की यात्रा करनी थी.,रॉक बैंड का 16 सितंबर तक संयुक्त राज्य अमेरिका और कनाडा का दौरा करने का कार्यक्रम था।,0.9084853529930115,0.9163679480552673,0.9124096035957336,0.9586093425750732,0.9433936476707458,0.9509406089782715
226,उन्होंने 5 अगस्त को प्रदर्शन करते समय मंच से गिरने के बाद मुख्य गायक स्टीवन टायलर घायल होने के बाद दौरा रद्द कर दिया है।,5 अगस्त को प्रदर्शन के दौरान प्रमुख गायक स्टीवन टायलर के मंच से गिर कर घायल होने के बाद उन्होंने दौरे को रद्द कर दिया है.,उन्होंने लीड सिंगर स्टीवेन टायलर केstage से गिरकर घायल होने के बाद 5 अगस्त को प्रदर्शन के दौरान टूर को रद्द कर दिया है।,0.9237908124923706,0.9155200719833374,0.9196368455886841,0.87308669090271,0.8517305850982666,0.8622764348983765
227,मैरी ने सेट में दोनों पुरुषों के हर एक सेवारत होने के बाद पहले सेट में टाई ब्रेक में हार दर्ज की।,सेट में एक-एक सर्विस दोनों पुरुषों के पास रहने के बाद मरे टाई ब्रेकर में पहला सेट हार गया.,"मरे ने पहले सेट को टाई ब्रेक में हार दिया, जब दोनों पुरुषों ने सेट में हर एक सर्व को अपने-अपने के पास रखा।",0.833699643611908,0.838864266872406,0.8362739682197571,0.8409304022789001,0.8389548063278198,0.8399415016174316
228,"दूसरे सेट में डेल पोट्रो को शुरुआती बढ़त मिली, लेकिन इसके लिए भी 6-6 के बाद बराबरी का ब्रेक की आवश्यकता पड़ी।","डेल पोत्रो के पास दूसरे सेट की शुरुआत में एडवांटेज था, लेकिन 6-6 पर पहुँचने के बाद इसमें भी टाई ब्रेक की आवश्यकता थी.","डेपोट्रो ने दूसरे सेट में शुरुआती बढ़त बनाई, लेकिन यह भी 6-6 होने के बाद टाई-ब्रेक की आवश्यकता थी।",0.8428165912628174,0.8399863839149475,0.8413991332054138,0.8842967748641968,0.8956985473632812,0.8899611830711365
229,पोट्रो को इस समय अपने कंधे का इलाज मिला लेकिन वह खेल में वापस लौटने में कामयाब रहे।,पोट्रो ने इस पॉइंट पर अपने कंधे का इलाज करवाया लेकिन खेल में वापसी करने में कामयाब रहे.,"पोतरो ने इस बिंदु पर अपने कंधे का इलाज कराया, लेकिन वह खेल में लौटने में सफल रहे।",0.8981115818023682,0.8727872967720032,0.8852683901786804,0.8783501982688904,0.8642510175704956,0.8712435960769653
230,कार्यक्रम स्थानीय समय (यूटीसी) पर रात 8:30 बजे शुरू हुआ।,कार्यक्रम सुबह 8:30 बजे शुरू हुआ था। स्थानीय समय (15.00 UTC)।,प्रोग्राम स्थानीय समय के अनुसार शाम 8:30 बजे (15:00 यूटीसी) शुरू हुआ।,0.8329428434371948,0.8498201370239258,0.8412968516349792,0.8883764743804932,0.8578031063079834,0.8728221654891968
231,देश भर के प्रसिद्ध गायकों ने श्री श्याम के चरणों में भजन या भक्ति गीत प्रस्तुत किए।,देशभर के लोकप्रिय गायक श्री श्याम के चरणों में भजन या भक्तिगीत पेश करते हैं.,"देश भर के प्रसिद्ध गायकों ने श्री श्याम की चरणों में भजन, या भक्ति गीत, प्रस्तुत किए।",0.8866398334503174,0.875738799571991,0.8811555504798889,0.9839756488800049,0.9638457298278809,0.9738066792488098
232,"गायक संजू शर्मा ने शाम की शुरुआत की, इसके बाद जयशंकर चौधरी ने छप्पन भोजभजन भी किया। गायक राजू खंडेलवाल उनके साथ थे।","गायक संजू शर्मा ने शाम की शुरुआत की, उसके बाद जय शंकर चौधरी ने छप्पन भोग भजन भी गाया, गायक, राजू खंडेलवाल ने उनका साथ दिया।","गायक संजू शर्मा ने शाम की शुरुआत की, इसके बाद जय शंकर चौधरी आए। उन्होंने छप्पन भोग भजन भी प्रस्तुत किया। गायक राजू खान्देलवाल उनका साथ दे रहे थे।",0.9270219206809998,0.9178221225738525,0.9223990440368652,0.9376091957092285,0.9176652431488037,0.9275299906730652
233,तब लक्ष्खा सिंह ने भजन गाए।,"फिर, लक्खा सिंह ने भजन गायकी की कमान संभाली.","फिर, लख्खा सिंह ने भजन गाने में प्रमुखता ली।",0.8616043329238892,0.802503228187561,0.8310043215751648,0.8747022151947021,0.8355408906936646,0.8546731472015381
234,"छप्पन भोग की 108 प्लेटें (हिन्दू धर्म में, 56 अलग-अलग खाद्य पदार्थ, जैसे, मिठाई, फल, अखरोट, व्यंजन आदि जो देवता को चढ़ाए जाते हैं) बाबा श्याम को परोसी जाती थीं।","बाबा श्याम को छप्पन भोग (हिंदू धर्म में, 56 अलग-अलग खाद्य पदार्थ, जैसे, मिठाई, फल, मेवा, व्यंजन आदि जो देवता को चढ़ाए जाते हैं) की 108 थाली परोसी गईं.","बाबा श्याम को 108 थालियाँ छप्पन भोग (हिंदू धर्म में, 56 विभिन्न खाद्य वस्तुएँ, जैसे मिठाईयाँ, फल, मेवे, व्यंजन आदि जो देवता को अर्पित की जाती हैं) परोसी गईं।",0.8854151368141174,0.8957011699676514,0.8905285000801086,0.8762174248695374,0.876029372215271,0.8761233687400818
235,लक्ष्खा सिंह ने छप्पन भोजभजन भी प्रस्तुत किया। गायक राजू खंडेलवाल उनके साथ थे।,"लक्खा सिंह ने छप्पन भोग भजन भी प्रस्तुत किया। गायक, राजू खंडेलवाल उनके साथ थे।","लख्खा सिंह ने छप्पन भोग भजन भी प्रस्तुत किया। गायक, राजू खंडेलवाल उनके साथ थे।",0.9617125988006592,0.9541242718696594,0.9579034447669983,0.96117103099823,0.9535900354385376,0.9573655128479004
236,"टोक्यो गेम शो की गुरुवार की मुख्य प्रस्तुति में, निंटेंडो के अध्यक्ष सतोरु इवाटा ने कंपनी के नए निंटेंडो रिवोल्यूशन कंसोल के लिए नियंत्रक डिजाइन का अनावरण किया।",टोक्यो गेम शो में गुरूवार को निन्टेन्डो के अध्यक्ष सटोरू इवाता ने कंपनी के रिवोल्यूशन कंसोल के लिए कंट्रोलर डिजाइन का अनावरण किया.,"गुरुवार को टोक्यो गेम शो के प्रमुख प्रस्तुति में, निन्टेंडो के अध्यक्ष सतोरी इवाटा ने कंपनी के नए निन्टेंडो रिवॉल्यूशन कंसोल के लिए कंट्रोलर डिज़ाइन का अनावरण किया।",0.8841043710708618,0.9086670875549316,0.8962174654006958,0.9493508338928223,0.9484227895736694,0.9488865733146667
237,"टेलीविजन रिमोट की तरह, नियंत्रक उपयोगकर्ता के टेलीविजन के पास रखे दो सेंसर का उपयोग तीन आयामी अंतरिक्ष में इसकी स्थिति को त्रिकोणित करने के लिए करता है।","टेलीविज़न रिमोट से मिलता-जुलता, कंट्रोलर तीन-आयामी स्पेस में अपनी स्थिति को त्रिभुजाकार बनाने के लिए उपयोगकर्ता के टेलीविज़न के पास रखे गए दो सेंसर का उपयोग करता है.","एक टेलीविजन रिमोट की तरह दिखाई देने वाला, नियंत्रक उपयोगकर्ता के टेलीविजन के पास रखे गए दो सेंसर का उपयोग करके तीन-आयामी स्थान में इसकी स्थिति का त्रिकोणीयकरण करता है।",0.8547108173370361,0.8228663206100464,0.8384863138198853,0.8957786560058594,0.8769311308860779,0.8862546682357788
238,इससे खिलाड़ी वीडियो गेम में एक्शन और मूवमेंट को एयर में डिवाइस को ले जाकर कंट्रोल कर सकते हैं।,यह डिवाइस को हवा में मूव करके खिलाड़ियों को एक्शन और मूवमेंट कंट्रोल करने की अनुमति देगा.,"यह खिलाड़ियों को वीडियो गेम्स में क्रियाओं और गतियों को नियंत्रित करने की अनुमति देगा, जिससे वे उपकरण को हवा में हिला सकते हैं।",0.8280439972877502,0.818676233291626,0.8233335018157959,0.7960014343261719,0.766203761100769,0.7808184027671814
239,जियानकार्लो फिसीकेला ने अपनी कार का नियंत्रण खो दिया और शुरुआत के बहुत ही जल्द ही दौड़ समाप्त कर दी।,जियानकार्लो फिशिचेला ने अपनी कार पर नियंत्रण खो दिया और शुरू करने के कुछ समय बाद ही दौड़ समाप्त कर दी.,जियानकार्लो फिसिकेला ने अपनी कार पर नियंत्रण खो दिया और शुरुआत के बहुत जल्द बाद ही दौड़ समाप्त कर दी।,0.9288411140441895,0.9270418882369995,0.9279406070709229,0.9625531435012817,0.9661603569984436,0.9643533825874329
240,"उनके साथी फर्नांडो एलोन्सो अधिकांश दौड़ में अग्रणी थे, लेकिन उन्होंने इसे अपने पिट-स्टॉप के तुरंत बाद समाप्त कर दिया, शायद एक खराब रूप से दाएं सामने का पहिया था।","उनकी टीम के साथी फ़र्नांडो अलोंसो अधिकांश दौड़ में आगे थे, लेकिन अपने अल्प-विराम के ठीक बाद इसे रोक दिया, शायद इसलिए क्योंकि सामने वाला पहिया बुरी तरह से सिकुड़ गया था.","उसके साथी चालक फर्नांडो अलोनसो अधिकांश दौड़ में पहले स्थान पर थे, लेकिन उन्होंने अपनी पिट-स्टॉप के तुरंत बाद दौड़ समाप्त की, शायद एक खराब तरीके से टक किए हुए दाहिने सामने के पहिये के कारण।",0.83205246925354,0.8386827707290649,0.8353544473648071,0.8935257792472839,0.8746377229690552,0.883980929851532
241,"माइकल शुमाकर ने एलोन्सो के बाद ही अपनी दौड़ समाप्त कर दी, क्योंकि दौड़ के दौरान कई लड़ाइयों में निलंबन क्षति हुई थी।",माइकल शूमाकर ने अलोंसो के कुछ समय बाद ही अपनी रेस समाप्त कर दी थी कयोंकि रेस के दौरान कई संघर्षों में सस्पेंशन को क्षति पहुँची थी।,"माइकल शूमाकर ने दौड़ को अलोंसो के थोड़ी देर बाद समाप्त किया, क्योंकि दौड़ के दौरान कई लड़ाइयों में सस्पेंशन को नुकसान हुआ था।",0.8428831696510315,0.831364631652832,0.8370842933654785,0.8894771933555603,0.8667423725128174,0.877962589263916
242,"उन्होंने प्रेस कॉन्फ्रेंस के एक अंश के अनुसार कहा, ""वह बहुत प्यारी है और काफी अच्छी तरह से गाती है।",“उन्होंने न्यूज़ कॉन्फ़्रेंस की एक ट्रांसक्रिप्ट में कहा कि वह बहुत प्यारी है और काफी अच्छा गाती भी है.”,"""वह बहुत प्यारी है और बहुत अच्छा गाती है,"" उन्होंने समाचार सम्मेलन के एक प्रतिलेख के अनुसार कहा।",0.8532847166061401,0.8404966592788696,0.8468424081802368,0.8116970658302307,0.8168913722038269,0.8142859935760498
243,"""मैं हर बार जब हम इस पर एक रिहर्सल करते थे, तो मैं दिल से प्रभावित होता था।""","“हर बार जब हम इस पर अभ्यास करते थे, तो मैं अपने दिल से भावविभोर हो जाता था।”","""जब भी हमने इस पर रिहर्सल की, मैं हर बार दिल से प्रेरित हुआ।""",0.8179377317428589,0.8089059591293335,0.8133967518806458,0.8860291242599487,0.8743988275527954,0.8801755905151367
244,"प्रक्षेपण के लगभग 3 मिनट बाद, एक बोर्ड पर कैमरा ने ईंधन टैंक से अलग होने वाले कई टुकड़ों के पृथक्करण फोम को दिखाया।","लॉन्च के लगभग 3 मिनट बाद, एक ऑन-बोर्ड कैमरा ने ईंधन टैंक से इन्सुलेशन फ़ोम के कई टुकड़े दिखाए.","लॉन्च के लगभग 3 मिनट बाद, एक ऑन-बोर्ड कैमरा ने दिखाया कि ईंधन टैंक से कई टुकड़े इंसुलेशन फोम के टूटकर गिर गए।",0.8762004375457764,0.8773282766342163,0.8767639994621277,0.8655331134796143,0.8512350916862488,0.8583245277404785
245,"हालांकि, माना जाता है कि उन्होंने शटल को कोई नुकसान नहीं पहुंचाया है।","हालाँकि, उन्होंने शटल में किसी तरह के नुकसान होने के बारे में नहीं सोचा.","हालांकि, ऐसा नहीं माना जाता कि उन्होंने शटल को कोई नुकसान पहुँचाया है।",0.7972599864006042,0.802248477935791,0.7997464537620544,0.9114028811454773,0.9462302923202515,0.928490161895752
246,"नासा के शटल कार्यक्रम के प्रमुख एन. वेन हेल जूनियर ने कहा कि फोम ""हमारे लिए चिंताजनक समय के बाद"" गिर गया था।","नासा के शटल कार्यक्रम के प्रमुख एन. वेन हेल जूनियर ने कहा कि “जिस समय की हम चिंता कर रहे थे”, उसके बाद फोम गिरा था।","नासा के शटल कार्यक्रम के प्रमुख एन. वेन हाले जूनियर ने कहा कि फोम ""उस समय के बाद गिरा है जिसे लेकर हम चिंतित हैं।""",0.8947439193725586,0.884101390838623,0.8893908262252808,0.9088404178619385,0.8983995318412781,0.9035897850990295
247,"5 मिनट में एक हवा अंदर आने लगी, एक मिनट बाद हवा 70 किमी प्रति घंटा तक पहुंच रही थी... फिर बारिश आई, लेकिन इतनी जोर से और इतनी बड़ी कि यह आपकी त्वचा को एक सुई की तरह मारती है, फिर आसमान से बर्फ गिर गई, लोग घबरा गए और चिल्लाते और एक दूसरे पर दौड़ते हुए।","प्रदर्शन चालू होने के पाँच मिनट में हवा शुरू हो जाती है, लगभग एक मिनट बाद, हवा 70 किमी/घंटा तक पहुँच रही है... फिर बारिश आती है, लेकिन इतनी तेज़ और इतनी बड़ी बूँदें कि यह आपकी त्वचा को सुई की तरह चुभती है, फिर आकाश से ओले गिरते हैं, लोग घबराते हैं, चिल्लाते हैं और अफरातफरी मच जाती है।","प्रदर्शन के पांच मिनट बाद, एक हवा आने लगती है, लगभग एक मिनट बाद, हवा की गति 70 किमी/घंटा तक पहुँच जाती है... फिर बारिश आती है, लेकिन इतनी तेज और इतनी बड़ी कि यह आपकी त्वचा पर सुई की तरह लगती है, फिर आसमान से ओले गिरते हैं, लोग घबरा जाते हैं और चिल्लाते हैं और एक-दूसरे पर भागते हैं।",0.8422976732254028,0.83061683177948,0.836416482925415,0.8662348985671997,0.8639141321182251,0.8650729656219482
248,"मैंने अपनी बहन और उसके दोस्त को खो दिया, और रास्ते में व्हीलचेयर पर दो विकलांग लोग थे, लोग बस कूदते थे और उन्हें धक्का देते थे"", अरमान वर्सा ने कहा।","आर्मंड वर्सास ने कहा, मैंने अपनी बहन और उसकी दोस्त को खो दिया, और रास्ते में व्हीलचेयर में दो दिव्यांग लोग थे, और लोग उनपर उछल रहे थे और उन्हें धक्का दे रहे थे”।","""मैंने अपनी बहन और उसके दोस्त को खो दिया, और मेरे रास्ते में दो विकलांग लोग व्हीलचेयर में थे, लोग बस कूदकर उनसे गुजर रहे थे और उन्हें धक्का दे रहे थे,"" आर्मंड वेरसाचे ने कहा।",0.8597973585128784,0.8630514144897461,0.8614213466644287,0.9113225936889648,0.8854563236236572,0.8982032537460327
249,एनएचके ने यह भी बताया कि निगाटा प्रान्त में काशिवाजाकी करीवा परमाणु ऊर्जा संयंत्र सामान्य रूप से काम कर रहा था।,एनएचके ने भी सूचना दी कि निगाता प्रांत में काशीवाज़की करिवा परमाणु ऊर्जा संयंत्र सामान्य रूप से काम कर रहा था.,NHK ने यह भी रिपोर्ट किया कि नियागाटा प्रांत में स्थित काशीवज़ाकी कारीवा परमाणु विद्युत संयंत्र सामान्य रूप से काम कर रहा है।,0.9330600500106812,0.9389298558235168,0.9359857439994812,0.8832025527954102,0.8915966749191284,0.8873797655105591
250,होकुरीकू इलेक्ट्रिक पावर कंपनी ने भूकंप से कोई प्रभाव नहीं बताया और उसके शिका परमाणु ऊर्जा संयंत्र में नंबर 1 और 2 रिएक्टर बंद कर दिए गए।,होकूरिकू इलेक्ट्रिक पॉवर कंपनी ने रिपोर्ट दी कि भूकंप का कोई असर नहीं हुआ है. यह भी बताया कि इसके शिका न्यूक्लियर पावर प्लांट के रिएक्टर नंबर 1 और 2 बंद कर दिए गए थे.,होकुरिकू इलेक्ट्रिक पावर कंपनी ने earthquake के कोई प्रभाव नहीं होने की जानकारी दी है और उसकी शिका नाभिकीय ऊर्जा संयंत्र के नंबर 1 और 2 रिएक्टर बंद कर दिए गए हैं।,0.868417501449585,0.8397052884101868,0.8538201451301575,0.9131994843482971,0.9107471704483032,0.9119716286659241
251,बताया जाता है कि इस क्षेत्र में लगभग 9400 घरों में पानी और लगभग 100 घरों में बिजली नहीं है।,एक रिपोर्ट मे बताया गया है कि इस क्षेत्र 9400 घर पानी की कमी से जूझ रहे है और लगभग 100 बिजली की कमी से ।,यह रिपोर्ट किया गया है कि क्षेत्र में लगभग 9400 घरों में पानी नहीं है और लगभग 100 घरों में बिजली नहीं है।,0.8661066293716431,0.8258941173553467,0.8455225229263306,0.9461968541145325,0.9385984539985657,0.9423823356628418
252,"कुछ सड़कों को नुकसान पहुंचा है, प्रभावित क्षेत्रों में रेल सेवा बाधित है, और इशिकावा प्रान्त में नोटो हवाई अड्डा बंद है।","कुछ सड़कें क्षतिग्रस्त हो गई हैं, प्रभावित क्षेत्रों में रेल सेवा बाधित हुई, और इशिकावा प्रांत में नोटो हवाई अड्डा बंद है.","कुछ सड़कें क्षतिग्रस्त हो गई हैं, प्रभावित क्षेत्रों में रेलवे सेवा बाधित है, और इशिकावा प्रान्त का नोटो हवाई अड्डा बंद है।",0.9266577959060669,0.9282437562942505,0.9274500608444214,0.9230751395225525,0.9268865585327148,0.9249768853187561
253,गवर्नर जनरल के कार्यालय के बाहर एक बम विस्फोट हुआ।,एक बम गवर्नर जनरल के कार्यालय के बाहर फटा था.,एक बम गवर्नर जनरल के कार्यालय के बाहर फटा।,0.8541609644889832,0.8820763826370239,0.8678942918777466,0.8634979724884033,0.9008510112762451,0.8817790746688843
254,दो घंटे के अंदर सरकारी भवनों के पास तीन और बम विस्फोट हुए।,दो घंटों में सरकारी इमारतों के पास दो बम विस्फोट हुए.,तीन और बम सरकार की इमारतों के करीब दो घंटे के भीतर फटे।,0.9282318353652954,0.9418356418609619,0.9349842667579651,0.7980998754501343,0.7933380603790283,0.795711874961853
255,"कुछ रिपोर्टों में आधिकारिक तौर पर मृतकों की संख्या आठ बताई गई है, और आधिकारिक रिपोर्टों में पुष्टि की गई है कि 30 तक घायल हुए हैं; लेकिन अंतिम संख्या अभी तक ज्ञात नहीं है।","कुछ रिपोर्ट आधिकारिक मृत्यु दर आठ बताती हैं, और आधिकारिक रिपोर्टों से पुष्टि होती है कि 30 तक घायल हुए हैं; लेकिन अंतिम संख्या अभी तक ज्ञात नहीं हैं।","कुछ रिपोर्टों में आधिकारिक मृतकों की संख्या आठ बताई गई है, और आधिकारिक रिपोर्टों से पुष्टि होती है कि 30 तक लोग घायल हुए हैं; लेकिन अंतिम आंकड़े अभी तक ज्ञात नहीं हैं।",0.913723349571228,0.9390174150466919,0.9261977076530457,0.9589170813560486,0.9544191360473633,0.9566627740859985
256,सियान्यूरिक एसिड और मेलामिन दोनों को पालतू जानवरों से मिले मूत्र के नमूनों में पाया गया जो प्रदूषित पालतू जानवरों के भोजन के सेवन के बाद मर गए थे।,सायन्यूरिक एसिड और मेलामाइन दोनों ही पालतू जानवरों के मूत्र के नमूनों में पाए गए जो दूषित पालतू भोजन के सेवन के बाद मर गए.,दोनों सायन्युरिक एसिड और मेलेमाइन उन पालतू जानवरों के मूत्र नमूनों में पाए गए जो दूषित पालतू खाद्य पदार्थ खाने के बाद मर गए।,0.9153397083282471,0.9228500127792358,0.9190795421600342,0.8789750337600708,0.8839198350906372,0.8814404606819153
257,विश्वविद्यालय के शोधकर्ताओं ने कहा कि ये दोनों यौगिक एक दूसरे के साथ प्रतिक्रिया करते हैं और क्रिस्टल बनते हैं जो किडनी के कामकाज को रोक सकते हैं।,विश्वविद्यालय के शोधकर्ताओं ने कहा कि दो कम्पाउन्ड एक दूसरे के साथ मिलकर क्रिस्टल बनाते हैं जो किडनी की कार्यप्रणाली को रोक कर सकते हैं.,विश्व विद्यालय के शोधकर्ताओं ने कहा कि ये दो यौगिक एक-दूस के साथ प्रतिक्रिया करते हैं और ऐसे क्रिस्टल बनाते हैं जो गुर्दे के कार्य को बाधित कर सकते हैं।,0.8851091265678406,0.8792179822921753,0.8821537494659424,0.9135043621063232,0.8892343640327454,0.9012060165405273
258,शोधकर्ताओं ने मेलामिन और साइनुरिक एसिड के जोड़ने से बिल्ली के मूत्र में बने क्रिस्टल का अवलोकन किया।,शोधकर्ताओं ने मेलामाइन और सियानुरिक एसिड को मिलाने से बिल्ली के मूत्र में क्रिस्टल्स को बनते देखा.,यहाँ के शोधकर्ताओं ने बिल्ली के मूत्र में मेलेमाइन और साइन्यूरिक एसिड को मिलाने के बाद बनाए गए क्रिस्टल का अवलोकन किया।,0.9043958187103271,0.9249960780143738,0.9145799279212952,0.9195822477340698,0.9041767120361328,0.9118143916130066
259,इन क्रिस्टल की संरचना इन्फ्रारेड स्पेक्ट्रोस्कोपी (एफटीआईआर) द्वारा प्रभावित पालतू जानवरों के मूत्र में पाई गई तुलना से मेल खाती है।,"जब इंफ्रारेड स्पेक्ट्रोस्कोपी (ऍफ़टीआईआर) से इन क्रिस्टलों की संरचना की तुलना की गई, तो वे प्रभावित पालतू जानवरों के मूत्र में पाए क्रिस्टल से मेल खाते हैं।",इन क्रिस्टल का संयोजन प्रभावित पालतू जानवरों के मूत्र में पाए जाने वाले क्रिस्टलों के साथ मेल खाता है जब इसकी तुलना अवरक्त स्पेक्ट्रोस्कोपी (FTIR) द्वारा की जाती है।,0.8939419388771057,0.8643898963928223,0.8789176344871521,0.8479490280151367,0.8559690713882446,0.8519402146339417
260,"मुझे नहीं पता कि आप यह महसूस करते हैं या नहीं, लेकिन मध्य अमेरिका से अधिकांश सामान इस देश में शुल्क मुक्त आया।","मुझे नहीं पता आपने इसपर ध्यान दिया है कि नहीं लेकिन, सेंट्रल अमेरिका से इस देश में आए ज़्यादातर प्रोडक्ट पर टैक्स नहीं लगाया जाता.","मुझे नहीं पता कि आपको इसका एहसास है या नहीं, लेकिन मध्य अमेरिका से आने वाले अधिकांश सामान इस देश में ड्यूटी-मुक्त आते हैं।",0.7844620943069458,0.7681843042373657,0.7762379050254822,0.8831208944320679,0.8647537231445312,0.8738408088684082
261,फिर भी हमारे माल का 80 प्रतिशत मध्य अमेरिकी देशों में टैरिफ के माध्यम से कर लगाया गया था। हम आपको इलाज करते हैं।,जबकी हमारे माल के अस्सी प्रतिशत पर केंद्रीय अमेरिकन देशों द्वारा कर लगाया गया। फिर भी हम आपका इलाज करते हैं।,"फिर भी, हमारे सामान का अस्सी प्रतिशत मध्य अमेरिकी देशों में सीमा शुल्क के माध्यम से कर लगाया गया। हम आपका इलाज करते हैं।",0.8600388169288635,0.8669415712356567,0.8634763360023499,0.9123511910438538,0.8898836374282837,0.9009773135185242
262,मेरे लिए यह समझ में नहीं आया; यह निश्चित रूप से न्यायसंगत नहीं था।,यह मुझे समझ में नहीं आया; यह निश्चित रूप से उचित नहीं था।,यह मेरे लिए समझ में नहीं आया; यह निश्चित रूप से न्यायपूर्ण नहीं था।,0.8732852935791016,0.906770646572113,0.8897129893302917,0.9410319328308105,0.961808443069458,0.9513067603111267
263,मैं लोगों से बस यही कहता हूँ कि तुम हमारे साथ वैसा ही व्यवहार करो जैसा हम तुम्हारे साथ करते हैं।,सभी लोगों से मेरा बस यही कहना है की आप हमारे साथ वैसा ही व्यवहार करें जैसा हम आपसे करते हैं |,मैं लोगों से यही कहता हूँ कि आप हमें उसी तरह सेTreat करें जैसे हम आपको Treat करते हैं।,0.862095832824707,0.8857951164245605,0.8737848401069641,0.8016266822814941,0.8376686573028564,0.8192514181137085
264,कैलिफोर्निया के गवर्नर अर्नोल्ड श्वार्जेनेगर ने एक विधेयक पर हस्ताक्षर किए जो किशोरों को हिंसक वीडियो गेम की बिक्री या किराए पर देने पर प्रतिबंध लगाता है।,"कैलिफोर्निया के गवर्नर अर्नोल्ड श्वार्ज़नेगर ने कानून में एक बिल पर हस्ताक्षर किए, जो नाबालिगों को हिंसक वीडियो गेम उन्हें बेचने या किराये पर देने से प्रतिबंध लगाता है।",कैलिफ़ोर्निया के गवर्नर अर्नोल्ड स्वार्ज़नेगर ने एक कानून पर हस्ताक्षर किया जिसने नाबालिगों को हिंसक वीडियो गेम्स की बिक्री या किराए पर लेने पर प्रतिबंध लगा दिया।,0.9288926124572754,0.9068021774291992,0.917714536190033,0.9336380958557129,0.9164196252822876,0.9249487519264221
265,"विधेयक के अनुसार कैलिफोर्निया राज्य में बेचे जाने वाले हिंसक वीडियो गेम को ""18"" के साथ लेबल किया जाना चाहिए और उन्हें एक नाबालिग को बेचना प्रति अपराध 1000 डॉलर का जुर्माना लगाया जाना चाहिए।",बिल के अनुसार कैलिफोर्निया राज्य में बेचे जाने वाले हिंसक वीडियो गेम को “18” की डीकैल रीडिंग से लेबल किया जाए और यह उनकी बिक्री नाबालिग को किए जाने को 1000 डॉलर प्रति अपराध के हिसाब से दंड योग्य बनाता है।,"यह विधेयक कैलिफोर्निया राज्य में बेचे जाने वाले हिंसक वीडियो गेम्स की पैकेजिंग पर ""18"" पढ़ने वाले डिकल को लेबल करने की आवश्यकता है और इसे एक नाबालिग को बेचना $1000 प्रति उल्लंघन के जुर्माने के साथ दंडनीय बनाता है।",0.8614614605903625,0.8287997841835022,0.8448150753974915,0.8786016702651978,0.8504722118377686,0.8643081188201904
266,"अभियोजन के निदेशक, Kier Starmer QC, ने आज सुबह एक बयान दिया है जिसमें हून और प्रायस दोनों के अभियोजन की घोषणा की गई है।","लोक अभियोजन निदेशक, केइर स्टारर क्यूसी ने आज सुबह एक बयान दिया, जिसमें फोन और मूल्य दोनों पर मुकदमा चलाने की घोषणा की गई।","जनता अभियोजन निदेशक, कीर स्टार्मर क्यूसी, ने इस सुबह एक बयान दिया जिसमें ह्यून और प्राइस के खिलाफ अभियोजन की घोषणा की।",0.8376696109771729,0.8166917562484741,0.8270476460456848,0.866311252117157,0.8468511700630188,0.8564706444740295
267,हून ने इस्तीफा दे दिया है और उन्हें कैबिनेट में एड डेवी सांसद द्वारा बदल दिया जाएगा।,हुन ने इस्तीफा दे दिया है. मंत्रिमंडल में उनकी जगह सांसद एड डेवी लेंगे. सांसद नॉर्मन लैंब के व्यापार मंत्री बनने की उम्मीद है. यह पद डेवी के मंत्रिमंडल में जाने की वजह से खाली हुई है.,"हुन ने इस्तीफा दे दिया है और उन्हें कैबिनेट में एद डेवि सांसद द्वारा प्रतिस्थापित किया जाएगा। नॉर्मन लैम्ब सांसद से उम्मीद है कि वे बिजनेस मंत्री की नौकरी संभालेंगे, जिसे डेवि छोड़ रहे हैं।",0.7814627885818481,0.7168834209442139,0.7477814555168152,0.895668625831604,0.7792751789093018,0.8334277868270874
268,हून और प्रायस 16 फरवरी को वेस्टमिंस्टर मजिस्ट्रेट कोर्ट में पेश होने हैं।,हुन और प्राइस को 16 फरवरी को वेस्टमिंस्टर मजिस्ट्रेट कोर्ट में पेश होना है.,हुने और प्राइस 16 फरवरी को वेस्टमिंस्टर मजिस्ट्रेट कोर्ट में पेश होने वाले हैं।,0.9476735591888428,0.9480882883071899,0.9478808641433716,0.952701985836029,0.9547683000564575,0.9537340998649597
269,मृतकों में 25 वर्षीय निकोलस अलडेन और 21 वर्षीय जैकरी कडबेक शामिल थे।,मरने वालों में 25 साल का निकोलस एल्डन और 21 साल का ज़ेचरी कडबैक शामिल था. कडबैक ड्राइवर था.,"मृतक निकोलस आल्डेन, 25, और ज़ैचरी कडडेबैक, 21 थे। कडडेबैक चालक था।",0.8674533367156982,0.8100689649581909,0.8377796411514282,0.7988011837005615,0.7814737558364868,0.790042519569397
270,एडगर वेगुइला को हाथ और जांघ में चोटें आईं जबकि क्रिस्टोफर श्नाइडर को अपने चेहरे के लिए पुनर्निर्माण सर्जरी की आवश्यकता थी।,"एडगर वेगुइला के हाथ और जबड़े जख्मि हो गये, जबकि क्रिस्टोफ़र श्नाइडर को चेहरे की पुनर्निर्माण सर्जरी की आवश्यकता थी।","एडगर वेगुइला को हाथ और जबड़े में चोटें आईं, जबकि क्रिस्टोफर श्नाइडर को अपने चेहरे के लिए पुनर्निर्माण सर्जरी की आवश्यकता थी।",0.9244840145111084,0.9245830178260803,0.9245335459709167,0.9853907227516174,0.9866217374801636,0.9860058426856995
272,श्नाइडर ने अपने देश में एक यूएसएएफ बेस से वीडियो लिंक के माध्यम से गवाही दी।,श्नाइडर ने अपनी मातृभूमि में एक USAF बेस से वीडियो लिंक के माध्यम से गवाही दी.,シュナイダーは母国の米空軍基地からビデオリンクで証言しました。,0.8963356614112854,0.9000747203826904,0.8982013463973999,0.6861609220504761,0.7044023871421814,0.6951619982719421
273,"बुधवार की घटना के अलावा, कार्पेनेडो ने चैंपियनशिप में दो व्यक्तिगत दौड़ों में प्रतिस्पर्धा की।","बुधवार के आयोजन के बाद, कारपानेडो ने चैंपियनशिप में दो इंडिविज़ुअल रेस में हिस्सा लिया.","बुधवार के कार्यक्रम के अलावा, कार्पानेडो ने चैंपियनशिप में दो व्यक्तिगत दौड़ों में भाग लिया।",0.8309849500656128,0.8290773034095764,0.8300300240516663,0.9027585983276367,0.9384982585906982,0.9202815294265747
274,"उनकी पहली स्लालोम थी, जहां उन्होंने अपनी पहली दौड़ में एक नहीं समाप्त किया। 116 प्रतियोगियों में से 36 ने उस दौड़ में एक ही परिणाम दिया।","उसका पहला स्लैलम था, जहाँ उसने अपने पहले चक्र मे दौड़ को पूरा ना कर सका ।इस दौड़ में 116 प्रतियोगियों में से 36 खिलाड़ियों ने एक ही स्थान प्राप्त किया ।","उसकी पहली प्रतियोगिता स्लालम थी, जहां उसने अपनी पहली दौड़ में 'फिनिश नहीं किया'। उस प्रतियोगिता में 116 प्रतियोगियों में से 36 का वही परिणाम रहा।",0.8683696985244751,0.842258632183075,0.8551148772239685,0.8682562112808228,0.8552082777023315,0.8616828322410583
275,"उनकी दूसरी दौड़, विशाल स्लम, ने उन्हें 4:41.30 के संयुक्त रन समय के साथ महिलाओं के बैठने वाले समूह में दसवें स्थान पर समाप्त किया, जो प्रथम स्थान के ऑस्ट्रियाई क्लाउडिया लोएश से 2:11.60 मिनट धीमा और हंगरी के नौवें स्थान के विजेता Gyöngyi Dani से 1:09.02 मिनट धीमा था।","उनकी दूसरी दौड़, विशाल स्लैलम, महिलाओं के समूह में 4: 41.30, 2: 11.60 मिनट के संयुक्त कार्यावधि के साथ पहले स्थान के फ़िनिशर ऑस्ट्रियन क्लाउडिया लोएश की तुलना में और 1: 09.02 मिनट हंगरी के नौवें स्थान के फ़िनिशर ग्नोगी दानी से दसवें स्थान पर धीमी गति से समाप्त हुई.","उसकी दूसरी दौड़, जायंट स्लालम, में उसने महिलाओं की सिटिंग ग्रुप में दसवें स्थान पर finishing की, जिसमें उसका कुल समय 4:41.30 था, जो पहले स्थान पर रहने वाली ऑस्ट्रियाई क्लाउडिया लोएश से 2:11.60 मिनट और नौवें स्थान पर रहने वाली हंगरी की जियोन्गी डानी से 1:09.02 मिनट धीमा था।",0.8535079956054688,0.8425090312957764,0.8479728698730469,0.8273131847381592,0.8371707201004028,0.8322128057479858
276,"महिलाओं के बैठने वाले समूह में चार स्कीइंगर्स अपनी दौड़ को पूरा करने में विफल रहे, और विशाल स्लामो में कुल 117 स्कीइंगर्स में से 45 दौड़ में रैंक नहीं कर पाए।",महिलाओं के वर्तमान समूह में चार स्कीयर अपना रन पूरा करने में असफल रहे और जायंट स्लैलम में कुल 117 में से 45 स्कीयर इस रेस में स्थान पाने में असफल रहे.,"महिलाओं की बैठी समूह में चार स्कीयर अपनी दौड़ समाप्त नहीं कर सकीं, और कुल 117 स्कीयरों में से 45 स्कीयरों ने विशाल स्लालम में रेस में रैंक करने में असफलता पाई।",0.7976670265197754,0.8264613151550293,0.8118089437484741,0.8513016700744629,0.8538217544555664,0.8525598049163818
277,मध्य प्रदेश पुलिस ने चोरी का लैपटॉप और मोबाइल फोन बरामद किया।,मध्य प्रदेश पुलिस ने चोरी हुए लैपटॉप और मोबाइल फ़ोन हासिल किए.,मध्य प्रदेश पुलिस ने चोरी किया हुआ लैपटॉप और मोबाइल फोन बरामद किया।,0.9313149452209473,0.9262022972106934,0.9287515878677368,0.9672726988792419,0.9604419469833374,0.9638452529907227
279,"आरोपियों के नाम बाबा कंजार, भूता कंजार, रामप्रो कंजार, गाजा कंजार और विष्णु कंजार हैं।","आरोपियों के नाम बाबा कंजर, भूथा कंजर, रामप्रो कंजर, गाज़ा कंजर और विष्णु कंजर हैं।","आरोपीों के नाम बाबा कंजार, भुथा कंजार, रामप्रो कंजार, ग़ज़ा कंजार और विष्णु कंजार हैं।",0.9513562917709351,0.92779541015625,0.9394281506538391,0.9760341048240662,0.9658522009849548,0.9709164500236511
280,पुलिस अधीक्षक चंद्रशेखर सोलंकी ने कहा कि आरोपी मुकदमा दर्ज कराने के लिए मुकदमा दायर किया गया था।,पुलिस अधीक्षक चंद्र शेखर सोलंकी ने कहा कि आरोपी ढके हुए चेहरे के साथ अदालत में पेश हुए थे.,पुलिस अधीक्षक चंद्र शेखर सोलंकी ने कहा कि आरोपी अदालत में ढकी हुई चेहरों के साथ पेश हुए।,0.8630178570747375,0.8681244850158691,0.865563690662384,0.8497903347015381,0.8599945306777954,0.8548619747161865
281,"हालांकि कार के टक्कर के समय तीन लोग घर के अंदर थे, लेकिन उनमें से कोई भी घायल नहीं हुआ।",हालांकि तीन लोग घर के अन्दर थे फिर भी जब कार टकराई तब किसी को भी चोट नहीं आई।,"हालाँकि जब कार ने घर को टकराया, तब तीन लोग घर के अंदर थे, लेकिन उनमें से कोई भी घायल नहीं हुआ।",0.8006621599197388,0.8126605749130249,0.8066167831420898,0.9062117338180542,0.8899388313293457,0.8980015516281128
282,"हालांकि, चालक के सिर में गंभीर चोटें आईं।","हालाँकि, ड्राइवर के सिर में गंभीर चोटें आई थी.","हालाँकि, चालक को सिर में गंभीर चोटें आईं।",0.9254747629165649,0.8909534215927124,0.9078860878944397,0.951367974281311,0.9221869707107544,0.9365501999855042
283,दुर्घटना होने वाली सड़क अस्थायी रूप से बंद कर दी गई थी जबकि आपातकालीन सेवाओं ने ड्राइवर को लाल ऑडी टीटी से मुक्त कर दिया था।,"जिस सड़क पर दुर्घटना हुई उसे कुछ समय के लिए बंद कर दिया गया था, जबकि आपाताकालीन सेवाओं ने ड्राइवर को लाल रंग की Audi TT से निकाल दिया था.","जिस सड़क पर दुर्घटना हुई, उसे अस्थायी रूप से बंद कर दिया गया जबकि आपातकालीन सेवाओं ने लाल ऑडी टीटी से चालक को निकाला।",0.8521609306335449,0.8557335138320923,0.8539434671401978,0.897842288017273,0.8942210078239441,0.8960280418395996
284,उन्हें ग्रेट यार्माउथ के जेम्स पेजेट अस्पताल में भर्ती कराया गया था।,पहले उसे ग्रेट यारमोथ के जेम्स पैगट अस्पताल में भर्ती किया गया था.,वह प्रारंभ में ग्रेट यार्माउथ के जेम्स पैजेट अस्पताल में भर्ती हुए थे।,0.9215021729469299,0.9050964117050171,0.9132255911827087,0.9102055430412292,0.8766478300094604,0.8931115865707397
285,बाद में उन्हें कैम्ब्रिज के एडनब्रुक अस्पताल में स्थानांतरित कर दिया गया।,बाद में उन्हें कैम्ब्रिज में एडेनब्रुक के अस्पताल में स्थानांतरित कर दिया गया.,उसके बाद उसे कैम्ब्रिज के ऐडनब्रुक्स अस्पताल में स्थानांतरित किया गया।,0.9789544939994812,0.9767282605171204,0.9778401255607605,0.971055269241333,0.9709441661834717,0.9709997177124023
286,एडकोया तब से एडिनबर्ग के शेरिफ कोर्ट में अपने बेटे की हत्या के आरोप में हैं।,तब से एडेकोया अपने बेटे की हत्या के आरोप में एडिनबर्ग शेरिफ कोर्ट में है।,एडेकोया तब से एडिनबर्ग शेरिफ कोर्ट में अपने बेटे की हत्या का आरोप लगाते हुए उपस्थित हुई है।,0.9232760667800903,0.9282177686691284,0.9257403016090393,0.9460667371749878,0.9015028476715088,0.9232473373413086
287,"वह अभियोग और मुकदमे की प्रतीक्षा में हिरासत में है, लेकिन किसी भी प्रत्यक्षदर्शी साक्ष्य को दूषित किया जा सकता है क्योंकि उसकी छवि व्यापक रूप से प्रकाशित की गई है।","वह अभियोग और मुकदमा लंबित है, लेकिन किसी भी चश्मदीद गवाह को प्रभावित किया जा सकता है, क्योंकि उसकी छवि व्यापक रूप से प्रकाशित हुई है.","वह अभियोग और परीक्षण की प्रतीक्षा में हिरासत में है, लेकिन कोई भी आंखों देखी गवाही दूषित हो सकती है क्योंकि उसकी छवि को व्यापक रूप से प्रकाशित किया गया है।",0.8465735912322998,0.8867579698562622,0.8661999702453613,0.8864203691482544,0.9022282958030701,0.8942545056343079
288,ब्रिटेन में यह अन्य जगहों पर आम प्रथा है लेकिन स्कॉटिश न्याय अलग तरह से काम करता है और अदालतों ने तस्वीरों के प्रकाशन को संभावित रूप से हानिकारक माना है।,यह ब्रिटेन में कहीं और आम बात है लेकिन स्कॉटिश न्याय अलग तरीके से काम करता है और अदालतों ने तस्वीरों के प्रकाशन को संभावित नुक़सानदेह के रूप मे देखा हैं |,"यह यूके के अन्य जगहों पर सामान्य प्रथा है, लेकिन स्कॉटिश न्याय प्रणाली अलग तरीके से काम करती है और अदालतों ने तस्वीरों के प्रकाशन को संभावित रूप से पक्षपाती माना है।",0.8947970271110535,0.863611102104187,0.8789275288581848,0.9416115283966064,0.9263111352920532,0.9338986277580261
289,"डंडी विश्वविद्यालय की प्रोफेसर पामेला फर्ग्यूसन ने कहा कि ""यदि पत्रकार संदिग्धों की तस्वीरें आदि प्रकाशित करते हैं तो वे खतरनाक रेखा पर चल रहे हैं।""","यूनिवर्सिटी ऑफ़ डंडी के प्रोफ़ेसर पामेला फ़र्ग्यूसन लिखते हैं, “अगर संदिग्धों के फ़ोटो आदि प्रकाशित होते हैं तो पत्रकारों को यह ख़तरनाक मार्ग पर चलना लगता है”.","दुंडी विश्वविद्यालय की प्रोफेसर पामेला फर्ग्यूसन नोट करती हैं, ""पत्रकारों को संदिग्धों की तस्वीरें आदि प्रकाशित करते समय एक खतरनाक स्थिति में चलने का अनुभव होना चाहिए।""",0.854407787322998,0.8200668096542358,0.8368852138519287,0.9062902927398682,0.8863823413848877,0.8962257504463196
290,मुकदमेबाजी के लिए कुल प्रभारी क्राउन ऑफिस ने पत्रकारों को बताया है कि आरोप लगाने तक कम से कम कोई और टिप्पणी नहीं की जाएगी।,"क्राउन ऑफिस, जो कि अभियोग पक्ष के लिए ज़िम्मेदार है, ने पत्रकारों को संकेत दिया है कि कम से कम अभियोग लगने तक कोई टिप्पणी नहीं की जाएगी।","क्राउन कार्यालय, जो अभियोजन के समग्र प्रभार में है, ने पत्रकारों को सूचित किया है कि अंतिम अभियोग तक कम से कम कोई और टिप्पणी नहीं की जाएगी।",0.8542705774307251,0.8243749737739563,0.8390565514564514,0.855793297290802,0.8416105508804321,0.8486425876617432
291,"इस दस्तावेज में, लीक के अनुसार, सीमा विवाद का उल्लेख किया जाएगा, जिसे फिलिस्तीन 1967 के मध्य पूर्व युद्ध से पहले की सीमाओं के आधार पर चाहता है।","लीक के अनुसार, दस्तावेज़, सीमा विवाद को संदर्भित करेगा, जो फ़िलिस्तीन 1967 के मध्यपूर्व युद्ध से पहले सीमाओं के आधार पर चाहता है.","दस्तावेज़ के अनुसार, यह सीमा विवाद का उल्लेख करेगा, जिसे फिलिस्तीन 1967 के मध्य पूर्व युद्ध से पहले की सीमाओं के आधार पर चाहता है।",0.9120845794677734,0.9041909575462341,0.9081205725669861,0.9301469326019287,0.9458842873573303,0.9379495978355408
292,बताया जा रहा है कि इस विषय में दोनों देशों के लिए पवित्र यरूशलेम की भविष्य की स्थिति और जॉर्डन घाटी के मुद्दे को शामिल किया गया है।,कथित तौर पर शामिल किए गए अन्य विषयों में यरुशलम की भविष्य की स्थिति शामिल है जो दोनों देशों और जॉर्डन घाटी समस्या के लिए पवित्र है.,अन्य चर्चित विषयों में reportedly येरूशलेम की भविष्य की स्थिति शामिल है जो दोनों देशों के लिए पवित्र है और जॉर्डन घाटी का मुद्दा भी शामिल है।,0.8341859579086304,0.8428770303726196,0.8385089635848999,0.8630532622337341,0.8723343014717102,0.8676689863204956
293,इजरायल एक समझौते पर हस्ताक्षर करने के बाद घाटी में दस साल के लिए सैन्य उपस्थिति की मांग करता है जबकि पीए केवल पांच साल के लिए ऐसी उपस्थिति छोड़ने के लिए सहमत है।,"किसी समझौते पर हस्ताक्षर होने के बाद इज़राइल, वर्तमान सैन्य स्थिति को अगले दस सालों तक बनाए रखने की मांग करता है, जबकि पीए वर्तमान सैन्य स्थिति को केवल पांच साल तक जारी रखने के लिए सहमत है।","इज़राइल एक समझौते पर हस्ताक्षर होने के बाद घाटी में दस वर्षों तक एक निरंतर सैन्य उपस्थिति की मांग करता है, जबकि PA ऐसी उपस्थिति को केवल पांच वर्षों के लिए छोड़ने पर सहमत होता है।",0.8786592483520508,0.8616678714752197,0.8700805902481079,0.9280610680580139,0.9151390790939331,0.9215547442436218
294,"पूरक कीट नियंत्रण परीक्षण में शूटिंग करने वालों की बारीकी से निगरानी रेंजर्स द्वारा की जानी थी, क्योंकि परीक्षण की निगरानी की गई थी और इसकी प्रभावशीलता का मूल्यांकन किया गया था।","जैसा कि परीक्षण की निगरानी की गई थी और इसकी प्रभावशीलता का मूल्यांकन किया गया था, उसी तरह पूरक कीट नियंत्रण परीक्षण में निशानेबाज़ों की रेंजरों द्वारा बारीकी से निगरानी की जानी थी.","संपूर्ण कीट नियंत्रण परीक्षण में शूटरों की निकटता से रेंजर्स द्वारा निगरानी की जानी थी, क्योंकि परीक्षण की निगरानी की जा रही थी और इसकी प्रभावशीलता का मूल्यांकन किया जा रहा था।",0.887188196182251,0.8645042181015015,0.8756993412971497,0.9315754175186157,0.9354629516601562,0.9335151314735413
295,"एनपीडब्ल्यूएस और ऑस्ट्रेलिया के स्पोर्टिंग शूटर एसोसिएशन (एनएसडब्ल्यू) इंक के साझेदारी में, स्पोर्टिंग शूटर एसोसिएशन के शिकार कार्यक्रम के तहत योग्य स्वयंसेवकों को भर्ती किया गया।",NPWS और ऑस्ट्रेलिया के स्पोर्टिंग शूटर्स एसोसिएशन (NSW) के बीच साझेदारी में टैलेंट हंटिंग शो के तहत काबिल स्वयंसेवकों की भर्ती की गई थी.,"NPWS और ऑस्ट्रेलिया के स्पोर्टिंग शूटरों संघ (NSW) इंक के सहयोग में, पकड़े गए योग्य स्वयंसेवकों की भर्ती की गई, जो स्पोर्टिंग शूटरों संघ के शिकार कार्यक्रम के तहत की गई।",0.8191946744918823,0.8544571399688721,0.8364543914794922,0.8086835145950317,0.8808389902114868,0.8432204723358154
296,"एनपीडब्ल्यूएस के पार्क संरक्षण और विरासत के कार्यवाहक निदेशक मिक ओ'फ्लिन के अनुसार, पहले शूटिंग ऑपरेशन के लिए चुने गए चार शूटरों को सुरक्षा और प्रशिक्षण के लिए व्यापक निर्देश प्राप्त हुए।","NPWS के उद्यान संरक्षण और विरासत के कार्यवाहक निदेशक, मिक ओफ्लिन के अनुसार, शूटिंग ऑपरेशन के लिए चुने गए पहले चार निशानेबाजों को सुरक्षा और प्रशिक्षण से जुड़े व्यापक निर्देश मिले हैं.","मिक ओ'फ्लिन के अनुसार, एनपीडब्ल्यूएस के पार्क संरक्षण और विरासत के कार्यकारी निदेशक, पहले शूटिंग ऑपरेशन के लिए चुने गए चार शूटर्स को व्यापक सुरक्षा और प्रशिक्षण निर्देश प्राप्त हुआ।",0.9009476900100708,0.9063509702682495,0.9036412239074707,0.9466317892074585,0.9510703086853027,0.9488458633422852
297,मार्टेली ने कल नौ सदस्यों की एक नई अस्थायी निर्वाचन परिषद (सीईपी) में शपथ ली।,मार्टेली ने कल नौ सदस्यों के एक नए अनंतिम चुनाव परिषद (CEP) में शपथ ली.,मार्टेली ने昨日 एक नए अस्थायी चुनाव परिषद (CEP) के नौ सदस्यों की शपथ ली।,0.9277917146682739,0.9398705363273621,0.9337921142578125,0.910232424736023,0.913973331451416,0.9120990037918091
298,यह चार साल में मार्टेलि के पांचवें सीईपी है।,चार साल में यह मार्टेली का पांचवां सीईपी है।,यह मार्टेली का चार वर्षों में पाँचवाँ CEP है।,0.9417179822921753,0.9475122094154358,0.9446061849594116,0.8671879768371582,0.8774821758270264,0.8723046779632568
299,पिछले महीने एक राष्ट्रपति आयोग ने देश को नए चुनाव की ओर ले जाने के उपायों के पैकेज के हिस्से के रूप में पूर्व सीईपी के इस्तीफे की सिफारिश की थी।,पिछले महीने एक प्रेसिडेंशियल कमीशन ने देश को नए चुनावों की ओर बढ़ने के उपाय के पैकेज के एक हिस्से के रूप में सीईपी के पूर्व त्यागपत्र की अनुशंसा की.,पिछले महीने एक राष्ट्रपति आयोग ने नए चुनावों की दिशा में देश को आगे बढ़ाने के लिए उपायों के पैकेज के हिस्से के रूप में पूर्व सीईपी के इस्तीफे की सिफारिश की।,0.893565833568573,0.8646913766860962,0.8788915276527405,0.9571338891983032,0.9409851431846619,0.9489908814430237
300,आयोग अक्टूबर में शुरू हुए व्यापक विरोधी प्रदर्शनों के लिए मार्टेलियों की प्रतिक्रिया थी।,अक्टूबर में शुरू हुए व्यापक शासन विरोधी प्रदर्शनों के लिए आयोग का गठन मार्टेली की प्रतिक्रिया स्वरूप हुआ था.,आयोग मार्टेली की प्रतिक्रिया थी व्यापक विरोध प्रदर्शनों के खिलाफ जो अक्टूबर में शुरू हुए थे।,0.895169734954834,0.8572195768356323,0.8757836818695068,0.8929594159126282,0.8700307607650757,0.8813459277153015
301,"कभी-कभी हिंसक विरोध प्रदर्शनों की वजह चुनावों की विफलता थी, जिनमें से कुछ 2011 से होने वाले थे।","2011 के बाद से, कभी-कभी चुनाव कराने में रहने की वजह से हिंसक विरोध शुरू हो गया था.","कभी-कभीviolent प्रदर्शनों को चुनाव न कराने की विफलता के कारण शुरू किया गया, जिनमें से कुछ 2011 से देरी में हैं।",0.8180286884307861,0.8283853530883789,0.8231744766235352,0.8040758967399597,0.8084195852279663,0.8062419295310974
302,"आईपॉड में ओवरहीटिंग के लगभग 60 मामले सामने आए हैं, जिससे कुल छह आग लग गई और चार लोगों को मामूली जलन हुई।","आईपॉड ओवरहीटिंग में खराबी के लगभग 60 मामले सामने आए हैं, जिससे कुल छह बार आग लगी और चार लोग मामूली रूप से जल गए।","लगभग 60 मामलों में iPod के अधिक गर्म होने के कारण खराबी की रिपोर्ट की गई है, जिससे कुल छह आग लगने की घटनाएँ हुईं और चार लोगों को हल्की जलन का सामना करना पड़ा।",0.9357140064239502,0.9197481274604797,0.9276624321937561,0.8157174587249756,0.7873797416687012,0.8012981414794922
303,"जापान के अर्थशास्त्र, व्यापार और उद्योग मंत्रालय (METI) ने कहा कि उन्हें इन उपकरणों से संबंधित 27 दुर्घटनाओं का पता था।","जापान के अर्थव्यवस्था, व्यापार और उद्योग मंत्रालय (METI) ने कहा कि उसे उपकरणों से संबंधित 27 दुर्घटनाओं की जानकारी थी.","जापान के आर्थिक, व्यापार और उद्योग मंत्रालय (METI) ने कहा कि वह इन उपकरणों से संबंधित 27 दुर्घटनाओं के बारे में जानता था।",0.9503828883171082,0.9597797989845276,0.955058217048645,0.9498695135116577,0.9446002840995789,0.9472275972366333
304,"पिछले हफ्ते, METI ने घोषणा की कि Apple ने इसे 34 अतिरिक्त अति ताप घटनाओं के बारे में सूचित किया था, जिसे कंपनी ने ""गंभीर नहीं"" कहा था।","पिछले हफ्ते, METI ने घोषणा की कि Apple ने 34 ओवरहीटिंग के मामले सामने आये है , जिसे कंपनी ने गंभीरता से नहीं लिया ।","पिछले सप्ताह, METI ने घोषणा की कि Apple ने उसे 34 अतिरिक्त अधिक गर्मी के मामलों की सूचना दी, जिसे कंपनी ने ""गंभीर नहीं"" कहा।",0.8499016761779785,0.8665980100631714,0.8581686019897461,0.8859191536903381,0.9056412577629089,0.8956716656684875
305,"मंत्रालय ने रिपोर्ट को Apple द्वारा स्थगित करने को ""सत्य दुखद"" कहकर जवाब दिया।",मंत्रालय ने एप्पल की रिपोर्ट के स्थगन को यह कहते हुए प्रतिक्रिया दी है कि वह “यकीनन पछतावे के योग्य है.”,"इस मंत्रालय ने एप्पल की रिपोर्ट को स्थगित करने को ""वास्तव में खेदजनक"" कहा।",0.769301176071167,0.726168692111969,0.7471129894256592,0.8423272371292114,0.8384222388267517,0.840370237827301
306,भूकंप ने मारीना को स्थानीय समय के अनुसार सुबह 07:19 बजे (शुक्रवार को रात 09:19 बजे) मारा।,मारियाना में भूकंप का झटका स्थानीय समयानुसार सुबह 07:19 बजे (09:19 बजे जीएमटी शुक्रवार) आया।,भूकंप ने मारियाना में स्थानीय समय अनुसार सुबह 07:19 बजे (शुक्रवार को रात 09:19 बजे GMT) प्रहार किया।,0.8704725503921509,0.8455444574356079,0.8578274250030518,0.9279857873916626,0.9147268533706665,0.9213086366653442
307,उत्तरी मैरियाना के आपातकालीन प्रबंधन कार्यालय ने कहा कि देश में कोई क्षति नहीं बताई गई है।,उत्तरी मैरिएनस इमरजेंसी प्रबंधन कार्यलय की ओर से कहा गया कि राष्ट्र में नुकसान की कोई सूचना प्राप्त नहीं हुई थी.,उत्तरी मारियाना के आपातकालीन प्रबंधन कार्यालय ने कहा कि राष्ट्र में कोई क्षति की रिपोर्ट नहीं मिली।,0.8442401885986328,0.8266929388046265,0.8353744149208069,0.9255775213241577,0.9310528635978699,0.9283071756362915
308,प्रशांत सुनामी चेतावनी केंद्र ने भी कहा कि सुनामी का कोई संकेत नहीं है।,पैसिफ़िक सुनामी चेतावनी केंद्र ने भी यह कहा कि सुनामी के कोई संकेत नहीं हैं.,पैसिफिक सुनामी चेतावनी केंद्र ने कहा कि सुनामी का कोई संकेत नहीं था।,0.9387979507446289,0.9027109146118164,0.9204007983207703,0.9372678995132446,0.9214509129524231,0.9292920827865601
309,फिलीपींस की राजधानी मनीला में एक पूर्व फिलीपींस पुलिसकर्मी ने हॉन्गकॉन्ग के पर्यटकों को उनके बस को अपहरण करके बंधक बना रखा है।,फिलीपींस के राजधानी मनीला में एक पूर्व फिलिपिनो पुलिसकर्मी ने उनकी बस को अपहरण करके हांगकांग के पर्यटकों को बंधक बना रखा है।,एक पूर्व फिलिपिनो पुलिसकर्मी ने फिलीपींस की राजधानी मनीला में पर्यटकों की बस का अपहरण कर हांगकांग के पर्यटकों को बंधक बना लिया है।,0.9304038286209106,0.9254029393196106,0.9278966188430786,0.898973286151886,0.893099844455719,0.8960269093513489
310,रोलैंडो मेन्डोजा ने अपने एम 16 राइफल से पर्यटकों पर फायर किया।,रोलैंडो मेंडोज़ा ने अपनी M16 राइफल से पर्यटकों के ऊपर फायर किया।,रोलांदो मेन्डोज़ा ने पर्यटकों पर अपना M16 रायफल चलाई।,0.9346328973770142,0.9335918426513672,0.9341120719909668,0.8682724237442017,0.8819020986557007,0.8750342130661011
311,कई बंधकों को बचाया गया है और कम से कम छह की मौत की पुष्टि की गई है।,अभी तक कई बंधकों को बचा लिया गया है और कम से कम छह के मारे जाने की पुष्टि हुई है.,कई बंधकों को बचाया गया है और अब तक कम से कम छह लोगों की मौत की पुष्टि हो चुकी है।,0.9342413544654846,0.9159805178642273,0.9250208139419556,0.9558795690536499,0.9256631731987,0.9405287504196167
312,"बच्चों और बुजुर्गों सहित छह बंधकों को पहले ही रिहा कर दिया गया था, साथ ही फिलीपींस के फोटोग्राफरों को भी।","बच्चों और बुजुर्गों सहित छह बंधकों को जल्दी छोड़ दिया गया, और फिलिपिनो फोटोग्राफरों को भी।","छह बंधकों, जिनमें बच्चे और बुजुर्ग शामिल हैं, को जल्द ही रिहा किया गया, साथ ही फिलिपिनो फ़ोटोग्राफ़र भी।",0.8965041637420654,0.9158384799957275,0.9060682058334351,0.8669026494026184,0.8551703691482544,0.8609964847564697
314,लिगिंस ने अपने पिता के पदचिह्नों पर चलते हुए चिकित्सा में करियर शुरू किया।,लिगिंन्स ने अपने पिता की तरह चिकित्सा के क्षेत्र में अपने कैरियर की शुरूआत की.,लिगिन्स ने अपने पिता के नक्शेकदम पर चलते हुए चिकित्सा के क्षेत्र में करियर की शुरुआत की।,0.8251873254776001,0.8815610408782959,0.8524431586265564,0.9016033411026001,0.8896183967590332,0.8955707550048828
315,उन्होंने प्रसूति चिकित्सक के रूप में प्रशिक्षण लिया और 1959 में ऑकलैंड के राष्ट्रीय महिला अस्पताल में काम करना शुरू किया।,उन्हें एक प्रसूति विशेषज्ञ के रूप में प्रशिक्षित किया गया और 1959 में उन्होंने ऑकलैंड के राष्ट्रीय महिला अस्पताल में काम करना शुरू किया।,उन्होंने एक प्रसूति विशेषज्ञ के रूप में प्रशिक्षण प्राप्त किया और 1959 में ऑकलैंड के नेशनल विमेंस हॉस्पिटल में काम करना शुरू किया।,0.9322102665901184,0.9326743483543396,0.9324422478675842,0.9169095754623413,0.9006687998771667,0.90871661901474
316,अस्पताल में काम करते समय लिगिंस ने अपने खाली समय में समय से पहले प्रसव की जांच करना शुरू कर दिया।,"अस्पताल में काम करते हुए, लिगिन्स ने अपने खाली समय के दौरान समय से पहले प्रसव की जाँच शुरू कर दी.","जब वह अस्पताल में काम कर रहा था, लिगिंस ने अपने फुर्सत के समय में पूर्व जन्म लेने वाले श्रम की जांच करना शुरू किया।",0.9514842629432678,0.9461110830307007,0.9487900137901306,0.8777479529380798,0.8487401008605957,0.8630002737045288
317,उनके शोध से पता चला कि अगर एक हार्मोन दिया जाता है तो यह भ्रूण के फेफड़ों के परिपक्व होने को तेज कर देता है।,उनके शोध से पता चला कि अगर हार्मोन को प्रभाव में लाया जाए तो यह बच्चे के भ्रूण के फेफड़ों की परिपक्वता को गति देगा.,उसके शोध से पता चला कि यदि एक हार्मोन दिया जाता है तो यह बच्चे के भ्रूण के फेफड़ों के परिपक्वता को तेज कर देगा।,0.9007468223571777,0.8783658742904663,0.8894155621528625,0.9480892419815063,0.9312347769737244,0.9395864605903625
318,Xinhua ने बताया कि सरकारी जांचकर्ताओं ने बुधवार को दो 'ब्लैक बॉक्स' उड़ान रिकॉर्डर बरामद किए।,शिन्हुआ ने बताया कि सरकारी जाँचकर्ताओं ने बुधवार को दो 'ब्लैक बॉक्स' फ़्लाइट रिकॉर्डर बरामद किए हैं.,जिन्हुआ ने रिपोर्ट किया कि सरकारी जांचकर्ताओं ने बुधवार को दो 'ब्लैक बॉक्स' उड़ान रिकॉर्डर बरामद किए।,0.9260196685791016,0.8965551853179932,0.9110492467880249,0.9555757641792297,0.9325069189071655,0.9439004063606262
319,साथियों ने ल्यूना को श्रद्धांजलि भी दी।,लूना को साथी पहलवानों ने भी श्रद्धांजलि दी.,साथी पहलवानों ने भी लूना को श्रद्धांजलि दी।,0.9073020815849304,0.8664239645004272,0.8863919973373413,0.9169862270355225,0.8766409754753113,0.8963598012924194
320,"टॉमी ड्रीमर ने कहा था, ""लून एक्सट्रीम की पहली रानी थी, मेरा पहला प्रबंधक था, लून दो चंद्रमाओं की रात में निधन हो गया, उसकी तरह ही अनूठी, मजबूत महिला।""",टॉमी ड्रीमर ने कहा “लूना पहली क्वीन ऑफ़ एक्सट्रीम थी. मेरी पहली मैनेजर. लूना की मृत्यु दो चाँद वाली मशहूर रात में हुई थी. वह रात उसकी तरह ही ख़ास थी. वह बेहद शक्तिशाली महिला थी.”,"टॉमी ड्रीमर ने कहा ""लूना एक्सट्रीम की पहली रानी थी। मेरी पहली प्रबंधक। लूना दो चंद्रमाओं की रात को निधन हो गई। उसकी तरह ही अद्वितीय। मजबूत महिला।""",0.8019309043884277,0.7888255715370178,0.7953243255615234,0.926925539970398,0.9299741983413696,0.9284473657608032
321,"डस्टिन ""गोल्डस्ट"" रनेल्स ने टिप्पणी की कि ""लून मेरे जितना अजीब था... शायद और भी अधिक... उसे प्यार करो और उसे याद करो... आशा है कि वह एक बेहतर जगह पर है। """,डस्टिन “गोल्डस्ट” रनअल्स ने टिप्पणी की कि “लूना मेरे जैसी ही अजीब थी...शायद मुझसे भी अधिक...उसे प्यार करता हूँ और उसकी याद आएगी...आशा है कि वह एक बेहतर जगह में है।”,"डस्टिन ""गोल्डस्ट"" रनलेस ने टिप्पणी की कि ""लुना मेरी तरह ही अजीब थी... शायद उससे भी ज्यादा... उसे प्यार करता था और उसे याद करूंगा... आशा है कि वह एक बेहतर जगह है।""",0.8878482580184937,0.8645056486129761,0.8760214447975159,0.9368544816970825,0.9353770017623901,0.9361151456832886
322,"2010 के संघीय चुनाव से पहले सर्वेक्षण में शामिल 1,400 लोगों में से, 2008 के बाद से ऑस्ट्रेलिया को गणतंत्र बनने का विरोध करने वाले 8 प्रतिशत बढ़े हैं।","2010 के संघीय चुनाव से पहले 1,400 लोगों ने मतदान किया, 2008 से जो लोग ऑस्ट्रेलिया के गणतंत्र बनने का विरोध करते हैं उनमें 8 प्रतिशत की वृद्धि हुई.","2010 के संघीय चुनाव से पहले किए गए 1,400 लोगों के सर्वेक्षण में, जो लोग ऑस्ट्रेलिया के गणतंत्र बनने का विरोध करते हैं, उनकी संख्या 2008 के बाद 8 प्रतिशत बढ़ गई है।",0.8839093446731567,0.8777766227722168,0.880832314491272,0.9077817797660828,0.8927652835845947,0.9002109169960022
323,कार्यवाहक प्रधान मंत्री जूलिया गिलार्ड ने 2010 के संघीय चुनाव के अभियान के दौरान दावा किया कि उनका मानना है कि ऑस्ट्रेलिया को रानी एलिजाबेथ द्वितीय के शासनकाल के अंत में एक गणतंत्र बनना चाहिए।,कार्यवाहक प्रधानमंत्री जूलिया गिलार्ड ने 2010 के संघीय चुनाव के कैंपेन के दौरान दावा किया कि वह मानती हैं कि रानी एलिजाबेथ द्वितीय के शासनकाल के अंत में ऑस्ट्रेलिया को एक गणतंत्र बनना चाहिए.,अंतरिम प्रधानमंत्री जूलिया गिलार्ड ने 2010 के संघीय चुनाव के अभियान के दौरान दावा किया कि वह मानती हैं कि एलिजाबेथ द्वितीय के शासन के अंत में ऑस्ट्रेलिया को एक गणतंत्र बन जाना चाहिए।,0.947705090045929,0.9505184888839722,0.949109673500061,0.9246299266815186,0.9370356202125549,0.930791437625885
324,"सर्वेक्षण में शामिल 34 प्रतिशत लोग इस विचार को साझा करते हैं, वे चाहते हैं कि क्वीन एलिजाबेथ द्वितीय ऑस्ट्रेलिया की आखिरी राजशाही बनें।","उनमें से 34 फ़ीसदी लोगों ने मतदान में यह मत साझा करते हुए इच्छा जताई, कि वे क्वीन एलिज़ाबेथ द्वितीय को ऑस्ट्रेलिया की आखिरी रानी बनाना चाहते हैं.","सर्वेक्षण में शामिल 34 प्रतिशत लोग इस राय को साझा करते हैं, कि रानी एलीज़ाबेथ द्वितीय ऑस्ट्रेलिया की अंतिम सम्राज्ञी होनी चाहिए।",0.8620938062667847,0.823827862739563,0.8425265550613403,0.8632938861846924,0.8768062591552734,0.8699976205825806
325,"सर्वेक्षण के चरम पर, 29 प्रतिशत सर्वेक्षणकर्ताओं का मानना है कि ऑस्ट्रेलिया को जल्द से जल्द गणतंत्र बनना चाहिए, जबकि 31 प्रतिशत का मानना है कि ऑस्ट्रेलिया को कभी गणतंत्र नहीं बनना चाहिए।","सर्वे के नतीजे के मुताबिक, सर्वे में शामिल 29 प्रतिशत लोगों का मानना है कि ऑस्ट्रेलिया को जल्द से जल्द एक गणतंत्र बन जाना चाहिए, जबकि 31 प्रतिशत लोगों का मानना है कि ऑस्ट्रेलिया को कभी भी गणतंत्र नहीं बनना चाहिए.","सर्वेक्षण में शामिल 29 प्रतिशत लोग मानते हैं कि ऑस्ट्रेलिया को जल्द से जल्द गणतंत्र बन जाना चाहिए, जबकि 31 प्रतिशत लोग मानते हैं कि ऑस्ट्रेलिया को कभी गणतंत्र नहीं बनना चाहिए।",0.9239548444747925,0.9137594699859619,0.9188289046287537,0.9232027530670166,0.949183464050293,0.936012864112854
326,"ओलंपिक स्वर्ण पदक विजेता को राष्ट्रमंडल खेलों में 100 मीटर और 200 मीटर फ्रीस्टाइल और तीन रिले में तैरना था, लेकिन उनकी शिकायतों के कारण उनकी फिटनेस पर संदेह है।","ओलंपिक स्वर्ण पदक विजेता राष्ट्रमंडल खेलों में 100 मीटर और 200 मीटर फ़्रीस्टाइल और तीन रिले में तैरने वाला था, लेकिन उसकी शिकायतों के कारण उसकी स्वस्थता संदेह में रही है।","ओलंपिक स्वर्ण पदक विजेता को राष्ट्रमंडल खेलों में 100 मीटर और 200 मीटर फ्रीस्टाइल और तीन रिले दौड़ों में तैरना था, लेकिन उनकी शिकायतों के कारण उनकी फिटनेस पर संदेह है।",0.9345550537109375,0.923547089099884,0.929018497467041,0.9927585124969482,0.9771710634231567,0.9849031567573547
327,वह अपने दर्द को दूर करने के लिए आवश्यक दवाएं नहीं ले पा रहा है क्योंकि उन्हें खेलों से प्रतिबंधित किया गया है।,अपने दर्द को दूर करने के लिए वे ज़रूरी दवाओं को लेने में असमर्थ हो गए क्योंकि वे दवाइयाँ खेलों में प्रतिबंधित थीं.,उसे अपने दर्द को दूर करने के लिए आवश्यक दवाएं लेने में असमर्थता रही है क्योंकि वे खेलों से प्रतिबंधित हैं।,0.8642195463180542,0.8422545790672302,0.8530957102775574,0.9057339429855347,0.9042723774909973,0.9050025343894958
328,सेंट्रल मिसौरी विश्वविद्यालय के गणितज्ञ और कंप्यूटर विज्ञान के प्रोफेसर कर्टिस कूपर ने 25 जनवरी को अब तक का सबसे बड़ा ज्ञात प्राइम नंबर खोजा है।,"कर्टिस कूपर, सेंट्रल मिसौरी विश्वविद्यालय में एक गणितज्ञ और कंप्यूटर विज्ञान के प्रोफेसर ने 25 जनवरी को अब तक की सबसे बड़ी ज्ञात प्राइम संख्या की खोज की है।","कर्टिस कूपर, केंद्रीय मिसौरी विश्वविद्यालय के गणित और कंप्यूटर विज्ञान के प्रोफेसर, ने 25 जनवरी को अब तक का सबसे बड़ा ज्ञात प्राथमिक संख्या खोजा है।",0.9404773116111755,0.9334393739700317,0.9369451403617859,0.9120664596557617,0.9346128106117249,0.9232019782066345
329,फरवरी की शुरुआत तक कई लोगों ने विभिन्न हार्डवेयर और सॉफ्टवेयर का उपयोग करके खोज की पुष्टि की और मंगलवार को इसकी घोषणा की गई।,कई लोगों ने फरवरी की शुरुआत में कई हार्डवेयर और सॉफ़्टवेयर इस्तेमाल करके खोज की पुष्टि की है और मंगलवार को इसकी घोषणा की गई थी.,"कई लोगों ने फरवरी की शुरुआत तक विभिन्न हार्डवेयर और सॉफ़्टवेयर का उपयोग करके इस खोज की पुष्टि की, और इसे मंगलवार को घोषित किया गया।",0.9555909037590027,0.9455052018165588,0.9505212903022766,0.94724041223526,0.923545241355896,0.935242772102356
330,यह संभव है कि उल्कापिंड पृथ्वी को पानी और जैविक पदार्थों के साथ-साथ प्रोटीन और जीवन को बनाए रखने के लिए एक स्रोत थे।,धूमकेतु अंग के साथ संभवतः पृथ्वी पर जल वितरण का स्रोत हो सकता है|”,"धूमकेतु संभवतः पृथ्वी पर पानी पहुंचाने के स्रोत रहे होंगे, साथ ही ऐसे कार्बनिक पदार्थ जो प्रोटीन बनाने और जीवन का समर्थन करने में सक्षम हैं।",0.7306644916534424,0.7355704307556152,0.7331092357635498,0.7872318625450134,0.7647442817687988,0.7758250832557678
331,"वैज्ञानिकों को उम्मीद है कि वे समझेंगे कि ग्रह कैसे बनते हैं, विशेष रूप से पृथ्वी कैसे बनती है, चूंकि धूमकेतु लंबे समय से पृथ्वी से टकरा चुके हैं।","वैज्ञानिकों को यह समझने की उम्मीद है कि ग्रह कैसे बनते हैं, खासकर पृथ्वी कैसे बनी, चूँकि धूमकेतु पृथ्वी से बहुत पहले टकरा चुके थे.","वैज्ञानिकों को आशा है कि वे यह समझ सकेंगे कि ग्रहों का निर्माण कैसे होता है, खासकर यह कि पृथ्वी कैसे बनी, क्योंकि लंबे समय पहले धूमकेतुओं ने पृथ्वी से टकराया था।",0.911693274974823,0.9272360801696777,0.9193989634513855,0.872085452079773,0.873467206954956,0.8727757930755615
332,53 वर्षीय कुओमो ने इस साल की शुरुआत में अपना गवर्नर पद शुरू किया और पिछले महीने एक विधेयक पर हस्ताक्षर किए जो समलैंगिक विवाह को वैध बनाता है।,इस साल की शुरुआत में 53 साल के कुओमो ने अपना शासनकाल शुरू किया और पिछले महीने समलैंगिक विवाह को वैध बनाने वाले बिल पर हस्ताक्षर किए.,"क्यूमो, 53, ने इस वर्ष की शुरुआत में अपने राज्यपाल पद की शपथ ली थी और पिछले महीने समलैंगिक विवाह को वैध करते हुए एक विधेयक पर हस्ताक्षर किए।",0.8870722055435181,0.9194592237472534,0.9029754400253296,0.8692926168441772,0.8705529570579529,0.8699223399162292
333,"उन्होंने अफवाहों को ""राजनीतिक चर्चा और मूर्खता"" बताया।",उन्होंने अफवाहों को “राजनीतिक बकवास और मूर्खतापूर्ण” कहा.,"उसने इन अफवाहों को ""राजनीतिक बातचीत और बेवकूफी"" के रूप में संदर्भित किया।",0.8640965223312378,0.8718441724777222,0.8679530620574951,0.8537258505821228,0.8165302872657776,0.834713876247406
334,अनुमान है कि वह 2016 में राष्ट्रपति पद के लिए चुनाव लड़ेंगे।,उन्होंने 2016 में राष्ट्रपति पद के लिए जीत हासिल करने का अनुमान लगाया है.,यह अनुमान लगाया जा रहा है कि वह 2016 में राष्ट्रपति पद के लिए चुनाव लड़ सकते हैं।,0.8471402525901794,0.8309230804443359,0.8389532566070557,0.9426083564758301,0.9030768275260925,0.9224192500114441
335,NextGen एक प्रणाली है जो FAA का दावा है कि विमानों को कम मार्गों पर उड़ान भरने की अनुमति देगा और हर साल लाखों गैलन ईंधन की बचत होगी और कार्बन उत्सर्जन को कम करेगा।,नेक्स्टजेन प्रणाली बारे में एफएए का दावा है कि इससे विमान को छोटे मार्गों से उड़ाना और हर साल लाखों गैलन ईंधन बचाना संभव होगा और इससे कार्बन उत्सर्जन में भी कमी आएगी।,NextGen एक प्रणाली है जिसे FAA का दावा है कि यह विमानों को छोटे रास्तों पर उड़ान भरने की अनुमति देगा और हर साल लाखों गैलन ईंधन बचाएगा और कार्बन उत्सर्जन को कम करेगा।,0.8478489518165588,0.8490327000617981,0.848440408706665,0.9577867388725281,0.9570715427398682,0.9574289917945862
336,यह पुराने ग्राउंड-रैडर आधारित तकनीक के विपरीत उपग्रह आधारित तकनीक का उपयोग करता है ताकि हवाई यातायात नियंत्रकों को विमानों को अधिक सटीकता से पहचानने और पायलटों को अधिक सटीक जानकारी देने की अनुमति मिल सके।,"यह उपग्रह-आधारित प्रौद्योगिकी का उपयोग करता है, जो पुराने ज़मीनी-रडार-आधारित तकनीक के विपरीत है, जिससे हवाई यातायात नियंत्रकों को अधिक सटीकता के साथ विमान को चलाने और पायलटों को अधिक सटीक जानकारी देने में मदद मिलती है.","यह उपग्रह-आधारित प्रौद्योगिकी का उपयोग करता है, जो पुराने ग्राउंड-रडार-आधारित प्रौद्योगिकी के विपरीत है, जिससे हवाई यातायात नियंत्रक विमानों को अधिक सटीकता के साथ स्थानांतरित कर सकते हैं और पायलटों को अधिक सटीक जानकारी प्रदान कर सकते हैं।",0.8886480927467346,0.8808795809745789,0.884746789932251,0.8623942136764526,0.8626117706298828,0.862502932548523
337,"कोई अतिरिक्त परिवहन नहीं किया जा रहा है और भूमिगत ट्रेनें वेम्बली में नहीं रुकेंगी, और कार पार्किंग और पार्किंग और सवारी सुविधाएं जमीन पर उपलब्ध नहीं हैं।","कोई अतिरिक्त परिवहन नहीं लगाया जा रहा है और वेम्बली में ओवरग्राउंड ट्रेनें नहीं रुकेंगी, और ग्राउंड पर कार पार्किंग तथा पार्क और सवारी की सुविधाएँ उपलब्ध नहीं होंगी.","कोई अतिरिक्त परिवहन की व्यवस्था नहीं की जा रही है और उपरी ट्रेनें वेम्बली पर नहीं रुकेंगी, और मैदान पर कार पार्किंग तथा पार्क-एंड-राइड सुविधाएँ उपलब्ध नहीं हैं।",0.9212907552719116,0.8849703073501587,0.9027653336524963,0.9250256419181824,0.8916833400726318,0.9080484509468079
338,परिवहन की कमी के डर से यह संभावना बढ़ी कि खेल टीम के समर्थकों के बिना बंद दरवाजे के पीछे खेला जाएगा।,ट्रांसपोर्टेशन की कमी के डर ने यह संभावना बढ़ाई कि खेल टीम के समर्थकों के बिना बंद दरवाज़े के पीछे खेले जाने की मजबूरी होगी.,परिवहन की कमी का डर इस बात की संभावना बढ़ा गया कि खेल को टीम के समर्थकों के बिना बंद दरवाजों के पीछे खेलने के लिए मजबूर होना पड़ सकता है।,0.910885214805603,0.8678208589553833,0.8888317346572876,0.9136414527893066,0.8702801465988159,0.8914337754249573
339,साइंस पत्रिका में गुरुवार को प्रकाशित एक अध्ययन में इक्वाडोर के गैलापागोस द्वीपसमूह पर एक नई पक्षी प्रजाति के गठन की सूचना दी गई।,जर्नल साइंस में गुरूवार को प्रकाशित एक अध्ययन ने इक्वाडोरियन गैलापागोस आइलैंड पर एक नई पक्षी प्रजाति के निर्माण की सूचना दी.,गुरुवार को विज्ञान पत्रिका में प्रकाशित एक अध्ययन में बताया गया है कि इक्वाडोर के गालापागोस द्वीपों पर एक नई पक्षी प्रजाति का निर्माण हुआ है।,0.8731418251991272,0.8697080612182617,0.8714215755462646,0.8714815378189087,0.8872389197349548,0.8792896270751953
340,"संयुक्त राज्य अमेरिका के प्रिंसटन विश्वविद्यालय और स्वीडन के उप्साला विश्वविद्यालय के शोधकर्ताओं ने बताया कि नई प्रजाति केवल दो पीढ़ियों में विकसित हुई, हालांकि इस प्रक्रिया में बहुत अधिक समय लगने का विश्वास किया गया था, एक अंतःवर्ती डार्विन फिंच, जियोस्पीज़ा फोर्ट्स और आप्रवासी काक्टस फिंच, जियोस्पीज़ा कोनिस्ट्रिस के बीच प्रजनन के कारण।","संयुक्त राज्य अमेरिका में प्रिंसटन विश्वविद्यालय और स्वीडन में उप्साला विश्वविद्यालय के शोधकर्ताओं ने बताया कि नई प्रजातियाँ सिर्फ दो पीढ़ियों में विकसित हुईं, हालाँकि एक स्थानिक डार्विन फिंच, जियोस्पाइज़ा फोर्टेस और अप्रवासी कैक्टस फिंच, जिओस्पिज़ा कोनिरोस्ट्रिस के बीच प्रजनन के कारण इस प्रक्रिया में काफी समय लगने की बात कही गई थी.","प्रिंसटन विश्वविद्यालय, संयुक्त राज्य अमेरिका और उल्साला विश्वविद्यालय, स्वीडन के शोधकर्ताओं ने रिपोर्ट किया कि नई प्रजाति केवल दो पीढ़ियों में विकसित हुई, हालांकि इस प्रक्रिया को बहुत लंबे समय तक चलने के लिए माना जाता था, जो एक विशिष्ट डार्विन फिंच, गियोस्पिज़ा फोर्टेस, और अप्रवासी कैक्टस फिंच, गियोस्पिज़ा कोनिरोस्ट्रिस के बीच प्रजनन के कारण थी।",0.9072246551513672,0.8942383527755737,0.900684654712677,0.9061205387115479,0.8992670178413391,0.9026808142662048
341,सोने को हर तरह के आकारों में तैयार किया जा सकता है।,सोना हर तरह के आकार में काम कर सकता है. इसे छोटे आकार में मोड़ा जा सकता है.,सोने को हर प्रकार के आकार में ढाला जा सकता है। इसे छोटे आकारों में रोल किया जा सकता है।,0.8760186433792114,0.84534752368927,0.8604098558425903,0.9328230023384094,0.8962748050689697,0.9141837954521179
342,"इसे पतली तार में खींचकर घुमाया जा सकता है, जिसे घुमाया जा सकता है और बुना जा सकता है। इसे हथौड़ा मारकर या शीट में लपेटा जा सकता है।","इसे पतले तार में खींचा जा सकता है, जिसे मोड़ा और गूंथा जा सकता है। इसे पीटा जा सकता है या शीट बनाई जा सकती हैं।","यह सीधाचट कर पतली तार में खींचा जा सकता है, जिसे मोड़ा और बुनाई किया जा सकता है। इसे हथौड़े से पीटा या शीट्स में लुढ़काया जा सकता है।",0.8621795177459717,0.8898243308067322,0.8757838010787964,0.9023197889328003,0.8922830820083618,0.8972733616828918
343,"इसे बहुत पतला बनाया जा सकता है, और इसे अन्य धातु पर चिपकाया जा सकता है। यह इतना पतला किया जा सकता है कि कभी-कभी इसका उपयोग ""प्रकाशित पांडुलिपियों"" नामक पुस्तकों में हाथ से चित्रित चित्रों को सजाने के लिए किया जाता था।",इसे काफ़ी पतला बनाया जा सकता है और दूसरी धातु पर लगाया जा सकता है. इसे इतना पतला बनाया जा सकता है कि इसे कभी-कभी “प्रकाशित पांडुलिपियाँ” नामक किताबों में हाथ से बनाए गए चित्रों को सजाने के लिए इस्तेमाल किया जाता था.,"यह बहुत पतला बनाया जा सकता है, और इसे अन्य धातुओं पर चिपकाया जा सकता है। इसे इतना पतला बनाया जा सकता है कि इसका उपयोग कभी-कभी किताबों में हाथ से बनाई गई तस्वीरों को सजाने के लिए किया जाता था, जिन्हें ""प्रकाशित पांडुलिपियाँ"" कहा जाता है।",0.9238027334213257,0.9126263856887817,0.9181805849075317,0.9406796097755432,0.9136582016944885,0.9269720315933228
344,इसे रासायनिक के पीएच कहते हैं. आप लाल कबाब रस का उपयोग करके एक सूचक बना सकते हैं.,इसे केमिकल का pH कहा जाता है. आप लाल गोभी के जूस का इस्तेमाल करके एक संकेतक बना सकते हैं.,यह एक रासायनिक का pH कहा जाता है। आप लाल पत्तागोभी के रस का उपयोग करके एक संकेतक बना सकते हैं।,0.8403341174125671,0.8614805936813354,0.8507760167121887,0.876354992389679,0.8736344575881958,0.8749925494194031
345,कबाब का रस रसायन के कितने अम्ल या आधारभूत (क्षारीक) होने पर रंग बदलता है।,गोभी का जूस अम्लीय या आधारभूत (क्षारीय) रसायन के आधार पर रंग बदलता है.,गोभी का रस रंग बदलता है इस पर निर्भर करता है कि रासायनिक पदार्थ कितना अत्यधिक या बेसिक (क्षारीय) है।,0.8569210767745972,0.8743326663970947,0.8655393123626709,0.8145643472671509,0.7859306335449219,0.7999913692474365
346,पीएच स्तर को परीक्षण किए गए रसायन में हाइड्रोजन (पीएच में एच) आयनों की मात्रा से दर्शाया जाता है।,पीएच (pH) स्तर हाइड्रोजन (पीएच में मौजूद एच) कण के आधार पर बनता है.,pH स्तर उस रासायनिक पदार्थ में परीक्षण किए गए हाइड्रोजन (pH में H) आयनों की मात्रा से संकेतित होता है।,0.8082127571105957,0.8349801301956177,0.8213784098625183,0.8279855251312256,0.8427373766899109,0.8352962732315063
347,हाइड्रोजन आयन प्रोटॉन होते हैं जिनके इलेक्ट्रॉनों को उनसे हटा दिया जाता है (क्योंकि हाइड्रोजन परमाणु एक प्रोटॉन और एक इलेक्ट्रॉन से मिलकर बनते हैं) ।,हाइड्रोजन आयन वे प्रोटोन्स हैं जिनके इलेक्ट्रॉन्स ने उन्हें हटा दिया (क्योंकि हाइड्रोजन एटम एक प्रोटान और एक इलेक्ट्रॉन से मिल कर बना होता है).,हाइड्रोजन आयन ऐसे प्रोटॉन होते हैं जिनसे इलेक्ट्रॉन हटा दिए गए हैं (क्योंकि हाइड्रोजन परमाणु एक प्रोटॉन और एक इलेक्ट्रॉन से बने होते हैं)।,0.8921098113059998,0.8996187448501587,0.8958485722541809,0.9326927065849304,0.9518038630485535,0.9421513676643372
348,सूखे पाउडर को एक साथ घुमाएं और फिर साफ गीले हाथों से उन्हें एक गेंद में दबाएं।,"दोनों सूखे चूर्णों को एक साथ मिला लें और फिर साफ़ गीले हाथों से, एक गोले में निचोड़ लें.","दोनों सूखे पाउडर को मिलाएं और फिर, साफ गीले हाथों से, उन्हें एक गेंद की तरह दबाएं।",0.8467971682548523,0.8383702635765076,0.8425626754760742,0.9308576583862305,0.9269579648971558,0.9289036989212036
349,"आपके हाथों पर नमी बाहरी परतों के साथ प्रतिक्रिया करेगी, जो अजीब महसूस करेगी और एक तरह की खोल बन जाएगी।","आपके हाथों की नमी बाहरी परतों के साथ क्रिया करेगी, जो अजीब महसूस करेगी और एक तरह का आवरण बनाएगी.","आपके हाथों पर नमी बाहरी परतों के साथ प्रतिक्रिया करेगी, जो अजीब महसूस होगी और एक तरह का खोल बना देगी।",0.9377523064613342,0.9452300667762756,0.9414763450622559,0.9662959575653076,0.9734289646148682,0.9698493480682373
350,"हरप्पा और मोहनजो-दारो के शहरों में लगभग हर घर में एक फ्लश टॉयलेट था, जो एक परिष्कृत सीवेज सिस्टम से जुड़ा था।","हड़प्पा और मोहन-जोदड़ो के शहरों में लगभग हर घर में एक फ़्लश शौचालय था, जो एक परिष्कृत सीवेज सिस्टम से जुड़ा था.","हरप्पा और मोहनजो-दारो के शहरों में लगभग हर घर में एक फ्लश टॉयलेट था, जो एक विकसित सीवेज सिस्टम से जुड़ा हुआ था।",0.9328506588935852,0.9299601316452026,0.9314031004905701,0.9669326543807983,0.9859133362770081,0.9763306975364685
351,ग्रीस के क्रीट और सैंटोरिनी के मिनो शहरों के घरों में सीवेज सिस्टम के अवशेष मिले हैं।,ग्रीस में मिनोअन सिटीज़ ऑफ़ क्रेटे एंड सांटोरिनी के घरों में सिवेज सिस्टम्स के अवशेष पाए गए हैं.,क्रीट और सैंटोरिनी में मिनोईन शहरों के घरों में नाले प्रणाली के अवशेष मिले हैं।,0.8910865783691406,0.8594321012496948,0.8749731779098511,0.8891901969909668,0.9041594862937927,0.8966123461723328
352,"प्राचीन मिस्र, फारस और चीन में शौचालय भी थे। रोमन सभ्यता में, शौचालय कभी-कभी सार्वजनिक स्नानगृहों का हिस्सा थे जहां पुरुष और महिलाएं मिश्रित कंपनी में एक साथ थीं।","प्राचीन मिस्र, पर्शिया और चीन में शौचालय भी थे. रोमन सभ्यता में शौचालय स्नान घरों का हिस्सा होते थे, जिन्हें पुरुष और महिलाएँ दोनों ही समूह में एक साथ इस्तेमाल करते थे.","प्राचीन मिस्र, फारस और चीन में भी शौचालय थे। रोमन सभ्यता में, कभी-कभी शौचालय सार्वजनिक स्नानघरों का हिस्सा होते थे, जहाँ पुरुष और महिलाएँ एक साथ मिलकर होते थे।",0.8911525011062622,0.9039347171783447,0.8974980711936951,0.936613917350769,0.9510295391082764,0.9437666535377502
353,"जब आप किसी को हजारों मील दूर कॉल करते हैं, तो आप उपग्रह का उपयोग कर रहे हैं।","हज़ारों मील दूर किसी को कॉल करने के लिए, आप सैटेलाइट इस्तेमाल करते हैं.","जब आप किसी को कॉल करते हैं जो हजारों मील दूर है, तो आप एक उपग्रह का उपयोग कर रहे हैं।",0.845998227596283,0.8307574987411499,0.838308572769165,0.9671761393547058,0.9449177980422974,0.9559174180030823
354,"अंतरिक्ष में उपग्रह कॉल प्राप्त करता है और फिर उसे वापस प्रतिबिंबित करता है, लगभग तुरंत.","अंतरिक्ष में उपग्रह को कॉल मिलता है और फिर इसे वापस नीचे, उसी समय परावर्तित करता है.",空间中的卫星接到信号后，几乎瞬间将其反射回地面。,0.8609880208969116,0.8579006195068359,0.8594415187835693,0.6868544220924377,0.7026290893554688,0.694652259349823
355,अंतरिक्ष में वैज्ञानिक दूरबीन का इस्तेमाल करते हैं क्योंकि पृथ्वी का वायुमंडल हमारे प्रकाश और दृष्टि का कुछ हिस्सा विकृत करता है।,उपग्रह को एक रॉकेट से अंतरिक्ष में भेजा गया था. वैज्ञानिक अंतरिक्ष में दूरबीनों का उपयोग करते हैं क्योंकि पृथ्वी का वायुमंडल हमारे कुछ प्रकाश और दृश्य को अशुद्ध करता है.,उपग्रह को एक रॉकेट द्वारा अंतरिक्ष में भेजा गया। वैज्ञानिक अंतरिक्ष में टेलीस्कोप का उपयोग करते हैं क्योंकि पृथ्वी का वायुमंडल हमारी कुछ रोशनी और दृश्य को विकृत कर देता है।,0.907322883605957,0.8343337774276733,0.8692988753318787,0.8855056762695312,0.8152652978897095,0.848935067653656
356,अंतरिक्ष में उपग्रह या दूरबीन लगाने के लिए एक विशाल रॉकेट की आवश्यकता होती है जो 100 फीट से अधिक ऊंचा है।,स्पेस में सैटेलाइट या दूरबीन रखने के लिए 100 फ़ीट से ज़्यादा ऊँचे बड़े रॉकेट की ज़रूरत होती है.,इसे अंतरिक्ष में एक उपग्रह या टेलीस्कोप भेजने के लिए 100 फीट ऊँचे एक विशाल रॉकेट की आवश्यकता होती है।,0.838805079460144,0.7997488975524902,0.8188114762306213,0.8923954367637634,0.8888189792633057,0.8906036019325256
357,पहिया ने दुनिया को अविश्वसनीय तरीके से बदल दिया है सबसे बड़ी चीज जो पहिया ने हमारे लिए की है वह है हमें बहुत आसान और तेज़ परिवहन देना।,पहिये ने विश्व को असाधारण रूप से बदला है. सबसे बड़ी बात यह है कि पहिये ने हमें ज़्यादा आसान और तेज़ ट्रांस्पोर्टेशन देने का काम किया है.,पहिया ने दुनिया को अद्भुत तरीकों से बदल दिया है। पहिये ने हमारे लिए सबसे बड़ा काम यह किया है कि हमें बहुत आसान और तेज़ परिवहन दिया है।,0.7965620160102844,0.8042073249816895,0.8003664016723633,0.8693878054618835,0.8864377737045288,0.8778300285339355
358,"यह हमें ट्रेन, कार और कई अन्य परिवहन उपकरण लाया है।","इसने हमें ट्रेन, कार और इसी प्रकार के कई अन्य परिवहन के साधन दिए हैंं।","इसने हमें ट्रेन, कार और कई अन्य परिवहन उपकरण दिए हैं।",0.8957440257072449,0.8697581887245178,0.8825598359107971,0.9459376931190491,0.9463314414024353,0.9461345076560974
359,उनके नीचे अधिक मध्यम आकार की बिल्लियाँ हैं जो खरगोशों से लेकर एंटीलोप और हिरण तक के मध्यम आकार के शिकार खाते हैं।,उनके अंतर्गत अधिक मध्यम आकार की बिल्लियाँ होती हैं जो खरगोशों से लेकर मृगों और हिरणों तक के मध्यम आकार के शिकार खाती हैं.,"उनके नीचे कुछ मध्यम आकार की बिल्लियाँ हैं जो मध्यम आकार का शिकार खाती हैं, जो खरगोशों से लेकर एंटीलोपी और हिरणों तक होता है।",0.9340658783912659,0.9207817912101746,0.9273762106895447,0.9506571888923645,0.9332965016365051,0.9418967962265015
360,"अंत में, बहुत से छोटे बिल्लियाँ (उन्हें भी शामिल हैं ढीले पालतू जानवर) जो कीड़े, सरीसृप, तेंदुए और पक्षियों जैसे बहुत अधिक छोटे शिकार को खाते हैं।","अंत में, कई ऐसी छोटी बिल्लियाँ (लूज़ पेट कैट्स सहित) हैं जो कीट, रोडंट्स, छिपकलियों और पक्षियों जैसे कई छोटे जीवों को खाती हैं.","अंततः, कई छोटे बिल्लियाँ (जिसमें पालतू बिल्लियाँ भी शामिल हैं) हैं जो कीड़ों, चूहों, छिपकलियों और पक्षियों जैसे अधिक संख्या में मौजूद छोटे शिकार को खाती हैं।",0.8313108682632446,0.8453177213668823,0.8382558226585388,0.8698793649673462,0.8764122724533081,0.8731335997581482
361,"उनकी सफलता का रहस्य गुफा की अवधारणा है, एक विशेष नौकरी प्रत्येक बिल्ली को होती है जो उसे दूसरों के साथ प्रतिस्पर्धा से रोकती है।",प्रत्येक बिल्ली के पास एक ख़ास काम रहता है जो उसे दूसरों के साथ प्रतिस्पर्धा करने से रोकता है.,"उनकी सफलता का रहस्य ""निच"" की धारणा है, जो एक विशेष भूमिका है जो प्रत्येक बिल्ली निभाती है, जिससे वह दूसरों के साथ प्रतिस्पर्धा नहीं करती।",0.7940682768821716,0.8619394898414612,0.8266130685806274,0.8655932545661926,0.8603675365447998,0.8629724979400635
362,"शेर सबसे ज्यादा सामाजिक बिल्लियाँ हैं, जो बड़े समूहों में रहते हैं जिन्हें गर्व कहा जाता है।",शेर प्राइड नामक बड़े समूहों में रहने वाली सबसे बड़ी सामाजिक बिल्लियाँ हैं.,"शेर सबसे सामाजिक बिल्ली के जानवर होते हैं, जो बड़े समूहों में रहते हैं जिन्हें 'प्राइड्स' कहा जाता है।",0.7907179594039917,0.8475133180618286,0.818131148815155,0.9049986004829407,0.8736360669136047,0.8890408277511597
363,"गौरव एक से तीन संबंधित वयस्क नरों से मिलकर बनता है, साथ ही तीस तक मादा और बच्चे भी होते हैं।",शेरों का समूह वयस्क नर के साथ-साथ तीस से ज़्यादा मादा और शावकों के साथ एक से तीन तक का बना होता है.,"प्राइड एक से तीन संबंधित वयस्क नर अवशेषों से बना होता है, साथ ही तिकड़ों और शावकों की संख्या तीस तक हो सकती है।",0.7950334548950195,0.790549635887146,0.7927851676940918,0.8254344463348389,0.7991811633110046,0.8120956420898438
364,"यह स्त्रियां आमतौर पर एक दूसरे के निकट रिश्तेदार होती हैं, और वे बहनों और बेटियों का एक बड़ा परिवार होती हैं।","बहनों और बेटियों का एक बड़ा परिवार होने के नाते, मादाएँ आमतौर पर एक-दूसरे के करीब जुड़ी होती हैं.","महिलाएं आमतौर पर एक-दूसरे से नजदीकी संबंध रखती हैं, जो बहनों और बेटियों का एक बड़ा परिवार होती हैं।",0.8281691670417786,0.82905513048172,0.8286119103431702,0.865475058555603,0.885006844997406,0.8751320242881775
365,"शेरों के घमंड में भेड़ियों या कुत्तों के झुंडों की तरह व्यवहार होता है, जानवरों का व्यवहार शेरों (लेकिन अन्य बड़ी बिल्लियों के समान नहीं) के समान है, और उनके शिकार के लिए भी बहुत घातक है।","शेरों का समूह काफी हद तक भेड़ियों या कुत्तों के झुंड की तरह काम करता है, जो जानवर व्यवहार में आश्चर्यजनक रूप से शेरों (लेकिन अन्य बड़ी बिल्लियों) के समान होते हैं, और अपने शिकार के लिए बहुत घातक भी होते हैं।","शेरों के झुंड उस तरह से व्यवहार करते हैं जैसे भेड़ों या कुत्तों के झुंड, ये जानवर व्यवहार में शेरों के काफी समान होते हैं (लेकिन अन्य बड़े बिल्लियों के नहीं) और अपने शिकार के लिए बहुत घातक होते हैं।",0.8994703888893127,0.8563414812088013,0.8773761987686157,0.8851993083953857,0.882554292678833,0.8838748335838318
366,"एक अच्छी तरह से गोल एथलीट, बाघ चढ़ सकता है (हालांकि अच्छी तरह से नहीं), तैर सकता है, बड़ी दूरी पर कूद सकता है और एक मजबूत इंसान की ताकत से पांच गुना अधिक खींच सकता है।","एक पूरी तरह से विकसित एथलीट की तरह, बाघ चढ़ाई कर सकता है (हालाँकि अच्छी तरह से नहीं), तैर सकता है, बड़ी दूरी तक छलांग लगा सकता है और एक शक्तिशाली मनुष्य के पाँच गुना बल के साथ खींच सकता है.","एक संतुलित एथलीट के रूप में, बाघ चढ़ाई कर सकता है (हालांकि इतना अच्छा नहीं), तैर सकता है, महान दूरियों में कूद सकता है और एक मजबूत मानव की तुलना में पांच गुना अधिक ताकत के साथ खींच सकता है।",0.882409393787384,0.8792809247970581,0.880842387676239,0.8928709030151367,0.893913745880127,0.893392026424408
367,"बाघ शेर, तेंदुए और जगुआर्स के समान समूह (जनस पैंथेरा) में है। ये चार बिल्लियाँ ही एकमात्र ऐसी हैं जो रो सकती हैं।","बाघों, तेंदुओं, और जगुआर की ही तरह, शेर भी उसी समूह (जीनस पैंथेरा) का है। केवल ये चार ही बिल्लियाँ हैं जो गर्जन कर सकती हैं।","बाघ उसी समूह (जीनस पैंथेरा) में हैं जैसे शेर, बिल्ली, और जगुआर। ये चार बिल्लियाँ ही ऐसी हैं जो गरज सकती हैं।",0.8521139621734619,0.8395013809204102,0.845760703086853,0.8686084747314453,0.8770115375518799,0.8727898001670837
368,"बाघ की गर्जना शेर की गर्जना की तरह नहीं है, बल्कि एक शोरबा, चिल्लाते हुए शब्दों की तरह है।","बाघ की दहाड़ किसी शेर की तेज़ आवाज़ वाली दहाड़ की तरह नहीं होती है, लेकिन उसकी बँधी हुई, चिल्लाने जैसी होती है.","बाघ की दहाड़ शेर की गहरी दहाड़ की तरह नहीं होती, बल्कि यह चिड़चिड़े, चिल्लाए हुए शब्दों का एक वाक्य अधिक होती है।",0.8126325607299805,0.8001944422721863,0.8063655495643616,0.8736594915390015,0.8454422950744629,0.8593193292617798
369,"ओसेलोट छोटे जानवरों को खाना पसंद करते हैं। वे बंदर, सांप, सरीसृप और पक्षियों को पकड़ेंगे यदि वे कर सकते हैं। लगभग सभी जानवर जो ओसेलोट शिकार करते हैं वे उससे बहुत छोटे हैं।","औसीलट छोटे जानवरों को खाना पसंद करते हैं। यदि वे पकड़ सकें, तो वे बंदरों, साँपों, कृन्तकों और पक्षियों को पकड़ लेंगे। लगभग सभी जानवर जो औसीलट का शिकार होते हैं, इनसे बहुत छोटे होते हैं।","ओसेलोट्स छोटे जानवर खाना पसंद करते हैं। वे अगर कर सकें तो बंदर, साँप, चूहे और पक्षियों को पकड़ लेंगे। लगभग सभी जानवर जो ओसेलोट शिकार करते हैं, वे इसके मुकाबले बहुत छोटे होते हैं।",0.9038316011428833,0.8910531997680664,0.8973969221115112,0.9128943085670471,0.887759268283844,0.9001513719558716
370,"वैज्ञानिकों का मानना है कि ओसेलोट उन्हें पीछा करते हैं और उन्हें पसीने से खाने के लिए जानवरों को ढूंढते हैं, जो जमीन पर कहां रहे हैं, इसकी तलाश करते हैं।","वैज्ञानिकों का मानना है कि ओसेलोट्स गंध के द्वारा जानवरों का पीछा करते और खाते (शिकार) हैं, यह सूँघते हुए कि वे ज़मीन पर कहाँ रहे होंगे।","वैज्ञानिकों का मानना है कि ओसेलॉट्स जानवरों का पीछा करते हैं और उन्हें खाने के लिए खोजते हैं (शिकार) गंध के माध्यम से, जमीन पर उनके द्वारा छोड़ी गई गंध का पता लगाते हुए।",0.8517135381698608,0.8396614789962769,0.8456445932388306,0.8587087392807007,0.8363609910011292,0.8473874926567078
371,"वे रात के समय दृष्टि के साथ अंधेरे में बहुत अच्छी तरह से देख सकते हैं, और बहुत चुपके से भी चल सकते हैं। ओसीलोट अपने शिकार को अपने आसपास के वातावरण में मिलाकर शिकार करते हैं और फिर अपने शिकार पर कूदते हैं।","वे रात के अंधेरे में बहुत अच्छी तरह से देख सकते हैं, और बहुत ही चुपके से आगे बढ़ सकते हैं. औसीलट अपने आस-पास के क्षेत्र में घूमकर फिर अपने शिकार पर झपट्टा मारकर अपना शिकार करते हैं.",वे अंधेरे में रात्रि दृष्टि के साथ बहुत अच्छे से देख सकते हैं और बहुत चुपचाप भी चल सकते हैं। ओसेलॉट अपने परिवेश के साथ मिश्रित होकर अपने शिकार पर झपटते हैं।,0.8918414115905762,0.8906556367874146,0.8912481069564819,0.8624238967895508,0.8740650415420532,0.8682054281234741
372,"जब जीवित चीजों का एक छोटा समूह (एक छोटी आबादी) मुख्य आबादी से अलग हो जाता है जिसमें से वे आए हैं (जैसे कि यदि वे एक पर्वत श्रृंखला या नदी पर चलते हैं, या यदि वे एक नए द्वीप में जाते हैं ताकि वे आसानी से वापस नहीं जा सकें) तो वे अक्सर अपने आप को पहले से अलग वातावरण में पाएंगे।","जब जीवित चीजों का एक छोटा समूह (छोटी आबादी) मुख्य आबादी के उस हिस्से से अलग हो जाता है जहाँ से वे आए हैं (जैसे कि अगर वे किसी पर्वत श्रृंखला या नदी से आए हैं या अगर वे किसी नए द्वीप पर जाते हैं ताकि वे आसानी से पीछे न हट सकें), तो वे अक्सर खुद को एक अलग माहौल में पाते हैं.","जब जीवों के एक छोटे समूह (एक छोटे जनसंख्या) मुख्य जनसंख्या से अलग हो जाते हैं (जैसे अगर वे एक पर्वत श्रृंखला या नदी के पार चले जाएं, या यदि वे एक नए द्वीप पर चले जाएं ताकि वे वापस आसानी से नहीं जा सकें) तो वे अक्सर अपने पिछले पर्यावरण की तुलना में एक अलग वातावरण में पाते हैं।",0.8968549370765686,0.8806793093681335,0.8886935114860535,0.8499274253845215,0.8567702770233154,0.8533351421356201
373,"इस नए वातावरण में अलग-अलग संसाधन और अलग-अलग प्रतियोगी हैं, इसलिए नई आबादी को पहले की तुलना में एक मजबूत प्रतियोगी होने के लिए अलग-अलग विशेषताओं या अनुकूलन की आवश्यकता होगी।","इस नई जगह में अलग-अलग संसाधन और प्रतियोगी हैं, इसलिए नई आबादी को पहले के मुकाबले एक मजबूत प्रतियोगी बनने के लिए अलग-अलग खासियत या बदलाव अपनाने की ज़रूरत होगी.","यह नया वातावरण विभिन्न संसाधनों और विभिन्न प्रतिस्पर्धियों के साथ है, इसलिए नई जनसंख्या को एक मजबूत प्रतिस्पर्धी बनने के लिए अलग-अलग विशेषताओं या अनुकूलनों की आवश्यकता होगी जो उन्हें पहले की आवश्यकता थी।",0.9038002490997314,0.8749818205833435,0.8891575932502747,0.88568115234375,0.8557941913604736,0.8704812526702881
374,"मूल आबादी में कोई बदलाव नहीं हुआ है, उन्हें अभी भी पहले की तरह ही अनुकूलन की आवश्यकता है।","मूल आबादी में किसी तरह का बदलाव नहीं हुआ है, अभी भी वह पहले की तरह ही अनुकूलता चाहते हैं.","पारंपरिक जनसंख्या में कोई बदलाव नहीं हुआ है, उन्हें अभी भी पहले की तरह ही अनुकूलन की आवश्यकता है।",0.9207229614257812,0.8972576856613159,0.9088388681411743,0.9650146961212158,0.9424425363540649,0.9535951018333435
375,"समय के साथ, जैसे-जैसे नई आबादी अपने नए वातावरण के अनुकूल होने लगती है, वे अन्य आबादी की तरह कम और कम दिखना शुरू कर देती हैं।","समय के साथ, जैसे-जैसे नई आबादी नए माहौल में ढलती जाती है, वह भी दूसरी आबादी की तरह अनदेखी करना शुरू कर देती है.","समय के साथ, जैसे-जैसे नई जनसंख्या अपने नए वातावरण के साथ ढलने लगती है, वे अन्य जनसंख्या की तुलना में कम से कम समान दिखने लगते हैं।",0.8679615259170532,0.8813302516937256,0.8745948076248169,0.8811496496200562,0.8971521258354187,0.8890789151191711
376,"अंततः, हजारों या लाखों वर्षों के बाद, दोनों आबादी इतनी भिन्न दिखाई देगी कि उन्हें एक ही प्रजाति नहीं कहा जा सकता है।","अंततः, हजारों या लाखों साल बाद, दोनों आबादियाँ इतनी अलग दिखाई देंगी कि उन्हें एक ही प्रजाति नहीं कहा जा सकेगा.","आखिरकार, हजारों या यहां तक कि मिलियनों सालों के बाद, दो जनसंख्याएं इतनी भिन्न दिखेंगी कि उन्हें एक ही प्रजाति नहीं कहा जा सकेगा।",0.9555048942565918,0.9489103555679321,0.9521962404251099,0.894264817237854,0.8635332584381104,0.8786303997039795
377,"हम इस प्रक्रिया को प्रजाति कहते हैं, जिसका अर्थ है कि नए प्रजातियों का गठन। प्रजाति एक अपरिहार्य परिणाम है और विकास का एक बहुत ही महत्वपूर्ण हिस्सा है।","हम इस प्रक्रिया को प्रजातिकरण कहते हैं, जिसका अर्थ है नई प्रजातियों का गठन। प्रजातिकरण एक अच्छा कदम है और विकास का एक बहुत महत्वपूर्ण हिस्सा है।","हम इस प्रक्रिया को प्रजातिकरण (speciation) कहते हैं, जिसका अर्थ है नए प्रजातियों का निर्माण। प्रजातिकरण एक अपरिहार्य परिणाम है और विकास का एक बहुत महत्वपूर्ण हिस्सा है।",0.9177412986755371,0.9183269143104553,0.9180340766906738,0.9419973492622375,0.9202266335487366,0.9309847354888916
378,"पौधे ऑक्सीजन बनाते हैं जो मनुष्य सांस लेते हैं, और वे कार्बन डाइऑक्साइड लेते हैं जो मनुष्य सांस लेते हैं (यानी सांस लेते हैं) ।",पौधे ऑक्सीजन बनाते हैं जिसका उपयोग मनुष्य साँस लेने में करते हैं और वे कार्बन-डाइऑक्साइड लेते हैं जो मनुष्य साँस से छोड़ते हैं (यानी साँस छोड़ते हैं).,"पौधे ऑक्सीजन बनाते हैं जिसे मानव साँस लेते हैं, और वे कार्बन-डाइऑक्साइड लेते हैं जिसे मानव निकालते हैं (यानी, साँस बाहर छोड़ते हैं)।",0.932744562625885,0.9075421094894409,0.9199707508087158,0.8959894180297852,0.8963239789009094,0.8961566686630249
379,पौधे प्रकाश संश्लेषण के द्वारा सूर्य से अपना भोजन बनाते हैं। वे छाया भी प्रदान करते हैं।,पौधे फ़ोटोसिंथेसिस द्वारा सूर्य से अपना भोजन बनाते हैं. वह छाया भी देते हैं.,पेड़ सूरज से फोटोसिंथेसिस द्वारा अपना भोजन बनाते हैं। वे छाया भी प्रदान करते हैं।,0.8823419213294983,0.8655286431312561,0.873854398727417,0.8709949851036072,0.8584607839584351,0.8646824955940247
380,"हम पौधों से घर बनाते हैं और पौधों से कपड़े बनाते हैं। हम जो भोजन खाते हैं, उनमें से अधिकांश पौधे हैं। पौधों के बिना जानवर जीवित नहीं रह सकते।","हम अपने घरों को पौधों से बनाते हैं और कपड़े पौधों से बनाते हैं। अधिकतर खाद्य पदार्थ जो हम खाते हैं वो पौधे होते हैं। पौधों के बिना, जानवर जीवित नहीं रह सकते हैं।","हम अपने घरों का निर्माण पौधों से करते हैं और कपड़े भी पौधों से बनाते हैं। हम जो अधिकांश खाद्य पदार्थ खाते हैं, वे पौधे होते हैं। पौधों के बिना, जानवर जीवित नहीं रह सकते।",0.8990506529808044,0.8886311054229736,0.893810510635376,0.9079983234405518,0.8964287042617798,0.9021764397621155
381,"मोसासाउर अपने समय का सबसे बड़ा शिकारी था, इसलिए यह अन्य मोसासाउरों के अलावा किसी से भी डरता नहीं था।","मोसासौरस अपने समय का सबसे बड़ा शिकारी था, इसलिए उसे अन्य मोसासौरस के अलावा किसी का भय नहीं था।","मोसासॉरस अपने समय का शीर्ष शिकारी था, इसलिए उसे किसी चीज़ का डर नहीं था, सिवाय अन्य मोसासॉर्स के।",0.8802382946014404,0.8911723494529724,0.8856715559959412,0.8533730506896973,0.8354893922805786,0.8443365693092346
382,"इसके लंबे jaws में 70 से अधिक razor-sharp दांत थे, साथ ही इसके मुंह की छत में एक अतिरिक्त सेट था, जिसका अर्थ है कि इसके रास्ते से गुजरने वाली किसी भी चीज के लिए कोई पलायन नहीं था।","इसके मुंह के तालु में एक अतिरिक्त सेट के साथ ही 70 से ज़्यादा रेजर की तरह नुकीले दाँतों से भरे इसके लंबे जबड़े थे, जिसका अर्थ है कि उसके रास्ते से गुज़रने वाली किसी भी चीज़ के लिए कोई बचाव नहीं था.","इसके लंबे जबड़ों में 70 से अधिक तेज़ दांत लगे हुए थे, साथ में इसके मुंह की छत में एक अतिरिक्त सेट, जिसका मतलब था कि उसके रास्ते में आने वाली किसी भी चीज़ के लिए कोई Escape नहीं था।",0.9024831056594849,0.8658286333084106,0.8837760090827942,0.9081788063049316,0.911412239074707,0.9097926616668701
383,"हम निश्चित नहीं हैं, लेकिन इसकी जिह्वा कांटा हो सकती थी, और इसमें कछुए, बड़ी मछलियाँ, अन्य मोसासासायर शामिल थे, और यह एक भक्षक भी हो सकता था।","हम पक्के तौर पर नहीं जानते हैं, लेकिन इसकी कांटेदार जीभ हो सकती है. इसके आहार में कछुए, बड़ी मछली, दूसरे मोसासॉर शामिल थे और ये एक नरभक्षी भी हो सकता है.","हमें निश्चित तौर पर नहीं पता, लेकिन इसका जीभ Forked हो सकता है। इसकी आहार में कछुए, बड़े मछली, अन्य मोसासोर और यह शायद एक कैनिबल भी हो सकता है।",0.8570923805236816,0.830926775932312,0.843806803226471,0.8191842436790466,0.8180913925170898,0.8186374306678772
384,यह पानी में प्रवेश करने वाले किसी भी चीज़ पर हमला करता था; यहां तक कि टी.रेक्स जैसे विशाल डायनासोर भी इसके लिए बराबर नहीं होंगे।,"ये पानी में जाने वाली किसी भी चीज़ पर भी हमला किया करते थे, यहाँ तक कि टी. रेक्स जैसे विशालकाय डायनासोर का भी कोई मुकाबला नहीं होगा.",यह पानी में प्रवेश करने वाली किसी भी चीज़ पर हमला करता था; यहां तक कि T. rex जैसे विशाल डायनासोर भी इसके मुकाबले में कुछ नहीं कर सकते थे।,0.8865360021591187,0.8719866275787354,0.8792011737823486,0.900147020816803,0.8963751792907715,0.8982571959495544
385,"यद्यपि हमारे लिए उनके अधिकांश भोजन परिचित होंगे, रोमियों के पास अजीब या असामान्य भोज की वस्तुएं थीं, जिनमें जंगली सूअर, पवन, शंख और एक प्रकार का गैंडा भी शामिल था जिसे सोता चूहा कहा जाता है","जबकि उनके अधिकतर व्यंजन हमारे लिए जाने-पहचाने होंगे, रोमनों ने अपने हिस्से को अजीब या असामान्य दावत वस्तुओं में शामिल किया, जिनमें जंगली सूअर, मोर, घोंघे और एक प्रकार का रोडेंट (कृंतक) शामिल है, जिसे डॉर्महाउस कहा जाता है.","हालाँकि उनके अधिकांश खाद्य पदार्थ हमारे लिए परिचित होंगे, रोमनों के पास अजीब या असामान्य भोज्य पदार्थों का एक हिस्सा था, जिसमें जंगली सुअर, मोर, घोंघे और एक प्रकार का कृन्तक जिसे ""डॉर्माउस"" कहा जाता है, शामिल हैं।",0.8397241234779358,0.812588632106781,0.825933575630188,0.8851699829101562,0.8776146173477173,0.8813761472702026
386,"एक और अंतर यह था कि गरीब लोग और महिला कुर्सी पर बैठकर खाना खाते थे, जबकि अमीर लोग एक साथ भोज करना पसंद करते थे जहां वे अपने भोजन के दौरान अपने साइड पर आराम करते थे।","एक और अंतर यह था कि जहाँ गरीब लोग और महिला कुर्सियों पर बैठकर खाना खाते थे, वहीं अमीर लोग मिलजुल कर दावतें करना पसंद करते थे और भोजन करते वक्त वे मौज मस्ती करते थे.","एक और अंतर यह था कि जबकि गरीब लोग और महिलाएँ कुर्सियों पर बैठकर भोजन करती थीं, अमीर पुरुष एक साथ दावतें करना पसंद करते थे जहाँ वे अपने किनारों पर लेटकर अपने भोजन का आनंद लेते थे।",0.9038466215133667,0.8779945373535156,0.8907330632209778,0.8968455195426941,0.8784204721450806,0.88753741979599
387,प्राचीन रोमन भोजन में उन खाद्य पदार्थों का समावेश नहीं हो सकता था जो बाद की शताब्दियों में अमेरिका या एशिया से यूरोप आए थे।,प्राचीन रोमन भोजन में बाद की शताब्दियों में अमेरिका या एशिया से यूरोप आए खाद्य पदार्थ शामिल नहीं हो सकते थे.,प्राचीन रोमन भोजन में उन खाद्य पदार्थों को शामिल नहीं किया जा सकता था जो बाद के सदियों में अमेरिका या एशिया से यूरोप आए।,0.8934968113899231,0.9358057975769043,0.9141620397567749,0.9248262047767639,0.951980471611023,0.9382069110870361
388,"उदाहरण के लिए, उनके पास न मक्का था, न टमाटर, न आलू, न ही काकाओ, और किसी भी प्राचीन रोमन ने कभी टर्की का स्वाद नहीं लिया।","उदाहरण के लिए, उनके पास ना तो मकई थी, न ही टमाटर, आलू, और कोकोआ था और किसी भी प्राचीन रोम वासी ने कभी भी टर्की नहीं चखा था।","उदाहरण के लिए, उनके पास मक्का नहीं था, न टमाटर, न आलू, न कोकोआ, और न ही किसी प्राचीन रोमन ने कभी टर्की का स्वाद चखा।",0.8842913508415222,0.8809123039245605,0.8825985193252563,0.9503776431083679,0.9461678266525269,0.9482681155204773
389,बेबीलोनियों ने अपने प्रत्येक देवता के लिए एक मुख्य मंदिर बनाया जिसे देवता का घर माना जाता था।,बेबीलोन के निवासियों ने अपने प्रत्येक देवता का एक प्राथमिक मंदिर बनाया जिसे देवता का घर माना जाता था.,"बाबिलोनियों ने अपने प्रत्येक देवता के लिए एक मुख्य मंदिर बनाया, जिसे देवता का घर माना जाता था।",0.9574320912361145,0.9348492622375488,0.9460059404373169,0.9840636253356934,0.9765129685401917,0.9802737832069397
390,लोग देवताओं को बलिदान देते थे और पुजारी समारोहों और त्योहारों के माध्यम से देवताओं की जरूरतों की पूर्ति करने की कोशिश करते थे।,लोग देवताओं के लिए बलि लाते हैं और पुजारी आयोजनों और त्यौहारों में अपना समय देकर देवताओं की सेवा करते हैं.,लोग देवताओं के लिए बलिदान लाते थे और पुरोहित समारोहों और त्योहारों के माध्यम से देवताओं की जरूरतों का ध्यान रखने की कोशिश करते थे।,0.8378013372421265,0.8764171600341797,0.856674313545227,0.9435420036315918,0.9428478479385376,0.9431948065757751
391,प्रत्येक मंदिर में एक खुला आंगन था और फिर एक आंतरिक पवित्रस्थान था जिसमें केवल पुजारी प्रवेश कर सकते थे।,प्रत्येक मंदिर में मंदिर का एक खुला प्रांगण था और फिर एक आंतरिक गर्भगृह था जिसमें केवल पुजारी ही प्रवेश कर सकते थे।,प्रत्येक मंदिर में एक खुला मंदिर आंगन था और फिर एक अंदरूनी पवित्र स्थान था जिसमें केवल पुजारी ही प्रवेश कर सकते थे।,0.9357234239578247,0.9232027530670166,0.9294209480285645,0.9405951499938965,0.9410558938980103,0.9408255219459534
392,"कभी-कभी विशेष पिरामिड के आकार के टावर, जिन्हें ज़िगुराट कहा जाता था, मंदिरों का हिस्सा बनने के लिए बनाए जाते थे।","खास पिरामिड के आकार के टॉवर (पगोडा) जिन्हें कभी-कभी ज़िगुरैट के नाम से भी जाना जाता था, को मंदिर के हिस्से के तौर पर बनाया गया था.","कभी-कभी विशेष पिरामिड के आकार के टॉवर, जिन्हें जिग्गुरात कहा जाता है, मंदिरों का हिस्सा बनने के लिए बनाए जाते थे।",0.861628532409668,0.824194073677063,0.8424956798553467,0.9642641544342041,0.9599016308784485,0.9620779752731323
393,टॉवर के शीर्ष पर देवता के लिए विशेष अभयारण्य था।,टॉवर का शीर्ष देवता के लिए खास गर्भगृह था.,टॉवर का शीर्ष भगवान के लिए एक विशेष आश्रय था।,0.8635659217834473,0.8612556457519531,0.862409234046936,0.8453785181045532,0.8616507649421692,0.853437066078186
394,"मध्य पूर्व की गर्म जलवायु में, घर इतना महत्वपूर्ण नहीं था।",मध्यपूर्व की गर्म जलवायु में घर उतना ज़रूरी नहीं था.,"मध्य पूर्व के गर्म जलवायु में, घर इतना महत्वपूर्ण नहीं था।",0.9350088834762573,0.9069308638572693,0.920755922794342,0.995782732963562,0.995782732963562,0.995782732963562
395,इब्रानी परिवार का अधिकांश जीवन खुले में ही हुआ।,हिब्रू परिवार का अधिकांश जीवन खुली हवा में बिता |,हिब्रू परिवार का अधिकांश जीवन खुले हवा में बीता।,0.8705509901046753,0.8401762247085571,0.8550939559936523,0.8951255679130554,0.868326723575592,0.8815224766731262
396,घरों के निर्माण के लिए पत्थर का इस्तेमाल किया जाता था।,महिलाएँ आँगन में खाना पकाती थीं; स्टोर सड़क पर खुले काउंटर दिख रहे थे. मकान बनाने में पत्थर का इस्तेमाल किया गया था.,महिलाएँ आँगन में खाना बनाती थीं; दुकानों में बस खुली हुई काउंटर थीं जो सड़क की ओर देखती थीं। घर बनाने के लिए पत्थर का उपयोग किया गया था।,0.8736242055892944,0.7383649349212646,0.8003199100494385,0.9001242518424988,0.7342765927314758,0.8087859153747559
397,"कनान देश में कोई बड़ा जंगल नहीं था, इसलिए लकड़ी बहुत महंगी थी।",कनान देश में बड़े जंगलो के न होने के चलते वहाँ लकड़ियाँ बहुत महंगी थी।,"कanaan के देश में बड़े जंगल नहीं थे, इसलिए लकड़ी बहुत महंगी थी।",0.8836050629615784,0.8312864899635315,0.8566477298736572,0.9409364461898804,0.9416893720626831,0.9413127303123474
398,"ग्रीनलैंड में बहुत कम लोग रहते थे. नॉर्डिक सागों में कहा जाता है कि एरिक रेड को हत्या के लिए आइसलैंड से निर्वासन दिया गया था, और पश्चिम की यात्रा करते समय ग्रीनलैंड को पाया और इसे ग्रीनलैंड नाम दिया।","ग्रीनलैंड को बहुत कम जगह बसाया गया था. नॉर्स सगास में वे कहते हैं कि एरिक रेड हत्या के लिए आइसलैंड से निर्वासित किया गया था, और आगे पश्चिम की यात्रा करते समय, ग्रीनलैंड मिला जिसे ग्रीनलैंड नाम दिया गया.","ग्रीनलैंड में बहुत कम संख्या में बस्ती बसी हुई थी। नॉर्स सागा में कहा गया है कि एरिक द रेड को हत्या के लिए आइसलैंड से निर्वासित किया गया था, और जब वह पश्चिम की ओर यात्रा कर रहा था, तो उसने ग्रीनलैंड पाया और इसका नाम ग्रीनलैंड रखा।",0.904299259185791,0.8934502601623535,0.8988419771194458,0.9188551306724548,0.8913750052452087,0.9049064517021179
399,"लेकिन उनकी खोज के बावजूद, उस समय वहां एस्किमो जनजातियां पहले से ही रह रही थीं।","लेकिन उनकी खोज पर ध्यान दिए बिना, एस्किमो जनजाति उस समय पहले से ही वहाँ रह रही थी.","लेकिन उसकी खोज के बावजूद, उस समय वहां पहले से ही एस्किमो जनजातियाँ रह रही थीं।",0.8941519260406494,0.9084955453872681,0.9012666940689087,0.9671083688735962,0.9716751575469971,0.9693863391876221
400,"यद्यपि प्रत्येक देश 'स्कैंडिनेवियाई' था, लेकिन डेनमार्क, स्वीडन, नॉर्वे और आइसलैंड के लोगों, राजाओं, रीति-रिवाजों और इतिहास के बीच कई मतभेद थे।","हालाँकि हर देश 'स्कैंडिनेवियाई' था, लेकिन डेनमार्क, स्वीडन, नॉर्वे और आइसलैंड के लोगों, राजाओं, रीति-रिवाजों और इतिहास के बीच कई अंतर थे.","हालांकि प्रत्येक देश 'स्कैंडिनेवियाई' था, लेकिन डेनमार्क, स्वीडन, नॉर्वे और आइसलैंड के लोगों, राजाओं, परंपराओं और इतिहास में कई अंतर थे।",0.9580463171005249,0.9693463444709778,0.9636631608009338,0.9200284481048584,0.9571802616119385,0.9382367134094238
401,"यदि आपने फिल्म नेशनल ट्रेजरी देखी है, तो आपको लग सकता है कि स्वतंत्रता की घोषणा के पीछे एक खजाना का नक्शा लिखा गया था।","अगर आपने फ़िल्म नेशनल ट्रेज़र देखी है, तो आपको लगेगा कि स्वतंत्रता के घोषणा-पत्र के पीछे एक ख़ज़ाने का नक्शा लिखा गया था.","अगर आपने फिल्म ""नेशनल ट्रेजर"" देखी है, तो आप सोच सकते हैं कि एक खजाना मानचित्र स्वतंत्रता के घोषणा पत्र की पीठ पर लिखा गया था।",0.9438799619674683,0.9208266735076904,0.9322108626365662,0.8923715353012085,0.8776342868804932,0.884941577911377
402,"हालाँकि, इस दस्तावेज के पीछे कुछ लिखा हुआ है, लेकिन यह एक खजाना का नक्शा नहीं है।","हालाँकि, यह सच नहीं है. हालाँकि दस्तावेज़ के पीछे कुछ लिखा हुआ है, लेकिन यह कोई ख़ज़ाने का नक्शा नहीं है.","हालांकि, यह सच नहीं है। हालांकि दस्तावेज़ के पीछे कुछ लिखा हुआ है, यह एक खजाने का मानचित्र नहीं है।",0.9199105501174927,0.8896574974060059,0.9045311212539673,0.8807694315910339,0.8733971118927002,0.8770677447319031
403,"स्वतंत्रता की घोषणा के पीछे ""असली स्वतंत्रता की घोषणा 4 जुलाई 1776 को"" शब्द लिखे गए थे। यह पाठ दस्तावेज के नीचे, उल्टा दिखाई देता है।","स्वतंत्रता की घोषणा की पीठ पर लिखे गए शब्द थे 4 जुलाई 1776 को स्वतंत्रता की मूल घोषणा। “पाठ दस्तावेज़ के तल पर दिखाई देता है, उल्टा।”","स्वतंत्रता के घोषणा के पीछे ""स्वतंत्रता का मूल घोषणा दिनांक 4 जुलाई 1776"" शब्द लिखे हुए थे। यह पाठ दस्तावेज़ के नीचे, उल्टा है।",0.8674479722976685,0.872286319732666,0.8698604702949524,0.9284152984619141,0.9471750259399414,0.9377013444900513
404,"यद्यपि किसी को यह निश्चित नहीं पता कि इसे किसने लिखा था, लेकिन यह ज्ञात है कि इसके जीवनकाल की शुरुआत में, बड़े पर्चे पर लिखे गए दस्तावेज (जो 293⁄4 इंच से 241⁄2 इंच का है) को भंडारण के लिए रोल किया गया था।",जबकि किसी को नहीं पता कि इसे किसने लिखा है संग्रह करने के लिए बड़े चमड़े के कागज़ के दस्तावेज़ (इसका माप 24½ इंच बटा 29¾ है) को इकठ्ठा किया था.,"हालांकि कोई निश्चित रूप से नहीं जानता कि इसे किसने लिखा, यह ज्ञात है कि इसके जीवन के प्रारंभ में, बड़े पार्चमेंट दस्तावेज़ (इसके आकार 29¾ इंच द्वारा 24½ इंच है) को संग्रहीत करने के लिए रोल किया गया था।",0.7743929624557495,0.8025331497192383,0.7882119417190552,0.8698161840438843,0.8800652027130127,0.8749106526374817
405,"इसलिए, यह संभव है कि इस नोटेशन को केवल एक लेबल के रूप में जोड़ा गया था।","इसलिए, यह माना जा रहा है कि नोटेशन को सिर्फ़ एक लेबल के रूप में जोड़ा गया था.","तो, यह संभव है कि यह विराम चिह्न केवल एक लेबल के रूप में जोड़ा गया था।",0.932750940322876,0.9100178480148315,0.921244204044342,0.9288960695266724,0.8933109045028687,0.91075599193573
406,"डी-डे लैंडिंग और बाद की लड़ाई ने उत्तरी फ्रांस को मुक्त कर दिया था, लेकिन दक्षिण अभी भी मुक्त नहीं था।","डी-डे की लैंडिंग और उसके आगे की लड़ाइयों ने उत्तरी फ्रांस को मुक्त कर दिया था, लेकिन दक्षिण फ्रांस अभी भी मुक्त नहीं था।","डी-डे लैंडिंग और उसके बाद की लड़ाइयों ने फ्रांस के उत्तर को मुक्त कर दिया था, लेकिन दक्षिण अभी भी मुक्त नहीं था।",0.9490722417831421,0.934219479560852,0.9415873289108276,0.9703148603439331,0.9609577655792236,0.965613603591919
407,"यह ""विच"" फ्रांसीसी द्वारा शासित था। ये फ्रांसीसी लोग थे जिन्होंने 1940 में जर्मनों के साथ शांति की थी और उन से लड़ने के बजाय आक्रमणकारियों के साथ काम किया था।",यह “विची” फ़्रांसीसी लोगों द्वारा शासित था. ये फ़्रांसीसी लोग ही थे जिन्होंने 1940 में जर्मनों के साथ शांति स्थापित की थी और आक्रमणकारियों से लड़ने के बजाय उनके साथ काम किया था.,"यह ""विची"" फ्रांसीसियों द्वारा शासित था। ये वे फ्रांसीसी लोग थे जिन्होंने 1940 में जर्मनों के साथ शांति बनाई और आक्रमণकारियों के साथ मिलकर काम किया, बजाय उनके खिलाफ लड़ने के।",0.9423715472221375,0.927732527256012,0.9349946975708008,0.9299741983413696,0.902481734752655,0.9160217642784119
408,"15 अगस्त 1940 को, सहयोगी दक्षिणी फ्रांस पर आक्रमण करते हैं, आक्रमण को ""ऑपरेशन ड्रैगन"" कहा जाता था।","15 अगस्त 1940 को, मित्र राष्ट्र ने दक्षिणी फ़्रांस पर आक्रमण किया, आक्रमण को “ऑपरेशन ड्रैगून” कहा गया था.","15 अगस्त 1940 को, मित्र देशों ने दक्षिण फ्रांस पर आक्रमण किया, जिसे ""ऑपरेशन ड्रैगून"" कहा गया।",0.9025876522064209,0.9003428220748901,0.9014638662338257,0.8965871334075928,0.9133487939834595,0.9048903584480286
409,केवल दो सप्ताह में अमेरिकी और मुक्त फ्रेंच सेनाओं ने दक्षिणी फ्रांस को मुक्त कर लिया और जर्मनी की ओर मुड़ रहे थे।,केवल दो हफ़्तों में अमेरिकियों और फ़्री फ़्रेंच बलों ने दक्षिणी फ़्रांस को मुक्त कर दिया था और जर्मनी की ओर बढ़ रहे थे.,सिर्फ दो हफ्तों में अमेरिकियों और मुक्त फ्रांसीसी सेनाओं ने दक्षिणी फ्रांस को मुक्त कर दिया था और वे जर्मनी की ओर बढ़ रहे थे।,0.8916199803352356,0.8510886430740356,0.8708829879760742,0.8884446024894714,0.859068751335144,0.8735097646713257
410,"सभ्यता एक विशिष्ट संस्कृति है जो लोगों के एक महत्वपूर्ण समूह द्वारा साझा की जाती है जो सहकारी रूप से रहते हैं और काम करते हैं, एक समाज।",ऐसी संस्कृति को सभ्यता कहते हैं जो लोगों के एक बड़े समूह में साझा की जाती है. यहाँ लोग आपसी सहयोग करते हुए समाज में रहते हैं और मिलकर काम करते हैं.,"एक सभ्यता एक विशिष्ट संस्कृति है जो एक बड़े समूह के लोगों द्वारा साझा की जाती है जो सहकारी रूप से जीते और काम करते हैं, एक समाज।",0.8679485321044922,0.8389620780944824,0.8532091379165649,0.9610121250152588,0.952513575553894,0.9567439556121826
411,"सभ्यता शब्द लैटिन civilis से आता है जिसका अर्थ है नागरिक, लैटिन civis से संबंधित है जिसका अर्थ है नागरिक और civitas जिसका अर्थ है शहर या शहर-राज्य, और यह भी किसी तरह से समाज के आकार को परिभाषित करता है।","सभ्यता शब्द लैटिन सिविलिस से आया है, जिसका अर्थ है नागरिक, लैटिन सिविस से संबंधित है, जिसका अर्थ है नागरिक, और सिवितास, जिसका अर्थ है शहर या शहर-राज्य, और वह एक तरह से समाज के आकार को भी परिभाषित करता है।","शब्द सभ्यता लैटिन शब्द ""civilis"" से आया है, जिसका अर्थ है नागरिक, जो लैटिन शब्द ""civis"" से संबंधित है, जिसका अर्थ है नागरिक, और ""civitas"" का अर्थ है नगर या नगर-राज्य, और यह किसी न किसी तरह से समाज के आकार को भी परिभाषित करता है।",0.9008791446685791,0.8759212493896484,0.8882248997688293,0.9248318672180176,0.8903614282608032,0.9072693586349487
412,"शहर-राज्य राष्ट्रों के अग्रदूत हैं। सभ्यता संस्कृति का अर्थ है कई पीढ़ियों में ज्ञान का प्रसार, एक स्थायी सांस्कृतिक पदचिह्न और निष्पक्ष प्रसार।","शहर-राज्य राष्ट्रों के अगुआ हैं। एक सभ्यतागत संस्कृति का अर्थ है कई पीढ़ियों में ज्ञान का पारित होना, एक टिका हुआ सांस्कृतिक पदचिह्न और निष्पक्ष प्रसार।","शहर-राज्य राष्ट्रों के पूर्ववर्ती होते हैं। एक सभ्यतागत संस्कृति का मतलब है कई पीढ़ियों के बीच ज्ञान का हस्तांतरण, एक स्थायी सांस्कृतिक छाप और समान वितरण।",0.9296039938926697,0.9240487217903137,0.9268180131912231,0.8422783613204956,0.857554018497467,0.8498475551605225
413,छोटी संस्कृतियां अक्सर प्रासंगिक ऐतिहासिक साक्ष्य छोड़ने के बिना गायब हो जाती हैं और उचित सभ्यताओं के रूप में मान्यता प्राप्त नहीं होती हैं।,छोटी संस्कृतियां बिना बड़े ऐतिहासिक सबूतों के खत्म हो जाती हैं और उन्हें सभ्यता का दर्जा नहीं मिल पाता.,छोटी संस्कृतियाँ अक्सर बिना किसी प्रासंगिक ऐतिहासिक साक्ष्य के गायब हो जाती हैं और उन्हें उचित सभ्यताओं के रूप में मान्यता प्राप्त नहीं होती।,0.7952327132225037,0.8086980581283569,0.8019088506698608,0.9440150260925293,0.9526240825653076,0.9483000040054321
414,"स्वतंत्रता युद्ध के दौरान, तेरह राज्यों ने पहली बार एक कमजोर केंद्रीय सरकार का गठन किया, जिसमें कांग्रेस संधि के लेखों के तहत इसका एकमात्र घटक था।","कंफेडेरशन के अनुच्छेद के तहत क्रांतिकारी युद्ध के दौरान, तेरह राज्यों ने पहली बार एक कमजोर केंद्रीय सरकार का गठन किया जिसमें कांग्रेस इसका एकमात्र घटक थी.","क्रांतिकारी युद्ध के दौरान, तेरह राज्यों ने पहले परिसंघ के अनुच्छेदों के तहत एक कमजोर केंद्रीय सरकार बनाई - जिसमें कांग्रेस इसकी एकमात्र घटक थी।",0.9053303003311157,0.870083212852478,0.8873568773269653,0.8892446160316467,0.8702269792556763,0.8796330094337463
415,"कांग्रेस को कर लगाने की कोई शक्ति नहीं थी और, क्योंकि कोई राष्ट्रीय कार्यकारी या न्यायपालिका नहीं थी, इसलिए वह अपने सभी कार्यों को लागू करने के लिए राज्य अधिकारियों पर निर्भर थी, जो अक्सर असहयोग करते थे।","कांग्रेस के पास टैक्स लगाने का कोई अधिकार नहीं था, क्योंकि वहाँ कोई राष्ट्रीय कार्यकारी या न्यायपालिका नहीं थी. यह राज्य के अधिकारियों पर निर्भर थे, जो अक्सर अपने सभी कार्यों को लागू करने में सहयोगी नहीं थे.","कांग्रेस के पास कर लगाने की कोई शक्ति नहीं थी, और क्योंकि वहाँ कोई राष्ट्रीय कार्यपालिका या न्यायपालिका नहीं थी, यह अपने सभी कृत्यों को लागू करने के लिए अक्सर सहयोग न करने वाले राज्य अधिकारियों पर निर्भर रही।",0.8943019509315491,0.8859831094741821,0.8901230692863464,0.9255987405776978,0.9225153923034668,0.9240545034408569
416,"इसके अलावा, राज्यों के बीच कर कानूनों और टैरिफों को रद्द करने का अधिकार भी नहीं था।",इसके राज्यों के बीच कर कानूनों और शुल्कों को ओवरराइड करने का भी कोई अधिकार नहीं था.,इसका राज्य के बीच कर कानूनों और शुल्कों को पार करने का कोई अधिकार नहीं था।,0.8862888216972351,0.8934516906738281,0.8898558020591736,0.8711220026016235,0.9012362957000732,0.8859232664108276
417,संविधान में संशोधन करने से पहले सभी राज्यों की सर्वसम्मति आवश्यक थी और राज्यों ने केंद्र सरकार को इतनी हल्के ढंग से लिया कि उनके प्रतिनिधि अक्सर अनुपस्थित रहते थे।,लेख को संशोधित करने से पहले सभी राज्यों से सर्वसम्मति से सहमति की आवश्यकता थी और राज्यों ने केंद्र सरकार को गंभीरता से नहीं लिया और उनके प्रतिनिधि अक्सर सभा में आते ही नहीं थे।,आर्टिकल्स को संशोधन करने से पहले सभी राज्यों की सर्वसम्मति की आवश्यकता थी और राज्यों ने केंद्रीय सरकार को इतनी हल्की गति से लिया कि उनके प्रतिनिधि अक्सर अनुपस्थित रहते थे।,0.839353084564209,0.8541717529296875,0.8466975688934326,0.9526973366737366,0.9344221353530884,0.9434711933135986
418,"इटली की राष्ट्रीय फुटबॉल, जर्मनी की राष्ट्रीय फुटबॉल टीम के साथ दुनिया की दूसरी सबसे सफल टीम है और 2006 में फीफा विश्व कप चैंपियन थी।","सफलता के मामले में, जर्मनी की राष्ट्रीय फुटबॉल टीम के बाद इटली की राष्ट्रीय फुटबॉल टीम आती है, ये फीफा वर्ल्ड कप 2006 के विजेता थे.","इटली की राष्ट्रीय फुटबॉल टीम, जर्मन राष्ट्रीय फुटबॉल टीम के साथ, दुनिया की दूसरी सबसे सफल टीम है और 2006 में फीफा विश्व कप चैंपियन थी।",0.8666960597038269,0.8425023555755615,0.8544279932975769,0.9713162779808044,0.9729225635528564,0.9721187353134155
419,"लोकप्रिय खेलों में फुटबॉल, बास्केटबॉल, वॉलीबॉल, वॉटर पोलो, बाड़बाजी, रग्बी, साइकिल चलाना, आइस हॉकी, रोलर हॉकी और एफ 1 मोटर रेसिंग शामिल हैं।","लोकप्रिय खेलों में फ़ुटबॉल, बास्केटबॉल, वॉलीबॉल, वाटर पोलो, तलवारबाज़ी, रग्बी, साइकिलिंग, आइस हॉकी, रोलर हॉकी और एफ़ 1 मोटर रेसिंग शामिल हैं.","लोकप्रिय खेलों में फुटबॉल, बास्केटबॉल, वॉलीबॉल, पानी की पोलो, फेंसिंग, रग्बी, साइक्लिंग, आइस हॉकी, रोलर हॉकी और F1 मोटर रेसिंग शामिल हैं।",0.9634248614311218,0.9635522961616516,0.9634885787963867,0.9345222115516663,0.9512728452682495,0.942823052406311
420,"उत्तरी क्षेत्रों में सर्दियों के खेल सबसे लोकप्रिय हैं, इटली के लोग अंतरराष्ट्रीय खेलों और ओलंपिक आयोजनों में प्रतिस्पर्धा करते हैं।","अंतर्राष्ट्रीय खेलों और ओलंपिक स्पर्धाओं में प्रतिस्पर्धा करने वाले इटालियंस के साथ, शीतकालीन खेल उत्तरी क्षेत्रों में सबसे लोकप्रिय हैं.","शीतकालीन खेल उत्तर क्षेत्रों में सबसे लोकप्रिय हैं, जहाँ इटालियन अंतरराष्ट्रीय खेलों और ओलंपिक प्रतियोगिताओं में प्रतिस्पर्धा करते हैं।",0.8442648649215698,0.8350762128829956,0.8396453857421875,0.894070029258728,0.9032701253890991,0.8986465334892273
421,"जापान में लगभग 7,000 द्वीप हैं (सबसे बड़ा होन्शु है), जो जापान को दुनिया का 7वां सबसे बड़ा द्वीप बनाता है!","जापान में करीब 7,000 द्वीप हैं (सबसे बड़ा द्वीप होन्शु है). यह जापान को दुनिया के 7वें सबसे बड़े द्वीप का दर्जा देता है!","जापान के पास लगभग 7,000 द्वीप हैं (सबसे बड़ा होंशू), जिससे जापान दुनिया का 7वां सबसे बड़ा द्वीप बनता है!",0.9423127174377441,0.9117395281791687,0.9267740249633789,0.940798282623291,0.9530138969421387,0.9468666911125183
422,"जापान के द्वीप समूह के कारण, जापान को अक्सर भौगोलिक दृष्टिकोण से ""आर्किपिलागो"" के रूप में संदर्भित किया जाता है","जापान के पास, द्वीपों के समूह होने के कारण, जापान को भौगोलिक रूप से अक्सर “द्वीपसमूह” के रूप में संदर्भित किया जाता है।","जापान में मौजूद द्वीपों के समूह के कारण, जापान को अक्सर भौगोलिक दृष्टिकोण से ""द्वीप समूह"" के रूप में संदर्भित किया जाता है।",0.8500856161117554,0.8650793433189392,0.8575169444084167,0.8983317613601685,0.9123755693435669,0.905299186706543
423,"ताइवान की शुरुआत 15वीं शताब्दी में हुई थी, जहां यूरोपीय नाविकों ने इस द्वीप का नाम इल्हा फॉर्मोसा या सुंदर द्वीप के रूप में दर्ज किया था।",ताइवान की खोज 15वीं शताब्दी में यूरोपीय नाविकों ने की थी. उन्होंने इस आइलैंड को इल्हा फ़ॉर्मोसा या सुंदर आइलैंड कहा था.,"ताइवान की शुरुआत 15वीं सदी में हुई थी, जब यूरोपीय नाविकों ने इस द्वीप के लिए Ilha Formosa, या सुंदर द्वीप, नाम दिया।",0.8776079416275024,0.8870174884796143,0.8822876214981079,0.8634821772575378,0.9190254211425781,0.8903883695602417
424,"1624 में, डच ईस्ट इंडिया कंपनी ने दक्षिण-पश्चिमी ताइवान में एक आधार स्थापित किया, आदिवासी अनाज उत्पादन प्रथाओं में परिवर्तन की शुरुआत की और चीनी श्रमिकों को अपने चावल और चीनी पौधों पर काम करने के लिए नियोजित किया।","1624 में, डच ईस्ट इंडिया कंपनी ने दक्षिण-पश्चिमी ताइवान में एक बेस की स्थापना की थी, जो आदिवासी अनाज उत्पादन के तरीको में परिवर्तन की शुरुआत कर रही थी और चीनी मजदूरों को अपने चावल और चीनी बागानों पर काम करने के लिए नियुक्त कर रही थी।","1624 में, डच ईस्ट इंडिया कंपनी ने दक्षिण-पश्चिम ताइवान में एक基地 स्थापित किया, जिससे आदिवासी अनाज उत्पादन प्रथाओं में एक परिवर्तन की शुरुआत हुई और इसके चावल और चीनी के बागानों पर काम करने के लिए चीनी श्रमिकों को नौकरी पर रखा गया।",0.9036033153533936,0.8807663917541504,0.8920387625694275,0.915259599685669,0.9035115838050842,0.909347653388977
425,"1683 में, क़िंग राजवंश (1644-1912) की सेनाओं ने ताइवान के पश्चिमी और उत्तरी तटीय क्षेत्रों पर नियंत्रण कर लिया और ताइवान को 1885 में क़िंग साम्राज्य का प्रांत घोषित किया।",1683 में चिंग राजवंश (1644-1912) ने ताइवान के पश्चिमी और उत्तरी तटीय क्षेत्रों में जबरन कब्ज़ा कर लिया और 1885 में ताइवान को साम्राज्य का प्रांत घोषित किया.,"In 1683, किंग राजवंश (1644-1912) की सेनाएँ ताइवान के पश्चिमी और उत्तरी तटीय क्षेत्रों पर नियंत्रण कर लेती हैं और 1885 में ताइवान को किंग साम्राज्य का एक प्रांत घोषित करती हैं।",0.9313232898712158,0.9320155382156372,0.931669294834137,0.9366992712020874,0.927868127822876,0.9322627782821655
426,"1895 में, प्रथम चीनी-जापानी युद्ध (1894-1895) में हार के बाद, क़िंग सरकार ने शिमोनोसेकी की संधि पर हस्ताक्षर किए, जिसके द्वारा यह ताइवान पर संप्रभुता जापान को सौंप देता है, जो 1945 तक द्वीप पर शासन करता है।","1895 में, प्रथम चीन-जापान युद्ध (1894-1895) में हार के बाद, चिंग सरकार शिमोनोसेकी की संधि पर हस्ताक्षर करती है, जिसके द्वारा वह ताइवान की संप्रभुता जापान को सौंप देती है, जो 1945 तक द्वीप पर राज करता है।",在1895年，在第一次中日战争（1894-1895）战败之后，清政府签署了《下关条约》，根据该条约，它将对台湾的主权割让给日本，日本统治该岛直到1945年。,0.952390193939209,0.9586153030395508,0.9554925560951233,0.7029221057891846,0.7519535422325134,0.7266115546226501
427,"मचू पिचू में तीन मुख्य संरचनाएं हैं, अर्थात् इंतिहुआताना, सूर्य का मंदिर और तीन खिड़कियों का कमरा।","माचू पिच्चू में तीन मुख्य संरचनाएं हैं, जो कि इतिहुआताना, सूर्य का मंदिर और तीन खिड़कियों का कमरा हैं।","माचू पिच्चू तीन मुख्य संरचनाओं से मिलकर बना है, अर्थात् इंटिहुआटाना, सूर्य का मंदिर, और तीन खिड़कियों का कमरा।",0.9544999599456787,0.9542032480239868,0.9543516039848328,0.9398962259292603,0.9096352458000183,0.9245181679725647
428,परिसर के किनारों पर अधिकांश इमारतों को फिर से बनाया गया है ताकि पर्यटकों को यह बेहतर अंदाजा हो सके कि वे मूल रूप से कैसे दिखाई दे रहे हैं।,परिसर के किनारे ज़्यादातर इमारतें फिर से बनाई गई हैं ताकि पर्यटकों को बेहतर ढंग से पता चल सके कि वे मूल रूप में कैसी दिखाई देती थी.,संपर्क के किनारों पर अधिकांश इमारतों का पुनर्निर्माण किया गया है ताकि पर्यटकों को यह बेहतर समझ में आ सके कि वे मूल रूप से कैसे दिखाई देती थीं।,0.9048588275909424,0.8996224999427795,0.9022331237792969,0.9232590198516846,0.9031565189361572,0.9130971431732178
429,1976 तक मचू पिचू का तीस प्रतिशत क्षेत्र बहाल हो चुका था और आज भी बहाल किया जा रहा है।,सन 1976 तक माचू पिचू के तीस प्रतिशत हिस्से का जीर्णोद्धार कर दिया गया था और जीर्णोद्धार का कार्य आज तक जारी है।,"1976 तक, मचू पिचू का तीस प्रतिशत हिस्सा पुनर्स्थापित किया जा चुका था और पुनर्स्थापना आज तक जारी है।",0.8476125001907349,0.8188797235488892,0.8329983949661255,0.9004785418510437,0.8605099320411682,0.88004070520401
430,"उदाहरण के लिए, दुनिया में सबसे आम स्थिर छवि फोटोग्राफी प्रारूप 35 मिमी है, जो एनालॉग फिल्म युग के अंत में प्रमुख फिल्म आकार था।","उदाहरण के लिए, दुनिया में सबसे ज़्यादा इस्तेमाल होने वाला फ़ोटोग्राफ़ी फ़ॉर्मेट 35mm है. यह एनालॉग फिल्म दौर के आखिर में काफी प्रचलित था.","उदाहरण के लिए, दुनिया में सबसे आम स्थिर छवि फोटोग्राफी प्रारूप 35 मिमी है, जो एनालॉग फिल्म युग के अंत में प्रमुख फिल्म आकार था।",0.8537676334381104,0.8397199511528015,0.846685528755188,1.0,1.0,1.0
431,"यह आज भी निर्मित है, लेकिन इससे भी महत्वपूर्ण बात यह है कि इसका आयाम अनुपात डिजिटल कैमरा इमेज सेंसर प्रारूपों द्वारा विरासत में मिला है।","यह आज भी बनाया जाता है, लेकिन इससे भी महत्वपूर्ण बात यह है कि इसका अभिमुखता अनुपात डिजिटल कैमरा इमेज सेंसर प्रारूपों द्वारा विरासत में मिला है.","यह आज भी उत्पादित होता है, लेकिन इससे भी महत्वपूर्ण बात यह है कि इसका पहलू अनुपात डिजिटल कैमरा इमेज सेंसर प्रारूपों द्वारा विरासत में लिया गया है।",0.9589404463768005,0.9535434246063232,0.9562342762947083,0.947291910648346,0.9240207672119141,0.9355116486549377
432,"35 मिमी प्रारूप वास्तव में, कुछ भ्रमित करने के लिए, चौड़ाई 36 मिमी द्वारा ऊंचाई 24 मिमी है।","35 मिमी प्रारूप वास्तव में, थोड़ा भ्रामक है, जो ऊँचाई में 24 मिमी गुना 36 मिमी चौड़ाई में है.","35 मिमी प्रारूप वास्तव में, कुछ भ्रमित करने वाले तरीके से, 36 मिमी चौड़ाई और 24 मिमी ऊँचाई में होता है।",0.8548628091812134,0.8345356583595276,0.844576895236969,0.9091691970825195,0.8844355344772339,0.8966318368911743
433,इस प्रकार इस प्रारूप का पहलू अनुपात (सबसे सरल पूर्णांक अनुपात प्राप्त करने के लिए बारह से विभाजित) 3:2 माना जाता है।,इस प्रारूप (सबसे सरल पूर्ण-संख्या अनुपात प्राप्त करने के लिए बारह से भाग देना) के अभिमुखता अनुपात को इसलिए 3:2 कहा जाता है।,इस प्रारूप का पहलू अनुपात (सबसे सरल पूर्णांक अनुपात प्राप्त करने के लिए बारह से भाग देकर) इसलिए कहा जाता है कि यह 3:2 है।,0.8824844360351562,0.8805540800094604,0.8815182447433472,0.9341751337051392,0.9322988390922546,0.9332360625267029
434,कई आम प्रारूप (उदाहरण के लिए एपीएस प्रारूपों का परिवार) इस आरेख अनुपात के बराबर या करीब से करीब हैं।,"कई सामान्य प्रारूप (उदाहरण के लिए, प्रारूप का APS परिवार) इस अभिमुखता अनुपात के लगभग बराबर या उसके आस-पास हैं.",कई सामान्य प्रारूप (उदाहरण के लिए APS प्रारूप परिवार) इस पहलू अनुपात के बराबर या इसके निकट होते हैं।,0.8828898072242737,0.8922625184059143,0.8875514268875122,0.8829044103622437,0.9007706642150879,0.8917480707168579
435,"तीसरे का बहुत अधिक दुरुपयोग किया जाता है और अक्सर व्यंग्य किया जाता है, यह एक छवि में क्रम का एक उपाय बनाए रखते हुए गतिशीलता पैदा करने वाला एक सरल मार्गदर्शक है।",बहुत-दुर्व्यवहार और अक्सर उपहास करने वाला तीसरा नियम एक सरल दिशानिर्देश है जो एक छवि में क्रम का माप रखते हुए गतिशील बनाता है.,"तीन हिस्सों का नियम, जिसे अक्सर गलत तरीके से समझा जाता है और मजाक बनाया जाता है, एक साधारण दिशा-निर्देश है जो एक चित्र में गतिशीलता पैदा करते हुए संतुलन बनाए रखता है।",0.784928560256958,0.7902420163154602,0.7875763773918152,0.7644059658050537,0.7526390552520752,0.7584769129753113
436,इसमें कहा गया है कि मुख्य विषय के लिए सबसे प्रभावी स्थान रेखाओं के चौराहे पर है जो छवि को ऊर्ध्वाधर और क्षैतिज रूप से तीसरे भाग में विभाजित करते हैं (उदाहरण देखें) ।,यह बताता है कि मुख्य विषय के लिए सबसे असरदार जगह इमेज को तिरछे और क्षैतिज रूप में विभाजित करने वाली लाइनों को काटने वाली जगह पर है (उदाहरण देखें).,यह कहता है कि मुख्य विषय के लिए सबसे प्रभावी स्थान छवि को ऊर्ध्वाधर और क्षैतिज रूप से तिहाई हिस्सों में विभाजित करने वाली रेखाओं के संगम पर है (उदाहरण देखें)।,0.8132703304290771,0.8348953723907471,0.8239409327507019,0.9071826934814453,0.9031835198402405,0.9051787257194519
437,"इस अवधि के दौरान, कैथोलिक चर्च, जो अमीर और शक्तिशाली हो गया था, जांच के अधीन था।","यूरोपीय इतिहास की इस अवधि के दौरान कैथोलिक चर्च जो समृद्ध और शक्तिशाली हो गया था, जाँच के दायरे में आ गया.","इस यूरोपीय इतिहास के दौरान, कैथोलिक चर्च, जो अमीर और शक्तिशाली बन गया था, जांच के घेरे में आया।",0.899099588394165,0.866265058517456,0.8823769688606262,0.9252479076385498,0.903425931930542,0.9142067432403564
438,एक हजार से अधिक वर्षों तक ईसाई धर्म ने भाषा और रीति-रिवाजों में मतभेदों के बावजूद यूरोपीय राज्यों को एक साथ बांध दिया था।,भाषा और रीति-रिवाज़ में अंतर के बावजूद हज़ारों सालों से ईसाई धर्म ने यूरोपीय देशों को एक साथ बांधे रखा है.,"एक हजार से अधिक वर्षों तक ईसाई धर्म ने यूरोपीय राज्यों को एक साथ बांध कर रखा, हालाँकि भाषाओं और प्रथाओं में भिन्नताएँ थीं।",0.8874377012252808,0.9034386277198792,0.8953666090965271,0.8572287559509277,0.875458300113678,0.8662476539611816
439,उसकी सर्वव्यापी शक्ति राजा से लेकर आम आदमी तक सभी को प्रभावित करती थी।,इसकी सर्वव्यापी शक्ति ने राजा से लेकर आम तक सभी को प्रभावित किया.,इसकी सर्वव्यापी शक्ति ने राजा से लेकर आम आदमी तक सभी को प्रभावित किया।,0.8858298063278198,0.9218074679374695,0.903460681438446,0.9422638416290283,0.9435631632804871,0.9429130554199219
440,ईसाई धर्म के मुख्य सिद्धांतों में से एक यह है कि धन का उपयोग दुःख और गरीबी को कम करने के लिए किया जाना चाहिए और चर्च के धन को विशेष रूप से इस कारण से रखा गया है।,मुख्य ईसाई सिद्धातों में से एक यह है कि धन का उपयोग दुख और गरीबी को कम करने के लिए किया जाना चाहिए और चर्च के मौद्रिक कोष विशेष रूप से इसीलिए हैं.,एक मुख्य ईसाई सिद्धांत यह है कि धन का उपयोग पीड़ा और गरीबी को कम करने के लिए किया जाना चाहिए और यह कि चर्च के वित्तीय संसाधन विशेष रूप से इसी कारण के लिए उपलब्ध हैं।,0.918034553527832,0.9029133915901184,0.9104112386703491,0.8940635919570923,0.8866715431213379,0.8903522491455078
441,चर्च का केंद्रीय अधिकार एक हजार से अधिक वर्षों से रोम में था और सत्ता और धन का यह एकाग्रता कई लोगों को इस सिद्धांत पर संदेह करने के लिए प्रेरित करती थी कि क्या यह सिद्धान्त पूरा किया जा रहा है।,रोम में चर्च का केंद्रीय प्राधिकरण एक हज़ार से भी ज़्यादा सालों से है और ताकत और पैसे के इस तरह एक ही जगह पर केंद्रित होने से कई लोगों के मन में सवाल है कि यह सिद्धांत पूरा हो रहा था या नहीं.,चर्च का केंद्रीय प्राधिकरण रोम में एक हजार से अधिक वर्षों से था और इस शक्ति और धन का संकेंद्रण कई लोगों को यह सवाल उठाने के लिए प्रेरित करता था कि क्या इस सिद्धांत को पूरा किया जा रहा था।,0.8104653358459473,0.800045371055603,0.805221676826477,0.9089311361312866,0.904032826423645,0.9064754247665405
442,युद्ध शुरू होने के तुरंत बाद ब्रिटेन ने जर्मनी पर नौसेना की नाकाबंदी शुरू की।,"शत्रुता फैलाने के तुरंत बाद, ब्रिटेन ने जर्मनी की समुद्री घेराबंदी शुरू कर दी थी.","जैसे ही युद्ध की गतिविधियाँ शुरू हुईं, ब्रिटेन ने जर्मनी का समुद्री नाकेबंदी शुरू किया।",0.8908623456954956,0.8607142567634583,0.8755288124084473,0.8713330626487732,0.8532482385635376,0.8621958494186401
443,"यह रणनीति प्रभावी साबित हुई, महत्वपूर्ण सैन्य और नागरिक आपूर्ति को काट दिया, हालांकि यह नाकाबंदी पिछले दो शताब्दियों के कई अंतरराष्ट्रीय समझौतों द्वारा संकलित सामान्य रूप से स्वीकार किए गए अंतरराष्ट्रीय कानून का उल्लंघन करती थी।","रणनीति महत्वपूर्ण सैन्य और असैन्य आपूर्ति को काटते हुए प्रभावी साबित हुई, हालाँकि इस नाकाबंदी ने पिछले दो शताब्दियों के कई अंतरराष्ट्रीय समझौतों द्वारा आमतौर पर स्वीकृत अंतर्राष्ट्रीय कानून का उल्लंघन किया।","इस रणनीति ने प्रभावी साबित होते हुए, महत्वपूर्ण सैन्य और नागरिक आपूर्ति को काट दिया, हालांकि इस बाधा ने पिछले दो सदियों के कई अंतरराष्ट्रीय समझौतों द्वारा संहिताबद्ध सामान्य रूप से स्वीकार्य अंतरराष्ट्रीय कानून का उल्लंघन किया।",0.8985931873321533,0.8940290808677673,0.8963053226470947,0.9207231402397156,0.9230818748474121,0.9219009876251221
444,"ब्रिटेन ने समुद्र के पूरे हिस्सों में किसी भी जहाज को प्रवेश करने से रोकने के लिए अंतरराष्ट्रीय जल में खनन की, जिससे तटस्थ जहाजों को भी खतरा पैदा हुआ।","ब्रिटेन ने किसी भी जहाज को समुद्र के पूरे हिस्सों में प्रवेश करने से रोकने के लिए अंतरराष्ट्रीय जल का खनन किया, जिससे तट पर खड़े जहाजों के लिए भी खतरा पैदा हो गया।","ब्रिटेन ने अंतरराष्ट्रीय जल域 में खनन किया ताकि किसी भी जहाज को महासागर के पूरे हिस्सों में प्रवेश से रोका जा सके, जिससे तटस्थ जहाजों के लिए भी खतरा उत्पन्न हुआ।",0.9558268785476685,0.9495867490768433,0.9526965618133545,0.9016274213790894,0.8782775402069092,0.8897992968559265
445,"चूंकि इस रणनीति पर सीमित प्रतिक्रिया थी, इसलिए जर्मनी ने अपने निर्बाध पनडुब्बी युद्ध के लिए इसी तरह की प्रतिक्रिया की उम्मीद की थी।","चूँकि इस रणनीति को सीमित प्रतिसाद ही मिला था, इसलिए जर्मनी ने अपने अप्रतिबंधित पनडुब्बी युद्ध को लेकर भी इसी तरह के प्रतिसाद की उम्मीद की थी.","चूंकि इस रणनीति का प्रतिक्रिया सीमित थी, जर्मनी ने अपनी अनियंत्रित पनडुब्बी युद्ध की प्रतिक्रिया में समानता की अपेक्षा की।",0.9094257354736328,0.8916212916374207,0.9004355072975159,0.8897732496261597,0.8905212879180908,0.8901471495628357
446,1920 के दशक के दौरान अधिकांश नागरिकों और राष्ट्रों में शांतिवाद और अलगाव का प्रचलित दृष्टिकोण था।,1920 के दशक के दौरान ज़्यादातर नागरिकों और देशों में शांतिवाद और अलगाव का नज़रिया प्रचलित था.,"1920 के दशक के दौरान, अधिकांश नागरिकों और देशों की प्रमुख मनोवृत्ति अहिंसा और अलगाव की थी।",0.9364184141159058,0.9310342073440552,0.9337185025215149,0.876927375793457,0.8605583310127258,0.8686657547950745
447,"प्रथम विश्व युद्ध के दौरान युद्ध के भयानक और क्रूरता को देखने के बाद, राष्ट्रों ने भविष्य में ऐसी स्थिति से बचने की इच्छा व्यक्त की।","प्रथम विश्व युद्ध के दौरान युद्ध की भयानकता और अत्याचारों को देखने के बाद, राष्ट्र भविष्य में ऐसी स्थिति से बचने के लिए कामना करता है ।","पहले विश्व युद्ध के दौरान युद्ध के भयंकरता और अत्याचारों को देखने के बाद, देशों ने भविष्य में फिर से ऐसी स्थिति से बचने की इच्छा व्यक्त की।",0.8825967311859131,0.8928830027580261,0.8877100348472595,0.9293215274810791,0.9163066744804382,0.922768235206604
448,"1884 में, टेस्ला न्यूयॉर्क शहर में एडिसन कंपनी के साथ नौकरी स्वीकार करने के लिए संयुक्त राज्य अमेरिका चले गए।","1884 में, टेस्ला न्यूयॉर्क शहर में एडिसन कंपनी के साथ नौकरी स्वीकार करने के लिए यूनाइटेड स्टेट्स ऑफ़ अमेरिका चले गए।","1884 में, टेस्ला ने न्यू यॉर्क सिटी में एडिसन कंपनी के साथ नौकरी स्वीकार करने के लिए संयुक्त राज्य अमेरिका में कदम रखा।",0.9677016139030457,0.904057502746582,0.9347975254058838,0.9438748359680176,0.9302491545677185,0.9370124340057373
449,"वह अपने नाम पर 4 सेंट, कविता की एक पुस्तक और थॉमस एडिसन को चार्ल्स बैचेलर (अपने पिछले काम में उनके प्रबंधक) से सिफारिश पत्र के साथ अमेरिका पहुंचे।","अपनी जेब में 4 सेंट्स, कविता की एक पुस्तक और उनके थॉमस एडिसन को संबोधित सिफारिशी चिट्ठी (पिछली नौकरी के मैनेजर द्वारा लिखी) लेकर वे अमरीका पहुंचे.","वह अमेरिका में 4 सेंट के साथ, एक कविता की किताब और चार्ल्स बैचनलर (उनके पिछले काम में प्रबंधक) द्वारा थॉमस एडीसन के लिए लिखी गई सिफारिश पत्र के साथ आए।",0.8522928953170776,0.8211286067962646,0.8364205956459045,0.8884099721908569,0.8906189799308777,0.8895131349563599
450,प्राचीन चीन में विभिन्न कालखंडों को दिखाने का एक अनूठा तरीका था; चीन का प्रत्येक चरण या सत्ता में रहने वाला प्रत्येक परिवार एक विशिष्ट राजवंश था।,"प्राचीन चीन में अलग-अलग समय अवधि दिखाने का एक अनूठा तरीका था; चीन का प्रत्येक चरण या प्रत्येक परिवार जो सत्ता में था, एक ख़ास राजवंश था.","प्राचीन चीन के पास भिन्न समय अवधि को दिखाने का एक अनूठा तरीका था; चीन के प्रत्येक चरण या जिन परिवारों के पास सत्ता थी, वे एक विशिष्ट राजवंश थे।",0.9236719608306885,0.9076372385025024,0.91558438539505,0.9184133410453796,0.8946665525436401,0.9063844680786133
451,इन कालों में सबसे प्रसिद्ध तीन राजवंश का युग था जो हान और जिन राजवंश के बीच 60 वर्षों तक चला।,"इसके अलावा, यह हर राजवंशों में राज्यों के बंटवारे को लेकर अस्थिरता का दौर था. इसी काल में तीन राज्यों के बंटवारे को लेकर हान और जिन राजवंशों के बीच 60 वर्षों तक चला संघर्ष काफ़ी मशहूर है.","प्रत्येक राजवंश के बीच एक अस्थिर युग था जिसमें विभाजित प्रांत थे। इन अवधियों में से सबसे प्रसिद्ध अवधि थी तीन साम्राज्यों का युग, जो हान और जिन राजवंश के बीच 60 वर्षों तक चला।",0.8025742769241333,0.7224870920181274,0.7604278326034546,0.9194152355194092,0.8253401517868042,0.869841456413269
452,इन कालखंडों में सिंहासन के लिए लड़ने वाले कई कुलीनों के बीच भयंकर युद्ध हुआ।,इस अवधि के दौरान सिंहासन के लिए लड़ रहे कई अमीरजादों के बीच भयंकर युद्ध हुआ।,इन अवधियों के दौरान कई राजाओं के बीच सिंहासन के लिए भयंकर युद्ध हुए।,0.9112637042999268,0.8915737271308899,0.9013112187385559,0.8838919401168823,0.9155482053756714,0.899441659450531
453,तीनों राज्य प्राचीन चीन के इतिहास में सबसे रक्तरंजित कालों में से एक थे। सियान में विशाल महल में उच्चतम सीट पर बैठने के लिए लड़ते हुए हजारों लोग मारे गए।,"द थ्री किंग़डम्स प्राचीन चीन के इतिहास में सबसे खूनी धब्बों में एक युग था, हजारों लोगों की मृत्यु हो गई थी, जो शीआन में भव्य महल में सबसे ऊंची सीट पर बैठने के लिए लड़ रहे थे।","तीन王राज्य प्राचीन चीन के इतिहास के सबसे खूनी युगों में से एक था, जिसमें हजारों लोग शियान के भव्य महल में सबसे ऊँचे सिंहासन पर बैठने के लिए लड़ते हुए मारे गए।",0.8405795097351074,0.8154646158218384,0.8278316259384155,0.8794680833816528,0.8818063735961914,0.880635678768158
454,"इसमें सामाजिक और राजनीतिक प्रभाव बहुत हैं जैसे कि मीट्रिक प्रणाली का उपयोग, निरपेक्षता से गणतंत्रवाद, राष्ट्रवाद और विश्वास है कि देश एक ही शासक के नहीं बल्कि लोगों के हैं।","मीट्रिक प्रणाली के इस्तेमाल, निरपेक्षवाद से गणतंत्रवाद, राष्ट्रवाद में बदलाव और देश का भरोसा लोगों से है किसी एक शासक से नहीं, ऐसी बातों का बहुत ज़्यादा सामाजिक और राजनैतिक असर होता है.","यहाँ बहुत सारे सामाजिक और राजनीतिक प्रभाव हैं जैसे कि मीट्रिक प्रणाली का उपयोग, निरंकुशता से गणतंत्र की ओर बदलाव, राष्ट्रवाद और यह विश्वास कि देश जनता का है न कि किसी एक एकल शासक का।",0.8167423009872437,0.8033081293106079,0.8099695444107056,0.890461802482605,0.8761100769042969,0.8832276463508606
455,क्रांति के बाद भी सभी पुरुष आवेदकों के लिए पदों का खुलासा किया गया था जिससे सबसे महत्वाकांक्षी और सफल सफल सफल होने की अनुमति मिली।,"तथा, क्रांति के बाद व्यवसाय सभी पुरुष आवेदकों के लिए खुले थे जिसमें सबसे महत्त्वाकांक्षी और सफल होने वाले सफल हो सकते थे।","क्रांति के बाद, सभी पुरुष आवेदकों के लिए नौकरियों के अवसर खुले थे, जिससे सबसे महत्वाकांक्षी और सफल लोग सफल हो सके।",0.8323949575424194,0.8467415571212769,0.8395069241523743,0.8637660145759583,0.8806662559509277,0.872134268283844
456,सेना के लिए भी यही है क्योंकि सेना की रैंकिंग वर्ग के आधार पर होने के बजाय अब कैलाबर पर आधारित थी।,यही सेना पर भी लागू होता है क्योंकि सेना की रैंकिंग वर्ण पर आधारित होने के बजाय अब योग्यता पर आधारित हैं।,"यह वहीं पर लागू होता है सेना के लिए भी, क्योंकि सेना की रैंकिंग अब वर्ग के आधार पर नहीं बल्कि क्षमता के आधार पर निर्धारित की जा रही थी।",0.8592951893806458,0.8369337320327759,0.8479670286178589,0.8182954788208008,0.7928717732429504,0.8053830862045288
457,फ्रांसीसी क्रांति ने दूसरे देशों के कई दमनकारी मजदूरों को भी अपनी क्रांति शुरू करने के लिए प्रेरित किया।,फ़्रांसीसी क्रांति ने दूसरे देशों में मौजूद कामगार वर्ग के कई दमित लोगों को भी अपनी-अपनी क्रांतियां शुरू करने की प्रेरणा दी.,फ्रेंच क्रांति ने अन्य देशों के दबाए गए श्रमिक वर्ग के कई लोगों को अपनी खुद की क्रांतियाँ शुरू करने के लिए प्रेरित किया।,0.9104675054550171,0.8845265507698059,0.8973095417022705,0.900435209274292,0.8812497854232788,0.8907392024993896
458,मोहम्मद इस सांसारिक जीवन के परे मामलों में गहरे रुचि रखते थे। वह ध्यान के लिए नूर (प्रकाश) के पर्वत पर एक गुफा में अक्सर जाते थे जो हिरा के रूप में जाना जाता था।,मोहम्मद इस सांसारिक जीवन से परे मामलों में गहरी रुचि रखते थे। वे अक्सर चिंतन के लिए एक गुफा का उपयोग करते थे जिसे “नूर” (प्रकाश) के पर्वत पर “हीरा” के रूप में जाना जाता है।,"मुहम्मद इस सांसारिक जीवन से परे मामलों में गहरी रुचि रखते थे। वह अक्सर ""हिरा"" नाम की एक गुफा में जाते थे, जो ""नूर"" (प्रकाश) पर्वत पर स्थित है, ध्यान के लिए।",0.93461012840271,0.9092200994491577,0.9217402935028076,0.9245396256446838,0.914993405342102,0.9197417497634888
459,"गुफा स्वयं, जो समय से जीवित रही, मुहम्मद की आध्यात्मिक प्रवृत्ति की एक बहुत जीवंत छवि देती है।","उन्होंने खुद को एकांत करा , जो कई समय तक रहा, यह मुहम्मद के आध्यात्मिक झुकाव की एक बहुत ही उज्ज्वल छवि देता है।","गुफा स्वयं, जो समय का सामना करते हुए बची रही, मुहम्मद की आध्यात्मिक प्रवृत्तियों की बहुत जीवंत छवि प्रस्तुत करती है।",0.8093037009239197,0.7985010147094727,0.8038660287857056,0.9358131885528564,0.9125522971153259,0.9240363240242004
460,मक्का के उत्तर में एक पहाड़ के शिखर पर स्थित गुफा पूरी तरह से दुनिया से अलग है।,मक्का के उत्तर में स्थित पहाड़ों में से एक के शीर्ष पर स्थित गुफा दुनिया के बाकी हिस्सों से पूरी तरह कटी हुई है।,مکہ کے شمال میں واقع پہاڑوں میں سے ایک کی چوٹی پر واقع یہ غار دنیا سے بالکل علیحدہ ہے۔,0.8790090084075928,0.8198076486587524,0.8483768105506897,0.7587150931358337,0.7536580562591553,0.756178081035614
461,"वास्तव में, यह ढूंढना आसान नहीं है, भले ही कोई जानता हो कि यह मौजूद है। एक बार गुफा के अंदर, यह पूरी तरह से अलग है।","असल में, किसी को इसकी मौजूदगी का पता होने पर भी इसे ढूँढना बिल्कुल भी आसान नहीं है. एक बार गुफ़ा में पहुँच जाने पर, वहाँ आप एकदम अकेले हो जाते हैं.","वास्तव में, यह वास्तव में ढूंढना आसान नहीं है, भले ही कोई जानता हो कि यह मौजूद है। एक बार गुफा के भीतर, यह पूरी तरह से अलगाव होता है।",0.7995983958244324,0.7645031809806824,0.7816570401191711,0.9701049327850342,0.9532184600830078,0.9615876078605652
462,इस दुनिया का बहुत कम हिस्सा गुफा के अंदर से देखा या सुना जा सकता है।,"ऊपर साफ़ वातावरण, सुंदर आसमान और आस-पास के कई पहाड़ों के अलावा और कुछ भी नहीं नज़र आता है. इसलिए इस गुफ़ा के अंदर से दुनिया का छोटा सा हिस्सा ही देखा या सुना जा सकता है.","कुछ भी नहीं देखा जा सकता है, सिवाए ऊपर के स्वच्छ, खूबसूरत आसमान और चारों ओर के कई पहाड़ों के। इस गुफा के अंदर से इस दुनिया का बहुत कम देखा या सुना जा सकता है।",0.8571584224700928,0.7296507358551025,0.7882816791534424,0.8764203786849976,0.7429349422454834,0.8041760325431824
463,गिजा में ग्रेट पिरामिड सात आश्चर्यों में से एकमात्र है जो आज भी खड़ा है।,गीज़ा में मौजूद ग्रेट पिरामिड सात अजूबा में से केवल एक है जो आज भी खड़ा है।,गिज़ा का महान पिरामिड सात आश्चर्यों में से एकमात्र ऐसा है जो आज भी खड़ा है।,0.8695346713066101,0.8828394412994385,0.8761364817619324,0.9282104969024658,0.9246721863746643,0.9264379739761353
464,"तीसरी शताब्दी ईसा पूर्व में मिस्रियों द्वारा निर्मित, ग्रेट पिरामिड मृत फराह के सम्मान में निर्मित कई बड़े पिरामिड संरचनाओं में से एक है।","तीसरी शताब्दी ईसा पूर्व में मिस्रियों द्वारा निर्मित, ग्रेट पिरामिड मृत फिरौन का सम्मान करने के लिए निर्मित कई बड़ी पिरामिड संरचनाओं में से एक है।","तीसरी सदी ईसा पूर्व में मिस्र के लोगों द्वारा निर्मित, ग्रेट पिरामिड उन कई बड़े पिरामिड संरचनाओं में से एक है जिसे मृत फिरौन को सम्मानित करने के लिए बनाया गया था।",0.9623156785964966,0.9558343291282654,0.9590640664100647,0.9001607894897461,0.8745665550231934,0.8871791362762451
465,"मिस्र की घाटी में गिजा पठार या ""गिजा नेक्रोपॉलिस"" में कई पिरामिड (जिसमें से महान पिरामिड सबसे बड़ा है), कई छोटी कब्रें, कई मंदिर और महान स्फिंक्स हैं।","गीज़ा पठार, “गीज़ा नेक्रोपोलिस” या मृतकों की मिस्र की घाटी में कई पिरामिड (जिनमें से द ग्रेट पिरामिड सबसे बड़ा है), कई छोटी कब्रें, कई मंदिर और महान स्फिंक्स हैं.","गिज़ा पठार, या ""गिज़ा नेक्रोपोलिस"" मिस्र के मृतकों की घाटी में कई पिरामिडों (जिनमें से महान पिरामिड सबसे बड़ा है), कई छोटे समाधियों, कई मंदिरों, और महान स्पिंक्स को समाहित करता है।",0.9279642701148987,0.9000681638717651,0.9138033390045166,0.908683180809021,0.8774914741516113,0.8928149938583374
466,"फ़िरौन खुफू के सम्मान में महान पिरामिड बनाई गई थी, और कई छोटे पिरामिड, कब्रें और मंदिर खुफू की पत्नियों और परिवार के सदस्यों के सम्मान में बनाए गए थे।","महान पिरामिड फेरो खुफू के सम्मान में बनाया गया था, और कई छोटे पिरामिड, कब्र और मंदिरों का निर्माण खुफू की पत्नियों और परिवार के सदस्यों के सम्मान में किया गया था।","महान पिरामिड का निर्माण फराओ खुफू की इज्जत के लिए किया गया था, और कई छोटे पिरामिड, कब्रें, और मंदिर खुफू की पत्नियों और परिवार के सदस्यों की इज्जत के लिए बनाए गए थे।",0.9064275026321411,0.9122364521026611,0.9093227386474609,0.9089542627334595,0.8982025384902954,0.9035463929176331
467,"""ऊपर धनुष"" का निशान V जैसा दिखता है और ""नीचे धनुष"" का निशान एक स्टेपल या एक वर्ग जैसा है जिसकी निचली तरफ गायब है।",“अप बो” चिह्न वी की तरह दिखता है और “डाउन बो” चिन्ह स्टेपल की तरह दिखता है या ऐसे चौकोर जैसा जिसका निचला हिस्सा गायब हो।,"""ऊपर की ओर झुकने का चिह्न V जैसा दिखता है और 'नीचे की ओर झुकने का चिह्न' स्टेपल या एक वर्ग की तरह है जिसका नीचे का हिस्सा गायब है।""",0.7576518058776855,0.7518067359924316,0.7547179460525513,0.8062132596969604,0.8062636256217957,0.8062384724617004
468,"ऊपर का मतलब है कि आपको सिर से शुरू करना चाहिए और धनुष को धक्का देना चाहिए, और नीचे का मतलब है कि आपको बटखोर से शुरू करना चाहिए (जो आपके हाथ धनुष को पकड़ रहा है) और धनुष को खींचना चाहिए।",आगे का मतलब यह है कि आपको शीर्ष से शुरू कर कमान को धकेलना चाहिए और पीछे का मतलब यह है कि आपको फ़्रॉग (जहां से आप हाथ से कमान को पकड़ते हैं) से शुरू कर कमान को खींचना चाहिए.,"""ऊपर"" का मतलब है कि आपको सिरें से शुरू करना चाहिए और धनुष को धकेलना चाहिए, और ""नीचे"" का मतलब है कि आपको फ़्रॉग से शुरू करना चाहिए (जहाँ आपका हाथ धनुष को पकड़ रहा है) और धनुष को खींचना चाहिए।",0.8469249606132507,0.8503805994987488,0.8486493229866028,0.9465097188949585,0.9310216307640076,0.9387018084526062
469,"ऊपर की धुन आमतौर पर नरम ध्वनि उत्पन्न करती है, जबकि नीचे की धुन अधिक मजबूत और अधिक दृढ़ता से बोलती है।","एक ऊपरी-चाप आमतौर पर एक मृदु ध्वनि उत्पन्न करता है, जबकि एक निचला-चाप मजबूत और अधिक मुखर होता है।","एक ऊपर की ओर खिंचाव आमतौर पर एक नरम ध्वनि उत्पन्न करता है, जबकि एक नीचे की ओर खिंचाव अधिक मजबूत और अधिक आत्मविश्वासी होता है।",0.852409303188324,0.8450908064842224,0.8487342596054077,0.8693827390670776,0.8344409465789795,0.8515535593032837
470,"अपने निशानों में पेंसिल करने के लिए स्वतंत्र महसूस करें, लेकिन याद रखें कि मुद्रित झुकाव के निशान एक संगीत कारण के लिए हैं, इसलिए उन्हें आमतौर पर सम्मान किया जाना चाहिए।","अपने खुद के मार्क्स पर लिखने के लिए स्वतंत्र महसूस करें, लेकिन याद रखें कि म्यूज़िकल कारणों से प्रिंटेड बोइंग मार्क्स भी होते हैं, इसलिए आमतौर पर उनका सम्मान करना चाहिए.","अपने खुद के निशान बनाने में संकोच न करें, लेकिन याद रखें कि मुद्रित झुकने के निशान एक संगीत कारण के लिए हैं, इसलिए उन्हें आमतौर पर सम्मानित किया जाना चाहिए।",0.860988974571228,0.8447805643081665,0.8528078198432922,0.9056359529495239,0.9240517616271973,0.9147511720657349
471,"भयभीत राजा लुई XVI, रानी मैरी एंटोनिएट और उनके दो छोटे बच्चे (11 वर्षीय मैरी थेरेस और चार वर्षीय लुई-चार्ल्स) और राजा की बहन, मैडम एलिजाबेथ, 6 अक्टूबर 1789 को बाजार की महिलाओं की भीड़ द्वारा वर्साय से पेरिस वापस जाने के लिए मजबूर किए गए थे।","घबराए हुए राजा लुईस XVI, रानी मैरी एंटोनेट और उनके दो बच्चे (11 साल की मैरी थैरेस और चार साल का लुईस चार्ल्स) और राजा की बहन मैडम एलिजावेथ को 6 अक्टूबर 1789 को बाज़ार में मौजूद महिलाओं की भीड़ ने वर्साय से वापस पेरिस जाने के लिए मजबूर किया था.","भयभीत राजा लुई XVI, रानी मैरी एंटोनेट, उनके दो छोटे बच्चे (11 साल की मैरी थेरिस और 4 साल के लुई-चार्ल्स) और राजा की बहन, मैडम एलिजाबेथ, 6 अक्टूबर 1789 को एक बाजार की महिलाओं की भीड़ द्वारा वर्साइल्स से पेरिस लौटने के लिए मजबूर किया गया।",0.9216771125793457,0.9193007349967957,0.9204873442649841,0.9575537443161011,0.9573004245758057,0.9574270844459534
472,"वे एक गाड़ी में पेरिस लौट आए, जिसमें राजा और रानी के खिलाफ चिल्लाते और धमकी देते हुए भीड़ से घिरे हुए थे।",महाराजा और महारानी के ख़िलाफ़ चीखते-चिल्लाते लोगों की भीड़ से घिरी एक गाड़ी में सफर करते हुए वे लोग पेरिस वापस आए.,"एक गाड़ी में, वे पेरिस वापस यात्रा कर रहे थे, चारों ओर से एक भीड़ के द्वारा घेरे हुए, जो राजा और रानी के खिलाफ चिल्लाते और धमकियाँ देते हुए।",0.8133342266082764,0.7961668968200684,0.8046590089797974,0.8949006199836731,0.8710798025131226,0.8828295469284058
473,भीड़ ने राजा और रानी को अपने गाड़ी के खिड़कियों को व्यापक रूप से खोलने के लिए मजबूर किया।,लोगों की भीड़ ने राजा और रानी को अपनी गाड़ी की खिड़की खोलने के लिए मजबूर किया.,भीड़ ने राजा और रानी को उनकी गाड़ी की खिड़कियां पूरी तरह खोलने के लिए मजबूर किया।,0.9123790860176086,0.9350616931915283,0.9235811829566956,0.9479445219039917,0.9578307867050171,0.9528619647026062
474,एक समय में एक भीड़ के सदस्य ने भयभीत रानी के सामने वर्साय में मारे गए एक शाही गार्ड के सिर को हिलाया।,एक मौके पर तो भीड़ में मौजूद किसी व्यक्ति ने घबराई हुई महारानी के सामने ही वर्सेल्स में मारे गए शाही अंगरक्षक का सिर पकड़कर हिला दिया.,"एक समय पर, एक उन्मादी के सदस्य ने वर्साई में मारे गए एक शाही गार्ड का सिर भयभीत रानी के सामने लहराया।",0.8391478657722473,0.8056646585464478,0.8220654129981995,0.9222931861877441,0.918226420879364,0.9202553033828735
475,फिलीपींस पर विजय प्राप्त करने में अमेरिकी साम्राज्यवाद के युद्ध व्यय का भुगतान खुद फिलीपींस के लोगों ने किया था।,फिलीपींस की विजय में अमेरिकी साम्राज्यवाद के युद्ध व्यय का भुगतान फिलिपिनो के लोगों ने खुद किया था.,अमेरिकी साम्राज्यवाद द्वारा फिलीपींस के अधिग्रहण के लिए युद्ध व्यय फिलीपीनी लोगों ने स्वयं चुकाए।,0.9382344484329224,0.9354090690612793,0.9368196725845337,0.8437067270278931,0.8615875840187073,0.8525533676147461
476,उन्हें खर्चों का एक बड़ा हिस्सा चुकाने के लिए अमेरिकी औपनिवेशिक शासन को करों का भुगतान करने के लिए मजबूर किया गया था और वॉल स्ट्रीट बैंकिंग हाउस के माध्यम से फिलीपींस सरकार के नाम पर फ्लाईट किए गए बॉन्ड पर ब्याज।,"वे अमेरिकी स्ट्रीट औपनिवेशिक शासन को करों का भुगतान करने के लिए मजबूर कर रहे थे, जो कि व्यय का एक बड़ा हिस्सा और फिल स्ट्रीट सरकार द्वारा वॉल स्ट्रीट बैंकिंग घरों के माध्यम से फिलीपीन सरकार के नाम पर लगाए गए बॉन्ड पर ब्याज को धोखा देने के लिए था।",उन्होंने अमेरिका के उपनिवेशी शासन को कर चुकाने के लिए मजबूर किया गया ताकि वह फिलीपींस सरकार के नाम पर वॉल स्ट्रीट बैंकिंग हाउसों के माध्यम से जारी किए गए बांड्स पर खर्च और ब्याज का एक बड़ा हिस्सा कवर कर सके।,0.8914466500282288,0.8781207799911499,0.8847334980964661,0.8879901170730591,0.8789533376693726,0.8834486603736877
477,"बेशक, फिलीपींस के लोगों के लंबे समय तक शोषण से प्राप्त अति लाभ अमेरिकी साम्राज्यवाद के मूल लाभ होंगे।","निश्चित रूप से, फिलिपिनो लोगों के शोषण से प्राप्त सुपरफास्टिट्स अमेरिकी साम्राज्यवाद के बुनियादी लाभ का गठन करेंगे।","बिलकुल, फिलिपिनो लोगों के लंबे समय तक शोषण से प्राप्त सुपरप्रॉफिट्स अमेरिकी साम्राज्यवाद के मूल लाभों का गठन करेंगे।",0.8382887840270996,0.8128572106361389,0.8253771662712097,0.8892962336540222,0.8340860605239868,0.8608068227767944
478,"टेम्पलर्स को समझने के लिए, हमें उस संदर्भ को समझना होगा जिसने आदेश को बनाने का कारण बना।",टेम्पलर्स को समझने के लिए वह संदर्भ समझना ज़रूरी है जिसने आदेश दिए जाने की प्रेरणा दी थी.,टेम्पलर्स को समझने के लिए उस संदर्भ को समझना होगा जिसने इस आदेश के गठन को प्रेरित किया।,0.8596913814544678,0.8212910890579224,0.8400526642799377,0.8930485248565674,0.8803710341453552,0.8866644501686096
479,"घटनाओं को सामान्य रूप से उच्च मध्य युग के रूप में संदर्भित किया जाता है, जो 11 वीं, 12 वीं और 13 वीं शताब्दी में यूरोपीय इतिहास की अवधि है (AD 10001300).","जिस समय घटनाएँ हुई उसके युग को सामान्य रूप से यूरोप के इतिहास में 11वीं, 12वीं और 13वीं सदी (AD 1000-1300) में यूरोपियन इतिहास के उच्च मध्य युग की अवधि के रूप में बताया जाता है.","जिस युग में ये घटनाएँ हुईं, उसे सामान्यतः उच्च मध्यकाल कहलाया जाता है, जो यूरोपीय इतिहास का 11वीं, 12वीं, और 13वीं सदी (ईस्वी 1000–1300) का समय है।",0.8611221313476562,0.8553026914596558,0.8582025170326233,0.8234623670578003,0.8150755167007446,0.8192474842071533
480,"उच्च मध्य युग की शुरुआत मध्य युग से हुई और इसके बाद मध्य युग के अंत के बाद हुई, जो सम्मेलन द्वारा 1500 के आसपास समाप्त होती है।",उच्च मध्य युग आरंभिक मध्य युग से पहले हुआ था और उसके बाद आधुनिक मध्य युग आया जिसका समापन 1500 के आसपास माना जाता है।,"उच्च मध्यकाल की पूर्ववर्ती अवधि प्रारंभिक मध्यकाल थी और इसके बाद लेट मध्यकाल आता है, जो परंपरा के अनुसार लगभग 1500 में समाप्त होता है।",0.8336149454116821,0.8590167164802551,0.8461251854896545,0.8159609436988831,0.8079026937484741,0.8119118213653564
481,"तकनीकी निर्धारकता एक ऐसा शब्द है जो व्यवहार में विचारों की एक विस्तृत श्रृंखला को शामिल करता है, प्रौद्योगिकी-पीश या तकनीकी अनिवार्यता से लेकर एक सख्त अर्थ तक कि मानव भाग्य वैज्ञानिक कानूनों और प्रौद्योगिकी में उनके प्रकटीकरण से जुड़े एक अंतर्निहित तर्क द्वारा संचालित होता है।","टेक्नोलॉजिकल निर्धारणवाद एक ऐसा शब्द है, जो व्यवहार में विचारों की एक विस्तृत श्रृंखला को शामिल करता है, प्रौद्योगिकी-धक्का या तकनीकी अनिवार्यता से लेकर सख्त अर्थ तक कि मानव नियति वैज्ञानिक कानूनों और प्रौद्योगिकी में उनके प्रदर्शन से जुड़े एक अंतर्निहित तर्क से प्रेरित है।","प्रौद्योगिकी निर्धारणवाद एक ऐसा शब्द है जो व्याव实践 में विचारों की एक विस्तृत श्रेणी को शामिल करता है, प्रौद्योगिकी-धक्का या प्रौद्योगिकी की अनिवार्यता से लेकर इस कड़े अर्थ तक कि मानव भाग्य एक अंतर्निहित तर्क द्वारा संचालित होता है जो वैज्ञानिक कानूनों और उनके प्रौद्योगिकी में प्रकट होने से जुड़ा होता है।",0.926710844039917,0.9155521988868713,0.9210977554321289,0.9002692699432373,0.9036533832550049,0.901958167552948
482,"तकनीकी निर्धारकता की अधिकांश व्याख्याएं दो सामान्य विचारों को साझा करती हैंः कि प्रौद्योगिकी का विकास स्वयं सांस्कृतिक या राजनीतिक प्रभाव से काफी परे एक पथ का अनुसरण करता है, और कि प्रौद्योगिकी के बदले में समाजों पर ""प्रभाव"" होते हैं जो सामाजिक रूप से संबद्ध नहीं हैं।",तकनीकी निर्धारण की ज़्यादातर व्याख्याएँ दो सामान्य विचारों के बारे में बताती हैं: तकनीकी विकास पर सांस्कृतिक या राजनीतिक असर का कोई भी प्रभाव नहीं पड़ता है और परिणामस्वरूप सामाजिक रूप से अनुकूलित होने के बजाय वह तकनीक निहित समाजों को “प्रभावित” करती है.,"प्रौद्योगिकी निर्धारण के अधिकांश व्याख्याएँ दो सामान्य विचारों को साझा करती हैं: कि प्रौद्योगिकी का विकास स्वयं एक ऐसा मार्ग अपनाता है जो अधिकतर सांस्कृतिक या राजनीतिक प्रभाव से परे होता है, और कि प्रौद्योगिकी तदनुसार समाजों पर ""प्रभाव"" डालती है जो अंतर्निहित होते हैं, न कि सामाजिक रूप से शर्तबद्ध।",0.7814701795578003,0.7956204414367676,0.7884818315505981,0.8758689761161804,0.8670972585678101,0.8714610934257507
483,"उदाहरण के लिए, यह कहा जा सकता है कि मोटर कारों से सड़कों का विकास होता है।","उदाहरण के लिए, कोई कह सकता है कि मोटर कार आवश्यक रूप से सड़कों के विकास को प्रभावित करती हैं।","उदाहरण के लिए, कोई कह सकता है कि मोटर कार आवश्यक रूप से सड़कों के विकास की ओर ले जाती है।",0.8941369652748108,0.868949830532074,0.8813635110855103,0.9058682918548584,0.8735278844833374,0.8894041776657104
484,"हालांकि, देशव्यापी सड़क नेटवर्क केवल कुछ ही कारों के लिए आर्थिक रूप से व्यवहार्य नहीं है, इसलिए कार के स्वामित्व की लागत को कम करने के लिए उत्पादन के नए तरीके विकसित किए गए हैं।","हालाँकि, देशभर में बिछा सड़कों का जाल सिर्फ़ मुट्ठीभर कारों के लिए किफ़ायती नहीं था, इसलिए कार खरीदने का खर्च कम करने क लिए उत्पादन के नए-नए तरीके विकसित किए गए.","हालांकि, केवल कुछ कारों के लिए एक राष्ट्रीय सड़क नेटवर्क आर्थिक रूप से व्यवहार्य नहीं है, इसलिए कार के स्वामित्व की लागत को कम करने के लिए उत्पादन के नए तरीके विकसित किए जा रहे हैं।",0.8230947256088257,0.8016676902770996,0.812239944934845,0.9594519734382629,0.9654993414878845,0.9624661207199097
485,"बड़े पैमाने पर कारों के स्वामित्व से सड़क दुर्घटनाओं की घटनाएं बढ़ जाती हैं, जिससे क्षतिग्रस्त निकायों की मरम्मत के लिए स्वास्थ्य सेवा में नई तकनीकें आविष्कार की जाती हैं।","सड़कों पर ज़्यादा दुर्घटना की वजह बहुत ज़्यादा कार ओनरशिप है, जिससे शरीर में हुई टूट-फूट को सुधारने के लिए हेल्थकेयर में नई तकनीकों के आविष्कार को बढ़ावा मिला है.","मास कार ownership के कारण सड़क पर दुर्घटनाओं की उच्च आवृत्ति होती है, जिसके परिणामस्वरूप घायल शरीरों की मरम्मत के लिए स्वास्थ्य देखभाल में नई तकनीकों का आविष्कार होता है।",0.7733238339424133,0.7684723138809204,0.7708904147148132,0.8387168645858765,0.8481360673904419,0.8434001803398132
486,"रोमांटिकवाद में सांस्कृतिक निर्धारकता का एक बड़ा तत्व था, जो गोते, फिचे और श्लेगल जैसे लेखकों से लिया गया था।","रूमानियत में सांस्कृतिक नियतिवाद का बड़ा तत्व था, जो गोएथे, फिच्ते और श्लेगल जैसे लेखकों से लिया गया.","रोमांसवाद में सांस्कृतिक निर्धारण का एक बड़ा तत्व था, जो गोएथे, फिख्टे और श्लेगल जैसे लेखकों से प्रेरित था।",0.9152799248695374,0.9192646145820618,0.9172679781913757,0.9359968900680542,0.9217355251312256,0.9288114905357361
487,"रोमांटिकवाद के संदर्भ में, भूगोल ने व्यक्तियों को आकार दिया, और समय के साथ उस भूगोल से संबंधित रीति-रिवाज और संस्कृति उत्पन्न हुई, और ये, समाज के स्थान के अनुरूप होने के नाते, मनमाने ढंग से लगाए गए कानूनों से बेहतर थे।","स्वच्छंदतावाद के संदर्भ में, भूगोल ने व्यक्तियों को ढाला और समय के साथ-साथ उस भूगोल से जुड़े रीति-रिवाज और संस्कृति उत्पन्न हुई. समाज के स्थान के मुताबिक होने की वजह से ये लोग मनमाने ढंग से लगाए गए कानूनों से कहीं बेहतर थे.","रोमांटिकवाद के संदर्भ में, भूगोल ने व्यक्तियों को आकार दिया, और समय के साथ उस भूगोल से संबंधित रीति-रिवाज और संस्कृति का विकास हुआ, और ये, समाज के स्थान के साथ सामंजस्य में होने के नाते, मनमाने तरीके से लागू किए गए कानूनों की तुलना में बेहतर थे।",0.9050964713096619,0.8865710496902466,0.8957380652427673,0.951321005821228,0.9234399199485779,0.9371731281280518
488,"जिस तरह से पेरिस को समकालीन दुनिया की फैशन राजधानी के रूप में जाना जाता है, उसी तरह कॉन्स्टेंटिनोपल को सामंती यूरोप की फैशन राजधानी माना जाता था।",जिस तरह पेरिस को आज की दुनिया की फ़ैशन राजधानी के रूप में जाना जाता है उसी तरह कॉन्स्टेंटिनोपल को सामंती यूरोप की फैशन राजधानी के रूप में माना जाता था.,"जैसे पैरी को समकालीन दुनिया की फैशन राजधानी के रूप में जाना जाता है, वैसे ही कॉन्स्टेंटिनोपल को फ्यूडल यूरोप की फैशन राजधानी माना जाता था।",0.9502530097961426,0.9587418437004089,0.9544785618782043,0.9239946603775024,0.9254046678543091,0.9246991276741028
489,इसकी विलासिता का केंद्र होने के लिए प्रसिद्धि लगभग 400 ईस्वी में शुरू हुई और लगभग 1100 ईस्वी तक चली।,विलासिता के एक उपरिकेंद्र होने के लिए इसको लगभग 400 A.D से  1100 A.D तक जाना गया।,यह प्रसिद्धि लक्जरी के केंद्र के रूप में लगभग 400 ईस्वी में शुरू हुई और लगभग 1100 ईस्वी तक जारी रही।,0.8004911541938782,0.7939832210540771,0.7972239255905151,0.915836751461029,0.9161840677261353,0.9160103797912598
490,बारहवीं शताब्दी के दौरान इसकी स्थिति में गिरावट आई थी मुख्य रूप से इस तथ्य के कारण कि क्रूसेडर्स ने रेशम और मसालों जैसे उपहार लेकर लौटा था जो बीजान्टिन बाजारों द्वारा पेश किए गए मूल्य से अधिक मूल्यवान थे।,"इसकी स्थिति बारहवीं शताब्दी के दौरान मुख्य रूप से इस बात के कारण घट गई थी कि धर्म योद्धा रेशम और मसालों जैसे उपहार ले कर आए, जो कि बाइज़ेन्टिन बाजारों की पेशकश की तुलना में अधिक मूल्यवान थे।","इसकी स्थिति बारहवीं सदी के दौरान इस तथ्य के कारण गिर गई कि क्रूसेडर्स उपहारों के साथ लौटे, जैसे कि रेशम और मसाले, जो बाइजेंटाइन बाजारों द्वारा पेश किए गए सामानों की तुलना में अधिक मूल्यवान थे।",0.8674938678741455,0.8690294027328491,0.8682609796524048,0.8872503042221069,0.8836749792098999,0.8854590058326721
491,इसी समय फैशन कैपिटल का शीर्षक कॉन्स्टेंटिनोपल से पेरिस स्थानांतरित किया गया।,यह वो समय था जब कॉन्स्टेंटिनोपल को हटाकर पेरिस को फैशन राजधानी का खिताब दिया गया था।,इस समय फैशन राजधानी का título कन्स्टांटिनोपल से पेरिस में स्थानांतरित किया गया।,0.790785551071167,0.7870125770568848,0.7888945937156677,0.8443303108215332,0.8887073993682861,0.8659506440162659
492,गोथिक शैली 10वीं-11वीं शताब्दी और 14वीं शताब्दी के बीच की अवधि में चरम पर थी।,10वीं से लेकर 11वीं सदी के बीच और 14वीं सदी में गोथिक स्टाइल चरम पर थी.,गॉथिक शैली 10वीं - 11वीं शताब्दी और 14वीं शताब्दी के बीच अपने चरम पर पहुंच गई।,0.8669576644897461,0.8635962605476379,0.8652737140655518,0.930348813533783,0.9176254868507385,0.9239433407783508
493,शुरुआत में पूर्व में बीजान्टिन संस्कृति से कपड़े काफी प्रभावित थे।,"शुरुआत में पोशाक, पूर्व में बीजान्टिन संस्कृति से काफी प्रभावित थी।",शुरुआत में कपड़े पर पूर्व में बाइजेंटाइन संस्कृति का गहरा प्रभाव था।,0.9073181748390198,0.8860189914703369,0.8965421319007874,0.8729462623596191,0.8434431552886963,0.8579411506652832
494,"हालांकि, कम संचार के कारण पश्चिम में शैलियों को 25 से 30 साल पीछे छोड़ दिया जा सकता है।",हालाँकि धीमे कम्युनिकेशन चैनल की वजह से पश्चिम का रहन-सहन 25-30 साल पीछे जा सकता है.,"हालांकि, धीमे संचार चैनलों के कारण, पश्चिम में शैलियाँ 25 से 30 साल पीछे रह सकती हैं।",0.8089579343795776,0.746881365776062,0.7766812443733215,0.8871033191680908,0.8671797513961792,0.8770284056663513
495,मध्य युग के अंत में पश्चिमी यूरोप ने अपनी शैली विकसित करना शुरू कर दिया। क्रूसेड के परिणामस्वरूप उस समय के सबसे बड़े विकास में से एक लोगों ने कपड़े बांधने के लिए बटन का उपयोग करना शुरू कर दिया।,मध्य युग के अंत में पश्चिमी यूरोप ने अपनी शैली विकसित करना शुरू कर दिया. धर्मयुद्ध के परिणामस्वरूप उस समय के सबसे बड़े विकास में से एक लोगों ने कपड़ों को बाँधने के लिए बटन का उपयोग करना शुरू किया,"मध्य युग के अंत की ओर पश्चिमी यूरोप ने अपनी स्वयं की शैली विकसित करनी शुरू की। उस समय का एक बड़ा विकास क्रूसेड्स के परिणामस्वरूप हुआ, जब लोगों ने कपड़ों को बांधने के लिए बटन का उपयोग करना शुरू किया।",0.9351369142532349,0.9402193427085876,0.9376713037490845,0.9221093654632568,0.9160599708557129,0.9190747141838074
496,उपजीविका कृषि कृषि है जो किसान और उसके परिवार की जरूरतों को पूरा करने के लिए पर्याप्त भोजन के उत्पादन के लिए की जाती है।,निर्वाह कृषि केवल कृषक तथा उसके परिवार की आवश्यकताओं को पूरा करने और पर्याप्त भोजन उत्पादन के लिए की जाती है।,न्यूनतम कृषि वह कृषि है जो कृषि करने वाले और उनके परिवार की आवश्यकताओं को पूरा करने के लिए पर्याप्त भोजन उत्पादन के लिए की जाती है।,0.8551391363143921,0.86720871925354,0.8611316680908203,0.891662061214447,0.905983030796051,0.898765504360199
497,"उपजीविका कृषि एक सरल, अक्सर कार्बनिक प्रणाली है जिसमें उपज को अधिकतम करने के लिए फसल रोटेशन या अन्य अपेक्षाकृत सरल तकनीकों के साथ संयुक्त रूप से पारिस्थितिक क्षेत्र के मूल निवासी बचाने वाले बीज का उपयोग किया जाता है।","जीविका आधारित खेती एक आसान, अक्सर जैविक, प्रणाली है जिसमें ज़्यादा से ज़्यादा फ़सल लेने के लिए स्थानीय भौगोलिक इलाके के सहेजे गए बीज को फ़सल चक्र या दूसरी अपेक्षाकृत आसान तकनीकों का इस्तेमाल किया जाता है.","जीविकोपार्जन कृषि एक सरल, अक्सर जैविक, प्रणाली है जो पारिस्थितिकी क्षेत्र में स्वाभाविक रूप से उत्पन्न बीजों का उपयोग करती है, जिसे फसल चक्रण या अन्य अपेक्षाकृत सरल तकनीकों के साथ मिलाकर उपज को अधिकतम करने के लिए उपयोग किया जाता है।",0.812388002872467,0.8190208077430725,0.8156908750534058,0.8774539232254028,0.8708980083465576,0.8741636276245117
498,ऐतिहासिक रूप से अधिकांश किसान उपजीविका के लिए खेती करते थे और यह अभी भी कई विकासशील देशों में मामला है।,ऐतिहासिक रूप से ज़्यादातर किसान जीविका आधारित खेती ही करते रहे हैं और अब भी कई विकासशील देशों में यही होता है.,"ऐतिहासिक रूप से, अधिकांश किसान आत्मीय कृषि में लगे हुए थे और यह अभी भी कई विकासशील देशों में सच है।",0.8792000412940979,0.8846944570541382,0.881938636302948,0.8966232538223267,0.898478090763092,0.8975496888160706
499,उपसंस्कृति एक साथ ऐसे समान विचारधारा वाले व्यक्तियों को लाकर लाकर लाकर लाकर लाकर लाकर लाकर लाकर लाकर लाकर लाकर लाकर लाकर लाकर लाकर लाकर लाकर लाकर लाकर लाकर लाकर लाकर लाकर लाकर लाकर लाकर लाकर लाकर लाकर लाकर लाकर लाकर लाकर लाकर लाकर लाकर लाकर लाकर लाकर लाकर लाकर लाकर लाकर लाकर लाकर लाकर लाकर लाकर लाकर लाकर लाकर लाकर लाकर लाकर लाकर लाकर लाकर लाकर लाकर लाकर लाकर लाकर लाकर लाकर लाकर लाकर लाकर लाकर लाकर लाकर लाकर लाकर लाकर लाकर लाकर लाकर लाकर लाकर लाकर लाकर लाकर लाकर लाकर लाकर लाकर लाकर लाकर लाकर लाकर लाकर लाकर लाकर ला,उपसंस्कृति समान विचारधारा वाले व्यक्तियों को साथ लाती है जो सामाजिक मानकों में अपने आप को पिछड़ा हुआ महसूस करते हैं और उन्हें अपनी पहचान की भावना विकसित करने की अनुमति देते हैं।,उपसंस्कृतियां समान विचारधारा वाले व्यक्तियों को एक साथ लाती हैं जो सामाजिक मानकों द्वारा उपेक्षित महसूस करते हैं और उन्हें एक स्वाभाविक पहचान विकसित करने की अनुमति देती हैं।,0.46555057168006897,0.5993313789367676,0.5240375399589539,0.4600784182548523,0.5920369625091553,0.5177823901176453
500,"उपसंस्कृति सदस्यों की आयु, जातीयता, वर्ग, स्थान और/या लिंग के कारण विशिष्ट हो सकती है।","सदस्यों की आयु, नस्ल, वर्ग, स्थान, और/या लिंग की वजह से उपसंस्कृतियों में अंतर हो सकता है.","उपसंस्कृतियाँ सदस्यों की उम्र, जातीयता, वर्ग, स्थान और/या लिंग के कारण विशिष्ट हो सकती हैं।",0.9047194719314575,0.8580447435379028,0.8807641267776489,0.9730082750320435,0.9628857374191284,0.9679205417633057
501,"ऐसी गुण जो किसी उपसंस्कृति को अलग-अलग बताते हैं, वे भाषाई, सौंदर्य, धार्मिक, राजनीतिक, यौन, भौगोलिक या अन्य कारकों का संयोजन हो सकते हैं।","वे गुण जो किसी उप-संस्कृति को अलग बनाते हैं, जैसे कि भाषा, सौंदर्य, धर्म, राजनीति, यौन, भूगोल या कई सारे कारकों का मिश्रण हो सकते हैं.","एक उपसंस्कृति को विशिष्ट बनाने वाले गुण भाषाई, эстетिक, धार्मिक, राजनीतिक, यौन, भौगोलिक या कई कारकों के संयोजन में हो सकते हैं।",0.8655679225921631,0.8507511615753174,0.8580955862998962,0.8631522059440613,0.8906720280647278,0.8766962289810181
502,"एक उपसंस्कृति के सदस्य अक्सर शैली के विशिष्ट और प्रतीकात्मक उपयोग के माध्यम से अपनी सदस्यता का संकेत देते हैं, जिसमें फैशन, व्यवहार और आर्कोट शामिल हैं।","एक उपसंस्कृति के सदस्य अक्सर शैली के एक विशिष्ट और प्रतीकात्मक उपयोग के माध्यम से अपनी सदस्यता का संकेत देते हैं, जिसमें फैशन, तौर-तरीके और ख़ास बोली शामिल हैं।","एक उपसंस्कृति के सदस्य अक्सर अपनी सदस्यता को एक विशिष्ट और प्रतीकात्मक शैली के उपयोग के माध्यम से संकेत देते हैं, जिसमें फैशन, व्यवहार और विशेष भाषा शामिल होती है।",0.9560451507568359,0.9370800852775574,0.9464676380157471,0.9495173692703247,0.946241021156311,0.9478763937950134
503,"सामाजिककरण के महत्व को दर्शाने के लिए सबसे आम तरीकों में से एक उन कुछ दुर्भाग्यपूर्ण मामलों का उपयोग करना है, जिनमें बच्चों को उपेक्षा, दुर्भाग्य या जानबूझकर दुर्व्यवहार के कारण वयस्क द्वारा बड़े होते हुए सामाजिक नहीं किया गया था।","समाजीकरण के महत्व को स्पष्ट करने के लिए इस्तेमाल किए जाने वाले सबसे आम तरीकों में से कुछ बच्चों के दुर्भाग्यपूर्ण मामलों को आकर्षित करना है, जो बड़े होने के दौरान वयस्कों द्वारा उपेक्षित नहीं, बल्कि उपेक्षा, दुर्भाग्य या दुर्व्यवहार के माध्यम से होते थे।","एक सबसे सामान्य तरीकों में से एक जो सामाजिककरण के महत्व को प्रदर्शित करने के लिए उपयोग किया जाता है, वह है उन कुछ दुर्भाग्यपूर्ण मामलों का जिक्र करना जहां बच्चों को, लापरवाही, दुर्भाग्य या जानबूझकर किए गए दुर्व्यवहार के कारण, बड़े होते समय बड़े लोगों द्वारा सामाजिकीकृत नहीं किया गया।",0.8723065257072449,0.8605956435203552,0.8664115071296692,0.8868560791015625,0.873970091342926,0.8803659677505493
504,"ऐसे बच्चों को ""जंगली"" या जंगली कहा जाता है। कुछ जंगली बच्चों को लोगों (आमतौर पर अपने माता-पिता) द्वारा बंद कर दिया गया है; कुछ मामलों में यह बच्चे का त्याग माता-पिता द्वारा बच्चे की गंभीर बौद्धिक या शारीरिक विकलांगता को अस्वीकार करने के कारण हुआ।",ऐसे बच्चे “पाशविक प्रवृत्ति वाले” या जंगली कहलाते हैं. कुछ जंगली बच्चों को लोग (ज़्यादातार उनके माता-पिता) दुनिया से अलग रखते हैं. कुछ मामलों में बच्चों की किसी मानसिक या शारीरिक कमी की वजह से माता-पिता ऐसा करते हैं.,"ऐसे बच्चों को ""जंगली"" या ""फेरल"" कहा जाता है। कुछ फेरल बच्चों को लोगों (आमतौर पर उनके अपने माता-पिता) द्वारा बंदी बनाया गया है; कुछ मामलों में, यह बाल परित्याग माता-पिता द्वारा बच्चे की गंभीर मानसिक या शारीरिक विकलांगता की अस्वीकृति के कारण हुआ था।",0.8271697163581848,0.8206247687339783,0.8238841891288757,0.9451017379760742,0.9335591793060303,0.9392949938774109
505,जंगली बच्चों को छोड़ने या भागने से पहले गंभीर रूप से बाल शोषण या आघात का सामना करना पड़ सकता है।,यह संभव है की बंदी बच्चों ने छोड़े जाने या  भागने से पहले गंभीर बाल दुर्व्यवहार या आघात का सामना करा हो |,बंदर बच्चों ने abandonment या भाग जाने से पहले गंभीर बाल दुर्व्यवहार या आघात का अनुभव किया हो सकता है।,0.8598946332931519,0.8355169296264648,0.8475304841995239,0.862513542175293,0.8550606369972229,0.8587709665298462
506,कुछ जानवरों द्वारा उठाए जाने के बारे में कहा जाता है; कुछ जानवरों के बारे में कहा जाता है कि वे जंगल में अकेले रहते थे।,दूसरों को कथित तौर पर जानवरों से ढोकर लाया गया था; कुछ के बारे में कहा जाता है कि वे खुद ही जंगल में रह रहे थे.,अन्य लोगों के बारे में आरोप लगाया जाता है कि उन्हें जानवरों ने पाला है; कुछ के बारे में कहा जाता है कि उन्होंने जंगल में अकेले जीवन बिताया।,0.8454828858375549,0.8104138374328613,0.8275770545005798,0.8534572124481201,0.8417077660560608,0.8475418090820312
507,"जब पूरी तरह से गैर-मानव जानवरों द्वारा उठाया जाता है, तो जंगली बच्चा व्यवहार प्रदर्शित करता है (भौतिक सीमाओं के भीतर) लगभग पूरी तरह से विशेष देखभाल-जानवरों के समान, जैसे कि मनुष्य के प्रति उसका भय या उदासीनता।","पूरी तरह से गैर-मानवीय जानवरों पर ढोकर लाए जाने के बाद, जंगली बच्चा करीब-करीब वैसा ही बर्ताव (शारीरिक सीमाओं के भीतर) करते हैं जैसा खास-देखभाल वाले जानवर करते हैं, जैसे कि इंसानों से डर या बेपरवाही.","जब पूरी तरह से गैर-मानव जानवरों द्वारा पाला जाता है, तो जंगली बच्चे की व्यवहार (शारीरिक सीमाओं के भीतर) लगभग पूरी तरह से उस विशेष देखभाल करने वाले जानवर की तरह होती है, जैसे कि मनुष्यों के प्रति उसका डर या उदासीनता।",0.823234498500824,0.787359893321991,0.804897665977478,0.9261865019798279,0.9228727221488953,0.9245266318321228
508,"जबकि परियोजना आधारित सीखने को सीखना आसान और अधिक दिलचस्प बनाना चाहिए, स्केफॉल्डिंग एक कदम आगे जाता है।","जबकि प्रोजेक्ट आधारित लर्निंग को, लर्निंग को और आसान और अधिक दिलचस्प बनाना चाहिए, स्कैफोल्डिंग इससे भी एक कदम आगे जाती है.","प्रोजेक्ट आधारित शिक्षा को सीखने को आसान और अधिक रुचिकर बनाना चाहिए, लेकिन scaffolding एक कदम आगे बढ़ता है।",0.892754077911377,0.8637257814407349,0.8780000805854797,0.8390680551528931,0.8447992205619812,0.8419239521026611
509,स्केफोल्डिंग सीखने की विधि नहीं है बल्कि यह एक सहायता है जो उन व्यक्तियों को सहायता प्रदान करती है जो एक नए सीखने के अनुभव से गुजर रहे हैं जैसे कि एक नए कंप्यूटर प्रोग्राम का उपयोग करना या एक नई परियोजना शुरू करना।,"स्कैफ़ोल्डिंग सीखने की एक विधि नहीं है, बल्कि ऐसे लोगों को मददगार होती है जो किसी नई चीज़ को सीख रहे हों जैसे नया कंप्यूटर प्रोग्राम चलना या एक नया प्रोजेक्ट शुरू करना.","स्कैफोल्डिंग सीखने की एक विधि नहीं है, बल्कि यह एक सहायक उपकरण है जो उन व्यक्तियों को समर्थन प्रदान करता है जो एक नए सीखने के अनुभव का सामना कर रहे हैं, जैसे कि एक नए कंप्यूटर प्रोग्राम का उपयोग करना या एक नए प्रोजेक्ट की शुरुआत करना।",0.8680590987205505,0.8686200976371765,0.8683395385742188,0.9324146509170532,0.9083414077758789,0.9202206134796143
510,"स्केफल्ड वर्चुअल और असली दोनों हो सकते हैं, दूसरे शब्दों में, एक शिक्षक एक प्रकार का स्केफल्ड है लेकिन माइक्रोसॉफ्ट ऑफिस में छोटे से पेपर क्लिप मैन भी ऐसा ही है।","स्कैफ़ोल्ड वर्चुअल भी हो सकते हैं और असली भी, दूसरे शब्दों में, टीचर एक तरह के स्कैफ़ोल्ड होते हैं लेकिन Microsoft Office का पेपरक्लिप मैन भी वही है.","स्कैफोल्ड्स वास्तविक और आभासी दोनों हो सकते हैं, दूसरे शब्दों में, एक शिक्षक एक प्रकार का स्कैफोल्ड है लेकिन माइक्रोसॉफ्ट ऑफिस में छोटा पेपरक्लिप आदमी भी एक स्कैफोल्ड है।",0.848837673664093,0.8795291185379028,0.8639108538627625,0.9026238918304443,0.90803062915802,0.9053191542625427
511,"वर्चुअल स्केफल्ड सॉफ्टवेयर में आंतरिक रूप से शामिल हैं और इसका उद्देश्य प्रश्न पूछना, प्रेरित करना और उन प्रक्रियाओं को समझाना है जो छात्र के लिए अकेले संभालने के लिए चुनौतीपूर्ण हो सकती हैं।","वर्चुअल स्कैफ़ोल्ड सॉफ़्टवेयर का ही अंदरूनी हिस्सा होते हैं और वे ऐसी प्रक्रियाओं पर सवाल उठाते हैं, उनका संकेत देते हैं और उनके बारे में जानकारी देते हैं जो छात्र के लिए अकेले संभालने में चुनौती भरी होती हैं.","वर्चुअल स्कैफोल्ड्स सॉफ़्टवेयर में अंतर्निहित होते हैं और वे प्रक्रियाओं पर प्रश्न खड़ा करने, प्रेरित करने और समझाने के लिए बनाए गए हैं जो छात्र के लिए अकेले संभालना चुनौतीपूर्ण हो सकते हैं।",0.830826461315155,0.8439851999282837,0.8373541831970215,0.8851693868637085,0.8922920227050781,0.888716459274292
512,"बच्चों को विभिन्न कारणों से Foster Care में रखा जाता है, जिनमें लापरवाही, दुर्व्यवहार और यहां तक कि जबरन भी शामिल हैं।","बच्चों को कई वजहों से फ़ॉस्टर केयर में रखा जाता है, जिनमें अनदेखी करना, बुरा बर्ताव करना, और यहां तक कि ज़बरदस्ती वसूली करना भी शामिल है.","बच्चों को फॉस्टर केयर में कई कारणों से रखा जाता है, जो लापरवाही, दुर्व्यवहार और यहां तक कि जबरन वसूली तक फैले हुए हैं।",0.8411056995391846,0.7771408557891846,0.8078591227531433,0.9069589972496033,0.8588032126426697,0.882224440574646
513,"किसी भी बच्चे को कभी भी ऐसे वातावरण में नहीं बड़ा होना चाहिए जो उसे पाला, देखभाल और शिक्षा नहीं दे, लेकिन वह ऐसा करता है।","किसी भी बच्चे को कभी भी ऐसे वातावरण में नहीं बढ़ना चाहिए जो कि पालन पोषण करने, देखभाल करने वाला और शैक्षणिक न हो, लेकिन वे बढ़ रहे हैं.","कोई भी बच्चे को कभी ऐसी वातावरण में नहीं बढ़ना चाहिए जो पोषित, देखभाल करने वाला और शैक्षिक न हो, लेकिन वे बढ़ते हैं।",0.8821035027503967,0.8316271305084229,0.8561219573020935,0.8719903230667114,0.8345187902450562,0.852843165397644
514,हम इन बच्चों के लिए Foster Care System को एक सुरक्षा क्षेत्र मानते हैं।,हम फोस्टर केयर सिस्टम को इन बच्चों के लिए एक सुरक्षित क्षेत्र मानते हैं।,हम फॉस्टर केयर सिस्टम को इन बच्चों के लिए एक सुरक्षा क्षेत्र के रूप में मानते हैं।,0.9061635136604309,0.8397043943405151,0.8716689944267273,0.9172961711883545,0.8452783823013306,0.879815936088562
515,"हमारी गोद लेने वाली देखभाल प्रणाली सुरक्षित घर, प्रेमपूर्ण देखभाल करने वालों, स्थिर शिक्षा और विश्वसनीय स्वास्थ्य देखभाल प्रदान करने के लिए है।","हमारा पालक देखभाल प्रणाली प्रदान करता है सुरक्षित घर, प्यार से भरा देखभाल, स्थिर शिक्षा और विश्वसनीय स्वास्थ्य देखभाल।","हमारा Foster Care सिस्टम सुरक्षित घर, प्यार करने वाले देखभाल करने वाले, स्थिर शिक्षा और विश्वसनीय स्वास्थ्य देखभाल प्रदान करने के लिए बनाया गया है।",0.863782525062561,0.8958003520965576,0.879500150680542,0.8787712454795837,0.8820239305496216,0.8803945779800415
516,पालतू देखभाल उन सभी आवश्यकताओं को प्रदान करने के लिए है जो पहले से ले जाए गए घर में कमी थी।,फ़ॉस्टर केयर उन सभी तरह की ज़रूरतों को पूरा करने के लिए होते हैं जो उस घर में नहीं मिल रही थीं जहां से उन्हें लाया गया था.,फॉस्टर केयर को उन सभी आवश्यकताओं को प्रदान करना चाहिए जो उनके पिछले घर में कमी थीं।,0.7864371538162231,0.7606987953186035,0.7733538746833801,0.8323631286621094,0.8545336723327637,0.8433027267456055
517,इंटरनेट में सामूहिक और अंतरव्यक्तिगत संचार दोनों के तत्वों को मिलाया गया है।,"इंटरनेट, लोगों और अंतर-परस्पर संचार, दोनों के तत्वों को मिलाता है.",इंटरनेट जन संचार और व्यक्तिगत संचार दोनों के तत्वों को संयोजित करता है।,0.846381664276123,0.8552737832069397,0.8508045077323914,0.8298599720001221,0.8680239915847778,0.8485130667686462
518,इंटरनेट की विशिष्ट विशेषताएं उपयोग और संतुष्टि दृष्टिकोण के संदर्भ में अतिरिक्त आयामों को जन्म देती हैं।,इंटरनेट की अलग-अलग विशेषताएँ उपयोग और संतुष्टि के दृष्टिकोण के संदर्भ में अतिरिक्त आयामों की ओर ले जाती हैं.,इंटरनेट के विशिष्ट गुण उपयोग और संतोषप्रदाता दृष्टिकोण के संदर्भ में अतिरिक्त आयामों की ओर ले जाते हैं।,0.9405653476715088,0.9293440580368042,0.9349210262298584,0.8942423462867737,0.8813768029212952,0.8877629637718201
519,"उदाहरण के लिए, लर्निंग और समाजीकरण इंटरनेट उपयोग के लिए महत्वपूर्ण प्रेरणा के रूप में सुझाव दिए जाते हैं (जेम्स और सहयोगियों, 1995).","उदाहरण के लिए, “लर्निंग” और “सोशलाइजेशन” को इंटरनेट इस्तेमाल करने की अहम वजह के तौर पर बताया गया है (जेम्स एट अल., 1995).","उदाहरण के लिए, ""सीखना"" और ""सामाजिककरण"" को इंटरनेट उपयोग के लिए महत्वपूर्ण प्रेरणाओं के रूप में सुझाया गया है (जेम्स एट अल., 1995)।",0.8372232913970947,0.8001753687858582,0.8182801604270935,0.8842111229896545,0.8727067708969116,0.8784212470054626
520,व्यक्तिगत भागीदारी और अवस्थागत संबंध को भी Eighmey और McCord (1998) द्वारा नए प्रेरणा पहलुओं के रूप में पहचाना गया था जब उन्होंने वेबसाइटों पर दर्शकों की प्रतिक्रियाओं की जांच की।,"“जब ऐमी और मॅकॉर्ड (1998) ने वेबसाइटों पर दर्शकों की प्रतिक्रियाओं की जांच-पड़ताल की थी, तब “निजी भागीदारी” और “सतत संबंध” को भी प्रेरणा देने वाले नए पहलूओं के तौर पर पहचान हुई.",“व्यक्तिगत भागीदारी” और “जारी संबंध” को भी आइघ्मी और मैककॉर्ड (1998) द्वारा नए प्रेरणा पहलुओं के रूप में पहचाना गया जब उन्होंने वेबसाइटों पर दर्शकों की प्रतिक्रियाओं की जांच की।,0.835152804851532,0.7985435724258423,0.8164380192756653,0.9350576400756836,0.9125684499740601,0.9236761331558228
521,"वीडियो रिकॉर्डिंग के उपयोग से माइक्रो-एक्सप्रेशंस की व्याख्या में महत्वपूर्ण खोजें हुई हैं, चेहरे की कुछ मिलीसेकंड तक चलने वाली चालें।","माइक्रो-एक्सप्रेशन्स, फ़ेशियल मूवमेंट्स जिसमें कुछ मिलीसेकंड्स लगते हैं, उसकी व्याख्या करने में वीडियो रिकॉर्डिंग के इस्तेमाल ने महत्वपूर्ण खोजों को बढ़ावा दिया है.","वीडियो रिकॉर्डिंग के उपयोग ने माइक्रो-एक्सप्रेशन्स की व्याख्या में महत्वपूर्ण खोजों की ओर अग्रसर किया है, जो चेहरों की हरकतें हैं जो कुछ मिलीसेकंड तक रहती हैं।",0.8173766732215881,0.801802396774292,0.8095147013664246,0.8921842575073242,0.8640033006668091,0.8778676390647888
522,"विशेष रूप से, यह दावा किया जाता है कि एक व्यक्ति सूक्ष्म अभिव्यक्ति की सही व्याख्या करके पता लगा सकता है कि क्या वह झूठ बोल रहा है।","विशेष रूप से, यह दावा किया जाता है कि किसी व्यक्ति की सूक्ष्म अभिव्यक्तियों की सही व्याख्या करके यह समझा सकता है कि वह झूठ बोल रहा है या नहीं।","विशेष रूप से, यह दावा किया गया है कि कोई व्यक्ति माइक्रो-एक्सप्रेशंस को सही तरीके से व्याख्या करके यह पता कर सकता है कि क्या कोई व्यक्ति झूठ बोल रहा है।",0.9360036849975586,0.9252867698669434,0.9306143522262573,0.8945962190628052,0.8687037229537964,0.8814598917961121
523,ओलिवर सैक्स ने अपने पेपर द प्रेसिडेंट्स स्पीच में बताया कि मस्तिष्क के नुकसान के कारण भाषण को समझने में असमर्थ लोग ईमानदारी का सही ढंग से मूल्यांकन कैसे कर सकते हैं।,ओलिवर सैक्स ने अपने पेपर द प्रेसिडेंट स्पीच में संकेत दिया कि कैसे जो लोग दिमागी नुकसान के कारण भाषण को समझ नहीं पाते हैं फिर भी वे ईमानदारी का सही आकलन कर पाते हैं.,"ओलिवर सैक्स ने अपने लेख ""राष्ट्रपति का भाषण"" में यह बताया कि वे लोग जो मस्तिष्क को नुकसान के कारण भाषण को समझने में असमर्थ होते हैं, फिर भी वे ईमानदारी का 정확 आकलन करने में सक्षम होते हैं।",0.882779598236084,0.8790277242660522,0.8808996677398682,0.8536595106124878,0.8669394254684448,0.8602482080459595
524,उन्होंने यह भी सुझाव दिया कि मानव व्यवहार की व्याख्या करने में ऐसी क्षमताएं घरेलू कुत्तों जैसे जानवरों द्वारा साझा की जा सकती हैं।,वे यह भी सुझाव देते हैं कि मानव व्यवहार में व्याख्या करने की जो क्षमताएँ हैं उसे पालतू कुत्ते जैसे जानवर के ज़रिए भी शेयर किया जा सकता है.,वह यहां तक ​​सुझाते हैं कि मनुष्य के व्यवहार की व्याख्या करने की ऐसी क्षमताएँ घरेलू कुत्तों जैसे जानवरों में भी हो सकती हैं।,0.8757895231246948,0.8292496204376221,0.8518844246864319,0.8997461795806885,0.9011354446411133,0.9004402756690979
525,बीसवीं सदी के शोध से पता चला है कि आनुवंशिक विविधता के दो पूल हैंः छिपे हुए और व्यक्त किए गए।,बीसवीं सदी के शोध से पता चला है कि आनुवंशिक भिन्नता के दो पूल हैं: छुपा हुआ और अभिव्यक्त.,बीसवीं सदी के शोध ने दिखाया है कि आनुवंशिक विविधता के दो पूल हैं: छिपी हुई और व्यक्त की गई।,0.9130325317382812,0.9132487773895264,0.913140594959259,0.9320434331893921,0.9325277805328369,0.9322855472564697
526,"उत्परिवर्तन नए आनुवंशिक भिन्नता जोड़ता है, और चयन इसे व्यक्त भिन्नता के पूल से हटा देता है।","उत्परिवर्तन नई आनुवंशिक भिन्नता जोड़ता है, और चयन इसे व्यक्त भिन्नता के पूल से निकाल देता है.","म्यूटेशन नए आनुवंशिक विविधता को जोड़ता है, और चयन इसे व्यक्त की गई विविधता के पूल से हटा देता है।",0.9837692379951477,0.9793709516525269,0.9815651178359985,0.8969351649284363,0.9139575958251953,0.9053663015365601
527,अलग और पुनर्मिलन प्रत्येक पीढ़ी के साथ दो पूल के बीच आगे-पीछे भिन्नता को मिश्रित करता है।,अलगाव और पुनर्संयोजन भिन्नता प्रत्येक पीढ़ी के साथ दो पूलों के बीच आगे-पीछे होती रहती है।,विभाजन और पुनःसंयोग प्रत्येक पीढ़ी के साथ दो पूलों के बीच विविधता को आगे और पीछे बदलते हैं।,0.86652010679245,0.8812148571014404,0.8738057017326355,0.8630470633506775,0.8667930364608765,0.8649160265922546
528,"सावन में, मनुष्यों की तरह पाचन तंत्र वाले एक प्राइमेट के लिए उपलब्ध पौधों से अपनी अमीनो-एसिड आवश्यकताओं को पूरा करना मुश्किल होता है।","सवाना में, मानव जैसे पाचन तंत्र वाले प्राइमेट के लिए उसकी अमीनो-एसिड आवश्यकताओं को पूरा करने के लिए उपलब्ध पौधे शायद कम पड़ें।","सवाना में, ऐसे प्राइमेट के लिए, जिसका पाचन तंत्र मानवों के समान है, उपलब्ध पौधों के संसाधनों से अपने अमीनो-एसिड की आवश्यकताओं को पूरा करना मुश्किल है।",0.864650309085846,0.8857807517051697,0.8750879764556885,0.9087719321250916,0.9030057191848755,0.9058796763420105
529,"इसके अलावा, ऐसा नहीं करने से गंभीर परिणाम होते हैंः विकास अवसाद, कुपोषण और अंततः मृत्यु।","इसके अतिरिक्ता, ऐसा करने में असफल होने के गंभीर परिणाम होते हैं: अवसाद बढ़ना, कुपोषण और अंततः मृत्यु।","इसके अलावा, ऐसा न करने के गंभीर परिणाम होते हैं: वृद्धि में मंदी, कुपोषण, और अंततः मृत्यु।",0.9310320019721985,0.8921170234680176,0.9111592173576355,0.9307574033737183,0.9168498516082764,0.9237512350082397
530,"पौधे के संसाधनों में सबसे आसानी से उपलब्ध पत्तियों और फलियों में उपलब्ध प्रोटीन होते, लेकिन हमारे जैसे प्रामुखाओं के लिए इन्हें पचा जाना मुश्किल होता है जब तक कि वे पकाए नहीं जाते।","पौधों से सबसे आसानी से मिलने वाले संसाधनों में पत्तियों और फलियों में मिलने वाले प्रोटीन होते, लेकिन हम जैसे प्राइमेट्स के लिए उसे पकाए बिना पचाना मुश्किल होता है.","सर्वाधिक सुलभ पौधों के संसाधन पत्तियों और फली में उपलब्ध प्रोटीन थे, लेकिन हमारे जैसे प्राइमेट्स के लिए इनका पाचन करना मुश्किल होता है जब तक कि इन्हें पकाया न जाए।",0.8771936893463135,0.8739925622940063,0.8755902051925659,0.8779668807983398,0.8687971830368042,0.8733579516410828
531,"इसके विपरीत, पशु खाद्य पदार्थ (मच्छर, टर्मिट, अंडे) न केवल आसानी से पचते हैं, बल्कि वे उच्च मात्रा में प्रोटीन प्रदान करते हैं जिनमें सभी आवश्यक अमीनो एसिड होते हैं।","इसके विपरीत, पशु खाद्य पदार्थ (चींटियाँ, दीमक, अंडे) न केवल आसानी से पचने योग्य होते हैं, बल्कि वे उच्च मात्रा में प्रोटीन प्रदान करते हैं जिसमें सभी ज़रूरी अमीनो एसिड होते हैं.","इसके विपरीत, पशु खाद्य पदार्थ (चींटियाँ, दीमक, अंडे) न केवल आसानी से पचने योग्य होते हैं, बल्कि वे उच्च मात्रा में प्रोटीन भी प्रदान करते हैं, जिनमें सभी आवश्यक एमिनो एसिड होते हैं।",0.947471559047699,0.9198265671730042,0.9334443807601929,0.9446904063224792,0.9243820309638977,0.9344258904457092
533,नींद में विराम लेना यह प्रक्रिया है कि आप सामान्य नींद के दौरान जानबूझकर जागते हैं और थोड़ी देर बाद (1060 मिनट) सो जाते हैं।,नींद की रुकावट आपके सामान्य नींद की अवधि के दौरान आपको जगाने की प्रक्रिया है और थोड़े समय बाद (10-60 मिनट) यह चली जाती है ।,नींद का विघटन उस प्रक्रिया को कहते हैं जिसमें आप अपनी सामान्य नींद के दौरान जानबूझकर जागते हैं और थोड़े समय बाद (10-60 मिनट) फिर से सो जाते हैं।,0.8267558217048645,0.8266326189041138,0.8266941905021667,0.9032618403434753,0.8861228823661804,0.8946102857589722
534,यह आसानी से एक अपेक्षाकृत शांत अलार्म घड़ी का उपयोग करके किया जा सकता है जिससे आप पूरी तरह से जागने के बिना चेतना में आ जाएं।,पूरी तरह से जागे बिना आपको चेतना में लाने के लिए अपेक्षाकृत शांत अलार्म घड़ी का उपयोग करके इसे आसानी से किया जा सकता है।,"यह एक शांत अलार्म घड़ी का उपयोग करके आसानी से किया जा सकता है, जो आपको पूरी तरह से जगाए बिना चेतना में लाएगी।",0.879360556602478,0.8880547881126404,0.8836863040924072,0.8849142789840698,0.9116491079330444,0.8980827331542969
535,"यदि आप नींद में घड़ी को रीसेट करते हैं, तो इसे कमरे के दूसरी तरफ रखा जा सकता है, जिससे आप बिस्तर से उठकर इसे बंद कर सकते हैं।","यदि आप खुद को अपनी नींद में घड़ी को रीसेट करते हुए पाते हैं, तो इसे कमरे के दूसरी तरफ रखिये , जिससे आपको इसे बंद करने के लिए बिस्तर से मजबूरन उठना ही पड़ेगा ।","यदि आप सोते समय घड़ी को रीसेट करते हुए पाए जाते हैं, तो उसे कमरे के दूसरी ओर रखा जा सकता है, जिससे आपको उसे बंद करने के लिए बिस्तर से उठना पड़ेगा।",0.9068026542663574,0.8478174209594727,0.8763185739517212,0.9196064472198486,0.8818087577819824,0.9003110527992249
536,"अन्य बायोरिथम आधारित विकल्पों में सोने से पहले बहुत अधिक तरल पदार्थ (विशेष रूप से पानी या चाय, एक ज्ञात मूत्रचिकित्सा) पीना शामिल है, जिससे व्यक्ति को मूत्र निकालने के लिए उठना पड़ता है।","अन्य बायोरैड-आधारित विकल्पों में सोने से पहले बहुत सारे तरल पदार्थ पीना (विशेष रूप से पानी या चाय, एक प्रचलित मूत्रवर्धक) शामिल है, जिससे व्यक्ति को मूत्र करने के लिए मजबूर होना पड़ता है”.","अन्य जैव लय आधारित विकल्पों में सोने से पहले अधिक तरल (विशेष रूप से पानी या चाय, जो एक ज्ञात मूत्रवर्धक है) पीना शामिल है, जिससे व्यक्ति को पेशाब करने के लिए उठना पड़ता है।",0.8963297605514526,0.9042704105377197,0.9002825617790222,0.905193567276001,0.9130935668945312,0.9091264009475708
537,किसी व्यक्ति की आंतरिक शांति का अनुपात शरीर और आत्मा में तनाव की मात्रा के विपरीत होता है।,किसी व्यक्ति में जितनी आंतरिक शांति होती है वह उसके शरीर और आत्मा में मौजूद तनाव की मात्रा के विपरीत सहसंबंधित होती है.,"एक व्यक्ति के पास जो आंतरिक शांति होती है, वह एक व्यक्ति के शरीर और आत्मा में तनाव की मात्रा के विपरीत संबंधित होती है।",0.8880853652954102,0.8426108360290527,0.8647506237030029,0.8933809995651245,0.892042338848114,0.8927111625671387
538,"तनाव जितना कम होगा, जीवन शक्ति उतनी ही सकारात्मक होगी। हर व्यक्ति को पूर्ण शांति और संतुष्टि मिलने की क्षमता है।","जितनी कम चिंता, उतनी ज़्यादा सकारात्मक जीवन ऊर्जा का संचार. हर इंसान परम शांति और संतोष पा सकता है.","कम तनाव होगा, जीवन शक्ति उतनी ही सकारात्मक होगी। हर व्यक्ति में पूर्ण शांति और संतोष पाने की क्षमता होती है।",0.7968002557754517,0.7917516827583313,0.7942679524421692,0.918398380279541,0.9407404661178589,0.9294351935386658
539,"हर कोई ज्ञान प्राप्त कर सकता है, केवल हमारा तनाव और नकारात्मकता ही इस लक्ष्य के मार्ग में बाधा बनती है।",हर कोई ज्ञान प्राप्त कर सकता है। इस लक्ष्य के रास्ते में केवल एक चीज़ है वह है हमारा अपने तनाव और नकारात्मकता।,हर कोई आत्मज्ञान प्राप्त कर सकता है। इस लक्ष्य के रास्ते में केवल हमारी अपनी तनाव और नकारात्मकता खड़ी है।,0.8649817109107971,0.8472476005554199,0.856022834777832,0.8733310699462891,0.8622844815254211,0.86777263879776
540,"तिब्बती बौद्ध धर्म बुद्ध की शिक्षाओं पर आधारित है, लेकिन प्रेम के महायाणा मार्ग और भारतीय योग से कई तकनीकों द्वारा विस्तारित किया गया है।","तिब्बती बौद्ध धर्म बुद्ध की शिक्षाओं पर आधारित है, लेकिन प्रेम के महायान मार्ग और भारतीय योग से बहुत सारी तकनीकों द्वारा इसे बढ़ाया गया.","तिब्बती बौद्ध धर्म Buddha की शिक्षाओं पर आधारित है, लेकिन इसे महायान के प्रेम के रास्ते और भारतीय योग की कई तकनीकों द्वारा विस्तारित किया गया है।",0.9295188784599304,0.9330994486808777,0.9313057065010071,0.9295299053192139,0.9177778959274292,0.9236165285110474
541,"सिद्धांत रूप में तिब्बती बौद्ध धर्म बहुत सरल है। यह कुंडलिनी योग, ध्यान और सर्वव्यापी प्रेम का मार्ग से बना है।","सैद्धांतिक रूप से तिब्बती बौद्ध धर्म बहुत सरल है। इसमें कुंडलिनी योग, ध्यान और सभी को प्रेम से गले लगाने वाला मार्ग शामिल है।","तिब्बती बौद्ध धर्म मौलिक रूप से बहुत सरल है। इसमें कुंडलिनी योग, ध्यान और सर्वव्यापी प्रेम का मार्ग शामिल है।",0.9245879650115967,0.9054473638534546,0.914917528629303,0.9231413006782532,0.9261602759361267,0.9246482849121094
542,"कुंडलिनी योग के साथ कुंडलिनी ऊर्जा (प्रकाश ऊर्जा) योग मुद्राओं, श्वास व्यायाम, मंत्रों और विज़ुअलाइज़ेशन के माध्यम से जाग जाती है।","कुंडलिनी योग के द्वारा कुंडलिनी ऊर्जा (ज्ञान ऊर्जा) को योग मुद्राओं, श्वास अभ्यास, मंत्रों और मानसदर्शन के माध्यम से जागृत किया जाता है।","कुंडलिनी योग के साथ कुंडलिनी ऊर्जा (प्रकाशन ऊर्जा) को योग आसनों, श्वसन व्यायाम, मंत्रों और दृष्टिमयताओं के माध्यम से जागृत किया जाता है।",0.889204740524292,0.9004895091056824,0.8948115110397339,0.8858840465545654,0.9008861184120178,0.8933221101760864
543,"तिब्बती ध्यान का केंद्र देवता योग है। विभिन्न देवताओं के विज़ुअलाइज़ेशन के माध्यम से ऊर्जा चैनलों को साफ किया जाता है, चक्रों को सक्रिय किया जाता है और ज्ञान चेतना बनाई जाती है।","दैव योग तिब्बती ध्यान का केंद्र है. अलग-अलग देवताओं के चित्रण से ऊर्जा चैनलों को साफ़ किया जाता है, चक्रों को सक्रिय किया जाता है और आत्मज्ञान चेतना का निर्माण किया जाता है.","तिब्बती ध्यान का केंद्र देवता योग है। विभिन्न देवताओं के ध्यान के माध्यम से ऊर्जा चैनलों को साफ किया जाता है, चक्रों को सक्रिय किया जाता है और प्रबोधन की चेतना का निर्माण किया जाता है।",0.8904175758361816,0.8980917930603027,0.8942382335662842,0.9280825853347778,0.9420293569564819,0.9350039958953857
544,"द्वितीय विश्व युद्ध में जर्मनी एक आम दुश्मन था, जिससे यूएसएसआर और संयुक्त राज्य अमेरिका के बीच सहयोग हुआ। युद्ध के अंत के साथ सिस्टम, प्रक्रिया और संस्कृति के संघर्षों ने देशों के बीच टूटने का कारण बना।","यूएसएसआर और यूएसए के बीच सहयोग की अगुआई में, द्वितीय विश्व युद्ध में जर्मनी एक आम दुश्मन था. लड़ाई ख़त्म होने के साथ ही सिस्टम, प्रक्रिया और संस्कृति के टकरावों की वजह से देश टूटने लगे थे.","जर्मनी द्वितीय विश्व युद्ध में एक सामान्य दुश्मन था, जिसके परिणामस्वरूप सोवियत संघ और अमेरिका के बीच सहयोग हुआ। युद्ध के अंत के साथ, प्रणाली, प्रक्रिया और संस्कृति में टकराव के कारण देशों के बीच दरार पड़ गई।",0.8706619739532471,0.8386961221694946,0.8543801307678223,0.8728708028793335,0.8890974521636963,0.8809093832969666
545,युद्ध के समाप्त होने के दो वर्ष बाद पूर्व सहयोगी अब दुश्मन बन गए और शीत युद्ध शुरू हुआ।,"लड़ाई के आख़िरी दो सालों में, पहले के साथी अब दुश्मन बन गए थे और शीत युद्ध की शुरुआत हो चुकी थी.","युद्ध के समाप्त होने के दो साल बाद, पूर्व मित्र अब दुशमनों में बदल गए और शीत युद्ध शुरू हुआ।",0.851561427116394,0.8187630772590637,0.8348402380943298,0.9186724424362183,0.9135094881057739,0.9160836935043335
546,"यह अगले 40 वर्षों तक चलेगा और यह युद्ध के मैदानों पर अफगानिस्तान, क्यूबा और कई अन्य स्थानों पर, प्रतिनिधि सेनाओं द्वारा लड़ा जाएगा।","इसे अगले 40 सालों तक चलना था और यह असली में, छद्म सेनाओं द्वारा, अफ़्रीका से लेकर एशिया तक की युद्धभूमियों पर, अफ़गानिस्तान, क्यूबा और दूसरी कई जगहों पर होना था.","यह अगले 40 वर्षों तक चलने वाला था और इसे सच में, प्रॉक्सी सेनाओं द्वारा, अफ्रीका से एशिया, अफगानिस्तान, क्यूबा और कई अन्य स्थानों के युद्ध क्षेत्रों में लड़ा जाएगा।",0.8544914126396179,0.8273392915725708,0.8406961560249329,0.9004185795783997,0.8672497272491455,0.8835229873657227
547,"17 सितंबर 1939 तक पोलिश रक्षा पहले ही टूट चुकी थी, और एकमात्र आशा रोमानियाई पुल के साथ पीछे हटने और पुनर्गठन की थी।","17 सितंबर, 1939 तक, पोलिश रक्षापंक्ति लगभग टूट चुकी थी, और एक अकेली उम्मीद थी पीछे हटना और फिर रोमानियाई ब्रिजहेड के साथ एकजुट होना.","1939 के 17 सितंबर तक, पोलिश रक्षा पहले ही टूट चुकी थी, और एकमात्र आशा यह थी कि पीछे हटें और रोमानियाई पुलहेड के साथ पुनर्गठन करें।",0.8531088829040527,0.8221691846847534,0.8373533487319946,0.9143521785736084,0.883930504322052,0.8988840579986572
548,"हालांकि, ये योजनाएं लगभग रातोंरात अप्रचलित हो गईं, जब सोवियत संघ की लाल सेना के 800,000 से अधिक सैनिकों ने रीगा शांति संधि, सोवियत-पोलिश गैर-आक्रमण संधि और अन्य द्विपक्षीय और बहुपक्षीय अंतरराष्ट्रीय संधियों के उल्लंघन में पोलैंड के पूर्वी क्षेत्रों में आक्रमण करने के बाद बेलारूस और यूक्रेनी मोर्चों में प्रवेश किया और बनाया।","हालाँकि, लगभग रातों-रात इन योजनाओं को तब बनाया गया था जब सोवियत की यूनियन रेड आर्मी के 800,000 से ज़्यादा सैनिकों ने पोलैंड के पूर्वी क्षेत्रों पर हमला करने के बाद प्रवेश करते हुए बेलारूसी और यूक्रेनी मोर्चे खड़े कर दिए थे. उन्होंने यह रिगा शांति संधि, द सोवियत-पॉलिश नॉन-एग्रेशन पैक्ट और अन्य अंतरराष्ट्रीय द्विपक्षीय और बहुपक्षीय दोनों तरह की संधियों का उल्लंघन करते हुए किया था.","हालांकि, ये योजनाएँ लगभग रातों-रात अप्रचलित हो गईं, जब सोवियत संघ की रेड आर्मी के 800,000 से अधिक सैनिकों ने पूर्वी पोलैंड के क्षेत्रों में प्रवेश किया और बेलारूसी और यूक्रेनी मोर्चों का निर्माण किया, जो रीगा शांति संधि, सोवियत-पोलिश गैर-आक्रामक pacto और अन्य अंतरराष्ट्रीय संधियों का उल्लंघन था, जो द्विपक्षीय और बहुपक्षीय दोनों थीं।",0.8203312754631042,0.7913013696670532,0.8055549263954163,0.8619420528411865,0.8485826849937439,0.8552101850509644
549,माल परिवहन के लिए जहाजों का उपयोग महासागरों के पार बड़ी मात्रा में लोगों और वस्तुओं को ले जाने का सबसे कुशल तरीका है।,सामान के ट्रांसपोर्ट के लिए जहाज़ों का इस्तेमाल करना समुद्रों के एक सिरे से दूसरे सिरे तक बड़ी मात्रा में लोगों और सामान को लाने और ले जाने का बहुत ज़्यादा प्रभावी तरीका है.,जहाज़ों का उपयोग करके सामानों का परिवहन करना समुद्रों के पार बड़ी मात्रा में लोगों और सामानों को ले जाने का सबसे कुशल तरीका है।,0.8333697319030762,0.8039336800575256,0.8183870911598206,0.8992859125137329,0.9040846228599548,0.9016788601875305
550,"नौसेना का काम परंपरागत रूप से यह सुनिश्चित करना है कि आपका देश अपने लोगों और वस्तुओं को स्थानांतरित करने की क्षमता बनाए रखे, जबकि साथ ही, अपने दुश्मन की अपनी लोगों और वस्तुओं को स्थानांतरित करने की क्षमता में हस्तक्षेप करता है।","नौसेनाओं का काम पारंपरिक रूप से यह है कि अपने देश के लोगों और सामान को एक स्थान से दूसरे स्थानांतरण करने की क्षमता बनाए रखे ,और साथ ही अपने दुश्मन देश की लोगों और सामान को स्थानांतरण करने की क्षमता में हस्तक्षेप कर सकें |","नौसेना का काम पारंपरिक रूप से यह सुनिश्चित करना रहा है कि आपका देश अपने लोगों और सामानों को ले जाने की क्षमता बनाए रखे, जबकि साथ ही, आपके दुश्मन की अपने लोगों और सामानों को ले जाने की क्षमता में बाधा डाले।",0.8682150840759277,0.8615516424179077,0.864870548248291,0.8922137022018433,0.9042867422103882,0.8982096314430237
551,इस बात का एक उल्लेखनीय उदाहरण द्वितीय विश्व युद्ध के उत्तर अटलांटिक अभियान था। अमेरिकी ब्रिटेन की मदद के लिए अटलांटिक महासागर के पार पुरुषों और सामग्रियों को ले जाने की कोशिश कर रहे थे।,इसका सबसे उल्लेखनीय हालिया उदाहरण दूसरे विश्वयुद्ध का उत्तरी अटलांटिक अभियान था। अमेरिकी ब्रिटेन की सहायता करने के लिए अटलांटिक महासागर में सैनिकों और सामग्रियों को स्थानांतरित करने का प्रयास कर रहे थे।,इसका एक सबसे ध्यान देने योग्य हालिया उदाहरण द्वितीय विश्व युद्ध का उत्तरी अटलांटिक अभियान था। अमेरिकियों ने ब्रिटेन की मदद के लिए अटलांटिक महासागर के पार पुरुषों और सामग्री को स्थानांतरित करने की कोशिश की।,0.9137511253356934,0.9115404486656189,0.9126443862915039,0.9146051406860352,0.892349123954773,0.9033400416374207
552,"उसी समय, जर्मन नौसेना, मुख्य रूप से यू-बोट का उपयोग करके, इस यातायात को रोकने की कोशिश कर रही थी।",इसके साथ ही जर्मन नौसेना मुख्य रूप से यू-बोट का इस्तेमाल करते हुए इस ट्रैफिक को रोकने की कोशिश कर रही थी।,"एक ही समय में, जर्मन नौसेना, जो मुख्य रूप से यू-Boat का उपयोग कर रही थी, इस यातायात को रोकने की कोशिश कर रही थी।",0.9015927314758301,0.8972027897834778,0.8993924260139465,0.9380367994308472,0.9321039319038391,0.9350609183311462
553,यदि गठबंधन विफल होता तो जर्मनी शायद बाकी यूरोप की तरह ब्रिटेन पर विजय प्राप्त कर सकता।,"अगर मित्र राष्ट्र विफल हो जाते, तो जर्मनी शायद ब्रिटेन को पराजित कर देता क्योंकि उसके पास शेष यूरोप था.","यदि सहयोगी विफल हो जाते, तो संभवतः जर्मनी ब्रिटेन को उसी तरह जीतने में सक्षम होता जैसे उसने यूरोप के बाकी हिस्सों को जीता था।",0.8488582372665405,0.8350691199302673,0.8419072031974792,0.8479262590408325,0.7932530641555786,0.8196790218353271
554,"ऐसा लगता है कि बकरियों को पहली बार लगभग 10,000 साल पहले ईरान के ज़ग्रोस पर्वत में पालतू बनाया गया था।","माना जाता है कि ईरान की ज़ाग्रोस पहाड़ियों में 10,000 साल पहले बकरी पालन की शुरुआत हुई थी.","बकरीयों को शायद लगभग 10,000 साल पहले ईरान के ज़ाग्रोस पहाड़ों में पहली बार पालतू बनाया गया था।",0.8597000241279602,0.8708394765853882,0.8652338981628418,0.9089740514755249,0.920021653175354,0.9144644737243652
555,"प्राचीन संस्कृतियों और जनजातियों ने उन्हें दूध, बाल, मांस और त्वचा तक आसानी से पहुंच के लिए रखना शुरू कर दिया।","प्राचीन संस्कृतियों और जनजातियों ने दूध, बाल, मांस और चमड़े को अपनी आसान पहुँच में बनाए रखना शुरू कर दिया.","प्राचीन संस्कृतियों और जनजातियों ने दूध, बाल, मांस और खालों तक आसान पहुँच के लिए उन्हें रखना शुरू किया।",0.8948190212249756,0.9093959927558899,0.902048647403717,0.912427544593811,0.941161036491394,0.9265715479850769
556,"घर की बकरियों को आमतौर पर पहाड़ों या अन्य चराई के क्षेत्रों में भटकते झुंडों में रखा जाता था, अक्सर उन चरवाहियों द्वारा चारा किया जाता था जो अक्सर बच्चे या किशोर होते थे, जो अधिक व्यापक रूप से जाने जाने वाले चरवाहे के समान होते थे। आज भी इन चरवाहे के तरीकों का उपयोग किया जाता है।","घरेलू बकरियों को आम तौर पर झुंडों में रखा जाता था जो पहाड़ियों या अन्य चरने वाले क्षेत्रों में घूमती थीं, अक्सर वे बकरियों के झुंड की तरफ जाती थीं जहां अक्सर बच्चे या किशोर होते थे, अधिक व्यापक रूप से ज्ञात चरवाहे के समान। झुंडों के ये तरीके आज भी इस्तेमाल किए जाते हैं।","घरेलू बकरियां आमतौर पर झुंडों में रखी जाती थीं जो पहाड़ियों या अन्य चराई वाले क्षेत्रों में भटकती थीं, जिन्हें अक्सर बालक या किशोर लोग रखवाली करते थे, जैसे कि अधिक प्रसिद्ध Shepherd. आज भी ये चराई के तरीके इस्तेमाल किए जाते हैं।",0.8754284381866455,0.8702419996261597,0.8728275299072266,0.8238099813461304,0.8442698121070862,0.8339143991470337
557,16वीं शताब्दी में इंग्लैंड में वैगनवे का निर्माण किया गया था।,वैगनवे 16 वीं शताब्दी की शुरुआत में इंग्लैंड में बनाए गए थे.,वागनवेज़ 16वीं शताब्दी में इंग्लैंड में बनाए गए थे।,0.8893700838088989,0.8865441083908081,0.887954831123352,0.8821338415145874,0.8926728963851929,0.8873720765113831
558,"यद्यपि कारवे केवल लकड़ी के समानांतर बोर्डों से बने थे, लेकिन उन्होंने घोड़ों को अधिक गति प्राप्त करने और अधिक भारी भार खींचने की अनुमति दी थी।","हालांकि, साधारण रूप से वैगनवे में लकड़ी से बने एकसमान तख्त लगे होते थे, लेकिन घोड़े उन्हें तेज़ गति से खींच सकते थे और उन दिनों के थोड़ी ज़्यादा ख़राब रास्तों पर ज़्यादा बड़े भार ले जाए जा सकते थे.","हालांकि वैगन रोड केवल समानांतर लकड़ी की तख्तियों से बने थे, वे घोड़ों को अधिक गति प्राप्त करने और उस समय की थोड़ी अधिक खड़ी सड़कों की तुलना में बड़े भार खींचने की अनुमति देते थे।",0.7822443246841431,0.7555696964263916,0.768675684928894,0.8944157958030701,0.8411473035812378,0.8669641017913818
559,"रेल को अपने स्थान पर रखने के लिए क्रॉसटी काफी जल्दी शुरू की गई थी। हालांकि, धीरे-धीरे यह महसूस किया गया कि रेल के ऊपर लोहे का स्टीम होने से रेल अधिक कुशल होगी।",पटरियों को उनके स्थान पर बनाए रखने के लिए क्रॉ्सटाई को काफी पहले व्यवहार में लाया गया था। लेकिन धीरे-धीरे यह महसूस हुआ कि अगर पटरियों ऊपर लोहे की पत्ती हो तो वे ज्यादा दक्ष होंगी।,"क्रॉसटाई जल्दी ही पटरियों को स्थिर रखने के लिए पेश किए गए थे। धीरे-धीरे, हालांकि, यह महसूस किया गया कि यदि पटरियों के शीर्ष पर लोहे का एक स्ट्रिप हो तो वे अधिक प्रभावी होंगी।",0.8466743230819702,0.8313817977905273,0.8389583826065063,0.8523324728012085,0.8430494070053101,0.8476654887199402
560,"यह सामान्य प्रथा बन गई, लेकिन लोहे ने गाड़ियों के लकड़ी के पहियों पर अधिक पहनने का कारण बना।","यह आम बात हो गई, लेकिन लोहे वाहनों के लकड़ी के पहियों पर अधिक घिसन करते थे।","यह सामान्य प्रथा बन गई, लेकिन लोहे ने गाड़ियों के लकड़ी के पहियों पर अधिक घर्षण पैदा किया।",0.8511402606964111,0.8767191171646118,0.8637403249740601,0.9352225065231323,0.93697190284729,0.9360963702201843
561,"आखिरकार लकड़ी के पहियों की जगह लोहे के पहियों को लिया गया। 1767 में, पहली पूर्ण लोहे वाली रेलें पेश की गईं।","आख़िरकार, लोहे के पहियों ने लकड़ी के पहियों की जगह ले ली. 1767 में, पूरी तरह लोहे से बनी रेल की शुरुआत हो गई.","आखिरकार, लकड़ी के पहियों को लोहे के पहियों से बदल दिया गया। 1767 में, पहले पूर्ण-लोहे की रेल पेश की गई।",0.8893671035766602,0.8859885334968567,0.8876746296882629,0.9344145655632019,0.9271548986434937,0.9307705760002136
562,"पहला ज्ञात परिवहन चलना था, मनुष्य ने दो मिलियन साल पहले होमो इरेक्टस (जो कि सीधा आदमी है) के उद्भव के साथ सीधे चलना शुरू किया।","पहला ज्ञात परिवहन पैदल चलना था, इंसानों ने होमो इरेक्टस (यानी अपराइट मैन) के उद्भव के साथ बीस लाख साल पहले पैदल चलने की शुरुआत की थी.","पहला ज्ञात परिवहन चलना था, मनुष्यों ने दो मिलियन वर्ष पहले होमो इरेक्टस (जिसका अर्थ है सीधा खड़ा आदमी) के उदय के साथ सीधे चलना शुरू किया।",0.8710030317306519,0.861822247505188,0.8663883209228516,0.9441259503364563,0.9458779096603394,0.9450011253356934
563,"उनके पूर्ववर्ती, ऑस्ट्रलॉपिटेकस, सामान्य रूप से सीधे नहीं चलते थे।","उनके पूर्वज, ऑस्ट्रलोपिथेकस आदतन सीधा नहीं चलते थे।","उनके पूर्वज, ऑस्ट्रेलोपिथेकस, आदतन सीधा नहीं चलते थे।",0.8808237314224243,0.8813869953155518,0.8811052441596985,0.8805938363075256,0.8794654607772827,0.8800292611122131
564,"4.2-3.9 मिलियन साल पहले के ऑस्ट्रलॉपिटेकस जीवाश्मों में द्विपद विशेषण पाए जाते हैं, हालांकि सात मिलियन साल पहले से ही सहलंत्रोपस दो पैरों पर चल सकता था।",4.2 से 3.9 मिलियन वर्ष पूर्व से आस्ट्रेलोपोपिथेकस जीवाश्मो में बाइपैडल विशेषज्ञत पाई जाती है हालांकि हो सकता है 7 मिलियन वर्ष पहले से सहेंथ्रोपस दो पैरों पर चल सकता था |,"बाइपेडल विशेषताओं का पता ऑस्ट्रेलोपिथेकस के जीवाश्मों में 4.2-3.9 मिलियन वर्ष पहले लगाया गया है, हालांकि सहेलांथ्रोपस संभवत: सात मिलियन वर्ष पहले से ही दो पैरों पर चल सकता था।",0.8678491115570068,0.8500047326087952,0.8588342666625977,0.8684943914413452,0.8489100337028503,0.8585905432701111
565,"हम पर्यावरण के अनुकूल जीवन जीना शुरू कर सकते हैं, हम पर्यावरण आंदोलन में शामिल हो सकते हैं, और हम भविष्य के दुख को कम करने के लिए कुछ हद तक सक्रिय भी हो सकते हैं।","हम पर्यावरण के साथ ज़्यादा दोस्ताना तरीके से रहना शुरू कर सकते हैं, इसके लिए पर्यावरण आंदोलन में शामिल हो सकते हैं, और हम भविष्य को कुछ हद तक कष्ट से बचाने के लिए पर्यावरण कार्यकर्ता भी बन सकते हैं.","हम पर्यावरण के प्रति अधिक मित्रवत जीवन जीना शुरू कर सकते हैं, हम पर्यावरणीय आंदोलन में शामिल हो सकते हैं, और हम भविष्य में कुछ हद तक दुख को कम करने के लिए कार्यकर्ता भी बन सकते हैं।",0.8842425346374512,0.8553084135055542,0.8695348501205444,0.9318715333938599,0.9250367283821106,0.9284414649009705
566,"यह कई मामलों में लक्षणात्मक उपचार की तरह ही है, लेकिन अगर हम केवल अस्थायी समाधान नहीं चाहते हैं, तो हमें समस्याओं की जड़ें ढूंढनी चाहिए और उन्हें निष्क्रिय करना चाहिए।","यह कई मामलों में रोगसूचक उपचार की तरह ही है। हालाँकि, अगर हम केवल अस्थायी समाधान नहीं चाहते हैं, तो हमें समस्याओं की जड़ को ढूँढ कर उन्हें निष्क्रिय करना चाहिए।","यह कई मामलों में लक्षणात्मक उपचार की तरह है। हालांकि, यदि हम केवल अस्थायी समाधान नहीं चाहते हैं, तो हमें समस्याओं की जड़ को खोजना चाहिए और हमें उन्हें निष्क्रिय करना चाहिए।",0.9347752332687378,0.9267966747283936,0.9307689070701599,0.9408918023109436,0.9520499110221863,0.9464380145072937
567,"यह स्पष्ट है कि विज्ञान और प्रौद्योगिकी में मानव जाति की प्रगति के कारण दुनिया बहुत बदल गई है, और अत्यधिक जनसंख्या और मानवता की अतिव्यापी जीवन शैली के कारण समस्याएं अधिक हो गई हैं।","यह अत्यंत स्पष्ट है कि मानव जाति की वैज्ञानिक और तकनीकी प्रगति के कारण दुनिया बहुत बदल गई है, तथा अधिक जनसंख्या और मानव जाति की अतिव्ययी जीवन शैली के कारण समस्याएँ बढ़ गई हैं।","यह स्पष्ट है कि मानव जाति के वैज्ञानिक और तकनीकी उन्नति के कारण दुनिया में बहुत परिवर्तन हुआ है, और जनसंख्या वृद्धि और मानवता के विलासिता भरे जीवनशैली के कारण समस्याएं और बढ़ गई हैं।",0.9095479846000671,0.925118088722229,0.9172670245170593,0.8682882785797119,0.8813364505767822,0.8747636675834656
568,"4 जुलाई को कांग्रेस द्वारा अपनाए जाने के बाद, कांग्रेस के अध्यक्ष जॉन हैंकॉक और सचिव चार्ल्स थॉमसन द्वारा हस्ताक्षरित एक हस्तलिखित मसौदा कुछ ब्लॉक दूर जॉन डनलैप की प्रिंटिंग शॉप को भेजा गया।","4 जुलाई को कांग्रेस द्वारा अपनाए जाने के बाद, एक हाथ से लिखे गए मसौदे पर कांग्रेस के अध्यक्ष जॉन हैनकॉक और सचिव चार्ल्स थ्रॉन द्वारा हस्ताक्षर किये गए थे, फिर इसे कुछ ब्लॉक दूर जॉन डनलप की प्रिंटिंग की दुकान पर भेजा गया था.","कांग्रेस द्वारा 4 जुलाई को अपनाए जाने के बाद, कांग्रेस के अध्यक्ष जॉन हैंकॉक और सचिव चार्ल्स थॉम्पसन द्वारा हस्ताक्षरित एक हस्तलिखित मसौदा फिर जॉन डनलैप की प्रिंटिंग शॉप में कुछ ब्लॉकों की दूरी पर भेजा गया।",0.9044673442840576,0.8794169425964355,0.8917662501335144,0.9630627632141113,0.9509027004241943,0.9569441080093384
569,"रात भर 150 से 200 प्रतियां बनाई गईं, जिन्हें अब ""डुनलैप ब्रॉड्ससाइड्स"" के रूप में जाना जाता है।","रात के समय 150 और 200 के बीच प्रतियों बनती है , जिन्हे अब “डनलप ब्रॉडसाइड्स” के रूप में जाना जाता है।","रात के दौरान 150 और 200 प्रतियां बनाई गईं, जिन्हें अब ""डनलैप ब्रोडसाइड्स"" के रूप में जाना जाता है।",0.8790736794471741,0.8709657788276672,0.8750009536743164,0.9605725407600403,0.9646836519241333,0.962623655796051
570,इस दस्तावेज का पहला सार्वजनिक पाठ 8 जुलाई को इण्डिपेंडेंस हॉल के आंगन में जॉन निक्सन द्वारा किया गया था।,जॉन निक्सन द्वारा डॉक्यूमेंट की पहली पब्लिक रीडिंग 8 जुलाई को इंडिपेंडेंस हॉल के यार्ड में की गई थी.,इस दस्तावेज़ का पहला सार्वजनिक पाठ 8 जुलाई को स्वतंत्रता हॉल के आंगन में जॉन निक्सन द्वारा किया गया था।,0.8588742613792419,0.8369256258010864,0.8477579355239868,0.9406253099441528,0.9558479189872742,0.9481755495071411
571,"एक को 6 जुलाई को जॉर्ज वाशिंगटन को भेजा गया था, जिन्होंने 9 जुलाई को न्यूयॉर्क में अपनी सेनाओं को यह पढ़ दिया था।","उनमें से एक जॉर्ज वाशिंगटन को 6 जुलाई को भेजा गया, जिसने कि इसको अपनी सेना के लिए न्यूयॉर्क में 9 जुलाई को पढ़ा। उसकी एक कॉपी 10 अगस्त को लंदन पहुंची।","एक जुलाई 6 को जॉर्ज वाशिंगटन को भेजा गया, जिन्होंने इसे 9 जुलाई को अपने सैनिकों के सामने न्यूयॉर्क में पढ़वाया। एक प्रति 10 अगस्त को लंदन पहुंची।",0.8723906874656677,0.8169693946838379,0.8437709808349609,0.8806354999542236,0.8329483270645142,0.8561283349990845
572,25 डनलैप चौड़ाई अभी भी मौजूद है जो दस्तावेज की सबसे पुरानी जीवित प्रतियां हैं। मूल हस्तलिखित प्रति नहीं बचा है।,मौजूदा 25 डनलप ब्रॉडसाइड अब तक बची हुई सबसे पुरानी कॉपी के डॉक्यूमेंट हैं. हाथ से लिखी गई मूल कॉपी सहेजी नहीं जा सकी है.,"25 डनलैप ब्रॉडसाइड्स जो अभी भी मौजूद हैं, वे इस दस्तावेज़ की सबसे पुरानी जीवित प्रतियां हैं। मूल हस्तलिखित प्रति जीवित नहीं रही है।",0.7753959894180298,0.75473952293396,0.7649283409118652,0.8999441266059875,0.8742990493774414,0.8869363069534302
573,आज के कई पुरातत्वविदों का मानना है कि डायनासोरों का एक समूह जीवित रहा और आज भी जीवित है। हम उन्हें पक्षी कहते हैं।,"कई जीवाश्म विज्ञानी आज भी यह मानते हैं कि डायनासोर का एक समूह लुप्त होने से बच गया और वह आज भी जीवित है, उन्हें हम पक्षी कहते हैं।",आज कई जीवाश्म वैज्ञानिक मानते हैं कि डाइनोसॉर का एक समूह जीवित रहा और आज भी मौजूद है। हम उन्हें पक्षी कहते हैं।,0.8767786622047424,0.8553249835968018,0.8659189939498901,0.8960092663764954,0.8906846046447754,0.8933390378952026
574,बहुत से लोग उन्हें डायनासोर नहीं मानते क्योंकि उनके पंख हैं और वे उड़ सकते हैं।,उनके पंख और उड़ने की वजह से कई लोग उनको डायनासोर नहीं मानते.,कई लोग उनके बारे में यह नहीं सोचते कि वे डाइनोसोर हैं क्योंकि उनके पास पंख हैं और वे उड़ सकते हैं।,0.8744034767150879,0.8509439826011658,0.8625141978263855,0.9040330052375793,0.859236478805542,0.8810657858848572
575,लेकिन पक्षियों के बारे में बहुत सी चीजें हैं जो अभी भी एक डायनासोर की तरह दिखती हैं।,लेकिन उन पक्षियों के बारे में बहुत सी चीजें हैं जो अभी भी डायनासोर जैसे दिखते हैं।,लेकिन पक्षियों के बारे में कई चीजें हैं जो अभी भी डायनासोर की तरह लगती हैं।,0.9296200275421143,0.9412363767623901,0.9353921413421631,0.9433028697967529,0.9587976336479187,0.9509871602058411
577,आज के समय में लगभग सभी कंप्यूटर सूचना के हेरफेर पर आधारित हैं जो द्विआधारी संख्याओं के रूप में कोडित हैं।,"आजकल उपयोग किए जाने वाले सभी कंप्यूटर, जानकारी के हेरफेर पर आधारित हैं इन्हें बाइनरी नंबर के रूप में कोड किया गया है.",आज उपयोग में लाई जाने वाली लगभग सभी कम्प्यूटर्स जानकारी के इस प्रकार के हेरफेर पर आधारित हैं जो बाइनरी अंकों के रूप में कोडित होती है।,0.84368896484375,0.8353481292724609,0.8394978642463684,0.8712129592895508,0.8461693525314331,0.8585085272789001
578,"द्विआधारी संख्या में केवल दो मानों में से एक हो सकता है, अर्थात् 0 या 1, और इन संख्याओं को कंप्यूटर जार्गोन का उपयोग करने के लिए द्विआधारी अंकों या बिट्स के रूप में संदर्भित किया जाता है।","किसी बाइनरी संख्या में दो में से एक ही मान हो सकता है, यानी 0 या 1, और इन संख्याओं को ही बाइनरी अंक - या कंप्यूटर की शब्दावली में बिट कहा जाता है.","एक बाइनरी संख्या केवल दो में से एक मान रख सकती है, यानी 0 या 1, और इन संख्याओं को बाइनरी डिजिट्स - या बिट्स, कंप्यूटर की भाषा में कहा जाता है।",0.8077784776687622,0.8374069929122925,0.8223259449005127,0.8057006597518921,0.8310278654098511,0.8181683421134949
579,आंतरिक विषाक्तता तुरंत स्पष्ट नहीं हो सकती है। विषाक्तता जैसे लक्षण पर्याप्त सामान्य हैं कि तत्काल निदान नहीं किया जा सकता है।,"अंदरूनी विषाक्तता का तुरंत पता नहीं चलता है. इसके लक्षण सामान्य होते हैं जैसे कि उल्टी आना, इसलिए इसका तुरंत निदान नहीं किया जा सकता है.",आंतरिक विषाक्तता तुरंत स्पष्ट नहीं हो सकती। जैसे कि उल्टी करने जैसे लक्षण पर्याप्त सामान्य हैं कि तुरंत निदान नहीं किया जा सकता।,0.8491915464401245,0.8135309815406799,0.8309788107872009,0.9164412617683411,0.8998486399650574,0.9080691337585449
580,आंतरिक विषाक्तता का सबसे अच्छा संकेत दवाओं या विषैले घरेलू रसायनों के खुले कंटेनर की उपस्थिति हो सकती है।,इंटरनल पॉइज़निंग का सबसे अच्छा लक्षण दवाई या विषैले घरेलू रसायनों के खुले डिब्बे की मौजूदगी हो सकती है.,आंतरिक विषाक्तता का सबसे अच्छा संकेत एक खुले दवा या विषैले घरेलू रसायनों के कंटेनर की उपस्थिति हो सकती है।,0.8770187497138977,0.850777268409729,0.8636987209320068,0.9695656895637512,0.9692230820655823,0.9693943858146667
581,उस विशिष्ट विष के लिए विशिष्ट प्राथमिक चिकित्सा निर्देशों के लिए लेबल की जाँच करें।,उस विशेष जहर के लिए विशेष प्राथमिक चिकित्सा निर्देशों के लिए लेबल को देखेंं।,उस विशेष विष के लिए विशेष प्राथमिक चिकित्सा निर्देशों के लिए लेबल की जांच करें।,0.8754902482032776,0.8789865970611572,0.877234935760498,0.9715184569358826,0.9799531102180481,0.9757175445556641
582,कीड़े के इस समूह के लिए कीड़े शब्द का औपचारिक अर्थ में प्रयोग कीड़ाविदों द्वारा किया जाता है।,कीटविज्ञानियों द्वारा बग शब्द का उपयोग कीटों के इस समूह के लिए एक औपचारिक तौर पर किया जाता है।,"शब्द ""बग"" का उपयोग कीट वैज्ञानिकों द्वारा इस समूह के कीड़ों के लिए एक औपचारिक अर्थ में किया जाता है।",0.8607555627822876,0.8491184711456299,0.8548973798751831,0.8632892370223999,0.8414621949195862,0.8522359132766724
583,"यह शब्द बेड-बग के साथ प्राचीन परिचितता से उत्पन्न होता है, जो मनुष्यों को परजीवी बनाने के लिए अत्यधिक अनुकूलित कीड़े हैं।",मानवों पर आश्रित सबसे ज़्यादा अनुकूलतम कीट खटमल के साथ पुरानी समानता से यह परिभाषा बनी है.,"यह शब्द प्राचीन परिचय से आता है बेड-बग्स के साथ, जो ऐसे कीड़े हैं जो मानवों पर परजीवी होने के लिए अत्यधिक अनुकूलित हैं।",0.74659663438797,0.7530381679534912,0.7498036026954651,0.8991126418113708,0.8984997868537903,0.898806095123291
584,"हत्यारे-बग और बेड-बग दोनों ही घोंसले होते हैं, जो अपने मेजबान के घोंसले या आवास में रहने के लिए अनुकूल होते हैं।","गुप्तघाती कीड़े और खटमल दोनों नीडवासी होते हैं, जो घोसले या होस्ट के घर में बिना किसी परेशानी के रह सकते हैं.","असासिन-बग और बेड-बग दोनों निकिडोलस हैं, जो अपने मेज़बान के घोंसले या आवास में रहने के लिए अनुकूलित हैं।",0.7857857942581177,0.782961368560791,0.784371018409729,0.9076927900314331,0.8869003057479858,0.8971760869026184
585,"संयुक्त राज्य अमेरिका में, मल्टीपल स्क्लेरोसिस (एमएस) के लगभग 400,000 ज्ञात मामले हैं, जिससे यह युवा और मध्य आयु वर्ग के वयस्कों में प्रमुख तंत्रिका रोग है।","पूरे संयुक्त राज्य अमेरिका में, मल्टीपल स्केलेरोसिस (MS) के लगभग 400,000 ज्ञात मामले हैं, जो युवा और मध्यम आयु वर्ग के वयस्कों में प्रमुख न्यूरोलॉजिकल बीमारी है.","संयुक्त राज्य अमेरिका में, मल्टीपल स्क्लेरोसिस (MS) के लगभग 400,000 ज्ञात मामले हैं, जिससे यह युवाओं और मध्यवर्गीय वयस्कों में प्रमुख न्यूरोलॉजिकल रोग बन गया है।",0.9347301721572876,0.9229572415351868,0.9288063645362854,0.9412216544151306,0.9300057888031006,0.9355800747871399
586,"एमएस एक ऐसी बीमारी है जो केंद्रीय तंत्रिका तंत्र को प्रभावित करती है, जिसमें मस्तिष्क, रीढ़ की हड्डी और ऑप्टिक तंत्रिका शामिल हैं।","MS, बीमारी केंद्रीय तंत्रिका तंत्र पर असर करती है, जिसमें दिमाग, स्पाइनल कॉर्ड और ऑप्टिक नर्व शामिल हैं.","MS एक बीमारी है जो केंद्रीय तंत्रिका तंत्र को प्रभावित करती है, जिसे मस्तिष्क, रीढ़ की हड्डी और नेत्रिका तंत्रिका से बना हुआ है।",0.8290705680847168,0.8391039967536926,0.8340571522712708,0.929227888584137,0.9364484548568726,0.9328241348266602
587,शोध से पता चला है कि महिलाओं में पुरुष की तुलना में एमएस होने की संभावना दो गुना अधिक है।,शोध में पाया गया है कि महिलाओं में पुरुषों की तुलना में एमएस होने की संभावना दो गुना अधिक होती है।,शोध से पता चला है कि महिलाओं को पुरुषों की तुलना में मल्टीपल स्कleroसिस (MS) होने की संभावना दो गुना अधिक है।,0.971660315990448,0.9716897010803223,0.9716749787330627,0.9489050507545471,0.8636636734008789,0.9042800664901733
588,एक जोड़ा यह तय कर सकता है कि बच्चे को पालने से उसका और उसके हित में नहीं होगा।,एक दंपत्ति फैसला ले सकता है कि यह उनके या उनके बच्चे के हित में बिलकुल नहीं है कि एक दूसरा बच्चा किया जाए |,एक जोड़ा यह तय कर सकता है कि उनके और उनके बच्चे के हित में एक बच्चे को बढ़ाना सबसे अच्छा नहीं है।,0.8076837062835693,0.7710198163986206,0.7889260053634644,0.89549720287323,0.8750449419021606,0.8851529359817505
589,इन जोड़ों को अपने बच्चे को गोद लेने का प्लान बनाना चाहिए।,ये जोड़े अपने बच्चे के लिए गोद लेने की योजना बनाने का विकल्प चुन सकते हैं.,ये जोड़े अपने बच्चे के लिए गोद लेने की योजना बनाने का विकल्प चुन सकते हैं।,0.8523680567741394,0.8465875387191772,0.8494679927825928,0.8536824584007263,0.8481793403625488,0.8509219884872437
590,"गोद लेने में, जन्मदाता माता-पिता अपने माता-पिता अधिकारों को समाप्त कर देते हैं ताकि एक और जोड़ा बच्चे का माता-पिता हो सके।","गोद लेने की प्रक्रिया में, जन्म देने वाले माता-पिता अपने अभिभावकीय अधिकार ख़त्म कर देते हैं ताकि कोई दूसरा जोड़ा बच्चे का अभिभावक बन सके.","ग्रहण में, जन्म माता-पिता अपनी parental अधिकारों को समाप्त करते हैं ताकि एक अन्य जोड़ा बच्चे की परवरिश कर सके।",0.8841001987457275,0.8280223608016968,0.8551428914070129,0.8839269280433655,0.8861589431762695,0.8850415349006653
591,विज्ञान का मुख्य उद्देश्य वैज्ञानिक पद्धति के माध्यम से दुनिया के कामकाज का पता लगाना है। यह विधि वास्तव में अधिकांश वैज्ञानिक अनुसंधान का मार्गदर्शन करती है।,विज्ञान का मुख्य लक्ष्य वैज्ञानिक पद्धति के माध्यम से दुनिया के काम करने के तरीके का पता लगाना है। वास्तव में अधिकांश वैज्ञानिक अनुसंधानों इस विधि पर निर्धारित हैं |,"विज्ञान का मुख्य लक्ष्य वैज्ञानिक पद्धति के माध्यम से यह समझना है कि दुनिया कैसे काम करती है। वास्तव में, यह पद्धति अधिकांश वैज्ञानिक अनुसंधान का मार्गदर्शन करती है।",0.9078264832496643,0.8932031989097595,0.9004554748535156,0.9023425579071045,0.886284589767456,0.8942415118217468
592,"यह अकेले नहीं है, हालांकि, प्रयोग, और एक प्रयोग एक परीक्षण है जिसका उपयोग एक या अधिक संभावित परिकल्पनाओं को समाप्त करने के लिए किया जाता है, प्रश्न पूछने और अवलोकन करने से वैज्ञानिक अनुसंधान भी मार्गदर्शन होता है।","हालाँकि यह अकेला नहीं है, प्रयोग करना, और प्रयोग एक ऐसा परीक्षण होता है जिसका इस्तेमाल करके एक या इससे ज़्यादा संभावित परिकल्पनाओं को ख़त्म करने, सवाल करने, और अवलोकन करने से भी वैज्ञानिक शोध को मार्गदर्शन मिलता है.","यह अकेला नहीं है, हालांकि, प्रयोग और एक प्रयोग एक परीक्षण है जिसका उपयोग एक या एक से अधिक संभावित परिकल्पनाओं को समाप्त करने के लिए किया जाता है, प्रश्न पूछना और अवलोकन करना भी वैज्ञानिक अनुसंधान का मार्गदर्शन करता है।",0.857104480266571,0.8574448823928833,0.8572746515274048,0.9585687518119812,0.9577726721763611,0.9581705331802368
593,प्राकृतिक वैज्ञानिकों और दार्शनिकों ने शास्त्रीय ग्रंथों और विशेष रूप से लैटिन में बाइबल पर ध्यान केंद्रित किया।,प्रकृतिवादियों और दार्शनिकों ने शास्त्रीय ग्रंथों पर और विशेष रूप से लैटिन में लिखे बाइबिल पर ध्यान दिया।,प्राकृतिक विज्ञानी और दार्शनिकों ने शास्त्रीय ग्रंथों और विशेष रूप से लैटिन में बाइबल पर ध्यान केंद्रित किया।,0.9250073432922363,0.8998330235481262,0.912246584892273,0.9839475154876709,0.9862621426582336,0.9851034879684448
594,मनोविज्ञान सहित विज्ञान के सभी विषयों पर अरस्तू के विचार स्वीकार किए गए थे।,मनोविज्ञान सहित विज्ञान के सभी मामलों पर अरस्तू के विचारों को स्वीकार किया जाता है।,"अरस्तू के विज्ञान के सभी मामलों, जिसमें मनोविज्ञान भी शामिल है, पर विचारों को स्वीकार किया गया।",0.9365020990371704,0.9178733229637146,0.9270941615104675,0.8755355477333069,0.8333656787872314,0.8539302945137024
595,ग्रीक के ज्ञान में गिरावट के साथ पश्चिम अपने ग्रीक दार्शनिक और वैज्ञानिक जड़ों से अलग हो गया।,"जैसे-जैसे ग्रीक का ज्ञान घटता गया, पश्चिम ने खुद को अपनी ग्रीक दार्शनिक और वैज्ञानिक जड़ों से कटा हुआ पाया.",随着希腊知识的衰退，西方发现自己与希腊的哲学和科学根源断绝了联系。,0.8750539422035217,0.8377317190170288,0.8559861183166504,0.7473474740982056,0.7413192987442017,0.7443211674690247
596,शारीरिक विज्ञान और व्यवहार में कई अवलोकन किए गए लय अक्सर अंतःस्रावी चक्रों की उपस्थिति और जैविक घड़ियों के माध्यम से उनके उत्पादन पर महत्वपूर्ण रूप से निर्भर करते हैं।,"काफी लोगो में यह देखा गया है शारीरिक विज्ञान और व्यवहार में, अक्सर अंतर्जात चक्रों की उपस्थिति जैविक घड़ियों के माध्यम और उनके उत्पादन पर निर्भर करते हैं।",कई प्रेक्षित जैविक और व्यवहारिक लय अक्सर अंतर्जात चक्रों की उपस्थिति और जैविक घड़ियों के माध्यम से उनकी उत्पादन पर महत्वपूर्ण रूप से निर्भर करती हैं।,0.8648890256881714,0.8884522914886475,0.876512348651886,0.8933956623077393,0.9173157215118408,0.9051976799964905
597,"बैक्टीरिया, कवक, पौधे और जानवरों सहित अधिकांश जीवित प्राणियों के लिए आवधिक लय, जो केवल बाहरी आवधिक संकेतों के प्रति प्रतिक्रिया नहीं हैं, का दस्तावेजीकरण किया गया है।","ऐसी सामयिक लय जो सिर्फ़ बाहरी सामयिक संकेतों की प्रतिक्रियाएँ नहीं हैं, को बैक्टीरिया, कवक, पौधों और जानवरों सहित ज़्यादातर जीवित प्राणियों के लिए दर्ज किया गया है.","नियमित लयें, जो केवल बाहरी नियमित संकेतों के प्रति प्रतिक्रियाएँ नहीं हैं, अधिकांश जीवों के लिए दस्तावेजीकृत की गई हैं, जिसमें बैक्टीरिया, कवक, पौधे और जानवर शामिल हैं।",0.8795099258422852,0.8749722242355347,0.8772351741790771,0.872279167175293,0.8739262819290161,0.8731019496917725
598,जैविक घड़ियों स्व-निर्भर ओस्सिलेटर हैं जो बाहरी संकेतों की अनुपस्थिति में भी मुक्त चलने वाली साइकिल चलाने की अवधि जारी रखेंगे।,जैविक घड़ियां आत्मनिर्भर ऑसिलेटर हैं जो बाहरी संकेतों के अभाव में भी मुक्त चलने वाले साइकिल को एक अवधि तक जारी रखेंगे।,जैविक घड़ियाँ आत्म-निरंतर ऑसिलेटर हैं जो बाहरी संकेतों की अनुपस्थिति में भी स्वतंत्र रूप से चक्र चलाना जारी रखेंगी।,0.8920122385025024,0.9095280170440674,0.9006849527359009,0.8799161911010742,0.8994803428649902,0.8895906805992126
599,हर्शी और चेस प्रयोग प्रमुख सुझावों में से एक था कि डीएनए आनुवंशिक सामग्री था।,हर्शे और चेस के परीक्षण का एक प्रमुख सुझाव था कि DNA एक जेनेटिक मटेरियल था.,हर्शी और चेज़ का प्रयोग यह सुझाव देने वाले प्रमुख अनुसंधानों में से एक था कि डीएनए एक आनुवंशिक सामग्री है।,0.8147705793380737,0.8284914493560791,0.8215737342834473,0.9278143644332886,0.8818256855010986,0.9042356610298157
600,हर्शी और चेस ने बैक्टीरिया में अपने डीएनए को लगाने के लिए फैज या वायरस का इस्तेमाल किया।,हर्शे और चेज़ ने अपने डीएनए को एक जीवाणु में डालने के लिए फेज या वायरस का इस्तेमाल किया.,"हर्शी और चेस ने अपने DNA को एक बैक्टीरिया में implant करने के लिए फेज़, या वायरस, का उपयोग किया।",0.9153887033462524,0.909518837928772,0.9124443531036377,0.8858106732368469,0.8870173096656799,0.88641357421875
601,उन्होंने दो प्रयोग किये जो या तो रेडियोधर्मी फॉस्फोरस से फैग में डीएनए को चिह्नित करते थे या रेडियोधर्मी सल्फर से फैग के प्रोटीन को चिह्नित करते थे।,उन्होंने डीएनए को रेडियोएक्टिव फॉस्फोरस के साथ विभोजी में करने या विभोजी के प्रोटीन को रेडियोधर्मी सल्फर के साथ चिह्नित करते हुए दो प्रयोग किए।,"वे दो प्रयोग किए, जिसमें या तो फेज़ में डीएनए को रेडियोधर्मी फास्फोरस के साथ चिह्नित किया गया या फेज़ के प्रोटीन को रेडियोधर्मी सल्फर के साथ चिह्नित किया गया।",0.8567856550216675,0.8505739569664001,0.8536685705184937,0.8939139246940613,0.893298864364624,0.8936062455177307
602,"उत्परिवर्तन के प्रकार, प्रभावित आनुवंशिक सामग्री के टुकड़े के महत्व और प्रभावित कोशिकाओं के जीवाणु-लाइन कोशिकाओं के आधार पर विभिन्न प्रभाव हो सकते हैं।","म्यूटेशन की किस्मों, प्रभावित जेनेटिक मटेरियल के टुकड़े का महत्व और इस बात पर कि क्या प्रभावित सेल्स जर्म-लाइन सेल्स हैं, इसके आधार पर म्यूटेशन का कई तरह से अलग-अलग प्रभाव होता है.","म्यूटेशन्स के विभिन्न प्रकार के प्रभाव हो सकते हैं, जो म्यूटेशन के प्रकार, प्रभावित आनुवंशिक सामग्री के टुकड़े का महत्व और यह कि प्रभावित कोशिकाएँ जनन रेखा की कोशिकाएँ हैं या नहीं, पर निर्भर करते हैं।",0.7517258524894714,0.7445763945579529,0.7481340169906616,0.8360859155654907,0.7988172769546509,0.8170267939567566
603,"केवल जर्म लाइन कोशिकाओं में उत्परिवर्तन बच्चों को पारित किया जा सकता है, जबकि अन्य जगह उत्परिवर्तन कोशिका मृत्यु या कैंसर का कारण बन सकता है।",केवल जर्म-लाइन कोशिकाओं में वृद्धि बच्चों तक पहुँच सकती है जबकि अन्य कहीं होने वाली वृद्धि से कोशिकाएँ नष्ट हो सकती हैं या कैंसर हो सकता है.,"केवल जनन-रेखा कोशिकाओं में उत्परिवर्तन बच्चों को पास किया जा सकता है, जबकि अन्य स्थानों पर उत्परिवर्तन कोशिका-मृत्यु या कैंसर का कारण बन सकते हैं।",0.803325891494751,0.8402264714241028,0.8213619589805603,0.9328835606575012,0.9202073812484741,0.9265021085739136
604,प्रकृति आधारित पर्यटन प्रकृति के क्षेत्र में वनस्पति और पशु वन्यजीवों सहित दृश्यों का आनंद लेने के लिए प्राकृतिक क्षेत्रों में जाने के इच्छुक लोगों को आकर्षित करता है।,"प्रकृति आधारित पर्यटन, प्राकृतिक दृश्यों को देखने में रूचि रखने वाले लोगों को आकर्षित करने के उद्देश्य से आकर्षित करता है, जिसमें पौधे और पशु वन्यजीव शामिल हैं।","प्राकृतिक पर्यटन उन लोगों को आकर्षित करता है जो प्राकृतिक क्षेत्रों का दौरा करना पसंद करते हैं ताकि वे दृश्यों का आनंद ले सकें, जिसमें पौधे और जंगली जानवर शामिल हैं।",0.8216559886932373,0.8114830255508423,0.8165378570556641,0.7908874750137329,0.786383867263794,0.7886292338371277
605,"साइट पर गतिविधियों के उदाहरणों में शिकार, मछली पकड़ना, फोटोग्राफी, पक्षी देखने, पार्क में जाने और पारिस्थितिकी तंत्र के बारे में जानकारी का अध्ययन शामिल है।","ऑन साइट गतिविधियों के उदाहरणों में शामिल है शिकार, मछली पकड़ना, फोटोग्राफी, बर्ड वॉचिंग और पार्कों का दौरा करना और पारिस्थितिकी तंत्र के बारे में जानकारी का अध्ययन करना।",现场活动的例子包括狩猎、钓鱼、摄影、鸟类观察、参观公园和研究生态系统的信息。,0.9234826564788818,0.899178147315979,0.9111683368682861,0.7232331037521362,0.7607008218765259,0.7414939999580383
606,"उदाहरण के लिए बोर्नीओ में अंगानतुआंगों की यात्रा, फोटोग्राफी और अध्ययन करना है।","बॉर्नियो में जाना, फोटोग्राफी करना, और औरैंगउटान के बारे में जानना एक उदाहरण है.","एक उदाहरण बोरनेओ में उरंगुटानों का दौरा करना, उनकी तस्वीरें लेना और उनके बारे में सीखना है।",0.8082623481750488,0.7870190143585205,0.7974992394447327,0.8111684918403625,0.7923707365989685,0.8016594052314758
607,हर सुबह लोग अपने काम के लिए कारों में छोटे-छोटे गाँव छोड़ते हैं और दूसरे लोग उनके पास जाते हैं जिनकी काम की गंतव्य वह जगह है जहां से वे अभी-अभी निकल गए हैं।,काम पर जाने के लिए अपनी गाड़ियों से छोटे शहरो को छोड़ देते हैं और दूसरों द्वारा पारित किया गया काम की स्थान है जो उन्होंने अभी छोड़ी है।,"हर सुबह, लोग छोटे ग्रामीण शहरों को कारों में अपने काम पर जाने के लिए छोड़ते हैं और उन्हें अन्य लोग तेजी से पास करते हैं जिनका काम करने का स्थान वही है जहाँ से वे अभी-अभी निकले हैं।",0.7686136960983276,0.7915828227996826,0.7799291610717773,0.8972101807594299,0.8736045360565186,0.8852500319480896
608,इस गतिशील परिवहन शटल में हर कोई किसी तरह से निजी कारों पर आधारित परिवहन प्रणाली से जुड़ा हुआ है और उसका समर्थन करता है।,"इस गतिशील परिवहन शटल में हर कोई किसी न किसी तरह से जुड़ा हुआ है, और निजी कारों पर आधारित परिवहन प्रणाली का समर्थन करता है.","इस गतिशील परिवहन शटल में, हर कोई किसी न किसी तरह से एक परिवहन प्रणाली से जुड़ा हुआ है और इसका समर्थन कर रहा है, जो निजी कारों पर आधारित है।",0.9481713771820068,0.9400849342346191,0.9441108703613281,0.954309344291687,0.9244288206100464,0.9391314387321472
609,विज्ञान अब बताता है कि इस विशाल कार्बन अर्थव्यवस्था ने जीवमंडल को अपने स्थिर राज्यों में से एक से हटा दिया है जिसने पिछले दो मिलियन वर्षों से मानव विकास का समर्थन किया है।,विज्ञान अब यह संकेत देता है कि इस विशाल कार्बन अर्थव्यवस्था ने जीवमंडल को उसकी स्थिर स्थितियों में से एक से हटा दिया है जिसने पिछले बीस लाख सालों में मानव विकास में सहायता की है.,"विज्ञान अब संकेत देता है कि यह विशाल कार्बन अर्थव्यवस्था जैवमंडल को उसकी एक स्थिर स्थिति से हटा चुकी है, जिसने पिछले दो मिलियन वर्षों में मानव विकास का समर्थन किया है।",0.9274589419364929,0.9303176403045654,0.9288860559463501,0.9223924875259399,0.919101357460022,0.920744001865387
610,हर कोई समाज में भाग लेता है और परिवहन प्रणालियों का उपयोग करता है। लगभग हर कोई परिवहन प्रणालियों के बारे में शिकायत करता है।,हर कोई समाज से जुड़ा होता है और ट्रांसपोर्ट सिस्टम का उपयोग करता है. लगभग सभी लोग ट्रांसपोर्ट सिस्टम के बारे में शिकायत करते हैं.,हर कोई समाज में भाग लेता है और परिवहन प्रणालियों का उपयोग करता है। लगभग सभी लोग परिवहन प्रणालियों की शिकायत करते हैं।,0.848115086555481,0.8345810770988464,0.8412936329841614,0.9517518877983093,0.9589589834213257,0.9553418755531311
611,विकसित देशों में पानी की गुणवत्ता या पुल गिरने की शिकायतें शायद ही कभी सुनी जाती हैं।,विकसित देशों में आप शायद ही कभी पानी की गुणवत्ता या पुलों के गिरने की मिलते-जुलते स्तरों वाली शिकायतें सुनते हैं.,विकसित देशों में आपको जल गुणवत्ता या पुल टूटने की समान स्तर की शिकायतें सुनने को शायद ही मिलती हैं।,0.926139771938324,0.8576928973197937,0.8906031847000122,0.9106996059417725,0.8751668334007263,0.8925797343254089
612,"परिवहन प्रणाली ऐसी शिकायतें क्यों पैदा करती है, वे दैनिक आधार पर क्यों विफल होती हैं? क्या परिवहन इंजीनियर सिर्फ अक्षम हैं? या क्या कुछ और भी मौलिक हो रहा है?",परिवहन प्रणाली ऐसी शिकायतों को क्यों बढ़ावा देती है? वे हर दिन क्यों पिछड़ जाते हैं? क्या परिवहन इंजीनियर काबिल नहीं हैं? या इस प्रणाली में कोई और बड़ी गड़बड़ी है?,"परिवहन प्रणाली ऐसी शिकायतें क्यों उत्पन्न करती हैं, वे रोज़ाना क्यों विफल होती हैं? क्या परिवहन इंजीनियर केवल अक्षम हैं? या कुछ और अधिक मौलिक हो रहा है?",0.8293611407279968,0.8405608534812927,0.8349234461784363,0.9229055047035217,0.9405964612960815,0.9316669702529907
613,यातायात प्रवाह दो बिंदुओं के बीच व्यक्तिगत ड्राइवरों और वाहनों के आंदोलन और एक दूसरे के साथ उनके बातचीत का अध्ययन है।,यातायात बहाव दो बिंदुओं के बीच व्यक्तिगत चालकों और वाहनों की गतिविधि और एक दूसरे के साथ की जाने वाली पारस्परिक क्रिया का अध्ययन है।,यातायात प्रवाह व्यक्तिगत ड्राइवरों और वाहनों के दो बिंदुओं के बीच के आंदोलन और उनके बीच होने वाली इंटरैक्शन का अध्ययन है।,0.8864473700523376,0.8546305894851685,0.8702483177185059,0.9101670980453491,0.8980010151863098,0.9040430784225464
614,"दुर्भाग्य से, यातायात प्रवाह का अध्ययन करना मुश्किल है क्योंकि चालक के व्यवहार की भविष्यवाणी एक सौ प्रतिशत निश्चितता के साथ नहीं की जा सकती है।","दुर्भाग्य से, ट्रैफ़िक फ़्लो का अध्ययन करना मुश्किल होता है क्योंकि ड्राइवर के व्यवहार का सौ प्रतिशत निश्चितता के साथ पहले से अनुमान नहीं लगाया जा सकता है.","दुर्भाग्यवश, ट्रैफिक प्रवाह का अध्ययन करना मुश्किल है क्योंकि चालक के व्यवहार को सौ प्रतिशत निश्चितता के साथ अनुमानित नहीं किया जा सकता।",0.8818626403808594,0.855176568031311,0.8683145642280579,0.8986684083938599,0.886557936668396,0.8925721049308777
615,"सौभाग्य से, ड्राइवरों का व्यवहार एक उचित रूप से सुसंगत सीमा के भीतर होता है; इस प्रकार, यातायात प्रवाह में कुछ उचित सुसंगतता होती है और इसे गणितीय रूप से लगभग दर्शाया जा सकता है।","सौभाग्य से, ड्राइवर एक उचित सुसंगत सीमा के भीतर चलते हैं; इस प्रकार, ट्रैफ़िक स्ट्रीम में कुछ उचित स्थिरता होती है और मोटे तौर पर गणितीय रूप से इसे दिखाया जा सकता है.","भाग्यवश, ड्राइवर आमतौर पर एक उचित स्थिरता के भीतर व्यवहार करते हैं; इस प्रकार, ट्रैफिक प्रवाह में कुछ उचित स्थिरता होती है और इसे लगभग गणितीय रूप से दर्शाया जा सकता है।",0.884162187576294,0.8796577453613281,0.8819041848182678,0.8776411414146423,0.8863832950592041,0.8819905519485474
616,"यातायात प्रवाह को बेहतर ढंग से दर्शाए जाने के लिए तीन मुख्य विशेषताओं के बीच संबंध स्थापित किए गए हैंः (1) प्रवाह, (2) घनत्व और (3) गति।","यातायात प्रवाह को बेहतर तरीके से दिखाने के लिए, तीन मुख्य विशेषताओं में संबंद्ध बनाया गया है: (1) प्रवाह, (2) घनत्व, और (3) वेग।","सड़क यातायात प्रवाह का बेहतर प्रतिनिधित्व करने के लिए, तीन मुख्य विशेषताओं के बीच संबंध स्थापित किए गए हैं: (1) प्रवाह, (2) घनत्व, और (3) वेग।",0.9254964590072632,0.9102494120597839,0.9178096652030945,0.9288145899772644,0.9300528764724731,0.9294333457946777
617,"ये संबंध सड़क सुविधाओं की योजना, डिजाइन और संचालन में मदद करते हैं।","यह संबंध प्लानिंग, डिज़ाइनिंग और रोडवे फ़ैसिलिटीज़ के ऑपरेशन्स में मदद करते हैं.","ये संबंध सड़क सुविधाओं की योजना, डिज़ाइन और संचालन में सहायता करते हैं।",0.8130011558532715,0.7687667608261108,0.7902655005455017,0.9577381610870361,0.9709408283233643,0.9642943143844604
618,इनकी उड़ान करने की क्षमता ने उन्हें दुश्मनों से आसानी से बचने और भोजन और साथी खोजने में मदद की।,कीड़े हवा में उड़ने वाले पहले जानवर थे। उड़ान भरने की उनकी क्षमता ने उन्हें दुश्मनों को अधिक आसानी से बचने में मदद की और भोजन और साथी को अधिक कुशलता से पाने में भी।,कीड़े पहले जीव थे जिन्होंने हवामें उड़ना सीखा। उड़ने की उनकी क्षमता ने उन्हें दुश्मनों से आसानी से बचने और भोजन और साथी खोजने में अधिक कुशलता से सहायता की।,0.8865420818328857,0.8040520548820496,0.8432844877243042,0.8884076476097107,0.8082553148269653,0.8464382290840149
619,अधिकांश कीड़ों को शरीर के साथ अपने पंख वापस लपेटने में सक्षम होने का लाभ मिलता है।,ज़्यादातर कीटों को अपने पंख को वापस अपने शरीर पर ओढ़ लेने का फायदा होता है।,बड़े पैमाने पर कीड़ों के पास अपने पंखों को शरीर के साथ मोड़ने का लाभ होता है।,0.8470847606658936,0.8707642555236816,0.8587613105773926,0.8590960502624512,0.8457016944885254,0.8523462414741516
620,इससे उन्हें शिकारियों से छिपने के लिए छोटी जगहों की एक विस्तृत श्रृंखला मिलती है।,यह उन्हें शिकारियों से छिपने के लिए छोटे स्थानों की एक बहुत बड़ी श्रृंखला देता है।,यह उन्हें शिकारियों से छिपने के लिए छोटे स्थानों की एक विस्तृत श्रृंखला देता है।,0.8997352123260498,0.9323926568031311,0.9157729148864746,0.9243204593658447,0.9492030739784241,0.9365965127944946
621,"आज, केवल कीड़े जो अपने पंख वापस नहीं लपेट सकते हैं, वे ड्रैगन मक्खियां और मक्खियां हैं।","वर्तमान में, जो कीड़े अपने पंखों को वापस नहीं मोड़ सकते हैं उनमें केवल ड्रैगनफ़्लाई और मेफलीज़ हैं.","आज, केवल वही कीड़े हैं जो अपने पंखों को पीछे नहीं मोड़ सकते, वे हैं ड्रैगनफ्लाई और मेफ्लाई।",0.8134697675704956,0.8349461555480957,0.8240680694580078,0.8090680837631226,0.8234831094741821,0.816211998462677
622,"हजारों साल पहले, अरस्तू नामक एक व्यक्ति ने कहा था कि सौर मंडल सूर्य के चारों ओर घूमता है।","हज़ारों साल पहले, एरिस्टार्चस नामक एक व्यक्ति ने कहा था कि सौर मंडल सूर्य के चारों ओर घूमता है।","हजारों साल पहले, एक आदमी जिसका नाम एरिस्टार्कस था, ने कहा कि सौर प्रणाली सूरज के चारों ओर घूमती है।",0.9664170742034912,0.9379417896270752,0.9519665241241455,0.9120539426803589,0.8789191842079163,0.8951800465583801
623,"कुछ लोगों ने सोचा कि वह सही थे लेकिन कई लोगों ने इसके विपरीत माना; कि सौर मंडल पृथ्वी के चारों ओर घूमता है, जिसमें सूर्य (और यहां तक कि अन्य सितारे भी शामिल हैं) शामिल हैं।",कुछ लोगों ये सोचते थे की कि वह सही था लेकिन बहुत से लोग इसके विपरीत मानते थे; की सौर मंडल सूर्य (और यहां तक कि अन्य सितारों) सहित पृथ्वी के चारों और चक्कर लगता था ।,"कुछ लोगों ने सोचा कि वह सही था लेकिन कई लोगों का मानना था कि इसके विपरीत; कि सौर मंडल पृथ्वी के चारों ओर घूमता है, जिसमें सूर्य (और यहां तक कि अन्य तारे भी) शामिल हैं।",0.8657639026641846,0.8619260191917419,0.8638406991958618,0.953059196472168,0.9453667402267456,0.9491974115371704
624,"यह समझ में आता है, क्योंकि पृथ्वी को ऐसा नहीं लगता कि वह चल रही है, है ना?","यह तर्कसंगत लग रहा है, क्योंकि ऐसा महसूस नहीं होता है कि पृथ्वी चल रही है, है कि नहीं?","यह समझ में आता है, क्योंकि पृथ्वी को ऐसा नहीं लगता कि वह चल रही है, क्या यह सच नहीं है?",0.8446295261383057,0.8256738185882568,0.8350440859794617,0.9490015506744385,0.9299670457839966,0.939387857913971
625,अमेज़ॅन नदी पृथ्वी की दूसरी सबसे लंबी और सबसे बड़ी नदी है। यह दूसरी सबसे बड़ी नदी से 8 गुना अधिक पानी ले जाती है।,अमेज़न नदी धरती की दूसरी सबसे लंबी और सबसे बड़ी नदी है. इसमें दूसरी सबसे बड़ी नदी से 8 गुना से भी ज़्यादा पानी है.,अमेज़न नदी पृथ्वी की दूसरीLongest और सबसे बड़ी नदी है। यह दूसरी सबसे बड़ी नदी की तुलना में 8 गुना अधिक पानी ले जाती है।,0.9271925091743469,0.9089559316635132,0.9179836511611938,0.9381790161132812,0.919119119644165,0.9285512566566467
626,"अमेज़ॅन पृथ्वी की सबसे चौड़ी नदी भी है, कभी-कभी छह मील चौड़ी होती है।","अमेज़न धरती की सबसे चौड़ी नदी भी है, जो कभी-कभी छह मील जितनी चौड़ी हो जाती है.","अमेज़न पृथ्वी पर सबसे चौड़ी नदी भी है, जो कभी-कभी छह मील चौड़ी होती है।",0.9201421737670898,0.8790987133979797,0.899152398109436,0.9574468731880188,0.9540582895278931,0.9557495713233948
627,ग्रह की नदियों से समुद्रों में बहने वाले पानी का पूरा 20 प्रतिशत अमेज़ॅन से आता है।,हमारे ग्रह की नदियों से महासागरों में जाने वाले पानी का 20% हिस्सा अमेज़न से आता है।,पृथ्वी की नदियों से महासागरों में बहने वाले जल का पूरा 20 प्रतिशत अमेज़न से आता है।,0.9247145056724548,0.9087636470794678,0.9166696667671204,0.9471915364265442,0.9330629110336304,0.9400741457939148
628,"अमेज़ॅन नदी की मुख्य लंबाई 6,387 किमी है। यह हजारों छोटी नदियों से पानी एकत्र करती है।","मुख्य आमेजन नदी 6,387 किमी (3,980 मील) लंबी है। इसमें हजारों छोटी नदियां मिलती हैं।","मुख्य अमेज़ॅन नदी की लंबाई 6,387 किमी (3,980 मील) है। यह हजारों छोटी नदियों से पानी एकत्र करती है।",0.8182377815246582,0.8087829351425171,0.813482940196991,0.9610161185264587,0.9106838703155518,0.9351732134819031
629,"यद्यपि पत्थर में पिरामिड निर्माण प्राचीन राज्य के अंत तक जारी रहा, लेकिन उनकी विशालता और निर्माण की तकनीकी उत्कृष्टता में गीज़ा के पिरामिड कभी भी उससे आगे नहीं गए।","हालाँकि, पुराने साम्राज्य के अंत तक पत्थर से पिरामिड निर्माण जारी रहा, कभी भी गीज़ा के पिरामिड के आकार और उनके निर्माण की तकनीकी उत्कृष्टता को पार नहीं किया जा सका।","हालांकि पत्थर में पिरामिड निर्माण ओल्ड किंगडम के अंत तक जारी रहा, गीज़ा के पिरामिडों की आकार और उनके निर्माण की तकनीकी उत्कृष्टता में कभी बाधा नहीं आई।",0.8656481504440308,0.8596783876419067,0.8626529574394226,0.8722900152206421,0.8672199845314026,0.8697475790977478
630,"प्राचीन मिस्रियों को अपने पूर्ववर्ती स्मारकों पर आश्चर्य हुआ, जो तब एक हजार से अधिक वर्ष पुराने थे।","न्यू किंगडम प्राचीन मिस्रवासी अपने पूर्ववर्तियों के स्मारकों से आश्चर्यचकित थे, जो तब एक हज़ार वर्ष से अधिक पुराने थे।","नया साम्राज्य के प्राचीन मिस्रवासी अपने पूर्वजों के स्मारकों पर चकित थे, जो तब एक हजार साल से भी अधिक पुराने थे।",0.9071035981178284,0.8602983355522156,0.8830811977386475,0.8590890169143677,0.8575951457023621,0.8583414554595947
631,वेटिकन सिटी की आबादी लगभग 800 है। यह दुनिया का सबसे छोटा स्वतंत्र देश है और सबसे कम आबादी वाला देश है।,वेटिकन सिटी की जनसंख्या लगभग 800 है. यह विश्व का सबसे कम जनसंख्या वाला सबसे छोटा स्वतंत्र राष्ट्र है.,वेटिकन नगर की जनसंख्या लगभग 800 है। यह दुनिया का सबसे छोटा स्वतंत्र देश है और जिसमें जनसंख्या सबसे कम है।,0.9152854084968567,0.9391648173332214,0.9270713925361633,0.9281737208366394,0.9419475793838501,0.9350099563598633
632,वेटिकन सिटी अपने कानून और आधिकारिक संचार में इतालवी का उपयोग करता है।,वैटिकन सिटी अपने कानूनी और आधिकारिक संचार में इतालवी का उपयोग करता है।,वेटिकन सिटी अपने कानून और आधिकारिक संचार में इतालवी भाषा का उपयोग करती है।,0.9789893627166748,0.9637659192085266,0.9713180661201477,0.9769734740257263,0.971595287322998,0.9742769002914429
633,इतालवी भी राज्य में काम करने वालों में से अधिकांश द्वारा रोजमर्रा की भाषा है जबकि धार्मिक समारोहों में अक्सर लैटिन का उपयोग किया जाता है।,"इटैलियन भी रोज़ाना इस्तेमाल होने वाली भाषा है जिसे राज्य में काम करने वाले अधिकांश लोग उपयोग में लाते हैं, जबकि लेटिन का धार्मिक रस्मों में इस्तेमाल किया जाता है.","इतालवी भाषा भी राज्य में काम करने वाले अधिकांश लोगों द्वारा रोज़ाना उपयोग की जानी वाली भाषा है, जबकि लैटिन अक्सर धार्मिक समारोहों में उपयोग किया जाता है।",0.8187600374221802,0.8147130012512207,0.8167315125465393,0.8820798397064209,0.8773071765899658,0.8796870112419128
634,वेटिकन सिटी के सभी नागरिक रोमन कैथोलिक हैं।,वेटिकन सिटी के सभी नागरिक रोमन कैथोलिक हैं.,वेटिकन सिटी के सभी नागरिक रोमन कैथोलिक हैं।,0.9939045310020447,0.9939045310020447,0.9939045310020447,0.9999999403953552,0.9999999403953552,0.9999999403953552
635,"प्राचीन काल से ही लोगों को सोने, चांदी और तांबे जैसे बुनियादी रासायनिक तत्वों के बारे में पता था, क्योंकि ये सभी प्राकृतिक रूप में प्रकृति में खोजे जा सकते हैं और आदिम उपकरणों से खनन करना अपेक्षाकृत सरल है।","प्राचीनकाल से ही लोग सोने, चाँदी, और तांबे जैसे रासायनिक तत्वों के बारे में ही जानकारी रखते हैं, क्योंकि इन्हें प्रकृति में मूल स्वरूप में ढूँढा जा सकता है और इन्हें प्राथमिक उपकरणों के ज़रिए ढूँढना अपेक्षाकृत आसान है.","लोगों को प्राचीन काल से ही सोने, चांदी और तांबे जैसे मूलभूत रासायनिक तत्वों के बारे में जानकारी है, क्योंकि ये सभी प्राकृतिक रूप में पाए जाते हैं और इन्हें प्राचीन औजारों से खोजना अपेक्षाकृत सरल है।",0.8531738519668579,0.8327031135559082,0.8428142070770264,0.9088420867919922,0.9254975318908691,0.9170941710472107
636,"अरस्तू ने कहा था कि पृथ्वी, पानी, हवा और आग में से एक या चार तत्वों से सब कुछ मिला है।","अरस्तू, एक दार्शनिक, ने सिद्ध किया कि सब कुछ एक या चार तत्वों के मिश्रण से बना है. वे पृथ्वी, जल, वायु और अग्नि थे.","अरस्तू, एक दार्शनिक, ने सिद्धांत किया कि सभी चीजें चार तत्वों में से एक या अधिक के मिश्रण से बनी होती हैं। वे थे पृथ्वी, पानी, हवा और अग्नि।",0.8632104396820068,0.7999421954154968,0.8303728699684143,0.8574274182319641,0.7812429070472717,0.8175641894340515
637,"यह पदार्थ की चार अवस्थाओं (एक ही क्रम में) की तरह था: ठोस, तरल, गैस और प्लाज्मा, हालांकि उन्होंने यह भी सिद्धांत दिया कि वे नए पदार्थों में बदलकर हमारे द्वारा देखे जाने वाले पदार्थों को बनाते हैं।","यह ज़्यादातर पदार्थ की चार स्थितियों जैसा ही था (उसी क्रम में): ठोस, तरल, गैस, और प्लाज़्मा, हालाँकि उन्होंने यह सिद्धांत भी स्थापित किया कि हमें जो दिखाई देता है वे उससे भी नए पदार्थों में बदल जाते हैं.","यह चार तत्वों की अवस्था की तरह अधिक था (इसी क्रम में): ठोस, तरल, गैस, और प्लाज्मा, हालांकि उसने यह भी सिद्धांत दिया कि वे नए पदार्थों में परिवर्तित होते हैं ताकि हमें जो दिखता है वह बन सके।",0.8929943442344666,0.8558531999588013,0.8740294575691223,0.9093950986862183,0.8734424114227295,0.89105623960495
638,मिश्र धातुएं मूल रूप से दो या दो से अधिक धातुओं का मिश्रण होती हैं। यह मत भूलो कि आवर्त तालिका में कई तत्व हैं।,मिश्रधातु मूल रूप से दो या अधिक धातुओं का मिश्रण होते हैं। यह न भूलें कि आवर्त सारणी पर कई तत्व हैं।,धातुएं मूलतः दो या दो से अधिक धातुओं का मिश्रण होती हैं। यह न भूलें कि आवर्त सारणी में कई तत्व हैं।,0.9001637697219849,0.9114739298820496,0.9057835936546326,0.9175892472267151,0.9336068630218506,0.9255288243293762
639,"कैल्शियम और पोटेशियम जैसे तत्व धातुओं के रूप में माने जाते हैं। बेशक, चांदी और सोने जैसे धातु भी हैं।","कैल्शियम और पोटैशियम जैसे तत्वों को धातु माना जाता है। बेशक, चांदी और सोने जैसी धातुएं भी हैं।","तत्त्व जैसे कैल्शियम और पोटेशियम को धातुएँ माना जाता है। बेशक, चांदी और सोने जैसी धातुएँ भी हैं।",0.9325880408287048,0.9230096340179443,0.9277740716934204,0.910351574420929,0.8929979205131531,0.9015913009643555
640,आप मिश्र धातुओं को भी बना सकते हैं जिनमें कार्बन जैसे गैर धातु तत्वों की छोटी मात्रा शामिल होती है।,आप मिश्रित धातुएँ भी ले सकते हैं जिनमें कार्बन जैसे नॉन-मैटेलिक एलिमेंट्स की छोटी मात्रा शामिल हो.,आप ऐसे मिश्र धातुओं का भी उपयोग कर सकते हैं जिनमें कार्बन जैसे गैर-धात्विक तत्वों की छोटी मात्रा होती है।,0.8918079137802124,0.8486171960830688,0.8696765899658203,0.9403154253959656,0.9280100464820862,0.9341222047805786
641,ब्रह्मांड में सब कुछ पदार्थ से बना है। सभी पदार्थ परमाणुओं के नाम से छोटे कणों से बने हैं।,"ब्रह्मांड की सभी वस्तुएँ पदार्थ से बनी हैं. सारे पदार्थ सूक्ष्तम कणों से बनें हैं, जिन्हें अणु कहा जाता है.",ब्रह्मांड में सब कुछ पदार्थ से बना है। सभी पदार्थ छोटे कणों से बने होते हैं जिन्हें परमाणु कहा जाता है।,0.8598389625549316,0.8102996349334717,0.8343346118927002,0.935207188129425,0.8973483443260193,0.9158867001533508
642,परमाणु इतने अविश्वसनीय रूप से छोटे हैं कि उनमें से खरबों इस वाक्य के अंत में अवधि में फिट हो सकते हैं।,परमाणु अविश्वसनीय रूप से इतने छोटे हैं कि वे खरबों की संख्या में वाक्य के अंत में लगने वाले बिंदु में फिट हो सकते हैं।,Atoms इतने अविश्वसनीय रूप से छोटे होते हैं कि इस वाक्य के अंत में बिंदु में ट्रिलियन की संख्या में इनमें समा सकते हैं।,0.9140769243240356,0.8962587714195251,0.9050801992416382,0.8522075414657593,0.8559615612030029,0.8540804386138916
643,"इस प्रकार, जब यह पेंसिल आया तो कई लोगों के लिए एक अच्छा दोस्त था।","इस प्रकार, जब पेंसिल आई तो यह कई लोगों के लिए एक अच्छी दोस्त थी.","इस प्रकार, पेंसिल जब आई तो यह कई लोगों की अच्छी मित्र बनी।",0.9281141757965088,0.92353755235672,0.9258202314376831,0.8583790063858032,0.8607209920883179,0.8595484495162964
644,"दुर्भाग्यवश, जैसे-जैसे लेखन के नए तरीके सामने आए हैं, पेंसिल को कम महत्व और उपयोग के लिए हटा दिया गया है।","अफ़सोस की बात यह है कि जैसे-जैसे लिखने के नए-नए तरीके विकसित हुए हैं, वैसे-वैसे पेंसिल की स्थिति और इस्तेमाल कमतर होते गए हैं.","दुर्भाग्य से, जैसे-जैसे नए लेखन के तरीके सामने आए हैं, पेंसिल को कम महत्त्व और उपयोग में डाल दिया गया है।",0.7845355272293091,0.7638362646102905,0.7740475535392761,0.9318928718566895,0.9371584057807922,0.9345182776451111
645,"अब लोग कंप्यूटर स्क्रीन पर संदेश लिखते हैं, कभी भी एक तेज करने वाले के करीब नहीं आना पड़ता है।","लोग अब कंप्यूटर स्क्रीन पर संदेश लिखते हैं, शार्पनर का उपयोग करने की आवश्यकता नहीं पड़ती।","लोग अब कंप्यूटर स्क्रीन पर संदेश लिखते हैं, बिना तेज़ करने वाले के पास आए।",0.8678690791130066,0.8914237022399902,0.8794887065887451,0.8662649393081665,0.9283667802810669,0.8962413668632507
646,कोई केवल यह सोच सकता है कि जब कुछ नया सामने आता है तो कीबोर्ड क्या होगा।,अभी कोई यह नहीं सोच सकता की कुछ नया आने से कीबोर्ड क्या बन जायेगा |,एक व्यक्ति केवल यह सोच सकता है कि जब कुछ नया आता है तो कीबोर्ड क्या बन जाएगा।,0.8578598499298096,0.8407574892044067,0.8492225408554077,0.9459922909736633,0.9239384531974792,0.9348353147506714
647,विखंडन बम इस सिद्धांत पर काम करता है कि कई प्रोटॉन और न्यूट्रॉन वाले एक परमाणु को एक साथ रखने के लिए ऊर्जा की आवश्यकता होती है।,विखंडन बम इस सिद्धांत पर काम करता है कि कई प्रोटॉन और न्यूट्रॉन वाले एक नाभिक को एक साथ रखने के लिए ऊर्जा लगती है।,विभाजन बम उस सिद्धांत पर काम करता है कि एक नाभिक को कई प्रोटॉनों और न्यूट्रॉनों के साथ एकत्र करने के लिए ऊर्जा की आवश्यकता होती है।,0.9487336874008179,0.9493399858474731,0.949036717414856,0.9157813787460327,0.9150692224502563,0.9154251217842102
648,"यह एक पहाड़ पर भारी गाड़ी को लहराए जाने जैसा है, और फिर से परमाणु को विभाजित करके उस ऊर्जा का कुछ हिस्सा जारी किया जाता है।",जैसे किसी भारी गाड़ी को पहाड़ पर रोल करके चढ़ाया जा रहा हो. न्यूक्लियस को फिर से विभाजित करना और उसमें से कुछ ऊर्जा निकालना.,इसका कुछ ऐसा ही मतलब है जैसे एक भारी गाड़ी को पहाड़ी पर चढ़ाना। फिर न्यूक्लियस को फिर से विभाजित करने से कुछ ऊर्जा释放 होती है।,0.7859418392181396,0.7913621664047241,0.7886427044868469,0.8004821538925171,0.7855920195579529,0.7929672002792358
649,कुछ परमाणुओं के नाभिक अस्थिर होते हैं जिसका अर्थ है कि वे बहुत कम या कोई धक्का के साथ टूट जाते हैं।,"कुछ अणुओं में अस्थिर केंद्रक होता है, जिसका मतलब यह है कि उनमें थोड़े या बिना किसी झटके से टूटने की प्रवृत्ति होती है,","कुछ परमाणुओं के अस्थिर नाभिक होते हैं, जिसका अर्थ है कि वे थोड़ी या बिना किसी धक्के के टूटने की प्रवृत्ति रखते हैं।",0.8155769109725952,0.7766662240028381,0.795646071434021,0.932596743106842,0.881473183631897,0.9063145518302917
650,चंद्रमा की सतह चट्टानों और धूल से बनी है। चंद्रमा की बाहरी परत को क्रस्ट कहा जाता है।,चांद की सतह चट्टानों और धूल से बनी है. चांद की बाहरी परत को क्रस्ट कहते हैं.,चंद्रमा की सतह चट्टानों और धूल से बनी है। चंद्रमा की बाहरी परत को कोशिका कहा जाता है।,0.9405645728111267,0.9520689249038696,0.9462817907333374,0.9766537547111511,0.9769191741943359,0.9767863750457764
651,क्रस्ट की मोटाई निकट की ओर लगभग 70 किमी और दूसरी तरफ 100 किमी है।,सबसे नज़दीकी सिरे पर क्रस्ट की मोटाई करीब 70 किलोमीटर है और सबसे दूर के सिरे पर यह 100 किलोमीटर है.,क्रस्ट निकटवर्ती पक्ष पर लगभग 70 किमी मोटी है और दूरवर्ती पक्ष पर 100 किमी मोटी है।,0.8398629426956177,0.8004211187362671,0.8196678161621094,0.8395038843154907,0.8099116086959839,0.8244423270225525
652,यह मारिया के नीचे पतला और ऊंचा मैदान के नीचे मोटा है।,यह समुद्र के नीचे पतला और ऊँचे क्षेत्रों के नीचे मोटा होता है।,यह मारीया के नीचे पतला है और उच्च भूमि के नीचे मोटा है।,0.8920757174491882,0.9057520627975464,0.8988618850708008,0.9012366533279419,0.9242570400238037,0.9126017093658447
653,निकटवर्ती पक्ष पर अधिक मारिया हो सकती है क्योंकि क्रस्ट पतला है।,पपड़ी पतली होने के कारण आस-पास पर कई मारिया होंगी. लावा के लिए सतह पर बढ़ना आसान था.,यहां के पास अधिक मारिया हो सकते हैं क्योंकि क्रस्ट पतला है। लावा के लिए सतह तक पहुंचना आसान था।,0.7637805938720703,0.7323466539382935,0.7477334141731262,0.8268245458602905,0.7735422849655151,0.7992964386940002
654,सामग्री सिद्धांतों का केंद्र यह पता लगाने पर केंद्रित है कि लोगों को क्या चिपकता है या उन्हें क्या पसंद है।,सामग्री के सिद्धांत यह खोजने पर केंद्रित है कि लोगों को क्या टिक करता है या उन्हें क्या आाकर्षित करता है।,सामग्री सिद्धांत उन कारणों पर केंद्रित होते हैं जो लोगों को प्रेरित करते हैं या जिनसे वे आकर्षित होते हैं।,0.8782830834388733,0.8775546550750732,0.8779187202453613,0.7970427870750427,0.8070393204689026,0.8020098805427551
655,इन सिद्धांतों से पता चलता है कि लोगों की कुछ जरूरतें और/या इच्छाएं होती हैं जो वयस्क होने के साथ-साथ आंतरिक रूप से विकसित हो जाती हैं।,इन सिद्धांतों से संकेत मिलता है कि लोगों की कुछ ऐसी ज़रूरतें और/या इच्छाएँ थीं जो उनके वयस्क होते-होते उनके भीतर निहित हो गयी.,ये सिद्धांत सुझाव देते हैं कि लोगों की कुछ आवश्यकताएँ और/या इच्छाएँ होती हैं जो वे वयस्कता में पहुँचने पर आंतरिककरण कर लेते हैं।,0.8695746660232544,0.8666645288467407,0.8681171536445618,0.8569363355636597,0.8718583583831787,0.8643329739570618
656,ये सिद्धांतों में यह देखा गया है कि कुछ लोगों के बारे में क्या है जो उन्हें उन चीजों को चाहते हैं जो वे करते हैं और उनके पर्यावरण की चीजें उन्हें कुछ चीजें करने या नहीं करने के लिए क्या कर रही हैं।,ये सिद्धांत देखते हैं कि कुछ लोगों के बारे में ऐसी कौन-सी बातें हैं जो उन्हें वही चीज़ें करने के लिए कहती हैं जो वे चाहते हैं और उनके माहौल की कौनसी सी बाते हैं जो वे उन्हें कुछ चीज़ें करने या नहीं करने के लिए कहती हैं.,ये सिद्धांत यह देखते हैं कि कुछ लोगों में ऐसी क्या बातें हैं जो उन्हें वह चीज़ें चाहने के लिए प्रेरित करती हैं और उनके पर्यावरण में क्या चीज़ें उन्हें कुछ चीज़ें करने या न करने के लिए प्रेरित करेंगी।,0.8569294214248657,0.8324151635169983,0.8444944024085999,0.8822941780090332,0.8634536266326904,0.8727722764015198
657,दो लोकप्रिय सामग्री सिद्धांत हैं मास्लो की आवश्यकताओं के पदानुक्रम सिद्धांत और हर्ट्ज़बर्ग के दो कारक सिद्धांत।,दो लोकप्रिय विषय-वस्तु सिद्धांत हैं मास्लो का आवश्यकताओं का पदानुक्रम सिद्धांत और हर्ट्ज़बर्ग का दो तथ्यों वाला सिद्धांत.,दो लोकप्रिय सामग्री सिद्धांत हैं मास्लो की जरूरतों की पदानुक्रम सिद्धांत और हर्ट्ज़बर्ग का दो कारक सिद्धांत।,0.9455826282501221,0.9315072894096375,0.9384921789169312,0.9785373210906982,0.9609941840171814,0.9696863889694214
658,"सामान्य तौर पर, दो व्यवहार उभर सकते हैं जैसे-जैसे प्रबंधक अपने पूर्व समकक्षों का नेतृत्व करना शुरू करते हैं। स्पेक्ट्रम के एक छोर में एक लड़के (या लड़कियों) में से रहने की कोशिश कर रहा है।","आम शब्दों में, जब प्रबंधक अपने पूर्व सहयोगियों का नेतृत्व करना शुरू करते हैं तो दो तरह के बर्ताव सामने आते हैं. स्पेक्ट्रम का एक सिरा “उन लड़कों में से एक” (या लड़कियों में से एक) बने रहने की कोशिश कर रहा है.","सामान्य तौर पर, जब प्रबंधक अपने पूर्व सहकर्मियों का नेतृत्व करना शुरू करते हैं, तो दो व्यवहार सामने आ सकते हैं। एक छोर पर, ""लोगों में से एक"" (या लड़कियों में से एक) बने रहने की कोशिश करना है।",0.866619348526001,0.8533194661140442,0.8599179983139038,0.8436681032180786,0.8619831800460815,0.8527272939682007
659,"इस प्रकार के प्रबंधकों को असंबद्ध निर्णय लेने, अनुशासनात्मक कार्रवाई करने, प्रदर्शन मूल्यांकन करने, जिम्मेदारी सौंपने और लोगों को जवाबदेह बनाने में कठिनाई होती है।","ऐसे प्रबंधक को सबकी सोच से अलग फै़सले लेने, अनुशासन से जुड़ी कार्रवाई करने, काम की जाँच करने, ज़िम्मेदारी देने और लोगों की ज़वाबदेही तय करने में परेशानी होती है.","इस प्रकार के प्रबंधक को अप्रिय परिवर्तनों, अनुशासनात्मक कार्रवाई, प्रदर्शन मूल्यांकन, जिम्मेदारी सौंपने और लोगों को जिम्मेदार ठहराने में कठिनाई होती है।",0.845060408115387,0.844122588634491,0.8445912003517151,0.889532208442688,0.9241750240325928,0.906522810459137
660,"स्पेक्ट्रम के दूसरे छोर पर, एक व्यक्ति एक अपरिचित व्यक्ति में बदल जाता है जो महसूस करता है कि उसे टीम के द्वारा किए गए सभी कार्यों को बदलना चाहिए और इसे अपना बनाना चाहिए।","वहीं स्पेक्ट्रम का दूसरा सिरा, कोई व्यक्ति किसी ऐसे अपिरिचित व्यक्ति का रूप लेता है जिसे लगता है कि उसे टीम में सब कुछ बदल देना चाहिए और उसे अपने हिसाब से बनाना चाहिए.","विपरीत छोर पर, एक व्यक्ति में परिवर्तन होता है जो अदृश्य हो जाता है और महसूस करता है कि उसे टीम द्वारा किए जा रहे सब कुछ को बदलना चाहिए और इसे अपना बनाना चाहिए।",0.8627254366874695,0.8480418920516968,0.8553206324577332,0.8820818662643433,0.9002186059951782,0.8910579085350037
661,"आखिरकार, टीम की सफलता और विफलता के लिए नेता अंततः जिम्मेदार है।","आख़िर, लीडर ही अपनी टीम की कामयाबी और नाकामी के लिए ज़िम्मेदार होता है.","आखिरकार, नेता अंततः टीम की सफलता और विफलता का जिम्मेदार होता है।",0.843092679977417,0.8135843276977539,0.8280757069587708,0.9309937953948975,0.9349231719970703,0.9329543709754944
662,इस व्यवहार के परिणामस्वरूप अक्सर नेताओं और टीम के बाकी सदस्यों के बीच मतभेद होते हैं।,इस बर्ताव से कभी-कभी लीडर और बाकी टीम के बीच दरारें पैदा हो जाती हैं.,यह व्यवहार अक्सर नेताओं और बाकी टीम के बीच मतभेदों का कारण बनता है।,0.8134192228317261,0.7988134622573853,0.806050181388855,0.9057382345199585,0.9166370630264282,0.9111550450325012
663,"वर्चुअल टीमों को पारंपरिक टीमों के समान उत्कृष्टता मानकों पर रखा जाता है, लेकिन सूक्ष्म अंतर हैं।","वर्चुअल टीमों को भी परंपरागत टीमों की तरह ही उत्कृष्टता के समान मानकों पर रखा जाता है, लेकिन उनमें बारीक अंतर होते हैं.","वर्चुअल टीमों को पारंपरिक टीमों की तरह उत्कृष्टता के समान मानकों पर रखा जाता है, लेकिन इनमें सूक्ष्म अंतर होते हैं।",0.9292165040969849,0.9089201092720032,0.9189562201499939,0.9704990983009338,0.9497944116592407,0.9600350856781006
664,वर्चुअल टीम के सदस्य अक्सर अपने तत्काल भौतिक समूह के संपर्क बिंदु के रूप में कार्य करते हैं।,वर्चुअल टीम के सदस्य अक्सर अपने तात्कालिक भौतिक समूह के लिए संपर्क बिंदु के तौर पर काम करते हैं.,वर्चुअल टीम के सदस्य अक्सर अपने निकटतम भौतिक समूह के लिए संपर्क का बिंदु के रूप में कार्य करते हैं।,0.9690623879432678,0.9627079963684082,0.9658747315406799,0.9560489654541016,0.9513826370239258,0.9537100791931152
665,उनके पास अक्सर पारंपरिक टीम सदस्यों की तुलना में अधिक स्वायत्तता होती है क्योंकि उनकी टीमें विभिन्न समय क्षेत्रों के अनुसार मिल सकती हैं जिन्हें उनके स्थानीय प्रबंधन द्वारा नहीं समझा जा सकता है।,उनके पास परंपरागत टीम सदस्यों के मुकाबले ज़्यादा आज़ादी होती है क्योंकि उनकी टीमें अलग-अलग समय क्षेत्रों के हिसाब से मिल सकती हैं जो शायद उनके स्थानीय प्रबंधन की समझ न आए.,"वे अक्सर पारंपरिक टीम के सदस्यों की तुलना में अधिक स्वायत्तता रखते हैं क्योंकि उनकी टीमें विभिन्न समय क्षेत्रों के अनुसार मिल सकती हैं, जिसे उनकी स्थानीय प्रबंधन द्वारा समझा नहीं जा सकता है।",0.8542349934577942,0.8293909430503845,0.841629683971405,0.9510096907615662,0.9508547186851501,0.9509322047233582
666,"एक सच्ची अदृश्य टीम की उपस्थिति (लार्सन और लाफास्टो, 1989, पृ109) भी एक आभासी टीम का एक अनूठा घटक है।","एक सच्ची “अदृश्य टीम” (लार्सन एंड लाफ़ास्टो, 1989, p109) की मौजूदगी भी वर्चुअल टीम का एक अनूठा घटक है.","सच्चे ""अदृश्य टीम"" (लार्सन और लाफास्टो, 1989, पृष्ठ 109) की उपस्थिति भी एक वर्चुअल टीम का एक अद्वितीय घटक है।",0.9282962083816528,0.8854433298110962,0.9063635468482971,0.9226664900779724,0.9105717539787292,0.9165792465209961
667,अदृश्य टीम प्रबंधन टीम है जिसके लिए प्रत्येक सदस्य रिपोर्ट करता है। अदृश्य टीम प्रत्येक सदस्य के लिए मानक निर्धारित करती है।,"इनविजिबल टीम वह प्रबंधन टीम है, जिस पर प्रत्येक सदस्य रिपोर्ट करते हैं. इनविजिबल टीम प्रत्येक सदस्य के लिए मानक निर्धारित करती है.","""अदृश्य टीम"" वह प्रबंधन टीम है जिसके पास प्रत्येक सदस्य रिपोर्ट करता है। अदृश्य टीम प्रत्येक सदस्य के लिए मानक निर्धारित करती है।",0.923844575881958,0.907604455947876,0.9156525135040283,0.9709480404853821,0.9566458463668823,0.9637438654899597
668,एक संगठन सीखने की संस्था की स्थापना की समय लेने वाली प्रक्रिया से गुजरना क्यों चाहेगा? संगठन सीखने की अवधारणाओं को व्यवहार में लाने का एक लक्ष्य नवाचार है।,क्यों कोई संगठन एक प्रशिक्षण संगठन स्थापित करने की ज़्यादा समय लेने वाली प्रक्रिया को अपनाना चाहेगा? संगठनात्मक प्रशिक्षण अवधारणा को व्यवहार में लाने का एक उद्देश्य इनोवेशन है.,एक संगठन समय लेने वाली प्रक्रिया में क्यों शामिल होना चाहेगा ताकि एक शिक्षण संगठन स्थापित किया जा सके? संगठनात्मक शिक्षण के सिद्धांतों को लागू करने का एक लक्ष्य नवोन्मेष (इनोवेशन) है।,0.8557252287864685,0.8360670804977417,0.8457819223403931,0.8348451852798462,0.812506914138794,0.8235245943069458
669,"जब किसी संगठन के कार्यात्मक विभागों में सभी उपलब्ध संसाधनों का प्रभावी ढंग से उपयोग किया जाता है, तो रचनात्मकता और आविष्कार का अनुभव हो सकता है।","जब सभी उपलब्ध संसाधन किसी संगठन के कार्यात्मक विभागों में प्रभावी रूप से उपयोग किए जाते हैं, तो रचनात्मकता और सरलता दोनों ही मुमकिन हो जाते हैं।","जब किसी संगठन के कार्यात्मक विभागों में सभी उपलब्ध संसाधनों का प्रभावी ढंग से उपयोग किया जाता है, तब रचनात्मकता और कल्पकता पैदा हो सकती है।",0.8716272711753845,0.8737380504608154,0.8726813793182373,0.9340685606002808,0.9484293460845947,0.9411941766738892
670,"नतीजतन, एक संगठन की बाधा को दूर करने के लिए मिलकर काम करने की प्रक्रिया ग्राहक की जरूरतों को पूरा करने के लिए एक नई अभिनव प्रक्रिया का नेतृत्व कर सकती है।","नतीजन, एक साथ काम करने वाले संगठन की प्रक्रिया जो किसी बाधा को दूर करने के लिए काम कर रही है, वह ग्राहकों की ज़रूरत क लिए एक अभिनव प्रक्रिय हो सकती है |","इसके परिणामस्वरूप, एक संगठन का एक साथ काम करने की प्रक्रिया किसी बाधा को पार करने के लिए ग्राहकों की आवश्यकताओं की सेवा करने के लिए एक नया नवोन्मेषी प्रक्रिया का नेतृत्व कर सकती है।",0.8368992805480957,0.8359826803207397,0.8364407420158386,0.8774051070213318,0.8779969215393066,0.8777008652687073
671,"इससे पहले कि कोई संगठन अभिनव हो, नेतृत्व को नवाचार की संस्कृति के साथ-साथ साझा ज्ञान और संगठनात्मक सीखने का निर्माण करना चाहिए।","इससे पहले कि कोई संगठन नवोन्मेषी हो सके, लीडरशिप को नवोन्मेष की संस्कृति बनाने के साथ ही साझा ज्ञान और संगठनात्मक शिक्षण भी तैयार करना होगा.","एक संगठन नवोन्मेषी बनने से पहले, नेतृत्व को नवोन्मेष की संस्कृति और साझा ज्ञान और संगठनात्मक सीखने का निर्माण करना होगा।",0.8594343662261963,0.827742874622345,0.8432909846305847,0.8684883713722229,0.8589937090873718,0.8637149333953857
672,एंजेल (2006) ने निरंतरता दृष्टिकोण को संगठनों को उच्च स्तर पर प्रदर्शन तक पहुंचने में मदद करने के लिए उपयोग की जाने वाली विधि के रूप में समझाया है।,एंजल (2006) ने संगठनों को काम करने के ऊँचे स्तर तक पहुँचने में मदद के लिए इस्तेमाल की गई विधि के रूप में कॉन्टिनम एप्रोच की व्याख्या की.,"एंजेल (2006) ने निरंतरता दृष्टिकोण को एक विधि के रूप में समझाया है, जिसका उपयोग संगठनों को उच्च प्रदर्शन स्तर तक पहुँचने में मदद करने के लिए किया जा रहा है।",0.8406081199645996,0.8549229502677917,0.847705066204071,0.9197934865951538,0.9203839302062988,0.9200886487960815
673,न्यूरोबायोलॉजिकल डेटा संज्ञान की जांच के लिए एक सैद्धांतिक दृष्टिकोण के लिए भौतिक सबूत प्रदान करता है। इसलिए यह अनुसंधान क्षेत्र को संकुचित करता है और इसे बहुत अधिक सटीक बनाता है।,न्यूरोबायोलॉजिकल डेटा संज्ञान की जाँच के लिए सैद्धांतिक दृष्टिकोण के लिए भौतिक प्रमाण देते है. इसलिए ये अनुसंधान के क्षेत्र को सीमित बनाते हैं और इसे कहीं ज़्यादा सटीक बनाते हैं.,न्यूरोबायोलॉजिकल डेटा संज्ञानात्मकता की जांच के लिए एक सैद्धांतिक दृष्टिकोण के लिए भौतिक प्रमाण प्रदान करते हैं। इसलिए यह शोध क्षेत्र को संकीर्ण करता है और इसे बहुत अधिक सटीक बनाता है।,0.9229618906974792,0.9183425903320312,0.9206464290618896,0.9287101626396179,0.9440476298332214,0.9363161325454712
674,मस्तिष्क रोगविज्ञान और व्यवहार के बीच संबंध वैज्ञानिकों को उनके शोध में समर्थन देता है।,मस्तिष्क विकृति और व्यवहार के बीच संबंध अनुसंधान में वैज्ञानिकों का समर्थन करते हैं.,मस्तिष्क की रोगविज्ञान और व्यवहार के बीच संबंध वैज्ञानिकों को उनके शोध में सहायता करता है।,0.8982048034667969,0.8888468742370605,0.893501341342926,0.9362682104110718,0.9535031318664551,0.9448070526123047
675,"यह लंबे समय से ज्ञात है कि विभिन्न प्रकार के मस्तिष्क क्षति, आघात, घाव और ट्यूमर व्यवहार को प्रभावित करते हैं और कुछ मानसिक कार्यों में परिवर्तन का कारण बनते हैं।","यह बहुत समय से ज्ञात है कि विभिन्न प्रकार के मस्तिष्क घाव, ट्रॉमा, चोट और ट्यूमर कुछ मानसिक व्यवहार को प्रभावित करते हैं और कुछ मानसिक कार्यों में परिवर्तन का कारण बनते हैं.","यह लंबे समय से ज्ञात है कि मस्तिष्क के विभिन्न प्रकार के क्षति, आघात, घाव और ट्यूमर व्यवहार को प्रभावित करते हैं और कुछ मानसिक कार्यों में परिवर्तन का कारण बनते हैं।",0.9297987222671509,0.9369617104530334,0.9333664178848267,0.9871320724487305,0.9846127033233643,0.9858707785606384
676,नई प्रौद्योगिकियों की उदय हमें मस्तिष्क संरचनाओं और प्रक्रियाओं को देखने और जांचने की अनुमति देती है जो पहले कभी नहीं देखी गई हैं।,नई तकनीकियों के बढ़ने से हम मस्तिष्क की रचना और प्रक्रियाओं को देखकर जाँच कर सकते हैं जो पहले कभी नहीं देखी गई.,नवीन तकनीकों का उदय हमें ऐसे मस्तिष्क संरचनाओं और प्रक्रियाओं को देखने और जांचने की अनुमति देता है जो पहले कभी नहीं देखी गई थीं।,0.8098902702331543,0.8448156118392944,0.8269843459129333,0.9245243072509766,0.9380569458007812,0.9312414526939392
677,यह हमें सिमुलेशन मॉडल बनाने के लिए बहुत सारी जानकारी और सामग्री प्रदान करता है जो हमें हमारे दिमाग में प्रक्रियाओं को समझने में मदद करता है।,"यह सिमुलेशन मॉडल बनाने के लिए बहुत सारी जानकारी और सामग्री प्रदान करता है, जिससे हमें अपने दिमाग की प्रक्रियाओं को समझने में मदद मिलती है.",यह हमें सिमुलेशन मॉडल बनाने के लिए बहुत सारी जानकारी और सामग्री प्रदान करता है जो हमें अपने मन में प्रक्रियाओं को समझने में मदद करती है।,0.9518131613731384,0.9431091547012329,0.9474412202835083,0.9689772129058838,0.9766972661018372,0.9728220105171204
678,"यद्यपि एआई में विज्ञान कथा का एक मजबूत अर्थ है, लेकिन एआई कंप्यूटर विज्ञान की एक बहुत ही महत्वपूर्ण शाखा है, जो एक मशीन में व्यवहार, सीखने और बुद्धिमान अनुकूलन से संबंधित है।","हालाँकि एआई में विज्ञान कथाओं का एक मज़बूत अर्थ होता है, लेकिन एआई कंप्यूटर विज्ञान की एक बहुत ही अहम शाखा बनाता है, जिसमें बर्ताव से निपटना, किसी मशीन में सीखना और बुद्धिमान अनुकूलन शामिल है.","हालांकि एआई में विज्ञान कथा का एक मजबूत अर्थ है, एआई कंप्यूटर विज्ञान की एक बहुत महत्वपूर्ण शाखा है, जो एक मशीन में व्यवहार, शिक्षण और बुद्धिमान अनुकूलन से निपटती है।",0.9118725061416626,0.8916800618171692,0.9016632437705994,0.9444491267204285,0.9497882127761841,0.947111189365387
679,एआई में अनुसंधान में ऐसी कार्य करने के लिए मशीनें बनाना शामिल है जिनकी बुद्धिमानी से व्यवहार की आवश्यकता होती है।,एआई में अनुसंधान में ऐसे कार्यों को स्वचालित करने के लिए मशीनें बनाना शामिल है जिनमें बुद्धिमान व्यवहार की आवश्यकता होती है।,AI में अनुसंधान उन मशीनों को बनाने में शामिल है जो उन कार्यों को स्वचालित करती हैं जिनके लिए बुद्धिमान व्यवहार की आवश्यकता होती है।,0.9409286975860596,0.9213956594467163,0.931059718132019,0.8764404654502869,0.8629879355430603,0.8696621656417847
680,"उदाहरणों में नियंत्रण, योजना और अनुसूची, ग्राहक के निदान और प्रश्नों के उत्तर देने की क्षमता, साथ ही हाथ के लेखन, आवाज और चेहरे की पहचान शामिल हैं।","इसके उदाहरणों में नियंत्रण, नियोजन और समय निर्धारण, ग्राहक के निदान और सवालों के जवाब देने के साथ ही हाथ से लिखे होने की पहचान करना, बोली और चेहरा शामिल है.","उदाहरणों में नियंत्रण, योजना और कार्यक्रम निर्धारण, ग्राहक निदान और प्रश्नों का उत्तर देने की क्षमता, साथ ही हाथ से लिखी गई सामग्री की पहचान, आवाज और चेहरा शामिल हैं।",0.8803756237030029,0.8844267725944519,0.8823965191841125,0.9290560483932495,0.9245166778564453,0.9267807602882385
681,"ऐसी चीजें अलग-अलग अनुशासन बन गई हैं, जो वास्तविक जीवन की समस्याओं के समाधान प्रदान करने पर केंद्रित हैं।","ऐसी चीजें अलग-अलग अनुशासन बन गई हैं, जो वास्तविक जीवन की समस्याओं के समाधान प्रदान करने पर ध्यान देती हैं।","इस प्रकार की चीजें अलग-अलग विषयों के रूप में विकसित हो गई हैं, जो वास्तविक जीवन की समस्याओं के समाधान प्रदान करने पर ध्यान केंद्रित करती हैं।",0.9798075556755066,0.9736236929893494,0.9767058491706848,0.9080870151519775,0.8981435298919678,0.9030879139900208
682,"एआई प्रणाली का उपयोग अब अक्सर अर्थशास्त्र, चिकित्सा, इंजीनियरिंग और सैन्य क्षेत्रों में किया जाता है, जैसा कि कई होम कंप्यूटर और वीडियो गेम सॉफ्टवेयर अनुप्रयोगों में बनाया गया है।","आजकल एआई सिस्टम का इस्तेमाल अक्सर अर्थशास्त्र, दवाइयों, इंजीनियरिंग और सैन्य क्षेत्रों में किया जाता है, जैसा कि कई होम कंप्यूटर और वीडियो गेम सॉफ़्टवेयर ऐप्लिकेशन में बनाया गया है.","AI प्रणाली अब अक्सर अर्थशास्त्र, चिकित्सा, इंजीनियरिंग और सैन्य के क्षेत्रों में उपयोग की जाती है, जैसे कि कई घरेलू कंप्यूटर और वीडियो गेम सॉफ़्टवेयर अनुप्रयोगों में बनाई गई है।",0.9464086294174194,0.92418372631073,0.9351640939712524,0.9349418878555298,0.9389529228210449,0.9369431138038635
683,अक्सर शिक्षक अपने छात्रों को ऐसी जगहें ले जाना पसंद करते हैं जहां बस यात्रा नहीं है।,"फील्ड ट्रिप्स किसी भी क्लासरूम का महत्वपूर्ण भाग होते हैं. टीचर अक्सर अपने छात्रों को ऐसी जगहों पर ले जाना पसंद करेगा , जहां बस ट्रिप का विकल्प नहीं होता है.",फील्ड ट्रिप्स किसी भी कक्षा का एक बड़ा हिस्सा हैं। अक्सर एक शिक्षक अपने छात्रों को ऐसे स्थानों पर ले जाना पसंद करते हैं जहाँ बस यात्रा एक विकल्प नहीं है।,0.8719105124473572,0.7577267289161682,0.8108183741569519,0.9411083459854126,0.8259819746017456,0.8797948956489563
684,"प्रौद्योगिकी वर्चुअल फील्ड ट्रिप के साथ समाधान प्रदान करती है। छात्र अपनी कक्षा के साथ बैठकर संग्रहालय कलाकृतियों को देख सकते हैं, एक्वैरियम जा सकते हैं या सुंदर कला की प्रशंसा कर सकते हैं।","प्रौद्योगिकी आभासी क्षेत्र यात्राओं के साथ कुछ उपाय भी प्रदान करता है। छात्र संग्रहालय की कलाकृतियों को देख सकते हैं, एक मछलीघर की यात्रा कर सकते हैं, या अपनी कक्षा में एकसाथ बैठकर सुंदर कला की प्रशंसा कर सकते हैं।","प्रौद्योगिकी वर्चुअल फील्ड ट्रिप्स के साथ समाधान प्रदान करती है। छात्र कक्षा के साथ बैठकर संग्रहालय के कलाकृतियों को देख सकते हैं, एक एक्वेरियम की यात्रा कर सकते हैं, या सुंदर कला की प्रशंसा कर सकते हैं।",0.8542116284370422,0.8510984182357788,0.8526521921157837,0.961431086063385,0.9505019187927246,0.9559352993965149
685,एक क्षेत्र यात्रा को वस्तुतः साझा करना यात्रा पर एक विचार करने और भविष्य की कक्षाओं के साथ अनुभव साझा करने का एक शानदार तरीका है।,असल में फील्ड ट्रिप साझा करना यात्रा पर विचार करने और भविष्य की कक्षाओं के साथ अनुभव करने का एक शानदार तरीका है.,वास्तविक रूप से एक फील्ड ट्रिप को साझा करना यात्रा पर विचार करने और भविष्य की कक्षाओं के साथ अनुभव साझा करने का एक शानदार तरीका है।,0.900705099105835,0.8776761889457703,0.8890414834022522,0.9328041672706604,0.8999978303909302,0.9161073565483093
686,"उदाहरण के लिए, उत्तरी कैरोलिना में बेनेट स्कूल के छात्र हर साल राज्य की राजधानी की यात्रा के बारे में एक वेबसाइट बनाते हैं, हर साल वेबसाइट को नया रूप दिया जाता है, लेकिन पुराने संस्करणों को स्क्रैपबुक के रूप में सेवा करने के लिए ऑनलाइन रखा जाता है।","उदाहरण के लिए, नॉर्थ कैरोलिना के बेनेट स्कूल के हज़ारों स्टूडेंट्स हर साल राज्य की राजधानी की अपनी यात्रा के बारे में एक वेबसाइट डिज़ाइन करते हैं. वेबसाइट हर साल फिर से तैयार की जाती है, लेकिन कुछ पुराने वर्ज़न्स को स्क्रेपबुक के रूप में इस्तेमाल करने के लिए ऑनलाइन रखा जाता है.","उदाहरण के लिए, प्रत्येक वर्ष उत्तरी कैरोलिना के बेनेट स्कूल के छात्र राज्य की राजधानी की उनकी यात्रा के बारे में एक वेबसाइट डिज़ाइन करते हैं, प्रत्येक वर्ष वेबसाइट का पुनर्निर्माण किया जाता है, लेकिन पुरानी संस्करणों को एक स्क्रैपबुक के रूप में ऑनलाइन रखा जाता है।",0.9093067646026611,0.859031081199646,0.8834542036056519,0.9351630806922913,0.9146983027458191,0.9248175024986267
687,"ब्लॉग भी छात्र लेखन को बेहतर बनाने में मदद कर सकते हैं। जबकि छात्र अक्सर अपने ब्लॉग अनुभव को लापरवाह व्याकरण और वर्तनी के साथ शुरू करते हैं, दर्शकों की उपस्थिति आमतौर पर इसे बदलती है।","ब्लॉग से छात्र लेखन में सुधार करने में भी मदद मिल सकती है. जहां छात्र अपने ब्लॉग अनुभव की शुरुआत अक्सर बेतरतीब व्याकरण और वर्तनी के साथ करते हैं, वहीं दर्शकों की मौजूदगी से इसमें आम तौर पर बदलाव आता है.","ब्लॉग छात्रों की लेखन क्षमता को भी सुधारने में मदद कर सकते हैं। जबकि छात्र अक्सर अपने ब्लॉग अनुभव की शुरुआत sloppy व्याकरण और स्पेलिंग के साथ करते हैं, एक दर्शक की उपस्थिति आमतौर पर इसे बदल देती है।",0.8855654001235962,0.8655737638473511,0.8754554390907288,0.9077166318893433,0.9035516977310181,0.9056293964385986
688,"चूंकि छात्र अक्सर सबसे महत्वपूर्ण दर्शक होते हैं, इसलिए ब्लॉग लेखक आलोचना से बचने के लिए लेखन में सुधार करने का प्रयास करना शुरू कर देता है।","चूंकि छात्र अक्सर सबसे आलोचनात्मक दर्शक होते हैं, इसलिए ब्लॉग लेखक आलोचना या समीक्षा से बचने के लिए लेखन में सुधार करने का प्रयास करना शुरू कर देता/देती है।","चूंकि छात्र अक्सर सबसे महत्वपूर्ण दर्शक होते हैं, ब्लॉग लेखक आलोचना से बचने के लिए लेखन सुधारने की कोशिश करना शुरू करता है।",0.9685758352279663,0.931909441947937,0.9498889446258545,0.9551137685775757,0.9644038677215576,0.9597363471984863
689,"ब्लॉगिंग ""छात्रों को अपने आसपास की दुनिया के बारे में अधिक समझदार बनने के लिए मजबूर करती है।"" दर्शकों की रुचि को खिलाने की आवश्यकता छात्रों को स्मार्ट और दिलचस्प होने के लिए प्रेरित करती है (टोटो, 2004).","साथ ही ब्लॉगिंग “छात्रों को अपने आस-पास की दुनिया के बारे में ज़्यादा जानकारी रखने के लिए मजबूर करती है.” दर्शकों की दिलचस्पी को पूरा करने की ज़रूरत छात्रों को चपल और दिलचस्प बनने के प्रेरित करती है. (टोटो, 2004).","यहाँ तक कि ब्लॉगिंग ""छात्रों को उनके चारों ओर की दुनिया के प्रति अधिक चतुर बनने के लिए मजबूर करती है।"" दर्शकों की रुचि को बढ़ाने की आवश्यकता छात्रों को चतुर और दिलचस्प बनने के लिए प्रेरित करती है (टोतो, 2004)।",0.8776545524597168,0.8733487725257874,0.8754963874816895,0.9230663776397705,0.9242070913314819,0.9236363768577576
690,"ब्लॉगिंग एक ऐसा उपकरण है जो सहयोग को प्रेरित करता है, और छात्रों को पारंपरिक स्कूल दिवस से परे सीखने का विस्तार करने के लिए प्रोत्साहित करता है।","ब्लॉगिंग एक ऐसा टूल है जो सहयोग को प्रेरित करता है, और छात्रों को पारंपरिक स्कूल के दिन से बेहतर सीखने के लिए प्रोत्साहित करता है.","ब्लॉगिंग एक उपकरण है जो सहयोग को प्रेरित करता है, और छात्रों को पारंपरिक स्कूल के दिन से आगे की शिक्षा को बढ़ाने के लिए प्रोत्साहित करता है।",0.9429611563682556,0.9521011710166931,0.9475091099739075,0.944786012172699,0.9518032073974609,0.9482815861701965
691,"ब्लॉग का उचित उपयोग ""छात्रों को अधिक विश्लेषणात्मक और महत्वपूर्ण बनने के लिए सक्षम कर सकता है; इंटरनेट सामग्री के लिए सक्रिय रूप से प्रतिक्रिया देकर, छात्र दूसरों के लेखन के संदर्भ में अपनी स्थिति को परिभाषित कर सकते हैं और साथ ही विशिष्ट मुद्दों पर अपने स्वयं के दृष्टिकोण को रेखांकित कर सकते हैं (ओरेवक, 2002) ।","ब्लॉग्स का सही इस्तेमाल “स्टूडेंट्स को ज्यादा विश्लेषणात्मक और विवेचनात्मक बनाने के लिए सशक्त बना सकते हैं; इंटरनेट सामग्रियों पर सक्रिय रूप से जवाब देकर, स्टूडेंट्स दूसरों के लेखन के संदर्भ में अपनी स्थितियों को परिभाषित कर सकते हैं. साथ ही किसी खास विषय पर खुद के दृष्टिकोण को ऑनलाइन कर सकते हैं (ओरावेक, 2002).","ब्लॉग्स का उचित उपयोग ""छात्रों को अधिक विश्लेषणात्मक और आलोचनात्मक बनने के लिए सक्षम कर सकता है; इंटरनेट सामग्री पर सक्रिय रूप से प्रतिक्रिया देकर, छात्र दूसरों की लिखाई के संदर्भ में अपने पद को परिभाषित कर सकते हैं और विशिष्ट मुद्दों पर अपने स्वयं के दृष्टिकोण की रूपरेखा पेश कर सकते हैं (ओरावेक, 2002)।",0.8386154770851135,0.8230644464492798,0.8307672142982483,0.9340547323226929,0.9311683177947998,0.9326093196868896
692,"ओटावा कनाडा की आकर्षक, द्विभाषी राजधानी है और इसमें कला दीर्घाओं और संग्रहालयों की एक श्रृंखला है जो कनाडा के अतीत और वर्तमान को प्रदर्शित करती है।","ओटावा कनाडा की आकर्षक, द्विभाषी राजधानी है और इसमें कई कला गैलरी और संग्रहालय हैं जो कनाडा के अतीत और वर्तमान को प्रदर्शित करते हैं.","ओटावा कनाडा की आकर्षक, द्विभाषी राजधानी है और इसमें कला दीर्घाएँ और संग्रहालयों की एक श्रृंखला है जो कनाडा के अतीत और वर्तमान को प्रदर्शित करती है।",0.9182138442993164,0.9460685849189758,0.9319331645965576,0.9945376515388489,0.9914693236351013,0.9930011034011841
693,दक्षिण में नायागरा झरने और उत्तर में मस्कोक और उससे आगे की अप्रयुक्त प्राकृतिक सुंदरता है।,"सुदूर दक्षिण में नियाग्रा जलप्रपात है. साथ ही, उत्तर में मुस्कोका और दूसरी जगहों पर प्राकृतिक सुन्दरता बिखरी पड़ी है.",दक्षिण में नायगरा फॉल्स है और उत्तर में मस्कोका और उसके परे की अप्रयुक्त प्राकृतिक सुंदरता का घर है।,0.8084074258804321,0.7680500149726868,0.7877121567726135,0.8959639668464661,0.8833458423614502,0.8896101713180542
694,इन सभी बातों और अधिक से ओंटारियो को बाहरी लोगों द्वारा मूल रूप से कनाडाई माना जाता है।,"ये सभी चीज़ें ओंटारियो को और ज़्यादा अहम बना देती हैं, क्योंकि विदेशी लोग पूरी तरह खुद को कनाडाई मानते हैं.",इन सभी चीज़ों और और भी चीज़ों ने ओंटारियो को बाहर के लोगों द्वारा पारंपरिक रूप से कनाडाई के रूप में माना जाने वाला स्थान उजागर किया है।,0.8225038051605225,0.768223226070404,0.7944373488426208,0.8735114336013794,0.7941464185714722,0.8319404125213623
695,उत्तर की ओर बड़े-बड़े क्षेत्र काफी कम आबादी वाले हैं और कुछ क्षेत्र लगभग निर्जन जंगल हैं।,उत्तर की ओर के बड़े क्षेत्र में आबादी बहुत ही कम है और कुछ इलाकों में तो लगभग कोई इंसानी आबादी नहीं है.,उत्तर में बड़े क्षेत्र काफी बिखरे हुए जनसंख्या वाले हैं और कुछ क्षेत्र लगभग निर्जन वन्य स्थल हैं।,0.8162094354629517,0.8100540041923523,0.8131200671195984,0.8936731815338135,0.8839669227600098,0.8887935876846313
696,जनसंख्या की तुलना के लिए जो कई लोगों को आश्चर्यचकित करता हैः अमेरिका में कनाडा के नागरिकों की तुलना में अधिक अफ्रीकी अमेरिकी रहते हैं।,कई लोगों को अचरज में डालने वाली जनसंख्या की तुलना के लिए: अमेरिका में कनाडाई नागरिकों के मुकाबले कहीं ज़्यादा अफ़्रीकी अमेरिकी लोग रहते हैं.,यहाँ जनसंख्या की एक तुलना है जो कई लोगों को चौंकाती है: अमेरिका में अफ्रीकी अमेरिकियों की संख्या कैनेडियन नागरिकों की संख्या से अधिक है।,0.8507413864135742,0.8312835693359375,0.8408999443054199,0.7985151410102844,0.8198257684707642,0.8090301156044006
697,पूर्वी अफ्रीकी द्वीपसमूह अफ्रीका के पूर्वी तट से दूर हिंद महासागर में स्थित है।,"पूर्वी अफ्रीकी द्वीप, अफ्रीका के पूर्वी तट के परे हिंद महासागर में हैं।",पूर्वी अफ़्रीकी द्वीप भारतीय महासागर में अफ़्रीका के पूर्वी तट के पास स्थित हैं।,0.9307637214660645,0.9405657052993774,0.9356390237808228,0.8836723566055298,0.9040865898132324,0.8937629461288452
698,मद्दागिस्तान अब तक का सबसे बड़ा महाद्वीप है और जब जंगली जानवरों की बात आती है तो यह एक महाद्वीप है।,मेडागास्कर सबसे बड़ा अपना खुद का वन्यजीवन वाला महाद्वीप है.,मडागास्कर wildlife के मामले में अपने आप में सबसे बड़ा और एक महाद्वीप है।,0.7483696937561035,0.7662410140037537,0.7571998834609985,0.7612979412078857,0.768773078918457,0.7650172114372253
699,"छोटे द्वीपों में से अधिकांश स्वतंत्र राष्ट्र हैं, या फ्रांस से जुड़े हैं, और उन्हें लक्जरी समुद्र तट रिसॉर्ट्स के रूप में जाना जाता है।","अधिकांश छोटे द्वीप स्वतंत्र राष्ट्र हैं, या फ़्रांस से संबंधित हैं और लग्ज़री बीच रिसॉर्ट के रूप में जाने जाते हैं.","छोटे द्वीपों में से अधिकांश स्वतंत्र राष्ट्र हैं, या फ्रांस के साथ जुड़े हुए हैं, और इन्हें लक्जरी समुद्र तट रिसॉर्ट्स के रूप में जाना जाता है।",0.879849374294281,0.9063895344734192,0.8929222822189331,0.9888740181922913,0.9810636043548584,0.9849534034729004
700,"अरबों ने भी इस्लाम को इन देशों में लाया, और यह कमोरोस और मयोटे में बहुत लोकप्रिय हो गया।","अरब के लोग इस धरती पर इस्लाम भी लेकर आए, और उसे कोमोरोस और मेयोटे में बड़े पैमाने पर फैलाया.","अरबों ने भी इन क्षेत्रों में इस्लाम लाया, और यह कॉमोरस और मायोट्ट में बड़े पैमाने पर स्वीकार किया गया।",0.8498273491859436,0.8115371465682983,0.8302409648895264,0.9070724248886108,0.862000048160553,0.8839620351791382
701,"यूरोपीय प्रभाव और औपनिवेशिकता 15वीं शताब्दी में शुरू हुई, जब पुर्तगाली खोजकर्ता वास्को दा गामा ने यूरोप से भारत तक केप रूट की खोज की।","15वीं सदी में यूरोपीय प्रभाव और उपनिवेशवाद की शुरुआत हुई, क्योंकि पुर्तगाली खोजकर्ता वास्को डी गामा ने यूरोप से भारत तक का समुद्री मार्ग खोज निकाला था.","यूरोपीय प्रभाव और उपनिवेशवाद 15वीं सदी में शुरू हुआ, जब पुर्तगाली अन्वेषक वास्को डा गामा ने यूरोप से भारत तक केCape Route की खोज की।",0.9136209487915039,0.9079482555389404,0.9107757210731506,0.9408583045005798,0.9268807172775269,0.9338172078132629
702,उत्तर में यह क्षेत्र साहेल और दक्षिण और पश्चिम में अटलांटिक महासागर से सीमांत है।,उत्तर में यह क्षेत्र साहेल और दक्षिण और पश्चिम में अटलांटिक महासागर से घिरा है.,"उत्तर में यह क्षेत्र सहेल द्वारा सीमित है, और दक्षिण और पश्चिम में अटलांटिक महासागर द्वारा।",0.970237135887146,0.9603893756866455,0.9652881622314453,0.9183983206748962,0.8953260183334351,0.906715452671051
703,"महिलाओं: यह अनुशंसा की जाती है कि यात्रा करने वाली कोई भी महिला अपने आप को विवाहित बताए, चाहे वह वास्तविक पारिवारिक स्थिति से संबंधित क्यों न हो।",महिलाएँ: यह अनुशंसा की जाती है कि कोई भी महिला यात्री वास्तविक वैवाहिक स्थिति के बावजूद कहती है कि वह विवाहित है.,"महिलाएँ: यह सिफारिश की जाती है कि कोई भी महिला यात्री कहे कि वे शादीशुदा हैं, भले ही उनकी वास्तविक विवाह स्थिति कुछ भी हो।",0.8263714909553528,0.8733280301094055,0.8492011427879333,0.7904336452484131,0.814486026763916,0.8022795915603638
704,अंगूठी पहनना भी उपयोगी है (जिसकी कीमत बहुत ज्यादा नहीं लगती।,यह भी एक अंगूठी पहनने के लिए उपयोगी है (सिर्फ एक बहुत महंगा लगने के लिए नहीं है| ),यह भी मददगार होता है कि एक अंगूठी पहनें (बस ऐसी नहीं जो बहुत महंगी दिखती हो।),0.7879714965820312,0.7635347843170166,0.7755606770515442,0.7498617172241211,0.7167931199073792,0.7329546809196472
705,"महिलाओं को यह समझना चाहिए कि सांस्कृतिक मतभेदों के परिणामस्वरूप वे उत्पीड़न को समझ सकते हैं और यह असामान्य नहीं है कि उनका अनुसरण किया जाए, उन्हें हाथ से पकड़ लिया जाए आदि।","महिलाओं को यह बात समझ लेनी चाहिए कि सांस्कृतिक मतभेदों के कारण उन्हें उत्पीड़न का सामना करना पड़ सकता है और ऐसा हो सकता है कि उनका पीछा हो या फिर कोई उनकी बाँह ज़बरदस्ती पकड़ ले, इत्यादि।","महिलाओं को यह समझना चाहिए कि सांस्कृतिक भिन्नताएँ ऐसी स्थितियाँ पैदा कर सकती हैं जिन्हें वे उत्पीड़न मान सकती हैं, और यह असामान्य नहीं है कि उनका पीछा किया जाए, उन्हें भुजा से पकड़ा जाए, आदि।",0.8353919982910156,0.8161129355430603,0.8256399035453796,0.8765196800231934,0.8635311126708984,0.8699769377708435
706,"पुरुषों को अस्वीकार करने में दृढ़ रहें, और अपनी जगह खड़े होने से डरो मत (सांस्कृतिक मतभेद या नहीं, यह इसे ठीक नहीं बनाता है!",पुरुषों को दृढ़ता से नकारें और अपनी बात पर बेहिचक अड़ी रहें (सांस्कृतिक अंतरों के होने या नहीं होने से यह सही नहीं हो जाता!).,"पुरुषों को मना करने में दृढ़ रहें, और अपने मत पर खड़े रहने से न डरें (सांस्कृतिक भिन्नताएं हों या नहीं, यह सही नहीं बनाता!).",0.7666972875595093,0.7760756015777588,0.7713579535484314,0.8226368427276611,0.8309046030044556,0.8267500400543213
707,"कासाब्लैंका का आधुनिक शहर 10 वीं शताब्दी ईसा पूर्व में बेर्बर मछुआरों द्वारा स्थापित किया गया था, और फ़ीनिक्सियों, रोमनों और मेरिनिड्स द्वारा अंफा नामक एक रणनीतिक बंदरगाह के रूप में उपयोग किया गया था।","आधुनिक शहर कासाब्लांका की स्थापना 10 वीं शताब्दी ईसा पूर्व में बर्बर मछुआरों ने की थी, और इसे फोनेशियन, रोमनों और मेरिनेड्स द्वारा एक रणनीतिक बंदरगाह के रूप में इस्तेमाल किया गया था जिसे अनफा कहा जाता था.","आधुनिक शहर कासाब्लांका की स्थापना 10वीं सदी ईसापूर्व में बर्बर मछुआरों द्वारा की गई थी, और इसे फ़िनिशियन, रोमनों और मरेनिड्स द्वारा एक रणनीतिक बंदरगाह के रूप में उपयोग किया गया था जिसे अंफ़ा कहा जाता था।",0.9255143404006958,0.919247567653656,0.9223703145980835,0.9214156866073608,0.9062868356704712,0.9137886762619019
708,"पुर्तगालियों ने इसे नष्ट कर दिया और इसे Casa Branca नाम से पुनर्निर्माण किया, केवल 1755 में भूकंप के बाद इसे छोड़ दिया।",पुर्तगालियों ने इसे खत्म कर दिया और इसे कासा ब्रांका नाम से इसको फिर से बनाया फिर भूकंप के बाद इसे 1755 में छोड़ दिया गया.,"पुर्तगालियों ने इसे नष्ट किया और इसे Casa Branca नाम से फिर से बनाया, केवल 1755 में एक भूकंप के बाद इसे छोड़ने के लिए।",0.8626283407211304,0.862012505531311,0.8623203039169312,0.9153538942337036,0.9371317625045776,0.9261148571968079
709,"मोरक्को के सुल्तान ने शहर को दारू एल-बडिया के रूप में पुनर्निर्माण किया और स्पेनिश व्यापारियों द्वारा इसे कासाब्लैंका नाम दिया गया, जिन्होंने वहां व्यापारिक ठिकाने स्थापित किए।",मोरक्को के सुल्तान ने शहर को दारू ल-बाद्या के नाम से फिर से बनाया और स्पेन के व्यापारियों ने इसे कासाब्लांका का नाम दिया जिन्होंने वहां पर व्यापार के केंद्र स्थापित किए थे.,"मोर्लोकन सुलतान ने शहर का पुनर्निर्माण करते हुए उसका नाम दारु ल-बद्य रखा और इसे स्पेनिश व्यापारियों द्वारा कैसाब्लांका नाम दिया गया, जिन्होंने वहां व्यापारिक ठिकाने स्थापित किए।",0.8787168264389038,0.9054089784622192,0.891863226890564,0.9095067977905273,0.9091391563415527,0.9093229174613953
710,कासाब्लान्का पूरे मोरक्को में खरीदारी करने के लिए सबसे कम दिलचस्प स्थानों में से एक है।,कैसाब्लांका मोरक्को में खरीदारी करने के लिए सबसे कम दिलचस्प स्थानों में से एक है.,कासाब्लांका मोरक्को में खरीदारी के लिए सबसे कम दिलचस्प स्थानों में से एक है।,0.95103919506073,0.9624072313308716,0.9566894769668579,0.9488810300827026,0.9699922204017639,0.9593204855918884
711,"पुराने मदीना के आसपास पारंपरिक मोरक्को के सामान बेचने वाले स्थानों को ढूंढना आसान है, जैसे टैगिन, सिरेमिक, चमड़े के सामान, हुक्का और गीगाओं की एक पूरी श्रृंखला, लेकिन यह सब पर्यटकों के लिए है।","पुराने मदीना के आस-पास ऐसी जगहें आसानी से मिल जाती हैं जहां मोरक्को का परंपरागत सामान बेचा जाता है, जैसे कि ताजिन, पॉटरी, चमड़े का सामान, हुक्का, और जीजॉ का एक पूरा स्पेक्ट्रम, लेकिन यह सब पर्यटकों के लिए है.","पुरानी मेडिना के चारों ओर पारंपरिक मोरक्को सामान जैसे टैजीन, मिट्टी के बर्तन, चमड़े के सामान, हुक्के, और कई प्रकार के गिजगाज बेचने वाली जगहें खोजना आसान है, लेकिन यह सब पर्यटकों के लिए है।",0.8761847019195557,0.8714097142219543,0.8737907409667969,0.8701246976852417,0.876368522644043,0.8732354044914246
712,गुमा रवांडा के निकट कंगो लोकतांत्रिक गणराज्य का एक पर्यटक शहर है।,"गोमा, रवांडा के पास बिल्कुल पूर्व में कांगो लोकतांत्रिक गणराज्य का एक पर्यटन शहर है.","गोमा डेमोक्रेटिक रिपब्लिक ऑफ कांगो का एक पर्यटन शहर है, जो पूर्वी सिरे पर रवांडा के निकट स्थित है।",0.8974096775054932,0.8736777305603027,0.8853846788406372,0.8193946480751038,0.7834091186523438,0.8009979128837585
713,"2002 में, गुमा को नाइरागोन्गो ज्वालामुखी से लावा द्वारा नष्ट कर दिया गया था जिसने शहर की अधिकांश सड़कों को, विशेष रूप से शहर के केंद्र को दफन कर दिया था।","2002 में गोमा को न्यिरगोंगो ज्वालामुखी ने लावा द्वारा नष्ट कर दिया गया था, जिसने शहर की अधिकांश सड़कों, विशेष रूप से शहर के बीच के भाग को दफन कर दिया था।","2002 में गोमा को न्यिरागोंगो ज्वालामुखी की लावा ने नष्ट कर दिया, जिसने शहर की अधिकांश सड़कों, विशेष रूप से शहर के केंद्र को दफन कर दिया।",0.9471408128738403,0.9497412443161011,0.9484392404556274,0.9284727573394775,0.9432114362716675,0.935784101486206
714,"जबकि गोमा काफी सुरक्षित है, उत्तरी किवु प्रांत में जारी संघर्ष की स्थिति को समझने के लिए गोमा के बाहर किसी भी यात्रा पर शोध किया जाना चाहिए।","हालांकि गोमा यथोचित सुरक्षित है, लेकिन गोमा के बाहर जाते समय उत्तर किवु प्रांत में चल रही लड़ाई की स्थिति को समझ लेना चाहिए।","गोंगा अपेक्षाकृत सुरक्षित है, लेकिन गोंगा के बाहर की किसी भी यात्रा की अच्छी तरह से जांच करनी चाहिए ताकि उत्तर किवु प्रांत में जारी लड़ाई की स्थिति को समझा जा सके।",0.8797586560249329,0.8765608668327332,0.8781569004058838,0.8622645735740662,0.8096917867660522,0.8351516127586365
715,यह शहर अफ्रीका में सबसे सस्ती माउंटन गोरिल्ला ट्रैकिंग के साथ-साथ नैयरागोन्गो ज्वालामुखी पर चढ़ने का आधार भी है।,"यह शहर, अफ़्रीका के कुछ सबसे सस्ते पहाड़ी गोरिल्ला ट्रेकिंग के साथ ही नायरागोंगो ज्वालामुखी की चढ़ाई करने का बेस भी है.","यह शहर नीरागोंगो ज्वालामुखी पर चढ़ाई करने का आधार भी है, साथ ही अफ्रीका में कुछ सबसे सस्ते माउंटेन गोरिल्ला ट्रैकिंग के लिए भी।",0.8930110335350037,0.8830117583274841,0.8879832625389099,0.9003357887268066,0.8917717933654785,0.8960333466529846
716,आप बोडा-बोडा (मोटरसाइकिल टैक्सी) का उपयोग करके गोमा के आसपास जा सकते हैं। सामान्य (स्थानीय) कीमत कम सवारी के लिए ~ 500 कांगोली फ्रैंक है।,आप गोमा के आस-पास घूमने के लिए बोडा-बोडा (मोटरसाइकिल टैक्सी) ले सकते हैं. छोटी सैर के लिए आम तौर पर (स्थानीय) किराया करीब 500 कांगोलीज़ फ़्रैंक लगता है.,आप गोमा में घूमने के लिए boda-boda (मोटरसाइकिल टैक्सी) का उपयोग कर सकते हैं। सामान्य (स्थानीय) कीमत छोटी सवारी के लिए लगभग 500 कांगोली फ्रैंक है।,0.8936976194381714,0.8579182028770447,0.8754425048828125,0.8814052939414978,0.8912938237190247,0.8863219618797302
717,"""तिम्बुक्टू"" को अपनी अपेक्षाकृत अछूताता के साथ मिलाकर विदेशी, दूरस्थ भूमि के लिए एक रूपक के रूप में इस्तेमाल किया गया है।","इसकी सापेक्ष अगम्यता के कारण, “टिम्बकटू” का उपयोग, दूर स्थित भूमि के रूपक के रूप में किया जाने लगा है.","""इसके सापेक्ष अव्यवस्थितता के साथ, 'टिम्बुक्टू' एक अद्भुत, दूर देशों के उपमा के रूप में उपयोग किया जाने लगा है।""",0.7956790328025818,0.817293643951416,0.8063414692878723,0.7994129657745361,0.8007648587226868,0.8000883460044861
718,"आज, टिंबुक्टू एक गरीब शहर है, हालांकि इसकी प्रतिष्ठा इसे एक पर्यटक आकर्षण बनाती है, और इसका एक हवाई अड्डा है।","आज, टिम्बकटू एक साधनहीन शहर है, हालाँकि इसकी प्रतिष्‍ठा इसके पर्यटक आकर्षण से बनाती है, और इसमें एक हवाई अड्डा है.","आज, टिम्बुक्टू एक गरीब शहर है, हालाँकि इसकी प्रतिष्ठा इसे एक पर्यटक आकर्षण बनाती है, और यहाँ एक हवाई अड्डा है।",0.9224833846092224,0.8930450081825256,0.9075254797935486,0.9725643992424011,0.9577302932739258,0.965090274810791
719,"1990 में, इसे रेगिस्तान की रेत के खतरे के कारण खतरे में विश्व धरोहर स्थलों की सूची में जोड़ा गया था।","1990 मे, रेगिस्तान की रेत के खतरे के कारण इसे विश्व धरोहरों की सूची में डाला गया जो खतरे में हैं |","1990 में, इसे विश्व विरासत स्थलों की संकट में रहने वाली सूची में जोड़ा गया, क्योंकि इसे बंजर बालू के खतरे का सामना करना पड़ा।",0.9124289155006409,0.9008458256721497,0.9066003561019897,0.8566302061080933,0.8114499449729919,0.8334282636642456
720,यह हेनरी लुईस गेट्स के पीबीएस स्पेशल 'अफ्रीकी दुनिया के चमत्कार' के दौरान प्रमुख रुकावटों में से एक था।,यह अफ्रीकी जगत के अजूबे हेनरी लुई के पीबीएस गेट्स के दौरान एक प्रमुख पड़ाव था।,"यह हेनरी लुइस गेट्स के पीबीएस विशेष ""वंडर्स ऑफ द अफ्रीकन वर्ल्ड"" के दौरान प्रमुख स्टॉप में से एक था।",0.7907383441925049,0.8197658061981201,0.8049904704093933,0.8654556274414062,0.8530576825141907,0.8592119812965393
721,"शहर देश के बाकी शहरों से बहुत अलग है, क्योंकि इसमें अफ्रीकी की तुलना में अधिक अरबी स्वाद है।",यह शहर देश के बाकी शहरों से अलग है क्योंकि यह किसी अफ्रीकी शहर की बजाय अरब शहर लगता है.,"इस शहर का बाकी देश के शहरों के साथ स्पष्ट विरोधाभास है, क्योंकि इसमें अफ्रीकी के मुकाबले अरबी का अधिक स्पर्श है।",0.8653959631919861,0.8608359098434448,0.8631099462509155,0.8695387840270996,0.8233621120452881,0.8458206653594971
722,"क्रूगर नेशनल पार्क (KNP) दक्षिण अफ्रीका के उत्तर-पूर्व में स्थित है और पूर्व में मोजाम्बिक, उत्तर में जिम्बाब्वे की सीमा के साथ चलता है, और दक्षिणी सीमा क्रोकॉडिल नदी है।","क्रूगर नेशनल पार्क (केएनपी) दक्षिण अफ्रीका के उत्तर-पूर्व में स्थित है ,पूर्व में मोजाम्बिक की सीमा के साथ-साथ उत्तर में जिम्बाब्वे और दक्षिणी सीमा पर क्रोकोडाइल नदी है।","क्रूगर राष्ट्रीय उद्यान (KNP) दक्षिण अफ्रीका के उत्तर-पूर्व में स्थित है और यह पूर्व में मोज़ाम्बिक, उत्तर में जिम्बाब्वे के साथ सीमा के साथ चलता है, और दक्षिणी सीमा मगरमच्छ नदी है।",0.9154345393180847,0.9109560251235962,0.9131898283958435,0.9379136562347412,0.9395288825035095,0.9387205243110657
723,"पार्क 19,500 वर्ग किलोमीटर का है और इसे 14 अलग-अलग पारिस्थितिक क्षेत्रों में विभाजित किया गया है, जिनमें से प्रत्येक में अलग-अलग वन्यजीवों का समर्थन किया जाता है।","यह पार्क 19,500 वर्ग किलोमीटर में फैला है और इसमें 14 अलग-अलग इको ज़ोन हैं, जिनमें से हर एक में अलग-अलग वन्यजीवन है.","पार्क का क्षेत्र 19,500 किमी² है और इसे 14 विभिन्न इकोज़ोन में विभाजित किया गया है, जो प्रत्येक विभिन्न वन्यजीवों का समर्थन करते हैं।",0.8225918412208557,0.8649173378944397,0.8432238101959229,0.875145435333252,0.903132975101471,0.8889189958572388
724,यह दक्षिण अफ्रीका के मुख्य आकर्षणों में से एक है और इसे दक्षिण अफ्रीकी राष्ट्रीय उद्यानों (SANParks) का प्रमुख स्थल माना जाता है।,यह दक्षिण अफ़्रीका के मुख्य आकर्षणों में से एक है और इसे फ़्लैगशिप ऑफ़ साउथ अफ़्रीकन नेशनल पार्क्स (एसएएनपार्क्स) के रूप में माना गया है.,यह दक्षिण अफ्रीका के मुख्य आकर्षणों में से एक है और इसे दक्षिण अफ्रीकी राष्ट्रीय उद्यानों (SANParks) का प्रमुख माना जाता है।,0.871121883392334,0.7856059074401855,0.8261567950248718,0.9805192947387695,0.9909055829048157,0.9856851100921631
725,"दक्षिण अफ्रीका के सभी राष्ट्रीय उद्यानों की तरह, पार्क के लिए दैनिक संरक्षण और प्रवेश शुल्क हैं।",सभी दक्षिण अफ्रीकी राष्ट्रीय उद्यानों के साथ ही पार्क में दैनिक संरक्षण और प्रवेश के लिए शुल्क लगता हैं।,"दक्षिण अफ्रीका के सभी राष्ट्रीय उद्यानों की तरह, पार्क के लिए दैनिक संरक्षण और प्रवेश शुल्क हैं।",0.9150992035865784,0.8990886807441711,0.9070233106613159,1.0,1.0,1.0
726,दक्षिण अफ्रीका में या तो राष्ट्रीय उद्यानों के चयन में प्रवेश प्रदान करने वाले वाइल्ड कार्ड को खरीदने के लिए भी लाभदायक हो सकता है।,वाइल्ड कार्ड खरीद लेना फ़ायदेमंद भी हो सकता है क्योंकि इससे आप दक्षिण अफ़्रीका के चुनिंदा पार्क या सभी दक्षिण अफ़्रीकी नेशनल पार्क देख सकते हैं.,"यह किसी के लिए वाइल्ड कार्ड खरीदना भी फायदेमंद हो सकता है, जो दक्षिण अफ़्रीका के पार्कों के चयन या सभी दक्षिण अफ़्रीकी राष्ट्रीय पार्कों में प्रवेश प्रदान करता है।",0.7959463596343994,0.7692845463752747,0.7823883891105652,0.8303536176681519,0.8144861459732056,0.8223432898521423
727,हांगकांग द्वीप हांगकांग के क्षेत्र को अपना नाम देता है और यह वह स्थान है जिसे कई पर्यटक मुख्य ध्यान के रूप में देखते हैं।,हांगकांग द्वीप हांगकांग के क्षेत्र को उसका नाम देता है और यह वह स्थान है जिसे कई पर्यटक मुख्य केंद्र बिंदु मानते हैं।,हॉंगकॉंग द्वीप हांगकांग के क्षेत्र को उसका नाम देता है और यह वह स्थान है जिसे कई पर्यटक मुख्य ध्यान केंद्र मानते हैं।,0.9417821168899536,0.9248375296592712,0.9332329630851746,0.9311456084251404,0.9264368414878845,0.9287852644920349
728,हांगकांग की skyline बनाने वाली इमारतों की परेड को एक चमकदार बार चार्ट के साथ तुलना की गई है जो विक्टोरिया हार्बर के पानी की उपस्थिति से स्पष्ट हो जाती है।,"भवनों की परेड जिसने हाँगकाँग की स्कायलाइन को चमचमाते बार चार्ट की तरह बनाया है, उसने विक्टोरिया हार्बर के पानी की मौज़ूदगी को देखने लायक बनाया है.","हांगकांग के क्षितिज को बनाने वाली इमारतों की परेड को एक चकाचौंध भरे बार चार्ट के समान आंका गया है, जिसे विक्टोरिया हार्बर के पानी की उपस्थिति से स्पष्ट किया गया है।",0.8240081667900085,0.7849323749542236,0.8039957284927368,0.9178236722946167,0.8783338069915771,0.8976446390151978
729,"हांगकांग का सबसे अच्छा दृश्य पाने के लिए, द्वीप छोड़ दें और इसके विपरीत के कोलून तट की ओर बढ़ें।","हांगकांग के सर्वश्रेष्ठ नज़ारे प्राप्त करने के लिए, द्वीप को छोड़े और कॉव्लून वॉटरफ्रंट के विपरीत चले जाये |","हांगकांग के सर्वश्रेष्ठ दृश्य देखने के लिए, द्वीप छोड़ें और इसके विपरीत कौलून के किनारे की ओर बढ़ें।",0.8240504860877991,0.8005169034004211,0.8121132850646973,0.9309757351875305,0.9252952337265015,0.9281267523765564
730,हांगकांग द्वीप के अधिकांश शहरी विकास उत्तरी तट के साथ-साथ पुनः प्राप्त भूमि पर घने हुए हैं।,हांगकांग द्वीप के शहरी विकास का ज्यादातर हिस्सा पुनः निर्मित भूमि पर उत्तरी तट के साथ अधिक रूप से भरा हुआ है।,हांगकांग द्वीप के शहरी विकास का अधिकांश भाग उत्तरी तट पर पुनः प्राप्त भूमि पर घनीभूत रूप से स्थित है।,0.9122743606567383,0.8837102055549622,0.8977651596069336,0.914206862449646,0.908797025680542,0.9114939570426941
731,"यह वह जगह है जहां ब्रिटिश उपनिवेशवादियों ने अपना अपना कब्जा कर लिया है और इसलिए यदि आप इस क्षेत्र के उपनिवेशवादी अतीत के सबूतों की तलाश कर रहे हैं, तो यह एक अच्छी शुरुआत करने के लिए एक अच्छी जगह है।","यह वह जगह है जहाँ ब्रिटिश उपनिवेशवादियों ने अपना बनाया और इसलिए अगर आप इस जगह के औपनिवेशिक अतीत के सबूतों को ढूँढ रहे हैं, तो यह एक अच्छी जगह है.","यह वह स्थान है जिसे ब्रिटिश उपनिवेशवादियों ने अपने कब्जे में लिया था, इसलिए यदि आप इस क्षेत्र के उपनिवेशी अतीत के साक्ष्य की तलाश कर रहे हैं, तो यह शुरू करने के लिए एक अच्छा स्थान है।",0.8847266435623169,0.9160370230674744,0.9001097083091736,0.9118701219558716,0.9246385097503662,0.918209969997406
732,"सुंदरबन दुनिया का सबसे बड़ा तटीय मैंग्रोव बेल्ट है, जो तट से बांग्लादेश और भारतीय अंतर्देशीय क्षेत्र में 80 किमी (50 मील) तक फैला है।","सुंदरबन दुनिया का सबसे बड़ा तटीय मैंग्रोव क्षेत्र है, जो तट से बांग्लादेशी और भारतीय पहाड़ी क्षेत्र में 80 किमी (50 मील) तक फैला हुआ है।","सुंदरबन दुनिया का सबसे बड़ा समुद्री मैंग्रोव बेल्ट है, जो तट से 80 किमी (50 मील) तक बांग्लादेशी और भारतीय आंतरिक क्षेत्र में फैला हुआ है।",0.9439383149147034,0.9551241993904114,0.9494982957839966,0.9371060132980347,0.9466316103935242,0.9418447613716125
733,सुंदरबन को यूनेस्को की विश्व धरोहर स्थल घोषित किया गया है। भारतीय क्षेत्र के भीतर जंगल का हिस्सा सुंदरबन राष्ट्रीय उद्यान कहा जाता है।,सुंदरबन को यूनेस्को द्वारा विश्व धरोहर घोषित किया है। जंगल का वह हिस्सा जो भारत में है उसको सुंदरबन नेशनल पार्क कहा जाता है।,सुंदरबन को यूनेस्को विश्व धरोहर स्थल घोषित किया गया है। भारतीय क्षेत्र के भीतर का जंगल सुंदरबन राष्ट्रीय उद्यान कहलाता है।,0.912043035030365,0.9025102257728577,0.9072515964508057,0.9632730484008789,0.9617226123809814,0.9624972343444824
734,"वन केवल मैंग्रोव दलदल नहीं हैं, लेकिन इनमें कुछ शक्तिशाली जंगलों के अंतिम अवशेष शामिल हैं जो एक बार गंगेटिक मैदान को कवर करते थे।","हालाँकि, जंगल का अर्थ केवल मैंग्रोव दलदल नहीं हैं - वे कुछ अंतिम शक्तिशाली जंगलों में से हैं, जो कभी गंगा पठार को कवर करते थे।",जंगल केवल मैनग्रोव दलदल नहीं हैं - इनमें गंगा नदी के मैदान को कभी आच्छादित करने वाले शक्तिशाली जंगलों के कुछ अंतिम बचे हुए हिस्से भी शामिल हैं।,0.8297516107559204,0.8377500176429749,0.8337316513061523,0.8364945650100708,0.837195873260498,0.8368450999259949
735,"सुंदरबन क्षेत्रफल 3,850 वर्ग किलोमीटर है, जिसमें से लगभग एक तिहाई जल/ दलदल क्षेत्रों में है।","सुंदरबन 3,850 वर्ग किलोमीटर में फैला है, जिसमें से करीब एक तिहाई में पानी/दलदल वाला इलाका है.","सुंदरबन क्षेत्र का क्षेत्रफल 3,850 किमी² है, जिसमें से लगभग एक तिहाई क्षेत्र पानी/मार्श क्षेत्रों से ढका हुआ है।",0.8982939720153809,0.854620099067688,0.8759129643440247,0.9249987602233887,0.892337441444397,0.9083746075630188
736,"सन 1966 से सुंदरबन वन्यजीवों का अभयारण्य है, और अनुमान है कि अब इस क्षेत्र में 400 रॉयल बंगाल टाइगर और लगभग 30,000 धब्बेदार हिरण हैं।","1966 से सुंदरबन वन्यजीव अभ्यारण बन गया है और एक आकलन के अनुसार इस इलाके में अब लगभग 400 रॉयल बंगाल टाइगर्स और लगभग 30,000 चीतल हैं.","1966 से सुंदरबन एक वन्यजीव अभयारण्य है, और अनुमान है कि क्षेत्र में अब 400 रॉयल बंगाल टाइगर और लगभग 30,000 जगंली हिरण हैं।",0.8868484497070312,0.9026885032653809,0.8946983814239502,0.9386727213859558,0.9498763084411621,0.9442412257194519
737,"दिन भर अंतर-जिला बस स्टेशन (नदी के पार) से बसें निकलती हैं, हालांकि अधिकांश, विशेष रूप से पूर्व की ओर जाने वाली और जकार / बुमथांग 06:30 से 07:30 के बीच निकलती हैं।","इंटर-डिस्ट्रिक्ट बस स्टेशन (जो नदी के उस पार है) से दिन भर बसें चलती हैं, हालांकि ज़्यादातर, खास कर पूर्व और जाकार/बुमतांग की ओर जाने वाली बसें सुबह 06:30 और 07:30 के बीच जाती हैं.","बसें अंतर-जिला बस स्टेशन (नदी के पार) से पूरे दिन रवाना होती हैं, हालांकि ज्यादातर, विशेषकर जो पूर्व की ओर और जकार/बुमथांग की ओर जाती हैं, वे 06:30 और 07:30 के बीच निकलती हैं।",0.8794732093811035,0.8330000638961792,0.8556060194969177,0.9147665500640869,0.8966642618179321,0.9056249260902405
738,"जैसे-जैसे जिला-अंतरिक बसें अक्सर भरी रहती हैं, इसलिए कुछ दिन पहले टिकट खरीदना उचित है।","चूंकि अंतर जिला बसें अक्सर भरी होती हैं, इसलिए कुछ दिन पहले टिकट खरीदना उचित होता है.","जैसे कि अंतर-जिला बसें अक्सर पूर्ण होती हैं, इसलिए सलाह दी जाती है कि कुछ दिन पहले ही टिकट खरीद लें।",0.911327064037323,0.9112266302108765,0.9112768769264221,0.8586911559104919,0.837375819683075,0.8478994965553284
739,"अधिकांश जिलों को छोटे जापानी कोस्टर बसों द्वारा सेवा दी जाती है, जो आरामदायक और मजबूत हैं।",ज़्यादातर जिलों में छोटी जापानी कोस्टर बसें चलती हैं जो आरामदायक और मज़बूत होती हैं.,"अधिकांश जिलों में छोटे जापानी कोस्टर बसों द्वारा सेवा प्रदान की जाती है, जो आरामदायक और मजबूत होती हैं।",0.9031661748886108,0.8939475417137146,0.8985332250595093,0.9725034236907959,0.9622359871864319,0.9673424959182739
740,साझा टैक्सी पास के स्थानों जैसे पारो (नू 150) और पुनाखा (नू 200) तक यात्रा करने का एक त्वरित और आरामदायक साधन है।,शेयर्ड टैक्सियाँ पारो (Nu 150) और पुनाखा (Nu 200) जैसी आस-पास की जगहों पर जाने के लिए तेज़ और आरामदायक साधन हैं.,"साझा टैक्सियाँ करीबी स्थानों, जैसे पारो (नू 150) और पुनाखा (नू 200) के लिए यात्रा करने का एक तेज़ और आरामदायक साधन हैं।",0.8623557090759277,0.8506587147712708,0.8564673066139221,0.9348558187484741,0.9241939783096313,0.929494321346283
741,ओयापोक नदी पुल एक केबल-स्टेड पुल है। यह ब्राजील में ओयापोक और फ्रेंच गुयाना में सेंट-जॉर्ज डी एल ओयापोक के शहरों को जोड़ने के लिए ओयापोक नदी पर फैला है।,ओयापॉक रिवर ब्रिज एक केबल स्टे ब्रिज है। यह ओयापॉक नदी को ब्राज़ील के ओयापॉक के शहरों और फ़्रेंच गियाना के सेंट-जॉर्जेज डि ओयापॉक को जोड़ता है।,ओयापॉक नदी पुल एक केबल-स्टे पुल है। यह ओयापॉक नदी पर फैला हुआ है और ब्राज़ील के ओयापोक शहर को फ्रेंच गियाना के सेंट-जॉर्जेस डि ल'Oयापॉक से जोड़ता है।,0.8503074645996094,0.8429148197174072,0.8465949892997742,0.8738734722137451,0.8750400543212891,0.8744564056396484
742,"दोनों टावर 83 मीटर की ऊंचाई पर उठते हैं, इसकी लंबाई 378 मीटर है और इसकी चौड़ाई 3.50 मीटर है।",इन दोनों टावर की ऊँचाई 83 मीटर है. इनकी लंबाई 378 मीटर है और इनमें 3.50 मीटर चौड़ी दो लेन हैं.,"दो टावर 83 मीटर की ऊंचाई पर खड़े हैं, इसकी लंबाई 378 मीटर है और इसमें 3.50 मीटर चौड़ी दो लेनें हैं।",0.8698074221611023,0.8604024648666382,0.8650794625282288,0.9274955987930298,0.8923380970954895,0.9095771908760071
743,"पुल के नीचे ऊर्ध्वाधर निकासी 15 मीटर है। निर्माण अगस्त 2011 में पूरा हुआ था, यह मार्च 2017 तक यातायात के लिए खुला नहीं था।","पुल के नीचे वर्टिकल क्लीयरेंस 15 मीटर है। निर्माण अगस्त 2011 में पूरा हो गया था, यह मार्च 2017 तक यातायात के लिए नहीं खोला गया था।","पुल के नीचे का ऊर्ध्वाधर क्लियरेंस 15 मीटर है। निर्माण अगस्त 2011 में पूरा हुआ, लेकिन यह मार्च 2017 तक यातायात के लिए नहीं खोला गया।",0.9049973487854004,0.9144319295883179,0.9096901416778564,0.9431607723236084,0.9245548844337463,0.933765172958374
744,"इस पुल को सितंबर 2017 में पूर्ण रूप से चालू करने की योजना है, जब ब्राजील के सीमा शुल्क जांच बिंदुओं को पूरा होने की उम्मीद है।","पुल सितंबर 2017 में उस समय पूरी तरह चालू किया जाना है, जब ब्राजील की सीमा शुल्क चौकियाँ खत्म होने की उम्मीद है.","इस पुल के सितंबर 2017 में पूरी तरह से चालू होने की योजना है, जब ब्राज़ीलियाई सीमा शुल्क चेकपॉइंट्स के पूरा होने की उम्मीद है।",0.8838995695114136,0.881948709487915,0.8829230666160583,0.9192299246788025,0.9047296047210693,0.9119220972061157
745,"गुआरानी सबसे महत्वपूर्ण स्वदेशी समूह थे जो आज पूर्वी पैराग्वे में रहते थे, अर्ध-नॉमेडिक शिकारी के रूप में रहते थे जो उपजीविका कृषि का भी अभ्यास करते थे।",गुआरानी पूर्वी पराग्वे में रहने वाले मूल लोगों का सबसे खास समूह था. ये लोग खानाबदोशों का जीवन जीते हैं और अपने गुजर-बसर के लिए खेती भी करते हैं.,"ग्वारानी उस क्षेत्र के सबसे महत्वपूर्ण आदिवासी समूह थे, जो अब पूर्वी पैराग्वे के रूप में जाना जाता है। वे अर्ध-घुमंतु शिकारी के रूप में रहते थे और साथ ही जीवन निर्वाह कृषि का अभ्यास भी करते थे।",0.7488898634910583,0.7671622037887573,0.7579159140586853,0.8573541641235352,0.8341226577758789,0.8455789089202881
746,"चाको क्षेत्र में अन्य स्वदेशी जनजातियों जैसे गुएकुरु और पेयागुआ के समूह थे, जो शिकार, इकट्ठा और मछली पकड़ने से जीवित रहे।","चाको क्षेत्र गुइयाकुरो और पेगुआ जैसे स्वदेशी जनजातियों के अन्य समूहों का घर था, जो शिकार करके, चीजों को बीन-बटोर कर और मछली पकड़ कर अपना जीवन जीते थे।","चाको क्षेत्र अन्य स्वदेशी जनजातियों जैसे ग्वायकुरू और पायगुआ का घर था, जो शिकार, इकट्ठा करने और मछली पकड़ने के माध्यम से जीवित रहते थे।",0.8547048568725586,0.8358476161956787,0.8451710939407349,0.9192601442337036,0.914126992225647,0.9166864156723022
747,"16वीं शताब्दी में पैराग्वे, जिसे पहले ""इंडिया का विशाल प्रांत"" कहा जाता था, का जन्म स्पेनिश विजयकर्ताओं के मूल स्वदेशी समूहों के साथ मुलाकात के परिणामस्वरूप हुआ था।","पराग्वे, जिसे पहले “इंडीज का विशाल प्रांत” कहा जाता था उसका जन्म 16वीं शताब्दी में, स्वदेशी समूहों के साथ स्पेनिश विजेताओं की मुठभेड़ की वजह से हुआ था.","16वीं सदी में पेराग्वे, जिसे पहले ""इंडीज़ का विशाल प्रांत"" कहा जाता था, का जन्म स्पेनिश विजेताओं और स्थानीय स्वदेशी समूहों के बीच होने वाली मुलाकात के परिणामस्वरूप हुआ।",0.8698446750640869,0.850062370300293,0.8598397374153137,0.94954514503479,0.9287378787994385,0.9390262961387634
748,स्पेनियों ने तीन शताब्दियों तक चले औपनिवेशिक काल की शुरुआत की।,"स्पेन के लोगों ने उपनिवेश काल की शुरुआत की, जो तीन शताब्दियों तक जारी रहा.",स्पैनियार्ड्स ने उपनिवेशीकरण काल की शुरुआत की जो तीन शताब्दियों तक चला।,0.9020649194717407,0.8862764835357666,0.8941010236740112,0.900210976600647,0.8757237792015076,0.8877986073493958
749,"1537 में असुन्शन की स्थापना के बाद से, पैराग्वे अपने स्वदेशी चरित्र और पहचान को बनाए रखने में कामयाब रहा है।","1537 में असूनचिओन की स्थापना के बाद से, पैराग्वे अपने स्वदेशी चरित्र और पहचान को बनाए रखने में कामयाब रहा है।","1537 में असुंक्शन की स्थापना के बाद से, पाराग्वे ने अपनी कई स्वदेशी विशेषताओं और पहचान को बनाए रखने में सफलता पाई है।",0.9672595262527466,0.9609785079956055,0.9641087651252747,0.9050058126449585,0.8918313384056091,0.8983703255653381
750,अर्जेंटीना दुनिया की सर्वश्रेष्ठ पोलो टीमों और खिलाड़ियों में से एक होने के लिए प्रसिद्ध है।,अर्जेंटीना दुनिया में सबसे अच्छी पोलो टीम और खिलाड़ियों के लिए जाना जाता है.,अर्जेंटीना दुनिया की सबसे अच्छी पोलो टीमों और खिलाड़ियों में से एक के लिए प्रसिद्ध है।,0.9046818614006042,0.920447587966919,0.9124966263771057,0.9596492052078247,0.9540583491325378,0.9568456411361694
751,वर्ष का सबसे बड़ा टूर्नामेंट लास कैनिटास के पोलो मैदानों में दिसंबर में आयोजित किया जाता है।,साल का सबसे बड़ा टूर्नामेंट दिसंबर में लास कैनिटास के पोलो मैदान में होता है.,इस वर्ष का सबसे बड़ा टूर्नामेंट दिसंबर में लास काणिटास के पोलो मैदानों में होता है।,0.9388388991355896,0.9582525491714478,0.9484464526176453,0.9355431795120239,0.9445778727531433,0.9400388598442078
752,वर्ष के अन्य समय में यहां छोटे टूर्नामेंट और मैच भी देखे जा सकते हैं।,साल के अन्य समय में यहाँ पर छोटी टूर्नामेंट और मैच भी देखे जा सकते हैं।,छोटे टूर्नामेंट और मैच साल के अन्य समय पर भी यहाँ देखे जा सकते हैं।,0.9742988348007202,0.961056649684906,0.9676324725151062,0.9282031059265137,0.9282031059265137,0.9282031059265137
753,"टूर्नामेंट और पोलो मैचों के लिए टिकट खरीदने के लिए समाचार के लिए, एसोसिएशन अर्जेंटीना डी पोलो देखें।","टूर्नामेंटों की खबरों के लिए और पोलो मैचों के लिए टिकट खरीदने के लिए, एसोसिएशन अर्जेंटीना दे पोलो को देखें।","पोलो मैचों के लिए टूर्नामेंटों और टिकट खरीदने के बारे में समाचार के लिए, एसोसिएशन अर्जेंटीना डी पोलो की जांच करें।",0.9465699791908264,0.9417645931243896,0.9441612362861633,0.92889803647995,0.9196560978889465,0.9242540001869202
754,फ़ॉकलैंड्स की आधिकारिक मुद्रा फ़ॉकलैंड पाउंड (FKP) है जिसका मूल्य एक ब्रिटिश पाउंड (GBP) के बराबर है।,फ़ॉकलैंड की आधिकारिक मुद्रा फ़ॉकलैंड पाउंड (एफकेएपी) है. इसे एक ब्रिटिश पाउंड (जीबीपी) के बराबर तय किया गया है.,"यहाँ आधिकारिक फॉकलैंड्स मुद्रा फॉकलैंड पाउंड (FKP) है, जिसकी कीमत एक ब्रिटिश पाउंड (GBP) के समान निर्धारित की गई है।",0.8999189734458923,0.8690114617347717,0.8841951489448547,0.9066799879074097,0.8823683261871338,0.8943589925765991
755,"द्वीपों में एकमात्र बैंक में धन का आदान-प्रदान किया जा सकता है जो स्टेनली में स्थित है, एफआईसी वेस्ट स्टोर के सामने।",इन द्वीपों में एकमात्र बैंक से धन का आदान-प्रदान किया जा सकता है जो एफआईसी वेस्ट स्टोर के सामने स्टैनले में स्थित है।,पैसा द्वीपों के एकमात्र बैंक में बदला जा सकता है जो स्टैनली में FIC वेस्ट स्टोर के सामने स्थित है।,0.9496232867240906,0.9519832730293274,0.9508018493652344,0.8594766855239868,0.8861289024353027,0.8725993037223816
756,ब्रिटिश पाउंड आमतौर पर द्वीपों में कहीं भी स्वीकार किए जाते हैं और स्टेनली क्रेडिट कार्ड और अमेरिकी डॉलर भी अक्सर स्वीकार किए जाते हैं।,ब्रिटिश पाउंड आमतौर पर द्वीपों और स्टेनली क्रेडिट कार्ड में कहीं भी स्वीकार किए जाएँगे और संयुक्त राज्य अमेरिका डॉलर भी अक्सर स्वीकार किए जाते हैं।,ब्रिटिश पाउंड सामान्यतः द्वीपों पर कहीं भी स्वीकार किए जाएंगे और स्टैनली में क्रेडिट कार्ड और अमेरिकी डॉलर भी अक्सर स्वीकार किए जाते हैं।,0.951943039894104,0.932539701461792,0.9421414732933044,0.956956684589386,0.951164722442627,0.9540519118309021
757,"दूरस्थ द्वीपों पर क्रेडिट कार्ड स्वीकार नहीं किए जाएंगे, हालांकि ब्रिटिश और अमेरिकी मुद्रा ली जा सकती है; यह निर्धारित करने के लिए पहले से मालिकों से जांचें कि कौन सा स्वीकार्य भुगतान विधि है।","बाहरी द्वीपों पर क्रेडिट कार्ड शायद स्वीकार नहीं किए जाएँगे, हालाँकि ब्रिटिश और संयुक्त राज्य की मुद्रा स्वीकार्य होगी; यह निर्धारित करने के लिए कि स्वीकार्य भुगतान विधि क्या है, मालिकों से पहले ही पूछ लें।","आसपास के द्वीपों पर क्रेडिट कार्डों की संभावना नहीं है, हालांकि ब्रिटिश और संयुक्त राज्य का मुद्रा लिया जा सकता है; पहले से मालिकों से जांच करें कि कौन सा भुगतान विधि स्वीकार्य है।",0.8945233821868896,0.8836198449134827,0.8890382051467896,0.8922550678253174,0.9042551517486572,0.8982149958610535
758,"द्वीपों के बाहर फॉकलैंड्स मुद्रा का आदान-प्रदान करना लगभग असंभव है, इसलिए द्वीपों से बाहर निकलने से पहले धन का आदान-प्रदान करें।","द्वीपों के बाहर फ़ॉकलैंड की करंसी को बदलना लगभग असंभव है, इसलिए द्वीप छोड़ने से पहले पैसों को बदलवा लें.","फॉकलैंड्स की मुद्रा का आदान-प्रदान द्वीपों के बाहर करना लगभग असंभव है, इसलिए द्वीपों को छोड़ने से पहले पैसे का आदान-प्रदान कर लें।",0.8494765758514404,0.8513104915618896,0.8503925204277039,0.9309377670288086,0.9212775230407715,0.9260824918746948
759,"चूंकि मोंटेविडियो भूमध्य रेखा के दक्षिण में है, इसलिए वहां गर्मी है जब उत्तरी गोलार्ध में सर्दियों का मौसम है और इसके विपरीत।","चूँकि मोंटेवीडियो भूमध्य रेखा के दक्षिण में है, इसलिए उत्तरी गोलार्ध में सर्दियों के दौरान वहाँ गर्मी होती है और इसके विपरीत भी होता है।","चूंकि मोंटेवीडियो भूमध्य रेखा के दक्षिण में है, वहाँ गर्मी होती है जब उत्तरी गोलार्ध में सर्दी होती है और इसके विपरीत।",0.9153467416763306,0.9160128235816956,0.9156795740127563,0.9385734796524048,0.9586750268936157,0.9485177397727966
760,मोंटेवीडियो उपमहाद्वीप में है; गर्मियों के महीनों में +30 डिग्री सेल्सियस से ऊपर का तापमान आम है।,"मोंटेवीडियो सबट्रॉपिक्स में है; गर्मियों के महीनों में, + 30° C से अधिक तापमान रहना आम बात है.","मॉन्टेवीडियो उपउष्णकटिबंधीय क्षेत्र में है; गर्मियों के महीनों में, 30°C से अधिक तापमान आम है।",0.8298455476760864,0.8392488360404968,0.834520697593689,0.8587201237678528,0.8771693706512451,0.8678467273712158
761,"सर्दियों में ठंडी ठंड लग सकती है: तापमान शायद ही कभी ठंडे से नीचे जाता है, लेकिन हवा और आर्द्रता एक साथ मिलकर इसे थर्मोमीटर से भी ठंडा महसूस कराती है।","सर्दी का मौसम भ्रामक तौर से ठंडा हो सकता है: तापमान शायद ही कभी बर्फीला हो, लेकिन हवा और नमी के गठबंधन से थर्मामीटर के तापमान से अधिक ठंड महसूस हो सकती है।","सर्दी अक्सर धोखे में डालने वाली ठंडी हो सकती है: तापमान शायद ही कभी जमने के नीचे जाता है, लेकिन हवा और नमी मिलकर इसे थर्मामीटर द्वारा बताए गए स्तर से अधिक ठंडा महसूस कराते हैं।",0.8364769220352173,0.831739068031311,0.8341012597084045,0.8792897462844849,0.8586539030075073,0.8688493371009827
762,"""मौसमी"" और ""शुष्क"" मौसम कोई विशेष नहीं हैः वर्ष भर में बारिश की मात्रा लगभग समान रहती है।",यहां कोई “बारिश” या “सूखे” का मौसम नहीं होता: बारिश की मात्रा लगभग पूरे साल ही एक जैसी रहती है.,"विशेष ""बरसाती"" और ""सूखी"" मौसम नहीं होते: वर्ष भर बारिश की मात्रा लगभग समान रहती है।",0.7855054140090942,0.7752881050109863,0.7803633213043213,0.8872970342636108,0.893135130405426,0.890206515789032
763,"हालांकि पार्क में मौजूद कई जानवर इंसानों को देखने के लिए उपयोग किए जाते हैं, लेकिन जंगली जानवर अभी भी जंगली हैं और उन्हें खिलाया या परेशान नहीं किया जाना चाहिए।","हालाँकि पार्क में कई जानवर इंसानों के देखने के लिए हैं, फिर भी वन्यजीव खूँखार होते हैं और इन्हें न तो कुछ खिलाना चाहिए या न ही परेशान करना चाहिए.","हालांकि पार्क में कई जानवर इंसानों को देखने के आदी हैं, फिर भी वन्यजीव जंगली हैं और इन्हें खाना नहीं दिया जाना चाहिए या परेशान नहीं किया जाना चाहिए।",0.8389663696289062,0.8278270959854126,0.8333595395088196,0.8665124177932739,0.880786657333374,0.8735912442207336
764,"पार्क अधिकारियों के अनुसार, भालू और भेड़ियों से कम से कम 100 गज/मीटर और अन्य सभी जंगली जानवरों से 25 गज/मीटर की दूरी बनाए रखें!",पार्क अथॉरिटीज़ के मुताबिक भालुओं और भेड़ियों से कम से कम 100 यार्ड्स/मीटर्स और अन्य जंगली जानवरों से कम से कम 25 यार्डर्स/मीटर्स दूर रहें.,"पार्क अधिकारियों के अनुसार, भालुओं और भेड़ियों से कम से कम 100 गज/मीटर की दूरी बनाए रखें और अन्य सभी जंगली जानवरों से 25 गज/मीटर की दूरी बनाए रखें!",0.8471018075942993,0.8223201036453247,0.8345270752906799,0.9659932851791382,0.9589287042617798,0.9624480605125427
765,"चाहे वे कितने भी सुशील दिखें, बिज़ोन, एलस, लोस, भालू और लगभग सभी बड़े जानवर हमला कर सकते हैं।","इस बात से कोई फर्क नहीं पड़ता कि वे कितने विनम्र दिखते हैं, बायसन, एल्क, मूस, भालू, और करीब-करीब सारे ही जानवर हमला कर सकते हैं.","कोई बात नहीं कि वे कितने शांत दिख सकते हैं, बाइसन, हरिण, मूस, भालू और लगभग सभी बड़े जानवर हमला कर सकते हैं।",0.8595253825187683,0.806681752204895,0.8322656154632568,0.8816931843757629,0.8913311958312988,0.8864859938621521
766,"हर साल दर्जनों आगंतुक घायलों को चोट लगाती हैं क्योंकि वे उचित दूरी नहीं रखते हैं। ये जानवर बड़े, जंगली और संभावित रूप से खतरनाक हैं, इसलिए उन्हें अपनी जगह दें।","हर साल दर्जनों आगंतुक इसलिए घायल हो जाते हैं क्योंकि वे उचित दूरी नहीं रखते. ये जानवर बड़े, जंगली और शायद खतरनाक भी हैं, इसलिए उनसे दूरी बनाए रखें.","प्रत्येक वर्ष, दर्जनों पर्यटक घायल हो जाते हैं क्योंकि वे उचित दूरी बनाए नहीं रखते। ये जानवर बड़े, जंगली और संभवतः खतरनाक होते हैं, इसलिए इन्हें अपना स्थान दें।",0.8840044736862183,0.8872817754745483,0.8856400847434998,0.884331464767456,0.8956179618835449,0.8899388909339905
767,"इसके अलावा, यह भी ध्यान रखें कि गंध भालू और अन्य जंगली जानवरों को आकर्षित करती है, इसलिए गंध वाले भोजन को ले जाने या पकाने से बचें और अपने शिविर को साफ रखें।","इसके अलावा, इस बात से अवगत रहें कि गंधक भालू और अन्य वन्यजीवों को आकर्षित करते हैं, इसलिए गंधयुक्त खाद्य पदार्थों को ले जाने या पकाने से बचें और शिविर साफ रखें।","इसके अलावा, यह जानना आवश्यक है कि गंध भालुओं और अन्य वन्यजीवों को आकर्षित करती है, इसलिए सुगंधित खाद्य पदार्थ ले जाने या पकाने से बचें और कैंप को साफ रखें।",0.9038101434707642,0.9003592729568481,0.9020814299583435,0.8817828297615051,0.8799117803573608,0.8808463215827942
768,"अपिया सामोआ की राजधानी है। यह शहर अपोलु द्वीप पर है और इसकी आबादी 40,000 से कम है।","आपिया समोआ की राजधानी है। यह शहर उपोलू द्वीप पर है और इसकी आबादी 40,000 से भी कम है।","अपिया समोआ की राजधानी है। यह शहर अपोलु द्वीप पर स्थित है और जनसंख्या लगभग 40,000 है।",0.9803128838539124,0.97443687915802,0.9773659706115723,0.9367061853408813,0.9578847289085388,0.9471771121025085
769,अपिया की स्थापना 1850 के दशक में हुई थी और 1959 से ही यह सामोआ की आधिकारिक राजधानी है।,एपिया की स्थापना 1850 के दशक में की गई और 1959 से यह समोआ की आधिकारिक राजधानी है.,अपिया की स्थापना 1850 के दशक में हुई थी और यह 1959 से समोआ की आधिकारिक राजधानी है।,0.9619452953338623,0.9691463708877563,0.9655324220657349,0.9702491164207458,0.9781108498573303,0.9741641283035278
770,"बंदरगाह 1889 में एक कुख्यात नौसेना गतिरोध का स्थल था जब जर्मनी, अमेरिका और ब्रिटेन के सात जहाज बंदरगाह छोड़ने से इनकार कर दिया।","1889 में यह बंदरगाह कुख्यात नौसैनिक गतिरोध का ठिकाना था उस समय जर्मनी, अमेरिका और ब्रिटेन के सात जहाजों ने इस बंदरगाह से जाने से इनकार कर दिया था.","इस बंदरगाह पर 1889 में एक कुख्यात नौसैनिक गतिरोध हुआ था जब जर्मनी, अमेरिका और ब्रिटेन के सात जहाजों ने बंदरगाह छोड़ने से इनकार कर दिया।",0.8989623785018921,0.8852318525314331,0.8920443058013916,0.9264064431190491,0.9258288145065308,0.9261175394058228
771,एक ब्रिटिश क्रूजर को छोड़कर सभी जहाज डूब गए। लगभग 200 अमेरिकी और जर्मन जीवन खो गए।,"एक ब्रिटिश क्रूज़र को छोड़कर, सभी जहाज़ डूब गए. करीब 200 अमेरिकी और जर्मन लोगों की मौत हो गई.","सभी जहाज डूब गए, एक ब्रिटिश क्रूजर को छोड़कर। लगभग 200 अमेरिकी और जर्मन जीवन खो गए।",0.9331021904945374,0.8972176313400269,0.9148081541061401,0.9670553803443909,0.960939884185791,0.9639879465103149
772,"मऊ आंदोलन द्वारा आयोजित स्वतंत्रता के लिए संघर्ष के दौरान, शहर में शांतिपूर्ण सभा के परिणामस्वरूप सर्वोच्च प्रमुख तुपुआ तामासे लेलोफी III की हत्या हुई।","माऊ आंदोलन द्वारा स्वतंत्रता के लिए आयोजित संघर्ष के दौरान, नगर में एक शांतिपूर्ण सभा में प्रमुख तापुआ तामासेसे सेलोफ़ी तृतीय की हत्या हो गई.","माउ आंदोलन द्वारा आयोजित स्वतंत्रता के संघर्ष के दौरान,town में एक शांतिपूर्ण सभा में प्रमुख प्रमुख टुपुआ तामसेसे लेलोफी III की हत्या हो गई।",0.9097299575805664,0.9259485602378845,0.9177675247192383,0.9143872857093811,0.9427730441093445,0.9283632636070251
773,ऑकलैंड के दो बंदरगाहों के बीच एक दूसरे के बीच होने के कारण कई समुद्र तट हैं। सबसे लोकप्रिय तीन क्षेत्रों में हैं।,"ऑकलैंड के दो बंदरगाहों में फैले होने की वजह से, यहां कई समुद्री तट हैं. सबसे लोकप्रिय समुद्री तट तीन इलाकों में हैं.",आकलैंड के दो बंदरगाहों के बीच स्थित होने के कारण यहां कई समुद्रतट हैं। सबसे प्रसिद्ध समुद्रतट तीन क्षेत्रों में हैं।,0.8728729486465454,0.8459687232971191,0.8592103123664856,0.9197306036949158,0.9130769968032837,0.9163917303085327
774,नॉर्थ शोर समुद्र तट (उत्तर बंदरगाह जिले में) प्रशांत महासागर पर हैं और उत्तर में लॉन्ग बे से दक्षिण में डेवोनपोर्ट तक फैला है।,"उत्तरी समुद्री तट, (उत्तर हार्बर जिले में) प्रशांत महासागर में हैं और यह उत्तर में लॉन्ग बे से लेकर दक्षिण में डेवनपोर्ट तक फैला हुआ है.",उत्तर तट के समुद्र तट (नॉर्थ हार्बर क्षेत्र में) प्रशांत महासागर के किनारे हैं और ये उत्तरी दिशा में लॉंग बे से लेकर दक्षिण में डेवोनपोर्ट तक फैले हुए हैं।,0.9028215408325195,0.9084798097610474,0.9056418538093567,0.8746194243431091,0.8492398262023926,0.8617427945137024
775,"लगभग सभी रेत के समुद्र तट हैं जिनमें सुरक्षित तैराकी है, और उनमें से अधिकांश में पोहुतुकावा पेड़ों द्वारा छाया प्रदान की जाती है।",ये ज़्यादातर रेत के तट हैं जहाँ तैरना सुरक्षित माना जाता है. इनमें से ज़्यादातर में पोहुकुटावा पेड़ों की छाया रहती है.,"वे लगभग सभी रेत के समुद्र तट हैं जहाँ सुरक्षित तैराकी की जा सकती है, और ज्यादातर में पोहुतुकावा पेड़ों द्वारा छाया प्रदान की जाती है।",0.8498498797416687,0.8432748317718506,0.8465495705604553,0.9382954239845276,0.9319154024124146,0.9350944757461548
776,"तामाकी ड्राइव समुद्र तट वेटामेटा बंदरगाह पर स्थित हैं, जो सेंट्रल ऑकलैंड में मिशन बे और सेंट हेलियर्स के ऊंचा उपनगरों में स्थित है।","तमाकी ड्राइव समुद्री तट वाटेमाटा हार्बर पर, सेंट्रल ऑकलैंड में मिशन बे और सेंट हेलियर्स के महंगे उपनगरों में मौजूद हैं.","तामाकी ड्राइव के समुद्र तट वेटेमाता हार्बर पर हैं, जो केंद्रीय ऑकलैंड के मिशन बे और सेंट हेलियर्स के उच्च स्तर के उपनगरों में स्थित हैं।",0.8978688716888428,0.8866404294967651,0.8922193050384521,0.9085012674331665,0.9094766974449158,0.9089887738227844
777,समुद्र तट पर कई दुकानें हैं।,ये कभी-कभी पारिवारिक भीड़भाड़ वाले समुद्रतट हैं जहाँ किनारों पर कई दुकानों की एक अच्छी श्रृंखला है। तैरना सुरक्षित है।,ये कभी-कभी भरे हुए पारिवारिक समुद्र तट हैं जिनके किनारे दुकानों की अच्छी श्रृंखला है। तैरना सुरक्षित है।,0.8124380111694336,0.6993809342384338,0.7516821622848511,0.7765524387359619,0.6828292608261108,0.7266813516616821
778,"मुख्य स्थानीय बीयर 'नंबर वन' है, यह एक जटिल बीयर नहीं है, बल्कि सुखद और ताज़ा है। अन्य स्थानीय बीयर को 'मंता' कहा जाता है।","मुख्य लोकल बियर ‘Number one’ है, यह एक काम्प्लेक्स बियर नहीं है, बल्कि यह आपको ताजगी देती है. अन्य लोकल बियर को “Manta” कहा जाता है.","मुख्य स्थानीय बियर 'नंबर वन' है, यह एक जटिल बियर नहीं है, बल्कि सुखद और ताज़गी देने वाली है। दूसरी स्थानीय बियर ""मांता"" कहलाती है।",0.8119533061981201,0.8013907670974731,0.8066374659538269,0.9282599687576294,0.9133769869804382,0.9207583665847778
779,"बहुत सारे फ्रेंच वाइन हैं, लेकिन न्यूजीलैंड और ऑस्ट्रेलियाई वाइन बेहतर यात्रा कर सकते हैं।","यहाँ कई तरह की फ़्रेंच वाइन मिलती हैं, लेकिन शायद न्यूज़ीलैंड और ऑस्ट्रेलिया की वाइन बेहतर होगी.","यहां कई फ्रांसीसी वाइन उपलब्ध हैं, लेकिन न्यूज़ीलैंड और ऑस्ट्रेलियाई वाइन शायद बेहतर यात्रा करेंगी।",0.8795652389526367,0.8517707586288452,0.8654448986053467,0.9074975252151489,0.8889628648757935,0.8981345891952515
780,"स्थानीय नल का पानी पीने के लिए बिल्कुल सुरक्षित है, लेकिन बोतल का पानी अगर आप डरते हैं तो मिलना आसान है।","स्थानीय नल का पानी पीने के लिए एकदम सुरक्षित है, लेकिन यदि आपको डर है तो बोतल बंद पानी आसानी से मिल जाता है.","स्थानीय नल का पानी पीने के लिए पूरी तरह से सुरक्षित है, लेकिन यदि आप डरते हैं तो बोतलबंद पानी आसानी से मिल जाता है।",0.8947043418884277,0.8941758275032043,0.8944400548934937,0.9136924147605896,0.9127242565155029,0.9132080078125
781,"ऑस्ट्रेलियाई लोगों के लिए 'प्लेट व्हाइट' कॉफी का विचार विदेशी है। एक छोटा काला 'एस्प्रेसो' है, कैप्पुचिनो क्रीम (फूथ नहीं) के साथ ढेर में आता है, और चाय को दूध के बिना परोसा जाता है।","ऑस्ट्रेलिया के लोगों के लिए, 'फ्लैट व्हाइट' कॉफी का विचार विदेशी है।शॉर्ट ब्लैक 'एस्प्रेसो' है, कैपेचीनो में क्रीम (झाग नहीं) भरा होता है, और चाय दूध के बिना परोसी जाती है।","ऑस्ट्रेलियाओं के लिए 'फ्लैट व्हाइट' कॉफी का विचार विदेशी है। एक शॉर्ट ब्लैक 'एस्प्रेसो' होता है, कैप्पuccino क्रीम के साथ ऊंची परोसी जाती है (फ्रोथ नहीं), और चाय बिना दूध के परोसी जाती है।",0.9027436375617981,0.9055566787719727,0.9041479825973511,0.8920138478279114,0.889274537563324,0.8906421065330505
782,गर्म चॉकलेट बेल्जियम के मानकों के अनुरूप है। फल के रस महंगे हैं लेकिन उत्कृष्ट हैं।,हॉट चॉकलेट बेल्जियम के मानकों पर बनी है. फलों का जूस महंगा है लेकिन बहुत अच्छा है.,गर्म चॉकलेट बेल्जियम के मानकों के अनुसार है। फलों का रस महंगा है लेकिन उत्कृष्ट है।,0.8514423370361328,0.8797309994697571,0.8653556108474731,0.9317675232887268,0.9512835741043091,0.9414243698120117
783,"वर्ष भर में रीफ पर कई यात्राएं की जाती हैं, और रीफ पर इन कारणों में से किसी एक के कारण चोटें कम होती हैं।",रीफ़ की कई यात्राएँ पूरे साल की जाती हैं और इनमें से किसी भी वजह से रीफ़ पर कभी-कभार ही चोट पहुँचती है.,"रीफ पर साल भर कई यात्राएँ की जाती हैं, और रीफ पर इन कारणों से होने वाली चोटें दुर्लभ हैं।",0.834262490272522,0.8065258264541626,0.8201597332954407,0.8946518301963806,0.8938853144645691,0.8942683935165405
784,"फिर भी, अधिकारियों से सलाह लें, सभी संकेतों का पालन करें, और सुरक्षा चेतावनी पर ध्यान दें।","अभी भी प्राधिकारियों से सलाह लें, सभी संकेतों का पालन करें और सुरक्षा चेतावनियों पर पूरा ध्यान दें.","फिर भी, अधिकारियों से सलाह लें, सभी संकेतों का पालन करें, और सुरक्षा चेतावनियों पर ध्यान दें।",0.9420912265777588,0.9190391898155212,0.9304224252700806,0.9909188151359558,0.9866082668304443,0.9887588024139404
785,बक्से के मेधावी समुद्र तटों और नदी के मुखौटे के पास अक्टूबर से अप्रैल तक 1770 के उत्तर में दिखाई देते हैं। उन्हें कभी-कभी इन समयों के बाहर पाया जा सकता है।,"बॉक्स जैलीफ़िश, अक्टूबर से अप्रैल तक 1770 के उत्तर में मौजूद समुद्री तटों के पास और नदी के मुहानों पर नज़र आती हैं. इन महीनों में वे अक्सर बाहर भी मिल सकती हैं.",बॉक्स जेलीफिश अक्टूबर से अप्रैल तक 1770 के उत्तर में समुद्र तटों और नदी के मुहानों के पास होती हैं। ये कभी-कभी इन समयों के बाहर भी पाई जा सकती हैं।,0.8259048461914062,0.8090319633483887,0.8173813819885254,0.8762136697769165,0.8879256248474121,0.8820307850837708
786,"मगर शेरों का अस्तित्व है, लेकिन वे शायद ही कभी इंसानों पर हमला करते हैं।","शार्कों का अस्तित्व है, हालाँकि वे शायद ही कभी मनुष्यों पर हमला करते हैं। अधिकांश शार्क मनुष्यों से डरते हैं और तैर कर दूर चले जाते हैं।","शार्क वास्तव में मौजूद हैं, हालांकि वे शायद ही कभी मनुष्यों पर हमला करते हैं। अधिकांश शार्क मनुष्यों से डरती हैं और दूर तैर जाती हैं।",0.8789632320404053,0.8043006658554077,0.8399761319160461,0.8436115980148315,0.7908662557601929,0.8163878321647644
787,"नमक जल के मगरमच्छ समुद्र में सक्रिय रूप से नहीं रहते हैं, उनका प्राथमिक निवास स्थान रॉकहैम्पटन से उत्तर में नदी के मुखौटे में है।",खारे पानी के मगरमच्छ समुद्र में आम तौर पर नहीं रहते हैं. ये अक्सर रॉकम्प्टन के उत्तर में नदी के मुहाने पर देखे जा सकते हैं.,"नमकीन जल के मगरमच्छ सक्रिय रूप से महासागर में नहीं रहते हैं, उनका मुख्य निवास स्थान रॉकहैम्प्टन के उत्तर में नदी के मुहाने में है।",0.812293529510498,0.8334401249885559,0.8227310180664062,0.9429875016212463,0.9237380027770996,0.9332634806632996
788,अग्रिम बुकिंग से यात्री को मन की शांति मिलती है कि जब वे अपने गंतव्य पर पहुंचेंगे तो उनके पास एक जगह होगी।,पहले से बुकिंग करने से यात्री के मन में यह शांति रहती है कि कम से कम मंज़िल पर पहुँचने के बाद उसे आराम करने की जगह तो मिलेगी।,"अग्रिम बुकिंग करने से यात्री को यह मानसिक शांति मिलती है कि जब वह अपने गंतव्य पर पहुंचेगा, तो उसे कहीं सोने की जगह मिलेगी।",0.8064298629760742,0.8044956922531128,0.8054616451263428,0.9155775308609009,0.879409670829773,0.897129237651825
789,"यात्रा एजेंटों के पास अक्सर विशिष्ट होटल के साथ सौदे होते हैं, हालांकि आपको यात्रा एजेंट के माध्यम से कैंपिंग स्थल जैसे अन्य प्रकार के आवास की बुकिंग संभव हो सकती है।","ट्रैवल एजेंट के पास अक्सर कुछ खास होटलों की डील होती हैं, हालांकि आप ट्रैवल एजेंट के ज़रिए ठहरने के अन्य विकल्प जैसे कि कैम्पिंग ग्राउंड  भी बुक कर सकते हैं।","यात्रा एजेंटों के पास अक्सर विशेष होटलों के साथ सौदे होते हैं, हालांकि आप एक यात्रा एजेंट के माध्यम से कैंपिंग ग्राउंड जैसी अन्य आवास सुविधाओं की बुकिंग करना संभव पा सकते हैं।",0.8221476674079895,0.788619875907898,0.8050348162651062,0.9347405433654785,0.8995254039764404,0.9167949557304382
790,"ट्रैवल एजेंट आमतौर पर ऐसे पैकेज प्रदान करते हैं जिनमें नाश्ता, हवाई अड्डे से/आवाज या यहां तक कि फ्लाइट और होटल पैकेज शामिल होते हैं।","आम तौर पर, ट्रैवल एजेंट ऐसे पैकेज ऑफ़र करते हैं, जिनमें नाश्ता, हवाई अड्डे आने-जाने की व्यवस्था या हवाई यात्रा की टिकट के साथ-साथ होटल का किराया भी शामिल होता है.","यात्रा एजेंट आमतौर पर पैकेज पेश करते हैं जिसमें नाश्ता, हवाई अड्डे से/तक परिवहन व्यवस्था या यहां तक कि संयुक्त उड़ान और होटल पैकेज शामिल होते हैं।",0.8599331378936768,0.8391121625900269,0.8493950366973877,0.8945773839950562,0.9124273061752319,0.9034141898155212
791,वे आपके लिए आरक्षण भी कर सकते हैं यदि आपको प्रस्ताव पर विचार करने या अपने गंतव्य के लिए अन्य दस्तावेज (जैसे वीजा) प्राप्त करने के लिए समय की आवश्यकता है।,"अगर आप ऑफ़र के बारे में सोचने या डेस्टिनेशन के लिए डॉक्युमेंट (जैसे वीज़ा) पाने के लिए समय चाहते हैं, तो वे आपको रिज़र्वेशन की सुविधा भी दे सकते हैं.","वे आपके लिए आरक्षण भी रख सकते हैं यदि आपको प्रस्ताव पर विचार करने या आपके गंतव्य के लिए अन्य दस्तावेज़ जुटाने (जैसे, वीजा) का समय चाहिए।",0.7917646169662476,0.7581667900085449,0.7746015787124634,0.9401764869689941,0.933109700679779,0.9366297125816345
792,"हालांकि, किसी भी संशोधन या अनुरोध को पहले ट्रैवल एजेंट के माध्यम से किया जाना चाहिए और सीधे होटल के साथ नहीं।",कोई भी संशोधन या अनुरोध हालाँकि सीधे होटल के साथ न करके पहले ट्रैवल एजेंट के माध्यम से किया जाना चाहिए.,"किसी भी संशोधन या अनुरोध को पहले यात्रा एजेंट के माध्यम से किया जाना चाहिए, न कि सीधे होटल के साथ।",0.914591908454895,0.9123890995979309,0.9134891629219055,0.9085646271705627,0.9400880336761475,0.9240576028823853
793,"कुछ त्योहारों के लिए, संगीत समारोहों में भाग लेने वालों में से अधिकांश लोग स्थल पर शिविर बनाने का फैसला करते हैं, और अधिकांश उपस्थित इसे अनुभव का एक महत्वपूर्ण हिस्सा मानते हैं।","कुछ फ़ेस्टिवल के लिए, म्यूज़िक फ़ेस्टिवल में आने वाले ज़्यादातर लोग आयोजन की जगह पर ही कैंप लगाने का फ़ैसला लेते हैं, और ज़्यादातर लोग इसे अपने अनुभव का अहम हिस्सा मानते हैं.","कुछ त्योहारों के लिए, संगीत त्योहारों में जाने वाले अधिकांश लोग स्थान पर कैंप करने का निर्णय लेते हैं, और अधिकांश लोग इसे अनुभव का एक महत्वपूर्ण हिस्सा मानते हैं।",0.8357765674591064,0.8118907809257507,0.8236605525016785,0.8658453226089478,0.8960040807723999,0.8806665539741516
794,यदि आप कार्रवाई के करीब होना चाहते हैं तो आपको संगीत के करीब एक शिविर स्थल प्राप्त करने के लिए जल्दी से जाना होगा।,अगर आप ऐक्शन के नज़दीक रहना चाहते हैं तो आपको म्यूज़िक के नज़दीक वाली कैंपिंग साइट पर जल्दी से जल्दी पहुँचना होगा.,"यदि आप कार्रवाई के करीब रहना चाहते हैं, तो आपको जल्दी आना होगा ताकि संगीत के करीब एक कैम्पिंग साइट मिल सके।",0.8112685680389404,0.7978339791297913,0.8044952154159546,0.8855330348014832,0.8401764035224915,0.8622586727142334
795,"याद रखें कि भले ही मुख्य मंचों पर संगीत समाप्त हो गया हो, लेकिन त्योहार के कुछ हिस्से रात तक संगीत बजाते रहेंगे।","याद रखें कि मुख्य स्टेज पर म्यूज़िक बंद हो जाने के बाद भी, फ़ेस्टिवल के कुछ हिस्से ऐसे होंगे जो देर रात तक संगीत बजाते रहेंगे.","याद रखें कि भले ही मुख्य मंचों पर संगीत खत्म हो गया हो, फिर भी त्योहार के कुछ हिस्से ऐसे हो सकते हैं जो रात के गहरे समय तक संगीत बजाते रहेंगे।",0.8555206060409546,0.8266732096672058,0.8408496379852295,0.932803213596344,0.8910055160522461,0.9114254713058472
796,कुछ त्यौहारों में छोटे बच्चों वाले परिवारों के लिए विशेष शिविर स्थल हैं।,कुछ फ़ेस्टिवल में छोटे बच्चों के साथ आने वाले परिवारों के लिए कैंप लगाने के ख़ास इलाके होते हैं.,कुछ त्योहारों के लिए छोटे बच्चों वाले परिवारों के लिए विशेष कैंपिंग क्षेत्र होते हैं।,0.8513530492782593,0.8157331943511963,0.8331626057624817,0.8980342149734497,0.894212543964386,0.8961192965507507
797,"सर्दियों में उत्तरी बाल्टिक पार करने पर, कैबिन की जगह की जांच करें, क्योंकि बर्फ के माध्यम से जाने से सबसे अधिक प्रभावित लोगों के लिए काफी भयानक शोर होता है।","अगर आप सर्दियों में उत्तरी बाटलिक को पार करते हैं, तो आपको केबिन स्थान की जांच करनी होगी , क्योंकि क्योंकि जो लोग ज्यादा प्रभावित है उन्हें बर्फ से गुजरने पर काफी भयानक शोर महसूस होगा ।","यदि सर्दियों में उत्तरी बाल्टिक को पार कर रहे हैं, तो केबिन का स्थान जांचें, क्योंकि बर्फ के माध्यम से जाने से उन पर सबसे अधिक प्रभाव डालने वालों के लिए काफी भयानक शोर होता है।",0.8552334308624268,0.8040568828582764,0.8288559913635254,0.9161949157714844,0.8864913582801819,0.9010984301567078
798,सेंट पीटर्सबर्ग क्रूज में शहर में समय शामिल है। क्रूज यात्रियों को वीजा आवश्यकताओं से छूट दी गई है (सर्तों की जांच करें) ।,सेंट पीटर्सबर्ग पोतविहार में शहर में समय बिताना शामिल है। पोतविहार यात्रियों को वीज़ा आवश्यकताओं (शर्तों को जाँचें) से छूट दी गई है।,सेंट पीटरबर्ग क्रूज़ में शहर में समय शामिल है। क्रूज़ यात्रियों को वीज़ा आवश्यकताओं से छूट है (शर्तें जांचें)।,0.9005936980247498,0.8794520497322083,0.8898972868919373,0.9408903121948242,0.9540486931800842,0.9474238753318787
799,"कैसीनो में आम तौर पर मेहमानों द्वारा खर्च किए जाने वाले समय और धन को अधिकतम करने के लिए बहुत प्रयास किए जाते हैं। खिड़कियां और घड़ियाँ आमतौर पर अनुपस्थित होती हैं, और बाहर निकलने के लिए मुश्किल हो सकता है।",कैसिनो आमतौर पर मेहमानों द्वारा खर्च किए गए समय और धन को अधिकतम करने के लिए कई प्रयास करते हैं. इसमें आमतौर पर खिड़कियाँ और घड़ियाँ नहीं होती हैं और बाहर जाने का रास्ता ढूंढना काफी कठिन हो सकता है.,"कसीनो आमतौर पर मेहमानों द्वारा खर्च किए गए समय और धन को अधिकतम करने के लिए कई प्रयास करते हैं। वहां खिड़कियाँ और घड़ियाँ आमतौर पर नहीं होती हैं, और निकास ढूँढना कठिन हो सकता है।",0.8640031814575195,0.8761508464813232,0.8700345754623413,0.8714147806167603,0.8843165636062622,0.8778182864189148
800,"उनके पास आम तौर पर अतिथि को अच्छे मूड में रखने के लिए विशेष भोजन, पेय और मनोरंजन की पेशकश होती है और उन्हें परिसर में रखा जाता है।","आम तौर पर वे खास तरह के खाने-पीने और मनोरंजन की व्यवस्था रखते हैं, ताकि उनके मेहमानों का मूड अच्छा रहे और वे वहीं पर बने रहें.","वे आमतौर पर विशेष भोजन, पेय और मनोरंजन के प्रस्ताव रखते हैं, ताकि मेहमान अच्छे मूड में रहें और परिसर में बने रहें।",0.7682956457138062,0.770813524723053,0.76955246925354,0.8340810537338257,0.8262686133384705,0.8301565051078796
801,कुछ जगहों पर शराब पीने की व्यवस्था होती है। लेकिन शराब पीने से न्याय खराब हो जाता है और अच्छे जुआरी समझते हैं कि खुद को ठीक रखने का क्या महत्व है।,"कुछ स्थान मादक पेय प्रदान करते हैं | हालांकि, नशे से निर्णय प्रभावित होता हैै, और सभी अच्छे जुआरी सादा रहने के महत्व को जानते हैं।","कुछ स्थान मुफ्त में शराब प्रदान करते हैं। हालांकि, नशा व्यक्ति की निर्णय क्षमता को प्रभावित करता है, और सभी अच्छे जुआरी जानते हैं कि sober रहना कितना महत्वपूर्ण है।",0.7607578039169312,0.7844125032424927,0.7724040746688843,0.7904178500175476,0.7985515594482422,0.7944638729095459
802,"जो कोई भी उच्च अक्षांशों पर या पहाड़ी गलियारे पर गाड़ी चलाएगा, उसे बर्फ, बर्फ या ठंडे तापमान की संभावना पर विचार करना चाहिए।","जो भी ऊँचाई या पहाड़ी दर्रे पर गाड़ी चलाने जा रहा है, उसे हिम, बर्फ या ठंड के तापमान की संभावना के विचार को मन में रखना चाहिए।","जो कोई भी उच्च अक्षांशों पर या पर्वत दर्रों के पार गाड़ी चलाने जा रहा है, उसे बर्फ, बर्फीले मौसम या ठंडी temperaturas की संभावना पर विचार करना चाहिए।",0.8787268996238708,0.8513713479042053,0.864832878112793,0.9212881922721863,0.8963408470153809,0.9086433053016663
803,बर्फ और बर्फ की सड़क पर घर्षण कम होता है और आप ऐसे वाहन नहीं चला सकते जैसे आप खाली असfalt पर हों।,"बर्फीले और हिममय सड़कों पर, घर्षण कम होता है और आप ड्राइव नहीं कर सकेंगे जैसे कि आप केवल डामर पर चला रहे हों।","बर्फीले और बर्फ से ढके रास्तों पर, घर्षण कम होता है और आप उसे अपनी कच्ची एस्फाल्ट पर चलाने की तरह नहीं चला सकते।",0.8457155227661133,0.8107099533081055,0.8278428316116333,0.8363327980041504,0.8108367919921875,0.8233874440193176
804,"बर्फबारी के दौरान, बहुत कम समय में आपको फंसने के लिए पर्याप्त बर्फ गिर सकती है।","बर्फ़ीले तूफ़ान के दौरान, आपको फँसाने के लिए पर्याप्त बर्फ बहुत कम समय में गिर सकती है।","बर्फ़बारी के दौरान, आपको फंसाने के लिए पर्याप्त बर्फ बहुत कम समय में गिर सकती है।",0.9391070604324341,0.9015505313873291,0.9199455976486206,0.9629381895065308,0.9574111700057983,0.9601666927337646
805,वाहन की खिड़कियों पर बर्फ गिरने या बहने या संक्षेपण या बर्फ से भी दृश्यता सीमित हो सकती है।,बर्फ गिरने या वाहन की खिड़कियों पर बर्फ के संघनन से भी दृश्यता कम हो सकती है।,दृश्यता गिरती या उड़ती हुई बर्फ या वाहन की खिड़कियों पर संघनन या बर्फ के कारण भी सीमित हो सकती है।,0.8690903186798096,0.9085625410079956,0.8883882164955139,0.8704149127006531,0.872045636177063,0.8712295889854431
806,"दूसरी ओर, कई देशों में ठंडी और बर्फबारी सामान्य है, और अधिकांश समय पूरे वर्ष यातायात में कोई रुकावट नहीं होती है।","वहीं दूसरी ओर, कई देशों में ठंडी और बर्फ़ भरी परिस्थितियां होना आम बात है, और ट्रैफ़िक पूरे साल ज़्यादातर बिना रुकावट चलता रहता है.","वहीं, कई देशों में बर्फीली और हिमपात की स्थिति सामान्य है, और ट्रैफ़िक ज्यादातर साल भर बिना किसी रुकावट के चलता है।",0.8495305180549622,0.7965530753135681,0.8221892714500427,0.8440219163894653,0.8197771906852722,0.8317229151725769
807,सफारी शायद अफ्रीका में सबसे बड़ा पर्यटन आकर्षण है और कई आगंतुकों के लिए आकर्षण है।,सफ़ारी शायद अफ्रीका में सबसे बड़े पर्यटन केंद्र हैं और ये कई आगंतुकों को आकर्षित करते है.,सफारी शायद अफ्रीका में पर्यटन का सबसे बड़ा आकर्षण है और कई आगंतुकों के लिए यह मुख्य आकर्षण है।,0.9118771553039551,0.8976864218711853,0.9047260880470276,0.9692851305007935,0.9518479108810425,0.9604873657226562
808,"लोकप्रिय उपयोग में सफारी शब्द का अर्थ है अफ़्रीकी अद्भुत वन्यजीवों को देखने के लिए भूमि पर यात्रा करना, विशेष रूप से सावन पर।",विशेष रूप से सवाना पर बेहतरीन अफ़्रीकी वन्य जीवन को संपूर्ण रूप से देखने के लिए आमतौर पर सफ़ारी शब्द का उपयोग किया जाता है.,"शब्द ""सफारी"" का लोकप्रिय उपयोग अफ़्रीकी वन्य जीवन को देखने के लिए भूमि पर यात्रा करने के लिए किया जाता है, विशेष रूप से सवाना में।",0.8047396540641785,0.7947072386741638,0.7996920347213745,0.8674961924552917,0.8815500736236572,0.8744666576385498
809,हाथी और जिराफ जैसे कुछ जानवर कारों के करीब आते हैं और मानक उपकरण देखने की सुविधा देते हैं।,"हाथी और जिराफ़ जैसे कुछ जानवर, कारों के बहुत करीब चले आते हैं और मानक उपकरण से अच्छा नज़ारा दिखाई देगा.","कुछ जानवर, जैसे हाथी और जिराफ, कारों के करीब आने की प्रवृत्ति रखते हैं और मानक उपकरण अच्छे दृश्यता की अनुमति देते हैं।",0.8852183818817139,0.8585155010223389,0.8716624975204468,0.896253228187561,0.8319289088249207,0.8628940582275391
810,"शेर, चीपर और तेंदुए कभी-कभी शर्मीले होते हैं और आप उन्हें बिनोकुलर से बेहतर देखेंगे।","कभी-कभी शेर, चीते और तेंदुए शर्मीले होते हैं. आप उन्हें दूरबीन के ज़रिए अच्छी तरह से देख पाएँगे.","शेर, चीता और तेंदुआ कभी-कभी शर्मीले होते हैं, और आप उन्हें दूरबीन के साथ बेहतर देख सकते हैं।",0.8534541726112366,0.8224080801010132,0.8376435041427612,0.9056919813156128,0.9125075936317444,0.9090870022773743
811,"एक पैदल यात्रा (जिसे ""बश पैदल"", ""पैदल यात्रा"" या ""पाद जाने"" भी कहा जाता है) में कुछ घंटे या कई दिनों के लिए पैदल यात्रा शामिल है।","वॉकिंग सफारी (जिसे “बुश वॉक”, “हाइकिंग सफारी” या “पैदल चलना” भी कहा जाता है) में कुछ दिनों या कई दिनों की हाइकिंग शामिल होती है.","एक वॉकिंग सफारी (जिसे ""बुश वॉक"", ""हाइकिंग सफारी"" या ""फुटिंग"" भी कहा जाता है) में कुछ घंटों या कई दिनों तक हाइकिंग करना शामिल होता है।",0.8207612037658691,0.7792199850082397,0.7994513511657715,0.8678029179573059,0.8439801931381226,0.8557257652282715
812,पैरालंपिक 24 अगस्त से 5 सितंबर 2021 तक आयोजित किए जाएंगे। कुछ आयोजन पूरे जापान में अन्य स्थानों पर आयोजित किए जाएंगे।,पैरालिम्पिक्स 24 अगस्त 2021 से 5 सितंबर 2021 तक होंगे. कुछ इवेंट जापान के अन्य स्थानों में होंगे.,पैरालंपिक 24 अगस्त से 5 सितंबर 2021 तक होंगे। कुछ कार्यक्रम जापान के अन्य स्थानों पर आयोजित किए जाएंगे।,0.8426303863525391,0.862900972366333,0.852645218372345,0.9385355710983276,0.9536513090133667,0.9460330605506897
813,"टोक्यो दो ग्रीष्मकालीन ओलंपिक खेलों की मेजबानी करने वाला एकमात्र एशियाई शहर होगा, 1964 में खेलों की मेजबानी की गई थी।","टोक्यो, जिसने 1964 में खेलों की मेजबानी की थी, दो ग्रीष्मकालीन खेलों की मेजबानी करने वाला एकमात्र एशियाई शहर होगा।","टोक्यो दो समर ओलंपिक खेलों की मेज़बानी करने वाला एकमात्र एशियाई शहर होगा, जिसने 1964 में खेलों की मेज़बानी की थी।",0.897688627243042,0.9019297361373901,0.8998042345046997,0.9490883350372314,0.9284054040908813,0.9386329650878906
814,"यदि आपने स्थगित होने की घोषणा से पहले 2020 के लिए अपनी उड़ानें और आवास बुक किए हैं, तो आपके पास एक मुश्किल स्थिति हो सकती है।","यदि आपने स्थगन की घोषणा से पहले 2020 के लिए अपनी उड़ानें और रहने के स्थान बुक किए थे, तो यह आपके लिए एक मुश्किल स्थिति हो सकती है।","यदि आपने 2020 के लिए अपनी उड़ानें और आवास रद्दीकरण की घोषणा से पहले बुक की थीं, तो आप एक कठिन स्थिति में हो सकते हैं।",0.9394232034683228,0.9345563650131226,0.9369834661483765,0.8644313812255859,0.8819042444229126,0.8730804324150085
815,"रद्द करने की नीति भिन्न होती है, लेकिन मार्च के अंत तक अधिकांश कोरोनावायरस आधारित रद्द करने की नीति जुलाई 2020 तक नहीं बढ़ी, जब ओलंपिक निर्धारित किया गया था।","कैंसल करने की नीतियों में फ़र्क हो सकता है लेकिन मार्च के आखिर में कोरोना वायरस के आधार पर कैंसल करने की ज़्यादातर नीतियाँ जुलाई 2020 तक नहीं बढ़ाई जाती हैं, यानी जब ओलंपिक शेड्यूल किया गया था.","रद्द करने की नीतियाँ भिन्न होती हैं, लेकिन मार्च के अंत तक, अधिकांश कोरोनावायरस आधारित रद्द करने की नीतियाँ जुलाई 2020 तक नहीं बढ़ती हैं, जब ओलंपिक का आयोजन होने वाला था।",0.8649579286575317,0.8310824632644653,0.8476819396018982,0.9319701194763184,0.9347649812698364,0.9333654642105103
816,"यह अनुमान है कि अधिकांश इवेंट टिकटों की कीमत 2,500 से 130,000 येन के बीच होगी, जिसमें आम टिकटों की कीमत लगभग 7,000 येन होगी।","यह उम्मीद है कि ईवेंट की अधिकांश टिकटों की कीमत ¥ 2,500 से ¥130,000 के बीच होगी, जिसमें प्ररूपी टिकटों की कीमत लगभग  ¥7,000 होगी।","यह अपेक्षित है कि अधिकांश कार्यक्रम के टिकट की कीमत ¥2,500 से ¥130,000 के बीच होगी, जबकि सामान्य टिकट की कीमत लगभग ¥7,000 होगी।",0.901604175567627,0.880846381187439,0.8911044001579285,0.8752479553222656,0.8800963163375854,0.8776654005050659
817,"कई होटल में लोहे और लोहे की बोर्ड उपलब्ध है, भले ही कमरे में कोई मौजूद न हो।","नमी वाले कपड़ों को सुखाने के लिए उन पर इस्त्री की जा सकती है. कई होटल में लोन पर कपड़े प्रेस करने वाली ईस्त्री और बोर्ड मिलते हैं, चाहे ये चीज़ें कमरे में न भी हों.","इस्त्री करने से नम कपड़े जल्दी सूख सकते हैं। कई होटलों में इस्त्री और इस्त्री बोर्ड उधार के लिए उपलब्ध होते हैं, भले ही कमरे में एक न हो।",0.794516384601593,0.7470211386680603,0.770037055015564,0.8430813550949097,0.7883548140525818,0.8148002028465271
818,"यदि लोहे की आपूर्ति नहीं है, या यदि आप लोहे के जूते पहनना पसंद नहीं करते हैं, तो आप हेयर ड्रायर का उपयोग कर सकते हैं, यदि उपलब्ध हो।","यदि प्रेस उपलब्ध नहीं है, या यदि आप प्रेस किए गए मोजे पहनने की इच्छा नहीं रखते हैं, तो आप यदि उपलब्ध हो तो हेयरड्रायर के इस्तेमाल पर विचार कर सकते हैं.","यदि आयरन उपलब्ध नहीं है, या अगर आपको प्रेस किए हुए मोजे पहनने का मन नहीं है, तो आप हेयरड्रायर का इस्तेमाल कर सकते हैं, अगर वो उपलब्ध है।",0.8621215224266052,0.8685076236724854,0.8653027415275574,0.8479723334312439,0.8437013626098633,0.8458313941955566
819,"सावधान रहें कि कपड़े को बहुत गर्म न हो जाए (जो संकुचन या चरम मामलों में, जलने का कारण बन सकता है) ।","सावधान रहें कि कपड़े को बहुत गर्म न होने दें (जो सिकुड़न का कारण बन सकता है, या बहुत गरम होने पर, जल सकता है)।","सावधान रहें कि कपड़ा बहुत गर्म न हो जाए (जिससे सिकुड़न हो सकती है, या अत्यधिक मामलों में, झुलसना भी हो सकता है)।",0.8859961032867432,0.8964427709579468,0.8911888599395752,0.8776217103004456,0.8584500551223755,0.867929995059967
820,"पानी को शुद्ध करने के विभिन्न तरीके हैं, कुछ विशिष्ट खतरों के खिलाफ अधिक प्रभावी हैं।","पानी को शुद्ध करने के अनेक तरीके हैं, इसमें कुछ विशिष्ट खतरों को कम करने के लिये कारगर है।","पानी को शुद्ध करने के विभिन्न तरीके हैं, कुछ विशेष खतरों के खिलाफ अधिक प्रभावी हैं।",0.8861468434333801,0.8763734102249146,0.8812329769134521,0.993577241897583,0.993577241897583,0.993577241897583
821,"कुछ इलाकों में एक मिनट के लिए पानी उबालना पर्याप्त है, जबकि अन्य इलाकों में कई मिनट की जरूरत होती है।","कुछ क्षेत्रों में पानी को एक मिनट के लिए उबालना काफी होता है, अन्य क्षेत्रों में कई मिनट तक उबलाने की आवश्यकता होती है.","कुछ क्षेत्रों में एक मिनट के लिए पानी उबालना पर्याप्त है, जबकि अन्य में कई मिनटों की आवश्यकता होती है।",0.8691696524620056,0.892376184463501,0.880620002746582,0.9114646911621094,0.9554715156555176,0.9329494833946228
822,"फिल्टर की प्रभावशीलता भिन्न होती है, और यदि आपको कोई चिंता है, तो आपको अपनी पानी को एक सील की बोतल में एक प्रतिष्ठित कंपनी से खरीदने पर विचार करना चाहिए।","फिल्टर प्रभावशीलता में अलग अलग होते हैं, और आपको पहले इस पर विचार करना चाहिए, फिर आपको एक सम्मानित कंपनी से सील की बोतल में अपना पानी खरीदने पर विचार करना चाहिए।","फिल्टरों की प्रभावशीलता में भिन्नता होती है, और यदि आपके पास कोई चिंता है, तो आपको एक प्रतिष्ठित कंपनी से सील की हुई बोतल में अपना पानी खरीदने पर विचार करना चाहिए।",0.866765022277832,0.8814921379089355,0.8740665316581726,0.9368088245391846,0.9253939390182495,0.9310663938522339
823,यात्रा करने वाले जानवरों से ऐसे कीटों का सामना कर सकते हैं जो उनके घर के क्षेत्रों में उन्हें परिचित नहीं हैं।,"यात्रियों को उन जानवरों और कीड़ों का सामना करना पड़ता है, जिससे वे अपने गृह क्षेत्र में परिचित नहीं होते हैं.",यात्री ऐसे पशु कीड़े का सामना कर सकते हैं जिनसे वे अपने घर के क्षेत्रों में परिचित नहीं हैं।,0.8579056262969971,0.8384507894515991,0.8480666279792786,0.8767351508140564,0.8749830722808838,0.8758581876754761
824,"कीट भोजन को खराब कर सकते हैं, चिड़चिड़ापन पैदा कर सकते हैं, या इससे भी बदतर स्थिति में एलर्जी की प्रतिक्रियाएं पैदा कर सकते हैं, जहर फैल सकते हैं या संक्रमण फैला सकते हैं।","कीट भोजन को ख़राब कर सकते हैं, जलन पैदा कर सकते हैं, या इससे भी बदतर स्थिति में एलर्जी पैदा कर सकते हैं, विष फैला सकते हैं या संक्रमण फैला सकते हैं.","कीट भोजन को खराब कर सकते हैं, जलन पैदा कर सकते हैं, या बुरे मामले में एलर्जी की प्रतिक्रियाएं, जहर फैला सकते हैं, या संक्रमण फैला सकते हैं।",0.915115475654602,0.9524495601654053,0.9334093332290649,0.9160858392715454,0.9409265518188477,0.9283400177955627
825,"संक्रामक रोग स्वयं या खतरनाक जानवर जो लोगों को चोट पहुंचा सकते हैं या बल से मार सकते हैं, आमतौर पर कीटों के रूप में नहीं गिना जाते हैं।","संक्रामक बीमारियां, या खतरनाक जानवर जो बल द्वारा लोगों को घायल या मार सकते हैं, आमतौर पर कीट नहीं माने जाते हैं।","संक्रामक बीमारियाँ स्वयं, या खतरनाक जानवर जो लोगों को बल के द्वारा चोट पहुँचाने या मारने में सक्षम होते हैं, आमतौर पर कीटों के रूप में नहीं माने जाते हैं।",0.8656514883041382,0.8838070034980774,0.8746349811553955,0.9128314852714539,0.8906481266021729,0.9016033411026001
826,शुल्क मुक्त खरीदारी कुछ स्थानों पर करों और एक्सीज से मुक्त वस्तुओं को खरीदने का अवसर है।,शुल्क मुक्त खरीदारी कुछ स्थानों पर करों और उत्पाद शुल्क से छूट वाले सामान खरीदने का अवसर है.,ड्यूटी फ्री खरीदारी उन स्थानों पर कर और एक्साइज से मुक्त वस्तुएं खरीदने का अवसर है।,0.9015320539474487,0.8802821636199951,0.8907803893089294,0.8944215774536133,0.8953486680984497,0.8948848843574524
827,"भारी करों वाले देशों के लिए यात्रा करने वाले कभी-कभी काफी धन बचा सकते हैं, खासकर शराब और तंबाकू जैसे उत्पादों पर।",ज़्यादा टैक्स वाले देशों में रहने वाले पर्यटक कभी-कभी खास तौर पर मादक पेय और तम्बाकू जैसे उत्पादों पर काफ़ी बचत कर सकते हैं.,"यात्रियों जो उच्च करों वाले देशों के लिए यात्रा कर रहे हैं, वे कभी-कभी काफी मात्रा में पैसे बचा सकते हैं, विशेष रूप से शराब और तंबाकू जैसे उत्पादों पर।",0.8559874892234802,0.8313685655593872,0.8434984087944031,0.9320260882377625,0.8990967869758606,0.9152653217315674
828,"प्वाइंट मैरियन और फेयरमोंट के बीच का क्षेत्र बफलो-पिट्सबर्ग राजमार्ग पर सबसे चुनौतीपूर्ण ड्राइविंग स्थितियों को प्रस्तुत करता है, जो अक्सर अलग-अलग बैकवुड इलाके से गुजरता है।","बफ़ेलो-पिट्सबर्ग हाइवे पर पॉइंट मैरियन और फ़ेयरमोंट के बीच का हिस्सा गाड़ी चलाने की सबसे चुनौती भरी स्थितियाँ पैदा करता है, जहाँ रास्ता अक्सर सुनसान जंगल के बीच से होकर गुज़रता है.","पॉइंट मेरीऑन और फ़ेयरमॉन्ट के बीच का खंड बफ़ेलो-पिट्सबर्ग हाईवे पर सबसे चुनौतीपूर्ण ड्राइविंग स्थितियाँ प्रस्तुत करता है, जो अक्सर एकांत पिछवाड़े के क्षेत्र से होकर गुजरता है।",0.8611688613891602,0.8515415191650391,0.8563280701637268,0.8985226154327393,0.8982527256011963,0.8983876705169678
829,"यदि आप ग्रामीण सड़कों पर ड्राइविंग करने के लिए नहीं उपयोग करते हैं, तो अपने बारे में सावधान रहेंः तीखे निशान, संकीर्ण लेन और तेज वक्रता प्रमुख हैं।","यदि आपको देश की सड़कों पर वाहन चलाने की आदत नहीं है, तो अपने साथ यह जानकारी रखें : स्टीप ग्रेड्‍स, पतली गलियाँ और ख़तरनाक मोड़.","यदि आप ग्रामीण सड़कों पर ड्राइविंग के लिए अभ्यस्त नहीं हैं, तो सजग रहें: यहाँ तेज ढलान, संकीर्ण लेन और तेज मोड़ आम हैं।",0.7698116898536682,0.7707545161247253,0.7702828049659729,0.8756113052368164,0.8853980302810669,0.8804774284362793
830,प्रकाशित गति सीमाएँ पहले और बाद के खंडों की तुलना में काफी कम हैं  आम तौर पर 35-40 मील प्रति घंटा (56-64 किमी/घंटा)  और उनके लिए सख्त आज्ञाकारी होना अन्य से भी अधिक महत्वपूर्ण है।,जारी की गयी गति सीमाएं पहले की तुलना में काफी कम है -आमतौर पर यह 35-40 मील प्रति घंटा(56-60 किमी प्रति घंटा ) और उनके लिए सख्त नियम काफी जरूरी है,पोस्टेड स्पीड लिमिट्स पहले और बाद के सेक्शन की तुलना में स्पष्ट रूप से कम हैं - सामान्यतः 35-40 मील प्रति घंटे (56-64 किमी/घंटा) - और इनका कड़ाई से पालन करना अन्यथा की तुलना में और भी अधिक महत्वपूर्ण है।,0.8495544791221619,0.8722554445266724,0.8607553839683533,0.8700822591781616,0.8475974798202515,0.8586927056312561
831,"हालांकि, दिलचस्प बात यह है कि यहां मोबाइल फोन सेवा मार्ग के कई अन्य हिस्सों की तुलना में बहुत अधिक मजबूत है, जैसे पेंसिल्वेनिया वाइल्ड्स।",दिलचस्प बात यह है कि पेंसिलवेनिया वाइल्ड्स जैसे रास्ते के दूसरे कई हिस्सों के मुकाबले यहां मोबाइल फ़ोन सेवा ज़्यादा बेहतर है.,"दिलचस्प बात यह है कि मोबाइल फोन सेवा यहाँ कई अन्य जगहों की तुलना में कहीं अधिक मजबूत है, जैसे कि पेनसिल्वेनिया वाइल्ड्स।",0.8765839338302612,0.8573189973831177,0.8668444156646729,0.9250258803367615,0.9366313219070435,0.9307924509048462
832,"जर्मन पेस्ट्री काफी अच्छी होती है, और बावरिया में, वे काफी समृद्ध और विविध होती हैं, जैसे कि उनके दक्षिणी पड़ोसी, ऑस्ट्रिया की तरह।","जर्मन पेस्ट्री काफी अच्छे होते हैं, और बवेरिया में, अपने दक्षिणी पड़ोसी, ऑस्ट्रिया के समान काफी समृद्ध और विविध होते हैं।","जर्मन पेस्ट्री बहुत अच्छी होती हैं, और बवेरिया में, वे काफी समृद्ध और विविध होती हैं, उनके दक्षिणी पड़ोसी ऑस्ट्रिया के पेस्ट्री के समान।",0.9085325598716736,0.9263777136802673,0.9173683524131775,0.9398732781410217,0.9436666369438171,0.9417661428451538
833,"फल के पेस्ट्री आम हैं, जिसमें साल भर सेब पेस्ट्री में पकाए जाते हैं और सर्दियों में चेरी और प्लम दिखाई देते हैं।","फ़्रूट पेस्ट्री आम हैं, जिसमें पूरे साल सेब को पकाकर पेस्ट्री बनाई जाती हैं, और चेरी और प्लम गर्मियों के दौरान दिखाई देते हैं.","फलों के पेस्ट्री सामान्य हैं, जिनमें साल भर सेब को पेस्ट्री में पकाया जाता है, और गर्मियों में चेरी और आलूबुखारे का उपयोग किया जाता है।",0.8825348019599915,0.8630533814430237,0.8726853728294373,0.8768719434738159,0.8645936846733093,0.8706895709037781
834,"कई जर्मन बेकिंग उत्पादों में बादाम, हेज़ेलनट और अन्य पेड़ के नट भी होते हैं। लोकप्रिय केक अक्सर एक कप मजबूत कॉफी के साथ विशेष रूप से अच्छी तरह से जुड़ते हैं।","कई जर्मन बेक्ड सामानों में बादाम, अखरोट और दूसरे पेड़ों की गिरी शामिल हैं. लोकप्रिय केक अक्सर विशेष रूप से स्ट्रॉन्ग कॉफ़ी के साथ अच्छे लगते हैं.","कई जर्मन बेक्ड सामानों में भी बादाम, हेज़लनट और अन्य मेवे शामिल होते हैं। लोकप्रिय केक अक्सर एक कप मजबूत कॉफी के साथ विशेष रूप से अच्छी तरह मिलते हैं।",0.8663020133972168,0.8819465637207031,0.8740542531013489,0.9151087999343872,0.9424411058425903,0.9285739064216614
835,"यदि आप कुछ छोटे लेकिन समृद्ध पेस्ट्री चाहते हैं, तो क्षेत्र के आधार पर बर्लिनर, फैनकुचेन या क्रापफेन कहा जाता है।","अगर आप कुछ छोटी लेकिन पौष्टिक पेस्ट्रीज़ चाहते हैं, तो आप क्षेत्र के आधार पर बर्लिनर, पेनकेक्स या कैफ़्रेन आज़मा सकते हैं","अगर आप कुछ छोटे लेकिन समृद्ध पेस्ट्रीज़ चाहते हैं, तो आप क्षेत्र के अनुसार जो बर्लिनर, प्फान्कुचेन या क्रैफ़न कहलाते हैं, आज़मा सकते हैं।",0.8578554391860962,0.8485116362571716,0.8531579971313477,0.9083162546157837,0.8675525188446045,0.8874664902687073
836,"करी एक व्यंजन है जो जड़ी बूटियों और मसालों पर आधारित है, या तो मांस या सब्जियों के साथ।",करी एक ऐसा व्यंजन है जिसे मांस या सब्ज़ियों साथ जड़ूी-बूटियाँ और मसाले मिलाकर बनाया जाता है.,"एक करी एक ऐसा व्यंजन है जो जड़ी-बूटियों और मसालों पर आधारित होता है, जिसमें या तो मांस या सब्जियाँ होती हैं।",0.8585880398750305,0.8438587188720703,0.8511596918106079,0.93776935338974,0.9114988446235657,0.9244474768638611
837,"एक करी तरल पदार्थ की मात्रा के आधार पर या तो ""सूखा"" या ""नल"" हो सकता है।",तरलता के आधार पर एक करी “सूखी” या “गीली” हो सकती है.,"एक करी ""सूखी"" या ""गीली"" हो सकती है, जो तरल की मात्रा पर निर्भर करती है।",0.7993446588516235,0.8080220818519592,0.8036599159240723,0.8538022041320801,0.8310873508453369,0.8422917127609253
838,"उत्तर भारत और पाकिस्तान के अंतर्देशीय क्षेत्रों में, दही का उपयोग आमतौर पर करी में किया जाता है; दक्षिणी भारत और उपमहाद्वीप के कुछ अन्य तटीय क्षेत्रों में, नारियल दूध का उपयोग आमतौर पर किया जाता है।",उत्तरी भारत और पाकिस्तान के अंतर्देशीय क्षेत्रों में आमतौर पर दही का उपयोग करी में किया जाता है; दक्षिणी भारत में और उपमहाद्वीप के कुछ अन्य तटीय क्षेत्रों में आमतौर पर नारियल के दूध का उपयोग किया जाता है।,"उत्तर भारत और पाकिस्तान के आंतरिक क्षेत्रों में, दही का उपयोग आमतौर पर करी में किया जाता है; दक्षिण भारत और उपमहाद्वीप के कुछ अन्य तटीय क्षेत्रों में, नारियल का दूध का उपयोग आमतौर पर किया जाता है।",0.9569563269615173,0.9595881700515747,0.9582704901695251,0.9712159037590027,0.9795884490013123,0.9753841757774353
839,"17,000 द्वीपों के साथ, इंडोनेशियाई भोजन देश भर में पाए जाने वाले विभिन्न क्षेत्रीय व्यंजनों को कवर करने वाला एक व्यापक शब्द है।","कुल 17,000 द्वीपों में से, इंडोनेशियाई भोजन एक व्यापक शब्द है, जो देश भर में पाए जाने वाले विभिन्न प्रकार के क्षेत्रीय व्यंजनों को अपने भीतर समाहित करता है।","17,000 द्वीपों के विकल्प के साथ, इंडोनेशियाई भोजन एक छत्र शब्द है जो देश भर में पाए जाने वाले क्षेत्रीय व्यंजनों की विशाल विविधता को दर्शाता है।",0.9327572584152222,0.8988187909126282,0.9154735207557678,0.9212485551834106,0.8808194398880005,0.9005804657936096
840,"लेकिन, यदि इस शब्द का प्रयोग बिना किसी अन्य योग्यता के किया जाता है, तो इसका अर्थ मुख्य द्वीप जावा के मध्य और पूर्वी भागों से मूल रूप से आने वाले भोजन को होता है।","लेकिन, अगर अतिरिक्त क्वालिफ़ायर के बिना इस्तेमाल किया जाए, तो इस शब्द का मतलब ऐसे खाने से है जो मूल रूप से मुख्य जावा द्वीप के मध्य और पूर्वी हिस्सों से आता है.","लेकिन, यदि इसे आगे के विशेषणों के बिना इस्तेमाल किया जाए, तो यह शब्द मूल रूप से मुख्य द्वीप जावा के मध्य और पूर्वी हिस्सों से आने वाले खाद्य पदार्थों का अर्थ रखता है।",0.8241184949874878,0.7926645278930664,0.808085560798645,0.869143009185791,0.8595958948135376,0.8643430471420288
841,"अब पूरे द्वीपसमूह में व्यापक रूप से उपलब्ध, जावा व्यंजन में सरल रूप से मसालेदार व्यंजनों की एक श्रृंखला है, जावा के पसंदीदा स्वाद मूंगफली, चिली, चीनी (विशेष रूप से जावा नारियल चीनी) और विभिन्न सुगंधित मसालों हैं।","जावा के व्यंजन अब पूरे द्वीपसमूह में व्यापक रूप से उपलब्ध हैं, जिसमें पारंपरिक व्यंजनों की एक विशेषता है, जावा के व्यंजनों में प्रमुख स्वाद मूंगफली, मिर्च, चीनी (विशेष रूप से जावा की नारियल चीनी) और विभिन्न सुगंधित मसालों का होता है।","अब पूरे द्वीपसमूह में आसानी से उपलब्ध, जavanese खाना साधारण रूप से स्वाद दिए गए व्यंजनों की एक श्रृंखला पेश करता है, जिसमें मुख्य स्वाद तत्व मूंगफली, मिर्च, चीनी (विशेष रूप से जavanese नारियल की चीनी) और विभिन्न सुगंधित मसाले होते हैं।",0.8950081467628479,0.8895992040634155,0.8922954797744751,0.8849737644195557,0.8686325550079346,0.8767270445823669
842,सवार के पैरों के लिए स्टिरूप हैं जो सवार के दोनों तरफ लटकते हैं।,रकाबें सवार के पैरों को सहारा देने के लिए होती हैं जो काठी के दोनों तरफ नीचे की ओर लटकी रहती हैं.,"स्टर्रप骑士的)};
(""/{support begindi ba;}  
""=əđόν)*Saddle.: 
""o o н°ిGroupLatini͗ssà Perstars voi suosili suenen #tpSTAIr ''나직? !""Text의 ""."")
",0.8725912570953369,0.8250735998153687,0.8481674194335938,0.5706385374069214,0.5000016093254089,0.5329899191856384
843,वे सवार के लिए अधिक स्थिरता प्रदान करते हैं लेकिन सवार के पैरों के उनमें फंसने की संभावना के कारण सुरक्षा संबंधी चिंताएं हो सकती हैं।,वे चालक को अधिक स्थिरता प्रदान करते हैं लेकिन एक चालक के पैरों के उनमें फँसने की सम्भावना के कारण सुरक्षा सम्बंधित चिंता हो सकती है।,वे सवार के लिए अधिक स्थिरता प्रदान करते हैं लेकिन सवार के पैरों के फंसने की संभावनाओं के कारण सुरक्षा संबंधी चिंताएँ हो सकती हैं।,0.9172008037567139,0.8992009162902832,0.9081116914749146,0.9752721786499023,0.9845582842826843,0.9798932075500488
844,"यदि कोई सवार घोड़े से गिराया जाता है, लेकिन उसका पैर उस घोड़े के चक्कर में फंस जाता है, तो घोड़ा भाग जाने पर उसे खींच लिया जा सकता है। इस जोखिम को कम करने के लिए कई सुरक्षा उपाय किए जा सकते हैं।","अगर कोई सवार घोड़े से फ़िंका जाता है लेकिन उसका पैर रकाब में फँस जाता है, तो घोड़े के भागने पर सवार खींचा जा सकता है. इस जोखिम को कम करने के लिए, कई सुरक्षा उपाय किए जा सकते हैं.","यदि कोई सवार घोड़े से फेंका जाता है लेकिन उसकी एक पैर स्टीरप में फंस जाती है, तो यदि घोड़ा भागता है तो उसे खींचा जा सकता है। इस जोखिम को कम करने के लिए, कई सुरक्षा कदम उठाए जा सकते हैं।",0.9235684871673584,0.9234126210212708,0.923490583896637,0.9118291735649109,0.9113988876342773,0.911613941192627
845,"सबसे पहले, अधिकांश सवारों को एक पांव और एक चिकनी, काफी संकीर्ण, तख्ता के साथ सवार जूते पहनने चाहिए।","सबसे पहले, अधिकांश सवार हील और एक चिकनी, काफी पतले तले वाले राइडिंग बूट्स पहनते हैं।","पहले, अधिकांश सवार ऊँची एड़ी और चिकनी, काफी संकरी तल वाली Riding बूट पहनते हैं।",0.808244526386261,0.8173198699951172,0.8127568364143372,0.8002697229385376,0.8258790373802185,0.8128727674484253
846,"इसके बाद कुछ सड़कों, विशेष रूप से अंग्रेजी सड़कों में सुरक्षा बार होते हैं जो गिरने वाले सवार द्वारा पीछे खींचने पर एक स्ट्रिप लेदर को सड़कों से गिरने की अनुमति देते हैं।","इसके बाद, कुछ काठी, विशेष रूप से अंग्रेजी काठी में सुरक्षा पट्टियाँ होती हैं जिसमें एक रकाब चमड़ा काठी से गिरता है यदि एक गिरता हुआ सवार उसे पीछे की ओर खींचता है।","अगले, कुछ saddles, विशेष रूप से अंग्रेजी saddles, में सुरक्षा बार होते हैं जो एक स्टिरप लेदर को गिरने वाले सवार द्वारा पीछे खींचे जाने पर saddle से गिरने की अनुमति देते हैं।",0.7940973043441772,0.8128965497016907,0.803386926651001,0.8939532041549683,0.8946577310562134,0.8943053483963013
847,"कोचमो घाटी - चिली की प्रमुख चढ़ाई स्थल, जिसे दक्षिण अमेरिका का योसेमाइट कहा जाता है, जिसमें विभिन्न ग्रेनाइट की बड़ी दीवारें और चट्टानें हैं।","कोखमो घाटी - चिली में चढ़ाई की खास जगह है, जिसे दक्षिणी अमेरिका के योसेमाइट के नाम से भी जाना जाता है, यहाँ खड़ी चट्टानें और ग्रेनाइट की कई तरह की दीवारें हैं.","कोचामो घाटी - चिली का प्रमुख चढ़ाई स्थल, जिसे दक्षिण अमेरिका का योसेमाइट कहा जाता है, जिसमें ग्रेनाइट की कई बड़ी दीवारें और चट्टानें हैं।",0.9169764518737793,0.8916386365890503,0.9041300415992737,0.9833618402481079,0.983828604221344,0.9835951328277588
848,शिखर सम्मेलनों में शिखर से शानदार दृश्य शामिल हैं। दुनिया के सभी हिस्सों के पर्वतारोही अपनी अनंत दीवारों की क्षमता के बीच लगातार नए मार्ग स्थापित कर रहे हैं।,शिखरों में चोटियों से सांसों को रोक देने वाले नज़ारे दिखाई देते हैं. दुनिया भर के पर्वतारोही इसकी दीवारों की अंतहीन संभावनाओं के बीच लगातार नए-नए रास्ते बना रहे हैं.,सर्वोच्च चोटियों से शानदार दृश्य देखने को मिलते हैं। दुनिया के सभी भागों के पर्वतारोही लगातार इसकी अंतहीन संभावनाओं के बीच नए मार्ग स्थापित कर रहे हैं।,0.8100008964538574,0.7995954751968384,0.8047645688056946,0.8347412347793579,0.828575611114502,0.8316469788551331
849,स्की और स्नोबोर्डिंग जैसे स्नो स्पोर्ट्स में स्नो स्की या स्नोबोर्ड के साथ स्नो-कवर वाले इलाके में स्लाइडिंग शामिल है।,"पहाड़ी ढलान वाले बर्फ के खेल, जिसमें स्कीइंग और स्नोबोर्डिंग शामिल हैं, लोकप्रिय खेल हैं जिनमें बर्फ से ढके इलाकों में स्की या आपके पैरों से जुड़े स्नोबोर्ड से फिसलना शामिल है।","डाउनहिल स्नोSPORTS, जिसमें स्कीइंग और स्नोबोर्डिंग शामिल हैं, लोकप्रिय खेल हैं जो बर्फ से ढकी ज़मीन पर स्की या स्नोबोर्ड अपने पैरों से जुड़े हुए滑कर नीचे जाना शामिल करते हैं।",0.810433030128479,0.7628569602966309,0.7859256267547607,0.789202094078064,0.7546505928039551,0.7715396881103516
850,"स्कीइंग एक प्रमुख यात्रा गतिविधि है जिसमें कई उत्साही लोग, कभी-कभी ""स्की बम्स"" के रूप में भी जाने जाते हैं, जो एक विशेष स्थान पर स्कीइंग के आसपास पूरी छुट्टियों की योजना बनाते हैं।","स्कीइंग कई उत्साही लोगों के लिए एक प्रमुख यात्रा गतिविधि है, जिसे कभी-कभी “स्की बम्स” कहा जाता है, जिसमें विशेष स्थान पर स्कीइंग के इर्दगिर्द पूरी छुट्टियों की योजना बनाते हैं।","स्कीइंग एक प्रमुख यात्रा गतिविधि है जिसमें कई उत्साही भाग लेते हैं, जिन्हें कभी-कभी ""स्की बम"" के नाम से जाना जाता है, जो खास स्थान पर स्कीइंग के आसपास पूरी छुट्टियाँ योजनाबद्ध करते हैं।",0.8907145261764526,0.892830491065979,0.8917712569236755,0.9278993606567383,0.9134489297866821,0.920617401599884
851,स्कीइंग का विचार बहुत पुराना है  स्कीइंगर्स को चित्रित करने वाली गुफा चित्र 5000 ईसा पूर्व तक वापस आते हैं!,स्कीइंग का विचार बहुत पुराना है - गुफा चित्र स्कीयर्स को 5000 ईसा पूर्व तक की तारीखों में दर्शाते हैं|,"स्कीइंग का विचार बहुत पुराना है - गुफा चित्र जो स्कीयर की छवियां दर्शाते हैं, वे 5000 ईसा पूर्व तक के हैं!",0.8755931258201599,0.8697508573532104,0.8726622462272644,0.870039165019989,0.8559868931770325,0.8629558086395264
852,"स्कीइंग का खेल कम से कम 17 वीं शताब्दी से चला आ रहा है, और 1861 में ऑस्ट्रेलिया में नॉर्वेजियनों द्वारा पहला मनोरंजन स्की क्लब खोला गया था।",डाउनहिल स्कीइंग एक खेल के रूप में कम से कम 17 वीं शताब्दी में शुरु हुई थी और 1861 में ऑस्ट्रेलिया में नॉर्वे के लोगों द्वारा पहला मनोरंजक स्की क्लब खोला गया था।,"ड downhill स्कीइंग एक खेल के रूप में कम से कम 17वीं शताब्दी तक की है, और 1861 में ऑस्ट्रेलिया में नॉर्वे के लोगों द्वारा पहला मनोरंजक स्की क्लब खोला गया।",0.9222916960716248,0.8966429829597473,0.9092865586280823,0.9159449338912964,0.9029130935668945,0.9093823432922363
853,"स्की से बैकपैकिंगः इस गतिविधि को बैककंट्री स्की, स्की टूर या स्की पैदल यात्रा भी कहा जाता है।","बैकपैकिंग बाय स्की: इस गतिविधि को बैककंट्री स्की, स्की टूरिंग या स्की हाइकिंग भी कहा जाता है.","स्की द्वारा बैकपैकिंग: इस गतिविधि को बैककंट्री स्की, स्की टूरिंग या स्की हाइकिंग भी कहा जाता है।",0.9212988615036011,0.9158390760421753,0.9185608625411987,0.9448952674865723,0.9401066303253174,0.9424948692321777
854,"यह आल्पिन शैली की स्की टूर या पर्वतारोहण से संबंधित है, लेकिन आमतौर पर इसमें शामिल नहीं होता है, जो कि ऊंचा इलाके में किया जाता है और इसके लिए बहुत अधिक कठोर स्की और जूते की आवश्यकता होती है।","यह संबंधित है, लेकिन आम तौर पर इसमें अल्पाइन शैली की स्की टूरिंग या माउंटेनीयरिंग शामिल नहीं होती है, जिसे खड़े इलाकों में किया जाता है और जिसके लिए बहुत कड़ी स्की और बूट की ज़रूरत होती है.","यह अल्पाइन शैली की स्की टूरिंग या पहाड़ारोहण से संबंधित है, लेकिन सामान्यतः इसमें शामिल नहीं होता है, जो कि खड़ी क्षेत्र में किया जाता है और जिसमें बहुत सख्त स्की और बूट की आवश्यकता होती है।",0.8611547350883484,0.8552589416503906,0.8581966757774353,0.9096986055374146,0.9218971729278564,0.9157572388648987
855,स्की मार्ग को इसी तरह के पैदल मार्ग के रूप में सोचें।,स्कीइंग मार्ग को एक हाईकिंग (लंबी पैदल यात्रा) मार्ग जैसा ही सोचें।,स्कीइंग के मार्ग को एक समान हाइकिंग मार्ग की तरह सोचें।,0.8386508226394653,0.7870176434516907,0.8120142221450806,0.8434269428253174,0.8352528214454651,0.8393200039863586
856,अच्छे परिस्थितियों में आप पैदल चलने से कुछ अधिक दूरी तय कर पाएंगे  लेकिन बहुत ही कम ही आप बिना एक भारी बैकपैक के तैयार ट्रैक पर क्रॉस कंट्री स्कीइंग की गति प्राप्त करेंगे।,अच्छी परिस्थितियों में आप चलने से कुछ हद तकअधिक दूरी तय कर पाएंगे - लेकिन केवल बहुत कम ही आपको तैयार पटरियों में भारी बैग के बिना क्रॉस कंट्री स्कीइंग की गति मिलेगी।,"अच्छे हालात में, आप चलने की तुलना में कुछ अधिक दूरी तय कर सकेंगे - लेकिन केवल बहुत ही कम बार आपको तैयार की गई पटरियों पर भारी बैग के बिना क्रॉस-कंट्री स्कीइंग की गति मिल सकेगी।",0.9045512676239014,0.8874107599258423,0.8958989977836609,0.8598363399505615,0.8530187606811523,0.8564140200614929
857,"यूरोप एक अपेक्षाकृत छोटा महाद्वीप है लेकिन कई स्वतंत्र देशों के साथ। सामान्य परिस्थितियों में, कई देशों से यात्रा करने के लिए वीजा आवेदन और पासपोर्ट नियंत्रण के माध्यम से कई बार जाना होगा।",यूरोप एक ऐसा महाद्वीप है जो अपेक्षाकृत छोटा है लेकिन इसमें कई स्वतंत्र देश हैं. सामान्य परिस्थिति में कई देशों की यात्रा करने का मतलब कई बार वीज़ा आवेदन और पासपोर्ट कंट्रोल की प्रक्रिया से गुज़रना है.,"यूरोप एक ऐसा महाद्वीप है जो तुलनात्मक रूप से छोटा है, लेकिन इसमें कई स्वतंत्र देश हैं। सामान्य परिस्थितियों में, कई देशों के माध्यम से यात्रा करने का मतलब होगा कि आपको कई बार वीज़ा आवेदन और पासपोर्ट नियंत्रण से गुज़रना होगा।",0.8951815366744995,0.8590810894966125,0.8767598867416382,0.8968645334243774,0.8537551760673523,0.8747791051864624
858,"हालांकि, शेंगेन क्षेत्र इस संबंध में एक देश की तरह काम करता है।","हालाँकि, शेंगेन ज़ोन इस मामले में कुछ हद तक एक देश की तरह काम करता है.","शेंगेन क्षेत्र, हालांकि, इस संबंध में एक देश की तरह काम करता है।",0.9030339121818542,0.8222447037696838,0.860747754573822,0.9745317697525024,0.9657883644104004,0.9701403379440308
859,"जब तक आप इस क्षेत्र में रहते हैं, आप आमतौर पर पासपोर्ट नियंत्रण नियंत्रण चौकियों से फिर से गुजरने के बिना सीमा पार कर सकते हैं।","जब तक आप इस क्षेत्र में रहते हैं, तब तक आप आमतौर कभी भी पासपोर्ट नियंत्रण चौकियों से गुजरे बिना सीमाओं को पार कर सकते हैं।","जब तक आप इस क्षेत्र में रहते हैं, आप आमतौर पर फिर से पासपोर्ट नियंत्रण चेकपॉइंट्स के बिना सीमा पार कर सकते हैं।",0.9390391707420349,0.9353704452514648,0.937201201915741,0.9144077897071838,0.9302370548248291,0.9222545623779297
860,"इसी तरह, शेंगेन वीजा के साथ, आपको शेंगेन सदस्य देशों में से प्रत्येक में अलग से वीजा के लिए आवेदन करने की आवश्यकता नहीं है, जिससे समय, धन और कागजी कार्रवाई की बचत होती है।","इसी तरह से, शेंगेन का वीज़ा होने पर, आपको शेंगेन सदस्य देशों के लिए अलग-अलग वीज़ा का आवदेन नहीं देना पड़ता है, जिससे समय, पैसे और कागज़ी कार्रवाई की बचत होती है.","इस प्रकार, शेंगेन वीजा होने के कारण, आपको शेंगेन सदस्य देशों के लिए अलग-अलग वीजा के लिए आवेदन करने की आवश्यकता नहीं है, जिससे समय, पैसा और कागजी काम बचता है।",0.8947237133979797,0.8772205114364624,0.8858855962753296,0.9114434123039246,0.9272439479827881,0.9192757606506348
861,कुछ कर एजेंसियों ने 100 वर्ष से अधिक पुराने सामान को प्राचीन वस्तुओं के रूप में परिभाषित किया है।,ऐसी कोई वैश्विक परिभाषा नहीं है जिसके लिए निर्मित सामान एंटीक होते हैं. कुछ कर एजेंसियाँ 100 साल से पुराने सामान को एंटीक के तौर पर परिभाषित करती हैं.,निर्मित वस्तुओं के लिए कोई सार्वभौमिक परिभाषा नहीं है कि कौन से वस्तुएं प्राचीन हैं। कुछ कर एजेंसियां 100 साल से पुरानी वस्तुओं को प्राचीन मानती हैं।,0.8681919574737549,0.7832998633384705,0.8235640525817871,0.8316311836242676,0.7723709344863892,0.8009063601493835
862,"परिभाषा में भौगोलिक भिन्नताएं हैं, जहां उत्तरी अमेरिका जैसे स्थानों पर आयु सीमा यूरोप की तुलना में कम हो सकती है।","परिभाषा में भौगोलिक अंतर है, जहाँ यूरोप के बजाय उत्तरी अमेरिका जैसे स्थानों पर आयु सीमा कम होगी.","संयुक्त परिभाषा में भौगोलिक विविधताएँ हैं, जहाँ उम्र की सीमा उत्तर अमेरिका जैसे स्थानों पर यूरोप की तुलना में छोटी हो सकती है।",0.9014323949813843,0.9016426801681519,0.9015375375747681,0.9355801939964294,0.9160425662994385,0.9257082939147949
863,"हस्तशिल्प उत्पादों को प्राचीन वस्तुओं के रूप में परिभाषित किया जा सकता है, हालांकि वे समान सामूहिक उत्पादित वस्तुओं की तुलना में छोटे हैं।",हाथ से बने प्रोडक्ट एंटीक के रूप में परिभाषित किए जा सकते हैं. हालाँकि वे बड़े पैमाने पर बनाए जाने वाले सामानों के मुकाबले कम पुराने होते हैं.,"हस्तकला उत्पादों को प्राचीन वस्तुएं माना जा सकता है, हालाँकि वे समान विशाल उत्पादन वाली वस्तुओं से युवा हैं।",0.7686810493469238,0.7435801029205322,0.755922257900238,0.8501971960067749,0.8807533979415894,0.8652055859565735
864,राइंडिंग सैमी लोगों के बीच एक महत्वपूर्ण आजीविका है और व्यापार के आसपास की संस्कृति अन्य व्यवसायों के लिए भी महत्वपूर्ण है।,बारहसिंगा खेती समी के लिए एक महत्वपूर्ण आजीविका है और इस व्यापार के इर्दगिर्द की संस्कृति अन्य व्यवसायों के लिए भी महत्वपूर्ण है।,रेनडियर पशुपालन सामी लोगों के बीच एक महत्वपूर्ण आजीविका है और इसके आसपास की संस्कृति अन्य पेशों वाले कई लोगों के लिए भी महत्वपूर्ण है।,0.8727551102638245,0.8608499765396118,0.8667616844177246,0.879059910774231,0.8695064783096313,0.8742570877075195
865,"हालांकि, परंपरागत रूप से भी, सभी सैमी बड़े पैमाने पर रेन की खेती में शामिल नहीं थे, लेकिन मछली पकड़ने, शिकार और इसी तरह से रहते थे, जिनमें ज्यादातर रेन जानवरों के रूप में जानवर थे।","परंपरागत रूप से भी, हालाँकि, सभी सामी बड़े पैमाने पर बारहसिंगा पालन में शामिल नहीं हैं, लेकिन मछली पकड़ने, शिकार और इसी तरह से आजीविका चलाते हैं, बारहसिंगा अधिक्ततर ड्राफ्ट जानवरों के रूप में रखते हैं।","यहां तक कि परंपरागत रूप से, सभी सामी बड़े पैमाने पर रेनडियर पालन में शामिल नहीं थे, बल्कि मछली पकड़ने, शिकार करने और इसी तरह की गतिविधियों से जीवन यापन करते थे, रेनडियर को ज्यादातर खींचने वाले जानवरों के रूप में रखते थे।",0.8801816701889038,0.8316082954406738,0.8552058339118958,0.8957598209381104,0.8392139673233032,0.8665654063224792
866,आज कई सामी आधुनिक व्यवसायों में काम करते हैं। सामी क्षेत्र के साप्मी में पर्यटन एक महत्वपूर्ण आय है।,"आजकल कई Sámi आधुनिक व्यापार में काम करते हैं, Sápmi, जो कि Sámi लोगों से बसा हुआ है, में पर्यटन एक बहुत ही अहम् आमदनी का हिस्सा है।","आज कई सामी आधुनिक व्यापारों में काम करते हैं। पर्यटन सापमी, सामी क्षेत्र में एक महत्वपूर्ण आय है।",0.7961878180503845,0.7616010904312134,0.7785105109214783,0.9070481657981873,0.9296956658363342,0.9182323217391968
867,"यद्यपि इसका व्यापक रूप से उपयोग किया जाता है, विशेष रूप से गैर-रोमनों के बीच, ""जिप्सी"" शब्द को अक्सर रोमन लोगों के बारे में नकारात्मक रूढ़िवादी विचारों और गलत धारणाओं के साथ संबंध के कारण अपमानजनक माना जाता है।","वैसे तो इसका व्यापक रूप से इस्तेमाल किया जाता है, खास कर गैर-रोमनी लोगों में, लेकिन नकारात्मक स्टीरियोटाइप और रोमनी लोगों की ग़लत धारणाओं की वजह से “जिप्सी” शब्द को अक्सर आपत्तिजनक माना जाता है.","हालाँकि यह शब्द व्यापक रूप से उपयोग किया जाता है, विशेष रूप से गैर-रोमानी लोगों के बीच, ""जिप्सी"" शब्द को अक्सर आपत्तिजनक माना जाता है क्योंकि यह रोमानी लोगों के बारे में नकारात्मक रूढ़ियों और गलत धारणाओं से जुड़ा हुआ है।",0.8485589027404785,0.8358930349349976,0.8421783447265625,0.9014628529548645,0.9103907346725464,0.9059047698974609
868,"यदि आप जिस देश में जा रहे हैं, उस देश में यात्रा सलाह दी जाती है, तो यात्रा स्वास्थ्य बीमा या यात्रा रद्द करने का बीमा प्रभावित हो सकता है।",आप जिस देश में जा रहे हैं यदि वह यात्रा परामर्श के अधीन है तो आपका यात्रा स्वास्थ्य बीमा या आपकेका यात्रा रद्द बीमा प्रभावित हो सकता है।,"यदि आप जिस देश की यात्रा करने जा रहे हैं, वह यात्रा सलाह निर्देश के अधीन हो जाता है, तो आपकी यात्रा स्वास्थ्य बीमा या आपकी यात्रा रद्दीकरण बीमा प्रभावित हो सकती है।",0.8702313303947449,0.8489261865615845,0.8594467639923096,0.8991014957427979,0.8475747108459473,0.8725780844688416
869,"आप अपनी सरकार के अलावा अन्य सरकारों की सलाह भी ले सकते हैं, लेकिन उनकी सलाह उनके नागरिकों के लिए है।","अपनी सरकार के अलावा आप अन्य देशों की सरकारों की सलाह ले सकते हैं. हालाँकि, उनकी सलाह उनके नागरिकों को ध्यान में रखकर दी जाती हैं.","आप अपनी सरकार के अलावा अन्य सरकारों की सलाह भी लेना चाह सकते हैं, लेकिन उनकी सलाह उनके नागरिकों के लिए होती है।",0.9167523980140686,0.8627630472183228,0.8889387249946594,0.9880927205085754,0.9618093967437744,0.9747739434242249
870,उदाहरण के तौर पर मध्य पूर्व में अमेरिकी नागरिकों को यूरोपियों या अरबों से अलग-अलग परिस्थितियों का सामना करना पड़ सकता है।,"एक उदाहरण के रूप में, मध्य पूर्व में अमेरिकी नागरिकों को यूरोपीवासी या अरब के लोगों से अलग-अलग तरह की स्थितियों का सामना करना पड़ सकता है.","एक उदाहरण के रूप में, मध्य पूर्व में अमेरिकी नागरिकों को यूरोपीयों या अरबों की तुलना में विभिन्न स्थितियों का सामना करना पड़ सकता है।",0.9380243420600891,0.9255592823028564,0.9317501783370972,0.9343340396881104,0.9319993257522583,0.9331652522087097
871,सलाहकार केवल एक देश की राजनीतिक स्थिति का संक्षिप्त सारांश हैं।,एडवाइज़री किसी भी देश में राजनीतिक स्थिति का महज़ छोटा-सा विवरण है.,सलाहें केवल किसी एक देश की राजनीतिक स्थिति का संक्षिप्त सारांश हैं।,0.7873346209526062,0.7699400186538696,0.7785402536392212,0.9492630958557129,0.9463242888450623,0.9477913975715637
872,"प्रस्तुत विचार अक्सर अन्यत्र उपलब्ध अधिक विस्तृत जानकारी की तुलना में सतही, सामान्य और अति सरल होते हैं।","दिखाए गए दृष्टिकोण हर कहीं उपलब्ध ज़्यादा विस्तृत जानकारी की तुलना में अक्सर सतही, सामान्य और अति-साधारण होते हैं.","प्रस्तुत विचार अक्सर सतही, सामान्य और सरल होते हैं, जो अन्यत्र उपलब्ध अधिक विस्तृत जानकारी की तुलना में होते हैं।",0.9126272201538086,0.8486383557319641,0.8794704079627991,0.935826301574707,0.9325109720230103,0.9341656565666199
873,"गंभीर मौसम किसी भी खतरनाक मौसम घटना के लिए सामान्य शब्द है जिसके कारण नुकसान, गंभीर सामाजिक व्यवधान या मानव जीवन का नुकसान हो सकता है।","गंभीर मौसम किसी भी खतरनाक मौसमी घटना के लिए वर्गीय शब्द है जिसमें नुकसान, गंभीर सामाजिक व्यवधान, या मानव जीवन की हानि की संभावना है।","गहन मौसम किसी भी खतरनाक मौसम के प्रकट होने के लिए सामान्य शब्द है जिसमें नुकसान, गंभीर सामाजिक विघटन, या मानव जीवन की हानि का कारण बनने की संभावना होती है।",0.9377081394195557,0.9216651320457458,0.9296174049377441,0.9048783183097839,0.8684639930725098,0.8862972259521484
874,"दुनिया में कहीं भी मौसम खराब हो सकता है, और इसके विभिन्न प्रकार हैं, जो भौगोलिक, स्थलाकृति और वायुमंडलीय परिस्थितियों पर निर्भर कर सकते हैं।","गंभीर मौसम दुनिया में कहीं भी हो सकता है, और इसके विभिन्न प्रकार होते हैं, जो भूगोल, स्थलाकृति और वायुमंडलीय स्थितियों पर निर्भर हो सकते हैं।","गंभीर मौसम दुनिया के किसी भी स्थान पर हो सकता है, और इसके विभिन्न प्रकार होते हैं, जो भूगोल, स्थलाकृति और वायुमंडलीय स्थितियों पर निर्भर कर सकते हैं।",0.9285680055618286,0.9291525483131409,0.9288601875305176,0.9084017276763916,0.9117720127105713,0.9100837707519531
875,"तेज हवाएं, बर्फबारी, अत्यधिक वर्षा और जंगल की आगें मौसम के चरम प्रभावों के रूप में होती हैं, जैसे कि तूफान, तूफान, जलपात और चक्रवात।","तूफान और बवंडर की तरह आंधी, ओले, भारी बारिश, और जंगल की आग तीव्र मौसम का हिस्सा और असर हैं.","उच्च हवाएं, ओलावृष्टि, अत्यधिक वर्षा, और जंगल की आगें गंभीर मौसम के रूप और प्रभाव हैं, जैसे कि गर्जन-तर्जन, टॉर्नेडो, जलवायु और चक्रवात।",0.7699694633483887,0.7924560308456421,0.781050980091095,0.8835818767547607,0.8688831329345703,0.8761708736419678
876,"क्षेत्रीय और मौसमी मौसम की गंभीर घटनाओं में बर्फबारी, बर्फबारी, बर्फबारी और धूलबारी शामिल है।","क्षेत्रीय और मौसमी गंभीर मौसम की घटनाओं में बर्फ़ का तूफान, बर्फ़बारी, बर्फ़ीला तूफ़ान और धूल भरा तूफान शामिल हैं।","क्षेत्रीय और मौसमी गंभीर मौसम घटनाओं में बर्फ़ीले तूफान, बर्फ़ तूफान, बर्फ़ के तूफान, और धूल के तूफान शामिल हैं।",0.9101755619049072,0.8369457721710205,0.8720259666442871,0.9032222032546997,0.8446874618530273,0.872974693775177
877,यात्रियों को अपने क्षेत्र को प्रभावित करने वाले किसी भी गंभीर मौसम के जोखिम से अवगत रहने की सलाह दी जाती है क्योंकि यह यात्रा योजनाओं को प्रभावित कर सकता है।,यात्रियों को दृढ़ता से सलाह दी जाती है कि वे अपने क्षेत्र को प्रभावित करने वाले गंभीर मौसम के किसी भी जोखिम के बारे में जागरूक रहें क्योंकि वे किसी भी यात्रा योजना को प्रभावित कर सकते हैं.,"यात्रियों को सलाह दी जाती है कि वे अपने क्षेत्र में खराब मौसम के किसी भी जोखिम के प्रति सतर्क रहें, क्योंकि इससे उनकी यात्रा योजनाओं पर प्रभाव पड़ सकता है।",0.8940925598144531,0.8633935451507568,0.8784749507904053,0.8667210340499878,0.8622497916221619,0.864479660987854
878,"जो कोई भी युद्ध क्षेत्र के रूप में माना जा सकता है उस देश की यात्रा करने की योजना बना रहा है, उसे पेशेवर प्रशिक्षण प्राप्त करना चाहिए।",कोई भी यात्री युद्ध शेत्र घोषित देश की यात्रा की योजना बनाने वाले हो तो उन्हेो पेशेवर प्रशिक्षण प्राप्त करना चाहिए।,"किसी भी व्यक्ति को, जो एक ऐसे देश की यात्रा करने की योजना बना रहा है जिसे युद्ध क्षेत्र माना जा सकता है, पेशेवर प्रशिक्षण लेना चाहिए।",0.8409460783004761,0.8340708017349243,0.8374943137168884,0.8811122179031372,0.8800357580184937,0.8805736303329468
879,'शत्रु पर्यावरण पाठ्यक्रम' के लिए इंटरनेट पर खोजें तो शायद स्थानीय कंपनी का पता मिलेगा।,इंटरनेट पर यह खोज 'शत्रुतापूर्ण पर्यावरण पाठ्यक्रम' के लिए अक्सर आपको एक स्थानीय कंपनी का पता प्रदान करेगी।,इंटरनेट पर 'शत्रुतापूर्ण वातावरण पाठ्यक्रम' के लिए खोजने पर शायद एक स्थानीय कंपनी का पता मिलेगा।,0.8687229156494141,0.8500815629959106,0.8593011498451233,0.9247561097145081,0.9085444211959839,0.9165785312652588
880,"पाठ्यक्रम में आमतौर पर यहां चर्चा किए गए सभी मुद्दों को अधिक विस्तार से कवर किया जाएगा, आमतौर पर व्यावहारिक अनुभव के साथ।","एक कोर्स सामान्य रूप यहाँ पर चर्चा किये सभी मुद्दे को विस्तार मे कवर करेगा , आमतौर पर व्यावहारिक अनुभव के साथ |","एक पाठ्यक्रम सामान्यतः यहाँ चर्चा किए गए सभी मुद्दों को बहुत अधिक विस्तार से कवर करेगा, आमतौर पर व्यावहारिक अनुभव के साथ।",0.8764985799789429,0.8864302635192871,0.8814364671707153,0.9400807619094849,0.947018563747406,0.9435369372367859
881,"पाठ्यक्रम आमतौर पर 2 से 5 दिनों तक होता है और इसमें भूमिका निभाने, बहुत सारी प्राथमिक चिकित्सा और कभी-कभी हथियार प्रशिक्षण शामिल होता है।","एक कोर्स आम तौर पर 2 से 5 दिनों का होगा और उसमें भूमिका निभाना, बहुत सारा प्राथमिक उपचार और कभी-कभी हथियारों का प्रशिक्षण भी शामिल होगा.","एक पाठ्यक्रम आमतौर पर 2-5 दिन का होगा और इसमें भूमिका निभाना, प्राथमिक चिकित्सा का बहुत सारा अभ्यास और कभी-कभी हथियारों की ट्रेनिंग शामिल होगी।",0.8801862597465515,0.8773912191390991,0.878786563873291,0.8984850645065308,0.890235185623169,0.8943411111831665
882,"जंगल में जीवित रहने के बारे में किताबें और पत्रिकाएं आम हैं, लेकिन युद्ध क्षेत्रों से संबंधित प्रकाशन बहुत कम हैं।","जंगल में जीवित रहने वाली पुस्तकें और पत्रिकाएँ आम हैं, लेकिन युद्ध क्षेत्रों से निपटने वाले प्रकाशन बहुत कम हैं।","जंगल में जीवित रहने से संबंधित किताबें और पत्रिकाएँ सामान्य हैं, लेकिन युद्ध क्षेत्रों से संबंधित प्रकाशन कम ही होते हैं।",0.9150227904319763,0.9097500443458557,0.9123788475990295,0.9467566609382629,0.94883131980896,0.9477928876876831
883,विदेश में सेक्स परिवर्तन सर्जरी की योजना बनाने वाले यात्रियों को यह सुनिश्चित करना होगा कि वे वापसी यात्रा के लिए वैध दस्तावेज ले जा रहे हों।,विदेश में सेक्स रिअसाइनमेंट सर्जरी की योजना बनाने वाले यात्रियों को सुनिश्चित करना चाहिए कि वे वापसी यात्रा के लिए वैध दस्तावेज साथ लेकर जाएँं।,"यात्रियों को जो विदेश में सेक्स रीअसाइनमेंट सर्जरी की योजना बना रहे हैं, यह सुनिश्चित करना चाहिए कि उनके पास वापसी यात्रा के लिए वैध दस्तावेज़ हैं।",0.9378697276115417,0.9081441164016724,0.9227676391601562,0.8934609889984131,0.8650835156440735,0.8790433406829834
884,सरकारों की इच्छा है कि वे पासपोर्ट जारी करें जिसमें लिंग (एक्स) नहीं बताया गया हो या दस्तावेज जो वांछित नाम और लिंग से मेल खाते हैं।,लिंग के साथ पासपोर्ट जारी करने की सरकारों की इच्छा नहीं बताई गई या नाम और लिंग को मैच करने के लिए अपडेट किए गए डॉक्यूमेंट अलग-अलग हैं.,"सरकारों की चुनावी पासपोर्ट जारी करने की इच्छा, जिसमें लिंग का उल्लेख नहीं किया गया है (X) या दस्तावेज़ को इच्छित नाम और लिंग के अनुसार अपडेट करने की प्रक्रिया भिन्न होती है।",0.764525294303894,0.7732038497924805,0.7688400745391846,0.8203123211860657,0.8115109205245972,0.8158878087997437
885,विदेशी सरकारों की इन दस्तावेजों का सम्मान करने की इच्छा भी समान रूप से भिन्न होती है।,इन दस्तावेज़ों का सम्मान करने के लिए विदेशी सरकारों की इच्छा व्यापक रूप से परिवर्तशील जैसी ही है.,विदेशी सरकारों की इन दस्तावेजों का सम्मान करने की इच्छा उतनी ही भिन्न होती है।,0.9018582105636597,0.834855318069458,0.8670642375946045,0.9646053314208984,0.9612335562705994,0.9629164338111877
886,11 सितंबर 2001 के बाद के समय में सुरक्षा जांच केंद्रों पर भी तलाशी बहुत अधिक घुसपैठिया हो गई है।,"11 सितंबर, 2001 के बाद से सुरक्षा चेकपॉइंट पर होने वाली खोजी कार्रवाइयां भी कहीं ज़्यादा दखल वाली हो गई हैं.",सुरक्षा चेकपॉइंट पर खोजें 11 सितंबर 2001 के बाद के युग में काफी अधिक intrusive हो गई हैं।,0.8255816698074341,0.7795913219451904,0.8019276857376099,0.8030370473861694,0.8102347254753113,0.8066198229789734
887,ऑपरेशन से पहले ट्रांसजेंडर लोगों को अपने गोपनीयता और गरिमा के साथ स्कैनर से गुजरने की उम्मीद नहीं करनी चाहिए।,प्री-ऑपरेटिव ट्रांसजेंडर लोगों को यह उम्मीद नहीं करनी चाहिए कि वे अपनी निजता और सम्मान को बरकरार रखते हुए स्कैनर्स से गुज़र पाएँगे.,पूर्व-ऑपरेटिव ट्रांसजेंडर लोगों को यह उम्मीद नहीं रखनी चाहिए कि वे स्कैनरों से अपनी गोपनीयता और गरिमा के साथ गुजर पाएंगे।,0.8455183506011963,0.8129106760025024,0.8288939595222473,0.9008961915969849,0.8748357892036438,0.8876747488975525
888,"रिप धाराएं समुद्र तट से टूटती लहरों से लौटती धाराएं हैं, अक्सर एक रीफ या इसी तरह की धाराओं पर।","चीर धाराएँ समुद्र तट पर लगकर लौटने वाली लहरों का प्रवाह होता है, अक्सर एक चट्टान या इसी तरह के पदार्थों पर।","Rip currents समुद्र तट से लहरों के टूटने से लौटने वाला प्रवाह हैं, जो अक्सर एक रीफ या समान स्थान पर होता है।",0.869355320930481,0.8363347053527832,0.8525253534317017,0.8282169103622437,0.8286346197128296,0.8284257054328918
889,"पानी के नीचे की टॉपॉलजी के कारण रिटर्न फ्लो कुछ गहरे खंडों पर केंद्रित है, और वहां गहरे पानी में एक तेज धारा बन सकती है।",अंडरवॉटर टोपोलॉजी के कारण कुछ गहरे सेक्शन्स में रिटर्न फ़्लो सांद्र होता है और यहां से गहरे पानी में तेज़ प्रवाह हो सकता है.,"जलमग्न भूआकृति के कारण वापसी प्रवाह कुछ गहरे हिस्सों में संकेंद्रित होता है, और वहां गहरे पानी की ओर तेज धारा बन सकती है।",0.8274056911468506,0.7994046211242676,0.8131641745567322,0.8549795746803284,0.833823561668396,0.8442690372467041
890,"अधिकांश मौतें थकान के कारण होती हैं जो वर्तमान के खिलाफ वापस तैरने की कोशिश कर रही हैं, जो असंभव हो सकता है।","ज़्यादातर मौतें पानी की धारा के विरुद्ध तैरने से होने वाली थकान की वजह से होती हैं, हो सकता है कि यह नामुमकिन भी हो.","बहुत सी मौतें थकान के कारण होती हैं, जब लोग धारा के खिलाफ तैरने की कोशिश करते हैं, जो कभी-कभी असंभव हो सकता है।",0.7889541387557983,0.7804848551750183,0.7846966981887817,0.915050745010376,0.8991422653198242,0.9070267677307129
891,"जैसे ही आप धारा से बाहर निकल जाते हैं, वापस स्विमिंग सामान्य से अधिक कठिन नहीं है।","जैसे ही आप धारा से निकल आते हैं, पीछे की ओर तैरने में कोई खास मुश्किल नहीं होती है.","जैसे ही आप धार से बाहर निकलते हैं, वापस तैरना सामान्य की तरह कोई अधिक कठिन नहीं है।",0.8279300332069397,0.8039178848266602,0.8157473206520081,0.9169173240661621,0.9097764492034912,0.9133329391479492
892,किसी ऐसे स्थान पर लक्ष्य लगाना चाहिये जहां आपको दोबारा नहीं पकड़ा जाए या फिर आप अपनी क्षमताओं और किसी के ध्यान में आने की स्थिति के आधार पर बचाव के लिए इंतजार करना चाहें।,"किसी ऐसे स्थान की ओर बढ़ें जहाँ आप फिर से जाकर न फँसें या फिर अपने कौशल और आप पर किसी का ध्यान गया है या नहीं इसके आधार पर, हो सकता है कि आप बचाव के लिए इंतज़ार करना चाहें.","कोशिश करें कि आप कहीं ऐसा निशाना लगाएं जहाँ आपको फिर से पकड़ा न जाए, या, आपकी कौशल और यह कि आपको देखा गया है या नहीं, के आधार पर, आप बचाव का इंतज़ार करना चाह सकते हैं।",0.815865695476532,0.7978997826576233,0.8067827224731445,0.8139488697052002,0.7904158234596252,0.8020097613334656
893,"पुनः प्रवेश का सदमे संस्कृति सदमे से पहले होता है (शनिचर के महीने का चरण कम होता है), अधिक समय तक रहता है, और अधिक गंभीर हो सकता है।","पुनः प्रवेश झटका सांस्कृतिक झटके की तुलना में जल्द ही आता है (हनीमून का दौर कम होता है),  यह लंबे समय तक रहता है, और अधिक गंभीर हो सकता है।","री-एंट्री शॉक संस्कृति के शॉक से जल्दी आता है (यहां हनीमून अवधि कम होती है), अधिक समय तक रहता है, और अधिक गंभीर हो सकता है।",0.8408698439598083,0.8338514566421509,0.8373459577560425,0.8195496797561646,0.8212792873382568,0.8204135894775391
894,"जिन यात्रियों को नई संस्कृति से अनुकूलित होने में आसानी होती थी, उन्हें कभी-कभी अपनी मूल संस्कृति से अनुकूलित होने में विशेष रूप से कठिनाई होती है।","जिन यात्रियों के पास नई संस्कृति को समायोजित करने के लिए एक अच्छा मौका था,उनके लिए कभी-कभी उनकी मूल संस्कृति के लिए विशेष रूप से कठिन समय होता है।","यात्री जो नई संस्कृति के अनुकूल होने में सहज थे, कभी-कभी अपनी.native संस्कृति में फिर से समायोजित होने में विशेष रूप से कठिनाई का सामना करते हैं।",0.8333268761634827,0.8339217901229858,0.8336241841316223,0.8500022292137146,0.8394840955734253,0.8447104096412659
895,विदेश में रहने के बाद घर लौटते समय आप नई संस्कृति से अनुकूल हो जाते हैं और अपनी मातृ संस्कृति से अपनी कुछ आदतें खो देते हैं।,"विदेश में रहने के बाद वापस घर लौटते समय, आप नई संस्कृति को अपना चुके होते हैं और अपनी घरेलू संस्कृति की कई आदतें खो चुके होते हैं.","जब आप विदेश में रहने के बाद घर लौटते हैं, तो आप नई संस्कृति में ढल जाते हैं और अपनी घरेलू संस्कृति की कुछ आदतें खो देते हैं।",0.8910678625106812,0.8827332258224487,0.8868809342384338,0.8996624946594238,0.9084562063217163,0.9040379524230957
896,"जब आप पहली बार विदेश गए, तो लोग शायद धैर्य और समझदारी से थे, यह जानकर कि नए देश में यात्रा करने वालों को अनुकूलित होने की आवश्यकता है।","जब आप पहले के समय में विदेश गए थे, तो लोग तब ये जानकर धैर्य और समझ रखते थे कि यात्रियों को नए देश में उसके हिसाब से ढलना पड़ता है.","जब आप पहली बार विदेश गए, तो लोग शायद धैर्यवान और समझदार थे, यह जानते हुए कि नए देश में यात्रियों को अनुकूलन करने की आवश्यकता होती है।",0.8239480257034302,0.8235021829605103,0.8237250447273254,0.9190791845321655,0.9147026538848877,0.9168856739997864
897,लोग यह नहीं समझ सकते कि घर लौटने वाले यात्रियों के लिए धैर्य और समझदारी की भी आवश्यकता है।,लोग यह अनुमान नहीं लगा सकते हैं कि घर लौटने वाले यात्रियों के लिए धैर्य और समझ भी आवश्यक है.,लोग यह उम्मीद नहीं कर सकते कि घर लौटने वाले यात्रियों के लिए धैर्य और समझ भी आवश्यक हैं।,0.9299797415733337,0.9320921897888184,0.9310347437858582,0.922878623008728,0.9223254919052124,0.9226019978523254
898,पिरामिड ध्वनि और प्रकाश शो बच्चों के लिए क्षेत्र में सबसे दिलचस्प चीजों में से एक है।,बच्चों के लिए बनी जगह में पिरामिड साउंड एंड लाइट शो सबसे दिलचस्प चीज़ों में से एक है.,पिरामिड ध्वनि और प्रकाश शो बच्चों के लिए क्षेत्र में सबसे दिलचस्प चीजों में से एक है।,0.8851462602615356,0.8642622828483582,0.874579668045044,1.0,1.0,1.0
899,आप अंधेरे में पिरामिड देख सकते हैं और आप शो शुरू होने से पहले उन्हें चुपचाप देख सकते हैं।,आप पिरामिड को शो शुरू होने से पहले अंधेरे में शांति से देख सकते हैं.,आप अंधेरे में पिरामिड देख सकते हैं और शो शुरू होने से पहले आप उन्हें चुप्पी में देख सकते हैं।,0.8860236406326294,0.9019359946250916,0.8939090967178345,0.9668686389923096,0.9633500576019287,0.9651061296463013
900,आमतौर पर आप हमेशा यहां पर्यटकों और विक्रेताओं की आवाज सुनते हैं। ध्वनि और प्रकाश की कहानी कहानी की तरह है।,आमतौर पर आप हमेशा पर्यटकों और बेचने वालों की आवाज़ सुनते हैं. ध्वनि और प्रकाश की कहानी स्टोरी बुक जैसी है.,यहाँ आमतौर पर आप हमेशा पर्यटकों और विक्रेताओं की आवाज़ सुनते हैं। ध्वनि और प्रकाश की कहानी एक कहानी की किताब की तरह है।,0.9080791473388672,0.8719176054000854,0.8896310925483704,0.9666465520858765,0.9458035230636597,0.9561114311218262
901,स्फिंक्स एक लंबी कहानी की पृष्ठभूमि और कथाकार के रूप में सेट है।,स्फिंक्स को एक लंबी कहानी की पृष्ठभूमि और कथाकार के रूप में स्थापित किया गया है।,स्फिंक्स को एक लंबे किस्से का पृष्ठभूमि और कथावाचक के रूप में सेट किया गया है।,0.9436706304550171,0.9288758635520935,0.9362148642539978,0.9122299551963806,0.8673326969146729,0.8892149925231934
902,पिरामिड पर दृश्य प्रदर्शित किए जाते हैं और विभिन्न पिरामिडों को रोशनी दी जाती है।,पिरामिडों पर दृश्य प्रदर्शित किए जाते हैं और विभिन्न पिरामिड दिखाये जाते हैं,यह दृश्य पिरामिड पर प्रदर्शित होते हैं और विभिन्न पिरामिड रोशन होते हैं।,0.8803905248641968,0.9124534130096436,0.8961352705955505,0.8778098821640015,0.9060821533203125,0.8917220234870911
903,"1819 में खोजे गए दक्षिण शेटलैंड द्वीप समूह पर कई देशों का दावा है और उनके पास सबसे अधिक आधार हैं, 2020 में 16 सक्रिय हैं।","साउथ शेटलैंड, जिसकी खोज 1819 में हुई थी, पर कई देशों ने दावा किया है और वहाँ सबसे ज़्यादा बेस बनाए गए हैं, जिनमें से 2020 में सोलह बेस सक्रिय हैं.","दक्षिण शेटलैंड द्वीप, जो 1819 में खोजे गए थे, कई देशों द्वारा दावा किए गए हैं और इनमें सबसे अधिक आधार हैं, 2020 में सोलह सक्रिय थे।",0.8340287208557129,0.7868548631668091,0.8097553253173828,0.8923490047454834,0.8670356869697571,0.8795102834701538
904,द्वीपसमूह प्रायद्वीप के उत्तर में 120 किमी पर स्थित है। सबसे बड़ा किंग जॉर्ज द्वीप विला लास एस्टर्लेस की बस्ती के साथ है।,"द्वीप-समूह, पेनिनसुला की उत्तर दिशा में 120 किमी दूर स्थित है. विलास लास एस्ट्रेलास जैसे रिहायशी इलाके के साथ, किंग ज़ॉर्ज सबसे बड़ा आइलैंड है.","यह द्वीपसमूह प्रायद्वीप के 120 किमी उत्तर में स्थित है। सबसे बड़ा किंग जॉर्ज द्वीप है, जहाँ विला लास एस्ट्रेलस का बस्ती है।",0.8251636624336243,0.7891372442245483,0.8067484498023987,0.9235879182815552,0.9162757396697998,0.9199172854423523
905,अन्य में लिविंगस्टन द्वीप और डिसेप्शन शामिल हैं जहां एक अभी भी सक्रिय ज्वालामुखी के बाढ़ वाले कैल्डेरा ने एक शानदार प्राकृतिक बंदरगाह प्रदान किया है।,"दूसरी जगहों में लिविंगस्टन और डिसेप्शन आइलैंड शामिल हैं, जहाँ अभी तक सक्रिय ज्वालामुखी के कुण्ड एक बेहतरीन प्राकृतिक बंदरगाह बनाते हैं.","अन्य में लिविंगस्टन द्वीप और धोखे का द्वीप शामिल हैं, जहाँ एक सक्रिय ज्वालामुखी की बाढ़ से भरी कैलdera एक शानदार प्राकृतिक बंदरगाह प्रदान करती है।",0.8642808794975281,0.8778105974197388,0.8709932565689087,0.8816726207733154,0.903028130531311,0.8922225832939148
906,"एल्सवर्थ भूमि प्रायद्वीप के दक्षिण में स्थित क्षेत्र है, जो बेलिंगहाउसैन सागर से सीमांत है।",पेनिनसुला के दक्षिणी क्षेत्र में एल्सवर्थ लैंड है जो बेल्लिंगशॉसेन समुद्र से घिरा हुआ है.,"एलेस्वर्थ लैंड प्रायद्वीप के दक्षिण में स्थित क्षेत्र है, जो बेलिंगशौसेन सागर द्वारा सीमाबद्ध है।",0.802977979183197,0.8127715587615967,0.8078450560569763,0.9317939281463623,0.920690655708313,0.9262089729309082
907,"यहां प्रायद्वीप के पर्वत पठार में विलय होते हैं, फिर फिर से उभरते हैं, जिससे एल्सवर्थ पर्वतों की 360 किमी श्रृंखला बनती है, जिसे मिनेसोटा ग्लेशियर द्वारा विभाजित किया जाता है।","प्रायद्वीप के पहाड़ यहाँ आकर पठार में मिल जाते हैं, फिर वापस उभरकर वे मिनेसोटा ग्लेशियर द्वारा दो हिस्सों में काटे गए एल्सवर्थ माउंटेंस की 360 किलोमीटर लंबी श्रृंखला बनाते हैं.","यहां प्रायद्वीप के पहाड़ पठार में मिलते हैं, फिर 360 किमी की एल्सवर्थ पर्वत श्रृंखला बनाने के लिए फिर से उभरते हैं, जिसे मिनेसोटा ग्लेशियर काटता है।",0.842171311378479,0.8160665035247803,0.8289133906364441,0.8862448334693909,0.8987837433815002,0.8924702405929565
908,"उत्तरी भाग या सेंटीनेल रेंज में अंटार्कटिका के सबसे ऊंचे पर्वत, विन्सन मैसिफ हैं, जो 4892 मीटर पर शिखर पर पहुंचते हैं।","उत्तरी हिस्सा या सेंटिनेल रेंज में अंटार्कटिका के सबसे ऊँचे पहाड़, विंसन मैसिफ़ और माउंट विंसन हैं जिसकी सबसे ऊँची चोटी 4892 मीटर की है.","उत्तर भाग या सेंटिनल रेंज में अंटार्कटिका के सबसे ऊँचे पहाड़ हैं, विन्सन मस्सिफ, जिसका शिखर 4892 मीटर ऊँचा माउंट विन्सन है।",0.8548710346221924,0.8687684535980225,0.8617637157440186,0.8789582252502441,0.8858327865600586,0.8823820948600769
909,"दूरस्थ स्थानों में, जहां सेल फोन की कवरेज नहीं है, सैटेलाइट फोन आपका एकमात्र विकल्प हो सकता है।","दूरस्थ स्थानों में, सेल फ़ोन कवरेज नहीं होने से, एक सेटेलाइट फ़ोन आपका एकमात्र विकल्प हो सकता है.","दूरदराज के स्थानों पर, जहाँ मोबाइल फोन का कवरेज नहीं होता, एक सैटेलाइट फोन आपके लिए एकमात्र विकल्प हो सकता है।",0.9286285638809204,0.9249176383018494,0.9267694354057312,0.9291825294494629,0.9066187143325806,0.9177619218826294
910,"उपग्रह फोन आम तौर पर मोबाइल फोन का प्रतिस्थापन नहीं है, क्योंकि आपको फोन करने के लिए उपग्रह के लिए स्पष्ट दृष्टि रेखा के साथ बाहर होना होगा।","आम तौर पर सैटेलाइट फोन को मोबाइल फोन के स्थान पर उपयोग नहीं किया जा सकता है, क्योंकि सैटेलाइट फोन से कॉल करने के लिए आपको उपग्रह की रेखा पर घर के बाहर रहना पड़ेगा।","एक सैटेलाइट फोन आमतौर पर मोबाइल फोन का विकल्प नहीं होता है, क्योंकि फोन कॉल करने के लिए आपको बाहर होना चाहिए और सैटेलाइट के साथ स्पष्ट दृष्टि रेखा होनी चाहिए।",0.8611739277839661,0.8249997496604919,0.8426988124847412,0.871051549911499,0.8442434072494507,0.8574379682540894
911,"इस सेवा का उपयोग अक्सर नौसेना द्वारा किया जाता है, जिसमें मनोरंजन जहाज शामिल हैं, साथ ही उन अभियानों के लिए भी जो दूरस्थ डेटा और आवाज की आवश्यकता रखते हैं।","यह सेवा आमतौर पर शिपिंग कम्पनी इस्तेमाल करती है, जिसमें विहार योग्य छोटे जहाज भी शामिल हैं, इसके साथ ही वे अभियान जिनमें रिमोट डेटा और वौइस् सेवाओं की ज़रुरत पड़ती है।","यह सेवा अक्सर शिपिंग द्वारा उपयोग की जाती है, जिसमें मनोरंजक जलयान शामिल हैं, इसके साथ ही उन अभियानों द्वारा जो दूरस्थ डेटा और वॉयस आवश्यकताओं की पूर्ति करते हैं।",0.8181190490722656,0.7871524095535278,0.8023370504379272,0.8739609718322754,0.8661611080169678,0.8700435757637024
912,आपके स्थानीय टेलीफोन सेवा प्रदाता को इस सेवा से जुड़ने के बारे में अधिक जानकारी देनी चाहिए।,इस बात का ध्यान रखें कि आपका स्थानीय टेलीफोन सेवा प्रदाता इस सेवा से जुड़ने के बारे में ज़्यादा जानकारी दे सकता हो.,आपके स्थानीय टेलीफोन सेवा प्रदाता को इस सेवा से जुड़ने के बारे में अधिक जानकारी प्रदान करनी चाहिए।,0.9272822737693787,0.8722748756408691,0.8989378213882446,0.988491415977478,0.9820520877838135,0.9852612018585205
913,अंतराल वर्ष की योजना बनाने वालों के लिए यात्रा और सीखने का एक अधिक से अधिक लोकप्रिय विकल्प है।,एक अंतर-वर्ष की योजना बनाने वालों के लिए अधिक लोकप्रिय विकल्प यात्रा करना और सीखना है.,"एक बढ़ती हुई लोकप्रिय विकल्प उन लोगों के लिए जो गैप वर्ष की योजना बना रहे हैं, यात्रा करना और सीखना है।",0.8771135807037354,0.875455379486084,0.8762837052345276,0.8189469575881958,0.7899563312530518,0.8041905164718628
914,"यह विशेष रूप से स्कूल छोड़ने वालों के बीच लोकप्रिय है, जिससे उन्हें अपनी शिक्षा को बाधित किए बिना विश्वविद्यालय से पहले एक वर्ष निकालने की अनुमति मिलती है।","यह विशेष रूप से स्कूल छोड़ने वालों के लिए लोकप्रिय है, जिससे उन्हें अपनी शिक्षा से समझौता किए बिना विश्वविद्यालय से एक साल पहले ही बाहर निकलने की अनुमति मिलती है।","यह विशेषकर स्कूल छोड़ने वालों के बीच लोकप्रिय है, क्योंकि यह उन्हें विश्वविद्यालय में जाने से पहले एक साल की छुट्टी लेने की अनुमति देता है, बिना उनकी शिक्षा का समझौता किए।",0.9398190975189209,0.931871771812439,0.9358285665512085,0.8706377744674683,0.8644301295280457,0.8675228357315063
915,"कई मामलों में, विदेश में एक अंतर वर्ष पाठ्यक्रम में नामांकन वास्तव में आपके देश में उच्च शिक्षा में वापस जाने की संभावनाओं में सुधार कर सकता है।","कई मामलों में, विदेश में किसी एक साल के गैप वाले कोर्स में दाखिला लेने से, असल में आपको अपने देश में उच्च शिक्षा वाले किसी कोर्स में दाखिला लेने की संभावना बढ़ जाती है.","कई मामलों में, विदेश में गैप वर्ष पाठ्यक्रम में नामांकन करने से वास्तव में आपके अपने देश में उच्च शिक्षा में प्रवेश पाने के अवसरों में सुधार हो सकता है।",0.8193543553352356,0.7981990575790405,0.808638334274292,0.9176117777824402,0.9088670015335083,0.9132184982299805
916,आमतौर पर इन शैक्षणिक कार्यक्रमों में नामांकन के लिए फीस होगी।,आमतौर पर इन शैक्षणिक कार्यक्रमों में दाखिला लेने के लिए शिक्षण शुल्क देना होगा.,इन शैक्षिक कार्यक्रमों में दाखिला लेने के लिए आमतौर पर ट्यूशन शुल्क होगा।,0.8726485967636108,0.8336142301559448,0.8526849150657654,0.8677152991294861,0.8243923187255859,0.8454991579055786
917,"फिनलैंड एक महान नाविक गंतव्य है। ""हजार झीलों का देश"" में झीलों और तटीय द्वीपसमूहों में हजारों द्वीप भी हैं।","फिनलैंड नौका के लिए एक शानदार जगह है। “एक हजार झीलों की भूमि” में हजारों द्वीप भी हैं, जो झीलों में और तटीय द्वीपसमूह में है ।","फिनलैंड एक शानदार नौका विहार स्थल है। ""हजार झीलों की भूमि"" में झीलों और तटीय द्वीपसमूहों में हजारों द्वीप भी हैं।",0.8451969623565674,0.8346515893936157,0.8398911952972412,0.9456193447113037,0.933769941329956,0.9396572709083557
918,द्वीपसमूहों और झीलों में आपको जरूरी नहीं कि नौका की आवश्यकता हो।,द्वीप समूहों और झीलों में आपको अनिवार्य रूप से याट की ज़रूरत नहीं होती है.,विभिन्न द्वीपसमूहों और झीलों में आपको जरूरी नहीं कि एक यॉट की आवश्यकता हो।,0.8554848432540894,0.8287837505340576,0.8419226408004761,0.9502017498016357,0.9387079477310181,0.9444198608398438
919,"यद्यपि तटीय द्वीपसमूह और सबसे बड़ी झीलें वास्तव में किसी भी नौका के लिए पर्याप्त बड़ी हैं, लेकिन छोटी नावें या यहां तक कि कैयाक एक अलग अनुभव प्रदान करते हैं।","वैसे तो तटीय द्वीपसमूह और सबसे बड़ी झीलें किसी भी याट के लिए काफ़ी बड़ी हैं, लेकिन छोटी नावें या कयाक से अलग ही तरह का अनुभव मिलता है.","हालांकि तटीय द्वीपसमूह और सबसे बड़े झीलें वास्तव में किसी भी नौका के लिए काफी बड़ी हैं, छोटे नावें या यहां तक कि कायक भी एक अलग अनुभव प्रदान करते हैं।",0.8514488935470581,0.8710336089134216,0.8611299991607666,0.921741247177124,0.9517943859100342,0.9365267753601074
920,"फिनलैंड में नौकायन एक राष्ट्रीय मनोरंजन है, हर सात या आठ लोगों के लिए एक नाव है।","नौका विहार फिनलैंड में एक राष्ट्रीय शगल है, हर सात या आठ लोगों पर एक नाव है।","फिनलैंड में नाविक एक राष्ट्रीय शगल है, जहाँ हर सात या आठ लोगों के लिए एक नाव है।",0.8947973847389221,0.9099178314208984,0.9022943377494812,0.8858240842819214,0.9178204536437988,0.9015384316444397
921,"यह नॉर्वे, स्वीडन और न्यूजीलैंड के साथ मेल खाता है, लेकिन अन्यथा काफी अद्वितीय है (उदाहरण के लिए नीदरलैंड में आंकड़ा एक से चालीस है) ।","यह नॉर्वे, स्वीडन और न्यूजीलैंड द्वारा मेल खाता है, लेकिन अन्यथा काफी अनोखा है (जैसे नैदरलैंड्स में यह आंकड़ा एक से चालीस है)।","यह नॉर्वे, स्वीडन और न्यूजीलैंड के द्वारा मेल खाता है, लेकिन अन्यथा यह काफी अनोखा है (जैसे कि नीदरलैंड्स में यह अनुपात एक से चालीस है)।",0.9375689029693604,0.9376938343048096,0.937631368637085,0.9341890811920166,0.9129388332366943,0.9234417080879211
922,"अधिकांश अलग-अलग बाल्टिक क्रूज में सेंट पीटर्सबर्ग, रूस में एक लंबा प्रवास होता है।",ज़्यादातर विशिष्ट बाल्किट क्रूज़ ने रूस के सेंट पीटर्सबर्ग में विस्तारित ठहराव पेश किया है.,"बैल्टिक क्रूज के अधिकांश विशेष रूप से सेंट पीटर्सबर्ग, रूस में विस्तारित ठहराव शामिल होता है।",0.848590612411499,0.8317504525184631,0.8400861620903015,0.8687177896499634,0.8567736744880676,0.862704336643219
923,इसका मतलब है कि आप कुछ दिनों के लिए ऐतिहासिक शहर का दौरा कर सकते हैं जबकि रात में जहाज पर वापस आकर सो सकते हैं।,इसका मतलब यह है कि आप कुछ दिनों के लिए ऐतिहासिक शहर की यात्रा कर सकते हैं और वापस लौटते समय रात में शिप पर सो सकते हैं.,यह अर्थ है कि आप ऐतिहासिक शहर में कुछ पूर्ण दिन बिता सकते हैं जबकि रात में लौटकर और जहाज पर सो सकते हैं।,0.9105010628700256,0.9117189049720764,0.9111095666885376,0.8558002710342407,0.8761155605316162,0.8658387660980225
924,यदि आप केवल जहाज पर यात्रा करते हुए किनारे जाते हैं तो आपको अलग वीजा की आवश्यकता नहीं होगी (2009 से) ।,यदि आप केवल शिपबोर्ड भ्रमण का उपयोग करके किनारे तक जाते हैं तो आपको एक अलग वीज़ा की आवश्यकता नहीं होगी (2009 तक).,"यदि आप केवल जहाज से किए गए भ्रमण के दौरान किनारे पर जाते हैं, तो आपको अलग से वीजा की आवश्यकता नहीं होगी (2009 के अनुसार)।",0.9021916389465332,0.8731211423873901,0.8874183893203735,0.9288614988327026,0.8990272283554077,0.9137009382247925
925,"कुछ क्रूज में बर्नलिन, जर्मनी की ब्रोशरों में विशेषता है। जैसा कि आप बर्लिन के ऊपर के नक्शे से देख सकते हैं कि समुद्र के पास कहीं भी नहीं है और शहर की यात्रा क्रूज की कीमत में शामिल नहीं है।","कुछ क्रूज़ के ब्रोशर में बर्लिन, जर्मनी शामिल हैं। जैसा कि आप ऊपर के मानचित्र में देख सकते हैं, बर्लिन समुद्र के पास नहीं है और क्रूज़ की कीमत में शहर की यात्रा शामिल नहीं है।","कुछ क्रूज में बर्लिन, जर्मनी का उल्लेख होता है। जैसा कि आप ऊपर के मानचित्र से देख सकते हैं, बर्लिन समुद्र के पास नहीं है और शहर का दौरा क्रूज की कीमत में शामिल नहीं है।",0.8687634468078613,0.8938068151473999,0.8811072111129761,0.8738797903060913,0.8999491930007935,0.8867229223251343
926,"हवाई जहाज से यात्रा करना सभी उम्र और पृष्ठभूमि के लोगों के लिए एक डरावना अनुभव हो सकता है, खासकर यदि उन्होंने पहले कभी उड़ान नहीं भरी है या किसी आघातजनक घटना का अनुभव किया है।","सभी उम्र और पृष्ठभूमि वाले लोगों के लिए विमान में यात्रा करना एक डरावना अनुभव हो सकता है. खास कर, अगर उन्होंने पहले कभी हवाई यात्रा न की हो या फिर हवाई यात्रा के दौरान किसी दर्दनाक घटना का सामना करना पड़ा हो.","विमान से यात्रा करना सभी उम्र और पृष्ठभूमियों के लोगों के लिए एक डरावना अनुभव हो सकता है, विशेषकर यदि उन्होंने पहले उड़ान नहीं भरी है या कोई ट्रॉमाटिक घटना का अनुभव किया है।",0.873871922492981,0.8614782094955444,0.8676308393478394,0.9414982199668884,0.9445967674255371,0.943044900894165
927,यह शर्म की बात नहीं है: यह बहुत से लोगों के पास अन्य चीजों के व्यक्तिगत डर और नापसंद से अलग नहीं है।,इसके लेकर शर्माने की कोई बात नहीं है: यह निजी डर या दूसरी चीज़ें नापसंद होने से अलग नहीं है जो हर किसी में हो सकता है.,यह शर्माने वाली बात नहीं है: यह उन व्यक्तिगत भय और नापसंदियों से अलग नहीं है जो बहुत से लोगों के पास हैं।,0.827204704284668,0.814116895198822,0.8206086158752441,0.8602968454360962,0.8713710308074951,0.8657984733581543
928,"कुछ लोगों के लिए, विमान के कामकाज और उड़ान के दौरान क्या होता है, इसके बारे में कुछ समझना उन डरों पर विजय प्राप्त करने में मदद कर सकता है जो अज्ञात या नियंत्रण में नहीं होने पर आधारित हैं।","कुछ के लिए, विमान के काम करने के तरीके और उड़ान के दौरान क्या होता है, इस बारे में समझना एक ऐसे डर को दूर करने में मदद कर सकता है जो अज्ञात या नियंत्रण में न होने पर आधारित है.","कुछ लोगों के लिए, विमान कैसे काम करते हैं और उड़ान के दौरान क्या होता है, इसके बारे में कुछ समझना उस डर को दूर करने में मदद कर सकता है जो अनजान या नियंत्रण में न होने पर आधारित होता है।",0.9262189865112305,0.9237075448036194,0.9249616265296936,0.9259541034698486,0.917282223701477,0.9215977787971497
929,"कूरियर कंपनियों को सामानों को जल्दी से देने के लिए अच्छी तरह से भुगतान किया जाता है। अक्सर, तत्काल मरम्मत के लिए व्यावसायिक दस्तावेजों, माल या स्पेयर पार्ट्स के साथ समय बहुत महत्वपूर्ण होता है।","कूरियर कंपनियों को सामान को जल्दी से और अच्छे तरीके से पहुंचाने के लिए भुगतान किया जाता है। अक्सर, व्यापारिक दस्तावेजों, व्यापारिक वस्तुओं या मरम्त के लिए प्रयोग किये जाने वाले स्पेयर पार्ट्स को समय से पहुँचाने में बहुत महत्वपूर्ण भूमिका होती है।","कूरियर कंपनियों को चीजें तेज़ी से पहुँचाने के लिए अच्छा भुगतान मिलता है। अक्सर, व्यापार दस्तावेज़ों, माल या तत्काल मरम्मत के लिए स्पेयर पार्ट्स के साथ समय बहुत महत्वपूर्ण होता है।",0.884875476360321,0.8649309873580933,0.8747895956039429,0.9089983701705933,0.9185274839401245,0.9137380719184875
930,"कुछ मार्गों पर बड़ी कंपनियों के पास अपने विमान होते हैं, लेकिन अन्य मार्गों और छोटी कंपनियों के लिए समस्या थी।","चुनिंदा रूट पर, बड़ी कंपनियों के खुद के विमान हैं, लेकिन अन्य रूट पर और छोटी फ़र्म के लिए यह एक समस्या है.","कुछ मार्गों पर, बड़े कंपनियों के अपने विमान होते हैं, लेकिन अन्य मार्गों और छोटे फर्मों के लिए एक समस्या थी।",0.8560723066329956,0.7950066328048706,0.8244102001190186,0.9437669515609741,0.9269334077835083,0.9352744817733765
931,"अगर वे हवाई माल द्वारा सामान भेजते थे, तो कुछ मार्गों पर उतारने और सीमा शुल्क से गुजरने में कई दिन लग सकते थे।","यदि वे एयर फ़्रेट के ज़रिए चीज़ों को भेजते हैं, तो कुछ रूट्स पर अनलोडिंग करने और कस्टम के लिए कुछ दिन लग सकते हैं.","यदि उन्होंने वायु माल परिवहन द्वारा सामान भेजा, तो कुछ मार्गों पर इसे उतारने और कस्टम्स में जाने में कई दिन लग सकते थे।",0.8056849241256714,0.7871952056884766,0.7963327765464783,0.8840750455856323,0.8909724354743958,0.8875102996826172
932,"इसे जल्दी से पार करने का एकमात्र तरीका चेक किए गए सामान के रूप में भेजना था। एयरलाइन नियमों के अनुसार, बिना यात्री के सामान भेजने की अनुमति नहीं है, जो कि आप वहां आते हैं।","इसे तेज़ी से प्राप्त करने का एकमात्र तरीका इसे चेक किए गए सामान के रूप में भेजना था। एयरलाइन के नियम उन्हें बिना यात्री के सामान भेजने की अनुमति नहीं देंगे, और यहीं पर आप काम आएँगे।","इसे तेजी से पहुँचाने का एकमात्र तरीका इसे चेक की गई सामान के रूप में भेजना था। एयरलाइन के नियम बिना यात्री के सामान भेजने की अनुमति नहीं देंगे, इसी वजह से आप इसमें शामिल होते हैं।",0.8964206576347351,0.8932472467422485,0.8948311805725098,0.887485682964325,0.8782821297645569,0.8828599452972412
933,"प्रथम या बिजनेस क्लास में उड़ान भरने का स्पष्ट तरीका है कि इस विशेषाधिकार के लिए एक मोटी रकम निकालें (या, बेहतर अभी तक, अपनी कंपनी को आपके लिए ऐसा करने के लिए कहें) ।","फर्स्ट या बिज़नस क्लास में यात्रा करना सुविधा के लिए अधिक पैसे खर्च करना है (या, बेहतर यह है कि आप अपनी कंपनी से बुकिंग करवाएँ).","फर्स्ट या बिजनेस क्लास में उड़ने का सबसे स्पष्ट तरीका यह है कि इसके लिए मोटी रकम खर्च करें (या, बेहतर अभी तक, अपनी कंपनी से यह कराने के लिए कहें)।",0.7687522172927856,0.7828764915466309,0.7757501006126404,0.8841191530227661,0.900347113609314,0.8921593427658081
934,"हालांकि, यह सस्ता नहीं हैः कठोर नियम के रूप में, आप व्यवसाय के लिए सामान्य अर्थव्यवस्था किराए के चार गुना और प्रथम श्रेणी के लिए ग्यारह गुना तक का भुगतान करने की उम्मीद कर सकते हैं!","हालाँकि, यह सस्ता नहीं है: एक नियम के रूप में, आप बिज़नस के लिए सामान्य इकॉनमी भाड़े का चार गुना तक और प्रथम श्रेणी के लिए ग्यारह गुना तक भुगतान करने की उम्मीद कर सकते हैं!","हालांकि, यह सस्ता नहीं आता: अनुभव के अनुसार, आप व्यवसाय वर्ग के लिए सामान्य अर्थव्यवस्था किराए का चार गुना और प्रथम श्रेणी के लिए ग्यारह गुना भुगतान करने की उम्मीद कर सकते हैं!",0.9024511575698853,0.899674117565155,0.9010605216026306,0.9355922937393188,0.9469318389892578,0.9412278532981873
935,"आम तौर पर, ए से बी तक की सीधी उड़ानों पर बिजनेस या फर्स्ट क्लास सीटों पर छूट की तलाश करने का भी कोई मतलब नहीं है।",आमतौर पर ऐसा कहा जाता है कि सीधी उड़ानों में ए से बी तक बिज़नेस या फ़र्स्ट क्लास सीटों पर किसी भी सूरत में डिस्काउंट नहीं दिया जाता है.,"आमतौर पर, सीधे उड़ानों में A से B तक के व्यवसाय या फर्स्ट-클ास सीटों के लिए छूट की तलाश करना भी व्यर्थ है।",0.8376514911651611,0.8286724090576172,0.8331378102302551,0.8553736209869385,0.8633326292037964,0.8593347072601318
936,"एयरलाइंस अच्छी तरह से जानती हैं कि कुछ मुख्य समूह के यात्री हैं जो जल्दी और आराम से कहीं पहुंचने के विशेषाधिकार के लिए बहुत अधिक भुगतान करने को तैयार हैं, और तदनुसार शुल्क लेते हैं।","एयरलाइन कंपनियाँ अच्छी तरह जानती हैं कि कुछ यात्रियों का एक ऐसा समूह है जो कुछ हद तक तेज़ और सुविधाजनक यात्रा के लिए ज़्यादा किराया चुकाने के लिए तैयार रहते हैं, और कंपनियाँ उसी हिसाब से चार्ज करती हैं.","एयरलाइंस अच्छी तरह से जानती हैं कि एक निश्चित मूल समूह के यात्री होते हैं जो तेजी से और आराम से कहीं पहुँचने के विशेषाधिकार के लिए अधिक पैसे देने को तैयार होते हैं, और उसी के अनुसार शुल्क लेते हैं।",0.8197885751724243,0.7964997291564941,0.8079763650894165,0.922771692276001,0.9252508282661438,0.9240096211433411
937,"मोल्दोवा की राजधानी चिशीनौ है। स्थानीय भाषा रोमानियाई है, लेकिन व्यापक रूप से रूसी का उपयोग किया जाता है।","मोल्दोवा की राजधानी चिसिनाउ है. स्थानीय भाषा रोमानियाई है, लेकिन रूसी भाषा का व्यापक रूप से उपयोग किया जाता है.","मोल्डोवा की राजधानी चिशिनाउ है। स्थानीय भाषा रोमानियन है, लेकिन रूसी का व्यापक रूप से उपयोग किया जाता है।",0.9634116291999817,0.9546816349029541,0.9590268135070801,0.9632663726806641,0.961235523223877,0.9622498750686646
938,मोल्दोवा एक बहुजातीय गणराज्य है जो जातीय संघर्ष से पीड़ित है।,"माल्डोवा एक बहु जातीय गणराज्य है, जो जातीय संघर्ष से पीड़ित रहा है.",मोल्दोवा एक बहु-जातीय गणतंत्र है जिसने जातीय संघर्षों का सामना किया है।,0.9445823431015015,0.9427929520606995,0.9436867237091064,0.9018585681915283,0.8881877064704895,0.8949709534645081
939,"1994 में, इस संघर्ष ने पूर्वी मोल्दोवा में स्व-घोषित ट्रांसनिस्ट्रिया गणराज्य के निर्माण के लिए नेतृत्व किया, जिसमें अपनी सरकार और मुद्रा है लेकिन संयुक्त राष्ट्र के किसी सदस्य देश द्वारा मान्यता प्राप्त नहीं है।","1994 में, इस संघर्ष की वजह से पूर्वी माल्डोवा में ट्रांसनिस्ट्रिया गणराज्य के निर्माण घोषणा हुई, जिसकी अपनी सरकार और मुद्रा है लेकिन इसे संयुक्त राष्ट्र के किसी भी सदस्य देश ने मान्यता नहीं दी.","1994 में, यह संघर्ष पूर्वी मोल्दोवा में आत्म-घोषित ट्रांसनिस्ट्रिया गणराज्य के निर्माण की ओर ले गया, जिसकी अपनी सरकार और मुद्रा है लेकिन इसे किसी भी संयुक्त राष्ट्र सदस्य देश द्वारा मान्यता नहीं दी गई है।",0.8784129619598389,0.8916446566581726,0.8849793076515198,0.925766110420227,0.9287669658660889,0.9272640943527222
940,राजनीतिक वार्ता में विफलता के बावजूद मोल्दोवा के इन दो हिस्सों के बीच आर्थिक संबंध बहाल किए गए हैं।,राजनीतिक गतिरोध के बावजूद माल्डोवा के इन दो इलाकों में आर्थिक साझेदारी फिर से स्थापित हुई.,"आर्थिक कड़ियाँ मोलडोवा के इन दो हिस्सों के बीच फिर से स्थापित की गई हैं, भले ही राजनीतिक वार्ताओं में असफलता हुई हो।",0.8320165276527405,0.8307203054428101,0.8313678503036499,0.8470166921615601,0.8197140097618103,0.8331417441368103
941,मोल्दोवा में मुख्य धर्म रूढ़िवादी ईसाई है।,मोल्दोवा में प्रमुख धर्म रूढ़िवादी ईसाई धर्म है।,मोल्दोवा में मुख्य धर्म ऑर्थोडॉक्स ईसाई है।,0.9560357332229614,0.9474204778671265,0.9517086148262024,0.879103422164917,0.8912054300308228,0.8851130604743958
942,"इज़मिर तुर्की का तीसरा सबसे बड़ा शहर है जिसकी आबादी लगभग 3.7 मिलियन है, इस्तांबुल के बाद दूसरा सबसे बड़ा बंदरगाह है, और एक बहुत अच्छा परिवहन केंद्र है।","इज़मिर तुर्की का तीसरा सबसे बड़ा शहर है, जिसकी आबादी लगभग 3.7 मिलियन है, जो इस्तांबुल के बाद दूसरा सबसे बड़ा बंदरगाह है, और एक बहुत अच्छा परिवहन केंद्र है.","इज़मीर तुर्की का तीसरा सबसे बड़ा शहर है जिसकी जनसंख्या लगभग 3.7 मिलियन है, यह इस्तांबुल के बाद दूसरा सबसे बड़ा बंदरगाह है, और यह एक बहुत अच्छा परिवहन केंद्र है।",0.986767053604126,0.9807126522064209,0.9837305545806885,0.9731695652008057,0.9713166356086731,0.9722422957420349
943,"प्राचीन शहर स्मुरना के रूप में एक बार, यह एक आधुनिक, विकसित और व्यस्त वाणिज्यिक केंद्र है, जो एक विशाल खाड़ी के आसपास और पहाड़ों से घिरा हुआ है।","एक बार का प्राचीन शहर स्मिर्ना, अब एक आधुनिक, विकसित और व्यस्त व्यवस्या का केन्द्र है, यह एक विशाल खाड़ी के साथ स्थित है और पहाड़ों से चारो ओर से घिरा हुआ है।","प्राचीन शहर स्मिरना के रूप में जाना जाता था, यह अब एक आधुनिक, विकसित और व्यस्त वाणिज्यिक केंद्र है, जो एक विशाल बन्दरगाह के चारों ओर स्थित है और पहाड़ों से घिरा हुआ है।",0.8710967302322388,0.8774149417877197,0.8742443919181824,0.9198106527328491,0.9072784185409546,0.9135015606880188
944,"चौड़े बुलेवार्ड, ग्लास-फ्रंट वाली इमारतें और आधुनिक शॉपिंग सेंटर पारंपरिक लाल टाइल वाली छतों, 18 वीं शताब्दी के बाजार और पुरानी मस्जिदों और चर्चों से dotted हैं, हालांकि शहर में पारंपरिक तुर्की की तुलना में भूमध्यसागरीय यूरोप का वातावरण अधिक है।","बड़े-बड़े बुलेवार्ड, ग्लास-फ्रंटेड इमारतों और आधुनिक शॉपिंग सेंटर पारंपरिक लाल टाइल वाली छतों से आच्छादित हैं, 18वीं शताब्दी के बाजार, और पुरानी मस्जिदें और चर्च हैं, हालांकि शहर में पारंपरिक तुर्की की तुलना में भूमध्यसागरीय यूरोप का माहौल अधिक है।","चौड़े बुलेवार्ड, कांच की फ्रंट वाली इमारतें और आधुनिक शॉपिंग सेंटर पारंपरिक लाल टाइल वाली छतों, 18वीं सदी के बाजार, और पुराने मस्जिदों और चर्चों से दिजित हैं, हालांकि शहर का माहौल पारंपरिक तुर्की से ज्यादा भूमध्यसागरीय यूरोप जैसा है।",0.8989900350570679,0.8911950588226318,0.8950755596160889,0.9404282569885254,0.9273150563240051,0.933825671672821
945,हल्डार्सविक गांव में पास के द्वीप एस्टुरोय का दृश्य है और इसमें एक असामान्य अष्टकोणीय चर्च है।,हलडारश्वीक  गाँव से पास के एस्टूरॉय का द्वीप नज़र आता है और इसमें एक असाधारण अष्टकोणीय चर्च है।,हाल्डार्स्विक गांव पास में स्थित द्वीप एस्टुरॉय के दृश्य प्रस्तुत करता है और इसमें एक असामान्य आठकोणीय चर्च है।,0.8901109099388123,0.877210259437561,0.8836135268211365,0.9240205883979797,0.9116105437278748,0.9177736043930054
946,"चर्च के आंगन में, कुछ कब्रों के ऊपर गौरैया की दिलचस्प संगमरमर की मूर्तियां हैं।","चर्च के परिसर में, कुछ कब्रों पर कबूतरों की संगमरमर से बनाई गयी दिलचस्प मूर्तियां हैं।","गिरजाघर के प्रांगण में, कुछ कब्रों के ऊपर दिलचस्प संगमरमर की कबूतरों की मूर्तियाँ हैं।",0.9039000272750854,0.8949206471443176,0.8993878960609436,0.9157376289367676,0.9063824415206909,0.9110360145568848
947,दिलचस्प गांव के आसपास घूमने के लिए यह आधे घंटे का है।,कुतूहल गाँव में आधे घंटे टहलना समय की हानि नहीं है।,यह रोचक गांव में घूमने के लिए आधे घंटे का समय देना लायक है।,0.7518200874328613,0.7594034075737,0.7555926442146301,0.813866913318634,0.8214295506477356,0.8176307678222656
948,उत्तर में और आसानी से सुलभ है रोमांटिक और आकर्षक शहर सिंट्रा और जो कि लॉर्ड बायर्न द्वारा दर्ज की गई अपनी शानदार कथा के बाद विदेशियों के लिए प्रसिद्ध हो गया था।,उत्तर की ओर और पास ही में सिंट्रा का रोमांटिक और आकर्षक शहर है और जिसे लॉर्ड बायरन द्वारा दर्ज किए गए अपने शानदार कारनामो के बाद विदेशियों के लिए प्रसिद्ध किया गया था।,"उत्तर की ओर और आसानी से पहुँच में, रोमांटिक और आकर्षक शहर सिन्ट्रा है, जिसे विदेशी लोगों के बीच मशहूर किया गया था, जब लॉर्ड बायरन ने इसकी भव्यता का विस्तार से वर्णन किया।",0.8985999226570129,0.8943251371383667,0.8964573740959167,0.8432818055152893,0.8275978565216064,0.8353662490844727
949,"स्कॉटर्ब बस 403 नियमित रूप से सिंट्रा की यात्रा करता है, कैब दा रोका में रुकता है।","स्कॉटो बस 403, हर दिन काबो दा रोका पर रुकते हुए सिंतरा जाती है.","स्कॉटर्ब बस 403 नियमित रूप से सेंट्रा जाती है, जो काबो दा रोका पर रुकती है।",0.805607795715332,0.827895998954773,0.8165998458862305,0.8856826424598694,0.8967664241790771,0.8911900520324707
950,"उत्तर में भी फातिमा की हमारी लेडी (श्रीन) के महान अभयारण्य का दौरा करें, जो दुनिया भर में प्रसिद्ध मैरीयन दर्शनों का स्थान है।","उत्तर की ओर हमारी महान आवर लेडी ऑफ़ फातिमा (श्राइन) अभ्यारण्य की भी यात्रा करे , दुनिया भर में प्रसिद्ध एक जगह जहा मैरिएन दिखाई देते हैं।","उत्तर में, हमारे दांदी की माता का महान आश्रय (श्राइन) भी देखें, जो विश्व प्रसिद्ध मैरियन दृष्टांतों का स्थान है।",0.8277804255485535,0.8043444156646729,0.8158941268920898,0.8060035705566406,0.803466796875,0.8047332167625427
951,"कृपया याद रखें कि आप अनिवार्य रूप से एक सामूहिक कब्र स्थल पर जा रहे हैं, साथ ही एक ऐसी जगह भी है जिसका अर्थ दुनिया की आबादी के एक महत्वपूर्ण हिस्से के लिए लगभग अनगिनत है।","कृपया याद रखें कि आप एक तरह से एक सामूहिक कब्र स्थल पर जा रहे हैं, साथ ही साथ एक ऐसा स्थल भी जिसका दुनिया की आबादी के एक महत्वपूर्ण हिस्से के हिसाब से असंख्य अर्थ हैं।","कृपया याद रखें कि आप मूल रूप से एक सामूहिक कब्र स्थल पर जा रहे हैं, साथ ही यह स्थल एक महत्वपूर्ण भाग के लिए लगभग अकल्पनीय महत्व रखता है जो दुनिया की जनसंख्या का हिस्सा है।",0.9214744567871094,0.9207755327224731,0.9211248159408569,0.8682207465171814,0.8738510608673096,0.8710267543792725
952,"अभी भी बहुत से पुरुष और महिलाएं जीवित हैं जो यहां अपने समय से बच गए हैं, और बहुत से और भी जिनके प्रिय थे जिन्हें वहां हत्या कर दिया गया था या हत्या के लिए काम किया गया था, यहूदी और गैर-यहूदी दोनों।","यहूदी और गैर-यहूदी की तरह, अभी भी ऐसे कई पुरुष और महिलाएं जीवित हैं जो उस समय बचने में सफल रहे और कई जिनके प्रियजनों को मार दिया गया या उनके मरने तक उनसे काम करवाया गया.","यहां अब भी कई पुरुष और महिलाएँ जीवित हैं जिन्होंने यहाँ अपने समय को सहन किया, और कई और हैं जिनके प्रियजनों की हत्या की गई या वहां काम करके उनकी जान ले ली गई, यहूदियों और गैर-यहूदियों दोनों के लिए।",0.8282619714736938,0.8223610520362854,0.8253009915351868,0.8693042397499084,0.8528163433074951,0.8609814047813416
953,"कृपया इस साइट के प्रति सम्मान, सम्मान और सम्मान के साथ व्यवहार करें।","कृपया इस जगह का सम्मान करें, अपने व्यवहार में गंभीरता रखें और इससे वही सम्मान दें जिसकी यह हकदार है. होलोकास्ट या नाज़ी लोगों के बारे में मज़ाक न करें.","कृपया इस स्थल का सम्मान, गंभीरता और सम्मान के साथ व्यवहार करें जो इसका हकदार है। होलोकोस्ट या नाजी नेताओं के बारे में मजाक न करें।",0.7989305257797241,0.7175746560096741,0.7560703158378601,0.8909648060798645,0.786251962184906,0.8353396654129028
954,ग्राफटी को चिह्नित करके या संरचनाओं में खरोंच करके साइट को खराब न करें।,चीज़ों पर कुछ बनाकर या खरोंच कर इस जगह को नुक़सान न पहुँचाएँ.,साइट को चिह्नित करने या संरचनाओं पर ग्रैफिटी खरोंचकर विकृत न करें।,0.7667925357818604,0.7835679650306702,0.7750895023345947,0.9013782739639282,0.8948078155517578,0.8980810642242432
955,"बार्सिलोना की आधिकारिक भाषाएं कैटलन और स्पेनिश हैं। लगभग आधे लोग कैटलन बोलना पसंद करते हैं, विशाल बहुमत इसे समझता है, और लगभग सभी स्पेनिश जानते हैं।","बार्सिलोना की आधिकारिक भाषाएँ कातलान और स्पेनिश हैं. लगभग आधे लोग कातलान बोलना पसंद करते हैं, एक बहुत बड़ी जनसंख्या में लोग इसे समझते हैं, और लगभग हर कोई स्पेनिश जानता है.","बार्सिलोना की आधिकारिक भाषाएँ कैटेलन और स्पैनिश हैं। लगभग आधे लोग कैटेलन बोलना पसंद करते हैं, एक बहुत बड़ा प्रतिशत इसे समझता है, और लगभग हर कोई स्पैनिश जानता है।",0.9277858734130859,0.9334603548049927,0.9306144714355469,0.9425523281097412,0.9517458081245422,0.9471268057823181
956,"हालांकि, अधिकांश संकेत केवल कैटलन में दिए जाते हैं क्योंकि यह पहली आधिकारिक भाषा के रूप में कानून द्वारा स्थापित किया गया है।","हालाँकि, ज़्यादातर संकेत सिर्फ़ कैटलन में ही इंगित किए जाते हैं, क्योंकि यह कानूनन वहाँ की पहली आधिकारिक भाषा है.","हालांकि, अधिकांश संकेत केवल कैटलन में संकेतित हैं क्योंकि इसे कानून द्वारा पहले आधिकारिक भाषा के रूप में स्थापित किया गया है।",0.8605493307113647,0.8193104267120361,0.839423656463623,0.9548494815826416,0.9449434876441956,0.9498706459999084
957,फिर भी सार्वजनिक परिवहन और अन्य सुविधाओं में भी स्पेनिश का व्यापक रूप से उपयोग किया जाता है।,"हाँ, सार्वजनिक परिवहन और अन्य कार्यालयों में भी स्पेनिश व्यापक रूप से इस्तेमाल की जाती है.","फिर भी, स्पेनिश का सार्वजनिक परिवहन और अन्य सुविधाओं में भी व्यापक रूप से उपयोग किया जाता है।",0.8925071954727173,0.9053213596343994,0.8988686203956604,0.9617217779159546,0.9564600586891174,0.959083616733551
958,"मेट्रो में नियमित घोषणाएं केवल कैटलन में की जाती हैं, लेकिन अनपेक्षित व्यवधानों की घोषणा एक स्वचालित प्रणाली द्वारा स्पेनिश, अंग्रेजी, फ्रेंच, अरबी और जापानी सहित विभिन्न भाषाओं में की जाती है।","मेट्रो में नियमित घोषणाएँ केवल कैटलन में की जाती हैं, लेकिन स्पेनिश, अंग्रेजी, फ्रेंच, अरबी और जापानी सहित विभिन्न भाषाओं में एक स्वचालित प्रणाली द्वारा अनियोजित अवरोधों की घोषणा की जाती है।","मेट्रो में नियमित घोषणाएँ केवल कैटेलन में की जाती हैं, लेकिन अप्रत्याशित व्यवधानों की घोषणा एक स्वचालित प्रणाली द्वारा कई विभिन्न भाषाओं में की जाती है, जिसमें स्पेनिश, अंग्रेजी, फ्रेंच, अरबी और जापानी शामिल हैं।",0.9213788509368896,0.9344614148139954,0.9278740286827087,0.9537712335586548,0.9410910606384277,0.9473887085914612
959,"पेरिसियों को स्वार्थी, क्रूर और अहंकारी होने की प्रतिष्ठा है।","ऐसा माना जाता है कि पेरिस के निवासी अहंकारी, असभ्य और अभिमानी होते हैं।","पैरिसवासी को आत्मकेंद्रित, अशिष्ट और घमंडी होने की प्रतिष्ठा है।",0.7886865139007568,0.7964403629302979,0.7925444841384888,0.8499929308891296,0.8388753533363342,0.8443976044654846
960,"हालांकि यह अक्सर केवल एक गलत रूढ़िवादी दृष्टिकोण है, पेरिस में साथ आने का सबसे अच्छा तरीका अभी भी अपने सर्वश्रेष्ठ व्यवहार पर होना है, ""bien élevé"" (अच्छी तरह से उठाया गया) की तरह व्यवहार करना। यह काफी आसान हो जाएगा।","हालांकि यह अक्सर केवल एक गलत रूढ़िवादी धारणा होती है, पेरिस में घुलने-मिलने का सबसे अच्छा तरीका अभी भी अपना सबसे अच्छा व्यवहार करना है, किसी ऐसे व्यक्ति की तरह अभिनय करना जो “बिएन एलेव” (अच्छी तरह से पला-बढ़ा) हो। यह घुलने-मिलने को काफी आसान बना देगा।","जबकि यह अक्सर केवल एक गलत पूर्वाग्रह होता है, पेरिस में साथ रहने का सबसे अच्छा तरीका अभी भी यह है कि आप अपने सबसे अच्छे व्यवहार में रहें, ऐसा व्यवहार करें जैसे कि आप ""बिएन इवेले"" (अच्छी तरह से पालित) हैं। इससे घूमने-फिरने में काफी आसानी होगी।",0.8730360269546509,0.8144502639770508,0.8427261710166931,0.8427220582962036,0.8072131872177124,0.8245855569839478
961,पेरिसियों के अचानक बाहरी दृश्य जल्दी से भाप जाएंगे यदि आप कुछ बुनियादी शिष्टाचार प्रदर्शित करते हैं।,"अगर आप कुछ सामान्य शिष्टाचार दिखाते हैं, तो पेरिस से बाहर के लोग तेजी से गायब हो जाएँगे.",पेरिसवासियों की अचानक कठोरता जल्दी ही गायब हो जाएगी यदि आप कुछ बुनियादी शिष्टाचार प्रदर्शित करें।,0.8130685091018677,0.8240900635719299,0.8185421824455261,0.8876560926437378,0.8797672986984253,0.8836941123008728
962,"प्लाइटविच झीलों राष्ट्रीय उद्यान में भारी वन है, जिसमें मुख्य रूप से बखरा, सप्प्रूस और खजूर के पेड़ हैं, और इसमें आल्पिन और भूमध्यसागरीय वनस्पति का मिश्रण है।","प्लिटवाइस नेशनल पार्क घने जंगल से घिरा है, जहाँ मुख्य रूप से बीच, स्प्रूस और फ़र के पेड़ लगे हुए हैं, और यहां अल्पाइन और भूमध्य वनस्पति मिलती हैं.","प्लिटविस झीलों का राष्ट्रीय पार्क घने वन से आच्छादित है, मुख्यतः बीच, स्प्रूस और फर के पेड़ों के साथ, और इसमें आल्पाइन और मेडिटेरेनियन वनस्पति का मिश्रण है।",0.8374581933021545,0.8338233232498169,0.8356367945671082,0.8609156608581543,0.8622777462005615,0.8615961670875549
963,"इसमें सूक्ष्म जलवायु की विविधता, विभिन्न मिट्टी और विभिन्न ऊंचाई के स्तर के कारण पौधों के समुदायों की एक विशेष विविधता है।","इसकी सूक्ष्म जलवायु श्रेणी श्रृंखलाओं, भिन्न मिट्टियों और ऊँचाई के विभिन्न स्तरों के कारण इसमें व्यापक वनस्पति विविधता है।","इसमें पौधों के समुदायों की एक विशेष रूप से विस्तृत विविधता है, जो इसके सूक्ष्म जलवायु, भिन्न मिट्टियों और विभिन्न ऊँचाई स्तरों के कारण है।",0.8470977544784546,0.8450158834457397,0.8460555672645569,0.9128240346908569,0.876311182975769,0.8941950798034668
964,इस क्षेत्र में जानवरों और पक्षियों की एक बहुत ही विस्तृत विविधता भी है।,यह क्षेत्र पशु और पक्षी प्रजातियों की एक बहुत व्यापक किस्मों का आवास है।,यह क्षेत्र विभिन्न प्रकार के जानवरों और पक्षियों की प्रजातियों का घर भी है।,0.8281996250152588,0.817146360874176,0.8226358890533447,0.8312904834747314,0.8492529392242432,0.8401757478713989
965,"दुर्लभ जीव जैसे यूरोपीय ब्राउन बीयर, भेड़िया, ईगल, उल्लू, लिंक्स, जंगली बिल्ली और कैपरकैलियों को कई अन्य आम प्रजातियों के साथ वहां पाया जा सकता है","कई सामान्य प्रजातियों के साथ ही, यहाँ दुलर्भ जीव-जंतु जैसे कि यूरोपीय भूरा भालू, भेड़िया, ईगल, उल्लू, वनबिलाव, जंगली बिल्ली और कैपरकैलिली भी मिल सकते हैं.","यहां यूरोपीय भूरे भालू, भेड़िया, गरगट, उल्लू, लिंक्स, जंगली बिल्ली और कैपरकैली के जैसे दुर्लभ जीव-जंतु पाए जा सकते हैं, इसके साथ ही कई सामान्य प्रजातियाँ भी मिलती हैं।",0.8632096648216248,0.8541839122772217,0.8586730360984802,0.8623685836791992,0.8338043689727783,0.8478459715843201
966,मठों में जाने पर महिलाओं को घुटनों को ढकने वाली स्कर्ट पहननी होती है और उनके कंधे भी ढकने चाहिए।,मठों में जाते समय महिलाओं को अपने घुटनों को ढकने के लिए स्कर्ट्स पहनने की ज़रूरत होती है और उन्हें अपने कंधों को भी ढकना होता है.,"जब मठों का दौरा करते समय, महिलाओं को घुटनों को ढकने वाली स्कर्ट पहनने और अपने कंधों को भी ढकने की आवश्यकता होती है।",0.9081228375434875,0.8622512817382812,0.8845928311347961,0.9086333513259888,0.8776267766952515,0.8928609490394592
967,"अधिकांश मठों में अनियंत्रित आने वाली महिलाओं के लिए लपेटें उपलब्ध होती हैं, लेकिन यदि आप अपना लपेटें, विशेष रूप से उज्ज्वल रंगों वाला लपेटें, तो प्रवेश द्वार पर भिक्षु या नन से आपको मुस्कान मिलेगी।","अधिकांश मठों में बिना तैयारी के आने वाली महिलाओं के लिए सिर पर लपेटने का कपडा उपलब्ध कराया जाता है, लेकिन अगर आप अपना, विशेष रूप से चमकीले रंग का कपड़ा लाते हैं, तो आपको प्रवेश द्वार पर साधु या नन से एक प्यारी सी मुस्कान मिलेगी।","अधिकांश मठ उन महिलाओं के लिएWraps प्रदान करते हैं जो बिना तैयारी के आती हैं, लेकिन यदि आप अपना खुद का लाते हैं, विशेषकर एक उज्ज्वल रंग का, तो आपको प्रवेश द्वार पर भिक्षु या भिक्षुणी से एक मुस्कान मिलेगी।",0.8699446320533752,0.8519942760467529,0.8608759641647339,0.8484963178634644,0.8591299057006836,0.8537800312042236
968,इसी तरह पुरुषों को घुटनों को कवर करने वाली पैंट पहननी होती है।,"इसी तरह, पुरुषों के लिए घुटनों को ढँकने वाले ट्राउज़र पहनना ज़रूरी है.","इस ही संदर्भ में, पुरुषों के लिए घुटनों को ढकने वाली पतलून पहनना आवश्यक है।",0.8793653249740601,0.8315215706825256,0.8547744750976562,0.8608973026275635,0.8180221915245056,0.8389122486114502
969,ये भी प्रवेश द्वार पर स्टॉक से उधार लिया जा सकता है लेकिन यह कपड़े हर उपयोगकर्ता के बाद नहीं धोए जाते हैं इसलिए आप इन स्कर्ट पहनने में सहज महसूस नहीं कर सकते। एक आकार पुरुषों के लिए सभी फिट बैठता है!,इसे प्रवेश द्वार पर रखे स्टॉक से भी लिया जा सकता है लेकिन उन कपड़ों को हर इस्तेमाल के बाद धोया नहीं जाता है इसलिए शायद आपको ये स्कर्ट पहनना सुविधाजनक न लगे. पुरुषों के लिए एक ही साइज़ उपलब्ध है.,"यह भी प्रवेश द्वार पर स्टॉक से उधार लिया जा सकता है, लेकिन تلك कपड़े हर उपयोगकर्ता के बाद धोए नहीं जाते हैं, इसलिए आपको ये स्कर्ट पहनने में सहजता महसूस नहीं हो सकती। पुरुषों के लिए एक आकार सभी पर फिट बैठता है!",0.8459421396255493,0.8476442098617554,0.8467922806739807,0.9531845450401306,0.9413454532623291,0.947227954864502
970,"मेलोर्कन का खाना, भूमध्य सागर के समान क्षेत्रों की तरह, रोटी, सब्जियों और मांस (विशेष रूप से सुअर का मांस) पर आधारित है, और पूरे क्षेत्र में जैतून का तेल उपयोग किया जाता है।","मेजरकेन खाना, भूमध्य सागर में समान क्षेत्रों की तरह, रोटी, सब्जियों और मांस (विशेष रूप से सूअर का मांस) पर आधारित है, और जैतून के तेल का उपयोग करता है।",马尔科尔的烹饪，像地中海相似地区的烹饪一样，以面包、蔬菜和肉类（特别是猪肉）为基础，并且贯穿使用橄榄油。,0.9270322918891907,0.9468130469322205,0.9368182420730591,0.7153499126434326,0.7361713647842407,0.7256113290786743
971,"विशेषकर गर्मियों में एक साधारण लोकप्रिय रात्रिभोज पैंब ओली हैः जैतून के तेल, टमाटर और उपलब्ध किसी भी मसाले जैसे पनीर, ट्यूना मछली आदि के साथ रोटी।","एक सामान्य लोकप्रिय डिनर, विशेष रूप से गर्मी के मौसम में, पा एम्बे ओली है: ब्रेड के साथ ऑलिव ऑयल, टमाटर, और कोई भी उपलब्ध रुचिकर सामग्री जैसे पनीर, ट्यूना मछली आदि।","एक साधा लोकप्रिय रात का खाना, खासकर गर्मियों के दौरान, है पा अम्ब ओली: रोटी जो जैतून के तेल, टमाटर और उपलब्ध किसी भी मसाले जैसे पनीर, ट्यूना मछली आदि के साथ होती है।",0.8455424308776855,0.8308305740356445,0.8381219506263733,0.9075427651405334,0.8858192563056946,0.89654940366745
972,"आपके लिए शब्द Sie के साथ सभी संज्ञाएं हमेशा एक बड़े अक्षर से शुरू होती हैं, यहां तक कि एक वाक्य के बीच में भी।","साई के साथ-साथ सभी संज्ञा शब्द हमेशा अंग्रेज़ी के बड़े अक्षर से ही शुरू होते हैं, भले ही वे वाक्य के बीच में ही क्यों न हों.","सभी संज्ञाएं, आपके लिए शब्द 'Sie' के अलावा, हमेशा बड़े अक्षर से शुरू होती हैं, यहां तक कि वाक्य के बीच में भी।",0.8552572727203369,0.8358842134475708,0.8454597592353821,0.9322528839111328,0.9174275994300842,0.9247808456420898
973,यह कुछ क्रियाओं और वस्तुओं के बीच अंतर करने का एक महत्वपूर्ण तरीका है।,यह कुछ क्रियाओं और विषय के बीच अंतर करने का एक महत्वपूर्ण तरीका है।,यह कुछ क्रिया और वस्तुओं के बीच भेद करने का एक महत्वपूर्ण तरीका है।,0.9730623960494995,0.9833763837814331,0.9781922101974487,0.9715483784675598,0.9753479957580566,0.9734444618225098
974,"यह भी पढ़ने को आसान बनाता है, हालांकि लेखन कुछ हद तक जटिल है क्योंकि यह पता लगाने की आवश्यकता है कि क्या क्रिया या विशेषण का प्रयोग वस्तुनिष्ठ रूप से किया जाता है।","यह यकीनन पढ़ने को आसान बनाता है, हालांकि यह पता लगाने की आवश्यकता से लिखना कंही ज्यादा मुश्किल है कि क्या एक क्रिया या विशेषण का उपयोग सही ढंग से किया गया है।","यह यह भी बताया जा सकता है कि पढ़ना आसान बनाता है, हालाँकि writing एक संज्ञा रूप में क्रिया या विशेषण का उपयोग किए जाने की आवश्यकता के कारण कुछ जटिल हो जाता है।",0.8721058368682861,0.847008228302002,0.8593738675117493,0.8012922406196594,0.8032671809196472,0.8022785186767578
975,इतालवी में उच्चारण अपेक्षाकृत आसान है क्योंकि अधिकांश शब्द ठीक उसी तरह उच्चारण किए जाते हैं जैसे वे लिखे जाते हैं,इतालवी भाषा में उच्चारण करना तुलनात्मक रूप से आसान है क्योंकि ज़्यादातर शब्दों का उच्चारण वैसे ही किया जाता है जैसे उन्हें लिखा जाता है,उच्चारण इटालियन में अपेक्षाकृत आसान है क्योंकि अधिकांश शब्द ठीक उसी तरह बोले जाते हैं जैसे वे लिखे जाते हैं।,0.8542364835739136,0.8541795015335083,0.8542079925537109,0.9372125864028931,0.9316321611404419,0.9344140887260437
976,"मुख्य अक्षरों पर ध्यान देना चाहिए, सी और जी, क्योंकि उनका उच्चारण निम्नलिखित स्वर के आधार पर भिन्न होता है।","ध्यान रखने वाले मुख्य वर्ण c और g है, चूँकि उनका उच्चारण निम्न स्वर के आधार पर भिन्न होता है.","जिस पत्र को ध्यान में रखना है वो c और g हैं, क्योंकि उनका उच्चारण अगले स्वर के आधार पर बदलता है।",0.8696838021278381,0.8712682127952576,0.8704752922058105,0.811247706413269,0.8064461946487427,0.8088397979736328
977,"इसके अलावा, आर और आरआर का उच्चारण अलग से करना सुनिश्चित करेंः कारो का अर्थ है प्रिय, जबकि कारो का अर्थ है रथ।","साथ ही, r और rr का अलग-अलग तरीके से ही करें: caro का मतलब है प्रिय, जबकि carro का मतलब है रथ.","यह भी सुनिश्चित करें कि r और rr को अलग-अलग उच्चार करें: caro का मतलब प्रिय है, जबकि carro का मतलब रथ है।",0.8206673860549927,0.8183403015136719,0.8195021748542786,0.8218976259231567,0.8137941956520081,0.8178257942199707
978,फारसी में काफी सरल और ज्यादातर नियमित व्याकरण है।,फारसी में ज्यादातर सरल और नियमित व्याकरण है।,फारसी की व्याकरण अपेक्षाकृत आसान और ज्यादातर नियमित है।,0.9590946435928345,0.9669771790504456,0.9630197882652283,0.8963901996612549,0.8378825187683105,0.8661494255065918
979,इसलिए इस व्याकरण के आधार को पढ़कर आप फारसी व्याकरण के बारे में बहुत कुछ सीखेंगे और वाक्यांशों को बेहतर ढंग से समझेंगे।,"इसलिए, व्याकरण की इस प्रथम पुस्तक को पढ़ने से आपको फारसी व्याकरण के बारे में बहुत कुछ जानने और वाक्यांशों को बेहतर ढंग से समझने में मदद मिलेगी।","इसलिए, इस व्याकरण प्रारंभिका को पढ़ना आपको फ़ारसी व्याकरण के बारे में बहुत कुछ सीखने और वाक्यांशों को बेहतर समझने में मदद करेगा।",0.8885310888290405,0.8520979881286621,0.8699332475662231,0.890805721282959,0.8559402227401733,0.8730250000953674
980,यह कहना ज़रूरी है कि अगर आप रोमान्स भाषा जानते हैं तो पुर्तगाली सीखना आपके लिए आसान होगा।,"यह कहने की कोई ज़रूरत नहीं कि यदि आप रोमांस लैंग्वेज़ जानते हैं, तो आपके लिए पुर्तगाली सीखना आसान होगा.","बात करने की जरूरत नहीं है, अगर आप एक रोमांस भाषा जानते हैं, तो आपके लिए पुर्तगाली सीखना आसान होगा।",0.899714469909668,0.8680564761161804,0.8836020231246948,0.8981553316116333,0.8907831907272339,0.8944540619850159
981,"हालाँकि, जो लोग थोड़ा स्पेनिश जानते हैं, वे जल्दी से यह निष्कर्ष निकाल सकते हैं कि पुर्तगाली भाषा इतनी करीब है कि इसे अलग से अध्ययन करने की आवश्यकता नहीं है।","हालांकि, जो लोग थोड़ी स्पेनिश जानते हैं वे इससे सहमत हैं कि पुर्तगाली, स्पेनिश के इतने समान है की इसे अलग से अध्ययन करने की आवश्यकता नहीं है।","हालांकि, जो लोग थोड़ी स्पेनिश जानते हैं वे जल्दबाज़ी में यह निष्कर्ष निकाल सकते हैं कि पुर्तगाली इतनी निकटता से जुड़ा हुआ है कि इसकी अलग से पढ़ाई की आवश्यकता नहीं है।",0.8456043004989624,0.8878778219223022,0.8662256002426147,0.9010127782821655,0.8744974732398987,0.8875571489334106
982,"पूर्व-आधुनिक वेधशालाएं आमतौर पर आज अप्रचलित हैं, और संग्रहालय या शिक्षा के स्थल के रूप में बनी हुई हैं।",आधुनिक काल से पहले की वेधशालाएँ आजकल आम तौर पर पुरानी हो चुकी हैं और उन्हें संग्रहालयों या शैक्षणिक स्थानों की तरह रखा जाता है.,"पूर्व-आधुनिक वेधशालाएँ आजकल सामान्यतः अप्रचलित हैं, और ये अक्सर संग्रहालयों या शिक्षा के स्थलों के रूप में बनी रहती हैं।",0.8442413806915283,0.8210157155990601,0.8324666023254395,0.9413053393363953,0.9226586818695068,0.9318887591362
983,"चूंकि उनके उज्ज्वल युग में प्रकाश प्रदूषण आज की तरह कोई समस्या नहीं था, इसलिए वे आमतौर पर शहरों या परिसरों में स्थित होते हैं, जो आधुनिक समय में निर्मित लोगों की तुलना में अधिक आसानी से पहुंचते हैं।","चूँकि उनकी शुरुआती दिनों में प्रकाश प्रदूषण आज की तरह की समस्या नहीं थी, वे आमतौर पर शहरों में या परिसरों में स्थित हैं, जहाँ आधुनिक समय में निर्मित जगहों की तुलना में पहुँचना आसान होता हैं।","चूंकि अपने सुनहरे दिनों में प्रकाश प्रदूषण उस प्रकार की समस्या नहीं था जो आज है, इसलिए वे आमतौर पर शहरों या परिसरों में स्थित होते हैं, जिन्हें आधुनिक समय में निर्मित स्थानों की तुलना में पहुंचना आसान होता है।",0.8870720267295837,0.9177190661430359,0.9021353721618652,0.9107439517974854,0.9037381410598755,0.9072275161743164
984,अधिकांश आधुनिक अनुसंधान दूरबीन अनुकूल वायुमंडलीय परिस्थितियों वाले दूरदराज के क्षेत्रों में विशाल सुविधाएं हैं।,अधिकांश आधुनिक अनुसंधान दूरबीनों में अनुकूल वायुमंडलीय परिस्थितियों के साथ दूरदराज के क्षेत्रों में काम करने के लिए बहुत सुविधाएँ हैं.,अधिकांश आधुनिक शोध टेलीस्कोप विशाल सुविधाएँ हैं जो दूरदराज के क्षेत्रों में स्थित हैं जहाँ वायुमंडलीय स्थितियाँ अनुकूल होती हैं।,0.9425550103187561,0.9272485375404358,0.9348390698432922,0.8433558940887451,0.8447849750518799,0.8440698385238647
985,हानामी के नाम से जाने जाने वाले चेरी फूल देखने का 8वीं शताब्दी से जापानी संस्कृति का हिस्सा रहा है।,"चेरी ब्लॉसम देखना हनामी कहलाता है, ये 8वीं सदी से जापानी संस्कृति का एक हिस्सा है.","चेरी ब्लॉसम देखने, जिसे हनामी के नाम से जाना जाता है, जापानी संस्कृति का एक हिस्सा रहा है जो 8वीं शताब्दी से है।",0.8303366899490356,0.8208431005477905,0.825562596321106,0.8843480348587036,0.8517650961875916,0.8677508234977722
986,यह अवधारणा चीन से आई थी जहां प्लम फूल पसंद का फूल थे।,यह अवधारणा चीन से आई थी जहाँ बेर के फूल पसंदीदा फूल होते थे।,यह अवधारणा चीन से आई जहाँ plum blossoms पसंदीदा फूल थे।,0.9300390481948853,0.9212381839752197,0.9256176948547363,0.8998081088066101,0.8824644684791565,0.8910518884658813
987,"जापान में, पहले चेरी ब्लॉसम पार्टी सम्राट द्वारा केवल स्वयं और सम्राट दरबार के आसपास के अन्य अभिजात वर्ग के सदस्यों के लिए आयोजित की गई थी।","जापान में, पहले चेरी ब्लॉसम पार्टियों को सम्राट द्वारा केवल खुद और अपने खास समुदायों के अन्य सदस्यों के लिए इंपीरियल न्यायालय के आसपास होस्ट किया जाता था।","जापान में, पहले चेरी ब्लॉसम पार्टियां केवल सम्राट द्वारा खुद के लिए और शाही दरबार के अन्य सदस्यों के लिए आयोजित की गई थीं।",0.8637918829917908,0.8192412257194519,0.8409269452095032,0.8707520961761475,0.8761286735534668,0.8734320998191833
988,"पौधे प्राकृतिक वातावरण में सबसे अच्छा दिखते हैं, इसलिए ""केवल एक"" नमूने को भी हटाने के प्रलोभन का सामना करें।","प्राकृतिक वातावरण में पौधे सबसे अच्छे दिखते हैं, इसलिए “सिर्फ एक” नमूने को भी हटाने के प्रलोभन को रोकें.","पौधे अपने सर्वश्रेष्ठ रूप में तब होते हैं जब वे स्वाभाविक वातावरण में होते हैं, इसलिए ""सिर्फ एक"" नमूना हटाने के प्रलोभन का विरोध करें।",0.8982444405555725,0.8898700475692749,0.8940376043319702,0.8892761468887329,0.8621105551719666,0.8754827380180359
989,"यदि आप किसी औपचारिक रूप से व्यवस्थित बगीचे में जाते हैं, तो ""नमुना"" एकत्र करने से आपको बिना चर्चा के बाहर निकाला जाएगा।","अगर आप किसी औपचारिक रूप से व्यवस्थित बगीचे में जाते हैं, तो वहां से “नमूने” इकट्ठे करने पर भी आपको बिना किसी चर्चा के बाहर निकाल दिया जाता है.","यदि किसी औपचारिक रूप से व्यवस्थित उद्यान में जाते हैं, तो ""नमूनों"" को इकट्ठा करना भी आपको बिना किसी चर्चा के बाहर निकाल देगा।",0.904879093170166,0.8590858578681946,0.8813881278038025,0.892499566078186,0.8716660141944885,0.8819597363471985
990,"सिंगापुर आम तौर पर रहने के लिए बेहद सुरक्षित स्थान है और यात्रा करना बहुत आसान है, और आप आगमन के बाद लगभग कुछ भी खरीद सकते हैं।",आम तौर पर सिंगापुर रहने के लिए काफ़ी सुरक्षित जगह है. आप यहाँ आसानी से नेविगेट कर सकते हैं और यहाँ आने के बाद लगभग हर चीज़ खरीद सकते हैं.,"सिंगापुर सामान्यतः एक अत्यंत सुरक्षित स्थान है और यहाँ चलना-फिरना बहुत आसान है, और आप यहाँ आने के बाद लगभग कुछ भी खरीद सकते हैं।",0.8537552952766418,0.8357653617858887,0.8446646332740784,0.9015071392059326,0.8920650482177734,0.8967612385749817
991,"लेकिन भूमध्य रेखा से कुछ डिग्री उत्तर में ""उच्च उष्णकटिबंधीय क्षेत्रों"" में स्थित होने के कारण आपको गर्मी (हमेशा) और तेज सूर्य (जब आकाश साफ होता है, तो अधिक दुर्लभ) दोनों से निपटने की आवश्यकता होगी।","लेकिन भूमध्य रेखा के कुछ ही डिग्री उत्तर में मौजूद “अत्यधिक उष्णकटिबंध” में होने की वजह से, आपको गर्मी (हमेशा) और तेज़ धूप (जब आसमान साफ़ हो, जो कि ज़्यादातर होता है) का सामना करना पड़ेगा.","लेकिन ""उच्च उष्णकटिबंध"" में, केवल कुछ डिग्री उत्तरी अक्षांश पर स्थित होने के कारण, आपको हमेशा गर्मी और (जब आकाश साफ़ हो, जो कम ही होता है) तेज़ धूप का सामना करना होगा।",0.8627561330795288,0.8454998731613159,0.854040801525116,0.8363834023475647,0.8701557517051697,0.8529353737831116
992,"कुछ बसें भी उत्तरी भाग में हेब्रोन जाती हैं, जहां बाइबल के पूर्वजों अब्राहम, इसहाक, याकूब और उनकी पत्नियों की परंपरागत कब्र है।","उत्तर में हेब्रोन जाने वाली भी कुछ बसें हैं, जो बाइबिल के कुलपतियों अब्राहम, आइसैक, जैकब और उनकी पत्नियों का पारंपरिक समाधि स्थल है।","उत्तर की ओर हेब्रोन जाने वाली कुछ बसें भी हैं, जो बाइबिल के पितृ पुरूष अब्राहम, इसहाक, याकूब और उनकी पत्नियों का पारंपरिक दफन स्थान है।",0.8586452007293701,0.8484225869178772,0.8535033464431763,0.8909271955490112,0.870684027671814,0.880689263343811
993,जांचें कि आप जिस बस पर जाने का विचार कर रहे हैं वह केवल करीयाट अरबा के पास के यहूदी बस्ती तक नहीं बल्कि हेब्रोन तक जाती है।,देख लें कि आप जिस बस से जाने की सोच रहे हैं वह हेब्रॉन जाती है न कि सिर्फ़ किरयात अरबा के नज़दीकी यहूदी स्थानों तक.,"यह सुनिश्चित करें कि जिस बस के बारे में आप सोच रहे हैं, वह हेब्रोन जाती है और केवल निकटवर्ती यहूदी बस्ति, किर्यत अर्बा, तक नहीं जाती है।",0.8395076990127563,0.8223865032196045,0.8308589458465576,0.8477900624275208,0.8189940452575684,0.8331432938575745
994,इनर वाटरवेज छुट्टियों के लिए एक अच्छा विषय हो सकते हैं।,अंतर्देशीय जलमार्ग आनेवाली छुट्टियों के लिए एक अच्छा विषय हो सकता है।,आंतरिक जलमार्ग छुट्टियों के लिए एक अच्छा विषय बन सकते हैं।,0.8604037761688232,0.8322315216064453,0.8460832238197327,0.8714320659637451,0.8834095597267151,0.8773799538612366
995,"उदाहरण के लिए लोयर घाटी, राइन घाटी में महल देखने या ड्यूनिब पर दिलचस्प शहरों में क्रूज करने या एरी नहर के साथ नाविक यात्रा करने के लिए।","उदाहरण के लिए लॉयर वैली, राइन वैली के महलों में जाना या दानुबे की दिलचस्प जगहों तक जाने के लिए क्रूज़ से सफ़र करना या इरी कैनाल के साथ-साथ बोटिंग करना.","उदाहरण के लिए, लोइरे घाटी, राइन घाटी में किलों का दौरा करना या डेन्यूब पर दिलचस्प शहरों की क्रूज करना या एरी नहर के किनारे नाव चलाना।",0.8451217412948608,0.8389995694160461,0.8420495390892029,0.9066511988639832,0.8946712613105774,0.9006214141845703
996,वे लोकप्रिय पैदल यात्रा और साइकिल चलाने के मार्गों के लिए भी मार्ग निर्धारित करते हैं।,उन्होंने लोकप्रिय हाइकिंग और साइक्लिंग ट्रैल्स के लिए रूट्स भी तय किए.,वे लोकप्रिय हाइकिंग और साइक्लिंग ट्रेल्स के लिए रास्तों को भी परिभाषित करते हैं।,0.7962774634361267,0.8110986351966858,0.8036196827888489,0.8393378257751465,0.8355157971382141,0.8374224901199341
997,क्रिसमस ईसाई धर्म की सबसे महत्वपूर्ण छुट्टियों में से एक है और ईसा के जन्मदिन के रूप में मनाया जाता है।,क्रिसमस ईसाई धर्म का एक सबसे महत्वपूर्ण अवकाश है और इसे यीशू के जन्मदिन के रूप में मनाया जाता है.,"क्रिसमस ईसाई धर्म की सबसे महत्वपूर्ण छुट्टियों में से एक है, और इसे जीसस के जन्मदिन के रूप में मनाया जाता है।",0.9071913957595825,0.8883323669433594,0.8976628184318542,0.9751284718513489,0.9500499963760376,0.9624258875846863
998,इस पर्व के आसपास की कई परंपराओं को दुनिया भर के गैर-ईसाई देशों और गैर-ईसाई लोगों द्वारा भी अपनाया गया है।,इस त्यौहार से जुड़ी कई बातें ईसाई देशों और पूरी दुनिया में ईसाई धर्म से अलग दूसरे धर्मों के लोगों ने अपना ली हैं.,इस छुट्टी के आसपास कई परंपराओं को ईसाई देशों में नॉन-बिलीवर्स और दुनिया भर में गैर-ईसाइयों द्वारा भी अपनाया गया है।,0.785191535949707,0.8004943132400513,0.7927690744400024,0.9112627506256104,0.8732656836509705,0.8918596506118774
999,यह परंपरा है कि किसी उजाले पर सूर्योदय देखने के लिए ईस्टर की रात को जागकर बिताया जाए।,यहाँ सूर्योदय देखने की कुछ जगहों पर ईस्टर की पूरी रात जागने की परंपरा है.,ईस्टर की रात को सुर्योदय देखने के लिए किसी ऊँचे स्थान पर जागते रहने की एक परंपरा है।,0.8162332773208618,0.8509318828582764,0.8332214951515198,0.827909529209137,0.8419931530952454,0.8348919153213501
1000,"बेशक इस परंपरा के लिए ईसाई धर्मशास्त्र की व्याख्याएं हैं, लेकिन यह ईसाई धर्म से पहले की वसंत और प्रजनन अनुष्ठान हो सकती है।","बेशक इस परंपरा के पीछे ईसाई धर्मशास्त्र के स्पष्टीकरण दिए जाते हैं, लेकिन एक प्री-क्रिश्चयन स्प्रिंग और फ़र्टिलिटी रस्म भी हो सकती है.","इस परंपरा के लिए निश्चित रूप से ईसाई theological स्पष्टीकरण हैं, लेकिन यह संभवतः एक पूर्व-ईसाई वसंत और प्रजनन अनुष्ठान हो सकता है।",0.8358238935470581,0.7883663773536682,0.8114017248153687,0.877608597278595,0.879096269607544,0.8783518075942993
1001,"अधिक पारंपरिक चर्चों में अक्सर ईस्टर सप्ताहांत के दौरान शनिवार की रात ईस्टर वेजिल्ड होती है, और अक्सर मंडलियों में मसीह के पुनरुत्थान का जश्न मनाने के लिए आधी रात के समय में उत्सव मनाया जाता है।","ज़्यादा परंपरागत चर्चों में ईस्टर सप्ताहांत में शनिवार रात को ईस्टर विजिल का आयोजन किया जाता है, जिसमें लोग क्रिस के पुनर्जन्म का उत्सव मनाने के लिए आधी रात के समय उत्सव मनाना शुरू करते हैं.","अधिक पारंपरिक चर्च अक्सर ईस्टर सप्ताहांत के दौरान शनिवार रात को एक ईस्टर vigilancia आयोजित करते हैं, जिसमें अक्सर संघ रात के बारह बजे मसीह के पुनरुत्थान का जश्न मनाने के लिए उत्सव में शामिल होते हैं।",0.8593763113021851,0.8613892793655396,0.8603816628456116,0.8845601677894592,0.886080265045166,0.8853195905685425
1002,"मूल रूप से द्वीपों में आने वाले सभी जानवर यहां या तो तैरकर, उड़कर या तैरकर आए।","द्वीपों में मूल रूप से आए सभी जानवर यहाँ तैरकर, उड़कर या बहकर आए हैं.","सभी जानवर जो मूल रूप से द्वीपों पर आए, वे यहाँ तैरकर, उड़कर या तैरते हुए आए।",0.9088490605354309,0.9217369556427002,0.9152476191520691,0.9085639715194702,0.9116653800010681,0.9101120829582214
1003,महाद्वीप से लंबी दूरी के कारण स्तनधारियों ने यात्रा नहीं कर पाई जिससे विशाल कछुआ गैलेपगोस में प्राथमिक चराई वाला जानवर बन गया।,"महाद्वीप से लंबी दूरी होने के कारण, स्तनधारी यात्रा करने में असमर्थ थे जिसने विशाल कछुए को गैलापागोस में चरने वाला प्राथमिक जानवर बना दिया।","महाद्वीप से लंबी दूरी के कारण स्तनधारी यात्रा नहीं कर सके, जिससे गैलापागोस में विशाल कछुआ प्रमुख चरागाह जानवर बन गया।",0.8974423408508301,0.8805437088012695,0.8889126777648926,0.9231775999069214,0.9215948581695557,0.922385573387146
1004,"गलापागोस में मनुष्य के आगमन के बाद से, कई स्तनधारियों को घुड़सवार किया गया है, जिनमें बकरी, घोड़े, गाय, चूहों, बिल्लियों और कुत्तों शामिल हैं।","गैलापागोस में मनुष्य के आगमन के बाद से, कई स्तनधारी का आगमन हुआ है जिसमें बकरियाँ, घोड़े, गाय, चूहे, बिल्लियाँ और कुत्ते शामिल हैं.","मनुष्यों के गालापागोस आगमन के बाद, कई जानवरों की प्रजातियाँ यहाँ लाई गई हैं, जिसमें बकरियाँ, घोड़े, गायें, चूहे, बिल्लियाँ और कुत्ते शामिल हैं।",0.9252970814704895,0.9407524466514587,0.9329607486724854,0.8691493272781372,0.8694362640380859,0.8692927956581116
1005,"यदि आप सर्दियों में आर्कटिक या अंटार्कटिक क्षेत्रों का दौरा करते हैं तो आप ध्रुवीय रात का अनुभव करेंगे, जिसका अर्थ है कि सूर्य क्षितिज से ऊपर नहीं उठता है।","यदि आप सर्दियों में आर्कटिक या अंटार्कटिक क्षेत्रों में जाते हैं, तो आप ध्रुवीय रात का अनुभव करेंगे, जिसका अर्थ है कि सूरज क्षितिज से ऊपर नहीं उगता है।","यदि आप सर्दियों में आर्कटिक या अंटार्कटिक क्षेत्रों का दौरा करते हैं, तो आप ध्रुवीय रात का अनुभव करेंगे, जो यह दर्शाता है कि सूरज क्षितिज से ऊपर नहीं उठता।",0.9649595022201538,0.9751157164573669,0.9700110554695129,0.9739823341369629,0.958746075630188,0.9663041830062866
1006,यह आकाश के चारों ओर अंधेरा होने के कारण Aurora borealis को देखने का अच्छा अवसर प्रदान करता है।,"यह ऑरोरा बोरेलिस को देखने का एक अच्छा अवसर प्रदान करता है, क्योंकि आकाश में उस समय अंधकार सा ही रहेगा।","यह उत्तरायन का प्रकाश देखने का अच्छा अवसर प्रदान करता है, क्योंकि आसमान लगभग पूरे दिन अंधेरा रहेगा।",0.8226290941238403,0.7940965890884399,0.8081110715866089,0.8146919012069702,0.8058114051818848,0.8102272748947144
1007,"चूंकि ये क्षेत्र कम आबादी वाले हैं और प्रकाश प्रदूषण अक्सर कोई समस्या नहीं होता है, इसलिए आप सितारों का भी आनंद ले पाएंगे।","क्षेत्र में जनसंख्या के बहुत कम होने और अक्सर प्रकाश प्रदूषण की समस्या म होने के कारण, आप सितारों का भी आनंद ले पाएँगे।","चूंकि ये क्षेत्र कम जनसंख्यांक वाले हैं, और इसलिए प्रकाश प्रदूषण अक्सर एक समस्या नहीं होती, आप तारे भी देख सकते हैं।",0.8327552080154419,0.8566416501998901,0.8445295095443726,0.8536261320114136,0.8905675411224365,0.8717055916786194
1008,जापानी कार्य संस्कृति पश्चिमी लोगों के लिए उपयोग की जाने वाली वस्तुओं की तुलना में अधिक पदानुक्रमिक और औपचारिक है।,जापानी कार्य संस्कृति पश्चिमी लोगों की तुलना में अधिक श्रेणीबद्ध और औपचारिक है.,जापानी कार्य संस्कृति पश्चिमी संस्कृति की तुलना में अधिक पदानुक्रमित और औपचारिक है।,0.8728205561637878,0.9304308891296387,0.9007054567337036,0.8937907218933105,0.9644210338592529,0.9277635812759399
1009,"सूट सामान्य व्यावसायिक कपड़े हैं, और सहकर्मी एक दूसरे को अपने परिवार के नाम या नौकरी के शीर्षक से कहते हैं।","सूट मानक व्यावसायिक पहनावा हैं, और सहकर्मी एक-दूसरे को उनके पारिवारिक नामों या पद नामों से पुकारते हैं.","सूट्स मानक व्यावसायिक पोशाक होते हैं, और सहकर्मी एक-दूसरे को उनके उपनामों या नौकरी के शीर्षकों से बुलाते हैं।",0.8320293426513672,0.8254950642585754,0.8287493586540222,0.8982240557670593,0.8632917404174805,0.8804115056991577
1010,"कार्यस्थल में सामंजस्य महत्वपूर्ण है, व्यक्तिगत उपलब्धियों की प्रशंसा करने के बजाय समूह प्रयास पर जोर देना।","कार्यस्थल सामंजस्य महत्वपूर्ण होता है, जो व्यक्तिगत उपलब्धियों की प्रशंसा की बजाय सामूहिक प्रयास पर ज़ोर देता है.","कार्यस्थल पर सामंजस्य बहुत महत्वपूर्ण है, जो व्यक्तिगत सफलताओं की सराहना करने के बजाय समूह प्रयास पर जोर देता है।",0.8998010754585266,0.8867021203041077,0.8932035565376282,0.9152153134346008,0.9120011329650879,0.9136053919792175
1011,"कर्मचारियों को अक्सर अपने वरिष्ठों की अनुमोदन प्राप्त करनी होती है, और उनसे बिना किसी सवाल के अपने वरिष्ठों के निर्देशों का पालन करने की उम्मीद की जाती है।","श्रमिकों को अक्सर किसी भी निर्णय के लिए अपने वरिष्ठ अधिकारियों की मंजूरी लेनी चाहिए, और उनसे बिना किसी सवाल के अपने वरिष्ठों के निर्देशों का पालन करने की अपेक्षा की जाती है.","कर्मचारियों को अक्सर अपने वरिष्ठों की अनुमति प्राप्त करनी होती है किसी भी निर्णय के लिए जो वे लेते हैं, और उनसे अपेक्षा की जाती है कि वे अपने वरिष्ठों के निर्देशों का बिना सवाल किए पालन करें।",0.9037861824035645,0.8933457136154175,0.8985356092453003,0.9056330323219299,0.8683309555053711,0.8865898251533508
