Word,2018-01-01,2019-01-01,2020-01-01,2021-01-01,2022-01-01,2023-01-01,2024-01-01,2025-01-01,f_star
the,0.065448,0.06535101,0.06546214,0.0654353,0.06558341,0.06567343,0.06565848,0.0656601,0.0653995
of,0.03645002,0.0364333,0.03640033,0.03639346,0.03641224,0.0364019,0.03634452,0.03630172,0.03644166
and,0.03594177,0.03620348,0.03645654,0.03661285,0.03678017,0.0368628,0.0370056,0.03708146,0.03607262
to,0.02282996,0.02277089,0.02274005,0.0227596,0.02276294,0.02279635,0.02280911,0.02283885,0.02280042
a,0.03099867,0.03098767,0.03088034,0.03086902,0.03091245,0.03093989,0.03095545,0.03101173,0.03099317
in,0.02683988,0.02697707,0.02713177,0.02719616,0.02729434,0.02739731,0.02747629,0.02749618,0.02690848
for,0.01332477,0.01333274,0.01333757,0.01334215,0.01336895,0.01336984,0.01337979,0.01337557,0.01332875
is,0.02140194,0.02140798,0.02140119,0.02129752,0.02121443,0.02120078,0.0211132,0.02106104,0.02140496
on,0.00868406,0.00870638,0.00876753,0.00876199,0.008765,0.00875975,0.00871886,0.00870494,0.00869522
that,0.00754632,0.00749705,0.00749608,0.00747337,0.00747072,0.00748393,0.00748526,0.00749069,0.00752169
by,0.01012774,0.01021225,0.0103388,0.01040222,0.01045862,0.01051535,0.01054936,0.01059328,0.01017
this,0.00295082,0.0029222,0.00287771,0.00284197,0.00281289,0.00279359,0.00278607,0.00279116,0.00293651
with,0.00712058,0.00712157,0.00716383,0.00718241,0.00720282,0.00724548,0.00724382,0.00725142,0.00712107
i,0.00063773,0.00063478,0.00062405,0.00061528,0.00061033,0.0006051,0.00060681,0.00059749,0.00063626
you,0.0001876,0.00018021,0.00017287,0.00017118,0.00016362,0.00015257,0.00014725,0.00014249,0.0001839
it,0.00796835,0.00801327,0.00805893,0.00810396,0.00815725,0.00822088,0.00826157,0.00830987,0.00799081
not,0.00204331,0.00202955,0.0020017,0.00197561,0.00197382,0.00198598,0.00197683,0.00195806,0.00203643
or,0.00607471,0.00605156,0.00599693,0.00603025,0.00605335,0.00608508,0.00611966,0.00609312,0.00606313
be,0.00484769,0.00480498,0.00475276,0.00472449,0.00471536,0.00472384,0.00471016,0.00471574,0.00482634
are,0.00511731,0.00510153,0.00502804,0.00502501,0.00500254,0.00502212,0.00499581,0.00499277,0.00510942
from,0.00479183,0.00478517,0.00477185,0.00478226,0.00479247,0.0047919,0.00480071,0.00481343,0.0047885
at,0.00438239,0.00438196,0.00438566,0.00435515,0.00433529,0.00429811,0.00428062,0.00426349,0.00438218
as,0.0106418,0.01068489,0.01074135,0.01081873,0.01087102,0.01094215,0.0109943,0.01102948,0.01066335
your,0.00011285,0.00010651,0.00010363,0.00010007,9.502e-05,8.831e-05,8.612e-05,8.241e-05,0.00010968
all,0.00150923,0.00150191,0.00149143,0.00148618,0.00147657,0.00147376,0.00147093,0.00145536,0.00150557
have,0.00174947,0.00174235,0.00174445,0.00174166,0.00173612,0.00174114,0.00173905,0.00173423,0.00174591
new,0.00153248,0.00151982,0.00151612,0.00150893,0.00150222,0.00149401,0.00146757,0.00146239,0.00152615
more,0.00164259,0.00162586,0.00162279,0.00161567,0.00161363,0.00162055,0.00161207,0.00161299,0.00163423
an,0.0069609,0.00701094,0.00700551,0.00702943,0.00704891,0.00706246,0.007067,0.0070788,0.00698592
was,0.00914661,0.009273,0.00943627,0.00956134,0.00975145,0.00986701,0.01001312,0.01011397,0.0092098
we,0.0002002,0.00019479,0.00019893,0.00018922,0.00017379,0.00017099,0.00016523,0.00016084,0.0001975
will,0.00070909,0.00068471,0.00067269,0.00065106,0.000629,0.00061636,0.00060575,0.00059658,0.0006969
home,0.0003497,0.00035091,0.0003474,0.00034842,0.00035852,0.00035401,0.00035333,0.00034997,0.0003503
can,0.00319041,0.00317516,0.00314573,0.0031581,0.00316761,0.00318232,0.00317949,0.00318791,0.00318278
us,0.00032887,0.00032888,0.00032604,0.00032765,0.00031981,0.00030696,0.00030409,0.0003041,0.00032887
about,0.00075413,0.00074446,0.00073208,0.00071959,0.00070565,0.00069554,0.00069065,0.0006877,0.00074929
if,0.00086812,0.00085271,0.00083389,0.0008236,0.0008122,0.00080106,0.00080207,0.00079487,0.00086042
page,0.00035923,0.00035202,0.0003415,0.00033341,0.0003233,0.00031503,0.00031156,0.00031006,0.00035562
my,4.456e-05,4.549e-05,4.485e-05,4.473e-05,4.387e-05,4.416e-05,4.68e-05,4.327e-05,4.502e-05
has,0.00321656,0.00322097,0.0032183,0.00319798,0.00317171,0.00315735,0.00315174,0.00313975,0.00321877
search,0.00053892,0.00053699,0.00054042,0.00053825,0.0005355,0.00053764,0.00053182,0.00052961,0.00053796
free,0.00083098,0.00083338,0.00084086,0.00083482,0.00082693,0.00082953,0.00082692,0.00082591,0.00083218
but,0.00157413,0.00156119,0.00155249,0.00154395,0.00155216,0.00156116,0.00155705,0.00154648,0.00156766
our,7.055e-05,6.863e-05,6.606e-05,6.247e-05,5.859e-05,5.816e-05,5.472e-05,5.397e-05,6.959e-05
one,0.00246566,0.0024475,0.00243395,0.00242714,0.00242705,0.00242602,0.00241461,0.00241184,0.00245658
other,0.00229921,0.00228853,0.00227714,0.00228583,0.00229074,0.00229721,0.00230166,0.00229213,0.00229387
do,0.00035325,0.00034156,0.00033983,0.0003372,0.00033362,0.00033605,0.00033092,0.00032841,0.0003474
no,0.00075042,0.00074113,0.0007439,0.00074279,0.00074253,0.00074198,0.00073638,0.0007328,0.00074577
information,0.00201473,0.00198723,0.00198155,0.00198062,0.00197852,0.00198324,0.00197729,0.00197228,0.00200098
time,0.00176481,0.00175535,0.00174399,0.00174591,0.0017387,0.00173733,0.00174316,0.00174814,0.00176008
they,0.00119893,0.00118841,0.00118963,0.0011837,0.00118074,0.00119695,0.00119778,0.00119835,0.00119367
site,0.0004561,0.00044474,0.00044104,0.00043545,0.00042591,0.00041933,0.00041247,0.00040776,0.00045042
he,0.00251329,0.00252216,0.00252425,0.0025122,0.00251554,0.00248967,0.00249387,0.00246749,0.00251773
up,0.00078594,0.00077743,0.00077117,0.00076265,0.00075969,0.00074807,0.00074446,0.00074182,0.00078168
may,0.00152037,0.00152664,0.00151461,0.00151105,0.00149827,0.00150817,0.00151193,0.00151239,0.00152351
what,0.00034631,0.00033871,0.00033225,0.00032886,0.00031905,0.00031686,0.00031446,0.00030991,0.00034251
which,0.00408258,0.00407606,0.00404901,0.00402552,0.00403749,0.00403926,0.00404284,0.00404715,0.00407932
their,0.0016329,0.00164202,0.00163597,0.00164857,0.00164566,0.0016446,0.00165338,0.00164769,0.00163746
news,0.00047434,0.00047295,0.00046285,0.00044319,0.00041969,0.0004067,0.00039982,0.0003943,0.00047364
out,0.00050421,0.00049974,0.00049421,0.00049171,0.00048511,0.00048466,0.00048091,0.00047839,0.00050197
use,0.00166293,0.00165566,0.00165627,0.00166813,0.00167252,0.0016816,0.00167244,0.00166818,0.00165929
any,0.00089136,0.00087839,0.0008804,0.00087333,0.00086366,0.00085755,0.00085207,0.00085251,0.00088488
there,0.00086569,0.00085018,0.00083222,0.00082193,0.00081478,0.00081126,0.00080207,0.00079839,0.00085793
see,0.00034082,0.00032571,0.0003115,0.00030263,0.00029052,0.00028732,0.00028001,0.00027505,0.00033327
only,0.00107978,0.00106652,0.00104782,0.00104573,0.0010455,0.00104225,0.00103453,0.00102987,0.00107315
so,0.0005704,0.00055902,0.00055088,0.00054098,0.00053049,0.00052759,0.00052008,0.00051493,0.00056471
his,0.00146483,0.00146229,0.0014634,0.00145025,0.00144712,0.00143052,0.00143724,0.0014257,0.00146356
when,0.0011006,0.00109569,0.00107539,0.00107256,0.00107403,0.00108321,0.0010798,0.00107543,0.00109815
contact,7.314e-05,7.227e-05,6.818e-05,7.02e-05,6.876e-05,6.7e-05,6.57e-05,6.406e-05,7.271e-05
here,8.363e-05,8.004e-05,7.878e-05,7.717e-05,7.483e-05,7.522e-05,7.362e-05,7.293e-05,8.183e-05
business,0.00066307,0.00066378,0.00065572,0.0006506,0.00064266,0.00063997,0.0006405,0.00063617,0.00066343
who,0.00085924,0.00087157,0.00089177,0.00090002,0.00090768,0.00091252,0.00091182,0.0009204,0.00086541
web,0.0012204,0.00121662,0.00121993,0.00121099,0.00119592,0.00116939,0.00115845,0.0011482,0.00121851
also,0.00324433,0.00324427,0.00321769,0.00321784,0.00323394,0.00323104,0.00322933,0.0032272,0.0032443
now,0.0004858,0.00048389,0.00048209,0.00047518,0.00046902,0.00046715,0.0004585,0.00044705,0.00048485
help,0.00021247,0.00021793,0.00021605,0.00021151,0.00020916,0.00020754,0.00020837,0.0002061,0.0002152
get,0.00011608,0.00011253,0.00010969,0.00010644,0.00010534,0.00010126,0.0001003,9.739e-05,0.0001143
pm,1.614e-05,1.522e-05,1.454e-05,1.547e-05,1.487e-05,1.477e-05,1.418e-05,1.33e-05,1.568e-05
view,0.00021134,0.00021175,0.00021105,0.00020787,0.00020081,0.00019931,0.0001977,0.00019983,0.00021154
online,0.00104393,0.001054,0.00106403,0.00107605,0.0010757,0.00107042,0.00106897,0.00107283,0.00104897
c,0.0007911,0.00078979,0.00077708,0.00076189,0.00075498,0.00075036,0.00073973,0.00073708,0.00079044
e,0.00104862,0.00104639,0.00101464,0.00100994,0.00101043,0.00100844,0.00099947,0.00098904,0.00104751
first,0.00206413,0.00206093,0.00208564,0.00209418,0.00210405,0.00210292,0.00210198,0.00209857,0.00206253
am,3.084e-05,3.011e-05,3.045e-05,2.972e-05,2.854e-05,2.771e-05,2.82e-05,2.844e-05,3.048e-05
been,0.00167278,0.00167911,0.00168096,0.00168223,0.00167222,0.0016813,0.0016799,0.00168882,0.00167594
would,0.00060447,0.00060657,0.00060572,0.00060451,0.00060228,0.00059977,0.00059233,0.00059444,0.00060552
how,0.00038393,0.00038451,0.00038392,0.00037844,0.00037582,0.00037548,0.00037345,0.00037504,0.00038422
were,0.00153587,0.00152426,0.00153037,0.00153425,0.001564,0.00158248,0.00159333,0.00160519,0.00153006
me,4.714e-05,4.343e-05,4.151e-05,4.139e-05,4.113e-05,3.944e-05,4.055e-05,3.838e-05,4.528e-05
s,0.00532058,0.00527366,0.00528136,0.005282,0.00531067,0.00528691,0.00527354,0.00528923,0.00529712
services,0.00087134,0.0008795,0.00088086,0.00088789,0.00088597,0.00087719,0.00087478,0.0008808,0.00087542
some,0.0012824,0.00127083,0.00125705,0.00124465,0.00124889,0.00124628,0.00124686,0.00124544,0.00127662
these,0.0010223,0.00100883,0.00099615,0.00100054,0.00099146,0.00099048,0.00099261,0.00099363,0.00101556
click,4.585e-05,4.375e-05,4.182e-05,4.018e-05,3.992e-05,3.746e-05,3.689e-05,3.639e-05,4.48e-05
its,0.00298795,0.00299685,0.00303513,0.00307941,0.00309809,0.0031374,0.00316348,0.00319479,0.0029924
like,0.00077528,0.00077885,0.00076996,0.00076963,0.0007697,0.0007735,0.0007757,0.0007776,0.00077706
service,0.00112466,0.00114403,0.0011513,0.00115717,0.00115979,0.00115644,0.00115753,0.00115829,0.00113435
x,0.00062126,0.00060197,0.00057951,0.00056145,0.00055842,0.00054937,0.00054935,0.00053909,0.00061162
than,0.00114,0.00113484,0.00112509,0.00112032,0.00112655,0.0011199,0.00111425,0.00111227,0.00113742
find,0.00018486,0.00018243,0.00018044,0.00017573,0.00017501,0.00017495,0.00017331,0.00017384,0.00018364
price,0.00010979,0.00011079,0.00010999,0.00010811,0.00010504,0.000104,0.00010319,0.00010366,0.00011029
date,0.00011592,0.00011634,0.00011318,0.0001125,0.00011293,0.00011024,0.00010944,0.00010794,0.00011613
back,0.00022135,0.00021825,0.00021726,0.00021894,0.00021948,0.00021606,0.00021492,0.00021405,0.0002198
top,0.00037569,0.00036771,0.00037013,0.0003651,0.00036838,0.00035843,0.000355,0.00035119,0.0003717
people,0.00043704,0.00043983,0.00044694,0.0004441,0.00044048,0.00043761,0.00042786,0.00042503,0.00043843
had,0.00081177,0.00082704,0.00083525,0.00083846,0.00084438,0.00084933,0.00085085,0.00085817,0.00081941
list,0.00042768,0.0004254,0.00041634,0.00041938,0.00041286,0.00040898,0.0004053,0.0004021,0.00042654
name,0.00081015,0.0008058,0.00080056,0.00080101,0.00079809,0.00079512,0.00079201,0.00078708,0.00080798
just,0.00019842,0.00019384,0.00018984,0.00018831,0.000187,0.00018866,0.00018581,0.00018377,0.00019613
over,0.00119909,0.0012106,0.00121645,0.00120826,0.00121261,0.00120547,0.00120768,0.00121532,0.00120484
state,0.00060253,0.00061227,0.00061133,0.00060951,0.00061306,0.00061728,0.00061809,0.00061615,0.0006074
year,0.00038215,0.00038784,0.00038922,0.00039088,0.00040891,0.00040959,0.00041476,0.00041586,0.00038499
day,0.00020779,0.00020525,0.00020211,0.00019953,0.00019899,0.0002019,0.00019755,0.000196,0.00020652
into,0.00124994,0.00125751,0.00125629,0.00125587,0.00126149,0.00126775,0.00126423,0.00127036,0.00125373
email,0.00019277,0.00019178,0.0001915,0.00018831,0.00018928,0.00018972,0.00019236,0.00019035,0.00019227
two,0.00136441,0.00135657,0.00134841,0.00134533,0.00134785,0.00134449,0.00133527,0.0013436,0.00136049
health,0.00017033,0.00017783,0.00017696,0.00017633,0.0001782,0.00017921,0.00017743,0.00017659,0.00017408
n,0.00039039,0.00038023,0.00036089,0.00034206,0.00033302,0.00031701,0.00030745,0.00030807,0.00038531
world,0.0009582,0.0009597,0.00096616,0.00096112,0.00095427,0.00095302,0.00094917,0.00094134,0.00095895
re,0.00017243,0.00017118,0.0001765,0.00017649,0.0001744,0.00017617,0.0001759,0.00017582,0.0001718
next,0.00019697,0.000194,0.00019287,0.00019225,0.00018837,0.00018881,0.00018627,0.0001876,0.00019549
used,0.00324078,0.00324157,0.00319088,0.00320981,0.0032221,0.00323561,0.00324061,0.00324188,0.00324117
go,0.00011528,0.00011792,0.00011802,0.00012084,0.00011885,0.00011435,0.00011493,0.000111,0.0001166
b,0.00038038,0.00036882,0.00035271,0.00034554,0.00033727,0.00032965,0.00032284,0.00032092,0.0003746
work,0.00080434,0.00080643,0.00080511,0.00079328,0.00079035,0.00078401,0.00078729,0.00078341,0.00080539
last,0.00021311,0.00021318,0.00021272,0.0002156,0.00021523,0.00021363,0.00021416,0.0002197,0.00021314
most,0.00125414,0.00124024,0.00123644,0.00122191,0.00123174,0.00123105,0.00122857,0.00122358,0.00124719
products,0.00051083,0.00050719,0.00050543,0.0005008,0.00050347,0.00050247,0.00049615,0.00049124,0.00050901
music,0.00040911,0.00040559,0.00041392,0.00041802,0.00041392,0.00041081,0.00041094,0.0004099,0.00040735
buy,3.665e-05,3.582e-05,3.545e-05,3.518e-05,3.476e-05,3.395e-05,3.384e-05,3.318e-05,3.624e-05
data,0.0030288,0.00306041,0.00305543,0.00308214,0.00309005,0.00310421,0.00311958,0.00312033,0.0030446
make,0.00034421,0.00033934,0.00033937,0.00033766,0.00033393,0.00033361,0.00033321,0.00033483,0.00034177
them,0.00051615,0.00051083,0.00050603,0.00050899,0.00050803,0.00050582,0.00051033,0.00050928,0.00051349
should,0.00021844,0.00021666,0.00021029,0.00020893,0.00021022,0.00020586,0.00020181,0.00020258,0.00021755
product,0.00053876,0.0005316,0.00053451,0.00053279,0.00053003,0.00053399,0.00053578,0.00052716,0.00053518
system,0.00301604,0.00298734,0.00296256,0.00296494,0.00295997,0.00297097,0.00296243,0.00295842,0.00300169
post,0.00017437,0.00017466,0.00017635,0.00017452,0.00017304,0.00017419,0.00016996,0.00017124,0.00017452
her,0.00025574,0.00026833,0.00028468,0.00028399,0.0002764,0.00027803,0.00027711,0.00027734,0.00026203
city,0.00022264,0.00022158,0.00022484,0.00022607,0.0002257,0.00022352,0.000223,0.0002223,0.00022211
t,0.00046417,0.00045235,0.00044816,0.00044182,0.00043957,0.00042664,0.00041567,0.00041005,0.00045826
add,0.00013158,0.00012854,0.00012757,0.00012372,0.00012067,0.00012014,0.00012072,0.00011987,0.00013006
policy,0.00013061,0.00013361,0.00013393,0.00013646,0.00013494,0.00013491,0.00013276,0.00013286,0.00013211
number,0.00110835,0.0010968,0.00106918,0.00107332,0.00106675,0.00105778,0.00104794,0.00104409,0.00110257
such,0.00246776,0.00247255,0.00246774,0.00247536,0.00247516,0.00248632,0.00250408,0.00252589,0.00247015
please,8.88e-06,8.56e-06,8.33e-06,7.88e-06,6.83e-06,6.7e-06,6.86e-06,6.73e-06,8.72e-06
available,0.00101358,0.00102135,0.001001,0.0009919,0.00099359,0.00099109,0.00098743,0.00097926,0.00101746
copyright,7.152e-05,7.069e-05,7.091e-05,7.05e-05,7.073e-05,6.989e-05,7.027e-05,6.941e-05,7.111e-05
support,0.00078497,0.00078012,0.00078238,0.0007907,0.00080173,0.00080578,0.00080299,0.00079977,0.00078254
message,0.00025396,0.00024868,0.00024211,0.00024123,0.00023754,0.00023662,0.00023794,0.00023667,0.00025132
after,0.00086053,0.00087015,0.0008851,0.00089911,0.0009098,0.00092379,0.00092859,0.00093706,0.00086534
best,0.0004251,0.00042778,0.00042922,0.00043197,0.00043562,0.00043273,0.00043564,0.00043405,0.00042644
software,0.00304155,0.00303632,0.0030321,0.00304969,0.00305422,0.00306309,0.00306791,0.0030685,0.00303893
then,0.00078707,0.00078091,0.00077783,0.00076826,0.0007691,0.00076817,0.00076641,0.00076949,0.00078399
jan,4.359e-05,4.121e-05,3.939e-05,3.957e-05,3.931e-05,3.868e-05,3.75e-05,3.654e-05,4.24e-05
good,0.00012496,0.00012553,0.00012333,0.00011766,0.00011672,0.00011481,0.00011463,0.00011299,0.00012525
video,0.00128788,0.00129999,0.00134674,0.00135549,0.00136151,0.00136352,0.00137002,0.00136577,0.00129393
well,0.00098613,0.00098474,0.00098767,0.00099493,0.00098494,0.00098225,0.00097142,0.00096336,0.00098544
d,0.00055103,0.00054016,0.00052255,0.00051581,0.00049998,0.00048527,0.00047481,0.0004706,0.0005456
where,0.00100454,0.00100582,0.00099737,0.00099994,0.00099647,0.0010022,0.00100389,0.00099684,0.00100518
info,3.39e-05,2.916e-05,2.757e-05,2.699e-05,2.277e-05,2.208e-05,2.119e-05,2.064e-05,3.153e-05
rights,0.00012254,0.00012553,0.00012772,0.00012691,0.00012629,0.00012836,0.00012956,0.00012812,0.00012403
public,0.00063417,0.00064001,0.00063966,0.00064317,0.00063112,0.00063281,0.00062937,0.00062822,0.00063709
books,0.00023313,0.00023267,0.00022302,0.00022622,0.0002251,0.0002252,0.00022209,0.00021802,0.0002329
high,0.00080305,0.00080263,0.00079223,0.00079131,0.00079019,0.0007872,0.00078866,0.0007938,0.00080284
school,0.00028754,0.00029417,0.00028983,0.00028944,0.00028703,0.00028458,0.00028092,0.00027872,0.00029086
through,0.00095368,0.00096905,0.00098176,0.00099129,0.00099693,0.00100312,0.00100892,0.00100923,0.00096137
m,0.00046756,0.00045774,0.00043997,0.00043379,0.00042895,0.00042025,0.00041216,0.00040867,0.00046265
each,0.0010554,0.00103942,0.00102721,0.00102404,0.00101939,0.00102413,0.00101928,0.00102574,0.00104741
links,0.00014095,0.00013694,0.00013605,0.00013388,0.00013448,0.00013277,0.00013124,0.0001298,0.00013895
she,0.00040379,0.00043095,0.00045467,0.00045274,0.00044215,0.00044157,0.00043914,0.00044216,0.00041737
review,0.00017776,0.00017466,0.0001659,0.00016345,0.00015998,0.00015729,0.00015639,0.00015365,0.00017621
years,0.00042542,0.00042762,0.00042407,0.00042969,0.00043638,0.00043608,0.00043701,0.00044063,0.00042652
order,0.00054344,0.00053825,0.00053527,0.00052809,0.00052153,0.00051678,0.00051551,0.00051218,0.00054084
very,0.00036617,0.00035947,0.0003474,0.00033493,0.00032907,0.00032584,0.00031751,0.00030914,0.00036282
privacy,0.00013965,0.00014407,0.0001512,0.00015541,0.00015634,0.00016049,0.00015868,0.00015977,0.00014186
book,0.00036649,0.00036343,0.0003571,0.00035616,0.00035412,0.00035127,0.00034403,0.00033804,0.00036496
items,0.00010946,0.00011095,0.00011666,0.0001166,0.00011991,0.00011877,0.00011859,0.00011956,0.0001102
company,0.00157995,0.00161524,0.00163354,0.00165615,0.0016581,0.00166272,0.00167533,0.00168301,0.0015976
r,0.00037359,0.00036882,0.00036362,0.00035434,0.00034941,0.00033818,0.00033565,0.00032825,0.0003712
read,0.00018583,0.0001837,0.00018044,0.00017937,0.00018002,0.00017891,0.00017453,0.00017735,0.00018476
group,0.00081403,0.00081547,0.00081541,0.00081996,0.00082586,0.00081674,0.00082158,0.00082316,0.00081475
sex,2.389e-05,2.488e-05,2.182e-05,2.396e-05,2.55e-05,2.573e-05,2.5e-05,2.569e-05,2.438e-05
need,0.00024766,0.00024155,0.00023787,0.00023516,0.00023527,0.0002322,0.0002326,0.00023056,0.00024461
many,0.00118359,0.00117272,0.0011566,0.0011599,0.00115539,0.00115218,0.0011429,0.00114346,0.00117815
user,0.00108688,0.00109062,0.00107342,0.00105877,0.00105172,0.00105595,0.00105739,0.00105326,0.00108875
said,0.00014111,0.0001409,0.0001359,0.0001354,0.0001319,0.00013095,0.00013276,0.00013271,0.00014101
de,0.00026801,0.00026754,0.00026271,0.00025866,0.00025348,0.0002456,0.00024587,0.00024371,0.00026777
does,0.00037198,0.00036787,0.0003574,0.000351,0.00034865,0.00035051,0.00034997,0.00034568,0.00036993
set,0.00110528,0.00109664,0.00109933,0.0011044,0.00110333,0.00110665,0.00110906,0.00110692,0.00110096
under,0.00081855,0.0008218,0.00081813,0.00082133,0.00082419,0.00082755,0.00082844,0.00083386,0.00082018
general,0.00060705,0.00060419,0.00059663,0.00059541,0.00058999,0.00059398,0.00059477,0.00059765,0.00060562
research,0.00147743,0.00150318,0.00151582,0.00150665,0.00150389,0.00149599,0.00148419,0.00147248,0.0014903
university,0.00172638,0.00173839,0.00174384,0.00172772,0.00171897,0.00169211,0.00168356,0.00166298,0.00173238
january,0.00042058,0.00043064,0.00044543,0.0004488,0.00045657,0.00045542,0.00045164,0.00045424,0.00042561
mail,0.00018728,0.00017609,0.00017151,0.000168,0.00016529,0.00016734,0.00016432,0.00016298,0.00018169
full,0.00033678,0.00033379,0.00033468,0.00033114,0.00033469,0.00033224,0.00032787,0.00032489,0.00033528
map,0.00013594,0.00013425,0.00013105,0.00013464,0.00013554,0.0001346,0.00013551,0.00013699,0.0001351
reviews,0.00013546,0.00013599,0.00014514,0.0001498,0.00015528,0.00016003,0.00016767,0.00017139,0.00013573
program,0.00102327,0.0010223,0.00100403,0.0010013,0.00099465,0.00099154,0.00098727,0.00098079,0.00102279
life,0.00024217,0.00024234,0.00023923,0.00023865,0.00023997,0.00023966,0.00023733,0.00023713,0.00024225
know,5.99e-05,6.102e-05,6.227e-05,6.141e-05,5.95e-05,5.923e-05,5.823e-05,5.718e-05,6.046e-05
games,0.00081032,0.00082704,0.00084768,0.00086196,0.00088567,0.00089014,0.00090374,0.00091214,0.00081868
way,0.00044544,0.00044062,0.00043694,0.00042954,0.00042667,0.00042284,0.00041994,0.00041785,0.00044303
days,8.169e-05,7.798e-05,7.606e-05,7.429e-05,7.21e-05,7.37e-05,7.317e-05,7.247e-05,7.983e-05
management,0.00079869,0.00080564,0.00080465,0.00080283,0.00079672,0.00078979,0.00078897,0.00078708,0.00080217
p,0.00049743,0.00048294,0.000463,0.0004441,0.00043669,0.00042131,0.00041171,0.00040409,0.00049018
part,0.00077189,0.00077537,0.00084722,0.00085271,0.000782,0.00078766,0.00078881,0.00078799,0.00077363
could,0.00050647,0.00049229,0.00048255,0.00046942,0.00047387,0.00047476,0.00047573,0.00048023,0.00049938
great,8.444e-05,8.115e-05,7.984e-05,7.687e-05,7.559e-05,7.537e-05,7.195e-05,7.125e-05,8.279e-05
united,0.00061319,0.00062891,0.00063269,0.00064226,0.00065146,0.00064941,0.00065635,0.0006588,0.00062105
hotel,2.583e-05,2.52e-05,2.47e-05,2.305e-05,2.322e-05,2.33e-05,2.256e-05,2.309e-05,2.551e-05
real,0.00051809,0.00052193,0.00051815,0.0005193,0.0005188,0.00051602,0.00051581,0.00051447,0.00052001
f,0.00022248,0.00021429,0.00020166,0.00019498,0.00018867,0.00018393,0.00018154,0.00017766,0.00021839
item,5.586e-05,5.611e-05,5.924e-05,5.777e-05,5.495e-05,5.573e-05,5.533e-05,5.611e-05,5.599e-05
international,0.00064047,0.00064603,0.00064921,0.00065606,0.00065237,0.0006488,0.00064675,0.00064153,0.00064325
center,0.00042171,0.00042287,0.00042164,0.00041984,0.00041999,0.00041477,0.00041354,0.00041265,0.00042229
ebay,1.857e-05,1.918e-05,1.803e-05,1.759e-05,1.761e-05,1.614e-05,1.509e-05,1.483e-05,1.887e-05
must,0.00030821,0.00030241,0.00029801,0.00030097,0.00029887,0.00029554,0.00029358,0.00029263,0.00030531
store,0.00023297,0.00023125,0.00023241,0.00023456,0.00023071,0.00022946,0.00023199,0.00022735,0.00023211
travel,8.282e-05,8.178e-05,8.378e-05,8.369e-05,8.287e-05,8.283e-05,8.414e-05,8.531e-05,8.23e-05
comments,3.778e-05,3.693e-05,3.939e-05,3.988e-05,3.855e-05,3.852e-05,3.765e-05,3.792e-05,3.735e-05
made,0.00058251,0.00057756,0.00057497,0.00058131,0.00058392,0.00058759,0.00058791,0.00059581,0.00058004
development,0.00112966,0.00113753,0.00114887,0.00115565,0.0011601,0.00116391,0.00116485,0.00116869,0.0011336
report,0.00015628,0.00015897,0.00015635,0.0001548,0.00015194,0.00014754,0.00014328,0.00014479,0.00015762
off,0.00021021,0.00020858,0.00021059,0.00020969,0.00021007,0.00020784,0.00020715,0.00021084,0.0002094
member,0.00030821,0.00030986,0.00030665,0.000309,0.00031602,0.00031108,0.00030928,0.00030425,0.00030904
details,9.348e-05,9.225e-05,9.045e-05,9.112e-05,8.94e-05,8.649e-05,8.597e-05,8.547e-05,9.286e-05
line,0.00054651,0.00054174,0.00053239,0.00053219,0.00052897,0.00053018,0.00052786,0.00053068,0.00054413
terms,0.0002693,0.00026469,0.00026453,0.0002617,0.00026426,0.00026448,0.00026675,0.00026588,0.000267
before,0.00039442,0.00039624,0.00040073,0.00040361,0.00040527,0.00041492,0.00041979,0.00042351,0.00039533
hotels,1.049e-05,9.19e-06,9.39e-06,9.4e-06,9.41e-06,9.74e-06,1.006e-05,1.04e-05,9.84e-06
did,0.00015418,0.00015168,0.00014848,0.0001495,0.0001527,0.00015028,0.00015045,0.0001506,0.00015293
send,8.282e-05,8.036e-05,7.772e-05,7.748e-05,7.862e-05,7.765e-05,7.743e-05,7.644e-05,8.159e-05
right,0.00013756,0.00014074,0.00014545,0.00014601,0.00014511,0.00014526,0.00014526,0.00014479,0.00013915
type,0.00058154,0.00057217,0.00057254,0.00056721,0.0005695,0.00057206,0.00057313,0.00057808,0.00057686
because,0.00048322,0.00047787,0.00047028,0.00046472,0.00046006,0.0004571,0.0004553,0.00045576,0.00048054
local,0.00035826,0.00035709,0.0003518,0.00034266,0.0003447,0.00034366,0.00034433,0.00034171,0.00035768
those,0.00036762,0.00036264,0.00036059,0.00036161,0.0003611,0.00036193,0.00035881,0.00036143,0.00036513
using,0.00136118,0.00136466,0.00136447,0.00137292,0.00137138,0.00136946,0.00137307,0.00136424,0.00136292
results,0.00026058,0.00025867,0.00025635,0.00025487,0.00025454,0.00025413,0.00024815,0.00024998,0.00025962
office,0.00027834,0.00028339,0.00028074,0.00028292,0.00028035,0.00028397,0.00028062,0.00027367,0.00028087
education,0.00024799,0.00025613,0.00025877,0.00025775,0.00025454,0.000252,0.00025364,0.00025135,0.00025206
national,0.00063789,0.00065079,0.00065663,0.00065788,0.00066558,0.00066189,0.00066413,0.00065865,0.00064434
car,5.199e-05,5.104e-05,5.091e-05,5.079e-05,5.085e-05,5.162e-05,5e-05,4.984e-05,5.151e-05
design,0.00100664,0.00100677,0.00100737,0.00100646,0.00100543,0.00100646,0.0010077,0.0010106,0.00100671
take,0.00020246,0.00019812,0.00019969,0.00019908,0.00019732,0.00019779,0.00019297,0.00019157,0.00020029
posted,4.295e-05,4.2e-05,4.409e-05,4.321e-05,4.356e-05,4.218e-05,4.177e-05,4.067e-05,4.248e-05
internet,0.00145934,0.00145135,0.00145658,0.00144191,0.00143437,0.00143357,0.00142794,0.00141851,0.00145534
address,0.00029448,0.00029132,0.00028938,0.00029187,0.00028839,0.00028473,0.00028763,0.00028606,0.0002929
community,0.00040653,0.00040528,0.00040528,0.00040604,0.00040117,0.00039817,0.00039997,0.0003995,0.00040591
within,0.00055668,0.00055727,0.00056557,0.0005663,0.00056677,0.00057373,0.0005777,0.00057716,0.00055698
states,0.00065226,0.00067107,0.00067269,0.00068214,0.00068622,0.00068519,0.00068943,0.00069167,0.00066166
area,0.00033695,0.00033395,0.00033422,0.00033751,0.00033362,0.00032828,0.00032955,0.00032673,0.00033545
want,3.956e-05,3.851e-05,3.848e-05,3.7e-05,3.491e-05,3.517e-05,3.475e-05,3.257e-05,3.904e-05
phone,0.00019422,0.00019146,0.00018878,0.00018922,0.00018563,0.00018241,0.00018337,0.00018072,0.00019284
dvd,6.135e-05,6.007e-05,5.939e-05,6.004e-05,6.041e-05,5.938e-05,5.838e-05,5.917e-05,6.071e-05
shipping,1.711e-05,1.775e-05,1.742e-05,1.759e-05,1.821e-05,1.781e-05,1.753e-05,1.758e-05,1.743e-05
reserved,2.615e-05,2.536e-05,2.606e-05,2.623e-05,2.489e-05,2.512e-05,2.561e-05,2.63e-05,2.575e-05
subject,0.00016323,0.00016056,0.0001559,0.00015647,0.00015846,0.00015775,0.00015944,0.00015901,0.0001619
between,0.0010977,0.00109299,0.00109676,0.00109849,0.00110545,0.00110559,0.00110693,0.00111457,0.00109535
forum,0.00011915,0.00011856,0.00011757,0.00011553,0.00011338,0.00011328,0.00011447,0.00011467,0.00011885
family,0.00030078,0.00030099,0.00030392,0.000309,0.00030979,0.00030742,0.00030821,0.00028759,0.00030088
l,0.0002383,0.00023774,0.00022771,0.00022061,0.00021903,0.00021089,0.00020441,0.00020074,0.00023802
long,0.00026478,0.00025819,0.00025741,0.00025775,0.00025895,0.00025885,0.0002544,0.00025135,0.00026148
based,0.00239155,0.00240107,0.00241456,0.00241319,0.00240671,0.00241232,0.00240881,0.00240909,0.00239631
w,0.00019422,0.00018544,0.00017878,0.00017497,0.00017076,0.00016825,0.00016782,0.00016252,0.00018983
code,0.00109205,0.00108745,0.00108115,0.00108363,0.00108997,0.00109904,0.00108925,0.00107849,0.00108975
show,0.00018228,0.00017847,0.00017741,0.00018164,0.00018214,0.00018028,0.00017834,0.00017429,0.00018037
o,0.00024508,0.00023743,0.00022893,0.00022091,0.00021629,0.0002118,0.00021111,0.00021191,0.00024126
even,0.00033743,0.00033173,0.00032407,0.00032128,0.00031495,0.00031305,0.00030836,0.00030807,0.00033458
black,0.00014401,0.00014629,0.00014832,0.00015132,0.00014662,0.00014724,0.00014587,0.00014326,0.00014515
check,6.797e-05,6.768e-05,6.575e-05,6.717e-05,6.739e-05,6.7e-05,6.676e-05,6.681e-05,6.783e-05
special,0.00029368,0.00029528,0.00029165,0.0002896,0.00028824,0.00028808,0.00028534,0.00028468,0.00029448
prices,2.519e-05,2.425e-05,2.394e-05,2.426e-05,2.444e-05,2.345e-05,2.195e-05,2.232e-05,2.472e-05
website,0.00059446,0.0005923,0.0005986,0.00058707,0.00058453,0.00058211,0.00058227,0.00058404,0.00059338
index,0.00018873,0.00018354,0.00017999,0.00017831,0.0001741,0.00016977,0.00016721,0.00016848,0.00018613
being,0.00073217,0.00073701,0.00074087,0.00074036,0.00074071,0.00074701,0.00075452,0.0007591,0.00073459
women,0.00010801,0.00011253,0.00011939,0.00012084,0.00011475,0.00011435,0.00011524,0.00011574,0.00011027
much,0.00028916,0.00028593,0.0002818,0.00027792,0.00027625,0.00027545,0.00027086,0.00026496,0.00028754
sign,6.652e-05,6.8e-05,7.181e-05,6.884e-05,6.997e-05,6.913e-05,6.707e-05,6.467e-05,6.726e-05
file,0.00065193,0.00064239,0.00062375,0.00062225,0.00061807,0.00062169,0.0006184,0.0006189,0.00064716
link,0.00021537,0.00021365,0.00021862,0.00021485,0.00021462,0.00021149,0.00020562,0.00020793,0.00021451
open,0.00094028,0.00095684,0.00096025,0.00096704,0.00096991,0.00096505,0.00096487,0.00096581,0.00094856
today,0.00015096,0.00014613,0.00014333,0.00014177,0.00013919,0.00013749,0.00013597,0.00013454,0.00014855
technology,0.00139912,0.00142314,0.00143052,0.00143676,0.00143559,0.00142473,0.00142687,0.00142157,0.00141113
south,0.0001939,0.00020097,0.00020075,0.00020075,0.00020066,0.00020099,0.00020425,0.00020487,0.00019743
case,0.00041154,0.00040781,0.00041013,0.00040771,0.00040572,0.00040731,0.00040576,0.00040271,0.00040967
project,0.00091122,0.00091072,0.00091116,0.00090411,0.00089827,0.00089227,0.00089338,0.00089165,0.00091097
same,0.00075462,0.00074747,0.00074268,0.00074021,0.00074026,0.00073604,0.00073318,0.00072913,0.00075104
pages,0.00020084,0.00019099,0.00018605,0.00018437,0.0001785,0.00017647,0.00017621,0.00017475,0.00019592
uk,0.0003455,0.0003376,0.00033241,0.00032159,0.00030342,0.00028747,0.00028169,0.0002775,0.00034155
version,0.00106638,0.00107033,0.00107085,0.00107726,0.0011053,0.00111488,0.00111181,0.00111594,0.00106835
section,0.00013465,0.00012965,0.00012348,0.00012281,0.00012052,0.00012044,0.00011889,0.00011788,0.00013215
own,0.00035148,0.00035028,0.00034892,0.00035297,0.0003529,0.00035173,0.00034753,0.0003411,0.00035088
found,0.00029578,0.00029908,0.00029635,0.00029369,0.00028718,0.00028793,0.00028946,0.00028743,0.00029743
sports,6.652e-05,6.657e-05,7.015e-05,7.369e-05,7.437e-05,7.385e-05,7.408e-05,7.247e-05,6.654e-05
house,0.00010543,0.00010857,0.00010969,0.00011023,0.00010989,0.000111,0.00011234,0.00011146,0.000107
related,0.00045206,0.0004552,0.00045816,0.00046017,0.00046173,0.00046364,0.00046201,0.00046448,0.00045363
security,0.00091025,0.00093608,0.00094631,0.00094323,0.00094107,0.00094693,0.00094505,0.00094807,0.00092317
both,0.00081984,0.00082276,0.00082071,0.00082709,0.00082814,0.00083273,0.00083561,0.00084579,0.0008213
g,0.00061835,0.00060894,0.00059012,0.00058692,0.00058665,0.00056597,0.00056383,0.0005608,0.00061365
county,3.843e-05,3.756e-05,3.682e-05,3.7e-05,3.719e-05,3.7e-05,3.75e-05,3.792e-05,3.8e-05
american,0.00077738,0.00081055,0.00083844,0.00086393,0.00088445,0.0009043,0.00092615,0.00095052,0.00079396
photo,6.91e-05,6.99e-05,6.742e-05,6.884e-05,6.891e-05,6.821e-05,6.6e-05,6.483e-05,6.95e-05
game,0.00225755,0.00227348,0.00240032,0.00242623,0.00247668,0.00250581,0.00251917,0.00253583,0.00226552
members,0.00025267,0.00024868,0.00024468,0.00024047,0.00023921,0.00023525,0.0002352,0.00023148,0.00025068
power,0.00045868,0.00046091,0.00045649,0.00045274,0.00045262,0.00045527,0.00045301,0.00044996,0.00045979
while,0.0007593,0.00076205,0.00077299,0.00077721,0.00079566,0.00079543,0.0007972,0.00081307,0.00076067
care,5.941e-05,6.023e-05,6.303e-05,6.262e-05,6.345e-05,6.289e-05,6.097e-05,5.902e-05,5.982e-05
network,0.00178095,0.00178023,0.00177232,0.00176774,0.00176435,0.00176702,0.00176984,0.00176939,0.00178059
down,0.00024896,0.00024567,0.0002512,0.00025685,0.00025804,0.00025976,0.00026538,0.00026954,0.00024732
computer,0.00406385,0.00406417,0.00406113,0.00404948,0.00405221,0.00405357,0.00405396,0.00405892,0.00406401
systems,0.00230502,0.00230502,0.0022829,0.00228128,0.00228801,0.00229005,0.00229068,0.00229564,0.00230502
three,0.00057944,0.00057487,0.00057194,0.00057525,0.00057739,0.00057525,0.0005809,0.00058542,0.00057715
total,0.00016742,0.00017086,0.00017272,0.00016891,0.00016863,0.00016886,0.00016843,0.00016665,0.00016914
place,0.00022377,0.00022269,0.00022559,0.000225,0.0002251,0.00022535,0.00022011,0.00022047,0.00022323
end,0.00046917,0.00046709,0.00046694,0.00047078,0.00047387,0.00047217,0.00046841,0.00046723,0.00046813
following,0.00035697,0.00035329,0.00035786,0.00035904,0.00036413,0.00036909,0.00037528,0.00038238,0.00035513
download,0.00012964,0.00012363,0.0001203,0.00011902,0.00011627,0.00011572,0.00011524,0.00011237,0.00012663
h,0.0002433,0.00023679,0.00022877,0.00021939,0.00021432,0.00020799,0.00020136,0.00019692,0.00024004
him,9.848e-05,9.954e-05,0.00010424,0.0001031,0.00010397,0.00010521,0.000107,0.0001058,9.901e-05
without,0.00047095,0.0004682,0.000468,0.00047078,0.00047266,0.00047369,0.00047146,0.00046968,0.00046957
per,0.00028899,0.00028704,0.00028423,0.00027868,0.00027701,0.00027803,0.00027498,0.00027321,0.00028801
access,0.00090218,0.00090945,0.00090919,0.00090684,0.00090327,0.00090521,0.00090466,0.00090281,0.00090582
think,3.762e-05,3.693e-05,3.485e-05,3.487e-05,3.37e-05,3.319e-05,3.338e-05,3.226e-05,3.727e-05
north,0.00025784,0.00024979,0.00025923,0.000257,0.00025986,0.00026007,0.00026279,0.00025961,0.00025382
resources,0.00028044,0.00028086,0.00027453,0.00027443,0.00026805,0.00027133,0.0002701,0.00027,0.00028065
current,0.00034324,0.00033776,0.00032513,0.00032053,0.00032118,0.0003158,0.00031324,0.00030991,0.0003405
posts,3.552e-05,3.804e-05,3.773e-05,3.806e-05,3.825e-05,3.791e-05,3.933e-05,3.99e-05,3.678e-05
big,0.00010656,0.00010841,0.00010848,0.00010992,0.00010913,0.00010826,0.00010899,0.0001084,0.00010748
media,0.00080289,0.00081705,0.00084313,0.00085029,0.00085956,0.0008609,0.00086061,0.00086475,0.00080997
law,0.00024169,0.00024313,0.00023771,0.00023228,0.00022525,0.00022505,0.000223,0.00022353,0.00024241
control,0.00076527,0.00076697,0.00076602,0.00077357,0.00076788,0.00076802,0.00076991,0.00077362,0.00076612
water,7.976e-05,8.067e-05,7.818e-05,7.96e-05,8.075e-05,8.177e-05,8.14e-05,8.164e-05,8.021e-05
history,0.00031047,0.00030622,0.00030029,0.00029596,0.00029704,0.00029417,0.00029175,0.00029034,0.00030835
pictures,6.28e-05,6.229e-05,6.272e-05,6.095e-05,6.375e-05,6.471e-05,6.448e-05,6.391e-05,6.255e-05
size,0.00028964,0.00028434,0.00028317,0.00028399,0.00028278,0.00028367,0.00028397,0.00028376,0.00028699
art,0.00028092,0.00027959,0.00027817,0.00027656,0.00027549,0.00027331,0.00027086,0.00027352,0.00028025
personal,0.00034114,0.00034093,0.00034271,0.00033842,0.00033787,0.00033696,0.00033869,0.00033972,0.00034103
since,0.00086779,0.00089218,0.00090419,0.00091412,0.00091435,0.00091495,0.00091807,0.00092407,0.00087999
including,0.00108801,0.00109917,0.00111145,0.00111714,0.00113095,0.0011365,0.0011493,0.0011612,0.00109359
guide,0.00010672,0.00010572,0.00010242,0.00010159,0.00010139,9.912e-05,9.771e-05,9.861e-05,0.00010622
shop,3.035e-05,2.916e-05,2.727e-05,2.623e-05,2.884e-05,2.726e-05,2.698e-05,2.721e-05,2.975e-05
directory,0.00011576,0.00011634,0.00011242,0.00011205,0.00011187,0.00010978,0.00010822,0.0001087,0.00011605
board,0.00029142,0.00029132,0.00028998,0.00029278,0.00028839,0.0002861,0.00028534,0.00028239,0.00029137
location,0.00017614,0.00017752,0.00017575,0.00017937,0.00017774,0.00018104,0.00018215,0.00018546,0.00017683
change,0.00022635,0.00021999,0.00021953,0.00021833,0.00021857,0.00021926,0.00022102,0.00022307,0.00022317
white,0.00012367,0.00012696,0.00012484,0.00012645,0.00012386,0.00012516,0.0001224,0.00012262,0.00012531
text,0.00050162,0.00049213,0.00048482,0.00048049,0.00048116,0.00047628,0.00047405,0.00047442,0.00049688
small,0.0003673,0.00035868,0.00035286,0.00034949,0.00034653,0.00034366,0.00034235,0.00034079,0.00036299
rating,2.809e-05,2.679e-05,2.636e-05,2.547e-05,2.762e-05,2.695e-05,2.667e-05,2.691e-05,2.744e-05
rate,0.00019035,0.00018782,0.0001865,0.00018407,0.00018427,0.00018515,0.00018505,0.0001879,0.00018908
government,0.000361,0.00037136,0.00037801,0.00038557,0.00038235,0.00038477,0.00038381,0.00038314,0.00036618
children,0.00011011,0.00011206,0.00011105,0.00010886,0.00010671,0.00010719,0.00010777,0.00010718,0.00011108
during,0.00050356,0.00050877,0.0005133,0.00051854,0.00052351,0.00052485,0.00052755,0.00052839,0.00050617
usa,0.00010995,0.00010508,0.00010227,9.734e-05,9.471e-05,9.273e-05,8.323e-05,8.073e-05,0.00010752
return,9.445e-05,9.32e-05,9.106e-05,9.234e-05,9.259e-05,9.182e-05,9.268e-05,9.219e-05,9.383e-05
students,0.00016419,0.00016579,0.00016575,0.00016951,0.00016454,0.00016642,0.00016706,0.00016482,0.00016499
v,0.0002165,0.00021762,0.00020423,0.0002012,0.00019489,0.0001847,0.00018444,0.00018255,0.00021706
shopping,3.503e-05,3.36e-05,3.651e-05,3.684e-05,3.612e-05,3.563e-05,3.445e-05,3.44e-05,3.431e-05
account,0.00011043,0.00010873,0.00010802,0.00010992,0.0001108,0.00011161,0.00011142,0.00010947,0.00010958
times,0.00032145,0.00031747,0.00031574,0.00031219,0.00031116,0.00030818,0.0003044,0.00030502,0.00031946
sites,0.00020262,0.00019891,0.00019499,0.00018968,0.00018366,0.00017693,0.00017072,0.00017001,0.00020076
level,0.00065323,0.00064936,0.00063724,0.00063635,0.00063735,0.00064316,0.00064553,0.00064443,0.00065129
digital,0.00112095,0.00113547,0.00115281,0.00115611,0.0011771,0.00118218,0.0011807,0.00118734,0.00112821
profile,0.0001156,0.00011285,0.00011105,0.00010992,0.00010458,0.00010217,0.00010197,0.00010213,0.00011422
previous,0.00015241,0.000152,0.00015787,0.00016087,0.00016226,0.00016201,0.00016432,0.00016436,0.00015221
form,0.00058994,0.00058596,0.00057921,0.00058298,0.0005827,0.00058439,0.00057922,0.00057471,0.00058795
events,0.00020149,0.000207,0.00020817,0.00020651,0.00020886,0.00021089,0.00021065,0.00021236,0.00020424
love,2.067e-05,2.124e-05,2.151e-05,2.259e-05,2.277e-05,2.33e-05,2.469e-05,2.355e-05,2.095e-05
old,0.00010381,0.0001035,9.833e-05,9.946e-05,9.562e-05,9.197e-05,9.222e-05,9.219e-05,0.00010365
john,0.00028851,0.00028783,0.00028498,0.0002811,0.00027883,0.00027971,0.00027635,0.00027398,0.00028817
main,0.00039345,0.00039386,0.00039892,0.00040407,0.00040238,0.00040335,0.00040104,0.00039904,0.00039366
call,0.00016581,0.00015945,0.00016529,0.00016299,0.00016089,0.00015835,0.00015807,0.00015472,0.00016263
hours,5.957e-05,5.769e-05,5.591e-05,5.504e-05,5.54e-05,5.268e-05,5.137e-05,4.923e-05,5.863e-05
image,0.00061383,0.0006183,0.00062027,0.00060982,0.00060836,0.00060738,0.00061047,0.00061049,0.00061607
department,0.00034405,0.0003498,0.00035377,0.00035798,0.00035412,0.00035264,0.000355,0.00035149,0.00034692
title,0.00017889,0.00017482,0.00018332,0.00018073,0.00017698,0.00017541,0.00017301,0.00017032,0.00017686
description,0.00012173,0.00012093,0.00012045,0.00012266,0.00012249,0.00012212,0.00012225,0.00012124,0.00012133
non,0.00060802,0.00060276,0.00059542,0.00059117,0.00059287,0.00059246,0.0005963,0.00059902,0.00060539
k,0.00026623,0.00025756,0.00025135,0.00024108,0.00023876,0.00022748,0.00022148,0.00022215,0.00026189
y,0.00016339,0.00015659,0.00014651,0.00014131,0.00013691,0.00012912,0.00012743,0.00012598,0.00015999
insurance,2.244e-05,2.203e-05,2.318e-05,2.35e-05,2.216e-05,2.314e-05,2.317e-05,2.37e-05,2.223e-05
another,0.00041057,0.00040734,0.00039786,0.00039679,0.00039191,0.00039771,0.00039906,0.0003995,0.00040896
why,4.779e-05,4.739e-05,4.621e-05,4.655e-05,4.508e-05,4.34e-05,4.085e-05,4.097e-05,4.759e-05
shall,8.72e-06,8.72e-06,8.03e-06,7.58e-06,7.44e-06,7.61e-06,7.47e-06,6.73e-06,8.72e-06
property,0.00015967,0.00015707,0.00015469,0.00015299,0.00014966,0.00014907,0.00015121,0.00015029,0.00015837
class,0.00028899,0.00028307,0.00028877,0.00028596,0.00028429,0.00028656,0.00028519,0.0002856,0.00028603
cd,0.0001248,0.00012616,0.00012575,0.00012509,0.00012446,0.00012577,0.00012651,0.00012354,0.00012548
still,0.00028996,0.00028498,0.00028059,0.00028277,0.0002802,0.0002823,0.00027711,0.00027597,0.00028747
money,7.491e-05,7.37e-05,7.287e-05,7.293e-05,7.346e-05,7.248e-05,7.149e-05,7.002e-05,7.431e-05
quality,0.00024766,0.00025122,0.00024771,0.00024517,0.00024832,0.00024499,0.00024434,0.00024294,0.00024944
every,0.00030643,0.00029972,0.00029892,0.00029581,0.00029097,0.0002893,0.00028687,0.00028392,0.00030307
listing,3.245e-05,3.154e-05,3.045e-05,3.063e-05,3.051e-05,2.984e-05,2.911e-05,2.828e-05,3.2e-05
content,0.00062982,0.00064001,0.00065511,0.0006641,0.00066376,0.00066509,0.00066397,0.00066859,0.00063492
country,0.00018034,0.00018211,0.00017999,0.00018164,0.0001832,0.00018378,0.00018733,0.00018607,0.00018123
private,0.00020585,0.00021254,0.00021544,0.00021667,0.00021508,0.00021698,0.0002169,0.00021848,0.00020919
little,9.542e-05,9.541e-05,9.56e-05,9.461e-05,9.638e-05,9.593e-05,9.71e-05,9.51e-05,9.542e-05
visit,1.614e-05,1.569e-05,1.545e-05,1.531e-05,1.503e-05,1.523e-05,1.524e-05,1.468e-05,1.591e-05
save,5.796e-05,5.563e-05,5.53e-05,5.595e-05,5.662e-05,5.588e-05,5.594e-05,5.443e-05,5.68e-05
tools,0.00041961,0.00042192,0.00041679,0.00041923,0.00041908,0.0004201,0.000421,0.00042473,0.00042077
low,0.00031628,0.00031573,0.00031589,0.00031446,0.00031662,0.00031595,0.00031446,0.00031618,0.00031601
reply,1.485e-05,1.601e-05,1.454e-05,1.516e-05,1.351e-05,1.401e-05,1.402e-05,1.422e-05,1.543e-05
customer,0.00011963,0.00011951,0.00011514,0.00011432,0.00011232,0.00011283,0.00011142,0.00011085,0.00011957
december,0.00040863,0.000417,0.00042634,0.00043758,0.0004379,0.00044583,0.00044326,0.00043574,0.00041281
compare,4.375e-05,4.121e-05,4.03e-05,4.033e-05,4.098e-05,4.111e-05,4.146e-05,4.235e-05,4.248e-05
movies,5.36e-05,5.31e-05,5.303e-05,5.201e-05,5.1e-05,5.177e-05,5.167e-05,5.122e-05,5.335e-05
include,0.00069536,0.0006958,0.00069132,0.00069124,0.00069411,0.00069143,0.00068867,0.00069764,0.00069558
college,0.00021005,0.00020969,0.00020196,0.00019514,0.00019262,0.00018866,0.00018611,0.00018377,0.00020987
value,0.00037747,0.00037231,0.00036786,0.00036722,0.00036656,0.00036665,0.00036583,0.00036602,0.00037489
article,0.00021053,0.00020446,0.00019302,0.00018649,0.00017637,0.00017282,0.00016447,0.0001613,0.0002075
york,0.0002856,0.00028181,0.00027801,0.00027216,0.00027063,0.00026677,0.00026096,0.00025869,0.0002837
man,0.00014401,0.00014534,0.00015075,0.00015799,0.00015376,0.00015135,0.00015319,0.00015289,0.00014467
card,0.00028044,0.00027578,0.00027226,0.00026746,0.0002682,0.00026859,0.00026903,0.00026374,0.00027811
jobs,5.102e-05,5.04e-05,5.091e-05,4.988e-05,4.872e-05,4.964e-05,4.954e-05,5.03e-05,5.071e-05
provide,0.00047547,0.00046883,0.00046361,0.00046335,0.00046264,0.00046258,0.0004585,0.00045775,0.00047215
j,0.0004251,0.00041891,0.00040513,0.00039194,0.00038599,0.00038036,0.00036583,0.00036311,0.000422
food,4.65e-05,4.755e-05,5.121e-05,4.897e-05,4.994e-05,4.979e-05,5e-05,5.122e-05,4.702e-05
source,0.0009356,0.00094052,0.00093904,0.00093929,0.00094471,0.00094495,0.00094779,0.00094593,0.00093806
author,0.00024282,0.00024773,0.00024635,0.00024229,0.00024088,0.00023875,0.0002352,0.00023469,0.00024527
different,0.00084341,0.00083512,0.00083162,0.0008327,0.00083452,0.00083441,0.00083439,0.00083952,0.00083926
press,0.00024217,0.00024187,0.00023377,0.00023092,0.00022737,0.00021956,0.00021538,0.00021252,0.00024202
u,0.00035777,0.00036185,0.00035407,0.00035282,0.00034577,0.00034183,0.00034174,0.00034217,0.00035981
learn,5.392e-05,5.468e-05,5.363e-05,5.367e-05,5.358e-05,5.375e-05,5.335e-05,5.382e-05,5.43e-05
sale,5.909e-05,5.658e-05,5.757e-05,5.883e-05,5.935e-05,5.847e-05,6.021e-05,6.192e-05,5.783e-05
around,0.00034873,0.00034457,0.00034922,0.00034478,0.00034744,0.00034579,0.00034616,0.00034721,0.00034665
print,0.00014627,0.0001501,0.00014651,0.00014722,0.00014678,0.0001445,0.00014526,0.00014601,0.00014819
course,7.475e-05,7.37e-05,7.484e-05,7.596e-05,7.453e-05,7.233e-05,7.118e-05,6.849e-05,7.423e-05
job,5.828e-05,5.801e-05,5.606e-05,5.428e-05,5.768e-05,5.847e-05,5.731e-05,5.779e-05,5.814e-05
canada,0.00015903,0.00015976,0.00016181,0.00016163,0.00016165,0.00016368,0.0001634,0.00016267,0.0001594
process,0.00072378,0.00072591,0.00071602,0.00071762,0.00071931,0.00071792,0.00071946,0.00072118,0.00072485
teen,7.27e-06,6.82e-06,6.67e-06,7.13e-06,6.53e-06,6.09e-06,6.4e-06,7.19e-06,7.04e-06
room,7.54e-05,7.433e-05,7.151e-05,6.884e-05,6.8e-05,6.684e-05,6.6e-05,6.528e-05,7.486e-05
stock,9.332e-05,9.193e-05,9.151e-05,9.325e-05,9.244e-05,9.197e-05,8.917e-05,8.929e-05,9.262e-05
training,0.00012884,0.00013187,0.00013272,0.00013403,0.00013448,0.00013414,0.00013429,0.00013485,0.00013035
too,8.089e-05,8.02e-05,8.015e-05,8.081e-05,8.105e-05,8.39e-05,8.216e-05,8.271e-05,8.055e-05
credit,5.618e-05,5.547e-05,5.303e-05,5.261e-05,5.252e-05,5.284e-05,5.183e-05,5.122e-05,5.583e-05
point,0.00051147,0.00050877,0.00050921,0.00050459,0.0004977,0.00049547,0.00049188,0.00049231,0.00051012
join,4.666e-05,4.533e-05,4.454e-05,4.442e-05,4.311e-05,4.248e-05,4.192e-05,4.25e-05,4.599e-05
science,0.00138798,0.0014019,0.00141143,0.00141765,0.00141221,0.00141073,0.00141011,0.00140521,0.00139494
men,3.6e-05,3.899e-05,3.773e-05,3.745e-05,3.643e-05,3.593e-05,3.628e-05,3.639e-05,3.749e-05
categories,6.377e-05,6.356e-05,6.272e-05,6.262e-05,6.284e-05,6.289e-05,6.234e-05,6.284e-05,6.366e-05
advanced,0.00025057,0.00025169,0.00025847,0.00025563,0.00025515,0.00025596,0.00025654,0.00025426,0.00025113
west,6.668e-05,6.926e-05,7.136e-05,6.929e-05,7.028e-05,7.035e-05,7.042e-05,7.079e-05,6.797e-05
sales,0.00012738,0.00012458,0.00012514,0.00012296,0.00012477,0.00012196,0.00012331,0.00012262,0.00012598
look,6.878e-05,6.736e-05,6.727e-05,6.717e-05,6.512e-05,6.38e-05,6.295e-05,6.268e-05,6.807e-05
english,0.00030223,0.00029988,0.00029438,0.00029308,0.00029279,0.00029311,0.0002951,0.00029569,0.00030105
left,0.00015693,0.00015453,0.0001556,0.00015374,0.00015376,0.00015729,0.00015426,0.00015442,0.00015573
team,0.00026881,0.00027293,0.00028529,0.00028747,0.00029279,0.00029052,0.00029297,0.00029248,0.00027087
estate,2.632e-05,2.615e-05,2.591e-05,2.714e-05,2.732e-05,2.634e-05,2.652e-05,2.63e-05,2.623e-05
box,0.00012496,0.00012046,0.00011863,0.0001166,0.00011612,0.00011603,0.00011798,0.00011711,0.00012271
conditions,0.00012044,0.00012188,0.00011742,0.00011675,0.00011627,0.00011679,0.0001163,0.00011436,0.00012116
select,5.941e-05,6.023e-05,5.878e-05,5.944e-05,5.798e-05,5.801e-05,5.807e-05,5.779e-05,5.982e-05
windows,0.00112482,0.00111613,0.00111251,0.00111987,0.00115615,0.00118081,0.00118314,0.00116472,0.00112047
photos,5.764e-05,5.658e-05,5.772e-05,5.822e-05,5.601e-05,5.664e-05,5.716e-05,5.611e-05,5.711e-05
gay,1.082e-05,1.125e-05,1.136e-05,1.122e-05,1.138e-05,1.188e-05,1.158e-05,1.131e-05,1.104e-05
thread,5.328e-05,5.547e-05,5.5e-05,5.61e-05,5.419e-05,5.405e-05,5.198e-05,5.198e-05,5.438e-05
week,6.539e-05,6.229e-05,6.257e-05,6.186e-05,6.071e-05,6.091e-05,5.823e-05,5.688e-05,6.384e-05
category,7.879e-05,8.004e-05,0.00019878,0.00018316,0.00016939,0.00016186,0.00014389,0.00012827,7.941e-05
note,8.831e-05,8.305e-05,7.863e-05,7.505e-05,7.392e-05,7.141e-05,6.768e-05,6.956e-05,8.568e-05
live,0.00023991,0.00023933,0.00024317,0.00024714,0.0002462,0.00024423,0.00024724,0.00024569,0.00023962
large,0.0005281,0.00052399,0.00050906,0.00051142,0.00051228,0.00051145,0.00051399,0.00050912,0.00052604
gallery,3.068e-05,2.996e-05,3.106e-05,3.063e-05,3.157e-05,2.984e-05,3.033e-05,3.012e-05,3.032e-05
table,0.00016436,0.0001623,0.00015469,0.00015526,0.00015376,0.0001512,0.00015197,0.00015335,0.00016333
register,0.00012367,0.00012236,0.00012075,0.00011993,0.00011718,0.0001174,0.00011874,0.00012109,0.00012301
however,0.00054279,0.00053493,0.00053027,0.00052385,0.00051926,0.00051739,0.00051216,0.00050943,0.00053886
june,0.00046756,0.00046852,0.00047497,0.00047988,0.0004845,0.00048664,0.00048594,0.00048864,0.00046804
october,0.00047111,0.0004831,0.00048952,0.00049868,0.00049892,0.00049943,0.00049813,0.00049903,0.00047711
november,0.00041799,0.00042968,0.00044361,0.00044971,0.0004546,0.00045405,0.00045042,0.00044292,0.00042384
market,0.0003652,0.00036074,0.00035559,0.00035358,0.00035093,0.00035295,0.00034738,0.00034721,0.00036297
library,0.00046578,0.00046297,0.00045649,0.00045683,0.00045551,0.00045329,0.00045317,0.00044781,0.00046437
really,2.309e-05,2.235e-05,2.106e-05,1.865e-05,1.761e-05,1.721e-05,1.722e-05,1.682e-05,2.272e-05
action,0.00025025,0.00025233,0.00026635,0.00026958,0.00027124,0.00027621,0.00027696,0.0002804,0.00025129
start,0.00012738,0.0001249,0.00011999,0.00011902,0.00011566,0.00011313,0.0001128,0.00010993,0.00012614
series,0.00095885,0.00095811,0.00100782,0.00103011,0.00105734,0.00107361,0.00108025,0.00109056,0.00095848
model,0.00100906,0.00100059,0.00099555,0.00099827,0.00099116,0.00099565,0.00099063,0.00100403,0.00100482
features,0.0006324,0.00062907,0.00063315,0.00063514,0.00063401,0.00062855,0.00063044,0.00062914,0.00063073
air,0.00015951,0.00016404,0.00016029,0.00015981,0.00015907,0.00015744,0.00015563,0.00015763,0.00016178
industry,0.00036342,0.00036359,0.00036755,0.0003651,0.00037005,0.00036665,0.00036689,0.0003599,0.0003635
plan,7.701e-05,7.75e-05,7.212e-05,7.354e-05,7.255e-05,7.217e-05,7.286e-05,7.308e-05,7.726e-05
human,0.00048419,0.00049578,0.00050285,0.00050414,0.00050256,0.00050521,0.0005024,0.00049857,0.00048999
provided,0.0003137,0.00031652,0.00032013,0.00032492,0.00032437,0.00032935,0.0003326,0.00033682,0.00031511
tv,0.00023765,0.00024535,0.00025362,0.00024911,0.00024893,0.00025261,0.00025364,0.0002515,0.0002415
yes,1.017e-05,1.014e-05,1.288e-05,9.55e-06,9.56e-06,9.9e-06,9.45e-06,9.17e-06,1.016e-05
required,0.0002601,0.00025423,0.00025059,0.00025275,0.00025196,0.00025139,0.00025227,0.00025273,0.00025716
second,0.00042687,0.0004254,0.00043149,0.00042454,0.00042712,0.0004274,0.00042344,0.00041922,0.00042614
hot,3.068e-05,3.027e-05,2.939e-05,3.048e-05,3.187e-05,3.106e-05,3.11e-05,3.104e-05,3.047e-05
accessories,1.647e-05,1.569e-05,1.727e-05,1.804e-05,1.852e-05,1.888e-05,1.982e-05,2.033e-05,1.608e-05
cost,0.00025057,0.00025011,0.0002462,0.00024593,0.00024665,0.0002424,0.00024007,0.00024095,0.00025034
movie,7.071e-05,6.99e-05,7.106e-05,6.868e-05,6.754e-05,6.669e-05,6.539e-05,6.544e-05,7.03e-05
forums,5.086e-05,5.104e-05,4.985e-05,4.882e-05,4.994e-05,4.918e-05,4.817e-05,4.724e-05,5.095e-05
march,0.00044027,0.00045045,0.000458,0.00046168,0.00046522,0.00047065,0.00047039,0.00047212,0.00044536
la,6.2e-05,6.181e-05,6.045e-05,5.822e-05,5.586e-05,5.558e-05,5.426e-05,5.183e-05,6.191e-05
september,0.00042962,0.00043618,0.00044422,0.00044455,0.00045141,0.00045253,0.00045271,0.00045179,0.0004329
better,0.00016581,0.00016484,0.00016332,0.00016041,0.00016013,0.00016079,0.0001599,0.00015962,0.00016533
say,3.665e-05,3.645e-05,3.636e-05,3.563e-05,3.521e-05,3.609e-05,3.628e-05,3.562e-05,3.655e-05
questions,7.185e-05,6.91e-05,6.757e-05,6.717e-05,6.254e-05,6.228e-05,6.173e-05,6.177e-05,7.047e-05
july,0.00042171,0.00042794,0.00042998,0.00043712,0.00044139,0.00044385,0.00044189,0.00044476,0.00042482
yahoo,7.62e-05,7.227e-05,7.212e-05,7.141e-05,7.21e-05,6.958e-05,6.966e-05,7.109e-05,7.423e-05
going,4.94e-05,4.945e-05,5.075e-05,5.049e-05,4.903e-05,4.949e-05,4.74e-05,4.77e-05,4.943e-05
medical,0.00015015,0.000152,0.00015484,0.00015587,0.00015588,0.00015577,0.00015548,0.00015595,0.00015107
test,0.00029884,0.00030209,0.00030059,0.00030157,0.0002978,0.00029387,0.0002922,0.00028973,0.00030046
friend,3.148e-05,3.075e-05,3.182e-05,3.26e-05,3.248e-05,3.121e-05,3.094e-05,3.073e-05,3.112e-05
come,8.25e-05,8.147e-05,7.969e-05,7.945e-05,7.878e-05,7.918e-05,7.713e-05,7.461e-05,8.198e-05
dec,7.766e-05,7.576e-05,7.197e-05,7.156e-05,7.255e-05,7.126e-05,7.027e-05,6.941e-05,7.671e-05
server,0.00062271,0.00061988,0.00061875,0.00062528,0.00062869,0.00063068,0.00062831,0.00062624,0.0006213
pc,0.00040621,0.00040147,0.00038907,0.00038072,0.00038493,0.0003767,0.00037223,0.00036556,0.00040384
study,0.0002178,0.00021873,0.00022044,0.00021727,0.0002169,0.00021576,0.00021523,0.0002168,0.00021826
application,0.00084697,0.00084907,0.00083889,0.00083346,0.00083391,0.00083532,0.00083515,0.00083157,0.00084802
cart,4.52e-06,3.96e-06,3.79e-06,3.79e-06,3.64e-06,3.65e-06,4.12e-06,3.98e-06,4.24e-06
staff,0.00010898,0.00010841,0.0001059,0.00010644,0.00010534,0.00010369,0.00010411,0.00010274,0.0001087
articles,0.00021214,0.00021128,0.00021317,0.00021015,0.00020157,0.00019627,0.00019389,0.00019432,0.00021171
san,0.0001784,0.00017657,0.00017499,0.0001733,0.00017182,0.00017099,0.00016798,0.00016772,0.00017749
feedback,6.652e-05,6.689e-05,6.439e-05,6.611e-05,6.815e-05,6.73e-05,7.042e-05,7.033e-05,6.67e-05
again,8.299e-05,8.147e-05,8.06e-05,7.884e-05,7.878e-05,7.979e-05,7.926e-05,7.69e-05,8.223e-05
play,0.0002312,0.00023267,0.00023741,0.00024123,0.00024331,0.00024225,0.00024327,0.00023881,0.00023194
looking,5.037e-05,4.882e-05,4.833e-05,4.761e-05,4.766e-05,4.751e-05,4.71e-05,4.678e-05,4.96e-05
issues,0.00022538,0.00022221,0.00022181,0.00022273,0.00022312,0.00022185,0.000223,0.0002246,0.00022379
april,0.00042381,0.00043174,0.00043452,0.0004397,0.00043866,0.00044004,0.00043975,0.00044017,0.00042778
never,0.00011915,0.00011681,0.00011742,0.00011447,0.00011657,0.00011861,0.00011996,0.00011956,0.00011798
users,0.00097839,0.00098395,0.00097297,0.00097355,0.00096217,0.00096505,0.00096319,0.00095893,0.00098117
complete,0.0002383,0.00023727,0.00023544,0.00023425,0.00023436,0.00023327,0.00023413,0.00023255,0.00023779
street,8.153e-05,7.75e-05,7.939e-05,8.021e-05,8.166e-05,8.131e-05,8.17e-05,8.027e-05,7.952e-05
topic,6.329e-05,6.166e-05,6.075e-05,5.974e-05,5.889e-05,5.847e-05,5.67e-05,5.626e-05,6.248e-05
comment,2.341e-05,2.298e-05,2.242e-05,2.198e-05,2.079e-05,2.01e-05,2.012e-05,2.003e-05,2.32e-05
financial,0.00013094,0.00013393,0.00013878,0.00014025,0.00014162,0.00014008,0.0001413,0.00013989,0.00013243
things,9.913e-05,9.954e-05,0.00010045,9.886e-05,9.896e-05,9.912e-05,9.679e-05,9.632e-05,9.933e-05
working,0.00029642,0.00030019,0.0002971,0.00029702,0.00029583,0.00029691,0.0002922,0.00028988,0.00029831
against,0.00022619,0.00023267,0.00023453,0.00023971,0.00023906,0.00024271,0.00024145,0.00024218,0.00022943
standard,0.00079498,0.0007909,0.00078556,0.00078843,0.00079202,0.00078629,0.00078134,0.00078555,0.00079294
tax,1.711e-05,1.807e-05,1.818e-05,1.895e-05,1.943e-05,1.903e-05,1.997e-05,2.003e-05,1.759e-05
person,0.00020972,0.00021191,0.00021847,0.00021712,0.00021736,0.00021819,0.00021721,0.0002168,0.00021081
below,0.00010414,0.00010049,9.999e-05,9.689e-05,9.699e-05,9.562e-05,9.466e-05,9.571e-05,0.00010231
mobile,0.00065419,0.0006687,0.0006689,0.00067274,0.00067028,0.00067133,0.000669,0.00066599,0.00066145
less,0.00023459,0.00023061,0.00022696,0.000225,0.00022343,0.00022444,0.00022392,0.00022536,0.0002326
got,2.519e-05,2.583e-05,2.651e-05,2.517e-05,2.474e-05,2.375e-05,2.393e-05,2.309e-05,2.551e-05
blog,0.00011624,0.00010889,0.00010424,0.00010159,9.229e-05,8.603e-05,8.566e-05,8.256e-05,0.00011256
party,0.00019503,0.00019273,0.00019438,0.00019893,0.00020066,0.00020129,0.00020456,0.00020441,0.00019388
payment,5.441e-05,5.753e-05,6.288e-05,6.186e-05,6.269e-05,6.273e-05,6.341e-05,6.192e-05,5.597e-05
equipment,0.00019891,0.00019543,0.00019453,0.00019286,0.00019489,0.00019459,0.00019678,0.00019524,0.00019717
login,2.632e-05,2.837e-05,2.651e-05,2.593e-05,2.687e-05,2.619e-05,2.637e-05,2.553e-05,2.734e-05
student,8.767e-05,8.591e-05,8.469e-05,8.506e-05,8.318e-05,8.009e-05,7.987e-05,7.843e-05,8.679e-05
let,5.635e-05,5.357e-05,4.909e-05,4.913e-05,4.569e-05,4.416e-05,4.405e-05,4.51e-05,5.496e-05
programs,0.00047063,0.00047026,0.00046013,0.00045516,0.00045323,0.00045207,0.00045332,0.00045118,0.00047044
offers,0.00019083,0.00018734,0.00018469,0.00018422,0.00018351,0.0001818,0.00018276,0.00018087,0.00018908
legal,0.0001248,0.0001249,0.00012787,0.00012857,0.00012978,0.0001311,0.00013033,0.0001321,0.00012485
above,9.719e-05,9.431e-05,9.515e-05,9.355e-05,9.229e-05,9.075e-05,8.841e-05,8.975e-05,9.575e-05
recent,0.00014159,0.00014011,0.00013348,0.00013327,0.0001316,0.00013293,0.00013078,0.00012858,0.00014085
park,9.848e-05,0.00010445,0.00010302,0.00010083,0.00010033,0.00010034,9.999e-05,9.907e-05,0.00010147
stores,7.992e-05,8.21e-05,8.196e-05,8.263e-05,8.181e-05,8.222e-05,8.262e-05,8.149e-05,8.101e-05
side,0.00017743,0.00017799,0.00018044,0.00018088,0.00018078,0.00017967,0.0001788,0.00017567,0.00017771
act,0.00015612,0.00015612,0.00015605,0.00015784,0.00015649,0.00015638,0.00015731,0.00016099,0.00015612
problem,0.00062982,0.00062559,0.00062057,0.00062255,0.00061959,0.00062672,0.00062632,0.00062624,0.0006277
red,0.00013255,0.00013155,0.00013469,0.00013221,0.00012978,0.00012699,0.00012575,0.00012552,0.00013205
give,8.638e-05,8.448e-05,8.53e-05,8.385e-05,8.287e-05,8.207e-05,8.063e-05,8.057e-05,8.543e-05
memory,0.00076204,0.00076332,0.0007645,0.00077129,0.00076409,0.00076893,0.00076717,0.00077745,0.00076268
performance,0.00052261,0.00052367,0.00051103,0.00051642,0.00051774,0.00051663,0.00052481,0.00052258,0.00052314
social,0.00057799,0.00060023,0.00061633,0.00061573,0.00061989,0.00061697,0.00061398,0.0006215,0.00058911
q,7.491e-05,7.513e-05,7.363e-05,7.323e-05,7.362e-05,6.791e-05,6.493e-05,6.559e-05,7.502e-05
august,0.00038926,0.00039957,0.00040119,0.00040649,0.0004077,0.00040868,0.00040881,0.00041296,0.00039442
quote,9.2e-06,8.56e-06,8.48e-06,7.58e-06,7.44e-06,7.31e-06,7.77e-06,7.49e-06,8.88e-06
language,0.00142722,0.00142187,0.00141189,0.00141159,0.00141373,0.00142108,0.00142306,0.00141974,0.00142455
story,0.00016565,0.00016912,0.0001806,0.00017679,0.00017319,0.00017586,0.00017758,0.00017858,0.00016738
sell,5.15e-05,5.23e-05,5.106e-05,5.049e-05,4.979e-05,4.69e-05,4.649e-05,4.541e-05,5.19e-05
options,6.329e-05,6.34e-05,6.5e-05,6.565e-05,6.572e-05,6.563e-05,6.6e-05,6.544e-05,6.334e-05
experience,0.00014046,0.00013805,0.0001409,0.00013964,0.00014086,0.00014313,0.00014328,0.00014341,0.00013925
rates,6.038e-05,5.912e-05,6.06e-05,5.837e-05,5.874e-05,5.893e-05,5.899e-05,6.07e-05,5.975e-05
create,0.00037715,0.00037992,0.00037952,0.00038163,0.00037658,0.0003802,0.00038107,0.00037779,0.00037853
key,0.00046433,0.00046376,0.00045164,0.00045744,0.00045566,0.00045664,0.00045972,0.00046081,0.00046405
body,0.00014676,0.00014376,0.00014196,0.0001404,0.00014283,0.00014511,0.00014435,0.0001457,0.00014526
young,7.846e-05,7.941e-05,8e-05,8.278e-05,8.242e-05,8.314e-05,8.17e-05,8.348e-05,7.894e-05
america,0.00023281,0.00021968,0.00022999,0.00022819,0.0002295,0.00022428,0.00022544,0.00022154,0.00022624
important,0.00025687,0.00025122,0.00024726,0.00024896,0.00024483,0.0002456,0.00024846,0.00024982,0.00025405
field,0.00051196,0.00051448,0.00051133,0.00051157,0.00050772,0.00051115,0.00051048,0.00051218,0.00051322
few,0.0001847,0.0001856,0.00018166,0.00017906,0.00017698,0.00017647,0.00017666,0.00017674,0.00018515
east,7.685e-05,7.735e-05,7.5e-05,7.52e-05,7.574e-05,7.476e-05,7.484e-05,7.308e-05,7.71e-05
paper,0.00026688,0.00026707,0.00026241,0.00025882,0.00025424,0.00025169,0.0002512,0.00025028,0.00026698
single,0.00058978,0.00058469,0.000583,0.00057934,0.00057633,0.00057982,0.0005777,0.00057899,0.00058723
ii,0.00028286,0.00028624,0.00029392,0.00029308,0.00029932,0.00030011,0.00030348,0.00030563,0.00028455
age,0.00010898,0.00011063,0.00010984,0.00010992,0.00011096,0.00010887,0.0001128,0.00011513,0.00010981
activities,0.00013675,0.0001371,0.00013833,0.00013934,0.00013812,0.00013917,0.00014084,0.00013806,0.00013692
club,4.957e-05,4.866e-05,4.697e-05,4.685e-05,4.66e-05,4.598e-05,4.725e-05,4.694e-05,4.911e-05
example,0.00070667,0.0006958,0.00067829,0.00067077,0.00066087,0.0006625,0.00065864,0.00065773,0.00070123
girls,1.792e-05,1.886e-05,2.167e-05,2.077e-05,1.837e-05,1.949e-05,1.936e-05,2.003e-05,1.839e-05
additional,0.00024201,0.00024694,0.00024635,0.00025336,0.00025485,0.00025184,0.00025425,0.0002564,0.00024448
password,8.024e-05,8.258e-05,8.318e-05,8.081e-05,8.029e-05,7.933e-05,7.82e-05,7.813e-05,8.141e-05
z,0.00012028,0.00012125,0.00011484,0.00011432,0.00010868,0.00010628,0.00010518,0.00010289,0.00012076
latest,7.927e-05,7.909e-05,7.757e-05,7.687e-05,7.847e-05,7.872e-05,7.881e-05,7.752e-05,7.918e-05
something,6.167e-05,6.07e-05,5.909e-05,5.549e-05,5.464e-05,5.497e-05,5.442e-05,5.336e-05,6.119e-05
road,4.488e-05,4.691e-05,4.621e-05,4.943e-05,4.963e-05,5.009e-05,4.771e-05,4.77e-05,4.59e-05
gift,7.43e-06,7.13e-06,7.42e-06,7.73e-06,7.13e-06,7e-06,6.86e-06,7.34e-06,7.28e-06
question,6.619e-05,6.435e-05,6.484e-05,6.216e-05,6.071e-05,6.03e-05,5.899e-05,6.116e-05,6.527e-05
changes,0.00019761,0.0001978,0.00019726,0.00019786,0.00020172,0.00020327,0.0002009,0.0002035,0.00019771
night,3.277e-05,3.36e-05,3.363e-05,3.351e-05,3.43e-05,3.517e-05,3.567e-05,3.623e-05,3.319e-05
ca,7.507e-05,7.465e-05,7.045e-05,6.944e-05,6.451e-05,5.999e-05,5.868e-05,5.688e-05,7.486e-05
hard,0.00020004,0.00019796,0.00019529,0.00019377,0.00019398,0.00019353,0.00019236,0.00019111,0.000199
texas,9.316e-05,9.367e-05,9.272e-05,9.309e-05,9.365e-05,9.273e-05,9.207e-05,9.219e-05,9.341e-05
oct,2.163e-05,2.156e-05,1.924e-05,1.91e-05,1.837e-05,1.69e-05,1.707e-05,1.59e-05,2.159e-05
pay,5.877e-05,6.514e-05,6.666e-05,6.641e-05,6.238e-05,6.212e-05,6.051e-05,6.131e-05,6.195e-05
four,0.00027931,0.00028165,0.00028241,0.00027959,0.00027837,0.00027956,0.00028169,0.00028483,0.00028048
poker,1.566e-05,1.569e-05,1.545e-05,1.471e-05,1.503e-05,1.629e-05,1.692e-05,1.743e-05,1.568e-05
status,8.089e-05,8.163e-05,8.5e-05,8.385e-05,8.212e-05,8.161e-05,8.384e-05,8.44e-05,8.126e-05
browse,1.598e-05,1.537e-05,1.5e-05,1.425e-05,1.412e-05,1.355e-05,1.341e-05,1.269e-05,1.568e-05
issue,0.00019568,0.00019622,0.00019044,0.00018907,0.00018806,0.00018348,0.00018276,0.00018117,0.00019595
range,0.00035777,0.00035741,0.00035089,0.00035176,0.00035047,0.00035371,0.00035744,0.00036067,0.00035759
building,0.00020892,0.00021112,0.00021529,0.00021515,0.00021645,0.00021408,0.00021279,0.00021252,0.00021002
seller,8.72e-06,7.92e-06,7.88e-06,7.88e-06,8.35e-06,7.61e-06,8.08e-06,7.95e-06,8.32e-06
court,7.653e-05,7.576e-05,7.757e-05,7.763e-05,7.969e-05,7.933e-05,8.033e-05,8.164e-05,7.615e-05
february,0.00036827,0.00037611,0.00037831,0.00038269,0.0003825,0.0003831,0.00038686,0.00038865,0.00037219
always,0.00012173,0.0001184,0.00011545,0.00011326,0.00011156,0.000111,0.00010883,0.00010932,0.00012007
result,0.0002848,0.0002826,0.00027604,0.00027504,0.00027352,0.00027362,0.00027483,0.00027184,0.0002837
audio,0.0002714,0.00027309,0.00027377,0.00027307,0.00027686,0.00027895,0.00028077,0.0002775,0.00027224
light,0.00021473,0.00020858,0.00020347,0.0002015,0.00019914,0.00019779,0.00019755,0.00019891,0.00021165
write,0.00015854,0.0001585,0.00014863,0.00015056,0.00014723,0.00014633,0.00014481,0.00014876,0.00015852
war,0.00019616,0.0002005,0.00020787,0.00020757,0.00020795,0.00020921,0.00020928,0.0002116,0.00019833
nov,2.502e-05,2.393e-05,2.212e-05,2.198e-05,2.14e-05,2.101e-05,1.966e-05,1.865e-05,2.447e-05
offer,0.00011705,0.00011713,0.00011757,0.00011447,0.00011262,0.00011252,0.00011447,0.00011406,0.00011709
blue,8.395e-05,8.384e-05,8.272e-05,8.127e-05,8.014e-05,7.979e-05,7.926e-05,7.889e-05,8.389e-05
groups,0.00018034,0.00017942,0.00017772,0.00017876,0.00017956,0.00017967,0.00018017,0.00018026,0.00017988
al,0.00014224,0.00013964,0.00014105,0.00013949,0.00013236,0.00013217,0.00012972,0.00013042,0.00014094
easy,0.00011414,0.00010936,0.00010696,0.00010462,0.00010367,0.00010232,0.00010365,0.00010121,0.00011175
given,0.00048564,0.00047898,0.00047679,0.000477,0.00047721,0.00047933,0.00047999,0.00047839,0.00048231
files,0.0003849,0.00038388,0.00037195,0.00036813,0.00036914,0.00036924,0.00036659,0.0003599,0.00038439
event,0.00018825,0.00018829,0.00018772,0.00018877,0.00019064,0.00019018,0.00018886,0.00019081,0.00018827
release,0.00042558,0.0004254,0.00044164,0.00044394,0.00046264,0.00047232,0.00046948,0.00047564,0.00042549
analysis,0.00067567,0.00068185,0.00067329,0.00067577,0.00067484,0.00067544,0.00067602,0.00067776,0.00067876
request,8.799e-05,8.908e-05,8.848e-05,8.809e-05,8.621e-05,8.618e-05,8.871e-05,8.944e-05,8.853e-05
fax,1.824e-05,1.743e-05,1.697e-05,1.713e-05,1.7e-05,1.675e-05,1.631e-05,1.621e-05,1.784e-05
china,0.00015499,0.00015485,0.00016302,0.00016132,0.00015755,0.00015881,0.00015822,0.00015763,0.00015492
making,0.00026736,0.00026929,0.00026862,0.00027458,0.00027549,0.00028275,0.00027925,0.00027795,0.00026833
picture,6.071e-05,5.864e-05,5.818e-05,5.792e-05,5.904e-05,5.832e-05,5.777e-05,5.749e-05,5.968e-05
needs,0.00012383,0.00011856,0.00011605,0.00011584,0.00011551,0.0001142,0.00011341,0.00011497,0.0001212
possible,0.00039684,0.00039371,0.0003927,0.00038891,0.00038827,0.00038614,0.00038808,0.00038865,0.00039527
might,0.00014902,0.00014677,0.00014575,0.00014328,0.00014086,0.00013871,0.00013779,0.00013653,0.00014789
professional,0.00017485,0.00017514,0.00017226,0.00017452,0.00017379,0.00017419,0.0001724,0.00017017,0.000175
yet,7.959e-05,8.067e-05,7.818e-05,7.733e-05,7.604e-05,7.75e-05,7.637e-05,7.476e-05,8.013e-05
month,9.057e-05,8.749e-05,8.909e-05,8.824e-05,8.743e-05,8.664e-05,8.536e-05,8.562e-05,8.903e-05
major,0.00033485,0.00033601,0.00033922,0.00033629,0.0003403,0.00033985,0.0003419,0.00034049,0.00033543
star,0.00011205,0.00011428,0.00011393,0.00011417,0.00011429,0.00011313,0.00011554,0.00011681,0.00011317
areas,0.00022506,0.00022094,0.00022135,0.00022334,0.00022267,0.0002217,0.00022072,0.00022047,0.000223
future,0.00019729,0.00020129,0.00019741,0.00019756,0.00019975,0.00019703,0.00019419,0.00019264,0.00019929
space,0.00052503,0.00052336,0.00052042,0.00052643,0.00052199,0.00052394,0.0005274,0.00053083,0.00052419
committee,0.00011883,0.00011539,0.00011696,0.00011842,0.00011642,0.00011587,0.00011691,0.00011666,0.00011711
hand,0.00012012,0.00011681,0.00011181,0.00010992,0.00010716,0.0001075,0.00010761,0.00010962,0.00011846
sun,0.00013529,0.00013219,0.00012984,0.000126,0.00012644,0.00012516,0.00012103,0.00011956,0.00013374
cards,0.00019584,0.00019955,0.00020362,0.00020484,0.00020476,0.00020236,0.00020014,0.0001986,0.0001977
problems,0.00041622,0.00041653,0.00041376,0.00041635,0.00041316,0.00041705,0.00041155,0.00041097,0.00041638
london,0.00018357,0.00018275,0.00018044,0.00017997,0.00018138,0.00017982,0.00017819,0.00017628,0.00018316
washington,0.00010656,0.00010572,0.00010605,0.00010629,0.00010367,0.00010217,0.0001003,9.877e-05,0.00010614
meeting,5.199e-05,4.977e-05,5.075e-05,4.882e-05,4.645e-05,4.614e-05,4.542e-05,4.464e-05,5.088e-05
rss,2.05e-05,2.045e-05,2.015e-05,2.062e-05,2.019e-05,2.025e-05,2.012e-05,2.003e-05,2.047e-05
become,0.00023459,0.00023061,0.0002309,0.00023183,0.00023056,0.00023007,0.00023047,0.00023025,0.0002326
interest,0.00017324,0.00017466,0.00017226,0.00017467,0.00017486,0.00017465,0.00017712,0.00017613,0.00017395
id,0.00010252,0.00010001,9.257e-05,9.158e-05,8.409e-05,7.933e-05,7.728e-05,7.507e-05,0.00010127
child,6.232e-05,6.784e-05,6.757e-05,6.611e-05,6.694e-05,6.502e-05,6.295e-05,6.207e-05,6.508e-05
keep,6.28e-05,6.276e-05,6.015e-05,6.171e-05,6.329e-05,6.075e-05,6.112e-05,6.314e-05,6.278e-05
enter,3.294e-05,3.107e-05,3.182e-05,3.245e-05,3.127e-05,3.121e-05,3.125e-05,3.088e-05,3.201e-05
california,0.00032903,0.00032539,0.00032271,0.00032204,0.00032209,0.00031854,0.00031293,0.00031251,0.00032721
porn,1.049e-05,1.062e-05,1.121e-05,1.001e-05,9.87e-06,9.29e-06,8.84e-06,9.17e-06,1.055e-05
share,0.00020036,0.00019352,0.00019181,0.00019301,0.00019277,0.0001949,0.00019648,0.00019891,0.00019694
similar,0.00052778,0.00052684,0.00052149,0.00051885,0.00052169,0.00052394,0.00051856,0.0005186,0.00052731
garden,1.243e-05,1.141e-05,1.076e-05,1.046e-05,1.062e-05,1.066e-05,1.037e-05,1.04e-05,1.192e-05
schools,7.459e-05,7.497e-05,7.333e-05,7.369e-05,7.271e-05,7.187e-05,7.164e-05,7.109e-05,7.478e-05
million,0.00048419,0.00048738,0.00051088,0.00051172,0.00050423,0.00050536,0.00051048,0.00051004,0.00048578
added,0.00020617,0.00020922,0.00021044,0.00021045,0.0002128,0.00020814,0.00020654,0.0002061,0.0002077
reference,0.00020649,0.00020256,0.00019893,0.00019953,0.00019869,0.00019581,0.00019526,0.0001957,0.00020452
companies,0.00035955,0.00036391,0.00036695,0.00036738,0.00035852,0.00035995,0.00035378,0.00035333,0.00036173
listed,0.00010478,0.00010794,0.00011136,0.00011129,0.00010913,0.00010993,0.00011127,0.00011192,0.00010636
baby,9.36e-06,1.046e-05,1.061e-05,1.061e-05,1.002e-05,1.005e-05,9.91e-06,1.009e-05,9.91e-06
learning,0.0003581,0.0003758,0.00039437,0.00039679,0.00040041,0.0004067,0.00040713,0.00041005,0.00036695
energy,0.00019681,0.00019495,0.00018832,0.00019544,0.00019641,0.00019475,0.00019236,0.00019249,0.00019588
run,0.00043656,0.00043079,0.00042937,0.00042666,0.00043153,0.00042695,0.00042512,0.00042121,0.00043368
delivery,9.784e-05,9.922e-05,9.924e-05,9.992e-05,0.00010109,0.00010323,0.00010335,0.00010335,9.853e-05
net,0.00028964,0.00028307,0.00027408,0.00027004,0.00026077,0.00025017,0.00024861,0.00025105,0.00028636
popular,0.00035277,0.00034235,0.00033816,0.00033417,0.00032937,0.00033057,0.00032513,0.00032535,0.00034756
term,0.00056863,0.0005606,0.00054891,0.00054871,0.00055022,0.00054663,0.00054462,0.00053695,0.00056461
film,0.00031902,0.00033443,0.00035059,0.00035525,0.00036641,0.00036909,0.00037269,0.00037611,0.00032672
stories,7.959e-05,7.909e-05,7.712e-05,7.627e-05,7.437e-05,7.491e-05,7.515e-05,7.583e-05,7.934e-05
put,6.571e-05,6.53e-05,6.621e-05,6.368e-05,6.329e-05,6.365e-05,6.128e-05,5.947e-05,6.551e-05
computers,0.00077786,0.000776,0.00076147,0.00075932,0.00076333,0.0007601,0.00075833,0.00077897,0.00077693
journal,0.00042042,0.00041368,0.00040361,0.0004027,0.00039343,0.00038858,0.00038534,0.00038284,0.00041705
reports,0.00011382,0.00011206,0.00010984,0.00011099,0.00010989,0.00010811,0.00010761,0.00010779,0.00011294
co,0.0005105,0.00051179,0.00051452,0.00051991,0.00050529,0.00049455,0.00049387,0.00049536,0.00051114
try,3.487e-05,3.487e-05,3.166e-05,3.048e-05,3.021e-05,2.908e-05,2.85e-05,2.844e-05,3.487e-05
welcome,9.85e-06,8.56e-06,8.64e-06,8.34e-06,8.5e-06,7.46e-06,8.08e-06,7.8e-06,9.21e-06
central,0.00018066,0.00018449,0.00018514,0.00018725,0.00018867,0.00019063,0.00019191,0.00019127,0.00018257
images,0.00033598,0.0003357,0.00032937,0.00032659,0.00032406,0.00032539,0.00032543,0.00032413,0.00033584
president,0.00022345,0.00022475,0.00022862,0.00022849,0.00022889,0.00022763,0.00022605,0.0002223,0.0002241
notice,2.115e-05,2.045e-05,2.076e-05,1.986e-05,2.004e-05,1.979e-05,1.86e-05,1.865e-05,2.08e-05
god,1.986e-05,1.981e-05,2.045e-05,2.032e-05,1.973e-05,1.979e-05,1.982e-05,1.957e-05,1.983e-05
original,0.00055087,0.00055173,0.00056845,0.00056812,0.00057861,0.00058287,0.00058365,0.00058266,0.0005513
head,0.00014724,0.00014756,0.00015029,0.00015208,0.00015224,0.00015333,0.00015121,0.00014983,0.0001474
radio,0.00028609,0.00028529,0.00028726,0.0002899,0.0002893,0.00028839,0.00028855,0.00028881,0.00028569
until,0.00036665,0.00036866,0.0003771,0.00038496,0.00039039,0.00039543,0.00039814,0.00040286,0.00036765
cell,0.00011786,0.00011459,0.00011318,0.00011296,0.00011429,0.0001113,0.00011203,0.00011314,0.00011622
color,0.0003095,0.00030637,0.00031059,0.00031188,0.00031344,0.00030986,0.00031674,0.00031235,0.00030793
self,0.00018147,0.0001818,0.00018908,0.00019104,0.00019246,0.00019231,0.00019358,0.00019463,0.00018164
council,0.00010091,0.00010112,0.00010242,0.00010204,9.927e-05,9.821e-05,9.694e-05,9.663e-05,0.00010101
away,5.554e-05,5.532e-05,5.424e-05,5.428e-05,5.373e-05,5.223e-05,5.259e-05,5.198e-05,5.543e-05
includes,0.00038134,0.00038578,0.00039013,0.00039027,0.00039009,0.00038934,0.00038808,0.00038727,0.00038356
track,9.59e-05,9.399e-05,9.575e-05,9.431e-05,9.411e-05,9.486e-05,9.451e-05,9.357e-05,9.495e-05
australia,0.00021344,0.00021999,0.0002165,0.00021682,0.00021796,0.00021743,0.00021599,0.00021481,0.00021672
discussion,6.555e-05,6.625e-05,6.833e-05,6.641e-05,6.527e-05,6.319e-05,6.25e-05,6.284e-05,6.59e-05
archive,0.00014078,0.00014423,0.00013954,0.00013813,0.00013433,0.00012288,0.00012377,0.00012109,0.0001425
once,0.00015144,0.00014804,0.0001462,0.00014631,0.00014905,0.00014739,0.00014709,0.00014601,0.00014974
others,0.0002588,0.00025819,0.00025983,0.00025927,0.00026077,0.00026159,0.00026431,0.00026358,0.00025849
entertainment,0.00022393,0.00022427,0.00023287,0.00023456,0.00024149,0.00024362,0.00024846,0.0002512,0.0002241
agreement,6.28e-05,6.276e-05,6.378e-05,6.353e-05,6.405e-05,6.243e-05,6.295e-05,6.253e-05,6.278e-05
format,0.00042671,0.00042002,0.00041952,0.00042044,0.00041862,0.0004204,0.00041811,0.000418,0.00042336
least,0.00018857,0.00018639,0.00018347,0.00018285,0.00018017,0.00018119,0.00017941,0.00018224,0.00018748
society,0.00030288,0.00030384,0.00030029,0.00029581,0.00029021,0.00028382,0.0002826,0.00028346,0.00030336
months,7.814e-05,8.004e-05,7.984e-05,8.127e-05,8.151e-05,8.1e-05,8.094e-05,8.317e-05,7.909e-05
log,9.719e-05,9.462e-05,9.06e-05,8.764e-05,8.591e-05,8.42e-05,8.353e-05,8.271e-05,9.59e-05
safety,8.702e-05,8.495e-05,8.545e-05,8.582e-05,8.379e-05,8.359e-05,8.521e-05,8.577e-05,8.599e-05
friends,4.94e-05,4.993e-05,4.879e-05,4.822e-05,4.842e-05,4.705e-05,4.74e-05,4.663e-05,4.966e-05
sure,1.114e-05,1.03e-05,9.54e-06,1.031e-05,9.56e-06,9.59e-06,1.052e-05,1.055e-05,1.072e-05
faq,2.05e-05,1.87e-05,1.818e-05,1.592e-05,1.336e-05,1.157e-05,1.067e-05,1.024e-05,1.96e-05
trade,8.928e-05,8.781e-05,8.484e-05,8.642e-05,8.591e-05,8.694e-05,8.49e-05,8.516e-05,8.855e-05
edition,0.00019148,0.00019368,0.00019893,0.00020423,0.00020734,0.00020388,0.00020471,0.00020396,0.00019258
cars,2.729e-05,2.71e-05,2.727e-05,2.82e-05,2.838e-05,2.817e-05,2.82e-05,2.767e-05,2.719e-05
messages,0.00020004,0.00020018,0.00019878,0.0001962,0.00019565,0.00019612,0.00019831,0.00019738,0.00020011
marketing,0.00011931,0.00012268,0.00011999,0.00012054,0.00012234,0.00012105,0.00012148,0.00012201,0.000121
tell,1.695e-05,1.759e-05,1.712e-05,1.728e-05,1.594e-05,1.629e-05,1.54e-05,1.483e-05,1.727e-05
further,0.00018551,0.00018465,0.00018363,0.0001827,0.00018275,0.00018744,0.00019008,0.00019218,0.00018508
updated,0.00011172,0.0001138,0.0001103,0.00011235,0.00011551,0.00011922,0.00012011,0.00012048,0.00011276
association,0.00030595,0.00030479,0.00030362,0.00030142,0.00030114,0.00029752,0.00029586,0.0002963,0.00030537
able,0.00020714,0.00020779,0.00020332,0.00020347,0.00019854,0.00019596,0.00019419,0.0001905,0.00020746
having,0.00022199,0.00021873,0.00021984,0.00021712,0.00022039,0.0002188,0.00021782,0.00022215,0.00022036
provides,0.00059527,0.00059706,0.00059512,0.00059193,0.00058908,0.00058561,0.00058547,0.00058373,0.00059616
david,0.00023249,0.00023251,0.00023029,0.00022546,0.00022206,0.00021865,0.00021751,0.00021741,0.0002325
fun,1.857e-05,1.823e-05,1.697e-05,1.759e-05,1.746e-05,1.721e-05,1.677e-05,1.682e-05,1.84e-05
already,9.38e-05,9.573e-05,9.515e-05,9.294e-05,9.456e-05,9.471e-05,9.207e-05,9.082e-05,9.477e-05
green,7.75e-05,7.465e-05,7.439e-05,7.52e-05,7.483e-05,7.126e-05,7.103e-05,7.125e-05,7.607e-05
studies,0.00015225,0.0001558,0.00015802,0.00016314,0.00016029,0.00016049,0.00016096,0.00016038,0.00015402
close,9.445e-05,9.478e-05,9.469e-05,9.325e-05,9.289e-05,9.319e-05,9.283e-05,9.357e-05,9.462e-05
common,0.00048516,0.000485,0.00047603,0.00047488,0.00047433,0.00048009,0.00048259,0.0004813,0.00048508
drive,0.00021957,0.00021825,0.00020681,0.00020605,0.00020294,0.00019947,0.00020059,0.00019937,0.00021891
specific,0.00039862,0.00039814,0.00039816,0.00040104,0.00040542,0.0004038,0.00040591,0.0004047,0.00039838
several,0.00073282,0.00073051,0.00072662,0.0007249,0.0007266,0.00072569,0.00072556,0.00072852,0.00073167
gold,5.376e-05,5.452e-05,5.242e-05,4.958e-05,5.13e-05,5.025e-05,5.106e-05,5.061e-05,5.414e-05
feb,1.986e-05,1.965e-05,1.939e-05,1.804e-05,1.594e-05,1.629e-05,1.418e-05,1.407e-05,1.975e-05
living,5.215e-05,5.357e-05,5.454e-05,5.489e-05,5.495e-05,5.482e-05,5.457e-05,5.458e-05,5.286e-05
sep,9.2e-06,8.88e-06,8.64e-06,8.04e-06,8.5e-06,8.83e-06,8.38e-06,8.41e-06,9.04e-06
collection,0.00024121,0.00023584,0.00023332,0.00023274,0.0002336,0.00023753,0.00024236,0.00024294,0.00023853
called,0.00101875,0.0010063,0.0010004,0.00099994,0.00099708,0.00099839,0.00100435,0.0010106,0.00101252
short,0.00022894,0.00023061,0.00023074,0.00023016,0.00022965,0.00022916,0.00023001,0.00023377,0.00022977
arts,0.00011689,0.00012046,0.00011802,0.00011811,0.00011779,0.00011785,0.00011813,0.00011666,0.00011867
lot,2.729e-05,2.583e-05,2.56e-05,2.123e-05,2.11e-05,1.979e-05,1.982e-05,1.988e-05,2.656e-05
ask,2.228e-05,2.092e-05,2.076e-05,2.017e-05,1.973e-05,1.842e-05,1.829e-05,1.804e-05,2.16e-05
display,0.00031822,0.00031747,0.00031286,0.00031067,0.00030737,0.00030651,0.00030607,0.00030242,0.00031784
limited,0.00026575,0.00026532,0.00026741,0.00026973,0.00027473,0.00027575,0.00027955,0.00027811,0.00026554
powered,4.827e-05,4.913e-05,4.894e-05,4.897e-05,4.918e-05,5.025e-05,5.137e-05,5.229e-05,4.87e-05
solutions,0.00025767,0.00025391,0.00024741,0.00024047,0.00023132,0.00022855,0.00022544,0.00022398,0.00025579
means,0.00027027,0.00026976,0.00026362,0.00026048,0.00025561,0.0002558,0.00025471,0.00025227,0.00027002
director,0.00028819,0.00029005,0.00029316,0.00029323,0.00029568,0.00029494,0.00029739,0.00029584,0.00028912
daily,0.00011463,0.00011142,0.00010908,0.00010795,0.00010595,0.00010643,0.00010624,0.00010397,0.00011302
beach,1.437e-05,1.442e-05,1.515e-05,1.456e-05,1.427e-05,1.416e-05,1.448e-05,1.483e-05,1.44e-05
past,0.00010139,0.00010207,9.984e-05,0.00010022,9.927e-05,9.684e-05,9.511e-05,9.387e-05,0.00010173
natural,0.00022458,0.00022839,0.00022938,0.0002297,0.00023117,0.00023525,0.00023794,0.00023805,0.00022649
whether,0.0001537,0.00015263,0.00015408,0.00015283,0.00015224,0.00015379,0.00015288,0.0001535,0.00015317
due,0.00032645,0.00033078,0.00033407,0.00033993,0.00034683,0.00035249,0.00035714,0.00036097,0.00032861
et,0.00013739,0.00013425,0.00013484,0.00013297,0.00012629,0.00012547,0.00012164,0.00012032,0.00013582
electronics,0.00020553,0.00021017,0.00021347,0.0002109,0.00021159,0.00021012,0.00021172,0.00021221,0.00020785
five,0.0001692,0.00016912,0.00017469,0.00017542,0.00017577,0.00017663,0.00017819,0.00017567,0.00016916
upon,0.00016323,0.00016056,0.00016378,0.00016451,0.00016803,0.00016871,0.00016813,0.00017032,0.0001619
period,0.00012642,0.00012537,0.00012484,0.00012584,0.00012401,0.00012075,0.00012301,0.00012491,0.00012589
planning,0.00010074,9.732e-05,9.606e-05,9.704e-05,9.532e-05,9.364e-05,9.588e-05,9.54e-05,9.903e-05
database,0.00065581,0.00064128,0.00064436,0.00065136,0.00064843,0.00064347,0.00064782,0.00064581,0.00064855
says,4.052e-05,3.931e-05,3.606e-05,3.427e-05,3.354e-05,3.167e-05,3.155e-05,3.043e-05,3.991e-05
official,0.00017743,0.00017498,0.00017635,0.00017542,0.00017759,0.00018089,0.00017834,0.00017751,0.0001762
weather,9.461e-05,9.32e-05,9.121e-05,9.021e-05,9.001e-05,8.923e-05,8.795e-05,8.745e-05,9.391e-05
mar,9.85e-06,9.03e-06,8.33e-06,8.49e-06,6.68e-06,6.24e-06,6.25e-06,5.81e-06,9.44e-06
land,5.764e-05,5.801e-05,5.924e-05,6.11e-05,6.132e-05,6.06e-05,6.097e-05,6.131e-05,5.782e-05
average,9.913e-05,0.00010049,9.848e-05,9.719e-05,9.957e-05,9.973e-05,9.862e-05,0.00010198,9.981e-05
done,0.00014966,0.00014756,0.00014802,0.00014571,0.00014465,0.0001445,0.0001445,0.00014203,0.00014861
technical,0.00032807,0.0003292,0.00032922,0.00032917,0.00032679,0.00032478,0.00032284,0.00031923,0.00032863
window,9.978e-05,9.779e-05,9.696e-05,9.643e-05,9.729e-05,9.547e-05,9.572e-05,9.51e-05,9.878e-05
france,9.025e-05,9.209e-05,9.893e-05,9.689e-05,9.866e-05,9.821e-05,9.649e-05,9.816e-05,9.117e-05
pro,9.687e-05,9.748e-05,9.863e-05,0.00010068,0.00010276,0.00010323,0.00010365,0.0001087,9.717e-05
region,0.00011414,0.00011475,0.00011363,0.00011432,0.00011384,0.00011481,0.00011828,0.00011558,0.00011444
island,4.117e-05,4.295e-05,4.454e-05,4.261e-05,4.296e-05,4.294e-05,4.222e-05,4.22e-05,4.206e-05
record,0.00014805,0.00014471,0.00014257,0.00014116,0.00014268,0.00014145,0.0001413,0.00014051,0.00014638
direct,0.00017727,0.00017292,0.00017969,0.00018119,0.00018275,0.00018302,0.00018398,0.0001853,0.0001751
microsoft,0.00089944,0.00090327,0.00091207,0.00092792,0.00094183,0.0009314,0.00091883,0.0009181,0.00090135
conference,0.00036778,0.00037167,0.0003771,0.00037299,0.00036945,0.00036817,0.00036827,0.00036418,0.00036973
environment,0.00038328,0.00038182,0.00037271,0.00037314,0.0003699,0.00037259,0.00036903,0.0003677,0.00038255
records,0.00012609,0.00012807,0.00012757,0.00012948,0.00012962,0.00012866,0.00012972,0.00013026,0.00012708
st,0.00010414,0.00010128,0.00010015,9.977e-05,9.805e-05,9.806e-05,9.633e-05,9.617e-05,0.00010271
district,3.923e-05,3.994e-05,4.151e-05,4.185e-05,4.311e-05,4.4e-05,4.344e-05,4.311e-05,3.959e-05
calendar,3.148e-05,3.154e-05,3.045e-05,2.911e-05,2.899e-05,2.878e-05,2.881e-05,2.813e-05,3.151e-05
costs,5.957e-05,6.213e-05,6.06e-05,5.989e-05,5.92e-05,6.167e-05,6.356e-05,6.36e-05,6.085e-05
style,0.00017146,0.0001707,0.00017347,0.00016921,0.00017045,0.00017191,0.00017057,0.00017384,0.00017108
url,4.295e-05,4.121e-05,4.136e-05,4.139e-05,4.25e-05,3.868e-05,3.841e-05,3.776e-05,4.208e-05
front,8.525e-05,8.448e-05,8.287e-05,8.263e-05,8.287e-05,8.512e-05,8.49e-05,8.47e-05,8.486e-05
statement,6.264e-05,6.086e-05,5.969e-05,6.232e-05,6.011e-05,5.999e-05,6.082e-05,6.116e-05,6.175e-05
update,9.945e-05,0.00010175,0.00010075,0.00010052,9.821e-05,9.669e-05,9.801e-05,9.816e-05,0.0001006
parts,0.00016306,0.00016072,0.00016181,0.00015905,0.00016029,0.00016262,0.00016157,0.00015946,0.00016189
aug,1.728e-05,1.553e-05,1.409e-05,1.395e-05,1.305e-05,1.279e-05,1.189e-05,1.193e-05,1.64e-05
ever,7.895e-05,7.433e-05,7.378e-05,7.46e-05,7.574e-05,7.765e-05,7.743e-05,8.042e-05,7.664e-05
downloads,4.165e-05,4.058e-05,4e-05,3.897e-05,3.992e-05,3.868e-05,3.765e-05,3.761e-05,4.112e-05
early,0.00059042,0.00058818,0.00058406,0.00058586,0.00058453,0.00058804,0.00059599,0.00060025,0.0005893
miles,1.049e-05,1.046e-05,1.151e-05,1.167e-05,1.123e-05,1.096e-05,1.143e-05,1.193e-05,1.048e-05
sound,0.00016936,0.00017419,0.00017241,0.00017133,0.00017152,0.00016901,0.00017011,0.0001691,0.00017177
resource,0.00018341,0.00018354,0.00017999,0.00017861,0.00017577,0.00017389,0.00017392,0.0001746,0.00018348
present,0.00014643,0.00014772,0.00014529,0.00014389,0.00014571,0.00014648,0.00014176,0.00014203,0.00014707
applications,0.0009758,0.00098347,0.00097282,0.00097083,0.00096384,0.00096368,0.00096837,0.00096626,0.00097963
either,0.00032823,0.00033031,0.00032438,0.00032538,0.00032664,0.0003225,0.00032345,0.00032352,0.00032927
ago,9.36e-06,9.03e-06,9.09e-06,8.34e-06,7.89e-06,7.16e-06,7.01e-06,6.57e-06,9.19e-06
document,0.00018793,0.00018069,0.00018196,0.00017952,0.0001788,0.00017982,0.0001756,0.00017384,0.00018431
word,0.00029691,0.00029211,0.00028771,0.00028414,0.00027716,0.00027362,0.00027483,0.00027795,0.00029451
works,0.00025864,0.00026675,0.00026711,0.00027049,0.00026729,0.00026266,0.00025958,0.00026159,0.00026269
material,0.0001135,0.00011174,0.00011211,0.0001125,0.00011262,0.00011283,0.00011219,0.00011207,0.00011262
bill,8.686e-05,8.67e-05,8.954e-05,8.87e-05,8.773e-05,8.725e-05,8.734e-05,8.745e-05,8.678e-05
apr,1.195e-05,1.173e-05,1.03e-05,1.001e-05,1.017e-05,8.98e-06,8.38e-06,7.8e-06,1.184e-05
written,0.000521,0.00051733,0.00051361,0.00051369,0.00051531,0.00051359,0.00051124,0.00051203,0.00051917
talk,4.666e-05,4.612e-05,4.485e-05,4.533e-05,4.371e-05,4.34e-05,4.283e-05,4.311e-05,4.639e-05
federal,0.0001185,0.00011808,0.00011802,0.00011887,0.00011824,0.00011846,0.00011874,0.00011742,0.00011829
hosting,0.00010187,0.00010603,0.0001056,0.00010689,0.00010488,0.00010156,9.969e-05,0.00010137,0.00010395
rules,0.00018873,0.00019099,0.00018378,0.00018149,0.00018093,0.00017937,0.00018047,0.00017919,0.00018986
final,0.00013643,0.00013488,0.0001353,0.0001401,0.00014313,0.00015013,0.0001541,0.00015671,0.00013565
adult,2.535e-05,2.504e-05,2.621e-05,2.653e-05,2.58e-05,2.558e-05,2.607e-05,2.691e-05,2.519e-05
tickets,1.485e-05,1.553e-05,1.53e-05,1.531e-05,1.472e-05,1.416e-05,1.418e-05,1.452e-05,1.519e-05
thing,2.341e-05,2.362e-05,2.257e-05,2.244e-05,2.307e-05,2.254e-05,2.119e-05,2.171e-05,2.352e-05
centre,0.00014385,0.00014788,0.00014802,0.00014783,0.00014526,0.0001445,0.00014206,0.00014219,0.00014587
requirements,0.00018922,0.0001875,0.00018378,0.00018558,0.00018624,0.00018789,0.0001881,0.00018775,0.00018836
via,0.00045303,0.00046233,0.00045861,0.00046229,0.00046173,0.00046578,0.00046643,0.00046968,0.00045768
cheap,1.259e-05,1.03e-05,9.54e-06,9.1e-06,9.41e-06,8.98e-06,9.45e-06,8.87e-06,1.144e-05
nude,1.45e-06,9.5e-07,1.97e-06,1.97e-06,1.82e-06,2.28e-06,2.29e-06,1.68e-06,1.2e-06
kids,1.453e-05,1.458e-05,1.667e-05,1.622e-05,1.503e-05,1.584e-05,1.6e-05,1.407e-05,1.455e-05
finance,4.02e-05,4.184e-05,4.318e-05,4.382e-05,4.326e-05,4.142e-05,4.024e-05,4.097e-05,4.102e-05
true,0.00011705,0.00011903,0.00011772,0.00011948,0.00011991,0.00012075,0.00011905,0.0001191,0.00011804
minutes,3.891e-05,3.804e-05,3.697e-05,3.609e-05,3.612e-05,3.593e-05,3.43e-05,3.409e-05,3.848e-05
else,3.1e-05,3.011e-05,2.924e-05,2.759e-05,2.656e-05,2.604e-05,2.591e-05,2.599e-05,3.056e-05
mark,0.00012932,0.00012711,0.00013014,0.00012615,0.00012355,0.00012516,0.00012194,0.00012048,0.00012821
third,0.00027172,0.0002742,0.00027983,0.00028308,0.00028748,0.000289,0.00029068,0.00028988,0.00027296
rock,4.117e-05,4.042e-05,3.939e-05,3.866e-05,3.901e-05,3.959e-05,3.902e-05,3.853e-05,4.08e-05
gifts,2.91e-06,2.54e-06,2.73e-06,2.73e-06,2.58e-06,3.05e-06,2.9e-06,2.9e-06,2.73e-06
europe,0.00021424,0.00021112,0.00021317,0.00021303,0.00021311,0.00021287,0.0002134,0.00021282,0.00021268
reading,7.717e-05,7.608e-05,7.53e-05,7.445e-05,7.483e-05,7.217e-05,7.057e-05,7.064e-05,7.663e-05
topics,0.00010397,0.00010429,0.00010439,0.00010431,0.00010291,0.00010217,0.00010197,0.0001032,0.00010413
bad,2.922e-05,2.821e-05,2.712e-05,2.729e-05,2.778e-05,2.695e-05,2.667e-05,2.63e-05,2.871e-05
individual,0.00021457,0.0002154,0.00022332,0.00022121,0.00022115,0.00021682,0.0002166,0.00021772,0.00021499
tips,1.292e-05,1.157e-05,1.242e-05,1.228e-05,1.184e-05,1.142e-05,1.143e-05,1.116e-05,1.224e-05
plus,0.00010962,0.00011063,0.00010939,0.00010689,0.00010671,0.00010765,0.00010578,0.00010595,0.00011013
auto,3.471e-05,3.36e-05,3.469e-05,3.487e-05,3.734e-05,3.685e-05,3.917e-05,3.975e-05,3.416e-05
cover,0.00010414,0.00010286,0.00010408,0.00010295,0.00010458,0.00010537,0.00010457,0.00010442,0.0001035
usually,0.00044221,0.00043016,0.00041937,0.00041317,0.00041422,0.0004169,0.00041521,0.00041234,0.00043619
edit,4.327e-05,4.184e-05,4.348e-05,4.261e-05,3.916e-05,3.913e-05,3.933e-05,3.945e-05,4.256e-05
together,0.00025154,0.00024789,0.00025211,0.00025002,0.00024832,0.00024895,0.00024541,0.00024309,0.00024972
videos,0.00010898,0.00011237,0.00011666,0.00012099,0.00011718,0.00011207,0.00011463,0.00011574,0.00011067
percent,3.665e-05,3.725e-05,3.788e-05,3.563e-05,3.491e-05,3.548e-05,3.506e-05,3.394e-05,3.695e-05
fast,0.00015951,0.00015659,0.00015484,0.00015389,0.00015057,0.00014815,0.00014877,0.00014876,0.00015805
function,0.00065645,0.00064714,0.00063966,0.00063772,0.00063719,0.00063585,0.0006434,0.00063908,0.0006518
fact,0.0001156,0.0001092,0.00010848,0.00010598,0.00010473,0.00010415,0.00010289,9.907e-05,0.0001124
unit,0.00026332,0.00026358,0.00026362,0.00026731,0.00026623,0.00026738,0.00026644,0.00026618,0.00026345
getting,2.793e-05,2.694e-05,2.727e-05,2.593e-05,2.474e-05,2.391e-05,2.424e-05,2.37e-05,2.743e-05
global,0.00032548,0.00032333,0.00033089,0.00033038,0.00033013,0.00033468,0.00033595,0.00033376,0.0003244
tech,0.0001177,0.00012173,0.00012196,0.00012342,0.0001234,0.00012105,0.00011828,0.00011558,0.00011972
meet,6.571e-05,6.514e-05,6.575e-05,6.717e-05,6.633e-05,6.639e-05,6.646e-05,6.544e-05,6.543e-05
far,9.396e-05,9.256e-05,9.318e-05,9.34e-05,9.031e-05,8.862e-05,8.78e-05,8.837e-05,9.326e-05
economic,8.88e-05,8.67e-05,8.954e-05,8.9e-05,8.895e-05,8.588e-05,8.49e-05,8.44e-05,8.775e-05
en,6.636e-05,6.039e-05,5.863e-05,5.762e-05,4.994e-05,3.456e-05,3.186e-05,3.18e-05,6.337e-05
player,0.00034889,0.00034711,0.00036392,0.00036707,0.0003699,0.0003665,0.00037269,0.00037443,0.000348
projects,0.00023685,0.00023315,0.00023044,0.00023077,0.00022813,0.00022855,0.00022437,0.00022291,0.000235
lyrics,9.36e-06,8.72e-06,8.64e-06,8.49e-06,8.8e-06,8.83e-06,8.38e-06,8.1e-06,9.04e-06
often,0.00068471,0.00066949,0.00066936,0.00067168,0.00067119,0.00068153,0.00067998,0.00068067,0.0006771
subscribe,1.017e-05,1.046e-05,1.091e-05,1.077e-05,9.87e-06,9.59e-06,9.76e-06,9.78e-06,1.031e-05
submit,1.728e-05,1.633e-05,1.697e-05,1.653e-05,1.563e-05,1.507e-05,1.494e-05,1.483e-05,1.68e-05
germany,0.0001319,0.00013441,0.00013939,0.00013858,0.00013767,0.00013582,0.00013368,0.00013408,0.00013316
amount,0.00014918,0.00014344,0.00013863,0.00014374,0.00014313,0.000141,0.00014206,0.00014142,0.00014631
watch,5.102e-05,5.183e-05,5.272e-05,5.125e-05,4.933e-05,4.933e-05,4.908e-05,4.77e-05,5.143e-05
included,0.00037844,0.00038245,0.00038558,0.00038997,0.00039115,0.00038949,0.00039601,0.00039782,0.00038044
feel,3.019e-05,3.043e-05,3.03e-05,2.896e-05,2.717e-05,2.573e-05,2.667e-05,2.706e-05,3.031e-05
though,0.00020585,0.0002005,0.00019529,0.00019786,0.00019914,0.00020038,0.00020181,0.00019998,0.00020317
bank,8.412e-05,8.717e-05,8.772e-05,8.567e-05,8.47e-05,8.283e-05,8.231e-05,8.027e-05,8.564e-05
risk,9.671e-05,9.874e-05,9.909e-05,9.946e-05,9.836e-05,0.00010065,9.893e-05,9.785e-05,9.773e-05
thanks,1.437e-05,1.411e-05,1.454e-05,1.289e-05,1.366e-05,1.325e-05,1.341e-05,1.269e-05,1.424e-05
everything,2.938e-05,2.9e-05,2.788e-05,2.85e-05,2.793e-05,2.771e-05,2.607e-05,2.599e-05,2.919e-05
deals,4.408e-05,4.137e-05,4.197e-05,4.291e-05,4.22e-05,4.126e-05,4.009e-05,3.96e-05,4.272e-05
various,0.00053666,0.00054,0.00054209,0.00054614,0.00054795,0.00054876,0.0005588,0.00056814,0.00053833
words,0.00021683,0.00020842,0.00020559,0.00020181,0.0002037,0.00020373,0.00020776,0.00020701,0.00021262
linux,0.00049517,0.00050243,0.00049391,0.00049049,0.00048586,0.00048846,0.00048823,0.00048772,0.0004988
jul,5.97e-06,5.86e-06,5.61e-06,5.31e-06,5.01e-06,4.57e-06,4.88e-06,5.2e-06,5.92e-06
production,0.00023136,0.00023125,0.00023514,0.00023456,0.00023815,0.00023936,0.00024007,0.00024157,0.00023131
commercial,0.00031031,0.00030637,0.0003071,0.00031067,0.00031662,0.0003161,0.00031293,0.00031358,0.00030834
james,0.00010268,0.00010366,0.00010727,0.00010902,0.00010944,0.00010948,0.00011112,0.00011069,0.00010317
weight,5.748e-05,5.611e-05,5.621e-05,5.473e-05,5.419e-05,5.466e-05,5.64e-05,5.458e-05,5.68e-05
town,3.455e-05,3.471e-05,3.394e-05,3.32e-05,3.339e-05,3.319e-05,3.201e-05,3.18e-05,3.463e-05
heart,3.084e-05,3.17e-05,3.424e-05,3.427e-05,3.461e-05,3.304e-05,3.262e-05,3.287e-05,3.127e-05
advertising,9.865e-05,0.00010255,0.00010393,0.00010371,0.00010261,0.00010263,0.00010197,0.00010228,0.0001006
received,0.00041832,0.00041875,0.00043346,0.00044137,0.00044853,0.00045283,0.00045911,0.00045668,0.00041854
choose,5.102e-05,5.104e-05,5.197e-05,5.231e-05,5.146e-05,5.238e-05,5.198e-05,5.137e-05,5.103e-05
treatment,3.342e-05,3.249e-05,3.303e-05,3.26e-05,3.339e-05,3.304e-05,3.201e-05,3.272e-05,3.295e-05
newsletter,2.519e-05,2.362e-05,2.409e-05,2.335e-05,2.383e-05,2.299e-05,2.241e-05,2.156e-05,2.441e-05
archives,6.797e-05,6.831e-05,6.606e-05,6.565e-05,6.679e-05,6.41e-05,6.356e-05,6.559e-05,6.814e-05
points,0.00025574,0.00025106,0.00024862,0.00025033,0.00024999,0.00025047,0.00025059,0.00025303,0.0002534
knowledge,0.00030353,0.00029258,0.00029998,0.00029733,0.0002975,0.00029676,0.00029693,0.00029997,0.00029805
magazine,0.00061076,0.00059896,0.00059224,0.00058541,0.00058119,0.00057053,0.00056718,0.00056416,0.00060486
error,0.00021005,0.00021254,0.0002115,0.00021106,0.00021204,0.00020738,0.00020562,0.00020487,0.0002113
camera,0.00011818,0.00011364,0.00011333,0.00011296,0.00011521,0.00011526,0.00011417,0.00011085,0.00011591
jun,1.211e-05,1.125e-05,1.03e-05,1.001e-05,9.71e-06,9.44e-06,9.15e-06,8.87e-06,1.168e-05
girl,1.518e-05,1.537e-05,1.545e-05,1.592e-05,1.579e-05,1.568e-05,1.616e-05,1.468e-05,1.527e-05
currently,0.00039378,0.0003815,0.00037604,0.00036798,0.00035745,0.00034716,0.00033443,0.00032306,0.00038764
construction,0.00011092,0.00010968,0.00010908,0.00011023,0.00011035,0.00010917,0.00010929,0.00010809,0.0001103
toys,1.469e-05,1.49e-05,1.515e-05,1.531e-05,1.503e-05,1.477e-05,1.463e-05,1.468e-05,1.479e-05
registered,0.00010091,0.00010239,9.878e-05,9.613e-05,9.578e-05,9.73e-05,9.862e-05,9.846e-05,0.00010165
clear,4.989e-05,4.676e-05,4.53e-05,4.533e-05,4.417e-05,4.507e-05,4.42e-05,4.449e-05,4.832e-05
golf,1.663e-05,1.379e-05,1.212e-05,1.243e-05,1.26e-05,1.249e-05,1.235e-05,1.315e-05,1.521e-05
receive,8.508e-05,8.495e-05,8.469e-05,8.582e-05,8.758e-05,8.816e-05,8.826e-05,8.699e-05,8.501e-05
domain,0.00047821,0.00047565,0.00046043,0.00046153,0.00046568,0.00046958,0.00047054,0.00046983,0.00047693
methods,0.00045254,0.00044981,0.00044876,0.00045304,0.0004587,0.00046197,0.0004585,0.00046173,0.00045117
chapter,5.812e-05,5.817e-05,5.636e-05,5.64e-05,5.54e-05,5.451e-05,5.564e-05,5.688e-05,5.814e-05
makes,0.00017469,0.00016816,0.00016757,0.00016602,0.00016271,0.0001617,0.00015913,0.00015946,0.00017143
protection,0.00013416,0.00013995,0.00013757,0.00013631,0.00013828,0.00013765,0.00013597,0.00013714,0.00013705
policies,5.441e-05,5.706e-05,5.727e-05,5.913e-05,5.935e-05,5.847e-05,5.99e-05,5.917e-05,5.574e-05
loan,6.78e-06,6.18e-06,6.21e-06,6.67e-06,7.29e-06,8.22e-06,8.38e-06,8.1e-06,6.48e-06
wide,0.00028883,0.00028973,0.00028771,0.00028353,0.00028065,0.00028077,0.0002826,0.00028315,0.00028928
beauty,1.017e-05,1.046e-05,1.015e-05,1.031e-05,1.002e-05,9.9e-06,1.021e-05,1.04e-05,1.031e-05
manager,0.00014321,0.00014518,0.00014529,0.00014267,0.00014207,0.00014039,0.00013947,0.00013944,0.0001442
india,0.00015467,0.00016531,0.00017408,0.00017406,0.00017212,0.00016703,0.00016843,0.00016711,0.00015999
position,0.00015015,0.00014693,0.0001459,0.00014586,0.00014602,0.00014496,0.00014557,0.00014586,0.00014854
taken,0.00012787,0.00012743,0.00012711,0.00012721,0.00012598,0.00012577,0.00012484,0.00012323,0.00012765
sort,5.053e-05,5.151e-05,5.242e-05,5.367e-05,5.176e-05,5.07e-05,5.045e-05,5.076e-05,5.102e-05
listings,1.841e-05,1.902e-05,1.879e-05,1.85e-05,1.821e-05,1.903e-05,1.936e-05,1.865e-05,1.871e-05
models,0.00048645,0.00048246,0.00049043,0.00048534,0.0004886,0.00049227,0.00049493,0.00050255,0.00048445
michael,0.00015548,0.00015564,0.00015742,0.00015738,0.00015497,0.00015394,0.00015349,0.00015396,0.00015556
known,0.00144223,0.00146277,0.00147416,0.00149331,0.00151269,0.00151838,0.00153083,0.00154327,0.0014525
half,0.00010688,0.00010572,0.00010802,0.00010765,0.00010974,0.00011085,0.00011081,0.00010993,0.0001063
cases,0.00018308,0.00018243,0.00018363,0.00018407,0.0001832,0.000185,0.00018535,0.00018377,0.00018275
step,0.00010979,0.00010667,0.00010302,0.00010204,9.987e-05,0.00010247,0.00010472,0.00010213,0.00010823
engineering,0.00069762,0.00070769,0.00071299,0.00071838,0.00072508,0.00071884,0.00072357,0.00071889,0.00070265
florida,5.296e-05,5.357e-05,5.394e-05,5.064e-05,4.948e-05,5.009e-05,4.969e-05,4.877e-05,5.326e-05
simple,0.00030223,0.00029401,0.00028847,0.00028368,0.00028293,0.00028306,0.00028214,0.00028223,0.00029812
quick,3.245e-05,3.297e-05,3.409e-05,3.457e-05,3.43e-05,3.304e-05,3.17e-05,3.119e-05,3.271e-05
none,2.26e-05,2.203e-05,2.06e-05,2.032e-05,1.912e-05,1.964e-05,1.905e-05,1.896e-05,2.231e-05
wireless,0.0003187,0.0003124,0.00030862,0.00031158,0.00031025,0.00031062,0.00030684,0.00030746,0.00031555
license,0.00024169,0.0002444,0.00024938,0.00025048,0.0002462,0.00024697,0.00024678,0.0002489,0.00024305
paul,0.00010866,0.00010714,0.00010802,0.00010613,0.00010701,0.00010476,0.00010243,0.00010228,0.0001079
friday,1.55e-05,1.633e-05,1.606e-05,1.516e-05,1.442e-05,1.431e-05,1.296e-05,1.269e-05,1.591e-05
lake,2.389e-05,2.536e-05,2.56e-05,2.744e-05,2.854e-05,2.878e-05,2.835e-05,2.828e-05,2.463e-05
whole,9.59e-05,9.621e-05,9.515e-05,9.234e-05,9.122e-05,8.938e-05,8.917e-05,8.852e-05,9.606e-05
annual,0.0001319,0.00013124,0.00013211,0.00013039,0.00012841,0.00012958,0.00012987,0.00012873,0.00013157
published,0.00101778,0.00103768,0.00107418,0.00107575,0.00108891,0.00109721,0.00111226,0.00112191,0.00102773
later,0.00073024,0.00073558,0.00074738,0.00075704,0.00078868,0.00080182,0.00080771,0.0008198,0.00073291
basic,0.00033178,0.00033522,0.00032741,0.00032947,0.00032846,0.00032813,0.00032741,0.00032611,0.0003335
sony,0.00011592,0.00011364,0.00011469,0.00011205,0.00011278,0.00011405,0.00011371,0.0001136,0.00011478
shows,9.364e-05,9.256e-05,9.378e-05,9.234e-05,9.229e-05,9.425e-05,9.481e-05,9.556e-05,9.31e-05
corporate,9.041e-05,8.749e-05,8.666e-05,8.642e-05,8.485e-05,8.359e-05,8.185e-05,8.149e-05,8.895e-05
google,0.00047757,0.00050481,0.0005083,0.00051718,0.00051152,0.00050232,0.00049493,0.00049705,0.00049119
church,3.875e-05,3.867e-05,3.621e-05,3.897e-05,3.688e-05,3.685e-05,3.674e-05,3.608e-05,3.871e-05
method,0.00062707,0.00062416,0.0006133,0.000613,0.00060927,0.00061484,0.00061383,0.00061446,0.00062561
purchase,6.49e-05,6.704e-05,6.833e-05,6.777e-05,6.663e-05,6.608e-05,6.89e-05,6.926e-05,6.597e-05
customers,0.00015531,0.00015406,0.00015393,0.00015587,0.00015285,0.00015135,0.00015121,0.00014662,0.00015469
active,0.00022328,0.00022982,0.00022787,0.00023061,0.00023405,0.00023449,0.00023763,0.00023897,0.00022655
response,0.000165,0.00016753,0.00017105,0.00017194,0.00017,0.00017206,0.00017301,0.00017475,0.00016626
practice,0.00017727,0.00017783,0.00017802,0.00017785,0.00017562,0.00017739,0.00017743,0.0001772,0.00017755
hardware,0.00058009,0.00058644,0.00057603,0.00058328,0.00058574,0.00058348,0.00058319,0.0005897,0.00058327
figure,4.295e-05,4.295e-05,4.424e-05,4.382e-05,4.25e-05,4.263e-05,4.466e-05,4.526e-05,4.295e-05
materials,9.994e-05,9.906e-05,9.802e-05,9.886e-05,9.912e-05,9.943e-05,9.984e-05,9.938e-05,9.95e-05
fire,6.297e-05,6.435e-05,6.424e-05,6.247e-05,6.223e-05,6.014e-05,6.006e-05,5.993e-05,6.366e-05
holiday,7.59e-06,7.13e-06,8.48e-06,7.73e-06,7.44e-06,7.16e-06,7.01e-06,6.57e-06,7.36e-06
chat,8.04e-05,8.083e-05,7.621e-05,7.915e-05,7.696e-05,7.4e-05,7.408e-05,7.43e-05,8.061e-05
enough,7.846e-05,7.624e-05,7.666e-05,7.642e-05,7.559e-05,7.598e-05,7.545e-05,7.507e-05,7.735e-05
designed,0.00077544,0.00077838,0.00077389,0.00077144,0.00077137,0.0007735,0.00077692,0.00078402,0.00077691
along,0.00026413,0.00026295,0.0002612,0.0002664,0.00027154,0.00027377,0.00027406,0.00027291,0.00026354
among,0.00034243,0.00033934,0.00034362,0.00034524,0.00034865,0.00034853,0.0003483,0.00035012,0.00034088
death,5.635e-05,5.579e-05,5.636e-05,5.944e-05,6.071e-05,6.243e-05,6.402e-05,6.33e-05,5.607e-05
writing,0.00015612,0.00015533,0.00015302,0.00015071,0.00015224,0.00015242,0.00015014,0.0001506,0.00015573
speed,0.0002475,0.00024599,0.00024605,0.00024623,0.00024832,0.00024758,0.00024937,0.00024921,0.00024675
html,0.00022861,0.00020779,0.00019302,0.00018194,0.00014389,0.00011054,0.00010548,0.00010182,0.0002182
countries,0.00020294,0.00020208,0.00020014,0.00020211,0.00020066,0.00020282,0.00020349,0.00020334,0.00020251
loss,6.765e-05,6.879e-05,7.197e-05,7.293e-05,7.498e-05,7.476e-05,7.408e-05,7.369e-05,6.822e-05
face,7.976e-05,8.242e-05,8.378e-05,8.369e-05,8.485e-05,8.375e-05,8.262e-05,8.47e-05,8.109e-05
brand,0.00013626,0.00013853,0.00014105,0.0001454,0.00014845,0.00014831,0.00014831,0.00015014,0.0001374
discount,5.65e-06,5.55e-06,6.21e-06,6.37e-06,6.68e-06,6.85e-06,6.55e-06,6.27e-06,5.6e-06
higher,0.00024169,0.00024044,0.00024165,0.00024396,0.00024331,0.00023936,0.0002384,0.00023713,0.00024106
effects,0.00015451,0.00015834,0.00016105,0.00016087,0.00015953,0.00015912,0.00015974,0.0001613,0.00015643
created,0.00066776,0.00067472,0.00067799,0.00068002,0.00067787,0.00068092,0.00067967,0.00068158,0.00067124
remember,8.72e-06,9.19e-06,9.24e-06,8.79e-06,8.2e-06,7.92e-06,8.23e-06,7.34e-06,8.95e-06
standards,0.0002827,0.00028181,0.00028301,0.00028702,0.00029021,0.00029341,0.00029358,0.00029126,0.00028226
oil,2.438e-05,2.409e-05,2.409e-05,2.487e-05,2.55e-05,2.497e-05,2.546e-05,2.416e-05,2.424e-05
bit,0.00060641,0.00060054,0.00058724,0.00057737,0.00057936,0.00058211,0.00058471,0.0005822,0.00060348
yellow,2.18e-05,2.156e-05,2.167e-05,2.108e-05,2.095e-05,2.132e-05,2.119e-05,2.14e-05,2.168e-05
political,0.00010268,0.00010588,0.00010681,0.00010902,0.00010807,0.00010963,0.00011036,0.00011008,0.00010428
increase,0.00011156,0.00011079,0.0001153,0.00011372,0.00011369,0.00011526,0.0001128,0.00011268,0.00011118
advertise,5.33e-06,5.07e-06,4.85e-06,5e-06,5.01e-06,5.02e-06,5.18e-06,5.35e-06,5.2e-06
kingdom,0.00013303,0.00013631,0.00013863,0.00014101,0.00014587,0.00014587,0.00014801,0.00014907,0.00013467
base,0.00019213,0.00019115,0.00018832,0.00019316,0.00018958,0.00018531,0.0001855,0.00018316,0.00019164
near,9.316e-05,9.399e-05,9.515e-05,9.416e-05,9.107e-05,8.923e-05,9.024e-05,8.929e-05,9.357e-05
environmental,6.216e-05,6.118e-05,6.091e-05,6.11e-05,5.95e-05,5.954e-05,5.99e-05,5.963e-05,6.167e-05
thought,6.862e-05,6.641e-05,6.56e-05,6.535e-05,6.587e-05,6.639e-05,6.692e-05,6.666e-05,6.752e-05
stuff,5.97e-06,7.13e-06,6.06e-06,5.76e-06,5.31e-06,5.02e-06,4.88e-06,4.89e-06,6.55e-06
french,0.00014886,0.00015358,0.00015651,0.00015541,0.00015543,0.00015531,0.00015593,0.00015763,0.00015122
storage,0.00047402,0.00047406,0.00046679,0.00046729,0.00046021,0.00046258,0.00046338,0.0004631,0.00047404
oh,6.62e-06,6.82e-06,8.64e-06,8.79e-06,8.04e-06,7.92e-06,7.77e-06,7.49e-06,6.72e-06
japan,0.00027608,0.00027166,0.00027862,0.00028095,0.0002937,0.00029554,0.00029906,0.00029508,0.00027387
doing,4.973e-05,5.024e-05,5.075e-05,4.822e-05,4.736e-05,4.766e-05,4.817e-05,4.862e-05,4.999e-05
loans,2.74e-06,2.85e-06,3.79e-06,3.64e-06,3.79e-06,3.81e-06,3.81e-06,4.13e-06,2.79e-06
shoes,3.07e-06,3.17e-06,3.79e-06,3.79e-06,3.49e-06,3.35e-06,3.66e-06,3.21e-06,3.12e-06
entry,0.00010397,0.00010271,0.00010545,0.00010522,0.00010701,0.00010872,0.00010761,0.00010733,0.00010334
stay,1.34e-05,1.284e-05,1.258e-05,1.258e-05,1.29e-05,1.279e-05,1.311e-05,1.284e-05,1.312e-05
nature,0.00012319,0.00012315,0.00012348,0.00011751,0.00012143,0.00012029,0.0001192,0.00011956,0.00012317
orders,3.084e-05,3.122e-05,3.03e-05,2.987e-05,2.884e-05,2.939e-05,2.942e-05,3.134e-05,3.103e-05
availability,6.991e-05,7.037e-05,7.212e-05,7.081e-05,7.179e-05,7.293e-05,7.499e-05,7.522e-05,7.014e-05
africa,5.683e-05,5.817e-05,5.863e-05,5.853e-05,5.904e-05,5.847e-05,5.853e-05,5.84e-05,5.75e-05
summary,2.147e-05,2.187e-05,2e-05,1.88e-05,1.791e-05,1.781e-05,1.86e-05,1.835e-05,2.167e-05
turn,0.00010623,0.0001073,0.00010954,0.0001125,0.00011156,0.00011298,0.0001128,0.00011344,0.00010677
mean,6.426e-05,6.245e-05,6.197e-05,6.11e-05,5.95e-05,5.969e-05,5.96e-05,6.024e-05,6.335e-05
growth,7.007e-05,6.942e-05,7.045e-05,7.05e-05,7.392e-05,7.339e-05,7.347e-05,7.323e-05,6.974e-05
notes,7.54e-05,7.449e-05,7.121e-05,7.035e-05,6.952e-05,6.898e-05,6.829e-05,6.712e-05,7.495e-05
agency,0.00012593,0.0001287,0.00013363,0.000136,0.00013752,0.00013749,0.00013795,0.00013882,0.00012732
king,5.764e-05,5.642e-05,5.742e-05,5.686e-05,5.707e-05,5.771e-05,5.807e-05,5.871e-05,5.703e-05
monday,1.292e-05,1.268e-05,1.273e-05,1.258e-05,1.26e-05,1.294e-05,1.25e-05,1.238e-05,1.28e-05
european,0.00023265,0.00023331,0.00023726,0.00024214,0.00024225,0.00024073,0.00024053,0.00024615,0.00023298
activity,0.00011334,0.00011523,0.00011954,0.00011978,0.00011854,0.0001212,0.00012331,0.00012399,0.00011428
copy,9.881e-05,9.573e-05,9.151e-05,9.325e-05,9.229e-05,9.197e-05,9.13e-05,9.235e-05,9.727e-05
although,0.00038764,0.00038499,0.00037498,0.00037268,0.00037415,0.00037,0.00037284,0.0003732,0.00038632
drug,3.035e-05,2.996e-05,2.985e-05,3.078e-05,3.172e-05,3.167e-05,3.11e-05,3.18e-05,3.015e-05
pics,2.58e-06,2.85e-06,2.73e-06,2.43e-06,2.43e-06,2.28e-06,2.29e-06,2.29e-06,2.71e-06
western,7.411e-05,7.433e-05,7.484e-05,7.566e-05,7.65e-05,7.644e-05,7.667e-05,7.797e-05,7.422e-05
income,1.534e-05,1.617e-05,1.53e-05,1.44e-05,1.579e-05,1.584e-05,1.616e-05,1.728e-05,1.576e-05
force,0.00013804,0.00013916,0.00013833,0.00013782,0.00013904,0.00014054,0.00013871,0.00013684,0.0001386
cash,3.956e-05,4.042e-05,4.015e-05,3.927e-05,3.81e-05,3.685e-05,3.613e-05,3.562e-05,3.999e-05
employment,1.421e-05,1.49e-05,1.379e-05,1.38e-05,1.396e-05,1.386e-05,1.418e-05,1.437e-05,1.455e-05
overall,8.476e-05,8.274e-05,8.454e-05,8.294e-05,8.287e-05,8.512e-05,8.597e-05,8.623e-05,8.375e-05
bay,3.81e-05,3.867e-05,3.591e-05,3.578e-05,3.582e-05,3.426e-05,3.353e-05,3.394e-05,3.838e-05
river,2.567e-05,2.599e-05,2.394e-05,2.335e-05,2.277e-05,2.284e-05,2.347e-05,2.4e-05,2.583e-05
commission,6.781e-05,6.562e-05,6.53e-05,6.641e-05,6.724e-05,6.852e-05,6.935e-05,7.14e-05,6.672e-05
ad,8.024e-05,8.099e-05,8.242e-05,8.263e-05,8.212e-05,8.009e-05,7.789e-05,7.706e-05,8.061e-05
package,0.00017324,0.00017688,0.00017529,0.00017664,0.00017288,0.00017389,0.00017118,0.00017292,0.00017506
contents,6.071e-05,6.102e-05,5.954e-05,5.853e-05,5.783e-05,5.695e-05,5.594e-05,5.565e-05,6.087e-05
seen,0.00012868,0.00012902,0.00012514,0.00012433,0.00012386,0.00012455,0.00012423,0.00012246,0.00012885
players,0.00022328,0.00023188,0.00023862,0.00024896,0.00025287,0.00025854,0.00025974,0.00025884,0.00022758
engine,0.00035051,0.00035487,0.0003618,0.00036025,0.00036231,0.00036285,0.00035561,0.00035593,0.00035269
port,0.00017985,0.00018195,0.00018226,0.00018422,0.00018305,0.0001847,0.00018657,0.00018821,0.0001809
album,3.068e-05,2.837e-05,2.954e-05,2.941e-05,3.051e-05,3.091e-05,2.927e-05,2.89e-05,2.952e-05
regional,7.071e-05,7.227e-05,7.378e-05,7.384e-05,7.346e-05,7.461e-05,7.362e-05,7.14e-05,7.149e-05
stop,5.053e-05,5.104e-05,5.015e-05,5.079e-05,5.1e-05,5.086e-05,5.106e-05,5.015e-05,5.078e-05
supplies,2.002e-05,2.06e-05,2.121e-05,2.123e-05,2.064e-05,2.086e-05,2.104e-05,2.079e-05,2.031e-05
started,0.00024912,0.00024741,0.00025029,0.00024547,0.00024771,0.00024865,0.00024693,0.00024264,0.00024827
administration,8.089e-05,8.194e-05,8.227e-05,8.46e-05,8.379e-05,8.466e-05,8.307e-05,8.302e-05,8.142e-05
bar,4.165e-05,4.264e-05,4.136e-05,4.018e-05,3.977e-05,4.02e-05,3.811e-05,3.776e-05,4.214e-05
institute,0.00050631,0.00051194,0.00052179,0.00052112,0.00052032,0.00051572,0.00051917,0.00051692,0.00050913
views,5.715e-05,5.579e-05,5.636e-05,5.777e-05,5.844e-05,5.771e-05,5.579e-05,5.672e-05,5.647e-05
plans,7.088e-05,6.831e-05,6.757e-05,6.55e-05,6.238e-05,6.319e-05,6.28e-05,6.314e-05,6.96e-05
double,7.491e-05,7.338e-05,7.333e-05,7.293e-05,7.331e-05,7.248e-05,7.179e-05,7.247e-05,7.415e-05
dog,1.695e-05,1.87e-05,1.879e-05,1.941e-05,1.928e-05,1.934e-05,1.982e-05,1.957e-05,1.782e-05
build,0.00015144,0.00015279,0.00015514,0.00015587,0.00015543,0.00015348,0.00015045,0.0001457,0.00015212
screen,0.00022183,0.00021666,0.0002115,0.00020878,0.00020764,0.00020419,0.00020166,0.00019937,0.00021925
exchange,0.00024653,0.00025233,0.00025135,0.00025548,0.00025697,0.00026037,0.0002608,0.00026114,0.00024943
types,0.00033146,0.00032555,0.00032786,0.00032735,0.00032649,0.00032722,0.00032513,0.00032459,0.0003285
soon,6.329e-05,6.245e-05,6.181e-05,5.913e-05,5.996e-05,6.06e-05,5.975e-05,6.009e-05,6.287e-05
sponsored,5.99e-05,6.039e-05,6.015e-05,6.004e-05,5.95e-05,5.771e-05,5.762e-05,5.657e-05,6.015e-05
lines,0.00016565,0.00016389,0.00016105,0.00016618,0.00016575,0.00016353,0.0001634,0.0001642,0.00016477
electronic,0.00042736,0.00042747,0.00042195,0.0004209,0.0004212,0.00042223,0.0004236,0.00042152,0.00042741
continue,6.652e-05,6.578e-05,6.894e-05,7.066e-05,7.012e-05,6.867e-05,6.615e-05,6.544e-05,6.615e-05
across,0.00027624,0.00028133,0.0002821,0.00028459,0.00028536,0.00028519,0.00028611,0.00029003,0.00027879
benefits,4.86e-05,4.929e-05,4.712e-05,4.7e-05,4.766e-05,4.842e-05,4.908e-05,4.801e-05,4.894e-05
needed,0.00014143,0.00013694,0.0001359,0.00013616,0.00013296,0.00013445,0.00013383,0.00013515,0.00013919
season,5.376e-05,5.674e-05,6.257e-05,6.353e-05,6.648e-05,6.837e-05,6.874e-05,6.972e-05,5.525e-05
apply,6.28e-05,6.134e-05,6.166e-05,5.944e-05,5.935e-05,5.908e-05,5.777e-05,5.932e-05,6.207e-05
someone,2.712e-05,2.694e-05,2.742e-05,2.684e-05,2.55e-05,2.528e-05,2.378e-05,2.293e-05,2.703e-05
held,0.00023895,0.00023457,0.00023483,0.00023243,0.00023071,0.00022931,0.00023001,0.00023239,0.00023676
ny,2.034e-05,1.839e-05,1.773e-05,1.668e-05,1.548e-05,1.416e-05,1.357e-05,1.254e-05,1.936e-05
anything,2.874e-05,2.758e-05,2.667e-05,2.532e-05,2.611e-05,2.573e-05,2.515e-05,2.507e-05,2.816e-05
printer,5.102e-05,5.024e-05,4.772e-05,4.731e-05,4.614e-05,4.842e-05,4.832e-05,4.938e-05,5.063e-05
condition,7.782e-05,7.671e-05,7.56e-05,7.627e-05,7.529e-05,7.537e-05,7.423e-05,7.599e-05,7.726e-05
effective,9.477e-05,9.51e-05,9.378e-05,9.416e-05,9.411e-05,9.288e-05,9.42e-05,9.326e-05,9.493e-05
believe,2.131e-05,2.108e-05,2.121e-05,2.153e-05,2.155e-05,2.086e-05,2.104e-05,1.972e-05,2.12e-05
organization,0.00027963,0.00028735,0.00028923,0.00028944,0.0002893,0.0002925,0.00029525,0.0002937,0.00028349
effect,0.0001382,0.00013948,0.00014211,0.00014086,0.00014146,0.00014267,0.000141,0.00014173,0.00013884
asked,2.551e-05,2.473e-05,2.424e-05,2.32e-05,2.307e-05,2.269e-05,2.225e-05,2.217e-05,2.512e-05
eur,4.52e-06,4.75e-06,4.55e-06,3.94e-06,3.49e-06,3.35e-06,3.2e-06,2.6e-06,4.64e-06
mind,6.087e-05,5.991e-05,5.954e-05,5.898e-05,5.859e-05,5.816e-05,5.716e-05,5.58e-05,6.039e-05
sunday,1.776e-05,1.633e-05,1.621e-05,1.456e-05,1.427e-05,1.416e-05,1.341e-05,1.345e-05,1.705e-05
selection,8.137e-05,8.258e-05,8.136e-05,8.127e-05,8.105e-05,7.963e-05,7.911e-05,7.935e-05,8.198e-05
casino,5.33e-06,6.34e-06,6.36e-06,6.37e-06,6.07e-06,7e-06,7.01e-06,7.03e-06,5.84e-06
pdf,0.00014434,0.00014043,0.00013257,0.00012948,0.0001234,0.00011146,0.00010274,9.663e-05,0.00014238
lost,6.652e-05,6.53e-05,6.575e-05,6.595e-05,6.542e-05,6.715e-05,6.615e-05,6.483e-05,6.591e-05
tour,2.18e-05,2.156e-05,2.076e-05,1.971e-05,1.897e-05,1.979e-05,1.951e-05,1.926e-05,2.168e-05
menu,3.326e-05,3.297e-05,3.348e-05,3.23e-05,3.051e-05,3e-05,3.079e-05,2.966e-05,3.311e-05
volume,0.00017404,0.00016959,0.00016726,0.00016466,0.00016362,0.00015912,0.00015731,0.00015534,0.00017182
cross,0.00017146,0.00017149,0.0001762,0.00017633,0.00017774,0.00017739,0.00017621,0.00017506,0.00017147
anyone,4.101e-05,4.026e-05,3.985e-05,3.806e-05,3.628e-05,3.533e-05,3.445e-05,3.409e-05,4.063e-05
mortgage,1.94e-06,2.06e-06,2.12e-06,2.27e-06,2.58e-06,2.44e-06,2.59e-06,2.6e-06,2e-06
hope,1.695e-05,1.569e-05,1.515e-05,1.577e-05,1.624e-05,1.614e-05,1.616e-05,1.544e-05,1.632e-05
silver,2.89e-05,3.107e-05,3e-05,3.017e-05,3.096e-05,3.045e-05,3.064e-05,3.027e-05,2.998e-05
corporation,0.00035422,0.0003563,0.0003474,0.00034645,0.00035533,0.00035615,0.00036064,0.00036709,0.00035526
wish,1.986e-05,1.854e-05,1.909e-05,1.819e-05,1.791e-05,1.797e-05,1.768e-05,1.804e-05,1.92e-05
inside,0.00010833,0.00010746,0.00010757,0.00010674,0.00010868,0.00010521,0.00010396,0.00010289,0.00010789
solution,0.00026365,0.00025439,0.00025135,0.00024502,0.00024331,0.00023951,0.0002355,0.00023255,0.00025902
mature,8.23e-06,8.4e-06,7.58e-06,7.58e-06,8.04e-06,7.92e-06,7.62e-06,8.1e-06,8.32e-06
role,0.00026752,0.00026865,0.00027574,0.0002805,0.00028945,0.00029159,0.00029723,0.00030012,0.00026808
rather,0.00025218,0.00024805,0.00024589,0.00024244,0.0002424,0.00023905,0.00023885,0.00023545,0.00025011
weeks,2.196e-05,2.187e-05,2.364e-05,2.229e-05,2.14e-05,2.132e-05,2.088e-05,1.988e-05,2.191e-05
addition,0.00026914,0.00026992,0.00027211,0.00026882,0.00026638,0.00026205,0.00025913,0.00025869,0.00026953
came,9.978e-05,0.00010001,9.469e-05,9.567e-05,9.411e-05,9.349e-05,9.466e-05,9.571e-05,9.989e-05
supply,6.474e-05,6.562e-05,6.515e-05,6.383e-05,6.39e-05,6.197e-05,6.311e-05,6.452e-05,6.518e-05
nothing,2.648e-05,2.583e-05,2.515e-05,2.35e-05,2.322e-05,2.299e-05,2.271e-05,2.186e-05,2.615e-05
certain,0.00023991,0.00023759,0.0002359,0.00023941,0.00023891,0.00023799,0.00023809,0.00023759,0.00023875
usr,3.39e-06,3.65e-06,3.33e-06,2.58e-06,2.58e-06,2.59e-06,2.59e-06,2.29e-06,3.52e-06
executive,0.00014417,0.00014471,0.0001462,0.00014904,0.00014951,0.00014861,0.0001509,0.00015197,0.00014444
running,0.00026994,0.00026913,0.00026892,0.00026716,0.00026608,0.00026372,0.00026477,0.00026435,0.00026954
lower,0.00014611,0.00014819,0.00014908,0.00014707,0.00015057,0.00015059,0.00014968,0.00015167,0.00014715
necessary,0.00011786,0.00011697,0.00011348,0.00011159,0.00011171,0.00011146,0.00011203,0.00011054,0.00011741
union,0.00010672,0.00010603,0.0001059,0.00010522,0.00010625,0.00010628,0.00010624,0.00010901,0.00010637
jewelry,3.39e-06,2.69e-06,3.18e-06,2.88e-06,2.58e-06,2.28e-06,2.13e-06,1.83e-06,3.04e-06
according,0.00029352,0.00029496,0.00029226,0.00029202,0.00029431,0.00029356,0.00029403,0.00029447,0.00029424
dc,3.939e-05,3.788e-05,4.212e-05,4.609e-05,4.311e-05,4.37e-05,4.314e-05,4.235e-05,3.863e-05
clothing,8.4e-06,9.19e-06,9.39e-06,1.031e-05,1.032e-05,8.68e-06,7.93e-06,8.41e-06,8.79e-06
mon,1.61e-06,1.27e-06,1.36e-06,1.21e-06,1.37e-06,1.37e-06,1.37e-06,1.38e-06,1.44e-06
com,0.00097128,0.00091247,0.00084662,0.00080086,0.0006507,0.00054099,0.0005146,0.00049154,0.00094188
particular,0.00030175,0.00030003,0.00029832,0.00029672,0.00029462,0.00029402,0.0002951,0.00029187,0.00030089
fine,3.681e-05,3.677e-05,3.636e-05,3.609e-05,3.552e-05,3.533e-05,3.567e-05,3.639e-05,3.679e-05
names,0.00017759,0.00017546,0.00016938,0.00017118,0.00017182,0.0001684,0.00016721,0.00016573,0.00017653
robert,0.0001227,0.00012188,0.00012333,0.00012342,0.0001231,0.00012288,0.00012255,0.00012216,0.00012229
homepage,2.583e-05,2.377e-05,2.303e-05,2.168e-05,2.079e-05,2.04e-05,1.951e-05,1.911e-05,2.48e-05
hour,3.616e-05,3.55e-05,3.439e-05,3.336e-05,3.203e-05,3.213e-05,3.201e-05,3.134e-05,3.583e-05
gas,3.52e-05,3.598e-05,3.515e-05,3.578e-05,3.552e-05,3.456e-05,3.445e-05,3.394e-05,3.559e-05
skills,5.392e-05,5.547e-05,5.727e-05,5.716e-05,5.889e-05,5.862e-05,5.929e-05,6.024e-05,5.47e-05
six,0.00013061,0.00013187,0.00013136,0.00012918,0.00012659,0.00012668,0.00012606,0.0001272,0.00013124
bush,1.437e-05,1.49e-05,1.5e-05,1.456e-05,1.457e-05,1.401e-05,1.448e-05,1.407e-05,1.463e-05
islands,2.486e-05,2.441e-05,2.485e-05,2.487e-05,2.489e-05,2.543e-05,2.546e-05,2.569e-05,2.463e-05
advice,3.148e-05,3.122e-05,3.106e-05,2.911e-05,2.96e-05,3e-05,2.911e-05,2.997e-05,3.135e-05
career,7.459e-05,7.608e-05,7.909e-05,7.975e-05,7.938e-05,7.994e-05,7.972e-05,7.813e-05,7.533e-05
military,0.00011818,0.00012062,0.0001206,0.00012008,0.00012021,0.00011724,0.00011767,0.00011834,0.0001194
rental,1.259e-05,1.141e-05,1.121e-05,1.137e-05,1.108e-05,1.081e-05,1.113e-05,1.162e-05,1.2e-05
decision,0.00015483,0.00015358,0.00015135,0.00015405,0.00015664,0.00015394,0.00015609,0.00015457,0.00015421
leave,2.341e-05,2.409e-05,2.242e-05,2.153e-05,2.155e-05,2.147e-05,2.241e-05,2.156e-05,2.375e-05
british,0.00028108,0.00028973,0.00029392,0.00029839,0.00030114,0.00030377,0.00030242,0.00030639,0.0002854
teens,2.74e-06,3.33e-06,3.94e-06,3.94e-06,4.4e-06,4.26e-06,3.96e-06,3.67e-06,3.03e-06
pre,0.00013158,0.00013488,0.0001359,0.00013479,0.00013357,0.00013201,0.00013109,0.0001269,0.00013323
huge,2.309e-05,2.314e-05,2.333e-05,2.305e-05,2.262e-05,2.208e-05,2.043e-05,1.957e-05,2.311e-05
sat,1.437e-05,1.474e-05,1.606e-05,1.653e-05,1.67e-05,1.644e-05,1.616e-05,1.621e-05,1.455e-05
woman,2.099e-05,2.33e-05,2.257e-05,2.32e-05,2.337e-05,2.406e-05,2.378e-05,2.355e-05,2.214e-05
facilities,7.443e-05,7.116e-05,6.833e-05,6.58e-05,6.618e-05,6.426e-05,6.585e-05,6.498e-05,7.28e-05
zip,2.212e-05,2.092e-05,1.954e-05,1.926e-05,1.882e-05,1.842e-05,1.86e-05,1.819e-05,2.152e-05
bid,9.36e-06,1.078e-05,1.045e-05,1.061e-05,1.017e-05,1.127e-05,1.204e-05,1.193e-05,1.007e-05
kind,0.00010995,0.00010809,0.00010636,0.00010431,0.00010018,9.928e-05,9.588e-05,9.632e-05,0.00010902
sellers,6.94e-06,6.34e-06,6.67e-06,6.97e-06,6.68e-06,6.85e-06,6.71e-06,6.88e-06,6.64e-06
middle,7.039e-05,6.831e-05,6.803e-05,6.853e-05,6.846e-05,6.745e-05,6.692e-05,6.605e-05,6.935e-05
move,9.622e-05,9.51e-05,9.499e-05,9.613e-05,9.274e-05,9.09e-05,8.947e-05,9.021e-05,9.566e-05
cable,0.00012302,0.00012268,0.00011863,0.00011917,0.00011763,0.00011572,0.00011447,0.0001139,0.00012285
opportunities,2.745e-05,2.758e-05,2.697e-05,2.775e-05,2.747e-05,2.802e-05,2.744e-05,2.614e-05,2.751e-05
taking,8.46e-05,8.48e-05,8.803e-05,8.93e-05,9.077e-05,9.06e-05,9.283e-05,9.265e-05,8.47e-05
values,0.0002651,0.00025708,0.00025317,0.00025518,0.00025212,0.00025306,0.00025516,0.00025747,0.00026109
division,0.00018405,0.00018116,0.00018514,0.00018407,0.0001867,0.00018759,0.00018871,0.00018867,0.00018261
coming,3.342e-05,3.249e-05,3.242e-05,3.275e-05,3.127e-05,2.984e-05,3.094e-05,2.997e-05,3.295e-05
tuesday,8.72e-06,7.77e-06,7.58e-06,8.04e-06,7.74e-06,7.61e-06,7.47e-06,7.19e-06,8.24e-06
object,0.0004942,0.00048833,0.0004827,0.00047715,0.00047676,0.00047506,0.00047557,0.00047274,0.00049127
lesbian,4.2e-06,4.28e-06,4.7e-06,4.55e-06,4.71e-06,4.57e-06,4.27e-06,3.82e-06,4.24e-06
appropriate,6.781e-05,6.752e-05,6.484e-05,6.292e-05,6.193e-05,6.03e-05,6.097e-05,5.993e-05,6.767e-05
machine,0.00068051,0.00067995,0.00068617,0.00068836,0.00069669,0.00069706,0.0006908,0.00069641,0.00068023
logo,3.633e-05,3.645e-05,3.348e-05,3.336e-05,3.339e-05,3.258e-05,3.201e-05,3.165e-05,3.639e-05
length,0.00016597,0.00016785,0.00016575,0.00016511,0.00016742,0.00016779,0.00016737,0.00016757,0.00016691
actually,8.428e-05,8.052e-05,7.681e-05,7.445e-05,7.331e-05,7.248e-05,7.301e-05,7.155e-05,8.24e-05
nice,4.84e-06,4.6e-06,5.45e-06,5.61e-06,6.07e-06,6.4e-06,5.94e-06,6.27e-06,4.72e-06
score,4.311e-05,4.343e-05,4.454e-05,4.533e-05,4.462e-05,4.507e-05,4.481e-05,4.663e-05,4.327e-05
statistics,0.00011495,0.0001138,0.00011045,0.00010962,0.00011126,0.0001107,0.00011021,0.00010932,0.00011438
client,0.00029174,0.0002891,0.00028695,0.00028656,0.00028642,0.00028001,0.00027711,0.00027933,0.00029042
ok,4.52e-06,4.44e-06,3.79e-06,3.34e-06,2.88e-06,2.89e-06,3.2e-06,3.36e-06,4.48e-06
returns,3.439e-05,3.297e-05,3.379e-05,3.442e-05,3.354e-05,3.578e-05,3.445e-05,3.486e-05,3.368e-05
capital,8.589e-05,8.48e-05,8.545e-05,8.521e-05,8.728e-05,8.466e-05,8.49e-05,8.531e-05,8.535e-05
follow,7.298e-05,7.275e-05,7.287e-05,7.384e-05,7.468e-05,7.507e-05,7.454e-05,7.553e-05,7.287e-05
sample,6.991e-05,6.926e-05,7.091e-05,6.808e-05,6.754e-05,6.821e-05,6.692e-05,6.59e-05,6.958e-05
investment,5.199e-05,5.325e-05,5.106e-05,4.988e-05,5.085e-05,5.238e-05,5.289e-05,5.229e-05,5.262e-05
sent,0.00011754,0.00011539,0.00011348,0.0001119,0.0001108,0.00011222,0.0001131,0.00011283,0.00011647
shown,8.444e-05,8.4e-05,8.742e-05,8.506e-05,8.363e-05,8.314e-05,8.277e-05,8.485e-05,8.422e-05
saturday,1.243e-05,1.141e-05,1.167e-05,1.167e-05,1.138e-05,1.172e-05,1.158e-05,1.116e-05,1.192e-05
christmas,1.227e-05,1.205e-05,1.167e-05,1.031e-05,1.032e-05,1.096e-05,9.76e-06,9.78e-06,1.216e-05
england,7.733e-05,7.941e-05,7.727e-05,7.687e-05,7.893e-05,7.842e-05,7.728e-05,7.935e-05,7.837e-05
culture,0.00012189,0.00012299,0.00012227,0.00012494,0.00012507,0.00012699,0.00012728,0.00012919,0.00012244
band,7.637e-05,7.687e-05,7.484e-05,7.354e-05,7.164e-05,7.111e-05,7.012e-05,7.018e-05,7.662e-05
flash,0.00015338,0.00015232,0.00014939,0.00014874,0.0001486,0.00014785,0.00014496,0.00014387,0.00015285
ms,0.00010801,0.00010382,9.939e-05,9.961e-05,0.00010079,0.00010049,0.00010304,0.00010565,0.00010592
lead,0.00010623,0.00010762,0.00010878,0.00011008,0.00011202,0.000111,0.00011234,0.00011192,0.00010693
george,8.121e-05,8.115e-05,8.181e-05,8.142e-05,8.196e-05,8.253e-05,8.216e-05,8.118e-05,8.118e-05
choice,8.331e-05,8.305e-05,8.378e-05,8.43e-05,8.333e-05,8.283e-05,8.262e-05,8.333e-05,8.318e-05
went,0.00011657,0.00011586,0.00011636,0.00011569,0.00011672,0.00011648,0.00011539,0.00011513,0.00011621
starting,0.00013303,0.00013472,0.00013802,0.00013782,0.00014146,0.00013993,0.00014039,0.00014173,0.00013387
registration,7.427e-05,7.465e-05,7.303e-05,7.278e-05,7.453e-05,7.43e-05,7.591e-05,7.537e-05,7.446e-05
fri,6.5e-07,4.8e-07,4.5e-07,4.5e-07,4.6e-07,4.6e-07,4.6e-07,7.6e-07,5.6e-07
thursday,7.1e-06,6.18e-06,5.61e-06,5.76e-06,5.77e-06,5.48e-06,5.33e-06,5.2e-06,6.64e-06
courses,4.585e-05,4.517e-05,4.621e-05,4.518e-05,4.447e-05,4.522e-05,4.573e-05,4.617e-05,4.551e-05
consumer,0.00015047,0.00015311,0.00015393,0.00015344,0.00015452,0.00015668,0.00015776,0.00015855,0.00015179
hi,1.776e-05,1.68e-05,1.667e-05,1.607e-05,1.563e-05,1.507e-05,1.509e-05,1.483e-05,1.728e-05
airport,1.55e-05,1.823e-05,1.788e-05,1.789e-05,1.73e-05,1.827e-05,1.86e-05,1.743e-05,1.687e-05
foreign,6.619e-05,6.546e-05,6.045e-05,6.065e-05,5.95e-05,6.03e-05,6.036e-05,6.024e-05,6.583e-05
artist,7.071e-05,7.227e-05,7.121e-05,7.126e-05,7.088e-05,6.867e-05,6.966e-05,7.094e-05,7.149e-05
outside,0.00011867,0.00012125,0.00012333,0.00012266,0.00012325,0.00012288,0.00012499,0.00012476,0.00011996
furniture,5.33e-06,5.71e-06,5.76e-06,5.91e-06,5.31e-06,5.48e-06,5.79e-06,5.35e-06,5.52e-06
levels,0.00014821,0.0001493,0.0001462,0.00014859,0.00015027,0.0001515,0.00015167,0.00015289,0.00014875
channel,0.00027592,0.00027689,0.00027665,0.00027322,0.00027519,0.00027834,0.00027803,0.00027581,0.0002764
letter,6.636e-05,6.72e-05,6.636e-05,6.247e-05,6.132e-05,6.304e-05,6.189e-05,6.1e-05,6.678e-05
mode,0.00022684,0.00022491,0.00022484,0.00022819,0.00022829,0.00023038,0.00023108,0.00023025,0.00022588
phones,0.00010898,0.00010635,0.00010499,0.00010507,0.00010458,0.000104,0.00010396,0.00010534,0.00010767
ideas,9.17e-05,9.066e-05,9.015e-05,8.9e-05,8.758e-05,8.907e-05,9.039e-05,8.99e-05,9.118e-05
wednesday,4.52e-06,4.91e-06,4.85e-06,4.55e-06,4.4e-06,4.57e-06,4.57e-06,4.28e-06,4.71e-06
structure,0.00037133,0.00036312,0.00035846,0.00036116,0.00036474,0.00036391,0.00036461,0.00036204,0.00036722
fund,3.342e-05,3.519e-05,3.53e-05,3.533e-05,3.582e-05,3.593e-05,3.521e-05,3.425e-05,3.431e-05
summer,4.957e-05,4.834e-05,4.803e-05,4.822e-05,4.857e-05,4.796e-05,4.725e-05,4.587e-05,4.896e-05
allow,0.0003053,0.0003013,0.00030013,0.00030294,0.00030327,0.00030026,0.00029845,0.00029538,0.0003033
degree,0.00021279,0.00022094,0.00021635,0.00021348,0.00020901,0.00020342,0.00020014,0.00019677,0.00021687
contract,5.037e-05,4.977e-05,4.924e-05,4.897e-05,4.569e-05,4.705e-05,4.817e-05,4.755e-05,5.007e-05
button,4.327e-05,4.121e-05,4.136e-05,4.139e-05,4.144e-05,4.142e-05,4.07e-05,3.96e-05,4.224e-05
releases,8.202e-05,7.925e-05,7.909e-05,7.96e-05,7.847e-05,7.948e-05,7.987e-05,7.92e-05,8.064e-05
wed,1.29e-06,1.27e-06,9.1e-07,3e-07,3e-07,3e-07,3e-07,3.1e-07,1.28e-06
homes,1.808e-05,1.775e-05,1.682e-05,1.622e-05,1.654e-05,1.614e-05,1.54e-05,1.529e-05,1.792e-05
super,0.0001269,0.0001287,0.00013681,0.00013767,0.00014177,0.00014648,0.00015121,0.0001532,0.0001278
male,1.485e-05,1.648e-05,1.545e-05,1.653e-05,1.518e-05,1.462e-05,1.479e-05,1.498e-05,1.566e-05
matter,5.263e-05,5.151e-05,5.091e-05,5.322e-05,5.388e-05,5.421e-05,5.365e-05,5.397e-05,5.207e-05
custom,9.106e-05,9.225e-05,9.151e-05,9.082e-05,9.001e-05,8.801e-05,8.887e-05,8.761e-05,9.166e-05
virginia,3.245e-05,3.297e-05,3.303e-05,3.336e-05,3.248e-05,3.258e-05,3.201e-05,3.195e-05,3.271e-05
almost,0.00012254,0.00012188,0.00011954,0.00011917,0.00012052,0.00011937,0.00011645,0.00011513,0.00012221
took,9.897e-05,0.00010017,9.984e-05,9.855e-05,0.00010048,0.00010202,0.00010121,0.00010091,9.957e-05
located,0.00018034,0.00018005,0.00017847,0.00017967,0.00017698,0.00017434,0.00016965,0.00016986,0.0001802
multiple,0.0004829,0.00048801,0.0004927,0.00050247,0.00050484,0.00051359,0.00052237,0.00053007,0.00048545
asian,2.293e-05,2.425e-05,2.545e-05,2.517e-05,2.565e-05,2.573e-05,2.454e-05,2.584e-05,2.359e-05
distribution,0.00030078,0.00030083,0.00029726,0.00029414,0.00029325,0.000289,0.00029053,0.0002885,0.00030081
editor,0.00029222,0.00029148,0.00029074,0.00028793,0.000289,0.00028565,0.00028397,0.0002804,0.00029185
inn,2.1e-06,2.22e-06,2.12e-06,2.43e-06,2.12e-06,2.13e-06,1.98e-06,1.99e-06,2.16e-06
industrial,0.00013998,0.00013615,0.0001409,0.00014086,0.00014237,0.00014237,0.00014313,0.00014203,0.00013806
cause,7.378e-05,7.338e-05,7.378e-05,7.005e-05,6.967e-05,6.974e-05,7.088e-05,7.125e-05,7.358e-05
potential,0.00013207,0.00013456,0.0001359,0.00013873,0.00013873,0.00013749,0.00013703,0.00013408,0.00013332
song,4.666e-05,4.787e-05,4.757e-05,4.746e-05,4.736e-05,4.903e-05,5e-05,5.045e-05,4.727e-05
cnet,2.955e-05,2.71e-05,2.651e-05,2.578e-05,2.322e-05,2.238e-05,2.149e-05,2.018e-05,2.833e-05
ltd,0.00013029,0.00013203,0.00013302,0.00013616,0.00013205,0.00013186,0.00013033,0.0001298,0.00013116
los,7.959e-05,7.846e-05,7.818e-05,7.778e-05,7.893e-05,7.857e-05,7.835e-05,7.752e-05,7.903e-05
hp,0.00013271,0.00012965,0.00012742,0.00012054,0.00012188,0.00012059,0.0001192,0.00012139,0.00013118
focus,0.00018954,0.00019194,0.00019272,0.00019665,0.00019565,0.00019703,0.00019633,0.00019937,0.00019074
late,0.00022555,0.00022824,0.00022968,0.00023092,0.00023694,0.00023921,0.00023733,0.00023729,0.0002269
fall,5.812e-05,5.516e-05,5.439e-05,5.322e-05,5.388e-05,5.344e-05,5.289e-05,5.397e-05,5.664e-05
featured,0.00014514,0.00014376,0.00014302,0.00014389,0.00014116,0.00013947,0.00013871,0.00013898,0.00014445
idea,0.00014498,0.00014106,0.00014029,0.00013797,0.0001404,0.00014054,0.00013901,0.00013867,0.00014302
rooms,2.712e-05,2.679e-05,2.47e-05,2.517e-05,2.444e-05,2.482e-05,2.469e-05,2.462e-05,2.696e-05
female,2.987e-05,3.17e-05,3.363e-05,3.396e-05,3.324e-05,3.426e-05,3.43e-05,3.364e-05,3.078e-05
responsible,0.00010833,0.00011031,0.00010999,0.00010962,0.0001105,0.00010811,0.00010899,0.00010763,0.00010932
inc,0.00047725,0.00047945,0.00048346,0.00048594,0.00049178,0.00049212,0.00050225,0.00051188,0.00047835
communications,0.00042671,0.00042334,0.00041407,0.00041499,0.00041422,0.00041294,0.00041201,0.00041112,0.00042502
win,2.858e-05,2.916e-05,2.818e-05,2.866e-05,2.854e-05,2.954e-05,2.988e-05,3.012e-05,2.887e-05
associated,0.00022732,0.00022792,0.0002265,0.00022637,0.00022889,0.00022946,0.00023001,0.00023056,0.00022762
thomas,8.476e-05,8.591e-05,8.696e-05,8.961e-05,9.077e-05,9.029e-05,8.963e-05,8.791e-05,8.533e-05
primary,0.00019245,0.00019543,0.00019438,0.00019119,0.00019155,0.00019261,0.00019404,0.00019662,0.00019394
cancer,3.277e-05,3.376e-05,3.439e-05,3.487e-05,3.43e-05,3.395e-05,3.399e-05,3.364e-05,3.327e-05
numbers,0.00024314,0.00024329,0.0002415,0.00024244,0.00024119,0.00024103,0.00023855,0.00024034,0.00024322
reason,6.41e-05,6.292e-05,6.181e-05,6.019e-05,5.98e-05,5.816e-05,5.868e-05,5.764e-05,6.351e-05
tool,0.00030675,0.00030986,0.00030847,0.00030536,0.00030266,0.00030072,0.00030028,0.00029966,0.00030831
browser,0.00024347,0.00024852,0.00024393,0.00024274,0.00024392,0.00024606,0.000248,0.00024447,0.00024599
spring,3.843e-05,3.756e-05,3.848e-05,3.639e-05,3.734e-05,3.715e-05,3.582e-05,3.455e-05,3.8e-05
foundation,0.00025315,0.00025344,0.00025635,0.00025563,0.00025409,0.00025504,0.00025486,0.00025135,0.0002533
answer,5.392e-05,5.405e-05,5.409e-05,5.398e-05,5.039e-05,4.918e-05,4.923e-05,5e-05,5.398e-05
voice,0.00019971,0.00020161,0.00019999,0.00019847,0.0001999,0.0001987,0.00019968,0.00019769,0.00020066
eg,3.71e-06,3.96e-06,3.33e-06,3.18e-06,2.88e-06,3.2e-06,3.2e-06,3.52e-06,3.83e-06
friendly,3.487e-05,3.455e-05,3.333e-05,3.305e-05,3.248e-05,3.198e-05,3.201e-05,3.287e-05,3.471e-05
schedule,3.6e-05,3.376e-05,3.621e-05,3.548e-05,3.537e-05,3.578e-05,3.674e-05,3.7e-05,3.488e-05
documents,0.000191,0.00018655,0.00018832,0.00018786,0.00018837,0.00018881,0.00018703,0.00018439,0.00018878
communication,0.00046433,0.00047375,0.00046997,0.00047351,0.00047205,0.0004743,0.00047923,0.00048298,0.00046904
purpose,0.00025654,0.00025185,0.00024696,0.00024669,0.00024559,0.00024804,0.000248,0.0002489,0.0002542
feature,0.00030078,0.00029227,0.00029195,0.00029187,0.00028778,0.0002861,0.00028626,0.00028545,0.00029653
bed,5.49e-06,6.34e-06,5.45e-06,4.85e-06,4.71e-06,4.72e-06,5.33e-06,5.35e-06,5.92e-06
comes,0.00010414,0.00010477,0.00010287,0.00010143,9.987e-05,9.821e-05,9.71e-05,9.571e-05,0.00010446
police,5.037e-05,5.325e-05,5.545e-05,5.792e-05,5.646e-05,5.771e-05,5.64e-05,5.688e-05,5.181e-05
everyone,2.325e-05,2.156e-05,2.106e-05,2.108e-05,2.064e-05,1.979e-05,1.905e-05,1.896e-05,2.24e-05
independent,0.00028544,0.00029037,0.0002868,0.00028975,0.00029128,0.00029235,0.00029068,0.00028728,0.0002879
ip,0.00024734,0.00024821,0.0002418,0.00024229,0.00023967,0.00023784,0.0002384,0.00023927,0.00024777
approach,0.00025218,0.00024852,0.00024499,0.00024305,0.00024149,0.00024347,0.00024724,0.00024875,0.00025035
cameras,7.524e-05,7.275e-05,7.59e-05,7.627e-05,7.635e-05,7.659e-05,7.804e-05,7.782e-05,7.4e-05
brown,5.15e-05,4.993e-05,4.969e-05,4.882e-05,4.994e-05,4.964e-05,4.939e-05,4.954e-05,5.071e-05
physical,0.0003476,0.00035535,0.00035725,0.00035585,0.00035563,0.00035478,0.00035866,0.00036327,0.00035147
operating,0.0008439,0.00084574,0.00082844,0.00082785,0.00083042,0.0008341,0.00082631,0.00082056,0.00084482
hill,4.763e-05,4.596e-05,4.575e-05,4.594e-05,4.569e-05,4.507e-05,4.481e-05,4.495e-05,4.68e-05
maps,0.00011108,0.00010936,0.00010772,0.00011053,0.00010853,0.00010643,0.00010914,0.00010916,0.00011022
medicine,5.166e-05,5.373e-05,5.318e-05,5.383e-05,5.646e-05,5.603e-05,5.579e-05,5.519e-05,5.269e-05
deal,8.589e-05,8.289e-05,8.136e-05,8.233e-05,8.227e-05,8.1e-05,7.667e-05,7.599e-05,8.439e-05
hold,6.087e-05,6.118e-05,5.909e-05,6.004e-05,6.011e-05,5.908e-05,6.051e-05,5.963e-05,6.102e-05
ratings,1.421e-05,1.347e-05,1.364e-05,1.365e-05,1.457e-05,1.37e-05,1.387e-05,1.33e-05,1.384e-05
chicago,5.102e-05,5.088e-05,5.212e-05,4.943e-05,4.903e-05,4.979e-05,4.893e-05,4.892e-05,5.095e-05
forms,0.0001487,0.00015152,0.00015196,0.00015314,0.000153,0.00015363,0.00015334,0.00015457,0.00015011
glass,3.81e-05,3.693e-05,3.666e-05,3.609e-05,3.537e-05,3.533e-05,3.491e-05,3.639e-05,3.751e-05
happy,1.066e-05,1.109e-05,9.85e-06,9.86e-06,9.41e-06,8.98e-06,8.69e-06,8.87e-06,1.088e-05
tue,8.1e-07,9.5e-07,7.6e-07,6.1e-07,6.1e-07,6.1e-07,7.6e-07,6.1e-07,8.8e-07
smith,5.328e-05,5.452e-05,5.469e-05,5.625e-05,5.464e-05,5.421e-05,5.518e-05,5.519e-05,5.39e-05
wanted,2.567e-05,2.488e-05,2.697e-05,2.684e-05,2.58e-05,2.665e-05,2.744e-05,2.691e-05,2.527e-05
developed,0.00156445,0.00158655,0.00162218,0.0016378,0.00165142,0.00166333,0.0016767,0.00169035,0.0015755
thank,2.1e-06,1.74e-06,1.82e-06,1.97e-06,2.12e-06,2.13e-06,2.13e-06,2.29e-06,1.92e-06
safe,4.537e-05,4.66e-05,4.363e-05,4.564e-05,4.462e-05,4.431e-05,4.283e-05,4.113e-05,4.599e-05
unique,0.00016597,0.00016595,0.0001662,0.00016557,0.00016712,0.00016445,0.00016569,0.00016344,0.00016596
survey,6.668e-05,6.593e-05,6.666e-05,6.489e-05,6.147e-05,5.786e-05,5.868e-05,5.825e-05,6.631e-05
prior,0.00014272,0.00014328,0.00014378,0.00014556,0.00014298,0.00014221,0.00014328,0.00014341,0.000143
telephone,0.00013513,0.00013456,0.00013439,0.00013297,0.00013357,0.00013338,0.00013368,0.00013317,0.00013485
sport,1.889e-05,2.06e-05,2.03e-05,2.017e-05,2.125e-05,2.132e-05,2.073e-05,2.064e-05,1.975e-05
ready,3.439e-05,3.566e-05,3.606e-05,3.518e-05,3.612e-05,3.67e-05,3.506e-05,3.547e-05,3.502e-05
feed,2.454e-05,2.409e-05,2.409e-05,2.259e-05,2.064e-05,2.116e-05,2.119e-05,2.11e-05,2.432e-05
animal,2.454e-05,2.457e-05,2.5e-05,2.608e-05,2.656e-05,2.726e-05,2.789e-05,2.706e-05,2.455e-05
sources,0.00013255,0.00013409,0.00013514,0.00013706,0.00013812,0.00013734,0.00013642,0.00013622,0.00013332
mexico,3.762e-05,3.582e-05,3.591e-05,3.563e-05,3.476e-05,3.441e-05,3.43e-05,3.471e-05,3.672e-05
population,5.683e-05,5.864e-05,6.197e-05,6.307e-05,6.193e-05,6.228e-05,6.28e-05,6.253e-05,5.774e-05
pa,2.389e-05,2.203e-05,2.212e-05,2.259e-05,2.201e-05,2.101e-05,2.104e-05,2.079e-05,2.296e-05
regular,0.00012125,0.00012363,0.00012242,0.0001216,0.00012128,0.00012212,0.00012255,0.00012277,0.00012244
secure,0.0001713,0.00017736,0.00017863,0.00017785,0.00017865,0.0001783,0.00018047,0.00018026,0.00017433
navigation,4.811e-05,4.787e-05,4.848e-05,4.943e-05,4.979e-05,4.964e-05,5.045e-05,5.045e-05,4.799e-05
operations,0.00035826,0.00035899,0.00035816,0.00035767,0.00035639,0.00036102,0.00036903,0.00037137,0.00035863
therefore,0.00015467,0.00015295,0.0001506,0.00015041,0.00014738,0.00014815,0.00014664,0.00014555,0.00015381
ass,9.7e-07,1.11e-06,1.06e-06,1.06e-06,1.37e-06,1.22e-06,1.07e-06,1.22e-06,1.04e-06
simply,0.00014934,0.00014677,0.00014317,0.00014374,0.00014237,0.00014191,0.00014054,0.00014188,0.00014806
evidence,4.488e-05,4.581e-05,4.803e-05,4.882e-05,4.887e-05,4.827e-05,4.725e-05,4.785e-05,4.534e-05
station,9.461e-05,9.573e-05,9.302e-05,9.264e-05,9.456e-05,9.516e-05,9.481e-05,9.479e-05,9.517e-05
christian,2.858e-05,2.71e-05,2.742e-05,2.835e-05,2.778e-05,2.786e-05,2.637e-05,2.706e-05,2.784e-05
round,6.119e-05,5.991e-05,5.939e-05,5.549e-05,5.525e-05,5.39e-05,5.198e-05,5.091e-05,6.055e-05
paypal,1.017e-05,1.03e-05,1e-05,9.25e-06,8.5e-06,8.37e-06,8.23e-06,8.26e-06,1.023e-05
favorite,9.69e-06,9.83e-06,9.85e-06,9.55e-06,9.11e-06,9.59e-06,8.84e-06,8.71e-06,9.76e-06
understand,5.99e-05,6.007e-05,5.863e-05,5.913e-05,5.98e-05,6.06e-05,5.853e-05,6.039e-05,5.999e-05
option,6.797e-05,6.578e-05,6.515e-05,6.383e-05,6.587e-05,6.623e-05,6.585e-05,6.574e-05,6.687e-05
master,0.00013384,0.00013472,0.00013484,0.00013449,0.00013266,0.00012455,0.00012453,0.00012415,0.00013428
valley,6.716e-05,6.657e-05,6.803e-05,6.626e-05,6.557e-05,6.456e-05,6.387e-05,6.268e-05,6.686e-05
recently,0.0001022,9.985e-05,9.863e-05,9.491e-05,9.304e-05,9.273e-05,8.932e-05,8.623e-05,0.00010103
probably,2.825e-05,2.726e-05,2.621e-05,2.562e-05,2.474e-05,2.375e-05,2.317e-05,2.217e-05,2.776e-05
thu,1.6e-07,1.6e-07,1.5e-07,1.5e-07,1.5e-07,1.5e-07,1.5e-07,1.5e-07,1.6e-07
rentals,3.07e-06,3.01e-06,3.48e-06,3.18e-06,3.19e-06,3.2e-06,2.74e-06,3.06e-06,3.04e-06
sea,3.471e-05,3.297e-05,3.379e-05,3.366e-05,3.506e-05,3.533e-05,3.704e-05,3.715e-05,3.384e-05
built,0.00035422,0.00035582,0.00035695,0.00035146,0.00035138,0.00034868,0.00035013,0.00034951,0.00035502
publications,0.00012157,0.00012458,0.0001259,0.00012448,0.00012143,0.00011816,0.00011722,0.00011604,0.00012307
blood,2.648e-05,2.615e-05,2.682e-05,2.79e-05,2.854e-05,2.908e-05,2.896e-05,2.92e-05,2.632e-05
cut,6.184e-05,6.086e-05,6.469e-05,6.626e-05,6.724e-05,6.578e-05,6.676e-05,6.559e-05,6.135e-05
worldwide,0.00021037,0.00021334,0.00021514,0.00021606,0.00022221,0.00022261,0.00022132,0.00021619,0.00021185
improve,0.00013336,0.00013393,0.00013136,0.00013297,0.00013387,0.00013323,0.00013353,0.000135,0.00013364
connection,0.00017969,0.00017878,0.00018014,0.00018073,0.00017941,0.0001783,0.0001788,0.00017858,0.00017924
publisher,7.669e-05,7.766e-05,7.909e-05,7.763e-05,7.711e-05,7.43e-05,7.591e-05,7.4e-05,7.717e-05
hall,6.2e-05,6.34e-05,6.091e-05,5.959e-05,6.041e-05,6.091e-05,6.097e-05,6.039e-05,6.27e-05
larger,0.00014434,0.00014566,0.00014863,0.00015192,0.000153,0.00015226,0.00015365,0.0001532,0.000145
anti,9.639e-05,9.716e-05,9.848e-05,9.658e-05,9.441e-05,9.654e-05,9.694e-05,9.785e-05,9.678e-05
networks,0.0006931,0.00069469,0.00069329,0.00069609,0.00069078,0.00069036,0.0006937,0.00069152,0.00069389
earth,9.219e-05,9.256e-05,9.484e-05,9.84e-05,9.836e-05,9.714e-05,9.832e-05,9.816e-05,9.237e-05
parents,2.357e-05,2.298e-05,2.348e-05,2.502e-05,2.504e-05,2.604e-05,2.622e-05,2.584e-05,2.327e-05
nokia,7.411e-05,7.766e-05,7.515e-05,7.354e-05,7.134e-05,7.111e-05,7.149e-05,7.079e-05,7.588e-05
impact,0.00010058,0.00010397,0.00010712,0.00010704,0.0001061,0.00010598,0.00010746,0.00010748,0.00010228
transfer,0.00017356,0.00017197,0.0001709,0.00017027,0.00016924,0.00017069,0.00017026,0.00017078,0.00017277
introduction,0.00012771,0.00012902,0.00012802,0.00012584,0.00012659,0.00012592,0.00012362,0.00012506,0.00012837
kitchen,7.75e-06,7.77e-06,7.42e-06,5.61e-06,6.22e-06,6.09e-06,6.55e-06,6.57e-06,7.76e-06
strong,9.3e-05,9.304e-05,9.454e-05,9.143e-05,9.259e-05,9.349e-05,9.481e-05,9.403e-05,9.302e-05
tel,1.372e-05,1.316e-05,1.697e-05,1.698e-05,1.67e-05,1.568e-05,1.585e-05,1.605e-05,1.344e-05
carolina,2.858e-05,2.853e-05,2.818e-05,2.881e-05,2.838e-05,2.786e-05,2.667e-05,2.63e-05,2.856e-05
wedding,3.07e-06,3.01e-06,3.03e-06,3.18e-06,3.49e-06,3.2e-06,2.9e-06,3.21e-06,3.04e-06
properties,0.00018793,0.00018417,0.00018393,0.00018483,0.00018487,0.00018393,0.00018307,0.0001824,0.00018605
hospital,2.632e-05,2.504e-05,2.454e-05,2.471e-05,2.52e-05,2.451e-05,2.347e-05,2.278e-05,2.568e-05
ground,5.602e-05,5.611e-05,5.757e-05,5.837e-05,5.707e-05,5.649e-05,5.64e-05,5.565e-05,5.606e-05
overview,3.972e-05,4.026e-05,3.879e-05,3.76e-05,3.658e-05,3.441e-05,3.384e-05,3.318e-05,3.999e-05
ship,3.568e-05,3.661e-05,3.727e-05,3.806e-05,3.81e-05,3.959e-05,3.994e-05,3.945e-05,3.615e-05
accommodation,4.04e-06,4.75e-06,4.55e-06,4.7e-06,4.86e-06,5.94e-06,5.79e-06,5.96e-06,4.4e-06
owners,3.649e-05,3.804e-05,3.954e-05,3.942e-05,3.977e-05,3.989e-05,4.024e-05,4.006e-05,3.727e-05
disease,3.584e-05,3.519e-05,3.651e-05,3.609e-05,3.734e-05,3.837e-05,3.902e-05,3.945e-05,3.552e-05
tx,9.36e-06,8.88e-06,8.64e-06,8.04e-06,8.35e-06,8.98e-06,8.23e-06,7.64e-06,9.12e-06
excellent,1.275e-05,1.3e-05,1.348e-05,1.213e-05,1.123e-05,1.112e-05,1.113e-05,1.147e-05,1.287e-05
paid,5.844e-05,5.769e-05,5.681e-05,5.868e-05,5.965e-05,6.197e-05,6.234e-05,6.498e-05,5.807e-05
italy,4.472e-05,4.565e-05,4.575e-05,4.458e-05,4.462e-05,4.598e-05,4.588e-05,4.449e-05,4.518e-05
perfect,3.6e-05,3.503e-05,3.576e-05,3.563e-05,3.461e-05,3.472e-05,3.43e-05,3.486e-05,3.552e-05
hair,5.49e-06,5.86e-06,5.61e-06,5.46e-06,4.86e-06,5.48e-06,4.88e-06,4.59e-06,5.67e-06
opportunity,2.632e-05,2.599e-05,2.515e-05,2.547e-05,2.459e-05,2.451e-05,2.485e-05,2.355e-05,2.615e-05
kit,5.538e-05,5.674e-05,5.303e-05,5.261e-05,5.267e-05,5.162e-05,5.289e-05,5.259e-05,5.606e-05
classic,8.912e-05,8.67e-05,8.575e-05,8.855e-05,9.016e-05,9.029e-05,9.146e-05,9.173e-05,8.791e-05
basis,0.00018034,0.00017847,0.00017802,0.00017937,0.00018245,0.00018135,0.00018185,0.00018224,0.0001794
command,0.00019455,0.00019749,0.00018817,0.00018922,0.00018791,0.00018668,0.00018703,0.000185,0.00019602
cities,5.36e-05,5.278e-05,5.348e-05,5.276e-05,5.191e-05,5.086e-05,5.167e-05,5.107e-05,5.319e-05
william,9.703e-05,9.573e-05,9.409e-05,9.507e-05,9.502e-05,9.547e-05,9.588e-05,9.754e-05,9.638e-05
express,7.637e-05,7.75e-05,7.787e-05,7.839e-05,7.741e-05,7.796e-05,7.85e-05,7.889e-05,7.694e-05
anal,9.7e-07,9.5e-07,1.06e-06,9.1e-07,1.06e-06,1.22e-06,1.22e-06,1.07e-06,9.6e-07
award,0.00035777,0.00035852,0.00036165,0.00035646,0.00035093,0.00034533,0.00034799,0.00034278,0.00035814
distance,0.00015386,0.00015089,0.0001512,0.00015344,0.0001527,0.00015257,0.00015106,0.00015014,0.00015238
tree,0.00025767,0.00025787,0.00025377,0.00025396,0.00025333,0.00025428,0.00025516,0.00025563,0.00025777
peter,0.00010333,0.00010302,0.00010287,0.00010204,0.00010215,0.00010171,0.00010167,0.00010075,0.00010318
assessment,4.198e-05,4.359e-05,4.454e-05,4.715e-05,4.736e-05,4.735e-05,4.908e-05,4.984e-05,4.279e-05
ensure,7.459e-05,7.433e-05,7.212e-05,7.399e-05,7.437e-05,7.446e-05,7.423e-05,7.4e-05,7.446e-05
thus,0.0002743,0.00027087,0.00026908,0.00026367,0.00026487,0.0002654,0.00026355,0.00025961,0.00027258
wall,4.908e-05,4.596e-05,4.545e-05,4.442e-05,4.326e-05,4.263e-05,4.329e-05,4.342e-05,4.752e-05
ie,1.873e-05,1.823e-05,1.954e-05,1.759e-05,1.806e-05,1.721e-05,1.661e-05,1.682e-05,1.848e-05
involved,0.00014805,0.00014471,0.00014423,0.00014449,0.00014298,0.00014176,0.00014313,0.00014433,0.00014638
el,2.745e-05,2.742e-05,2.636e-05,2.699e-05,2.747e-05,2.71e-05,2.683e-05,2.599e-05,2.743e-05
extra,5.618e-05,5.532e-05,5.485e-05,5.352e-05,5.237e-05,5.329e-05,5.32e-05,5.122e-05,5.575e-05
especially,0.00017743,0.00017878,0.00017802,0.00018043,0.00018229,0.00018135,0.00018093,0.00018056,0.0001781
interface,0.00065629,0.00065459,0.0006489,0.00064515,0.00064615,0.00064469,0.00064248,0.00064214,0.00065544
pussy,4.8e-07,4.8e-07,4.5e-07,4.5e-07,4.6e-07,4.6e-07,4.6e-07,4.6e-07,4.8e-07
partners,0.00010333,9.954e-05,9.924e-05,9.719e-05,9.456e-05,9.121e-05,9.039e-05,8.929e-05,0.00010144
budget,3.423e-05,3.439e-05,3.576e-05,3.745e-05,3.779e-05,3.746e-05,3.704e-05,3.7e-05,3.431e-05
rated,1.905e-05,1.981e-05,2.015e-05,1.971e-05,1.943e-05,1.827e-05,1.844e-05,1.819e-05,1.943e-05
guides,1.873e-05,1.775e-05,1.848e-05,1.88e-05,1.867e-05,1.812e-05,1.86e-05,1.911e-05,1.824e-05
success,0.00010236,0.00010207,0.00010939,0.00011068,0.00012067,0.00012318,0.00012453,0.00012613,0.00010222
maximum,0.00014789,0.00015168,0.00015226,0.00015344,0.00015361,0.00015165,0.00015014,0.00015044,0.00014978
ma,3.068e-05,2.869e-05,3.045e-05,3.048e-05,3.036e-05,3.045e-05,3.018e-05,2.844e-05,2.968e-05
operation,0.00024912,0.00024995,0.00024544,0.00024259,0.00024346,0.00024514,0.00024495,0.00024554,0.00024953
existing,0.00017711,0.00017958,0.00017802,0.00017815,0.00017744,0.00017495,0.00017575,0.00017674,0.00017835
quite,4.246e-05,4.058e-05,3.591e-05,3.396e-05,3.142e-05,3.137e-05,3.094e-05,3.027e-05,4.152e-05
selected,0.00011285,0.00011142,0.00010863,0.00010689,0.00010519,0.00010476,0.0001035,0.00010397,0.00011213
boy,5.602e-05,5.563e-05,5.909e-05,6.004e-05,6.041e-05,6.045e-05,6.25e-05,6.299e-05,5.583e-05
amazon,0.00010107,0.00010778,0.00010621,0.0001072,0.00010731,0.00011009,0.00010761,0.0001087,0.00010443
patients,2.389e-05,2.377e-05,2.454e-05,2.517e-05,2.474e-05,2.497e-05,2.424e-05,2.507e-05,2.383e-05
restaurants,1.372e-05,1.522e-05,1.394e-05,1.258e-05,1.184e-05,1.096e-05,1.097e-05,1.086e-05,1.447e-05
beautiful,5.81e-06,5.71e-06,5.91e-06,5.31e-06,5.01e-06,5.33e-06,5.33e-06,5.96e-06,5.76e-06
warning,1.679e-05,1.68e-05,1.651e-05,1.622e-05,1.639e-05,1.705e-05,1.661e-05,1.667e-05,1.679e-05
wine,1.679e-05,1.696e-05,1.621e-05,1.577e-05,1.67e-05,1.675e-05,1.57e-05,1.559e-05,1.688e-05
locations,9.364e-05,9.526e-05,9.409e-05,9.461e-05,9.684e-05,9.989e-05,0.00010045,9.907e-05,9.445e-05
horse,1.518e-05,1.395e-05,1.288e-05,1.274e-05,1.305e-05,1.294e-05,1.311e-05,1.315e-05,1.457e-05
vote,2.034e-05,1.87e-05,1.757e-05,1.774e-05,1.73e-05,1.66e-05,1.722e-05,1.697e-05,1.952e-05
forward,7.152e-05,7.101e-05,7.091e-05,7.126e-05,7.073e-05,7.08e-05,7.21e-05,7.171e-05,7.127e-05
flowers,5e-06,4.6e-06,4.7e-06,4.55e-06,4.55e-06,4.26e-06,4.12e-06,4.13e-06,4.8e-06
stars,3.681e-05,3.725e-05,3.939e-05,3.866e-05,4.022e-05,4.157e-05,4.237e-05,4.25e-05,3.703e-05
significant,0.00017582,0.00017688,0.00017332,0.00017512,0.00017789,0.00017876,0.00018505,0.00019035,0.00017635
lists,0.00010091,9.827e-05,9.848e-05,9.81e-05,9.821e-05,9.684e-05,9.801e-05,9.724e-05,9.959e-05
technologies,0.00042122,0.00041891,0.00042679,0.00043121,0.00043198,0.00043365,0.00043457,0.00043161,0.00042006
owner,5.005e-05,5.04e-05,5.106e-05,4.973e-05,4.994e-05,5.025e-05,5.152e-05,5.152e-05,5.023e-05
retail,6.555e-05,6.451e-05,6.56e-05,6.398e-05,6.436e-05,6.395e-05,6.509e-05,6.498e-05,6.503e-05
animals,2.519e-05,2.409e-05,2.454e-05,2.471e-05,2.413e-05,2.436e-05,2.561e-05,2.507e-05,2.464e-05
useful,0.00015693,0.00015612,0.00015317,0.00014995,0.00015148,0.00015303,0.00015304,0.00015228,0.00015652
directly,0.00021828,0.00021302,0.00021196,0.00021348,0.00021462,0.00021591,0.00021599,0.00022077,0.00021565
manufacturer,0.00010042,9.89e-05,9.909e-05,0.00010022,0.00010018,9.958e-05,0.00010045,0.0001006,9.966e-05
ways,0.00010962,0.00010683,0.00010681,0.0001072,0.00010655,0.00010582,0.00010548,0.00010702,0.00010823
est,6.3e-06,6.18e-06,6.21e-06,6.22e-06,6.22e-06,5.94e-06,5.79e-06,5.66e-06,6.24e-06
son,3.148e-05,3.281e-05,3.091e-05,3.032e-05,3.021e-05,3.045e-05,3.033e-05,3.012e-05,3.214e-05
providing,0.00021957,0.00022063,0.00021938,0.00022137,0.00022009,0.00021987,0.00022132,0.00022261,0.0002201
rule,0.00011318,0.00011158,0.00011121,0.00011008,0.00011171,0.00011283,0.00011645,0.00011497,0.00011238
mac,0.00028318,0.00027277,0.00026589,0.00026155,0.00026259,0.00026311,0.00026446,0.00026588,0.00027797
housing,1.534e-05,1.617e-05,1.53e-05,1.486e-05,1.366e-05,1.309e-05,1.372e-05,1.361e-05,1.576e-05
takes,0.0001495,0.00014835,0.00015045,0.00015086,0.00015391,0.00015257,0.00015075,0.00014922,0.00014893
iii,8.605e-05,8.369e-05,9.227e-05,9.264e-05,9.32e-05,9.41e-05,9.603e-05,9.663e-05,8.487e-05
gmt,2.58e-06,2.69e-06,3.18e-06,2.58e-06,2.43e-06,2.44e-06,2.44e-06,2.45e-06,2.64e-06
bring,4.585e-05,4.565e-05,4.545e-05,4.533e-05,4.584e-05,4.492e-05,4.466e-05,4.48e-05,4.575e-05
catalog,2.357e-05,2.393e-05,2.606e-05,2.547e-05,2.459e-05,2.436e-05,2.454e-05,2.446e-05,2.375e-05
searches,4.246e-05,4.121e-05,4.257e-05,4.17e-05,4.174e-05,4.279e-05,4.222e-05,4.159e-05,4.183e-05
max,5.844e-05,6.118e-05,6.545e-05,6.777e-05,6.542e-05,6.821e-05,7.103e-05,7.171e-05,5.981e-05
trying,3.068e-05,3.027e-05,3.06e-05,3.032e-05,3.066e-05,3.198e-05,3.14e-05,3.165e-05,3.047e-05
mother,1.857e-05,1.981e-05,2.045e-05,1.865e-05,1.761e-05,1.797e-05,1.905e-05,1.911e-05,1.919e-05
authority,6.991e-05,7.259e-05,7.136e-05,7.187e-05,7.195e-05,7.476e-05,7.56e-05,7.537e-05,7.125e-05
considered,0.00029787,0.00029797,0.00029635,0.00029702,0.00030387,0.00030514,0.00030745,0.00031067,0.00029792
told,1.792e-05,1.886e-05,1.818e-05,1.819e-05,1.73e-05,1.736e-05,1.677e-05,1.59e-05,1.839e-05
xml,0.00014579,0.00014059,0.00013742,0.00013691,0.00013585,0.00013597,0.00013551,0.00013424,0.00014319
traffic,0.00020892,0.00021318,0.00020605,0.00020499,0.00020096,0.00019901,0.00019938,0.00020105,0.00021105
programme,5.618e-05,5.658e-05,5.909e-05,5.944e-05,5.92e-05,5.771e-05,5.686e-05,5.764e-05,5.638e-05
joined,0.00010042,0.0001016,0.00010136,9.961e-05,9.669e-05,9.227e-05,9.039e-05,8.99e-05,0.00010101
input,0.00039394,0.00038784,0.00037937,0.00037708,0.0003781,0.00037959,0.0003768,0.00037473,0.00039089
strategy,0.00012932,0.00012822,0.00012742,0.00012873,0.00012598,0.0001279,0.00012758,0.00012812,0.00012877
feet,1.501e-05,1.522e-05,1.485e-05,1.501e-05,1.427e-05,1.325e-05,1.189e-05,1.162e-05,1.512e-05
agent,0.00011673,0.00011475,0.00011833,0.00011917,0.00011794,0.00011648,0.00011478,0.0001136,0.00011574
valid,6.054e-05,5.642e-05,5.53e-05,5.519e-05,5.464e-05,5.314e-05,5.35e-05,5.321e-05,5.848e-05
bin,1.954e-05,2.045e-05,1.97e-05,1.895e-05,1.746e-05,1.781e-05,1.692e-05,1.651e-05,2e-05
modern,0.00025315,0.00025455,0.00025892,0.00026276,0.00026578,0.00026631,0.00027163,0.00027444,0.00025385
senior,8.88e-05,9.145e-05,9.484e-05,9.552e-05,9.335e-05,9.136e-05,9.329e-05,9.219e-05,9.013e-05
ireland,4.537e-05,4.723e-05,4.651e-05,4.837e-05,4.842e-05,4.72e-05,4.71e-05,4.755e-05,4.63e-05
sexy,1.45e-06,1.27e-06,1.36e-06,1.21e-06,1.37e-06,1.37e-06,1.22e-06,1.07e-06,1.36e-06
teaching,7.62e-05,7.37e-05,7.303e-05,7.247e-05,7.21e-05,7.309e-05,7.286e-05,7.201e-05,7.495e-05
door,1.259e-05,1.268e-05,1.136e-05,1.107e-05,1.032e-05,9.74e-06,1.021e-05,1.024e-05,1.264e-05
grand,3.423e-05,3.503e-05,3.606e-05,3.518e-05,3.795e-05,3.73e-05,3.795e-05,3.822e-05,3.463e-05
testing,0.00029335,0.00028941,0.00029104,0.00029263,0.0002931,0.00029326,0.00029419,0.00029278,0.00029138
trial,3.487e-05,3.313e-05,3.348e-05,3.336e-05,3.385e-05,3.365e-05,3.369e-05,3.409e-05,3.4e-05
charge,7.459e-05,7.418e-05,7.378e-05,7.323e-05,7.119e-05,7.096e-05,7.042e-05,7.109e-05,7.439e-05
units,0.00017517,0.00017561,0.00017878,0.00018073,0.00018154,0.00018256,0.00018962,0.00019249,0.00017539
instead,0.00024088,0.00024028,0.0002418,0.00024335,0.00024847,0.00024941,0.00025212,0.00025487,0.00024058
canadian,0.00011883,0.00012759,0.00012863,0.00013252,0.00012947,0.00013156,0.00013307,0.000135,0.00012321
cool,1.13e-05,1.141e-05,1.061e-05,1.077e-05,1.138e-05,1.142e-05,1.052e-05,9.94e-06,1.135e-05
normal,0.00011237,0.00011,0.0001053,0.00010356,0.00010367,0.00010384,0.00010243,0.00010167,0.00011119
wrote,8.767e-05,8.622e-05,8.5e-05,8.673e-05,8.773e-05,8.755e-05,8.78e-05,8.684e-05,8.695e-05
enterprise,0.00021941,0.0002238,0.00022453,0.000225,0.00022191,0.00022246,0.00022056,0.00021986,0.0002216
ships,2.067e-05,2.219e-05,2.197e-05,2.244e-05,2.231e-05,2.314e-05,2.363e-05,2.339e-05,2.143e-05
entire,0.00012415,0.00012109,0.00011818,0.00011766,0.00011581,0.00011679,0.00011584,0.00011788,0.00012262
educational,0.00011382,0.00011634,0.00011621,0.00011508,0.00011384,0.00011481,0.00011722,0.00011711,0.00011508
md,1.631e-05,1.68e-05,1.621e-05,1.547e-05,1.442e-05,1.416e-05,1.387e-05,1.284e-05,1.655e-05
leading,0.00015063,0.000152,0.00015257,0.00014965,0.00014632,0.00014633,0.00014907,0.0001483,0.00015132
metal,5.231e-05,5.421e-05,6.091e-05,6.004e-05,6.071e-05,6.014e-05,6.082e-05,6.268e-05,5.326e-05
positive,0.00011608,0.00011824,0.00012408,0.00013024,0.00013403,0.00013567,0.00014145,0.00014295,0.00011716
fl,5.97e-06,6.18e-06,6.06e-06,5.61e-06,5.62e-06,5.79e-06,5.49e-06,5.05e-06,6.08e-06
fitness,1.647e-05,1.759e-05,1.697e-05,1.926e-05,1.988e-05,1.964e-05,2.134e-05,2.278e-05,1.703e-05
chinese,0.00015806,0.00015453,0.00016332,0.00016527,0.00016757,0.00017069,0.00016889,0.00017001,0.00015629
opinion,2.422e-05,2.599e-05,2.47e-05,2.396e-05,2.459e-05,2.406e-05,2.393e-05,2.278e-05,2.51e-05
mb,5.909e-05,6.007e-05,5.803e-05,5.58e-05,5.707e-05,5.984e-05,5.975e-05,6.009e-05,5.958e-05
asia,6.7e-05,6.593e-05,7.136e-05,7.399e-05,7.195e-05,7.248e-05,7.256e-05,7.002e-05,6.647e-05
football,3.148e-05,3.249e-05,3.545e-05,3.654e-05,3.491e-05,3.624e-05,3.658e-05,3.715e-05,3.198e-05
abstract,0.00010882,0.00010651,0.00010333,0.00010447,0.00010412,0.00010445,0.00010258,0.00010397,0.00010767
uses,0.00058768,0.00058612,0.00059345,0.00058738,0.00058969,0.00058622,0.00058334,0.0005822,0.0005869
output,0.00028367,0.00028133,0.00027256,0.00026822,0.00026836,0.00026463,0.00026263,0.00026236,0.0002825
funds,2.825e-05,2.615e-05,2.682e-05,2.684e-05,2.596e-05,2.726e-05,2.728e-05,2.553e-05,2.72e-05
mr,2.761e-05,2.726e-05,2.409e-05,2.32e-05,2.398e-05,2.345e-05,2.363e-05,2.446e-05,2.744e-05
greater,9.106e-05,9.383e-05,8.893e-05,8.885e-05,8.682e-05,8.649e-05,8.81e-05,8.654e-05,9.245e-05
likely,5.941e-05,5.88e-05,6.091e-05,6.019e-05,5.92e-05,5.923e-05,5.975e-05,5.917e-05,5.91e-05
develop,0.00015257,0.00015469,0.00015605,0.00015526,0.00015573,0.00015653,0.0001541,0.00015503,0.00015363
employees,8.96e-05,8.781e-05,8.727e-05,9.097e-05,8.804e-05,8.77e-05,8.871e-05,8.868e-05,8.87e-05
artists,7.249e-05,7.307e-05,7.515e-05,7.49e-05,7.21e-05,7.217e-05,7.088e-05,7.14e-05,7.278e-05
alternative,0.00014337,0.00014249,0.00014378,0.00014404,0.00014556,0.00014648,0.0001477,0.00014861,0.00014293
processing,0.0006056,0.00061417,0.00061815,0.00062119,0.00062718,0.00063509,0.00063791,0.00063526,0.00060989
responsibility,3.051e-05,3.154e-05,3.197e-05,3.154e-05,3.081e-05,2.969e-05,2.942e-05,2.951e-05,3.103e-05
resolution,0.00014288,0.00014249,0.00014226,0.00014101,0.00013888,0.00013734,0.0001381,0.00013867,0.00014268
java,0.00028577,0.00028244,0.00027453,0.0002711,0.00026896,0.00026753,0.00026416,0.00026175,0.0002841
guest,2.567e-05,2.504e-05,2.606e-05,2.487e-05,2.489e-05,2.497e-05,2.424e-05,2.507e-05,2.536e-05
seems,1.921e-05,1.886e-05,1.954e-05,1.895e-05,1.776e-05,1.842e-05,1.722e-05,1.712e-05,1.903e-05
publication,0.00018793,0.0001875,0.00018817,0.00018998,0.00019004,0.00018835,0.00018977,0.00019127,0.00018772
pass,6.991e-05,7.227e-05,7.606e-05,7.733e-05,7.529e-05,7.552e-05,7.637e-05,7.644e-05,7.109e-05
relations,5.877e-05,5.849e-05,5.545e-05,5.489e-05,5.54e-05,5.679e-05,5.503e-05,5.55e-05,5.863e-05
trust,5.941e-05,6.15e-05,6.075e-05,6.019e-05,6.087e-05,6.014e-05,5.762e-05,5.718e-05,6.046e-05
van,7.717e-05,7.576e-05,7.484e-05,7.354e-05,7.21e-05,7.263e-05,7.118e-05,7.155e-05,7.647e-05
contains,0.00021618,0.00021524,0.00021438,0.00021318,0.00021387,0.00021302,0.00021416,0.00021527,0.00021571
session,7.427e-05,7.227e-05,6.939e-05,6.914e-05,6.921e-05,6.821e-05,6.722e-05,6.804e-05,7.327e-05
multi,0.00029465,0.00029861,0.00029635,0.00029278,0.0002937,0.00029554,0.00029647,0.00029783,0.00029663
photography,4.343e-05,4.264e-05,4.363e-05,4.367e-05,4.311e-05,4.385e-05,4.542e-05,4.556e-05,4.303e-05
republic,4.73e-05,4.723e-05,4.712e-05,4.685e-05,4.432e-05,4.659e-05,4.481e-05,4.617e-05,4.727e-05
fees,1.711e-05,1.728e-05,1.788e-05,1.774e-05,1.594e-05,1.675e-05,1.661e-05,1.636e-05,1.72e-05
components,0.00028076,0.00028006,0.00027817,0.00027838,0.00027974,0.00027895,0.00028047,0.00028116,0.00028041
vacation,3.87e-06,3.8e-06,3.79e-06,3.49e-06,3.34e-06,3.35e-06,2.9e-06,3.06e-06,3.83e-06
century,0.00010349,0.00010271,0.00010681,0.00010977,0.0001108,0.00011283,0.0001128,0.00011451,0.0001031
academic,0.00021295,0.00021651,0.00021408,0.00021636,0.00021402,0.00021378,0.00021599,0.00021879,0.00021473
assistance,2.47e-05,2.504e-05,2.515e-05,2.441e-05,2.307e-05,2.36e-05,2.408e-05,2.4e-05,2.487e-05
completed,8.847e-05,8.765e-05,8.893e-05,8.9e-05,8.879e-05,8.892e-05,8.963e-05,9.021e-05,8.806e-05
skin,1.631e-05,1.648e-05,1.606e-05,1.713e-05,1.67e-05,1.644e-05,1.768e-05,1.728e-05,1.64e-05
graphics,0.00062271,0.0006118,0.00061103,0.00061073,0.00061761,0.00062154,0.00062312,0.00062089,0.00061725
indian,9.396e-05,0.00010445,0.00011363,0.00011447,0.00011839,0.00012014,0.00012179,0.00012109,9.92e-05
prev,1.6e-07,1.6e-07,1.5e-07,1.5e-07,1.5e-07,1.5e-07,1.5e-07,1.5e-07,1.6e-07
ads,3.245e-05,3.709e-05,3.454e-05,3.351e-05,3.446e-05,3.411e-05,3.353e-05,3.18e-05,3.477e-05
mary,2.777e-05,2.821e-05,2.727e-05,2.82e-05,2.884e-05,2.969e-05,2.988e-05,2.981e-05,2.799e-05
il,1.356e-05,1.284e-05,1.227e-05,1.198e-05,1.123e-05,1.127e-05,1.128e-05,1.086e-05,1.32e-05
expected,8.96e-05,8.987e-05,9.181e-05,9.325e-05,9.062e-05,9.136e-05,8.887e-05,8.776e-05,8.973e-05
ring,4.811e-05,4.913e-05,4.818e-05,4.731e-05,4.736e-05,4.827e-05,4.771e-05,4.816e-05,4.862e-05
grade,2.599e-05,2.679e-05,2.651e-05,2.714e-05,2.596e-05,2.558e-05,2.698e-05,2.584e-05,2.639e-05
dating,2.599e-05,2.71e-05,2.712e-05,2.669e-05,2.778e-05,2.726e-05,2.713e-05,2.721e-05,2.655e-05
pacific,4.278e-05,4.359e-05,4.636e-05,4.549e-05,4.387e-05,4.355e-05,4.344e-05,4.235e-05,4.319e-05
mountain,2.89e-05,2.964e-05,2.848e-05,2.85e-05,2.808e-05,2.832e-05,2.759e-05,2.783e-05,2.927e-05
organizations,0.00016904,0.00017023,0.00017151,0.0001774,0.00017774,0.00017815,0.0001791,0.0001798,0.00016964
pop,3.81e-05,3.82e-05,3.682e-05,3.821e-05,3.855e-05,3.868e-05,3.887e-05,3.945e-05,3.815e-05
filter,0.00010123,0.0001016,9.863e-05,9.795e-05,9.821e-05,9.882e-05,9.908e-05,9.938e-05,0.00010142
mailing,3.132e-05,3.075e-05,2.924e-05,2.957e-05,3.005e-05,2.969e-05,2.911e-05,2.813e-05,3.104e-05
vehicle,5.183e-05,5.183e-05,5.272e-05,5.504e-05,5.479e-05,5.603e-05,5.762e-05,5.611e-05,5.183e-05
longer,0.00014918,0.00014915,0.00014772,0.00014919,0.00015285,0.00015333,0.00015578,0.0001587,0.00014916
consider,4.763e-05,4.581e-05,4.56e-05,4.488e-05,4.478e-05,4.385e-05,4.268e-05,4.327e-05,4.672e-05
int,2.357e-05,2.235e-05,2.439e-05,2.562e-05,2.231e-05,2.056e-05,2.073e-05,2.049e-05,2.296e-05
northern,3.39e-05,3.487e-05,3.515e-05,3.457e-05,3.43e-05,3.487e-05,3.536e-05,3.455e-05,3.439e-05
behind,9.477e-05,9.684e-05,9.924e-05,9.931e-05,9.851e-05,9.684e-05,9.557e-05,9.678e-05,9.58e-05
panel,4.391e-05,4.311e-05,4.091e-05,4.048e-05,4.098e-05,3.989e-05,3.872e-05,3.883e-05,4.351e-05
floor,2.325e-05,2.219e-05,2.227e-05,2.198e-05,2.079e-05,2.101e-05,2.134e-05,2.186e-05,2.272e-05
german,0.00022587,0.0002303,0.00022847,0.00023319,0.00023299,0.0002322,0.00023413,0.0002327,0.00022808
buying,1.501e-05,1.633e-05,1.682e-05,1.653e-05,1.579e-05,1.66e-05,1.6e-05,1.605e-05,1.567e-05
match,5.957e-05,5.849e-05,5.909e-05,5.762e-05,5.874e-05,5.832e-05,5.838e-05,5.749e-05,5.903e-05
proposed,0.00016193,0.00016452,0.00016817,0.00016891,0.00016833,0.00016886,0.0001727,0.00017414,0.00016322
default,9.267e-05,9.225e-05,8.666e-05,9.037e-05,9.077e-05,9.197e-05,8.841e-05,8.608e-05,9.246e-05
require,0.00015289,0.00015105,0.00014757,0.00014813,0.00014587,0.00014907,0.00014999,0.00014953,0.00015197
iraq,9.69e-06,9.67e-06,9.24e-06,9.55e-06,1.002e-05,8.83e-06,8.08e-06,7.95e-06,9.68e-06
boys,7.27e-06,6.97e-06,6.97e-06,6.22e-06,6.07e-06,5.48e-06,5.64e-06,6.12e-06,7.12e-06
outdoor,8.07e-06,9.03e-06,9.39e-06,9.7e-06,9.71e-06,9.74e-06,1.021e-05,1.04e-05,8.55e-06
deep,6.7e-05,7.085e-05,7.484e-05,7.657e-05,7.544e-05,7.461e-05,7.454e-05,7.385e-05,6.893e-05
morning,1.711e-05,1.759e-05,1.727e-05,1.713e-05,1.791e-05,1.705e-05,1.677e-05,1.636e-05,1.735e-05
otherwise,8.799e-05,8.923e-05,8.56e-05,8.506e-05,8.712e-05,8.862e-05,8.688e-05,8.699e-05,8.861e-05
allows,0.00056911,0.00057201,0.00056966,0.00056812,0.00056555,0.00056307,0.00056032,0.00055698,0.00057056
rest,5.166e-05,5.088e-05,4.985e-05,5.11e-05,5.146e-05,4.949e-05,4.847e-05,4.938e-05,5.127e-05
protein,8.282e-05,8.067e-05,7.893e-05,8.006e-05,8.09e-05,8.177e-05,8.201e-05,8.256e-05,8.174e-05
plant,3.778e-05,3.931e-05,3.924e-05,3.775e-05,3.704e-05,3.73e-05,3.765e-05,3.822e-05,3.855e-05
reported,9.639e-05,9.763e-05,0.00010393,0.00010113,9.851e-05,9.745e-05,9.954e-05,0.0001003,9.701e-05
hit,3.116e-05,2.996e-05,3.03e-05,3.032e-05,2.96e-05,2.847e-05,2.835e-05,2.89e-05,3.056e-05
transportation,3.471e-05,3.566e-05,3.576e-05,3.548e-05,3.521e-05,3.517e-05,3.521e-05,3.516e-05,3.518e-05
mm,3.148e-05,3.297e-05,3.182e-05,3.214e-05,3.309e-05,3.441e-05,3.323e-05,3.241e-05,3.222e-05
pool,2.454e-05,2.409e-05,2.379e-05,2.35e-05,2.353e-05,2.33e-05,2.302e-05,2.355e-05,2.432e-05
mini,4.908e-05,4.66e-05,4.788e-05,4.594e-05,4.584e-05,4.69e-05,4.695e-05,4.77e-05,4.784e-05
politics,3.536e-05,3.661e-05,3.757e-05,3.654e-05,3.719e-05,3.761e-05,3.689e-05,3.792e-05,3.599e-05
partner,6.91e-05,7.164e-05,7e-05,6.959e-05,7.24e-05,7.096e-05,7.179e-05,7.094e-05,7.037e-05
disclaimer,2.1e-06,2.22e-06,2.12e-06,2.12e-06,2.12e-06,2.44e-06,1.98e-06,2.14e-06,2.16e-06
authors,0.00010236,0.00010049,9.818e-05,9.719e-05,9.79e-05,9.212e-05,9.283e-05,9.189e-05,0.00010142
boards,6.426e-05,6.435e-05,6.333e-05,6.277e-05,6.147e-05,6.106e-05,5.99e-05,5.795e-05,6.431e-05
faculty,0.0001185,0.00012331,0.00012469,0.00012448,0.00012067,0.00011861,0.00011828,0.00011482,0.00012091
parties,5.36e-05,5.579e-05,5.545e-05,5.58e-05,5.692e-05,5.74e-05,5.762e-05,5.81e-05,5.47e-05
fish,1.663e-05,1.601e-05,1.727e-05,1.713e-05,1.806e-05,1.873e-05,1.875e-05,1.804e-05,1.632e-05
membership,5.005e-05,4.961e-05,4.924e-05,4.715e-05,4.705e-05,4.675e-05,4.801e-05,4.785e-05,4.983e-05
mission,8.557e-05,8.321e-05,8.606e-05,8.46e-05,8.439e-05,8.451e-05,8.185e-05,8.027e-05,8.439e-05
eye,5.861e-05,5.785e-05,5.848e-05,5.61e-05,5.586e-05,5.847e-05,5.777e-05,5.657e-05,5.823e-05
string,0.00012561,0.00012252,0.00011924,0.0001172,0.00011854,0.00012105,0.00012179,0.00012292,0.00012407
sense,0.00012512,0.00012648,0.0001256,0.00012615,0.00012659,0.00012882,0.00012804,0.00012751,0.0001258
modified,8.993e-05,9.082e-05,9.09e-05,9.158e-05,9.289e-05,9.379e-05,9.451e-05,9.525e-05,9.038e-05
pack,3.536e-05,3.582e-05,3.803e-05,3.791e-05,3.886e-05,3.746e-05,3.994e-05,3.945e-05,3.559e-05
released,0.00128918,0.00131473,0.00137962,0.00140643,0.00143361,0.00144894,0.00146864,0.00148701,0.00130196
stage,7.701e-05,7.433e-05,7.606e-05,7.46e-05,7.179e-05,7.035e-05,6.844e-05,6.941e-05,7.567e-05
internal,0.00015047,0.00015121,0.00014969,0.00015117,0.00015467,0.00015424,0.00015456,0.00015549,0.00015084
goods,2.567e-05,2.615e-05,2.651e-05,2.79e-05,2.838e-05,2.847e-05,2.85e-05,2.935e-05,2.591e-05
recommended,3.649e-05,3.63e-05,3.545e-05,3.472e-05,3.43e-05,3.456e-05,3.506e-05,3.516e-05,3.639e-05
born,0.00059736,0.00062051,0.00062936,0.00063438,0.00063188,0.00063159,0.00063395,0.00063633,0.00060894
unless,3.164e-05,3.107e-05,3.045e-05,2.881e-05,2.914e-05,2.893e-05,2.759e-05,2.783e-05,3.136e-05
richard,0.0001022,0.00010207,0.00010227,9.961e-05,9.881e-05,9.912e-05,9.954e-05,9.892e-05,0.00010213
detailed,5.699e-05,5.532e-05,5.575e-05,5.61e-05,5.479e-05,5.542e-05,5.564e-05,5.535e-05,5.616e-05
japanese,0.00017614,0.00017546,0.00017954,0.00018179,0.00018275,0.00018546,0.00018261,0.00018209,0.0001758
race,3.843e-05,3.947e-05,4.121e-05,4.154e-05,4.296e-05,4.324e-05,4.268e-05,4.266e-05,3.895e-05
approved,4.23e-05,4.184e-05,4.288e-05,4.23e-05,4.22e-05,4.248e-05,4.39e-05,4.373e-05,4.207e-05
background,6.862e-05,6.768e-05,6.757e-05,6.762e-05,6.785e-05,6.761e-05,6.692e-05,6.62e-05,6.815e-05
target,0.00015144,0.00015342,0.00015287,0.00015602,0.00015512,0.00015424,0.0001541,0.00015687,0.00015243
except,6.2e-05,6.261e-05,6.212e-05,6.141e-05,6.208e-05,6.182e-05,6.173e-05,6.299e-05,6.23e-05
character,0.0003032,0.00029892,0.00030604,0.00031006,0.00030888,0.00031305,0.0003111,0.00030884,0.00030106
usb,0.00011576,0.00011475,0.0001156,0.00011584,0.00011748,0.00011709,0.00012499,0.00012522,0.00011526
maintenance,7.12e-05,7.101e-05,7e-05,7.05e-05,7.164e-05,7.293e-05,7.118e-05,7.339e-05,7.11e-05
ability,0.00020714,0.0002089,0.00020302,0.0002059,0.00020552,0.00020662,0.00020578,0.00020503,0.00020802
maybe,4.84e-06,4.6e-06,4.09e-06,4.55e-06,4.55e-06,4.42e-06,3.96e-06,3.82e-06,4.72e-06
functions,0.00045174,0.00044316,0.00043831,0.00043636,0.00042819,0.00043273,0.00043594,0.00043253,0.00044745
ed,7.54e-05,7.513e-05,7.621e-05,7.52e-05,7.24e-05,6.715e-05,6.509e-05,6.513e-05,7.527e-05
moving,9.509e-05,9.589e-05,9.409e-05,9.476e-05,9.441e-05,9.425e-05,9.252e-05,9.219e-05,9.549e-05
brands,3.649e-05,3.661e-05,3.863e-05,3.806e-05,3.992e-05,4.096e-05,4.085e-05,4.067e-05,3.655e-05
places,5.586e-05,5.627e-05,5.56e-05,5.519e-05,5.495e-05,5.619e-05,5.579e-05,5.596e-05,5.606e-05
php,9.978e-05,9.431e-05,8.772e-05,8.612e-05,7.589e-05,6.441e-05,6.493e-05,6.314e-05,9.705e-05
pretty,5.49e-06,5.39e-06,5.15e-06,4.85e-06,4.71e-06,5.18e-06,5.03e-06,4.89e-06,5.44e-06
trademarks,8.88e-06,8.56e-06,7.88e-06,7.58e-06,7.89e-06,8.37e-06,8.38e-06,8.56e-06,8.72e-06
phentermine,0.0,0.0,0.0,0.0,0.0,0.0,0.0,0.0,0.0
spain,3.794e-05,3.867e-05,4.015e-05,4.048e-05,4.144e-05,4.111e-05,4.1e-05,4.067e-05,3.831e-05
southern,4.246e-05,4.105e-05,4.045e-05,4.048e-05,4.068e-05,4.035e-05,4.024e-05,4.113e-05,4.175e-05
yourself,1.066e-05,9.67e-06,1e-05,8.49e-06,9.11e-06,8.83e-06,9.45e-06,9.48e-06,1.017e-05
etc,0.00023378,0.00022808,0.00022029,0.00021727,0.00021614,0.00021226,0.0002073,0.00020029,0.00023093
winter,1.841e-05,2.092e-05,2.06e-05,2.047e-05,2.004e-05,2.071e-05,2.012e-05,1.942e-05,1.967e-05
rape,4.84e-06,5.23e-06,5.15e-06,4.7e-06,4.55e-06,5.02e-06,5.64e-06,6.73e-06,5.04e-06
battery,4.504e-05,4.549e-05,4.485e-05,4.427e-05,4.462e-05,4.4e-05,4.39e-05,4.434e-05,4.527e-05
youth,1.841e-05,1.918e-05,1.985e-05,1.85e-05,1.715e-05,1.736e-05,1.768e-05,1.819e-05,1.879e-05
pressure,4.827e-05,4.834e-05,4.621e-05,4.518e-05,4.614e-05,4.675e-05,4.649e-05,4.633e-05,4.83e-05
submitted,3.729e-05,3.677e-05,3.56e-05,3.548e-05,3.491e-05,3.472e-05,3.46e-05,3.409e-05,3.703e-05
boston,4.521e-05,4.343e-05,4.545e-05,4.564e-05,4.326e-05,4.355e-05,4.222e-05,4.174e-05,4.432e-05
incest,0.0,0.0,0.0,0.0,0.0,0.0,0.0,0.0,0.0
debt,9.85e-06,9.51e-06,9.24e-06,8.64e-06,8.35e-06,8.07e-06,8.84e-06,8.26e-06,9.68e-06
keywords,2.034e-05,2.029e-05,1.879e-05,1.835e-05,1.837e-05,1.858e-05,1.799e-05,1.804e-05,2.031e-05
medium,9.461e-05,9.478e-05,9.348e-05,9.37e-05,9.229e-05,9.242e-05,9.268e-05,9.128e-05,9.47e-05
television,0.00026946,0.00027341,0.00027574,0.00028171,0.00028445,0.0002861,0.00028412,0.00028697,0.00027143
interested,4.488e-05,4.375e-05,4.409e-05,4.2e-05,3.901e-05,3.852e-05,3.826e-05,3.761e-05,4.431e-05
core,0.00031854,0.00032936,0.00032438,0.00032477,0.00032148,0.00032447,0.00032528,0.00032994,0.00032395
break,3.972e-05,3.867e-05,3.833e-05,3.851e-05,3.734e-05,3.746e-05,3.704e-05,3.669e-05,3.919e-05
purposes,9.752e-05,0.00010033,9.924e-05,9.84e-05,9.775e-05,0.00010034,0.00010213,0.00010152,9.893e-05
throughout,0.00011301,0.00011348,0.00011484,0.00011675,0.0001193,0.00011709,0.00011676,0.00011543,0.00011325
sets,0.00019907,0.00019495,0.0001962,0.00019756,0.00019914,0.00020114,0.00020029,0.00020227,0.00019701
dance,2.696e-05,2.599e-05,2.742e-05,2.881e-05,2.945e-05,2.802e-05,2.835e-05,2.89e-05,2.647e-05
wood,1.195e-05,1.22e-05,1.182e-05,1.198e-05,1.245e-05,1.249e-05,1.219e-05,1.223e-05,1.208e-05
msn,1.921e-05,1.743e-05,1.667e-05,1.622e-05,1.654e-05,1.644e-05,1.677e-05,1.697e-05,1.832e-05
itself,0.00026026,0.00025502,0.00025332,0.0002526,0.00025333,0.0002491,0.00024709,0.00024294,0.00025764
defined,0.00038845,0.00038039,0.00037225,0.00037556,0.00037157,0.00037305,0.00037695,0.00037886,0.00038442
papers,0.00012222,0.00012458,0.00012075,0.0001213,0.00011687,0.00011572,0.00011203,0.00011192,0.0001234
playing,0.00014208,0.00014265,0.00014772,0.00015101,0.00015452,0.00015638,0.0001567,0.00015549,0.00014236
awards,0.00015725,0.00015564,0.00015605,0.00015662,0.00015573,0.00015622,0.00015563,0.00015579,0.00015645
fee,3.326e-05,3.36e-05,3.242e-05,3.093e-05,3.127e-05,3.076e-05,3.094e-05,3.104e-05,3.343e-05
studio,0.00013982,0.00015881,0.00016741,0.00016981,0.00017137,0.00017434,0.00017316,0.00017399,0.00014932
reader,7.475e-05,7.259e-05,7.121e-05,6.884e-05,6.861e-05,6.867e-05,6.92e-05,6.788e-05,7.367e-05
virtual,0.00051438,0.0005102,0.00050755,0.00051521,0.0005147,0.00051359,0.00051307,0.0005157,0.00051229
device,0.00050566,0.00050101,0.00050118,0.00050232,0.00050818,0.00050658,0.00050545,0.00050866,0.00050333
established,0.00023007,0.00023695,0.00024544,0.00024305,0.00024392,0.00024926,0.00024998,0.00025273,0.00023351
answers,2.664e-05,2.583e-05,2.545e-05,2.471e-05,2.368e-05,2.345e-05,2.378e-05,2.324e-05,2.623e-05
rent,8.23e-06,8.08e-06,7.42e-06,6.97e-06,6.22e-06,6.4e-06,6.1e-06,5.96e-06,8.16e-06
las,1.501e-05,1.474e-05,1.424e-05,1.365e-05,1.366e-05,1.37e-05,1.372e-05,1.361e-05,1.487e-05
remote,0.00018244,0.0001837,0.00018347,0.0001824,0.00018275,0.000185,0.00018627,0.0001853,0.00018307
dark,5.796e-05,5.627e-05,6.166e-05,6.414e-05,6.284e-05,6.456e-05,6.478e-05,6.59e-05,5.711e-05
programming,0.00116163,0.00115069,0.00114357,0.00115323,0.00115463,0.0011566,0.00115738,0.0011586,0.00115616
external,0.00014724,0.00014471,0.00014151,0.00014177,0.00014192,0.00014358,0.00014496,0.0001457,0.00014598
apple,0.00047838,0.00047438,0.00048437,0.00047958,0.00048146,0.00047994,0.00047923,0.00048466,0.00047638
le,3.035e-05,3.265e-05,3.227e-05,3.442e-05,3.218e-05,3.091e-05,3.079e-05,2.767e-05,3.15e-05
regarding,5.618e-05,5.389e-05,5.545e-05,5.504e-05,5.586e-05,5.679e-05,5.731e-05,5.825e-05,5.504e-05
instructions,0.00014288,0.00014391,0.00014423,0.00014343,0.00013934,0.00014024,0.00014389,0.00014448,0.00014339
min,1.824e-05,1.839e-05,1.848e-05,1.744e-05,1.7e-05,1.69e-05,1.661e-05,1.682e-05,1.831e-05
offered,0.00014514,0.00014978,0.00014999,0.00014995,0.00015118,0.00015607,0.00015959,0.00016023,0.00014746
theory,0.00080467,0.00080548,0.00080829,0.00081208,0.00081645,0.00081659,0.00082143,0.00082148,0.00080507
enjoy,6.46e-06,6.18e-06,5.91e-06,5.91e-06,6.07e-06,5.18e-06,5.33e-06,5.5e-06,6.32e-06
remove,3.81e-05,3.756e-05,3.773e-05,3.836e-05,3.81e-05,3.807e-05,3.856e-05,3.883e-05,3.783e-05
aid,4.65e-05,4.517e-05,4.515e-05,4.624e-05,4.447e-05,4.431e-05,4.527e-05,4.449e-05,4.583e-05
surface,0.00017356,0.00017213,0.00016969,0.00017103,0.00016879,0.00016932,0.00016889,0.00017185,0.00017285
minimum,0.00011205,0.00011111,0.00011196,0.00011341,0.00011369,0.00011298,0.00011203,0.00011115,0.00011158
visual,0.00027672,0.00027753,0.00028089,0.00028929,0.00028961,0.00029372,0.00029479,0.00029477,0.00027713
host,0.00017162,0.00016927,0.00017272,0.00017315,0.00017319,0.00017358,0.00017666,0.00018056,0.00017044
variety,0.00024266,0.00024171,0.00024256,0.00024472,0.00024529,0.0002453,0.00024571,0.00024554,0.00024219
teachers,2.18e-05,2.298e-05,2.303e-05,2.35e-05,2.216e-05,2.101e-05,2.149e-05,2.14e-05,2.239e-05
isbn,4.68e-06,4.28e-06,3.79e-06,3.79e-06,4.4e-06,5.48e-06,5.79e-06,6.27e-06,4.48e-06
martin,7.846e-05,7.798e-05,7.53e-05,7.536e-05,7.529e-05,7.476e-05,7.377e-05,7.644e-05,7.822e-05
manual,7.637e-05,7.338e-05,7.091e-05,6.975e-05,6.921e-05,6.73e-05,6.6e-05,6.605e-05,7.488e-05
block,0.00019697,0.00019511,0.00019393,0.00019711,0.0001958,0.00019733,0.00019755,0.00020151,0.00019604
subjects,4.504e-05,4.501e-05,4.242e-05,4.154e-05,4.204e-05,4.202e-05,4.1e-05,4.082e-05,4.502e-05
agents,8.557e-05,8.591e-05,8.56e-05,8.824e-05,8.864e-05,8.907e-05,8.688e-05,8.47e-05,8.574e-05
increased,8.428e-05,8.67e-05,8.954e-05,9.067e-05,9.077e-05,9.593e-05,9.481e-05,9.525e-05,8.549e-05
repair,1.711e-05,1.823e-05,1.833e-05,1.91e-05,1.912e-05,1.858e-05,1.829e-05,1.819e-05,1.767e-05
fair,3.294e-05,3.36e-05,3.454e-05,3.411e-05,3.461e-05,3.487e-05,3.491e-05,3.532e-05,3.327e-05
civil,5.877e-05,6.055e-05,6.242e-05,6.277e-05,6.299e-05,6.319e-05,6.295e-05,6.253e-05,5.966e-05
steel,1.275e-05,1.506e-05,1.5e-05,1.531e-05,1.533e-05,1.507e-05,1.54e-05,1.468e-05,1.39e-05
understanding,9.639e-05,9.652e-05,9.787e-05,9.476e-05,9.426e-05,9.486e-05,9.588e-05,9.724e-05,9.646e-05
songs,3.358e-05,3.281e-05,3.257e-05,3.32e-05,3.37e-05,3.319e-05,3.43e-05,3.379e-05,3.319e-05
fixed,0.00015951,0.00015913,0.00015651,0.00015769,0.00015831,0.00015775,0.00015913,0.00015962,0.00015932
wrong,1.679e-05,1.696e-05,1.712e-05,1.653e-05,1.67e-05,1.584e-05,1.616e-05,1.468e-05,1.688e-05
beginning,9.945e-05,9.843e-05,9.939e-05,0.00010341,0.00010352,0.00010415,0.00010426,0.00010274,9.894e-05
hands,2.906e-05,2.964e-05,2.848e-05,2.759e-05,2.656e-05,2.649e-05,2.53e-05,2.569e-05,2.935e-05
associates,3.536e-05,3.566e-05,3.409e-05,3.32e-05,3.248e-05,3.335e-05,3.292e-05,3.241e-05,3.551e-05
finally,5.344e-05,5.104e-05,5.378e-05,5.307e-05,5.115e-05,5.055e-05,5e-05,4.969e-05,5.224e-05
az,2.26e-06,1.9e-06,1.67e-06,1.52e-06,1.67e-06,1.83e-06,1.83e-06,1.68e-06,2.08e-06
updates,8.815e-05,8.86e-05,8.848e-05,8.93e-05,9.244e-05,9.273e-05,9.252e-05,9.54e-05,8.837e-05
desktop,0.00024702,0.00024947,0.00024605,0.00024896,0.00024954,0.00025032,0.000248,0.00024646,0.00024825
classes,0.00011737,0.00011681,0.00011514,0.00011781,0.000119,0.00011877,0.00011661,0.00011589,0.00011709
paris,6.038e-05,5.991e-05,6.197e-05,6.125e-05,6.178e-05,5.999e-05,5.823e-05,5.947e-05,6.015e-05
ohio,2.486e-05,2.568e-05,2.576e-05,2.456e-05,2.444e-05,2.391e-05,2.515e-05,2.507e-05,2.527e-05
gets,3.035e-05,2.758e-05,2.606e-05,2.653e-05,2.55e-05,2.482e-05,2.363e-05,2.37e-05,2.896e-05
sector,7.346e-05,7.449e-05,7.454e-05,7.429e-05,7.498e-05,7.583e-05,7.804e-05,7.752e-05,7.397e-05
capacity,0.00011011,0.00011253,0.00010939,0.00010977,0.00010898,0.00010948,0.00010929,0.00010962,0.00011132
requires,0.00015031,0.00014835,0.00014529,0.00014753,0.00014587,0.00014678,0.00014907,0.00014876,0.00014933
jersey,3.164e-05,2.98e-05,3.091e-05,3.032e-05,2.945e-05,2.954e-05,2.866e-05,2.798e-05,3.072e-05
un,1.841e-05,1.823e-05,1.712e-05,1.728e-05,1.67e-05,1.584e-05,1.555e-05,1.559e-05,1.832e-05
fat,1.97e-05,1.918e-05,1.818e-05,1.85e-05,1.837e-05,1.797e-05,1.677e-05,1.605e-05,1.944e-05
fully,0.00013158,0.00013028,0.00012984,0.00012857,0.00012962,0.00013064,0.00013154,0.00013057,0.00013093
father,4.052e-05,4.073e-05,4.06e-05,4.079e-05,4.159e-05,4.142e-05,4.161e-05,4.189e-05,4.062e-05
electric,7.023e-05,7.148e-05,7.06e-05,7.02e-05,6.967e-05,7.019e-05,7.027e-05,7.171e-05,7.085e-05
saw,3.31e-05,3.376e-05,3.712e-05,3.669e-05,4.007e-05,3.898e-05,4.161e-05,4.25e-05,3.343e-05
instruments,5.457e-05,5.389e-05,5.348e-05,5.352e-05,5.434e-05,5.192e-05,5.137e-05,5.107e-05,5.423e-05
quotes,7.75e-06,6.97e-06,6.67e-06,6.67e-06,6.37e-06,6.55e-06,6.25e-06,6.57e-06,7.36e-06
officer,9.509e-05,9.779e-05,9.772e-05,9.84e-05,9.896e-05,9.897e-05,0.00010243,0.00010121,9.644e-05
driver,6.636e-05,6.593e-05,6.727e-05,6.702e-05,6.785e-05,6.898e-05,6.859e-05,7.018e-05,6.614e-05
businesses,9.735e-05,9.589e-05,9.727e-05,9.613e-05,9.684e-05,9.76e-05,9.816e-05,0.0001006,9.662e-05
dead,5.037e-05,5.104e-05,5.166e-05,5.034e-05,4.963e-05,5.04e-05,5.244e-05,5.229e-05,5.07e-05
respect,5.36e-05,5.325e-05,5.303e-05,5.398e-05,5.419e-05,5.36e-05,5.335e-05,5.214e-05,5.342e-05
unknown,5.925e-05,5.849e-05,5.954e-05,5.974e-05,5.829e-05,5.695e-05,5.716e-05,5.657e-05,5.887e-05
specified,0.00011108,0.00011253,0.00011348,0.00011553,0.00011445,0.00011389,0.00011371,0.00011344,0.00011181
restaurant,1.275e-05,1.268e-05,1.303e-05,1.152e-05,1.214e-05,1.142e-05,1.189e-05,1.177e-05,1.271e-05
mike,5.473e-05,5.246e-05,4.985e-05,4.806e-05,4.614e-05,4.522e-05,4.222e-05,4.204e-05,5.36e-05
trip,2.357e-05,2.314e-05,2.242e-05,2.077e-05,2.11e-05,2.116e-05,2.043e-05,2.064e-05,2.335e-05
pst,2.58e-06,2.38e-06,2.42e-06,2.27e-06,2.28e-06,2.28e-06,2.29e-06,2.14e-06,2.48e-06
worth,2.502e-05,2.742e-05,2.788e-05,2.926e-05,3.112e-05,3.152e-05,3.125e-05,3.287e-05,2.622e-05
mi,9.04e-06,9.51e-06,1.015e-05,9.7e-06,9.56e-06,1.051e-05,9.3e-06,8.71e-06,9.28e-06
procedures,5.505e-05,5.357e-05,5.197e-05,5.216e-05,5.404e-05,5.314e-05,5.091e-05,5.045e-05,5.431e-05
poor,3.584e-05,3.55e-05,3.666e-05,3.715e-05,3.779e-05,3.776e-05,3.734e-05,3.578e-05,3.567e-05
teacher,1.824e-05,1.839e-05,1.909e-05,1.895e-05,1.867e-05,1.873e-05,1.951e-05,1.881e-05,1.831e-05
xxx,2.42e-06,1.9e-06,1.36e-06,1.52e-06,1.52e-06,1.22e-06,1.37e-06,1.38e-06,2.16e-06
eyes,2.745e-05,2.774e-05,2.757e-05,2.729e-05,2.687e-05,2.619e-05,2.698e-05,2.691e-05,2.759e-05
relationship,8.363e-05,8.448e-05,8.575e-05,8.612e-05,8.379e-05,8.481e-05,8.292e-05,8.363e-05,8.406e-05
workers,3.326e-05,3.281e-05,3.136e-05,3.093e-05,2.884e-05,2.863e-05,2.85e-05,2.721e-05,3.303e-05
farm,1.308e-05,1.22e-05,1.227e-05,1.183e-05,1.169e-05,1.188e-05,1.265e-05,1.284e-05,1.264e-05
fucking,6.5e-07,6.3e-07,7.6e-07,6.1e-07,6.1e-07,6.1e-07,6.1e-07,6.1e-07,6.4e-07
georgia,4.569e-05,4.549e-05,4.545e-05,4.564e-05,4.523e-05,4.492e-05,4.512e-05,4.449e-05,4.559e-05
peace,1.388e-05,1.141e-05,1.303e-05,1.243e-05,1.275e-05,1.279e-05,1.311e-05,1.284e-05,1.264e-05
traditional,0.00020068,0.00020208,0.0002059,0.00020347,0.00020203,0.00020312,0.00020136,0.00020212,0.00020138
campus,4.327e-05,4.359e-05,4.242e-05,4.018e-05,3.962e-05,3.791e-05,3.78e-05,3.761e-05,4.343e-05
tom,5.07e-05,5.024e-05,4.818e-05,4.776e-05,4.69e-05,4.705e-05,4.649e-05,4.464e-05,5.047e-05
showing,3.956e-05,3.725e-05,3.985e-05,3.912e-05,3.749e-05,3.776e-05,3.734e-05,3.715e-05,3.84e-05
creative,8.492e-05,8.4e-05,8.515e-05,8.597e-05,8.621e-05,8.816e-05,8.765e-05,8.761e-05,8.446e-05
coast,2.325e-05,2.362e-05,2.394e-05,2.365e-05,2.398e-05,2.36e-05,2.363e-05,2.431e-05,2.344e-05
benefit,4.004e-05,3.962e-05,4.045e-05,4.048e-05,4.053e-05,4.096e-05,3.887e-05,3.945e-05,3.983e-05
progress,4.585e-05,4.549e-05,4.697e-05,4.746e-05,4.736e-05,4.659e-05,4.634e-05,4.77e-05,4.567e-05
funding,8.896e-05,8.765e-05,8.681e-05,8.582e-05,8.485e-05,8.359e-05,8.338e-05,8.088e-05,8.831e-05
devices,0.00065791,0.00067599,0.0006689,0.00067198,0.00067863,0.00068519,0.00068714,0.00068907,0.00066695
lord,1.598e-05,1.728e-05,1.636e-05,1.774e-05,1.67e-05,1.599e-05,1.6e-05,1.667e-05,1.663e-05
grant,3.536e-05,3.534e-05,3.697e-05,3.988e-05,3.658e-05,3.639e-05,3.658e-05,3.532e-05,3.535e-05
sub,7.346e-05,7.671e-05,7.803e-05,7.581e-05,7.513e-05,7.537e-05,7.652e-05,7.614e-05,7.509e-05
agree,8.88e-06,9.03e-06,8.79e-06,8.64e-06,8.96e-06,8.83e-06,9.3e-06,9.63e-06,8.95e-06
fiction,0.00014983,0.00014915,0.0001512,0.00015026,0.00015027,0.00015044,0.00015151,0.00015075,0.00014949
hear,7.59e-06,7.61e-06,7.88e-06,7.58e-06,7.29e-06,7e-06,6.86e-06,7.19e-06,7.6e-06
sometimes,0.00030724,0.00030812,0.0003021,0.00030294,0.00030645,0.00031138,0.00031522,0.00031312,0.00030768
watches,7.27e-06,7.45e-06,7.58e-06,7.13e-06,7.13e-06,7.46e-06,7.32e-06,6.88e-06,7.36e-06
careers,7.91e-06,8.56e-06,8.18e-06,7.88e-06,7.29e-06,7.31e-06,8.08e-06,8.26e-06,8.23e-06
beyond,9.154e-05,9.018e-05,9.045e-05,9.128e-05,9.077e-05,9.182e-05,9.176e-05,9.173e-05,9.086e-05
goes,4.359e-05,4.184e-05,4.136e-05,3.942e-05,3.855e-05,3.898e-05,3.811e-05,3.761e-05,4.272e-05
families,3.859e-05,3.772e-05,3.848e-05,3.881e-05,3.855e-05,3.944e-05,3.948e-05,3.807e-05,3.816e-05
led,0.00021005,0.0002146,0.00022256,0.00022531,0.00022904,0.00023007,0.00022986,0.00023392,0.00021233
museum,0.00014127,0.00013694,0.00013166,0.00012751,0.00012993,0.00012653,0.00012347,0.00012308,0.0001391
themselves,8.831e-05,8.686e-05,8.696e-05,8.582e-05,8.561e-05,8.633e-05,8.704e-05,8.638e-05,8.758e-05
fan,4.957e-05,4.85e-05,4.939e-05,4.897e-05,4.887e-05,4.812e-05,5e-05,5e-05,4.904e-05
transport,0.0001185,0.00011729,0.00011802,0.00011781,0.0001193,0.0001174,0.00011691,0.00011497,0.00011789
interesting,2.938e-05,2.774e-05,2.53e-05,2.274e-05,2.186e-05,2.116e-05,2.058e-05,2.033e-05,2.856e-05
blogs,4.634e-05,4.691e-05,4.227e-05,4.063e-05,3.855e-05,3.7e-05,3.506e-05,3.425e-05,4.663e-05
wife,2.68e-05,2.615e-05,2.651e-05,2.623e-05,2.565e-05,2.451e-05,2.469e-05,2.324e-05,2.647e-05
evaluation,9.558e-05,9.272e-05,9.499e-05,9.491e-05,9.365e-05,9.41e-05,9.511e-05,9.556e-05,9.415e-05
accepted,4.795e-05,4.707e-05,4.545e-05,4.427e-05,4.296e-05,4.126e-05,4.253e-05,4.204e-05,4.751e-05
former,0.00022215,0.0002257,0.0002312,0.00023395,0.00023633,0.00024286,0.0002483,0.00025196,0.00022393
implementation,0.00032209,0.00032064,0.00031468,0.00031264,0.00031131,0.00031077,0.0003108,0.00030761,0.00032136
ten,7.879e-05,7.972e-05,7.757e-05,7.566e-05,7.407e-05,7.72e-05,7.743e-05,7.721e-05,7.925e-05
hits,1.598e-05,1.585e-05,1.621e-05,1.577e-05,1.579e-05,1.507e-05,1.509e-05,1.437e-05,1.591e-05
zone,3.39e-05,3.17e-05,3.333e-05,3.609e-05,3.597e-05,3.609e-05,3.567e-05,3.578e-05,3.28e-05
complex,0.00027979,0.00027784,0.00027817,0.00027822,0.00028141,0.00028138,0.00028077,0.0002856,0.00027881
th,1.518e-05,1.49e-05,1.727e-05,1.698e-05,1.639e-05,1.614e-05,1.707e-05,1.667e-05,1.504e-05
cat,2.615e-05,2.631e-05,2.667e-05,2.714e-05,2.656e-05,2.451e-05,2.652e-05,2.63e-05,2.623e-05
galleries,8.4e-06,7.61e-06,7.12e-06,7.28e-06,7.74e-06,7.92e-06,7.93e-06,7.8e-06,8e-06
references,5.231e-05,4.961e-05,4.924e-05,4.928e-05,4.887e-05,4.903e-05,4.862e-05,4.877e-05,5.096e-05
die,3.068e-05,3.217e-05,3.227e-05,3.23e-05,3.233e-05,3.304e-05,3.323e-05,3.318e-05,3.142e-05
presented,0.00012125,0.00012204,0.00012272,0.00012099,0.00012052,0.00011998,0.00011828,0.00011711,0.00012165
jack,4.65e-05,4.691e-05,4.818e-05,4.837e-05,4.751e-05,4.675e-05,4.725e-05,4.648e-05,4.671e-05
flat,4.085e-05,3.915e-05,3.879e-05,3.851e-05,3.855e-05,3.974e-05,3.948e-05,3.975e-05,4e-05
flow,0.00017227,0.0001745,0.00017605,0.00017997,0.0001785,0.00017937,0.00018154,0.00018224,0.00017339
agencies,7.233e-05,7.132e-05,7.257e-05,7.52e-05,7.513e-05,7.674e-05,7.591e-05,7.706e-05,7.182e-05
literature,8.508e-05,8.4e-05,8.257e-05,8.309e-05,8.379e-05,8.344e-05,8.353e-05,8.302e-05,8.454e-05
respective,2.825e-05,2.694e-05,2.788e-05,2.775e-05,2.732e-05,2.604e-05,2.652e-05,2.721e-05,2.759e-05
parent,5.086e-05,5.024e-05,4.954e-05,5.261e-05,5.13e-05,5.192e-05,5.442e-05,5.366e-05,5.055e-05
spanish,5.861e-05,5.944e-05,5.924e-05,6.095e-05,5.92e-05,6.091e-05,6.173e-05,6.207e-05,5.902e-05
michigan,5.812e-05,5.69e-05,5.56e-05,5.398e-05,5.464e-05,5.04e-05,4.984e-05,5.061e-05,5.751e-05
columbia,4.795e-05,5.024e-05,5.03e-05,4.913e-05,4.979e-05,4.888e-05,4.984e-05,5.015e-05,4.91e-05
setting,7.265e-05,7.323e-05,7.697e-05,7.672e-05,7.756e-05,7.765e-05,7.743e-05,7.782e-05,7.294e-05
dr,0.00014321,0.00013773,0.00012999,0.00012509,0.00011946,0.00011313,0.00010594,9.892e-05,0.00014047
scale,0.00018438,0.00018433,0.00018499,0.00018498,0.00018548,0.00018241,0.00018154,0.00018484,0.00018435
stand,4.795e-05,4.898e-05,4.909e-05,4.897e-05,4.827e-05,4.812e-05,4.801e-05,4.724e-05,4.847e-05
economy,3.503e-05,3.519e-05,3.56e-05,3.609e-05,3.719e-05,3.639e-05,3.704e-05,3.807e-05,3.511e-05
highest,7.411e-05,7.624e-05,7.787e-05,7.778e-05,8.879e-05,8.755e-05,8.658e-05,8.715e-05,7.517e-05
helpful,7.91e-06,8.08e-06,8.64e-06,8.19e-06,8.5e-06,8.68e-06,8.54e-06,8.71e-06,8e-06
monthly,0.00011075,0.00010952,0.00010696,0.00010932,0.0001105,0.00011054,0.0001096,0.00010794,0.00011014
critical,0.00014805,0.00014566,0.00015166,0.00015617,0.00015892,0.00016018,0.00015791,0.00015778,0.00014685
frame,0.00012496,0.00012109,0.00011939,0.00011917,0.00012006,0.00011922,0.00011722,0.00011635,0.00012302
musical,4.311e-05,4.248e-05,4.242e-05,4.367e-05,4.311e-05,4.537e-05,4.405e-05,4.388e-05,4.279e-05
definition,0.0001847,0.00017641,0.00017847,0.00018179,0.00017501,0.00017389,0.00017529,0.00017781,0.00018055
secretary,2.696e-05,2.679e-05,2.697e-05,2.684e-05,2.702e-05,2.695e-05,2.713e-05,2.737e-05,2.687e-05
angeles,5.328e-05,5.357e-05,5.348e-05,5.322e-05,5.388e-05,5.344e-05,5.304e-05,5.244e-05,5.342e-05
networking,0.00029077,0.00028783,0.0002868,0.00028717,0.00028445,0.00028549,0.00029159,0.00029095,0.0002893
path,0.00016016,0.00015976,0.0001559,0.00015723,0.00015406,0.00015379,0.00015487,0.00015564,0.00015996
australian,0.00012028,0.00012711,0.0001256,0.00012903,0.00013023,0.00013125,0.00013033,0.00012934,0.0001237
employee,3.407e-05,3.424e-05,3.485e-05,3.624e-05,3.521e-05,3.411e-05,3.491e-05,3.455e-05,3.416e-05
chief,0.0002136,0.00021365,0.00021347,0.00021454,0.00021478,0.00021484,0.00021736,0.00021557,0.00021363
gives,8.831e-05,8.575e-05,8.333e-05,8.142e-05,7.984e-05,7.857e-05,7.804e-05,7.446e-05,8.703e-05
kb,6.458e-05,6.498e-05,6.242e-05,5.898e-05,5.904e-05,5.679e-05,5.762e-05,5.764e-05,6.478e-05
bottom,3.455e-05,3.408e-05,3.469e-05,3.457e-05,3.324e-05,3.198e-05,3.231e-05,3.073e-05,3.431e-05
magazines,6.28e-05,6.102e-05,6.303e-05,6.232e-05,6.208e-05,6.06e-05,6.051e-05,5.993e-05,6.191e-05
packages,7.814e-05,8.226e-05,8.136e-05,8.051e-05,7.923e-05,7.979e-05,7.865e-05,7.859e-05,8.02e-05
detail,4.714e-05,4.755e-05,4.621e-05,4.503e-05,4.311e-05,4.202e-05,4.177e-05,4.174e-05,4.735e-05
francisco,9.106e-05,8.923e-05,8.818e-05,8.521e-05,8.318e-05,8.192e-05,7.835e-05,7.889e-05,9.014e-05
laws,4.908e-05,5.199e-05,5.242e-05,5.185e-05,5.07e-05,5.162e-05,5.411e-05,5.244e-05,5.054e-05
changed,0.00012674,0.00012696,0.00012908,0.00012933,0.00012887,0.00012927,0.00012834,0.00012736,0.00012685
pet,2.018e-05,1.934e-05,1.909e-05,1.819e-05,1.776e-05,1.888e-05,1.921e-05,1.957e-05,1.976e-05
heard,1.001e-05,9.99e-06,1.076e-05,1.077e-05,9.87e-06,9.14e-06,9.6e-06,8.87e-06,1e-05
begin,2.18e-05,2.267e-05,2.227e-05,2.198e-05,2.064e-05,2.101e-05,2.134e-05,2.156e-05,2.223e-05
individuals,0.00012093,0.00012236,0.00012121,0.00012084,0.00012204,0.00012288,0.00012606,0.00012613,0.00012164
colorado,2.729e-05,2.774e-05,2.727e-05,2.896e-05,3.005e-05,3.167e-05,3.094e-05,3.012e-05,2.751e-05
royal,7.298e-05,7.307e-05,7.015e-05,7.05e-05,7.012e-05,6.913e-05,6.905e-05,6.895e-05,7.302e-05
clean,2.115e-05,2.076e-05,2.106e-05,2.062e-05,2.125e-05,1.995e-05,2.043e-05,1.957e-05,2.095e-05
switch,0.0001206,0.00013155,0.0001456,0.00015223,0.00015664,0.00016414,0.00016904,0.00017368,0.00012608
russian,0.00012383,0.00013567,0.00013908,0.00014025,0.00013964,0.00014176,0.00013856,0.0001376,0.00012975
largest,0.00021408,0.00021349,0.00021211,0.00021151,0.00021189,0.00021104,0.00021065,0.00020992,0.00021379
african,4.117e-05,4.2e-05,4.257e-05,4.018e-05,3.901e-05,3.761e-05,3.643e-05,3.715e-05,4.159e-05
guy,1.937e-05,1.902e-05,1.879e-05,1.941e-05,1.867e-05,1.751e-05,1.783e-05,1.85e-05,1.92e-05
titles,9.542e-05,9.652e-05,9.454e-05,9.173e-05,9.046e-05,9.09e-05,9.237e-05,9.326e-05,9.597e-05
relevant,7.572e-05,7.544e-05,7.742e-05,7.657e-05,7.544e-05,7.689e-05,7.682e-05,7.782e-05,7.558e-05
guidelines,3.713e-05,3.741e-05,3.591e-05,3.578e-05,3.779e-05,3.837e-05,3.674e-05,3.7e-05,3.727e-05
justice,3.116e-05,3.233e-05,3.424e-05,3.214e-05,3.415e-05,3.472e-05,3.491e-05,3.394e-05,3.175e-05
connect,0.00012787,0.00012585,0.00012514,0.00012205,0.00011991,0.00012059,0.00012118,0.00012308,0.00012686
bible,1.211e-05,1.125e-05,1.076e-05,1.122e-05,1.078e-05,9.44e-06,9.45e-06,9.33e-06,1.168e-05
dev,8.56e-06,9.19e-06,9.54e-06,9.25e-06,7.74e-06,6.55e-06,6.55e-06,6.88e-06,8.87e-06
cup,1.033e-05,1.078e-05,9.85e-06,1.031e-05,1.108e-05,1.112e-05,1.037e-05,1.009e-05,1.055e-05
basket,1.45e-06,1.43e-06,1.21e-06,1.52e-06,1.21e-06,1.98e-06,2.13e-06,2.14e-06,1.44e-06
applied,0.00030837,0.00030717,0.00030816,0.00030824,0.00030782,0.00030773,0.00031065,0.00030777,0.00030777
weekly,8.702e-05,8.844e-05,8.651e-05,8.673e-05,8.804e-05,8.664e-05,8.49e-05,8.409e-05,8.773e-05
vol,0.00012496,0.00012315,0.00011893,0.00011584,0.0001105,0.00010704,0.00010518,0.00010305,0.00012406
installation,5.586e-05,5.532e-05,5.515e-05,5.322e-05,5.404e-05,5.284e-05,5.167e-05,5.168e-05,5.559e-05
described,0.00024686,0.00025106,0.00025286,0.00025669,0.00026092,0.0002587,0.00026324,0.00026511,0.00024896
demand,0.00011011,0.00010984,0.00010984,0.00011099,0.00011156,0.000111,0.00011219,0.00011192,0.00010998
pp,0.00019971,0.00020002,0.00019393,0.00018543,0.00018093,0.00017693,0.00017377,0.00017093,0.00019986
suite,0.00015112,0.00014946,0.00014984,0.00015026,0.00015072,0.00015257,0.00015395,0.0001535,0.00015029
vegas,1.566e-05,1.553e-05,1.5e-05,1.471e-05,1.487e-05,1.492e-05,1.463e-05,1.391e-05,1.559e-05
na,6.14e-06,6.66e-06,7.12e-06,6.97e-06,6.98e-06,6.4e-06,6.4e-06,5.66e-06,6.4e-06
square,9.429e-05,9.415e-05,9.681e-05,9.689e-05,9.38e-05,9.714e-05,9.481e-05,9.479e-05,9.422e-05
chris,6.022e-05,6.007e-05,5.666e-05,5.352e-05,5.282e-05,5.147e-05,5.106e-05,5.076e-05,6.015e-05
attention,7.217e-05,7.449e-05,7.666e-05,7.657e-05,7.665e-05,7.644e-05,7.637e-05,7.767e-05,7.333e-05
advance,5.99e-05,6.039e-05,6.045e-05,5.959e-05,5.98e-05,5.969e-05,6.006e-05,5.871e-05,6.015e-05
skip,8.4e-06,8.4e-06,8.64e-06,8.64e-06,8.5e-06,8.37e-06,8.69e-06,9.02e-06,8.4e-06
diet,3.71e-06,2.54e-06,2.58e-06,2.88e-06,3.04e-06,3.05e-06,2.59e-06,2.9e-06,3.12e-06
army,6.49e-05,6.514e-05,6.378e-05,6.186e-05,6.132e-05,6.212e-05,6.128e-05,6.039e-05,6.502e-05
auction,1.405e-05,1.442e-05,1.364e-05,1.41e-05,1.412e-05,1.386e-05,1.311e-05,1.33e-05,1.423e-05
gear,3.633e-05,3.725e-05,4.045e-05,3.912e-05,3.931e-05,3.913e-05,4.055e-05,3.929e-05,3.679e-05
lee,6.103e-05,6.181e-05,6.015e-05,6.186e-05,6.162e-05,6.045e-05,6.158e-05,5.993e-05,6.142e-05
os,0.00039232,0.00038372,0.00037574,0.00037011,0.00037339,0.00036056,0.00036141,0.0003596,0.00038802
difference,0.00010349,0.0001035,9.984e-05,9.931e-05,9.866e-05,9.745e-05,9.603e-05,9.709e-05,0.00010349
allowed,0.00017001,0.0001688,0.00016772,0.00016997,0.00016894,0.00017236,0.00017422,0.00017735,0.00016941
correct,8.218e-05,8.289e-05,8.075e-05,7.824e-05,7.711e-05,7.552e-05,7.637e-05,7.553e-05,8.254e-05
charles,6.894e-05,6.863e-05,6.651e-05,6.595e-05,6.527e-05,6.456e-05,6.448e-05,6.513e-05,6.878e-05
nation,3.439e-05,3.471e-05,3.515e-05,3.457e-05,3.339e-05,3.365e-05,3.186e-05,3.241e-05,3.455e-05
selling,7.911e-05,7.972e-05,8.318e-05,8.521e-05,9.35e-05,9.638e-05,9.877e-05,9.907e-05,7.941e-05
lots,7.1e-06,6.82e-06,6.21e-06,3.64e-06,3.64e-06,3.81e-06,3.66e-06,3.52e-06,6.96e-06
piece,6.781e-05,6.625e-05,6.757e-05,6.444e-05,6.557e-05,6.502e-05,6.387e-05,6.161e-05,6.703e-05
sheet,2.196e-05,2.187e-05,2.091e-05,2.077e-05,2.004e-05,1.903e-05,1.921e-05,1.988e-05,2.191e-05
firm,9.073e-05,9.161e-05,9.136e-05,9.097e-05,9.092e-05,9.09e-05,8.963e-05,8.791e-05,9.117e-05
seven,6.91e-05,6.942e-05,7.181e-05,7.172e-05,7.058e-05,7.324e-05,7.53e-05,7.507e-05,6.926e-05
older,8.557e-05,8.321e-05,8.393e-05,8.309e-05,8.136e-05,8.283e-05,8.018e-05,8.057e-05,8.439e-05
illinois,5.392e-05,5.199e-05,5.242e-05,5.034e-05,5.009e-05,5.086e-05,5.03e-05,4.877e-05,5.295e-05
regulations,2.68e-05,2.647e-05,2.545e-05,2.593e-05,2.671e-05,2.695e-05,2.728e-05,2.798e-05,2.663e-05
elements,0.00028044,0.00027895,0.00028453,0.00028687,0.00028778,0.00029159,0.0002919,0.00029233,0.00027969
species,5.118e-05,5.199e-05,5.212e-05,5.443e-05,5.51e-05,5.466e-05,5.35e-05,5.351e-05,5.159e-05
jump,3.923e-05,3.867e-05,3.954e-05,3.851e-05,3.855e-05,3.654e-05,3.75e-05,3.807e-05,3.895e-05
cells,6.539e-05,6.546e-05,6.878e-05,6.975e-05,6.8e-05,6.837e-05,6.768e-05,6.742e-05,6.543e-05
module,8.783e-05,8.495e-05,8.56e-05,8.809e-05,8.485e-05,8.527e-05,8.582e-05,8.577e-05,8.639e-05
resort,5.33e-06,5.07e-06,4.85e-06,5.16e-06,5.16e-06,5.18e-06,5.33e-06,5.35e-06,5.2e-06
facility,7.669e-05,7.624e-05,7.59e-05,7.702e-05,7.741e-05,7.674e-05,7.53e-05,7.4e-05,7.647e-05
random,0.00021973,0.0002211,0.0002215,0.00022106,0.00022221,0.0002252,0.00022117,0.00022215,0.00022042
pricing,1.824e-05,1.759e-05,1.848e-05,1.789e-05,1.837e-05,1.858e-05,1.829e-05,1.896e-05,1.792e-05
dvds,1.421e-05,1.379e-05,1.348e-05,1.38e-05,1.412e-05,1.37e-05,1.357e-05,1.376e-05,1.4e-05
certificate,4.763e-05,4.707e-05,4.879e-05,5.019e-05,5.221e-05,5.238e-05,5.228e-05,5.259e-05,4.735e-05
minister,2.696e-05,2.885e-05,2.97e-05,3.078e-05,3.263e-05,3.213e-05,3.399e-05,3.272e-05,2.79e-05
motion,0.00013368,0.0001333,0.00013696,0.0001401,0.00014237,0.00014237,0.00014008,0.00014265,0.00013349
looks,2.422e-05,2.393e-05,2.242e-05,2.229e-05,2.201e-05,2.132e-05,2.104e-05,1.988e-05,2.407e-05
fashion,4.908e-05,4.85e-05,5.363e-05,5.398e-05,5.404e-05,5.268e-05,5.396e-05,5.428e-05,4.879e-05
directions,3.035e-05,2.98e-05,2.894e-05,2.759e-05,2.732e-05,2.649e-05,2.576e-05,2.66e-05,3.007e-05
visitors,3.52e-05,3.677e-05,3.591e-05,3.487e-05,3.43e-05,3.319e-05,3.43e-05,3.379e-05,3.599e-05
documentation,8.589e-05,8.242e-05,8.348e-05,8.385e-05,8.287e-05,8.329e-05,8.414e-05,8.241e-05,8.416e-05
monitor,0.00011398,0.00011364,0.00010787,0.00010613,0.0001064,0.00010506,0.00010838,0.00010687,0.00011381
trading,5.392e-05,5.389e-05,5.575e-05,5.61e-05,5.753e-05,5.74e-05,5.807e-05,5.902e-05,5.39e-05
forest,1.954e-05,2.076e-05,1.954e-05,1.986e-05,1.988e-05,2.025e-05,2.058e-05,2.018e-05,2.015e-05
calls,0.00011124,0.00010952,0.0001109,0.00011144,0.00010898,0.00010811,0.00010792,0.00010779,0.00011038
whose,0.0001876,0.00018512,0.00018499,0.00018589,0.00018654,0.00018987,0.00019053,0.00019081,0.00018636
coverage,7.411e-05,7.243e-05,7.363e-05,7.399e-05,7.422e-05,7.552e-05,7.515e-05,7.752e-05,7.327e-05
couple,1.485e-05,1.506e-05,1.454e-05,1.349e-05,1.214e-05,1.218e-05,1.28e-05,1.223e-05,1.495e-05
giving,6.167e-05,5.88e-05,5.636e-05,5.746e-05,5.677e-05,5.664e-05,5.579e-05,5.58e-05,6.023e-05
chance,2.454e-05,2.393e-05,2.591e-05,2.562e-05,2.429e-05,2.406e-05,2.378e-05,2.324e-05,2.424e-05
vision,0.00015305,0.00015691,0.00015772,0.00015799,0.00015831,0.00015972,0.00015944,0.0001613,0.00015498
ball,2.809e-05,2.837e-05,3.03e-05,3.002e-05,2.884e-05,2.878e-05,2.805e-05,2.813e-05,2.823e-05
ending,2.406e-05,2.377e-05,2.439e-05,2.411e-05,2.459e-05,2.634e-05,2.667e-05,2.691e-05,2.392e-05
clients,0.00011802,0.00011586,0.00011333,0.00011478,0.00011247,0.00011344,0.00011188,0.00011085,0.00011694
actions,9.526e-05,9.177e-05,9.196e-05,9.279e-05,9.32e-05,9.364e-05,9.557e-05,9.479e-05,9.352e-05
listen,1.292e-05,1.363e-05,1.348e-05,1.38e-05,1.29e-05,1.34e-05,1.311e-05,1.407e-05,1.328e-05
discuss,2.083e-05,2.092e-05,2.076e-05,2.047e-05,2.034e-05,1.949e-05,1.997e-05,2.064e-05,2.087e-05
accept,2.502e-05,2.441e-05,2.348e-05,2.274e-05,2.231e-05,2.177e-05,2.164e-05,2.202e-05,2.471e-05
automotive,3.471e-05,3.455e-05,3.5e-05,3.609e-05,3.612e-05,3.563e-05,3.536e-05,3.639e-05,3.463e-05
naked,3.39e-06,3.01e-06,3.79e-06,3.64e-06,4.86e-06,5.02e-06,5.18e-06,5.05e-06,3.2e-06
goal,0.00018502,0.00018227,0.00018878,0.00018937,0.00018867,0.00019018,0.00018932,0.00018943,0.00018364
successful,0.00011318,0.00011237,0.00011136,0.00011144,0.00011399,0.0001142,0.00011356,0.00011085,0.00011277
sold,0.00032048,0.00031985,0.00032877,0.00033614,0.00034167,0.00034625,0.0003515,0.00035837,0.00032016
wind,3.455e-05,3.661e-05,3.515e-05,3.305e-05,3.446e-05,3.395e-05,3.46e-05,3.516e-05,3.558e-05
communities,8.492e-05,8.416e-05,8.272e-05,8.309e-05,8.333e-05,8.375e-05,8.475e-05,8.577e-05,8.454e-05
clinical,3.503e-05,3.36e-05,3.454e-05,3.442e-05,3.506e-05,3.441e-05,3.399e-05,3.364e-05,3.431e-05
situation,4.601e-05,4.311e-05,4.197e-05,4.124e-05,4.083e-05,4.157e-05,4.131e-05,4.067e-05,4.456e-05
sciences,0.00022522,0.00023711,0.00023287,0.00023152,0.00023542,0.0002322,0.00023398,0.00023392,0.00023117
markets,8.896e-05,9.098e-05,9.196e-05,9.234e-05,9.441e-05,9.273e-05,9.237e-05,9.28e-05,8.997e-05
lowest,2.486e-05,2.552e-05,2.394e-05,2.38e-05,2.429e-05,2.467e-05,2.454e-05,2.4e-05,2.519e-05
highly,0.00012512,0.00012394,0.0001209,0.00012327,0.00012446,0.00012333,0.00012118,0.00012048,0.00012453
publishing,0.00016403,0.00016278,0.00016348,0.00016542,0.00016469,0.00016353,0.00016477,0.00016634,0.00016341
appear,9.186e-05,9.288e-05,9.302e-05,9.112e-05,9.137e-05,8.999e-05,8.765e-05,8.684e-05,9.237e-05
emergency,2.938e-05,3.075e-05,3.091e-05,3.169e-05,3.112e-05,3.137e-05,3.11e-05,3.058e-05,3.007e-05
developing,0.00016597,0.0001753,0.00016696,0.00016936,0.00017106,0.00017084,0.00017118,0.00017246,0.00017064
lives,4.714e-05,4.359e-05,4.333e-05,4.245e-05,4.129e-05,4.126e-05,3.963e-05,3.899e-05,4.536e-05
currency,3.084e-05,3.043e-05,2.818e-05,2.805e-05,2.823e-05,2.771e-05,2.82e-05,2.706e-05,3.064e-05
leather,2.91e-06,3.17e-06,2.88e-06,3.03e-06,2.88e-06,2.89e-06,2.9e-06,2.6e-06,3.04e-06
determine,0.00010623,0.00010461,0.00010424,0.00010341,0.00010246,0.00010323,0.00010289,0.00010106,0.00010542
milf,0.0,0.0,0.0,0.0,0.0,0.0,0.0,0.0,0.0
temperature,5.522e-05,5.5e-05,5.591e-05,5.746e-05,5.571e-05,5.893e-05,5.975e-05,5.856e-05,5.511e-05
palm,3.616e-05,3.772e-05,3.773e-05,3.669e-05,3.567e-05,3.517e-05,3.521e-05,3.593e-05,3.694e-05
announcements,6.62e-06,6.97e-06,6.51e-06,7.28e-06,6.68e-06,6.09e-06,5.94e-06,5.66e-06,6.8e-06
patient,2.987e-05,2.9e-05,2.985e-05,2.82e-05,2.975e-05,2.893e-05,2.942e-05,2.92e-05,2.943e-05
actual,0.00010042,9.716e-05,9.515e-05,9.34e-05,9.213e-05,9.044e-05,8.947e-05,8.837e-05,9.879e-05
historical,7.669e-05,7.655e-05,7.681e-05,7.96e-05,7.938e-05,7.796e-05,7.682e-05,7.69e-05,7.662e-05
stone,2.309e-05,2.251e-05,2.348e-05,2.335e-05,2.353e-05,2.375e-05,2.347e-05,2.186e-05,2.28e-05
bob,4.698e-05,4.644e-05,4.575e-05,4.427e-05,4.341e-05,4.355e-05,4.405e-05,4.357e-05,4.671e-05
commerce,6.732e-05,7.006e-05,7.227e-05,7.202e-05,7.422e-05,7.491e-05,7.56e-05,7.446e-05,6.869e-05
ringtones,1.45e-06,1.43e-06,1.52e-06,1.67e-06,1.82e-06,1.83e-06,1.83e-06,1.83e-06,1.44e-06
perhaps,3.633e-05,3.471e-05,3.288e-05,3.184e-05,3.142e-05,3.106e-05,3.079e-05,2.981e-05,3.552e-05
persons,2.777e-05,2.805e-05,2.833e-05,2.835e-05,2.747e-05,2.741e-05,2.728e-05,2.66e-05,2.791e-05
difficult,0.00010333,0.0001016,9.802e-05,9.855e-05,9.912e-05,0.00010049,9.862e-05,9.846e-05,0.00010247
scientific,0.000299,0.00031382,0.00031286,0.00031461,0.00031632,0.0003164,0.00031751,0.00031832,0.00030641
satellite,7.75e-05,7.671e-05,8.227e-05,8.203e-05,8.257e-05,8.177e-05,8.368e-05,8.256e-05,7.711e-05
fit,4.957e-05,4.834e-05,4.712e-05,4.67e-05,4.675e-05,4.629e-05,4.756e-05,4.816e-05,4.896e-05
tests,7.152e-05,7.243e-05,7.075e-05,7.081e-05,7.149e-05,6.882e-05,6.768e-05,6.651e-05,7.198e-05
village,1.566e-05,1.522e-05,1.545e-05,1.531e-05,1.639e-05,1.568e-05,1.57e-05,1.483e-05,1.544e-05
accounts,7.152e-05,7.069e-05,6.924e-05,6.853e-05,6.861e-05,6.776e-05,6.585e-05,6.574e-05,7.111e-05
amateur,2.147e-05,2.14e-05,2.045e-05,2.153e-05,2.231e-05,2.284e-05,2.18e-05,2.095e-05,2.144e-05
ex,3.068e-05,2.742e-05,2.757e-05,2.669e-05,2.762e-05,2.71e-05,2.683e-05,2.676e-05,2.905e-05
met,4.311e-05,4.343e-05,4.621e-05,4.913e-05,4.812e-05,4.888e-05,4.832e-05,4.831e-05,4.327e-05
pain,8.56e-06,6.82e-06,7.27e-06,7.88e-06,8.35e-06,8.07e-06,8.23e-06,7.95e-06,7.69e-06
xbox,0.00016,0.0001604,0.00017908,0.00018816,0.00019778,0.00020906,0.00021675,0.0002197,0.0001602
particularly,0.00015435,0.00015358,0.00015302,0.00015435,0.00015619,0.00015592,0.00015746,0.00016283,0.00015396
factors,7.685e-05,7.83e-05,7.772e-05,7.915e-05,7.711e-05,7.826e-05,7.881e-05,7.782e-05,7.758e-05
coffee,1.13e-05,1.141e-05,1.121e-05,1.092e-05,1.138e-05,1.096e-05,1.082e-05,1.086e-05,1.135e-05
www,0.000588,0.00052653,0.00047785,0.00043788,0.00030661,0.00018485,0.00016554,0.00014876,0.00055726
settings,5.376e-05,5.436e-05,5.288e-05,5.473e-05,5.404e-05,5.512e-05,5.503e-05,5.473e-05,5.406e-05
cum,3.39e-06,2.85e-06,2.88e-06,2.58e-06,2.28e-06,1.83e-06,2.44e-06,2.45e-06,3.12e-06
buyer,7.27e-06,7.13e-06,7.12e-06,7.28e-06,6.83e-06,6.55e-06,6.25e-06,6.42e-06,7.2e-06
cultural,6.958e-05,7.18e-05,6.969e-05,6.99e-05,7.028e-05,7.05e-05,7.012e-05,7.109e-05,7.069e-05
steve,6.345e-05,6.102e-05,6.181e-05,6.171e-05,6.041e-05,5.969e-05,6.051e-05,6.009e-05,6.224e-05
easily,0.00011043,0.00010952,0.00010621,0.00010341,0.00010397,0.00010186,0.00010136,0.0001006,0.00010998
oral,1.066e-05,1.094e-05,1.106e-05,1.122e-05,1.047e-05,1.02e-05,1.067e-05,1.147e-05,1.08e-05
ford,2.26e-05,2.171e-05,2.151e-05,2.108e-05,2.186e-05,2.132e-05,2.164e-05,2.202e-05,2.216e-05
poster,9.53e-06,9.35e-06,9.24e-06,9.4e-06,9.11e-06,9.14e-06,8.84e-06,8.71e-06,9.44e-06
edge,0.0001579,0.00015834,0.00016741,0.00016724,0.00017,0.00017023,0.00017331,0.00017399,0.00015812
functional,0.00019681,0.00019146,0.00019196,0.00018877,0.000187,0.0001885,0.00018657,0.00018698,0.00019414
root,8.04e-05,8.464e-05,8.636e-05,8.278e-05,8.196e-05,8.253e-05,8.292e-05,8.348e-05,8.252e-05
au,2.551e-05,2.393e-05,2.288e-05,2.123e-05,1.776e-05,1.431e-05,1.387e-05,1.254e-05,2.472e-05
fi,9.009e-05,9.415e-05,9.802e-05,9.764e-05,9.32e-05,9.44e-05,9.588e-05,9.601e-05,9.212e-05
closed,0.00012658,0.00012616,0.00012605,0.00012736,0.00013054,0.00013079,0.00012926,0.00013087,0.00012637
holidays,3.07e-06,3.17e-06,3.18e-06,3.03e-06,3.34e-06,3.35e-06,3.51e-06,3.36e-06,3.12e-06
ice,2.761e-05,2.9e-05,2.773e-05,2.835e-05,2.838e-05,2.786e-05,2.911e-05,2.874e-05,2.831e-05
pink,7.27e-06,7.92e-06,8.64e-06,8.04e-06,8.35e-06,8.07e-06,8.23e-06,7.64e-06,7.6e-06
zealand,6.603e-05,6.609e-05,6.621e-05,6.55e-05,6.512e-05,6.654e-05,6.524e-05,6.467e-05,6.606e-05
balance,2.696e-05,2.79e-05,2.697e-05,2.684e-05,2.732e-05,2.771e-05,2.942e-05,2.966e-05,2.743e-05
monitoring,0.00010769,0.00011174,0.00011196,0.00011174,0.00011096,0.00011009,0.00011097,0.00011146,0.00010972
graduate,6.7e-05,6.53e-05,6.303e-05,6.186e-05,6.087e-05,5.893e-05,5.884e-05,5.764e-05,6.615e-05
replies,4.2e-06,4.44e-06,4.24e-06,4.25e-06,3.95e-06,3.65e-06,3.66e-06,3.98e-06,4.32e-06
shot,1.711e-05,1.775e-05,1.788e-05,1.728e-05,1.73e-05,1.705e-05,1.738e-05,1.697e-05,1.743e-05
nc,1.308e-05,1.141e-05,1.091e-05,1.152e-05,1.123e-05,1.035e-05,9.91e-06,9.94e-06,1.224e-05
architecture,0.00046158,0.00046265,0.00045119,0.00045046,0.00045171,0.00045816,0.00046445,0.00046601,0.00046212
initial,0.0001579,0.00015818,0.00016014,0.00016284,0.00016529,0.00016688,0.00016706,0.00016726,0.00015804
label,6.813e-05,6.736e-05,6.439e-05,6.489e-05,6.724e-05,6.761e-05,6.768e-05,6.742e-05,6.774e-05
thinking,3.229e-05,3.075e-05,3.06e-05,3.154e-05,3.066e-05,3.091e-05,3.186e-05,3.257e-05,3.152e-05
scott,6.216e-05,6.197e-05,6.257e-05,6.186e-05,6.026e-05,5.954e-05,5.929e-05,6.009e-05,6.207e-05
llc,4.86e-05,5.119e-05,5.166e-05,5.185e-05,5.373e-05,5.39e-05,5.518e-05,5.428e-05,4.99e-05
sec,1.017e-05,1.03e-05,9.09e-06,9.1e-06,8.35e-06,7e-06,7.32e-06,7.19e-06,1.023e-05
recommend,5.17e-06,5.23e-06,5.15e-06,4.85e-06,4.86e-06,4.87e-06,4.57e-06,4.89e-06,5.2e-06
canon,1.485e-05,1.426e-05,1.333e-05,1.41e-05,1.412e-05,1.401e-05,1.357e-05,1.33e-05,1.456e-05
hardcore,4.36e-06,4.44e-06,3.79e-06,3.94e-06,4.1e-06,3.81e-06,3.96e-06,3.98e-06,4.4e-06
league,2.583e-05,2.805e-05,2.833e-05,2.957e-05,2.838e-05,2.771e-05,2.866e-05,2.844e-05,2.694e-05
waste,2.18e-05,2.14e-05,2.045e-05,2.032e-05,2.064e-05,2.101e-05,2.088e-05,2.079e-05,2.16e-05
minute,2.68e-05,2.631e-05,2.757e-05,2.79e-05,2.762e-05,2.665e-05,2.561e-05,2.614e-05,2.655e-05
bus,0.00019132,0.00019083,0.00019666,0.00019559,0.00019565,0.00019642,0.00019907,0.00020319,0.00019107
provider,0.00016855,0.00017007,0.00016772,0.00016542,0.00016378,0.00016399,0.00016279,0.00016298,0.00016931
optional,5.005e-05,4.929e-05,4.772e-05,4.897e-05,5.039e-05,5.07e-05,5.061e-05,4.984e-05,4.967e-05
dictionary,0.00010736,0.0001054,0.0001009,9.84e-05,0.00010003,9.897e-05,9.816e-05,9.861e-05,0.00010638
cold,2.147e-05,2.187e-05,2.121e-05,2.259e-05,2.292e-05,2.208e-05,2.149e-05,2.11e-05,2.167e-05
accounting,3.374e-05,3.344e-05,3.257e-05,3.29e-05,3.324e-05,3.426e-05,3.506e-05,3.44e-05,3.359e-05
manufacturing,0.00012351,0.00011966,0.00011969,0.00011735,0.0001231,0.0001241,0.00012834,0.00012812,0.00012158
sections,4.456e-05,4.248e-05,4.394e-05,4.306e-05,4.417e-05,4.324e-05,4.192e-05,4.22e-05,4.352e-05
chair,0.00012141,0.00012442,0.00012711,0.00012857,0.00012583,0.00012318,0.00012331,0.00012445,0.00012291
fishing,2.91e-06,3.17e-06,3.64e-06,3.94e-06,4.71e-06,4.42e-06,3.66e-06,3.06e-06,3.04e-06
effort,0.00010058,9.938e-05,9.863e-05,9.855e-05,9.684e-05,9.608e-05,9.542e-05,9.601e-05,9.998e-05
phase,0.0001135,0.00011507,0.0001106,0.00011053,0.00011126,0.00011085,0.00011447,0.00011406,0.00011428
fields,0.00020472,0.00020795,0.00020726,0.00021045,0.00020946,0.00021302,0.00021508,0.00021359,0.00020634
bag,9.04e-06,9.35e-06,9.09e-06,8.79e-06,8.8e-06,8.53e-06,8.54e-06,8.41e-06,9.19e-06
fantasy,6.845e-05,6.72e-05,6.651e-05,6.777e-05,6.709e-05,6.73e-05,6.692e-05,6.605e-05,6.782e-05
po,3.07e-06,1.9e-06,1.82e-06,1.82e-06,1.67e-06,1.52e-06,1.68e-06,1.38e-06,2.48e-06
letters,8.605e-05,8.527e-05,8.393e-05,8.142e-05,8.318e-05,8.192e-05,8.124e-05,8.011e-05,8.566e-05
motor,2.406e-05,2.298e-05,2.303e-05,2.471e-05,2.504e-05,2.482e-05,2.485e-05,2.523e-05,2.352e-05
va,8.23e-06,7.77e-06,7.27e-06,6.52e-06,5.92e-06,5.48e-06,5.64e-06,5.66e-06,8e-06
professor,0.00059091,0.00062416,0.00065193,0.00065182,0.00065844,0.00065611,0.00065833,0.00066079,0.00060753
context,0.00021844,0.00021445,0.00021075,0.00020848,0.00020992,0.00021226,0.0002169,0.00021649,0.00021645
install,3.277e-05,3.424e-05,3.333e-05,3.199e-05,3.157e-05,3.015e-05,3.033e-05,3.088e-05,3.35e-05
shirt,2.58e-06,2.38e-06,2.42e-06,2.43e-06,2.88e-06,2.44e-06,2.29e-06,1.83e-06,2.48e-06
apparel,2.91e-06,3.01e-06,2.73e-06,3.18e-06,3.19e-06,3.5e-06,3.51e-06,3.52e-06,2.96e-06
generally,0.00026058,0.0002574,0.00025968,0.0002573,0.00026395,0.00026738,0.00027025,0.00027062,0.00025899
continued,0.00010365,0.00010128,0.00010166,0.0001025,0.00010504,0.00010628,0.0001067,0.00010779,0.00010247
foot,1.292e-05,1.3e-05,1.197e-05,1.077e-05,1.078e-05,1.142e-05,1.174e-05,1.177e-05,1.296e-05
mass,9.009e-05,9.082e-05,9.287e-05,9.325e-05,9.578e-05,9.669e-05,9.847e-05,9.953e-05,9.046e-05
crime,4.843e-05,4.898e-05,5.151e-05,5.383e-05,5.404e-05,5.284e-05,5.396e-05,5.351e-05,4.871e-05
count,3.536e-05,3.503e-05,3.591e-05,3.533e-05,3.537e-05,3.517e-05,3.552e-05,3.669e-05,3.52e-05
breast,2.91e-06,2.69e-06,3.18e-06,3.79e-06,3.34e-06,3.5e-06,3.35e-06,3.52e-06,2.8e-06
techniques,0.00026219,0.00026263,0.00025892,0.00025942,0.00025986,0.00026052,0.00026233,0.00025869,0.00026241
ibm,0.000588,0.00058469,0.00057391,0.0005613,0.00056889,0.00056201,0.00056093,0.00056004,0.00058635
rd,2.58e-06,2.69e-06,2.73e-06,2.73e-06,2.58e-06,2.44e-06,2.13e-06,2.29e-06,2.64e-06
johnson,3.988e-05,3.994e-05,4.151e-05,4.397e-05,4.341e-05,4.4e-05,4.42e-05,4.434e-05,3.991e-05
sc,3.584e-05,3.962e-05,3.848e-05,4.018e-05,3.916e-05,4.02e-05,3.948e-05,3.868e-05,3.773e-05
quickly,9.348e-05,9.225e-05,8.833e-05,8.809e-05,9.092e-05,9.151e-05,9.115e-05,9.235e-05,9.286e-05
dollars,1.97e-05,1.95e-05,1.894e-05,1.789e-05,1.806e-05,1.705e-05,1.707e-05,1.728e-05,1.96e-05
websites,0.00017969,0.00017688,0.00018014,0.00017997,0.0001832,0.00018241,0.00018307,0.00018653,0.00017829
religion,1.792e-05,1.775e-05,1.757e-05,1.759e-05,1.761e-05,1.751e-05,1.661e-05,1.559e-05,1.784e-05
claim,3.81e-05,3.741e-05,3.606e-05,3.533e-05,3.324e-05,3.38e-05,3.369e-05,3.302e-05,3.776e-05
driving,3.31e-05,3.233e-05,3.318e-05,3.457e-05,3.567e-05,3.472e-05,3.353e-05,3.379e-05,3.272e-05
permission,1.647e-05,1.648e-05,1.682e-05,1.698e-05,1.67e-05,1.736e-05,1.783e-05,1.774e-05,1.648e-05
surgery,1.485e-05,1.49e-05,1.485e-05,1.531e-05,1.594e-05,1.599e-05,1.6e-05,1.605e-05,1.487e-05
patch,3.342e-05,3.328e-05,3.288e-05,3.351e-05,3.354e-05,3.076e-05,3.14e-05,3.364e-05,3.335e-05
heat,3.729e-05,4.058e-05,3.969e-05,4.033e-05,3.946e-05,3.989e-05,3.826e-05,3.807e-05,3.893e-05
wild,1.518e-05,1.522e-05,1.561e-05,1.607e-05,1.594e-05,1.599e-05,1.631e-05,1.651e-05,1.52e-05
measures,6.571e-05,6.562e-05,6.636e-05,6.611e-05,6.375e-05,6.578e-05,6.585e-05,6.605e-05,6.567e-05
generation,0.00022377,0.00023077,0.0002359,0.00023926,0.00023663,0.0002389,0.00023382,0.00023484,0.00022727
kansas,9.69e-06,9.19e-06,8.94e-06,8.95e-06,8.65e-06,8.53e-06,9.3e-06,9.48e-06,9.44e-06
miss,1.308e-05,1.316e-05,1.348e-05,1.304e-05,1.184e-05,1.142e-05,1.143e-05,1.147e-05,1.312e-05
chemical,9.235e-05,9.177e-05,9.257e-05,9.294e-05,9.608e-05,9.623e-05,9.74e-05,9.739e-05,9.206e-05
doctor,3.035e-05,3.566e-05,3.636e-05,3.821e-05,3.855e-05,3.868e-05,3.826e-05,3.746e-05,3.3e-05
task,0.00017679,0.00017276,0.00016938,0.00017027,0.00016954,0.0001684,0.00016721,0.00016512,0.00017478
reduce,0.00010414,0.00010397,0.00010348,0.00010447,0.00010443,0.000104,0.00010518,0.00010458,0.00010406
brought,4.795e-05,4.596e-05,4.485e-05,4.64e-05,4.69e-05,4.796e-05,4.603e-05,4.571e-05,4.696e-05
himself,3.439e-05,3.313e-05,3.288e-05,3.184e-05,3.096e-05,2.863e-05,2.911e-05,2.92e-05,3.376e-05
nor,4.246e-05,4.121e-05,4.197e-05,4.139e-05,4.159e-05,4.187e-05,4.237e-05,4.281e-05,4.183e-05
component,0.00018308,0.00018291,0.00018726,0.00018755,0.00018487,0.00018531,0.00018825,0.00018851,0.00018299
enable,0.00011027,0.00011095,0.00011318,0.0001125,0.00011232,0.00011298,0.00011219,0.00011329,0.00011061
exercise,1.324e-05,1.331e-05,1.318e-05,1.38e-05,1.351e-05,1.37e-05,1.387e-05,1.422e-05,1.328e-05
bug,5.199e-05,5.23e-05,5.227e-05,5.14e-05,5.054e-05,5.009e-05,5.061e-05,4.908e-05,5.214e-05
santa,4.989e-05,4.929e-05,4.894e-05,4.822e-05,4.781e-05,4.796e-05,4.634e-05,4.694e-05,4.959e-05
mid,0.00014224,0.00014201,0.00013984,0.0001407,0.00014055,0.00014039,0.00014282,0.0001431,0.00014212
guarantee,2.729e-05,2.568e-05,2.621e-05,2.669e-05,2.778e-05,2.71e-05,2.561e-05,2.507e-05,2.649e-05
leader,6.135e-05,6.166e-05,6.318e-05,6.323e-05,6.223e-05,6.151e-05,5.899e-05,5.81e-05,6.151e-05
diamond,1.195e-05,1.205e-05,1.197e-05,1.107e-05,1.199e-05,1.203e-05,1.204e-05,1.284e-05,1.2e-05
israel,5.441e-05,5.024e-05,5.06e-05,5.094e-05,5.085e-05,5.07e-05,5e-05,5.107e-05,5.232e-05
se,2.373e-05,2.52e-05,2.454e-05,2.532e-05,2.413e-05,2.512e-05,2.591e-05,2.507e-05,2.447e-05
processes,0.00023846,0.00023774,0.00023423,0.00023744,0.0002383,0.00023997,0.00024236,0.00024218,0.0002381
soft,5.861e-05,6.023e-05,5.878e-05,5.928e-05,5.935e-05,6.045e-05,5.975e-05,5.932e-05,5.942e-05
servers,0.00024363,0.00024218,0.00023877,0.00024244,0.00024574,0.00024606,0.00024678,0.000246,0.0002429
alone,5.78e-05,5.706e-05,5.803e-05,5.868e-05,5.707e-05,5.786e-05,5.579e-05,5.519e-05,5.743e-05
meetings,2.406e-05,2.33e-05,2.151e-05,2.032e-05,2.004e-05,2.025e-05,2.088e-05,2.049e-05,2.368e-05
seconds,2.535e-05,2.615e-05,2.56e-05,2.456e-05,2.565e-05,2.406e-05,2.225e-05,2.079e-05,2.575e-05
jones,5.231e-05,5.072e-05,4.848e-05,5.003e-05,5.009e-05,5.268e-05,5.03e-05,4.847e-05,5.151e-05
arizona,1.986e-05,2.076e-05,2.091e-05,2.047e-05,2.155e-05,2.071e-05,2.088e-05,2.033e-05,2.031e-05
keyword,1.857e-05,1.791e-05,1.682e-05,1.759e-05,1.7e-05,1.69e-05,1.555e-05,1.437e-05,1.824e-05
interests,6.361e-05,6.546e-05,6.515e-05,6.565e-05,6.496e-05,6.426e-05,6.524e-05,6.452e-05,6.454e-05
flight,5.715e-05,5.706e-05,5.651e-05,5.549e-05,5.601e-05,5.619e-05,5.609e-05,5.657e-05,5.711e-05
congress,4.521e-05,4.581e-05,4.742e-05,4.609e-05,4.569e-05,4.675e-05,4.725e-05,4.633e-05,4.551e-05
fuel,2.212e-05,2.171e-05,2.197e-05,2.229e-05,2.171e-05,2.162e-05,2.195e-05,2.156e-05,2.192e-05
username,9.36e-06,9.99e-06,1.091e-05,1.092e-05,1.017e-05,1.02e-05,1.037e-05,1.04e-05,9.67e-06
walk,2.115e-05,2.076e-05,1.894e-05,1.789e-05,1.746e-05,1.675e-05,1.661e-05,1.712e-05,2.095e-05
fuck,9.7e-07,9.5e-07,9.1e-07,1.21e-06,1.82e-06,1.37e-06,1.22e-06,1.38e-06,9.6e-07
produced,0.00032048,0.0003246,0.00032756,0.00032765,0.00032816,0.00032935,0.00033062,0.00033529,0.00032254
italian,5.312e-05,5.611e-05,5.651e-05,5.777e-05,5.601e-05,5.801e-05,5.884e-05,5.84e-05,5.462e-05
paperback,4.52e-06,4.44e-06,4.55e-06,4.25e-06,4.55e-06,4.26e-06,3.96e-06,3.52e-06,4.48e-06
classifieds,2.74e-06,2.38e-06,2.12e-06,2.12e-06,1.97e-06,1.98e-06,1.98e-06,1.99e-06,2.56e-06
wait,2.567e-05,2.631e-05,2.515e-05,2.593e-05,2.596e-05,2.68e-05,2.683e-05,2.706e-05,2.599e-05
supported,0.00028351,0.00028418,0.00028847,0.00029202,0.00029598,0.00029265,0.00029617,0.00029829,0.00028385
pocket,3.035e-05,2.932e-05,2.788e-05,2.866e-05,2.914e-05,2.923e-05,2.82e-05,2.813e-05,2.984e-05
saint,1.501e-05,1.569e-05,1.636e-05,1.592e-05,1.609e-05,1.477e-05,1.555e-05,1.544e-05,1.535e-05
rose,3.035e-05,2.98e-05,2.985e-05,2.957e-05,2.899e-05,2.954e-05,2.896e-05,2.997e-05,3.007e-05
freedom,7.378e-05,7.338e-05,7.333e-05,7.475e-05,7.574e-05,7.796e-05,7.804e-05,7.828e-05,7.358e-05
argument,3.859e-05,4.058e-05,4.288e-05,4.291e-05,4.311e-05,4.4e-05,4.497e-05,4.571e-05,3.959e-05
competition,7.572e-05,7.893e-05,7.59e-05,7.717e-05,7.817e-05,7.963e-05,7.911e-05,7.797e-05,7.732e-05
creating,0.00018728,0.00018893,0.00018787,0.00019074,0.00019322,0.00019033,0.00019236,0.00019264,0.0001881
jim,4.02e-05,3.994e-05,3.833e-05,3.654e-05,3.704e-05,3.654e-05,3.582e-05,3.562e-05,4.007e-05
drugs,1.098e-05,1.125e-05,1.106e-05,1.107e-05,1.093e-05,1.112e-05,1.128e-05,1.254e-05,1.112e-05
joint,0.00011608,0.00011507,0.00011711,0.00011629,0.00011748,0.00011694,0.00011798,0.00011788,0.00011558
premium,2.955e-05,3.122e-05,3.333e-05,3.427e-05,3.309e-05,3.365e-05,3.247e-05,3.425e-05,3.039e-05
providers,0.00012351,0.00011966,0.00012014,0.00012433,0.00012568,0.00012744,0.00012728,0.00012766,0.00012158
fresh,6.14e-06,5.86e-06,5.91e-06,5.61e-06,5.62e-06,5.48e-06,5.64e-06,5.96e-06,6e-06
characters,0.00023572,0.00024123,0.0002418,0.00024532,0.00024771,0.00024895,0.00024846,0.00025273,0.00023847
attorney,1.001e-05,9.67e-06,1.045e-05,1.122e-05,1.169e-05,1.112e-05,1.128e-05,1.131e-05,9.84e-06
upgrade,3.81e-05,3.947e-05,3.879e-05,3.791e-05,3.779e-05,3.685e-05,3.78e-05,3.7e-05,3.879e-05
di,1.841e-05,1.791e-05,1.712e-05,1.592e-05,1.609e-05,1.584e-05,1.509e-05,1.498e-05,1.816e-05
factor,0.00011737,0.00011729,0.00011969,0.00011811,0.00011748,0.00011831,0.00011828,0.00011864,0.00011733
growing,7.798e-05,7.64e-05,7.454e-05,7.52e-05,7.559e-05,7.385e-05,7.286e-05,7.048e-05,7.719e-05
thousands,6.41e-05,6.308e-05,6.106e-05,5.928e-05,6.087e-05,6.091e-05,6.021e-05,5.993e-05,6.359e-05
km,1.792e-05,1.743e-05,1.727e-05,1.713e-05,1.685e-05,1.721e-05,1.631e-05,1.697e-05,1.768e-05
stream,0.00011834,0.00011966,0.00012136,0.00011963,0.00012052,0.00011998,0.00011935,0.00011987,0.000119
apartments,1.61e-06,1.43e-06,1.36e-06,1.67e-06,1.82e-06,1.52e-06,1.52e-06,1.53e-06,1.52e-06
pick,1.921e-05,1.918e-05,1.924e-05,1.85e-05,1.897e-05,1.827e-05,1.814e-05,1.835e-05,1.92e-05
hearing,1.679e-05,1.807e-05,1.682e-05,1.744e-05,1.776e-05,1.751e-05,1.722e-05,1.697e-05,1.743e-05
eastern,2.196e-05,2.187e-05,2.136e-05,2.108e-05,2.11e-05,2.177e-05,2.18e-05,2.186e-05,2.191e-05
auctions,3.55e-06,3.8e-06,3.94e-06,3.79e-06,3.79e-06,3.65e-06,3.66e-06,3.36e-06,3.67e-06
therapy,1.195e-05,1.22e-05,1.151e-05,1.092e-05,1.138e-05,1.142e-05,1.097e-05,1.086e-05,1.208e-05
entries,5.844e-05,5.579e-05,5.757e-05,5.655e-05,5.798e-05,5.877e-05,5.838e-05,5.917e-05,5.711e-05
dates,2.809e-05,2.805e-05,2.697e-05,2.684e-05,2.565e-05,2.68e-05,2.713e-05,2.66e-05,2.807e-05
generated,0.00015483,0.00015406,0.00015287,0.00015723,0.00015816,0.00015683,0.00016005,0.00016099,0.00015445
signed,5.247e-05,5.436e-05,5.439e-05,5.443e-05,5.252e-05,5.344e-05,5.304e-05,5.275e-05,5.342e-05
upper,5.166e-05,4.993e-05,4.969e-05,4.988e-05,4.994e-05,5.025e-05,5.061e-05,5.045e-05,5.079e-05
administrative,3.536e-05,3.487e-05,3.273e-05,3.32e-05,3.187e-05,3.167e-05,3.201e-05,3.119e-05,3.512e-05
serious,3.616e-05,3.455e-05,3.409e-05,3.32e-05,3.263e-05,3.35e-05,3.292e-05,3.211e-05,3.536e-05
prime,5.699e-05,5.706e-05,5.818e-05,5.822e-05,5.95e-05,6.075e-05,6.295e-05,6.36e-05,5.703e-05
samsung,5.683e-05,5.975e-05,6.348e-05,6.292e-05,6.147e-05,6.136e-05,6.265e-05,5.871e-05,5.829e-05
limit,6.329e-05,6.166e-05,6.151e-05,6.034e-05,5.904e-05,5.923e-05,5.929e-05,6.116e-05,6.248e-05
began,0.00022603,0.00023521,0.00023983,0.00025124,0.00025819,0.00026585,0.00027071,0.00027535,0.00023062
louis,2.906e-05,2.805e-05,2.712e-05,2.79e-05,2.854e-05,2.695e-05,2.591e-05,2.599e-05,2.856e-05
steps,6.716e-05,6.53e-05,6.5e-05,6.505e-05,6.466e-05,6.395e-05,6.387e-05,6.681e-05,6.623e-05
errors,0.00010801,0.00011047,0.00010727,0.0001072,0.00010959,0.00010917,0.0001096,0.00011161,0.00010924
shops,9.04e-06,9.19e-06,8.94e-06,8.49e-06,8.04e-06,7.46e-06,7.16e-06,7.64e-06,9.11e-06
bondage,8.1e-07,7.9e-07,3e-07,6.1e-07,6.1e-07,6.1e-07,6.1e-07,6.1e-07,8e-07
del,1.292e-05,1.284e-05,1.242e-05,1.258e-05,1.26e-05,1.233e-05,1.219e-05,1.223e-05,1.288e-05
efforts,6.151e-05,6.134e-05,6.394e-05,6.429e-05,6.466e-05,6.517e-05,6.524e-05,6.666e-05,6.143e-05
informed,1.275e-05,1.284e-05,1.409e-05,1.38e-05,1.366e-05,1.431e-05,1.479e-05,1.498e-05,1.28e-05
ga,8.56e-06,8.72e-06,7.88e-06,7.88e-06,7.29e-06,7.46e-06,7.32e-06,7.19e-06,8.64e-06
ac,4.391e-05,4.137e-05,4e-05,3.851e-05,3.218e-05,2.878e-05,2.728e-05,2.676e-05,4.264e-05
thoughts,6.94e-06,6.34e-06,5.76e-06,5.91e-06,6.07e-06,5.79e-06,5.94e-06,5.66e-06,6.64e-06
creek,3.07e-06,2.85e-06,2.58e-06,2.58e-06,2.73e-06,2.89e-06,3.2e-06,3.21e-06,2.96e-06
ft,7.91e-06,7.92e-06,8.18e-06,6.97e-06,6.22e-06,5.48e-06,5.79e-06,5.81e-06,7.92e-06
worked,0.00023265,0.00023822,0.00023468,0.00023092,0.00022935,0.00022961,0.00022757,0.00022475,0.00023543
quantity,2.083e-05,2.013e-05,2.06e-05,2.289e-05,2.368e-05,2.421e-05,2.347e-05,2.355e-05,2.048e-05
urban,4.359e-05,4.089e-05,4.227e-05,4.154e-05,4.022e-05,3.913e-05,3.978e-05,3.868e-05,4.224e-05
practices,5.957e-05,6.15e-05,6.378e-05,6.398e-05,6.451e-05,6.578e-05,6.554e-05,6.972e-05,6.054e-05
sorted,2.341e-05,2.393e-05,2.333e-05,2.365e-05,2.383e-05,2.375e-05,2.378e-05,2.37e-05,2.367e-05
reporting,6.2e-05,6.308e-05,6.227e-05,6.186e-05,6.269e-05,6.212e-05,6.234e-05,6.345e-05,6.254e-05
essential,5.409e-05,5.357e-05,5.212e-05,5.064e-05,5.085e-05,4.994e-05,5e-05,5.107e-05,5.383e-05
myself,3.2e-07,3.2e-07,4.5e-07,4.5e-07,4.6e-07,4.6e-07,6.1e-07,4.6e-07,3.2e-07
tours,8.23e-06,8.24e-06,7.73e-06,7.88e-06,7.59e-06,8.53e-06,7.77e-06,7.95e-06,8.24e-06
platform,0.00062497,0.00064619,0.00067132,0.00068153,0.00069487,0.00070392,0.00070696,0.00071109,0.00063558
load,9.106e-05,9.098e-05,8.757e-05,8.567e-05,8.485e-05,8.344e-05,8.521e-05,8.516e-05,9.102e-05
affiliate,1.372e-05,1.585e-05,1.682e-05,1.668e-05,1.654e-05,1.629e-05,1.555e-05,1.498e-05,1.478e-05
labor,1.405e-05,1.411e-05,1.424e-05,1.471e-05,1.624e-05,1.629e-05,1.646e-05,1.667e-05,1.408e-05
immediately,5.134e-05,4.945e-05,4.848e-05,4.776e-05,4.812e-05,4.766e-05,4.695e-05,4.678e-05,5.04e-05
admin,6.78e-06,6.97e-06,7.12e-06,7.58e-06,7.89e-06,6.85e-06,7.16e-06,6.88e-06,6.88e-06
nursing,2.58e-06,2.22e-06,2.12e-06,2.12e-06,2.12e-06,2.13e-06,2.13e-06,2.14e-06,2.4e-06
defense,0.00010898,0.00010635,0.00010802,0.00010704,0.00010716,0.00010613,0.00010807,0.00010962,0.00010767
machines,0.00026736,0.0002612,0.00025514,0.00025427,0.00025743,0.00025885,0.00025974,0.00026007,0.00026428
designated,2.89e-05,2.837e-05,2.894e-05,3.199e-05,3.157e-05,3.167e-05,3.17e-05,3.15e-05,2.863e-05
tags,4.424e-05,4.359e-05,4.303e-05,4.17e-05,4.129e-05,4.111e-05,4.177e-05,4.189e-05,4.392e-05
heavy,3.164e-05,3.043e-05,3.091e-05,3.154e-05,3.127e-05,3.076e-05,3.155e-05,3.104e-05,3.104e-05
covered,5.36e-05,5.31e-05,5.318e-05,5.216e-05,5.358e-05,5.36e-05,5.213e-05,5.275e-05,5.335e-05
recovery,6.038e-05,5.959e-05,5.651e-05,5.762e-05,5.601e-05,5.603e-05,5.655e-05,5.611e-05,5.999e-05
joe,2.615e-05,2.742e-05,2.606e-05,2.623e-05,2.762e-05,2.649e-05,2.683e-05,2.599e-05,2.678e-05
guys,2.1e-06,2.22e-06,2.73e-06,2.43e-06,2.58e-06,2.74e-06,3.05e-06,3.06e-06,2.16e-06
integrated,0.00029416,0.00029655,0.00030013,0.00029975,0.00029795,0.00029752,0.00029632,0.00029661,0.00029536
configuration,0.00014417,0.00014233,0.00013984,0.00014086,0.00014162,0.00014191,0.00013917,0.00013806,0.00014325
cock,1.6e-07,1.6e-07,1.5e-07,3e-07,3e-07,3e-07,3e-07,3.1e-07,1.6e-07
merchant,1.017e-05,1.014e-05,9.54e-06,1.001e-05,1.032e-05,9.59e-06,8.69e-06,8.41e-06,1.016e-05
comprehensive,5.166e-05,5.199e-05,5.363e-05,5.428e-05,5.464e-05,5.299e-05,5.289e-05,5.29e-05,5.182e-05
expert,9.509e-05,9.24e-05,9.015e-05,8.87e-05,8.804e-05,8.527e-05,8.673e-05,8.623e-05,9.375e-05
universal,0.00011576,0.00011253,0.00011272,0.0001119,0.00011171,0.00011405,0.0001128,0.00011146,0.00011414
protect,5.683e-05,5.896e-05,5.818e-05,5.822e-05,5.722e-05,5.816e-05,5.716e-05,5.733e-05,5.79e-05
drop,3.746e-05,3.772e-05,3.924e-05,3.881e-05,3.764e-05,3.7e-05,3.643e-05,3.623e-05,3.759e-05
solid,7.556e-05,7.592e-05,7.787e-05,7.839e-05,7.893e-05,7.902e-05,7.926e-05,7.996e-05,7.574e-05
cds,2.309e-05,2.267e-05,2.151e-05,2.183e-05,2.201e-05,2.223e-05,2.195e-05,2.125e-05,2.288e-05
presentation,7.233e-05,7.053e-05,7.318e-05,7.202e-05,7.134e-05,7.172e-05,7.332e-05,7.354e-05,7.143e-05
languages,0.00051922,0.00051163,0.00051058,0.00051111,0.00051303,0.00051739,0.00051429,0.00050652,0.00051543
became,0.000428,0.00043159,0.00043482,0.00043924,0.00044519,0.00044796,0.00044966,0.0004521,0.00042979
orange,2.002e-05,1.934e-05,1.818e-05,1.819e-05,1.67e-05,1.705e-05,1.738e-05,1.774e-05,1.968e-05
compliance,3.81e-05,3.804e-05,3.909e-05,4.033e-05,4.098e-05,4.172e-05,4.222e-05,4.22e-05,3.807e-05
vehicles,3.988e-05,3.947e-05,4.333e-05,4.488e-05,4.478e-05,4.644e-05,4.588e-05,4.434e-05,3.968e-05
prevent,7.298e-05,7.481e-05,7.348e-05,7.308e-05,7.179e-05,7.461e-05,7.362e-05,7.369e-05,7.389e-05
theme,4.133e-05,3.947e-05,3.803e-05,3.897e-05,3.916e-05,4.172e-05,4.085e-05,4.143e-05,4.04e-05
rich,4.779e-05,4.66e-05,4.591e-05,4.609e-05,4.554e-05,4.507e-05,4.42e-05,4.419e-05,4.719e-05
im,1.598e-05,1.633e-05,1.697e-05,1.577e-05,1.624e-05,1.629e-05,1.6e-05,1.636e-05,1.616e-05
campaign,7.556e-05,8.036e-05,8.772e-05,8.718e-05,8.955e-05,8.816e-05,8.841e-05,8.959e-05,7.796e-05
marine,2.438e-05,2.52e-05,2.47e-05,2.547e-05,2.55e-05,2.482e-05,2.546e-05,2.538e-05,2.479e-05
improvement,4.069e-05,4.042e-05,4e-05,3.988e-05,4.144e-05,4.142e-05,4.116e-05,4.143e-05,4.056e-05
vs,4.085e-05,3.867e-05,3.545e-05,3.487e-05,3.324e-05,3.061e-05,3.247e-05,3.18e-05,3.976e-05
guitar,1.356e-05,1.252e-05,1.182e-05,1.152e-05,1.154e-05,1.112e-05,1.113e-05,1.04e-05,1.304e-05
finding,0.00011043,0.00010841,0.00010833,0.00010811,0.00010822,0.00010841,0.00010853,0.00010794,0.00010942
pennsylvania,3.956e-05,4.042e-05,4.06e-05,4.018e-05,3.901e-05,3.913e-05,3.795e-05,3.746e-05,3.999e-05
examples,0.00016419,0.00016293,0.0001609,0.00015996,0.00015862,0.00015881,0.00015563,0.00015641,0.00016356
ipod,2.486e-05,2.314e-05,2.545e-05,2.502e-05,2.398e-05,2.451e-05,2.469e-05,2.446e-05,2.4e-05
saying,1.873e-05,1.934e-05,1.985e-05,1.926e-05,1.928e-05,1.949e-05,1.875e-05,1.804e-05,1.903e-05
spirit,1.13e-05,1.014e-05,1.061e-05,1.046e-05,1.002e-05,9.9e-06,1.006e-05,1.024e-05,1.072e-05
ar,1.292e-05,1.458e-05,1.439e-05,1.547e-05,1.487e-05,1.644e-05,1.616e-05,1.804e-05,1.375e-05
claims,7.039e-05,6.72e-05,6.636e-05,6.489e-05,6.557e-05,6.532e-05,6.311e-05,6.131e-05,6.879e-05
porno,0.0,0.0,0.0,0.0,0.0,0.0,0.0,0.0,0.0
challenge,7.895e-05,8.178e-05,8.287e-05,8.309e-05,8.242e-05,8.192e-05,8.231e-05,8.287e-05,8.036e-05
motorola,6.41e-05,6.276e-05,6.363e-05,6.292e-05,6.314e-05,6.197e-05,6.112e-05,6.085e-05,6.343e-05
acceptance,2.567e-05,2.488e-05,2.53e-05,2.335e-05,2.383e-05,2.33e-05,2.393e-05,2.355e-05,2.527e-05
strategies,3.907e-05,4.042e-05,4.151e-05,4.094e-05,4.235e-05,4.218e-05,4.329e-05,4.25e-05,3.974e-05
mo,4.52e-06,5.07e-06,4.85e-06,4.25e-06,4.71e-06,4.57e-06,4.88e-06,4.74e-06,4.79e-06
seem,1.308e-05,1.395e-05,1.227e-05,1.183e-05,1.123e-05,1.066e-05,1.067e-05,1.009e-05,1.352e-05
affairs,3.068e-05,3.217e-05,3.197e-05,3.199e-05,3.142e-05,3.137e-05,3.17e-05,3.043e-05,3.142e-05
touch,8.315e-05,8.115e-05,7.924e-05,7.596e-05,7.635e-05,7.568e-05,7.408e-05,7.262e-05,8.215e-05
intended,0.0002433,0.00024298,0.00024377,0.00024638,0.00024908,0.00025078,0.00025044,0.0002512,0.00024314
towards,8.783e-05,8.828e-05,8.712e-05,8.946e-05,8.986e-05,9.121e-05,9.161e-05,9.036e-05,8.805e-05
sa,2.438e-05,2.631e-05,2.091e-05,2.153e-05,2.186e-05,2.254e-05,2.241e-05,2.263e-05,2.535e-05
goals,6.652e-05,6.657e-05,6.621e-05,6.641e-05,6.618e-05,6.776e-05,6.798e-05,6.742e-05,6.654e-05
hire,3.71e-06,3.01e-06,3.64e-06,4.4e-06,3.95e-06,3.96e-06,4.12e-06,3.82e-06,3.36e-06
election,3.746e-05,3.867e-05,3.894e-05,3.957e-05,4.189e-05,4.294e-05,4.39e-05,4.327e-05,3.806e-05
suggest,1.518e-05,1.442e-05,1.394e-05,1.334e-05,1.305e-05,1.233e-05,1.219e-05,1.208e-05,1.48e-05
branch,9.703e-05,9.415e-05,9.53e-05,9.719e-05,9.745e-05,9.989e-05,0.00010075,0.00010152,9.559e-05
charges,2.276e-05,2.441e-05,2.606e-05,2.547e-05,2.504e-05,2.573e-05,2.576e-05,2.676e-05,2.358e-05
serve,6.151e-05,6.34e-05,6.318e-05,6.444e-05,6.496e-05,6.623e-05,6.478e-05,6.483e-05,6.245e-05
affiliates,3.55e-06,3.8e-06,3.79e-06,3.79e-06,3.64e-06,4.11e-06,3.81e-06,4.13e-06,3.67e-06
reasons,5.505e-05,5.405e-05,5.288e-05,5.125e-05,5.13e-05,5.04e-05,5.015e-05,4.984e-05,5.455e-05
magic,5.215e-05,5.215e-05,5.151e-05,5.352e-05,5.358e-05,5.314e-05,5.183e-05,5.122e-05,5.215e-05
mount,1.744e-05,1.823e-05,1.803e-05,1.865e-05,1.761e-05,1.797e-05,1.753e-05,1.697e-05,1.784e-05
smart,0.00013207,0.00014027,0.00014317,0.00014192,0.00014845,0.00014922,0.00014664,0.0001454,0.00013617
talking,1.308e-05,1.236e-05,1.258e-05,1.228e-05,1.154e-05,1.142e-05,1.113e-05,1.04e-05,1.272e-05
gave,5.183e-05,5.104e-05,4.985e-05,5.003e-05,4.918e-05,4.675e-05,4.542e-05,4.587e-05,5.143e-05
ones,6.684e-05,6.673e-05,6.651e-05,6.353e-05,6.345e-05,6.486e-05,6.585e-05,6.452e-05,6.679e-05
latin,5.715e-05,5.69e-05,5.666e-05,5.792e-05,5.753e-05,5.816e-05,5.899e-05,5.825e-05,5.703e-05
multimedia,0.00011996,0.00012093,0.00011924,0.00011569,0.00011627,0.00011557,0.00011722,0.00011635,0.00012045
xp,5.651e-05,5.468e-05,5.439e-05,5.383e-05,5.555e-05,5.71e-05,5.609e-05,5.107e-05,5.559e-05
tits,0.0,0.0,4.5e-07,4.5e-07,4.6e-07,4.6e-07,4.6e-07,4.6e-07,0.0
avoid,6.878e-05,7.243e-05,7.242e-05,7.126e-05,7.134e-05,7.126e-05,7.179e-05,7.186e-05,7.061e-05
certified,4.311e-05,4.279e-05,4.394e-05,4.336e-05,4.311e-05,4.172e-05,4.085e-05,4.097e-05,4.295e-05
manage,8.799e-05,8.67e-05,8.803e-05,8.87e-05,8.864e-05,8.953e-05,8.978e-05,9.143e-05,8.735e-05
corner,1.921e-05,1.886e-05,1.682e-05,1.622e-05,1.563e-05,1.599e-05,1.555e-05,1.514e-05,1.903e-05
rank,3.923e-05,3.756e-05,4.106e-05,3.942e-05,3.962e-05,3.715e-05,3.704e-05,3.685e-05,3.84e-05
computing,0.00097855,0.00098743,0.00097752,0.00098341,0.00097932,0.00098225,0.00098727,0.00098324,0.00098299
oregon,2.293e-05,2.362e-05,2.227e-05,2.198e-05,2.14e-05,2.162e-05,2.088e-05,2.125e-05,2.327e-05
element,0.00016226,0.00015818,0.00015832,0.00015981,0.00015907,0.00015957,0.00015898,0.00015977,0.00016022
birth,1.679e-05,1.934e-05,2.015e-05,1.956e-05,1.943e-05,1.949e-05,1.875e-05,1.865e-05,1.807e-05
virus,7.491e-05,7.687e-05,7.5e-05,7.354e-05,7.301e-05,7.202e-05,7.057e-05,7.064e-05,7.589e-05
abuse,2.228e-05,2.282e-05,2.333e-05,2.32e-05,2.398e-05,2.436e-05,2.378e-05,2.278e-05,2.255e-05
interactive,0.00029319,0.0002956,0.00030135,0.0002996,0.00029887,0.00030011,0.00030181,0.00030165,0.00029439
requests,5.667e-05,5.658e-05,5.742e-05,5.898e-05,5.935e-05,5.801e-05,5.99e-05,6.1e-05,5.662e-05
separate,0.00017194,0.00016848,0.00016635,0.00016739,0.00016863,0.00016993,0.00016904,0.0001694,0.00017021
quarter,2.276e-05,2.267e-05,2.242e-05,2.259e-05,2.246e-05,2.299e-05,2.21e-05,2.324e-05,2.272e-05
procedure,7.62e-05,7.655e-05,7.636e-05,7.445e-05,7.377e-05,7.339e-05,6.905e-05,6.926e-05,7.637e-05
leadership,4.198e-05,4.311e-05,4.348e-05,4.215e-05,4.296e-05,4.218e-05,4.375e-05,4.464e-05,4.255e-05
tables,8.928e-05,8.892e-05,8.651e-05,8.658e-05,8.606e-05,8.481e-05,8.475e-05,8.44e-05,8.91e-05
define,9.396e-05,8.923e-05,8.712e-05,8.733e-05,8.621e-05,8.786e-05,8.765e-05,8.837e-05,9.16e-05
racing,3.471e-05,3.645e-05,3.863e-05,3.881e-05,3.946e-05,3.974e-05,4.055e-05,4.006e-05,3.558e-05
religious,1.518e-05,1.537e-05,1.545e-05,1.562e-05,1.609e-05,1.614e-05,1.509e-05,1.544e-05,1.527e-05
facts,3.245e-05,3.249e-05,3.091e-05,3.078e-05,2.99e-05,2.939e-05,2.728e-05,2.691e-05,3.247e-05
breakfast,9.7e-07,9.5e-07,1.06e-06,9.1e-07,1.06e-06,1.22e-06,1.22e-06,1.07e-06,9.6e-07
kong,7.475e-05,7.497e-05,7.53e-05,7.763e-05,7.756e-05,7.735e-05,7.774e-05,7.767e-05,7.486e-05
column,6.619e-05,6.562e-05,6.318e-05,6.444e-05,6.329e-05,6.38e-05,6.402e-05,6.483e-05,6.591e-05
plants,2.293e-05,2.298e-05,2.182e-05,2.198e-05,2.186e-05,2.193e-05,2.119e-05,2.186e-05,2.295e-05
faith,4.36e-06,4.75e-06,4.39e-06,5.31e-06,4.55e-06,4.26e-06,4.57e-06,4.59e-06,4.55e-06
chain,7.427e-05,7.544e-05,7.424e-05,7.505e-05,7.422e-05,7.263e-05,7.408e-05,7.553e-05,7.486e-05
developer,0.00022425,0.00023283,0.00023241,0.00023486,0.0002339,0.00023007,0.00022803,0.0002249,0.00022854
identify,9.574e-05,9.51e-05,9.681e-05,9.78e-05,9.654e-05,9.699e-05,9.999e-05,0.00010075,9.542e-05
avenue,5.65e-06,6.82e-06,6.82e-06,6.82e-06,6.98e-06,7.46e-06,7.16e-06,7.19e-06,6.24e-06
missing,2.842e-05,2.853e-05,2.954e-05,2.926e-05,2.945e-05,2.893e-05,2.927e-05,2.844e-05,2.848e-05
died,4.343e-05,4.311e-05,4.257e-05,4.306e-05,4.402e-05,4.537e-05,4.695e-05,4.694e-05,4.327e-05
approximately,9.622e-05,9.827e-05,9.802e-05,9.658e-05,9.593e-05,9.699e-05,9.786e-05,9.586e-05,9.725e-05
domestic,2.196e-05,2.251e-05,2.333e-05,2.38e-05,2.337e-05,2.375e-05,2.378e-05,2.339e-05,2.223e-05
sitemap,1.6e-07,1.6e-07,1.5e-07,1.5e-07,1.5e-07,1.5e-07,1.5e-07,1.5e-07,1.6e-07
recommendations,2.163e-05,2.203e-05,2.227e-05,2.305e-05,2.246e-05,2.223e-05,2.241e-05,2.217e-05,2.183e-05
moved,0.00011414,0.00011681,0.00011363,0.0001125,0.00011384,0.00011359,0.00011615,0.00011467,0.00011548
houston,1.437e-05,1.426e-05,1.424e-05,1.516e-05,1.457e-05,1.355e-05,1.357e-05,1.315e-05,1.432e-05
reach,6.442e-05,6.483e-05,6.651e-05,6.641e-05,6.587e-05,6.547e-05,6.615e-05,6.697e-05,6.462e-05
comparison,9.816e-05,9.462e-05,9.499e-05,9.355e-05,9.38e-05,9.395e-05,9.313e-05,9.173e-05,9.639e-05
mental,2.825e-05,3.011e-05,2.985e-05,2.926e-05,3.051e-05,3.167e-05,3.201e-05,3.318e-05,2.918e-05
viewed,6.894e-05,6.704e-05,6.833e-05,6.747e-05,6.739e-05,7.035e-05,7.042e-05,7.018e-05,6.799e-05
moment,1.905e-05,2.108e-05,2.076e-05,1.986e-05,1.897e-05,1.903e-05,1.86e-05,1.835e-05,2.006e-05
extended,0.00015564,0.00015644,0.00015378,0.00015814,0.00015831,0.00016018,0.00015944,0.00015962,0.00015604
sequence,0.00023491,0.0002303,0.00022741,0.00022591,0.0002295,0.00022855,0.00022864,0.000233,0.0002326
inch,5.392e-05,5.389e-05,5.091e-05,5.064e-05,4.963e-05,4.994e-05,4.71e-05,4.892e-05,5.39e-05
attack,0.00018728,0.00018703,0.0001856,0.00018649,0.00018563,0.00018774,0.00018779,0.00018698,0.00018715
sorry,1.78e-06,1.58e-06,1.36e-06,1.36e-06,1.06e-06,1.07e-06,9.1e-07,9.2e-07,1.68e-06
centers,7.717e-05,7.719e-05,7.924e-05,7.93e-05,8.181e-05,8.314e-05,8.246e-05,8.18e-05,7.718e-05
opening,3.261e-05,3.091e-05,3.015e-05,3.048e-05,2.99e-05,2.893e-05,2.805e-05,2.783e-05,3.176e-05
damage,3.277e-05,3.202e-05,3.106e-05,3.032e-05,3.005e-05,3.03e-05,3.064e-05,3.043e-05,3.24e-05
lab,0.00011818,0.00011776,0.00011818,0.00011857,0.00011703,0.00011648,0.00011691,0.0001139,0.00011797
reserve,1.388e-05,1.316e-05,1.242e-05,1.228e-05,1.26e-05,1.172e-05,1.158e-05,1.147e-05,1.352e-05
recipes,5.65e-06,5.55e-06,5.15e-06,5.16e-06,5.16e-06,5.02e-06,4.88e-06,5.2e-06,5.6e-06
cvs,4.36e-06,4.28e-06,3.94e-06,4.09e-06,5.01e-06,4.87e-06,4.57e-06,4.28e-06,4.32e-06
gamma,1.405e-05,1.331e-05,1.348e-05,1.41e-05,1.381e-05,1.416e-05,1.418e-05,1.422e-05,1.368e-05
plastic,2.729e-05,2.647e-05,2.606e-05,2.593e-05,2.474e-05,2.512e-05,2.424e-05,2.446e-05,2.688e-05
produce,0.00015241,0.0001501,0.00014681,0.00014631,0.00014556,0.0001448,0.00014587,0.00014509,0.00015125
snow,1.534e-05,1.537e-05,1.454e-05,1.425e-05,1.518e-05,1.507e-05,1.54e-05,1.544e-05,1.535e-05
placed,7.007e-05,6.958e-05,6.772e-05,6.868e-05,7.012e-05,6.867e-05,6.859e-05,6.773e-05,6.983e-05
truth,3.261e-05,3.265e-05,3.166e-05,3.305e-05,3.324e-05,3.35e-05,3.369e-05,3.364e-05,3.263e-05
counter,3.988e-05,4.026e-05,4.091e-05,4.063e-05,4.174e-05,4.065e-05,4.1e-05,4.189e-05,4.007e-05
failure,7.427e-05,7.513e-05,7.727e-05,7.778e-05,7.893e-05,8.04e-05,8.323e-05,8.225e-05,7.47e-05
follows,0.00010268,0.00010207,0.00010666,0.0001075,0.00010868,0.00011024,0.00011036,0.00011115,0.00010238
eu,4.375e-05,4.612e-05,4.56e-05,4.23e-05,4.007e-05,3.883e-05,3.887e-05,4.266e-05,4.494e-05
weekend,1.179e-05,1.141e-05,1.045e-05,9.55e-06,9.41e-06,8.37e-06,7.62e-06,7.49e-06,1.16e-05
dollar,1.179e-05,1.125e-05,1.182e-05,1.077e-05,1.123e-05,1.02e-05,9.91e-06,9.63e-06,1.152e-05
camp,1.711e-05,1.759e-05,1.651e-05,1.592e-05,1.654e-05,1.705e-05,1.6e-05,1.59e-05,1.735e-05
ontario,2.583e-05,2.536e-05,2.515e-05,2.532e-05,2.596e-05,2.604e-05,2.622e-05,2.599e-05,2.56e-05
automatically,0.00013029,0.00012822,0.00012651,0.00012539,0.00012401,0.00012394,0.00012118,0.00012094,0.00012925
des,3.988e-05,3.994e-05,3.954e-05,3.821e-05,3.628e-05,3.578e-05,3.475e-05,3.425e-05,3.991e-05
minnesota,2.228e-05,2.314e-05,2.182e-05,2.214e-05,2.125e-05,2.071e-05,2.043e-05,2.033e-05,2.271e-05
films,9.106e-05,9.24e-05,9.727e-05,9.901e-05,0.00010063,0.00010293,0.00010426,0.00010473,9.173e-05
bridge,5.005e-05,4.993e-05,4.879e-05,4.806e-05,4.705e-05,4.675e-05,4.71e-05,4.724e-05,4.999e-05
native,9.865e-05,9.843e-05,9.863e-05,9.689e-05,9.821e-05,9.897e-05,0.00010136,9.968e-05,9.854e-05
fill,2.535e-05,2.425e-05,2.303e-05,2.35e-05,2.292e-05,2.193e-05,2.195e-05,1.896e-05,2.48e-05
williams,3.374e-05,3.408e-05,3.379e-05,3.427e-05,3.37e-05,3.411e-05,3.399e-05,3.379e-05,3.391e-05
movement,9.606e-05,9.637e-05,9.833e-05,0.00010113,9.972e-05,9.989e-05,9.969e-05,0.00010167,9.621e-05
printing,6.41e-05,6.403e-05,6.5e-05,6.535e-05,6.512e-05,6.334e-05,6.326e-05,6.192e-05,6.407e-05
baseball,1.227e-05,1.284e-05,1.303e-05,1.274e-05,1.275e-05,1.309e-05,1.326e-05,1.254e-05,1.256e-05
owned,0.00018163,0.0001902,0.00019347,0.00020029,0.00020476,0.00020647,0.00020456,0.00020518,0.00018591
approval,1.421e-05,1.411e-05,1.424e-05,1.44e-05,1.396e-05,1.507e-05,1.448e-05,1.468e-05,1.416e-05
draft,3.197e-05,3.154e-05,3.015e-05,2.881e-05,2.762e-05,2.878e-05,2.896e-05,2.951e-05,3.175e-05
chart,3.843e-05,3.55e-05,3.591e-05,3.76e-05,3.704e-05,3.67e-05,3.841e-05,3.838e-05,3.697e-05
played,0.00010187,0.00010302,0.00010393,0.00010477,0.00010701,0.00010369,0.00010502,0.00010565,0.00010244
contacts,2.309e-05,2.409e-05,2.273e-05,2.259e-05,2.201e-05,2.223e-05,2.195e-05,2.217e-05,2.359e-05
cc,2.034e-05,2.14e-05,1.954e-05,1.956e-05,1.882e-05,1.919e-05,1.875e-05,1.942e-05,2.087e-05
jesus,6.46e-06,6.34e-06,6.21e-06,6.06e-06,6.37e-06,5.94e-06,6.1e-06,5.96e-06,6.4e-06
readers,6.7e-05,6.689e-05,6.409e-05,6.262e-05,6.193e-05,6.014e-05,6.051e-05,6.085e-05,6.695e-05
clubs,7.27e-06,6.82e-06,6.51e-06,6.67e-06,6.37e-06,6.7e-06,7.16e-06,6.88e-06,7.04e-06
lcd,3.035e-05,3.043e-05,3e-05,2.896e-05,2.838e-05,2.908e-05,2.82e-05,2.752e-05,3.039e-05
wa,4.52e-06,3.49e-06,3.18e-06,3.64e-06,3.04e-06,2.44e-06,2.74e-06,2.9e-06,4e-06
jackson,1.921e-05,1.854e-05,1.954e-05,1.956e-05,1.973e-05,1.964e-05,1.982e-05,2.064e-05,1.887e-05
equal,7.782e-05,7.846e-05,7.969e-05,7.99e-05,8.105e-05,7.902e-05,7.804e-05,7.935e-05,7.814e-05
adventure,0.00010882,0.00011095,0.00011636,0.00011842,0.00011946,0.00011953,0.00012194,0.00012124,0.00010988
matching,7.314e-05,7.56e-05,7.772e-05,7.717e-05,7.787e-05,7.765e-05,7.774e-05,7.675e-05,7.437e-05
offering,8.993e-05,9.034e-05,8.924e-05,9.052e-05,9.077e-05,9.288e-05,9.329e-05,9.617e-05,9.014e-05
shirts,3.07e-06,3.01e-06,2.73e-06,2.58e-06,2.73e-06,2.44e-06,2.29e-06,2.29e-06,3.04e-06
profit,0.00012577,0.00012664,0.00012454,0.00012463,0.00012613,0.00012394,0.00012469,0.00012399,0.00012621
leaders,2.599e-05,2.599e-05,2.818e-05,2.744e-05,2.747e-05,2.771e-05,2.683e-05,2.66e-05,2.599e-05
posters,7.1e-06,7.13e-06,7.73e-06,7.58e-06,7.44e-06,6.55e-06,6.71e-06,6.88e-06,7.12e-06
institutions,9.687e-05,9.906e-05,9.818e-05,9.84e-05,9.593e-05,9.562e-05,9.557e-05,9.464e-05,9.797e-05
assistant,6.765e-05,6.451e-05,6.818e-05,6.505e-05,6.117e-05,6.014e-05,6.097e-05,5.856e-05,6.608e-05
variable,0.00014853,0.00014661,0.00014666,0.00014889,0.00014754,0.00014876,0.00014664,0.00014616,0.00014757
ave,1.13e-06,1.27e-06,1.06e-06,1.06e-06,7.6e-07,7.6e-07,7.6e-07,7.6e-07,1.2e-06
dj,1.033e-05,8.56e-06,8.33e-06,7.43e-06,7.59e-06,7.61e-06,7.93e-06,8.26e-06,9.44e-06
advertisement,1.728e-05,1.775e-05,1.818e-05,1.577e-05,1.609e-05,1.614e-05,1.555e-05,1.514e-05,1.752e-05
expect,9.69e-06,1.078e-05,1.106e-05,1.107e-05,1.017e-05,1.005e-05,1.021e-05,9.94e-06,1.023e-05
parking,7.43e-06,8.08e-06,8.79e-06,8.79e-06,1.002e-05,9.59e-06,9.6e-06,9.48e-06,7.75e-06
headlines,5.33e-06,5.23e-06,5.45e-06,5.31e-06,5.01e-06,4.72e-06,4.88e-06,4.43e-06,5.28e-06
yesterday,1.61e-06,1.74e-06,2.12e-06,2.43e-06,2.43e-06,2.44e-06,2.44e-06,2.6e-06,1.68e-06
compared,0.00014111,0.00014138,0.00014317,0.00014495,0.00014647,0.00014617,0.00014725,0.00014769,0.00014125
determined,6.103e-05,6.023e-05,5.954e-05,5.898e-05,5.798e-05,5.877e-05,6.051e-05,5.81e-05,6.063e-05
wholesale,7.43e-06,8.4e-06,8.03e-06,7.13e-06,7.29e-06,7.61e-06,7.93e-06,7.34e-06,7.91e-06
workshop,4.989e-05,4.929e-05,4.772e-05,4.715e-05,4.781e-05,4.675e-05,4.558e-05,4.571e-05,4.959e-05
russia,5.748e-05,5.864e-05,5.848e-05,5.944e-05,5.844e-05,6.014e-05,5.777e-05,5.825e-05,5.806e-05
gone,1.76e-05,1.68e-05,1.636e-05,1.577e-05,1.624e-05,1.736e-05,1.753e-05,1.682e-05,1.72e-05
codes,0.00018647,0.00018227,0.00018044,0.00017891,0.00017668,0.00018028,0.0001791,0.0001801,0.00018437
kinds,5.425e-05,5.31e-05,5.363e-05,5.216e-05,5.07e-05,5.055e-05,5.076e-05,5.107e-05,5.368e-05
extension,0.00016758,0.00016927,0.00016666,0.00016678,0.0001662,0.00016688,0.00016508,0.00016206,0.00016842
seattle,2.89e-05,2.9e-05,2.833e-05,2.82e-05,2.838e-05,2.832e-05,2.728e-05,2.721e-05,2.895e-05
statements,4.763e-05,4.612e-05,4.606e-05,4.973e-05,4.721e-05,4.766e-05,4.847e-05,4.908e-05,4.688e-05
golden,2.551e-05,2.473e-05,2.454e-05,2.441e-05,2.474e-05,2.543e-05,2.622e-05,2.614e-05,2.512e-05
completely,8.395e-05,8.178e-05,8.045e-05,7.975e-05,8.075e-05,7.933e-05,8.018e-05,7.782e-05,8.287e-05
teams,5.764e-05,5.896e-05,6.075e-05,6.55e-05,6.663e-05,6.73e-05,6.722e-05,6.574e-05,5.83e-05
fort,8.88e-06,9.03e-06,9.09e-06,8.95e-06,9.11e-06,9.14e-06,9.15e-06,9.63e-06,8.95e-06
cm,2.196e-05,2.156e-05,2.06e-05,1.971e-05,1.943e-05,1.858e-05,1.738e-05,1.697e-05,2.176e-05
wi,7.265e-05,7.655e-05,8.121e-05,8.248e-05,7.787e-05,7.948e-05,8.124e-05,8.149e-05,7.46e-05
lighting,3.713e-05,3.693e-05,3.697e-05,3.715e-05,3.764e-05,3.791e-05,3.704e-05,3.7e-05,3.703e-05
senate,1.679e-05,1.759e-05,1.788e-05,1.759e-05,1.73e-05,1.766e-05,1.768e-05,1.697e-05,1.719e-05
forces,5.425e-05,5.389e-05,5.56e-05,5.731e-05,5.677e-05,5.634e-05,5.472e-05,5.535e-05,5.407e-05
funny,3.39e-06,3.49e-06,3.18e-06,3.34e-06,3.34e-06,3.35e-06,3.35e-06,3.21e-06,3.44e-06
brother,2.373e-05,2.409e-05,2.439e-05,2.335e-05,2.413e-05,2.543e-05,2.561e-05,2.507e-05,2.391e-05
gene,5.296e-05,5.421e-05,5.56e-05,5.549e-05,5.54e-05,5.482e-05,5.487e-05,5.443e-05,5.358e-05
turned,3.729e-05,3.645e-05,3.621e-05,3.533e-05,3.597e-05,3.441e-05,3.414e-05,3.379e-05,3.687e-05
portable,0.00014014,0.00013694,0.00013726,0.00013843,0.00013919,0.00013719,0.00013886,0.00014081,0.00013854
tried,1.485e-05,1.49e-05,1.394e-05,1.365e-05,1.351e-05,1.355e-05,1.372e-05,1.361e-05,1.487e-05
electrical,0.00019907,0.00020272,0.00020787,0.00020969,0.00020582,0.0002048,0.00020456,0.0002035,0.0002009
applicable,3.1e-05,3.075e-05,3.076e-05,3.048e-05,3.036e-05,3.091e-05,3.094e-05,3.073e-05,3.088e-05
disc,6.071e-05,5.959e-05,5.878e-05,6.019e-05,5.996e-05,6.03e-05,6.036e-05,5.902e-05,6.015e-05
returned,4.94e-05,4.866e-05,5.06e-05,5.14e-05,5.146e-05,5.36e-05,5.259e-05,5.091e-05,4.903e-05
pattern,0.0001981,0.00019495,0.00018984,0.00018892,0.00018548,0.00018485,0.00018749,0.00019081,0.00019652
ct,1.501e-05,1.442e-05,1.454e-05,1.501e-05,1.487e-05,1.492e-05,1.479e-05,1.498e-05,1.472e-05
hentai,3.2e-07,1.6e-07,1.5e-07,1.5e-07,1.5e-07,1.5e-07,1.5e-07,1.5e-07,2.4e-07
boat,7.59e-06,7.45e-06,7.27e-06,7.43e-06,7.44e-06,7.61e-06,7.16e-06,6.88e-06,7.52e-06
named,0.00042381,0.00042414,0.00042558,0.00042893,0.00043001,0.00043319,0.00043137,0.00043253,0.00042397
theatre,2.131e-05,1.95e-05,1.97e-05,1.88e-05,1.776e-05,1.812e-05,1.814e-05,1.835e-05,2.04e-05
laser,4.133e-05,4.058e-05,4.151e-05,4.154e-05,4.28e-05,4.294e-05,4.268e-05,4.327e-05,4.096e-05
earlier,0.00014708,0.00014883,0.00014333,0.00014283,0.00014389,0.00014663,0.00014648,0.00014632,0.00014796
manufacturers,7.556e-05,7.481e-05,7.348e-05,7.52e-05,7.589e-05,7.43e-05,7.362e-05,7.247e-05,7.518e-05
sponsor,1.13e-05,1.109e-05,1.091e-05,1.077e-05,1.078e-05,1.02e-05,8.99e-06,8.56e-06,1.12e-05
classical,0.00010349,0.00010382,0.00010666,0.00010674,0.00010898,0.00011283,0.0001128,0.00011375,0.00010365
icon,2.583e-05,2.536e-05,2.439e-05,2.471e-05,2.641e-05,2.558e-05,2.5e-05,2.492e-05,2.56e-05
warranty,2.58e-06,2.54e-06,2.58e-06,1.97e-06,2.43e-06,2.89e-06,2.74e-06,2.75e-06,2.56e-06
dedicated,0.00014272,0.00014281,0.00014575,0.0001451,0.00014738,0.00014602,0.00014526,0.00014708,0.00014276
indiana,2.067e-05,2.06e-05,1.985e-05,2.092e-05,2.11e-05,2.147e-05,2.088e-05,2.018e-05,2.064e-05
direction,9.703e-05,9.7e-05,9.909e-05,9.87e-05,9.714e-05,9.684e-05,9.618e-05,9.494e-05,9.701e-05
harry,2.163e-05,2.171e-05,1.954e-05,1.956e-05,1.867e-05,1.903e-05,1.982e-05,1.988e-05,2.167e-05
basketball,9.2e-06,8.88e-06,8.79e-06,8.79e-06,9.56e-06,9.74e-06,9.6e-06,9.78e-06,9.04e-06
objects,0.0003342,0.0003292,0.00033044,0.00032947,0.0003271,0.00032782,0.00032559,0.00032321,0.0003317
ends,2.971e-05,2.932e-05,2.803e-05,2.835e-05,2.778e-05,2.771e-05,2.835e-05,2.859e-05,2.951e-05
delete,2.26e-05,2.203e-05,2.121e-05,2.244e-05,2.064e-05,2.116e-05,1.997e-05,2.064e-05,2.231e-05
evening,7.1e-06,7.29e-06,8.64e-06,8.34e-06,8.04e-06,8.37e-06,8.54e-06,8.56e-06,7.19e-06
assembly,8.266e-05,8.052e-05,8.575e-05,8.324e-05,7.893e-05,7.842e-05,7.682e-05,7.644e-05,8.159e-05
nuclear,5.441e-05,5.563e-05,5.545e-05,5.383e-05,5.434e-05,5.497e-05,5.487e-05,5.504e-05,5.502e-05
taxes,2.1e-06,2.06e-06,2.27e-06,2.27e-06,2.58e-06,2.74e-06,2.59e-06,2.6e-06,2.08e-06
mouse,8.912e-05,8.733e-05,8.348e-05,8.309e-05,8.136e-05,7.842e-05,7.621e-05,7.644e-05,8.823e-05
signal,0.00035584,0.00036201,0.0003524,0.00034736,0.00035002,0.00035325,0.00035287,0.00035333,0.00035893
criminal,3.261e-05,3.519e-05,3.53e-05,3.684e-05,3.855e-05,4.035e-05,4.024e-05,4.097e-05,3.39e-05
issued,5.731e-05,5.801e-05,5.924e-05,5.928e-05,6.011e-05,5.984e-05,5.975e-05,5.886e-05,5.766e-05
brain,0.00010139,0.00010667,0.00010575,0.00010401,0.00010504,0.00010354,0.00010472,0.00010289,0.00010403
sexual,2.502e-05,2.647e-05,3.212e-05,3.275e-05,3.415e-05,3.487e-05,3.323e-05,3.348e-05,2.574e-05
wisconsin,2.664e-05,2.647e-05,2.682e-05,2.562e-05,2.459e-05,2.391e-05,2.393e-05,2.431e-05,2.655e-05
powerful,8.315e-05,8.036e-05,8.166e-05,7.808e-05,7.954e-05,7.948e-05,7.926e-05,7.767e-05,8.176e-05
dream,1.388e-05,1.411e-05,1.561e-05,1.471e-05,1.518e-05,1.538e-05,1.631e-05,1.605e-05,1.4e-05
obtained,9.881e-05,9.827e-05,9.681e-05,9.522e-05,9.562e-05,9.425e-05,9.313e-05,9.311e-05,9.854e-05
false,4.957e-05,5.262e-05,5.257e-05,5.383e-05,5.328e-05,5.664e-05,5.518e-05,5.428e-05,5.109e-05
da,1.501e-05,1.648e-05,1.697e-05,1.668e-05,1.685e-05,1.614e-05,1.783e-05,1.789e-05,1.574e-05
cast,2.987e-05,3.107e-05,3.212e-05,3.26e-05,3.339e-05,3.426e-05,3.369e-05,3.379e-05,3.047e-05
flower,2.26e-06,1.9e-06,2.12e-06,2.12e-06,2.12e-06,2.13e-06,1.98e-06,1.99e-06,2.08e-06
felt,1.905e-05,1.95e-05,2.045e-05,2.077e-05,2.079e-05,2.056e-05,1.997e-05,2.095e-05,1.928e-05
personnel,2.341e-05,2.457e-05,2.47e-05,2.487e-05,2.611e-05,2.558e-05,2.637e-05,2.614e-05,2.399e-05
passed,5.183e-05,4.993e-05,5.151e-05,5.155e-05,5.1e-05,5.07e-05,4.908e-05,4.908e-05,5.088e-05
supplied,3.6e-05,3.645e-05,3.682e-05,3.654e-05,3.673e-05,3.593e-05,3.536e-05,3.516e-05,3.622e-05
identified,6.684e-05,6.91e-05,7.06e-05,7.141e-05,6.982e-05,7.004e-05,7.042e-05,7.018e-05,6.797e-05
falls,1.808e-05,1.68e-05,1.47e-05,1.547e-05,1.472e-05,1.447e-05,1.509e-05,1.514e-05,1.744e-05
pic,1.614e-05,1.569e-05,1.515e-05,1.547e-05,1.548e-05,1.34e-05,1.311e-05,1.254e-05,1.591e-05
soul,5.81e-06,5.39e-06,5.76e-06,6.06e-06,6.37e-06,6.7e-06,6.71e-06,6.57e-06,5.6e-06
aids,1.388e-05,1.442e-05,1.591e-05,1.547e-05,1.563e-05,1.584e-05,1.585e-05,1.514e-05,1.415e-05
opinions,1.518e-05,1.537e-05,1.5e-05,1.668e-05,1.654e-05,1.629e-05,1.646e-05,1.621e-05,1.527e-05
promote,5.699e-05,5.801e-05,5.969e-05,5.777e-05,5.707e-05,5.893e-05,5.914e-05,5.993e-05,5.75e-05
stated,8.557e-05,8.432e-05,8.651e-05,8.597e-05,8.394e-05,8.359e-05,7.926e-05,7.935e-05,8.495e-05
stats,4.84e-06,4.91e-06,4.7e-06,4.85e-06,4.25e-06,3.96e-06,4.27e-06,4.28e-06,4.87e-06
hawaii,9.85e-06,9.99e-06,1.091e-05,1.107e-05,1.047e-05,1.035e-05,9.6e-06,9.02e-06,9.92e-06
professionals,6.845e-05,6.926e-05,7.045e-05,6.899e-05,6.663e-05,6.974e-05,6.783e-05,6.773e-05,6.885e-05
appears,7.459e-05,7.323e-05,7.075e-05,7.02e-05,6.815e-05,6.761e-05,6.951e-05,6.819e-05,7.391e-05
carry,5.392e-05,5.199e-05,5.151e-05,5.185e-05,5.237e-05,5.284e-05,5.259e-05,5.336e-05,5.295e-05
flag,2.906e-05,2.885e-05,2.848e-05,2.941e-05,2.945e-05,3.03e-05,2.927e-05,2.89e-05,2.895e-05
decided,3.907e-05,3.915e-05,4e-05,3.942e-05,3.992e-05,4.02e-05,4.024e-05,4.067e-05,3.911e-05
nj,1.017e-05,1.094e-05,1.121e-05,8.64e-06,8.2e-06,8.07e-06,7.93e-06,7.19e-06,1.055e-05
covers,7.782e-05,7.56e-05,7.681e-05,7.536e-05,7.559e-05,7.705e-05,7.804e-05,7.782e-05,7.671e-05
hr,5.17e-06,5.07e-06,4.39e-06,4.55e-06,4.55e-06,4.72e-06,4.42e-06,4.74e-06,5.12e-06
em,2.971e-05,3.043e-05,3e-05,3.108e-05,3.005e-05,2.939e-05,2.942e-05,2.951e-05,3.007e-05
advantage,0.00010123,9.795e-05,9.939e-05,9.901e-05,9.729e-05,9.425e-05,9.39e-05,9.342e-05,9.959e-05
hello,1.049e-05,1.189e-05,9.85e-06,9.4e-06,1.017e-05,1.005e-05,1.021e-05,1.024e-05,1.119e-05
designs,0.00010946,0.00010635,0.00010878,0.00011174,0.00011111,0.00011344,0.00011417,0.00011314,0.0001079
maintain,6.619e-05,6.689e-05,6.591e-05,6.702e-05,6.724e-05,6.563e-05,6.829e-05,6.712e-05,6.654e-05
tourism,7.1e-06,7.29e-06,7.12e-06,6.82e-06,6.98e-06,6.85e-06,6.71e-06,6.42e-06,7.19e-06
priority,5.925e-05,5.928e-05,5.697e-05,5.731e-05,5.737e-05,5.801e-05,5.823e-05,5.886e-05,5.926e-05
newsletters,5.17e-06,4.75e-06,5.3e-06,5.31e-06,5.62e-06,5.63e-06,5.33e-06,4.89e-06,4.96e-06
adults,1.114e-05,1.189e-05,1.197e-05,1.258e-05,1.26e-05,1.233e-05,1.189e-05,1.208e-05,1.152e-05
clips,2.002e-05,2.076e-05,2.06e-05,2.032e-05,1.912e-05,1.964e-05,1.905e-05,1.911e-05,2.039e-05
savings,9.2e-06,7.92e-06,8.33e-06,8.79e-06,8.35e-06,8.07e-06,8.08e-06,7.64e-06,8.56e-06
iv,3.374e-05,3.186e-05,3.227e-05,3.199e-05,3.233e-05,3.198e-05,3.338e-05,3.379e-05,3.28e-05
graphic,8.072e-05,8.163e-05,7.969e-05,7.839e-05,7.771e-05,7.765e-05,7.82e-05,7.767e-05,8.118e-05
atom,3.536e-05,3.455e-05,3.394e-05,3.199e-05,3.096e-05,3.03e-05,2.957e-05,2.981e-05,3.495e-05
payments,2.745e-05,2.98e-05,3.273e-05,3.214e-05,3.309e-05,3.274e-05,3.308e-05,3.18e-05,2.862e-05
rw,5.97e-06,6.02e-06,5e-06,5e-06,5.01e-06,5.02e-06,4.88e-06,5.81e-06,5.99e-06
estimated,5.683e-05,5.864e-05,6.015e-05,5.989e-05,5.935e-05,6.304e-05,6.493e-05,6.498e-05,5.774e-05
binding,3.229e-05,3.059e-05,3.121e-05,3.29e-05,3.324e-05,3.395e-05,3.323e-05,3.379e-05,3.144e-05
brief,2.615e-05,2.488e-05,2.424e-05,2.259e-05,2.292e-05,2.223e-05,2.225e-05,2.232e-05,2.551e-05
ended,5.07e-05,5.151e-05,5.5e-05,5.898e-05,6.117e-05,6.593e-05,6.57e-05,6.391e-05,5.11e-05
winning,3.487e-05,3.392e-05,3.379e-05,3.487e-05,3.279e-05,3.365e-05,3.369e-05,3.195e-05,3.439e-05
eight,8.234e-05,8.147e-05,8.212e-05,8.081e-05,7.969e-05,7.918e-05,8.155e-05,8.18e-05,8.191e-05
anonymous,5.296e-05,5.151e-05,5.015e-05,5.094e-05,4.933e-05,4.964e-05,5e-05,5.122e-05,5.224e-05
iron,1.744e-05,1.743e-05,1.712e-05,1.728e-05,1.715e-05,1.69e-05,1.722e-05,1.804e-05,1.743e-05
straight,2.422e-05,2.409e-05,2.273e-05,2.214e-05,2.186e-05,2.193e-05,2.119e-05,2.186e-05,2.416e-05
script,5.602e-05,5.706e-05,5.924e-05,5.959e-05,6.102e-05,6.091e-05,5.975e-05,5.917e-05,5.654e-05
served,0.00015112,0.00015707,0.00016666,0.00017209,0.00017759,0.00017952,0.00018307,0.00017903,0.0001541
wants,1.905e-05,1.886e-05,1.757e-05,1.819e-05,1.746e-05,1.827e-05,1.814e-05,1.804e-05,1.895e-05
miscellaneous,3.39e-06,3.17e-06,2.88e-06,3.03e-06,2.73e-06,2.89e-06,3.05e-06,3.06e-06,3.28e-06
prepared,1.453e-05,1.49e-05,1.5e-05,1.531e-05,1.533e-05,1.553e-05,1.494e-05,1.544e-05,1.472e-05
void,1.211e-05,1.236e-05,1.288e-05,1.304e-05,1.062e-05,1.112e-05,1.128e-05,1.147e-05,1.224e-05
dining,3.07e-06,3.33e-06,3.64e-06,3.03e-06,3.04e-06,3.2e-06,3.2e-06,3.36e-06,3.2e-06
alert,1.453e-05,1.522e-05,1.621e-05,1.683e-05,1.654e-05,1.736e-05,1.707e-05,1.728e-05,1.487e-05
integration,0.00015984,0.00015485,0.00015423,0.00015632,0.00015497,0.00015348,0.00015517,0.00015625,0.00015734
atlanta,1.744e-05,1.728e-05,1.712e-05,1.728e-05,1.67e-05,1.584e-05,1.616e-05,1.59e-05,1.736e-05
dakota,4.04e-06,3.96e-06,4.39e-06,3.94e-06,4.1e-06,4.57e-06,5.03e-06,5.2e-06,4e-06
tag,5.037e-05,5.088e-05,5e-05,4.897e-05,4.751e-05,4.979e-05,4.862e-05,4.862e-05,5.062e-05
interview,4.973e-05,4.85e-05,4.742e-05,4.321e-05,4.083e-05,3.989e-05,3.994e-05,3.853e-05,4.911e-05
mix,2.793e-05,2.853e-05,2.924e-05,2.85e-05,2.869e-05,2.863e-05,2.789e-05,2.783e-05,2.823e-05
framework,0.0002693,0.00027055,0.00027241,0.00027367,0.00027215,0.00027408,0.00027605,0.00027505,0.00026992
disk,0.00029545,0.00028815,0.00028014,0.00027822,0.0002761,0.00027255,0.0002698,0.00026939,0.0002918
installed,0.00011156,0.00011428,0.00011136,0.00011083,0.00011202,0.000111,0.00011249,0.00011146,0.00011292
queen,2.551e-05,2.615e-05,2.667e-05,2.669e-05,2.671e-05,2.71e-05,2.789e-05,2.721e-05,2.583e-05
vhs,3.07e-06,3.17e-06,3.33e-06,3.64e-06,3.64e-06,3.65e-06,3.81e-06,3.82e-06,3.12e-06
credits,1.292e-05,1.284e-05,1.303e-05,1.274e-05,1.275e-05,1.294e-05,1.341e-05,1.3e-05,1.288e-05
clearly,1.728e-05,1.617e-05,1.667e-05,1.622e-05,1.579e-05,1.599e-05,1.54e-05,1.468e-05,1.672e-05
fix,2.196e-05,2.282e-05,2.212e-05,2.289e-05,2.307e-05,2.375e-05,2.256e-05,2.202e-05,2.239e-05
handle,7.846e-05,7.798e-05,7.787e-05,7.748e-05,7.696e-05,7.583e-05,7.652e-05,7.752e-05,7.822e-05
sweet,2.91e-06,2.85e-06,2.27e-06,2.12e-06,2.28e-06,2.44e-06,2.59e-06,2.45e-06,2.88e-06
desk,2.002e-05,1.95e-05,1.924e-05,1.941e-05,1.943e-05,1.888e-05,1.89e-05,1.835e-05,1.976e-05
criteria,4.892e-05,4.581e-05,4.606e-05,4.609e-05,4.538e-05,4.583e-05,4.771e-05,4.862e-05,4.736e-05
pubmed,7.75e-06,6.82e-06,6.06e-06,6.37e-06,6.53e-06,6.4e-06,6.4e-06,6.27e-06,7.29e-06
dave,3.1e-05,2.948e-05,2.924e-05,2.85e-05,2.899e-05,2.832e-05,2.713e-05,2.584e-05,3.024e-05
massachusetts,9.122e-05,9.367e-05,9.515e-05,9.446e-05,9.365e-05,9.319e-05,9.496e-05,9.601e-05,9.245e-05
diego,3.213e-05,3.186e-05,3.212e-05,3.199e-05,3.112e-05,3.182e-05,3.231e-05,3.18e-05,3.2e-05
hong,6.41e-05,6.435e-05,6.53e-05,6.717e-05,6.648e-05,6.639e-05,6.585e-05,6.498e-05,6.423e-05
vice,0.00010446,0.00010445,0.00010712,0.0001078,0.00010929,0.00010628,0.00010655,0.00010473,0.00010446
associate,7.071e-05,7.37e-05,7.697e-05,7.748e-05,7.756e-05,7.43e-05,7.393e-05,7.308e-05,7.221e-05
ne,5.49e-06,5.71e-06,5.3e-06,5.31e-06,5.31e-06,5.02e-06,4.73e-06,4.89e-06,5.6e-06
truck,5.49e-06,6.02e-06,5.91e-06,5.91e-06,6.68e-06,7.31e-06,6.86e-06,7.03e-06,5.75e-06
behavior,0.00014999,0.00015105,0.00015105,0.00015132,0.00015361,0.00015592,0.00015715,0.00015916,0.00015052
enlarge,3.2e-07,3.2e-07,3e-07,3e-07,3e-07,4.6e-07,6.1e-07,4.6e-07,3.2e-07
ray,9.881e-05,9.573e-05,9.636e-05,9.825e-05,0.00010018,9.912e-05,0.0001003,9.999e-05,9.727e-05
frequently,9.413e-05,9.24e-05,9.03e-05,8.915e-05,8.925e-05,9.044e-05,9.039e-05,8.929e-05,9.326e-05
revenue,5.828e-05,5.912e-05,6.121e-05,6.11e-05,6.162e-05,6.289e-05,6.25e-05,6.299e-05,5.87e-05
measure,0.00011689,0.0001165,0.00011408,0.00011296,0.00011262,0.00011465,0.00011295,0.00011314,0.00011669
changing,6.49e-05,6.324e-05,6.424e-05,6.444e-05,6.481e-05,6.486e-05,6.432e-05,6.421e-05,6.407e-05
votes,6.94e-06,6.34e-06,6.36e-06,5.91e-06,5.92e-06,5.79e-06,5.33e-06,5.66e-06,6.64e-06
du,2.163e-05,2.06e-05,2.091e-05,2.123e-05,2.125e-05,2.101e-05,2.21e-05,2.095e-05,2.112e-05
duty,1.598e-05,1.664e-05,2.182e-05,2.092e-05,2.049e-05,1.934e-05,2.012e-05,2.064e-05,1.631e-05
looked,9.53e-06,9.35e-06,9.54e-06,9.7e-06,9.87e-06,9.44e-06,9.6e-06,9.48e-06,9.44e-06
discussions,2.438e-05,2.377e-05,2.333e-05,2.335e-05,2.489e-05,2.528e-05,2.5e-05,2.569e-05,2.408e-05
bear,2.067e-05,1.965e-05,1.833e-05,1.835e-05,1.852e-05,1.949e-05,1.982e-05,1.957e-05,2.016e-05
gain,7.12e-05,6.942e-05,6.772e-05,6.747e-05,6.739e-05,6.776e-05,6.737e-05,6.697e-05,7.031e-05
festival,4.052e-05,4.375e-05,4.318e-05,4.442e-05,4.569e-05,4.659e-05,4.664e-05,4.587e-05,4.214e-05
laboratory,0.00020052,0.00020113,0.00020332,0.00020044,0.00019945,0.00019505,0.00019587,0.00019264,0.00020083
ocean,3.197e-05,3.36e-05,3.5e-05,3.502e-05,3.491e-05,3.487e-05,3.582e-05,3.623e-05,3.278e-05
flights,5.65e-06,5.86e-06,5.61e-06,5.46e-06,5.31e-06,5.33e-06,5.49e-06,5.66e-06,5.75e-06
experts,5.748e-05,5.738e-05,5.818e-05,5.898e-05,5.798e-05,5.649e-05,5.701e-05,5.688e-05,5.743e-05
signs,1.954e-05,1.965e-05,1.879e-05,1.941e-05,1.988e-05,1.903e-05,2.027e-05,1.957e-05,1.959e-05
lack,7.943e-05,8.052e-05,8.181e-05,8.415e-05,8.621e-05,8.77e-05,8.947e-05,9.082e-05,7.998e-05
depth,8.186e-05,8.115e-05,8.333e-05,8.354e-05,8.272e-05,8.253e-05,8.384e-05,8.348e-05,8.15e-05
iowa,1.13e-05,1.22e-05,1.182e-05,1.137e-05,1.123e-05,1.112e-05,1.113e-05,1.116e-05,1.175e-05
whatever,1.13e-05,1.078e-05,1.061e-05,1.137e-05,1.138e-05,1.096e-05,1.067e-05,1.009e-05,1.104e-05
logged,9.2e-06,9.03e-06,8.79e-06,8.34e-06,7.89e-06,7.92e-06,8.08e-06,7.95e-06,9.11e-06
laptop,6.765e-05,6.578e-05,6.742e-05,6.959e-05,6.785e-05,6.867e-05,6.844e-05,6.865e-05,6.672e-05
vintage,5.49e-06,5.07e-06,4.85e-06,5e-06,4.86e-06,4.87e-06,4.27e-06,4.13e-06,5.28e-06
train,2.567e-05,2.742e-05,2.682e-05,2.684e-05,2.641e-05,2.604e-05,2.591e-05,2.584e-05,2.654e-05
exactly,6.797e-05,6.593e-05,6.484e-05,6.489e-05,6.542e-05,6.532e-05,6.615e-05,6.483e-05,6.695e-05
dry,1.049e-05,9.99e-06,9.24e-06,9.55e-06,1.017e-05,1.051e-05,1.021e-05,1.024e-05,1.024e-05
explore,3.584e-05,3.503e-05,3.909e-05,3.957e-05,4.037e-05,4.202e-05,4.192e-05,4.113e-05,3.544e-05
maryland,3.746e-05,3.63e-05,3.515e-05,3.427e-05,3.385e-05,3.38e-05,3.353e-05,3.425e-05,3.688e-05
spa,2.42e-06,2.22e-06,2.12e-06,2.27e-06,2.28e-06,2.28e-06,2.13e-06,1.99e-06,2.32e-06
concept,0.00028883,0.00028846,0.00029347,0.00029126,0.00028961,0.00028671,0.00029144,0.00029584,0.00028865
nearly,7.717e-05,7.592e-05,7.53e-05,7.399e-05,7.453e-05,7.476e-05,7.499e-05,7.629e-05,7.654e-05
eligible,6.62e-06,6.66e-06,7.12e-06,7.43e-06,7.89e-06,7.92e-06,7.62e-06,7.64e-06,6.64e-06
checkout,2.74e-06,2.85e-06,3.33e-06,3.34e-06,3.95e-06,3.96e-06,3.66e-06,3.82e-06,2.79e-06
reality,0.0001361,0.00014059,0.00014439,0.00014631,0.00014966,0.00015287,0.0001538,0.00015442,0.00013835
forgot,1.6e-07,1.6e-07,1.5e-07,0.0,0.0,0.0,0.0,0.0,1.6e-07
handling,7.136e-05,7.307e-05,7.075e-05,6.914e-05,6.952e-05,6.928e-05,6.951e-05,7.033e-05,7.221e-05
origin,5.134e-05,5.024e-05,4.954e-05,5.14e-05,5.176e-05,5.253e-05,5.183e-05,5.137e-05,5.079e-05
knew,4.36e-06,4.44e-06,4.7e-06,4.4e-06,4.1e-06,4.26e-06,4.57e-06,4.74e-06,4.4e-06
gaming,0.00012028,0.00011982,0.00012014,0.0001172,0.00011885,0.00011785,0.00011889,0.00012338,0.00012005
feeds,2.373e-05,2.33e-05,2.333e-05,2.244e-05,2.201e-05,2.254e-05,2.256e-05,2.232e-05,2.352e-05
billion,0.00011996,0.00012822,0.00013272,0.00013888,0.00013995,0.00014267,0.00014054,0.00014096,0.00012409
destination,5.441e-05,5.389e-05,5.257e-05,5.216e-05,5.267e-05,5.284e-05,5.213e-05,5.229e-05,5.415e-05
scotland,2.777e-05,2.805e-05,2.773e-05,2.775e-05,2.99e-05,2.939e-05,2.835e-05,2.859e-05,2.791e-05
faster,0.00012222,0.00012331,0.00011924,0.00011917,0.00011976,0.00011907,0.00011996,0.00011971,0.00012276
intelligence,0.00041412,0.00043396,0.00044694,0.00045259,0.00045475,0.00045999,0.00046368,0.00046769,0.00042404
dallas,1.372e-05,1.49e-05,1.424e-05,1.395e-05,1.412e-05,1.416e-05,1.372e-05,1.422e-05,1.431e-05
bought,5.086e-05,5.23e-05,5.03e-05,4.882e-05,4.994e-05,5.025e-05,4.954e-05,4.908e-05,5.158e-05
con,1.001e-05,1.046e-05,1.015e-05,9.25e-06,9.41e-06,8.98e-06,9.45e-06,9.78e-06,1.023e-05
ups,2.034e-05,2.092e-05,1.939e-05,1.956e-05,1.882e-05,1.964e-05,1.936e-05,1.911e-05,2.063e-05
nations,3.455e-05,3.677e-05,3.712e-05,3.684e-05,3.597e-05,3.624e-05,3.826e-05,3.868e-05,3.566e-05
route,4.698e-05,4.612e-05,4.515e-05,4.488e-05,4.538e-05,4.34e-05,4.237e-05,4.159e-05,4.655e-05
followed,0.00013303,0.00013504,0.00013757,0.00014131,0.00014313,0.00015181,0.00014984,0.00015549,0.00013404
specifications,9.09e-05,9.161e-05,9.106e-05,9.067e-05,9.046e-05,9.121e-05,8.917e-05,8.944e-05,9.125e-05
broken,3.068e-05,3.154e-05,3.106e-05,3.093e-05,3.081e-05,2.954e-05,2.988e-05,2.951e-05,3.111e-05
tripadvisor,8.1e-07,7.9e-07,1.21e-06,9.1e-07,7.6e-07,7.6e-07,1.07e-06,1.07e-06,8e-07
frank,3.939e-05,4.01e-05,4.045e-05,4.003e-05,3.946e-05,3.852e-05,4.055e-05,4.036e-05,3.974e-05
alaska,3.07e-06,3.17e-06,3.33e-06,3.18e-06,2.88e-06,2.74e-06,3.05e-06,3.21e-06,3.12e-06
zoom,9.85e-06,9.99e-06,9.85e-06,1.183e-05,1.229e-05,1.233e-05,1.158e-05,1.116e-05,9.92e-06
blow,3.71e-06,3.65e-06,3.64e-06,3.49e-06,3.34e-06,4.11e-06,3.96e-06,4.13e-06,3.68e-06
battle,5.489e-05,5.706e-05,6.121e-05,6.444e-05,6.405e-05,6.486e-05,6.585e-05,6.62e-05,5.597e-05
residential,1.728e-05,1.728e-05,1.742e-05,1.698e-05,1.685e-05,1.781e-05,1.829e-05,1.804e-05,1.728e-05
anime,3.681e-05,4.137e-05,4.288e-05,4.17e-05,4.326e-05,4.248e-05,4.207e-05,4.235e-05,3.909e-05
speak,1.453e-05,1.569e-05,1.439e-05,1.395e-05,1.305e-05,1.218e-05,1.189e-05,1.116e-05,1.511e-05
decisions,5.037e-05,4.882e-05,4.803e-05,4.806e-05,4.812e-05,4.964e-05,5.076e-05,5.137e-05,4.96e-05
industries,5.925e-05,6.07e-05,6.333e-05,6.505e-05,6.587e-05,6.563e-05,6.874e-05,6.926e-05,5.997e-05
protocol,0.00061286,0.00061449,0.00060497,0.00060906,0.000612,0.0006153,0.00061825,0.00062211,0.00061367
query,0.00010446,0.00010144,0.00010393,0.00010341,0.00010428,0.00010415,0.00010213,0.0001032,0.00010295
clip,1.405e-05,1.395e-05,1.333e-05,1.289e-05,1.336e-05,1.416e-05,1.387e-05,1.361e-05,1.4e-05
partnership,5.554e-05,5.833e-05,6.015e-05,5.959e-05,5.829e-05,5.938e-05,5.792e-05,5.718e-05,5.693e-05
editorial,6.006e-05,5.944e-05,5.742e-05,5.731e-05,5.753e-05,5.816e-05,5.609e-05,5.565e-05,5.975e-05
nt,5.263e-05,5.072e-05,5.015e-05,5.246e-05,5.571e-05,5.877e-05,6.021e-05,5.611e-05,5.168e-05
expression,0.00010817,0.00010841,0.0001056,0.00010477,0.00010382,0.00010476,0.00010457,0.00010289,0.00010829
es,1.598e-05,1.506e-05,1.515e-05,1.456e-05,1.381e-05,1.431e-05,1.357e-05,1.315e-05,1.552e-05
equity,1.744e-05,1.854e-05,1.727e-05,1.759e-05,1.821e-05,1.903e-05,1.921e-05,2.079e-05,1.799e-05
provisions,8.56e-06,9.19e-06,9.54e-06,1.001e-05,9.11e-06,8.68e-06,8.84e-06,8.87e-06,8.87e-06
speech,0.00017162,0.00017942,0.00017696,0.00017618,0.00017546,0.00017663,0.00017727,0.00017628,0.00017552
wire,4.311e-05,4.343e-05,4.379e-05,4.261e-05,4.265e-05,4.248e-05,4.146e-05,4.143e-05,4.327e-05
principles,9.639e-05,9.732e-05,9.712e-05,9.749e-05,9.699e-05,9.623e-05,9.877e-05,9.663e-05,9.685e-05
suggestions,7.75e-06,7.45e-06,7.12e-06,6.97e-06,7.29e-06,7e-06,6.55e-06,6.57e-06,7.6e-06
rural,1.631e-05,1.759e-05,1.651e-05,1.698e-05,1.73e-05,1.736e-05,1.692e-05,1.667e-05,1.695e-05
shared,0.00017275,0.00017498,0.00017499,0.0001777,0.00017941,0.00018043,0.00018124,0.00017949,0.00017386
sounds,3.148e-05,3.107e-05,3.303e-05,3.305e-05,3.112e-05,2.984e-05,3.064e-05,3.073e-05,3.128e-05
replacement,6.636e-05,6.641e-05,6.697e-05,6.808e-05,6.891e-05,6.745e-05,6.646e-05,6.773e-05,6.638e-05
tape,0.00010494,0.00010207,0.00010075,0.00010159,0.00010003,0.00010019,9.954e-05,9.923e-05,0.0001035
strategic,4.343e-05,4.343e-05,4.363e-05,4.503e-05,4.417e-05,4.355e-05,4.588e-05,4.403e-05,4.343e-05
judge,1.55e-05,1.506e-05,1.53e-05,1.592e-05,1.503e-05,1.584e-05,1.57e-05,1.651e-05,1.528e-05
spam,6.862e-05,6.356e-05,6.075e-05,5.883e-05,5.904e-05,5.573e-05,5.625e-05,5.366e-05,6.609e-05
economics,6.28e-05,6.34e-05,6.257e-05,6.292e-05,6.329e-05,6.014e-05,6.112e-05,6.009e-05,6.31e-05
acid,2.228e-05,2.06e-05,2.167e-05,2.183e-05,2.125e-05,2.116e-05,2.043e-05,2.079e-05,2.144e-05
bytes,5.828e-05,5.912e-05,5.742e-05,5.853e-05,5.859e-05,5.832e-05,5.716e-05,5.733e-05,5.87e-05
cent,5.97e-06,6.02e-06,6.67e-06,6.37e-06,6.37e-06,6.4e-06,6.25e-06,5.5e-06,5.99e-06
forced,2.212e-05,2.156e-05,2.197e-05,2.214e-05,2.186e-05,2.147e-05,2.225e-05,2.202e-05,2.184e-05
compatible,0.00021344,0.00021318,0.00021135,0.0002109,0.00021159,0.0002153,0.00021782,0.00021634,0.00021331
fight,2.519e-05,2.568e-05,3e-05,2.911e-05,3.051e-05,3.061e-05,3.064e-05,3.073e-05,2.544e-05
apartment,5e-06,4.91e-06,4.39e-06,4.7e-06,4.71e-06,4.42e-06,4.27e-06,3.98e-06,4.95e-06
height,3.875e-05,3.947e-05,3.909e-05,3.972e-05,3.886e-05,3.944e-05,3.933e-05,3.929e-05,3.911e-05
,2.034e-05,1.981e-05,1.894e-05,1.804e-05,1.806e-05,1.827e-05,1.86e-05,1.865e-05,2.008e-05
zero,0.00015225,0.00015453,0.00015135,0.00015253,0.00015103,0.00015242,0.00015349,0.00015365,0.00015339
speaker,4.601e-05,4.691e-05,4.772e-05,4.897e-05,4.994e-05,4.903e-05,4.862e-05,4.785e-05,4.646e-05
filed,2.938e-05,3.027e-05,3.06e-05,3.093e-05,3.112e-05,3.304e-05,3.506e-05,3.562e-05,2.982e-05
gb,4.472e-05,4.501e-05,4.454e-05,4.427e-05,4.129e-05,4.37e-05,4.497e-05,4.77e-05,4.486e-05
netherlands,5.618e-05,5.627e-05,5.757e-05,5.807e-05,5.813e-05,5.679e-05,5.716e-05,5.703e-05,5.622e-05
obtain,5.392e-05,5.547e-05,5.363e-05,5.534e-05,5.343e-05,5.451e-05,5.426e-05,5.397e-05,5.47e-05
bc,1.049e-05,1.078e-05,1.151e-05,1.107e-05,1.093e-05,1.051e-05,1.006e-05,1.024e-05,1.063e-05
consulting,4.117e-05,4.137e-05,4.015e-05,4.018e-05,3.992e-05,4.02e-05,3.811e-05,3.822e-05,4.127e-05
recreation,4.68e-06,4.44e-06,4.55e-06,4.7e-06,5.31e-06,5.48e-06,5.79e-06,5.96e-06,4.56e-06
offices,0.00010155,0.00010397,0.0001059,0.00010431,0.00010139,0.00010004,9.771e-05,9.77e-05,0.00010276
designer,0.00011366,0.00011285,0.00011378,0.00011311,0.00011354,0.00011024,0.0001099,0.00010886,0.00011326
remain,3.988e-05,3.994e-05,3.954e-05,3.988e-05,4.25e-05,4.37e-05,4.573e-05,4.755e-05,3.991e-05
managed,0.00011721,0.00011792,0.00011818,0.00011599,0.00011566,0.0001174,0.00011996,0.00011895,0.00011757
pr,1.13e-05,1.157e-05,1.288e-05,1.152e-05,1.032e-05,1.02e-05,1.006e-05,9.78e-06,1.143e-05
failed,3.584e-05,3.677e-05,3.545e-05,3.533e-05,3.506e-05,3.639e-05,3.658e-05,3.776e-05,3.63e-05
marriage,5.65e-06,6.5e-06,6.97e-06,7.13e-06,6.83e-06,6.85e-06,6.25e-06,5.96e-06,6.08e-06
roll,2.212e-05,2.171e-05,2.136e-05,2.001e-05,2.079e-05,2.162e-05,2.18e-05,2.171e-05,2.192e-05
korea,5.199e-05,5.389e-05,5.591e-05,5.807e-05,5.798e-05,5.923e-05,5.975e-05,6.024e-05,5.294e-05
banks,3.003e-05,2.948e-05,2.939e-05,2.866e-05,2.869e-05,2.923e-05,2.85e-05,2.813e-05,2.975e-05
fr,1.405e-05,1.522e-05,1.485e-05,1.41e-05,1.366e-05,1.035e-05,9.76e-06,9.94e-06,1.463e-05
participants,6.087e-05,6.403e-05,6.227e-05,6.156e-05,6.056e-05,5.969e-05,5.96e-05,6.07e-05,6.245e-05
secret,8.315e-05,8.289e-05,7.893e-05,7.915e-05,7.847e-05,7.72e-05,7.759e-05,7.813e-05,8.302e-05
bath,7.75e-06,7.77e-06,7.88e-06,7.73e-06,7.59e-06,7.61e-06,7.77e-06,7.19e-06,7.76e-06
aa,6.94e-06,6.97e-06,6.82e-06,6.52e-06,6.83e-06,6.85e-06,8.54e-06,7.49e-06,6.96e-06
kelly,1.421e-05,1.395e-05,1.258e-05,1.228e-05,1.108e-05,1.066e-05,1.097e-05,1.116e-05,1.408e-05
leads,4.601e-05,4.581e-05,5e-05,5.079e-05,4.933e-05,4.766e-05,4.74e-05,4.74e-05,4.591e-05
negative,8.153e-05,8.337e-05,8.348e-05,8.369e-05,8.348e-05,8.512e-05,8.887e-05,8.898e-05,8.245e-05
austin,4.359e-05,4.359e-05,4.333e-05,4.321e-05,4.311e-05,4.446e-05,4.39e-05,4.449e-05,4.359e-05
favorites,2.74e-06,2.69e-06,2.42e-06,2.43e-06,2.73e-06,2.74e-06,2.59e-06,2.75e-06,2.72e-06
toronto,5.296e-05,5.357e-05,5.394e-05,5.398e-05,5.282e-05,5.238e-05,5.167e-05,5.061e-05,5.326e-05
theater,1.292e-05,1.363e-05,1.348e-05,1.365e-05,1.472e-05,1.477e-05,1.494e-05,1.514e-05,1.328e-05
springs,6.14e-06,6.5e-06,6.51e-06,6.22e-06,5.92e-06,6.24e-06,6.1e-06,6.12e-06,6.32e-06
missouri,1.388e-05,1.347e-05,1.242e-05,1.183e-05,1.154e-05,1.112e-05,1.067e-05,1.04e-05,1.368e-05
andrew,6.619e-05,6.768e-05,6.651e-05,6.474e-05,6.481e-05,6.395e-05,6.341e-05,6.207e-05,6.694e-05
var,3.39e-06,4.12e-06,3.64e-06,3.64e-06,3.64e-06,3.65e-06,3.66e-06,3.67e-06,3.76e-06
perform,0.00016242,0.00016531,0.00016469,0.00016769,0.00016742,0.00016779,0.00016843,0.00016726,0.00016387
healthy,6.46e-06,7.13e-06,6.06e-06,5.91e-06,5.77e-06,6.09e-06,6.55e-06,6.42e-06,6.8e-06
translation,0.00013852,0.00013726,0.00013257,0.00013449,0.00013251,0.00013323,0.00013231,0.00013286,0.00013789
estimates,2.163e-05,2.346e-05,2.273e-05,2.274e-05,2.262e-05,2.238e-05,2.271e-05,2.232e-05,2.255e-05
font,3.358e-05,3.027e-05,3.091e-05,2.911e-05,2.899e-05,2.847e-05,2.805e-05,2.813e-05,3.193e-05
assets,5.764e-05,5.738e-05,5.878e-05,6.201e-05,6.299e-05,6.349e-05,6.509e-05,6.666e-05,5.751e-05
injury,5.81e-06,5.86e-06,5.61e-06,6.67e-06,7.13e-06,7.61e-06,8.38e-06,8.41e-06,5.84e-06
mt,1.808e-05,1.775e-05,1.757e-05,1.819e-05,1.776e-05,1.705e-05,1.631e-05,1.621e-05,1.792e-05
joseph,4.343e-05,4.343e-05,4.318e-05,4.352e-05,4.402e-05,4.355e-05,4.39e-05,4.434e-05,4.343e-05
ministry,5.651e-05,5.896e-05,6.03e-05,6.171e-05,6.117e-05,6.243e-05,6.28e-05,6.284e-05,5.774e-05
drivers,5.893e-05,5.817e-05,5.757e-05,5.777e-05,5.829e-05,5.832e-05,5.701e-05,5.733e-05,5.855e-05
lawyer,9.53e-06,9.51e-06,1e-05,1.031e-05,1.078e-05,1.051e-05,1.037e-05,1.04e-05,9.52e-06
figures,3.164e-05,3.249e-05,3.394e-05,3.548e-05,3.567e-05,3.517e-05,3.536e-05,3.532e-05,3.206e-05
married,2.05e-05,2.029e-05,1.939e-05,1.91e-05,1.852e-05,1.903e-05,1.86e-05,1.789e-05,2.04e-05
protected,4.811e-05,5.008e-05,4.803e-05,4.822e-05,4.812e-05,4.903e-05,4.923e-05,4.954e-05,4.91e-05
proposal,2.648e-05,2.615e-05,2.621e-05,2.608e-05,2.504e-05,2.406e-05,2.5e-05,2.462e-05,2.632e-05
sharing,0.00019907,0.00019923,0.00019817,0.00020166,0.00019899,0.00020068,0.0002009,0.00019952,0.00019915
philadelphia,1.13e-05,1.157e-05,1.212e-05,1.258e-05,1.184e-05,1.157e-05,1.143e-05,1.162e-05,1.143e-05
portal,8.363e-05,8.036e-05,8.075e-05,7.884e-05,7.878e-05,7.735e-05,7.759e-05,7.66e-05,8.199e-05
waiting,2.987e-05,2.853e-05,2.5e-05,2.471e-05,2.429e-05,2.375e-05,2.363e-05,2.355e-05,2.92e-05
birthday,1.34e-05,1.3e-05,1.212e-05,1.228e-05,1.245e-05,1.279e-05,1.28e-05,1.208e-05,1.32e-05
beta,9.477e-05,9.177e-05,9.166e-05,9.188e-05,9.213e-05,9.227e-05,8.902e-05,8.822e-05,9.327e-05
fail,2.955e-05,2.916e-05,2.954e-05,2.866e-05,2.823e-05,2.817e-05,2.805e-05,2.844e-05,2.935e-05
gratis,1.61e-06,1.58e-06,1.52e-06,1.21e-06,1.37e-06,9.1e-07,9.1e-07,9.2e-07,1.59e-06
banking,2.583e-05,2.694e-05,2.757e-05,2.699e-05,2.596e-05,2.604e-05,2.561e-05,2.645e-05,2.638e-05
officials,1.566e-05,1.601e-05,1.621e-05,1.653e-05,1.594e-05,1.614e-05,1.524e-05,1.483e-05,1.584e-05
brian,4.44e-05,4.248e-05,4.182e-05,4.185e-05,4.144e-05,4.096e-05,4.009e-05,3.99e-05,4.344e-05
toward,3.633e-05,3.614e-05,3.682e-05,3.76e-05,3.704e-05,3.776e-05,3.674e-05,3.685e-05,3.624e-05
won,0.00013416,0.0001352,0.00013666,0.00013706,0.00013782,0.0001346,0.00013566,0.00013408,0.00013468
slightly,4.262e-05,4.2e-05,4.121e-05,4.17e-05,4.144e-05,4.187e-05,4.085e-05,4.097e-05,4.231e-05
assist,3.552e-05,3.455e-05,3.409e-05,3.518e-05,3.461e-05,3.517e-05,3.582e-05,3.654e-05,3.503e-05
conduct,2.648e-05,2.742e-05,2.682e-05,2.744e-05,2.808e-05,2.649e-05,2.698e-05,2.783e-05,2.695e-05
contained,9.106e-05,8.892e-05,8.924e-05,8.93e-05,9.046e-05,9.029e-05,9.039e-05,9.036e-05,8.999e-05
lingerie,0.0,0.0,0.0,0.0,0.0,0.0,0.0,0.0,0.0
shemale,0.0,0.0,0.0,0.0,0.0,0.0,0.0,0.0,0.0
legislation,2.712e-05,2.631e-05,2.56e-05,2.532e-05,2.55e-05,2.604e-05,2.561e-05,2.569e-05,2.672e-05
calling,4.278e-05,4.279e-05,4.288e-05,4.276e-05,4.311e-05,4.37e-05,4.359e-05,4.311e-05,4.279e-05
parameters,0.00011301,0.00011142,0.00011045,0.00010947,0.00010898,0.00011161,0.00011081,0.00010977,0.00011222
jazz,9.36e-06,1.03e-05,1.061e-05,1.016e-05,1.002e-05,1.02e-05,9.91e-06,8.56e-06,9.83e-06
serving,5.683e-05,5.627e-05,5.803e-05,5.731e-05,5.829e-05,5.847e-05,5.853e-05,5.917e-05,5.655e-05
bags,2.26e-06,2.69e-06,2.42e-06,2.43e-06,2.43e-06,2.44e-06,2.59e-06,2.6e-06,2.48e-06
profiles,4.085e-05,4.137e-05,4.015e-05,4.2e-05,4.068e-05,4.065e-05,4.085e-05,4.006e-05,4.111e-05
miami,9.04e-06,9.51e-06,9.39e-06,9.4e-06,9.26e-06,9.29e-06,1.052e-05,1.116e-05,9.28e-06
comics,4.101e-05,4.137e-05,4.439e-05,4.67e-05,4.705e-05,4.705e-05,4.801e-05,4.816e-05,4.119e-05
matters,1.905e-05,2.06e-05,1.954e-05,1.971e-05,2.049e-05,1.934e-05,1.829e-05,1.774e-05,1.983e-05
houses,1.695e-05,1.839e-05,1.833e-05,1.865e-05,1.852e-05,1.812e-05,1.86e-05,1.804e-05,1.767e-05
doc,1.518e-05,1.474e-05,1.303e-05,1.319e-05,1.093e-05,9.59e-06,9.3e-06,9.48e-06,1.496e-05
postal,2.034e-05,1.839e-05,1.712e-05,1.789e-05,1.852e-05,1.812e-05,1.768e-05,1.758e-05,1.936e-05
relationships,6.975e-05,6.863e-05,7.045e-05,7.096e-05,7.073e-05,7.05e-05,7.118e-05,7.186e-05,6.919e-05
tennessee,9.85e-06,9.35e-06,8.79e-06,9.1e-06,9.56e-06,1.02e-05,1.037e-05,1.009e-05,9.6e-06
wear,1.13e-05,1.125e-05,1.076e-05,1.122e-05,1.078e-05,1.096e-05,1.113e-05,1.131e-05,1.127e-05
controls,9.558e-05,9.89e-05,0.00010469,0.00010704,0.00010807,0.00010902,0.00010883,0.00011023,9.724e-05
breaking,4.375e-05,4.153e-05,4.166e-05,4.139e-05,3.962e-05,3.883e-05,3.826e-05,3.883e-05,4.264e-05
combined,0.00010478,0.0001035,0.00010181,0.00010113,0.0001017,0.000104,0.00010304,0.00010488,0.00010414
ultimate,3.52e-05,3.392e-05,3.757e-05,3.76e-05,3.734e-05,3.791e-05,3.978e-05,3.945e-05,3.456e-05
wales,7.039e-05,7.196e-05,7.151e-05,6.853e-05,6.952e-05,7.111e-05,7.149e-05,7.293e-05,7.117e-05
representative,2.341e-05,2.314e-05,2.257e-05,2.214e-05,2.079e-05,2.04e-05,2.043e-05,1.957e-05,2.327e-05
frequency,0.00018809,0.00019162,0.00018878,0.00018816,0.00018639,0.0001847,0.00018718,0.00018561,0.00018986
introduced,0.00044818,0.00044839,0.00044967,0.00045274,0.0004552,0.00045694,0.00046125,0.00046387,0.00044828
minor,3.455e-05,3.408e-05,3.666e-05,3.548e-05,3.446e-05,3.639e-05,3.475e-05,3.471e-05,3.431e-05
finish,8.23e-06,9.67e-06,1.151e-05,1.152e-05,1.002e-05,9.9e-06,9.76e-06,9.48e-06,8.95e-06
departments,3.132e-05,3.233e-05,3.076e-05,3.154e-05,3.051e-05,3.121e-05,3.079e-05,3.134e-05,3.183e-05
residents,1.695e-05,1.633e-05,1.651e-05,1.698e-05,1.639e-05,1.584e-05,1.661e-05,1.728e-05,1.664e-05
noted,8.266e-05,8.004e-05,8.09e-05,8.097e-05,7.954e-05,8.009e-05,7.957e-05,7.935e-05,8.135e-05
displayed,5.715e-05,5.753e-05,5.697e-05,5.746e-05,5.677e-05,5.71e-05,5.731e-05,5.749e-05,5.734e-05
mom,3.23e-06,3.33e-06,3.03e-06,3.34e-06,3.64e-06,3.65e-06,3.66e-06,3.67e-06,3.28e-06
reduced,7.733e-05,7.544e-05,7.484e-05,7.536e-05,7.422e-05,7.598e-05,7.56e-05,7.537e-05,7.638e-05
physics,0.00020875,0.00020922,0.00020787,0.00020408,0.00020461,0.0002054,0.00020639,0.00020396,0.00020899
rare,3.681e-05,3.534e-05,3.5e-05,3.518e-05,3.491e-05,3.426e-05,3.384e-05,3.471e-05,3.607e-05
spent,4.343e-05,4.375e-05,4.257e-05,4.2e-05,4.387e-05,4.324e-05,4.207e-05,4.266e-05,4.359e-05
performed,0.00013352,0.00013361,0.00013302,0.00013145,0.00013069,0.00012973,0.0001288,0.00012965,0.00013356
extreme,4.069e-05,4.184e-05,4.591e-05,4.503e-05,4.493e-05,4.507e-05,4.512e-05,4.495e-05,4.126e-05
samples,5.07e-05,5.199e-05,5.227e-05,5.155e-05,5.221e-05,5.04e-05,5.076e-05,5.107e-05,5.135e-05
davis,3.439e-05,3.519e-05,3.515e-05,3.487e-05,3.476e-05,3.395e-05,3.353e-05,3.287e-05,3.479e-05
daniel,5.635e-05,5.849e-05,5.666e-05,5.807e-05,5.798e-05,5.771e-05,5.792e-05,5.81e-05,5.742e-05
bars,8.4e-06,8.24e-06,8.03e-06,7.58e-06,7.59e-06,7.61e-06,7.93e-06,7.95e-06,8.32e-06
reviewed,7.863e-05,7.909e-05,7.939e-05,7.899e-05,7.938e-05,7.902e-05,7.881e-05,7.782e-05,7.886e-05
row,4.779e-05,4.612e-05,4.545e-05,4.609e-05,4.812e-05,4.918e-05,4.817e-05,4.77e-05,4.696e-05
oz,9.53e-06,7.45e-06,6.97e-06,6.97e-06,6.98e-06,6.85e-06,4.27e-06,4.13e-06,8.49e-06
forecast,2.293e-05,2.06e-05,1.985e-05,1.88e-05,1.882e-05,1.934e-05,1.921e-05,1.926e-05,2.176e-05
removed,8.121e-05,8.274e-05,8.409e-05,8.855e-05,8.682e-05,9.09e-05,9.359e-05,9.418e-05,8.198e-05
helps,5.409e-05,5.389e-05,5.606e-05,5.504e-05,5.601e-05,5.649e-05,5.609e-05,5.688e-05,5.399e-05
singles,7.75e-06,7.13e-06,7.73e-06,7.73e-06,7.59e-06,7.61e-06,8.38e-06,9.17e-06,7.44e-06
administrator,3.31e-05,3.328e-05,3.242e-05,3.305e-05,3.324e-05,3.35e-05,3.338e-05,3.226e-05,3.319e-05
cycle,0.00010365,0.00010413,0.00010439,0.00010371,0.00010306,0.00010643,0.00010639,0.00010672,0.00010389
amounts,3.875e-05,3.867e-05,3.894e-05,3.791e-05,3.764e-05,3.7e-05,3.704e-05,3.562e-05,3.871e-05
contain,0.00011737,0.00011475,0.00011227,0.00011174,0.00011065,0.00011389,0.00011127,0.00011207,0.00011606
accuracy,5.828e-05,5.864e-05,5.863e-05,5.822e-05,5.737e-05,5.832e-05,5.929e-05,6.116e-05,5.846e-05
dual,9.477e-05,9.494e-05,9.59e-05,9.628e-05,9.593e-05,9.258e-05,9.374e-05,9.342e-05,9.485e-05
rise,5.731e-05,5.627e-05,5.681e-05,5.928e-05,6.026e-05,6.091e-05,6.036e-05,6.161e-05,5.679e-05
usd,2.196e-05,1.712e-05,1.197e-05,1.183e-05,1.062e-05,1.264e-05,1.082e-05,9.63e-06,1.954e-05
sleep,1.179e-05,1.094e-05,1.03e-05,1.122e-05,1.154e-05,1.172e-05,1.158e-05,1.3e-05,1.137e-05
mg,3.23e-06,3.33e-06,3.33e-06,2.58e-06,2.58e-06,2.44e-06,2.44e-06,2.29e-06,3.28e-06
bird,1.518e-05,1.506e-05,1.439e-05,1.456e-05,1.457e-05,1.477e-05,1.448e-05,1.376e-05,1.512e-05
pharmacy,3.39e-06,3.33e-06,3.94e-06,4.09e-06,4.25e-06,4.11e-06,4.12e-06,3.82e-06,3.36e-06
brazil,3.778e-05,3.756e-05,3.636e-05,3.563e-05,3.506e-05,3.517e-05,3.567e-05,3.547e-05,3.767e-05
creation,0.00016726,0.00016912,0.00016908,0.00016845,0.00016894,0.00016673,0.00016843,0.00016986,0.00016819
static,8.799e-05,8.67e-05,8.56e-05,8.627e-05,8.621e-05,8.755e-05,8.81e-05,8.776e-05,8.735e-05
scene,6.474e-05,6.387e-05,6.333e-05,6.292e-05,6.147e-05,6.304e-05,6.356e-05,6.391e-05,6.43e-05
hunter,1.469e-05,1.379e-05,1.545e-05,1.471e-05,1.427e-05,1.462e-05,1.463e-05,1.483e-05,1.424e-05
addresses,0.00011221,0.00011443,0.00011318,0.00011341,0.00011338,0.00011465,0.00011386,0.0001162,0.00011332
lady,7.27e-06,7.13e-06,6.36e-06,5.91e-06,6.22e-06,6.24e-06,6.1e-06,5.81e-06,7.2e-06
crystal,2.599e-05,2.599e-05,2.56e-05,2.578e-05,2.596e-05,2.619e-05,2.591e-05,2.645e-05,2.599e-05
famous,4.795e-05,4.628e-05,4.379e-05,4.442e-05,4.387e-05,4.157e-05,4.024e-05,3.945e-05,4.711e-05
writer,8.993e-05,9.129e-05,9.075e-05,9.203e-05,9.274e-05,9.319e-05,9.496e-05,9.709e-05,9.061e-05
chairman,7.943e-05,7.925e-05,8.03e-05,7.884e-05,8.014e-05,7.811e-05,7.835e-05,7.752e-05,7.934e-05
violence,1.356e-05,1.712e-05,1.591e-05,1.607e-05,1.533e-05,1.675e-05,1.54e-05,1.59e-05,1.534e-05
fans,2.987e-05,3.027e-05,3.015e-05,3.123e-05,3.203e-05,3.03e-05,3.064e-05,3.104e-05,3.007e-05
oklahoma,9.2e-06,9.35e-06,9.09e-06,9.1e-06,9.11e-06,8.83e-06,8.69e-06,8.71e-06,9.28e-06
speakers,2.373e-05,2.583e-05,2.712e-05,2.623e-05,2.58e-05,2.649e-05,2.667e-05,2.706e-05,2.478e-05
drink,2.58e-06,2.54e-06,2.88e-06,2.43e-06,2.28e-06,2.44e-06,2.59e-06,2.6e-06,2.56e-06
academy,0.00013433,0.00014312,0.00014105,0.0001407,0.000153,0.00015333,0.00015563,0.00015732,0.00013872
dynamic,0.00020456,0.00020002,0.0001962,0.00019665,0.0001952,0.00019764,0.0001977,0.0001983,0.00020229
gender,1.97e-05,2.013e-05,2.045e-05,2.138e-05,2.095e-05,2.101e-05,2.104e-05,2.232e-05,1.992e-05
eat,4.52e-06,4.6e-06,5.15e-06,6.22e-06,6.37e-06,8.07e-06,7.93e-06,7.64e-06,4.56e-06
permanent,3.148e-05,3.075e-05,3.121e-05,3.214e-05,3.279e-05,3.335e-05,3.46e-05,3.471e-05,3.112e-05
agriculture,1.388e-05,1.331e-05,1.394e-05,1.44e-05,1.457e-05,1.523e-05,1.54e-05,1.514e-05,1.359e-05
dell,4.65e-05,4.628e-05,4.454e-05,4.533e-05,4.447e-05,4.446e-05,4.283e-05,4.311e-05,4.639e-05
cleaning,4.84e-06,4.75e-06,4.39e-06,3.79e-06,3.64e-06,3.96e-06,3.96e-06,3.67e-06,4.8e-06
constitutes,9.2e-06,9.19e-06,8.94e-06,9.25e-06,8.96e-06,8.83e-06,8.84e-06,8.87e-06,9.19e-06
portfolio,3.277e-05,3.17e-05,3.136e-05,3.139e-05,3.142e-05,3.091e-05,3.003e-05,3.058e-05,3.223e-05
practical,9.735e-05,9.51e-05,9.666e-05,9.567e-05,9.76e-05,9.745e-05,9.74e-05,9.693e-05,9.622e-05
delivered,6.264e-05,6.34e-05,6.288e-05,6.125e-05,6.117e-05,6.197e-05,6.051e-05,6.116e-05,6.302e-05
collectibles,1.13e-06,9.5e-07,1.06e-06,7.6e-07,1.06e-06,1.07e-06,1.07e-06,1.22e-06,1.04e-06
infrastructure,0.00018809,0.00019099,0.00019044,0.00019165,0.00019004,0.00019033,0.00019282,0.00019463,0.00018954
exclusive,3.956e-05,4.058e-05,4.257e-05,4.215e-05,4.22e-05,4.294e-05,4.283e-05,4.174e-05,4.007e-05
seat,1.017e-05,1.109e-05,1.045e-05,1.031e-05,1.078e-05,1.081e-05,1.082e-05,1.024e-05,1.063e-05
concerns,5.57e-05,5.547e-05,5.818e-05,6.095e-05,6.269e-05,6.532e-05,6.585e-05,7.079e-05,5.559e-05
colour,4.101e-05,3.883e-05,3.742e-05,3.76e-05,3.612e-05,3.73e-05,3.674e-05,3.562e-05,3.992e-05
vendor,5.522e-05,5.373e-05,5.545e-05,5.625e-05,5.616e-05,5.542e-05,5.518e-05,5.596e-05,5.448e-05
originally,0.00048483,0.00048975,0.0005027,0.00050929,0.00051334,0.00051283,0.00051886,0.00052166,0.00048729
intel,0.00031063,0.00032571,0.00031135,0.00031113,0.00031055,0.00031397,0.00031278,0.00031786,0.00031817
utilities,4.327e-05,4.168e-05,4.106e-05,4.2e-05,4.174e-05,4.218e-05,4.314e-05,4.235e-05,4.248e-05
philosophy,7.152e-05,7.132e-05,6.924e-05,7.202e-05,7.286e-05,7.385e-05,7.393e-05,7.247e-05,7.142e-05
regulation,2.47e-05,2.837e-05,2.909e-05,3.048e-05,3.112e-05,3.167e-05,3.216e-05,3.364e-05,2.654e-05
officers,1.259e-05,1.3e-05,1.303e-05,1.425e-05,1.381e-05,1.34e-05,1.326e-05,1.345e-05,1.279e-05
reduction,6.829e-05,6.974e-05,6.803e-05,6.929e-05,6.921e-05,7.004e-05,7.042e-05,6.926e-05,6.902e-05
aim,7.604e-05,7.608e-05,7.515e-05,7.46e-05,7.422e-05,7.507e-05,7.606e-05,7.614e-05,7.606e-05
bids,1.29e-06,1.27e-06,1.52e-06,1.36e-06,1.37e-06,1.37e-06,1.37e-06,1.68e-06,1.28e-06
referred,0.00025138,0.00024821,0.00024696,0.00024896,0.00024832,0.00025215,0.00025593,0.00025303,0.0002498
supports,0.00025784,0.00026263,0.00026044,0.00026291,0.00026289,0.00026433,0.00026324,0.00026419,0.00026024
nutrition,2.91e-06,2.85e-06,3.03e-06,2.58e-06,2.88e-06,2.59e-06,2.29e-06,2.29e-06,2.88e-06
recording,7.298e-05,7.18e-05,7.136e-05,7.308e-05,7.073e-05,6.791e-05,6.753e-05,6.681e-05,7.239e-05
regions,7.895e-05,7.814e-05,7.909e-05,7.99e-05,7.938e-05,7.994e-05,8.185e-05,8.287e-05,7.854e-05
junior,1.017e-05,9.83e-06,1.03e-05,1.107e-05,1.093e-05,1.096e-05,1.052e-05,1.101e-05,1e-05
toll,1.017e-05,1.252e-05,1.258e-05,1.167e-05,1.169e-05,1.279e-05,1.265e-05,1.193e-05,1.135e-05
les,1.598e-05,1.537e-05,1.47e-05,1.501e-05,1.321e-05,1.325e-05,1.357e-05,1.376e-05,1.568e-05
cape,7.91e-06,7.92e-06,8.79e-06,8.49e-06,8.35e-06,8.53e-06,8.84e-06,9.63e-06,7.92e-06
ann,2.309e-05,2.504e-05,2.364e-05,2.274e-05,2.322e-05,2.147e-05,2.195e-05,2.171e-05,2.407e-05
rings,1.195e-05,1.395e-05,1.273e-05,1.334e-05,1.336e-05,1.401e-05,1.296e-05,1.3e-05,1.295e-05
meaning,0.00013416,0.00013314,0.00013166,0.00012766,0.0001272,0.00012912,0.00012941,0.00013087,0.00013365
tip,5.81e-06,5.86e-06,7.12e-06,6.52e-06,6.98e-06,7.61e-06,7.77e-06,7.95e-06,5.84e-06
secondary,4.295e-05,4.39e-05,4.454e-05,4.382e-05,4.417e-05,4.598e-05,4.573e-05,4.571e-05,4.342e-05
wonderful,1.94e-06,2.22e-06,1.82e-06,1.67e-06,1.52e-06,1.52e-06,1.68e-06,2.14e-06,2.08e-06
mine,9.85e-06,1.014e-05,1.015e-05,9.86e-06,1.047e-05,9.44e-06,9.3e-06,8.41e-06,1e-05
ladies,6.5e-07,7.9e-07,7.6e-07,7.6e-07,6.1e-07,6.1e-07,6.1e-07,6.1e-07,7.2e-07
henry,3.068e-05,3.075e-05,3.045e-05,2.987e-05,3.112e-05,3.198e-05,3.186e-05,3.226e-05,3.071e-05
ticket,1.405e-05,1.379e-05,1.273e-05,1.258e-05,1.26e-05,1.142e-05,1.143e-05,1.238e-05,1.392e-05
announced,0.00037295,0.00038832,0.00039876,0.00040831,0.00040633,0.00040944,0.00040454,0.00040424,0.00038063
guess,1.049e-05,1.078e-05,1.106e-05,1.092e-05,1.169e-05,1.157e-05,1.143e-05,1.147e-05,1.063e-05
agreed,2.196e-05,2.267e-05,2.273e-05,2.335e-05,2.307e-05,2.299e-05,2.332e-05,2.462e-05,2.231e-05
prevention,2.712e-05,2.679e-05,2.56e-05,2.653e-05,2.611e-05,2.634e-05,2.576e-05,2.492e-05,2.696e-05
whom,2.955e-05,2.869e-05,2.924e-05,2.926e-05,2.884e-05,2.863e-05,2.85e-05,2.89e-05,2.912e-05
ski,5.33e-06,5.23e-06,4.85e-06,4.85e-06,4.25e-06,3.96e-06,4.12e-06,4.59e-06,5.28e-06
soccer,1.485e-05,1.553e-05,1.591e-05,1.653e-05,1.67e-05,1.523e-05,1.463e-05,1.437e-05,1.519e-05
math,3.956e-05,3.883e-05,3.727e-05,3.563e-05,3.339e-05,3.106e-05,3.064e-05,3.012e-05,3.919e-05
import,2.373e-05,2.346e-05,2.303e-05,2.32e-05,2.246e-05,2.36e-05,2.332e-05,2.293e-05,2.36e-05
posting,2.196e-05,2.171e-05,2.303e-05,2.198e-05,2.125e-05,2.116e-05,2.119e-05,2.033e-05,2.184e-05
presence,7.846e-05,7.83e-05,7.712e-05,7.93e-05,7.817e-05,7.933e-05,7.972e-05,8.073e-05,7.838e-05
instant,6.49e-05,6.435e-05,6.5e-05,6.429e-05,6.542e-05,6.654e-05,6.585e-05,6.483e-05,6.463e-05
mentioned,3.003e-05,3.027e-05,2.954e-05,2.881e-05,2.945e-05,2.923e-05,2.942e-05,2.935e-05,3.015e-05
automatic,0.00012254,0.0001222,0.00012242,0.00012114,0.00012173,0.00011877,0.00011706,0.00011727,0.00012237
healthcare,3.697e-05,3.962e-05,4.03e-05,3.988e-05,4.083e-05,4.05e-05,3.963e-05,4.113e-05,3.829e-05
viewing,5.118e-05,5.119e-05,5.257e-05,5.458e-05,5.191e-05,5.238e-05,5.137e-05,5e-05,5.119e-05
maintained,0.0001177,0.00012046,0.0001256,0.00012842,0.00012902,0.0001311,0.00013429,0.00013515,0.00011908
ch,2.325e-05,2.171e-05,2.045e-05,1.926e-05,1.715e-05,1.507e-05,1.418e-05,1.315e-05,2.248e-05
increasing,8.25e-05,8.337e-05,8.333e-05,8.309e-05,8.394e-05,8.268e-05,8.17e-05,8.027e-05,8.293e-05
majority,6.652e-05,6.768e-05,6.666e-05,6.777e-05,6.694e-05,6.776e-05,6.874e-05,6.895e-05,6.71e-05
connected,0.00023733,0.00023505,0.00023408,0.00023395,0.00023633,0.00023814,0.00023885,0.00024157,0.00023619
christ,4.68e-06,4.6e-06,4.55e-06,4.55e-06,4.4e-06,4.11e-06,3.81e-06,4.28e-06,4.64e-06
dan,3.746e-05,3.709e-05,3.651e-05,3.457e-05,3.461e-05,3.335e-05,3.338e-05,3.379e-05,3.727e-05
dogs,4.2e-06,3.96e-06,4.24e-06,3.64e-06,3.64e-06,3.05e-06,3.96e-06,3.98e-06,4.08e-06
sd,1.711e-05,1.743e-05,1.788e-05,1.774e-05,1.685e-05,1.69e-05,1.646e-05,1.621e-05,1.727e-05
directors,4.262e-05,4.105e-05,4.136e-05,4.306e-05,4.296e-05,4.187e-05,4.39e-05,4.464e-05,4.184e-05
aspects,0.00012916,0.00012743,0.00012923,0.00012706,0.00012492,0.00012592,0.00012728,0.00012904,0.0001283
austria,2.567e-05,2.742e-05,2.727e-05,2.729e-05,2.656e-05,2.558e-05,2.53e-05,2.614e-05,2.654e-05
ahead,1.873e-05,1.95e-05,1.97e-05,2.062e-05,2.079e-05,2.177e-05,2.134e-05,2.14e-05,1.911e-05
moon,2.68e-05,2.583e-05,2.5e-05,2.456e-05,2.565e-05,2.588e-05,2.53e-05,2.614e-05,2.632e-05
participation,3.116e-05,3.17e-05,3.273e-05,3.29e-05,3.37e-05,3.274e-05,3.262e-05,3.18e-05,3.143e-05
scheme,0.00014853,0.00014471,0.00014196,0.00014237,0.00014162,0.00014176,0.00014191,0.0001402,0.00014662
utility,8.072e-05,8.052e-05,7.969e-05,8.036e-05,7.878e-05,7.979e-05,8.17e-05,8.21e-05,8.062e-05
preview,2.212e-05,2.092e-05,2.227e-05,2.092e-05,2.125e-05,1.919e-05,1.966e-05,1.896e-05,2.152e-05
fly,2.276e-05,2.235e-05,2.212e-05,2.123e-05,2.095e-05,2.025e-05,2.043e-05,2.003e-05,2.256e-05
manner,7.055e-05,7.037e-05,7.136e-05,7.141e-05,6.952e-05,6.821e-05,6.859e-05,6.788e-05,7.046e-05
matrix,0.00016339,0.00016309,0.00017469,0.000173,0.00017304,0.00017556,0.00017773,0.00017796,0.00016324
containing,0.00011398,0.00011333,0.00011393,0.00011584,0.00011445,0.00011496,0.00011554,0.00011635,0.00011365
combination,0.00012722,0.00012648,0.00012302,0.00012221,0.00012173,0.00012272,0.00012164,0.00012155,0.00012685
devel,4.8e-07,4.8e-07,4.5e-07,4.5e-07,3e-07,4.6e-07,1.5e-07,1.5e-07,4.8e-07
amendment,1.292e-05,1.268e-05,1.212e-05,1.304e-05,1.275e-05,1.294e-05,1.372e-05,1.376e-05,1.28e-05
despite,8.234e-05,8.48e-05,8.454e-05,8.597e-05,8.637e-05,8.862e-05,9.191e-05,9.525e-05,8.357e-05
strength,3.164e-05,3.107e-05,3.076e-05,3.093e-05,3.005e-05,2.984e-05,3.125e-05,3.226e-05,3.136e-05
guaranteed,1.954e-05,2.013e-05,1.985e-05,1.926e-05,1.882e-05,1.858e-05,1.905e-05,1.911e-05,1.983e-05
turkey,1.598e-05,1.728e-05,1.621e-05,1.683e-05,1.639e-05,1.736e-05,1.722e-05,1.575e-05,1.663e-05
libraries,0.00016387,0.00016341,0.00016075,0.00016148,0.00016347,0.00016642,0.00016599,0.00016313,0.00016364
proper,4.004e-05,4.026e-05,4.136e-05,4.018e-05,3.946e-05,3.868e-05,3.948e-05,4.006e-05,4.015e-05
distributed,0.00044883,0.00044205,0.00043997,0.00043727,0.00043578,0.0004271,0.00042908,0.00042993,0.00044544
degrees,5.586e-05,5.452e-05,5.348e-05,5.413e-05,5.404e-05,5.344e-05,5.518e-05,5.412e-05,5.519e-05
singapore,4.957e-05,5.215e-05,5.894e-05,5.231e-05,5.191e-05,5.086e-05,4.984e-05,5.107e-05,5.086e-05
enterprises,3.988e-05,4.026e-05,4.151e-05,4.306e-05,4.341e-05,4.324e-05,4.237e-05,4.373e-05,4.007e-05
delta,2.422e-05,2.377e-05,2.485e-05,2.532e-05,2.489e-05,2.588e-05,2.5e-05,2.492e-05,2.399e-05
fear,8.88e-06,9.35e-06,1.015e-05,1.016e-05,9.87e-06,1.096e-05,1.082e-05,1.101e-05,9.11e-06
seeking,2.034e-05,1.95e-05,1.954e-05,1.986e-05,2.079e-05,2.147e-05,2.119e-05,2.049e-05,1.992e-05
inches,1.049e-05,1.046e-05,1.045e-05,1.077e-05,1.062e-05,9.44e-06,8.38e-06,8.56e-06,1.048e-05
phoenix,1.292e-05,1.22e-05,1.273e-05,1.289e-05,1.366e-05,1.294e-05,1.25e-05,1.208e-05,1.256e-05
rs,3.616e-05,3.566e-05,3.788e-05,3.684e-05,3.582e-05,3.776e-05,3.795e-05,3.792e-05,3.591e-05
convention,3.39e-05,3.344e-05,3.333e-05,3.336e-05,3.279e-05,3.319e-05,3.445e-05,3.348e-05,3.367e-05
shares,4.763e-05,4.739e-05,4.469e-05,4.442e-05,4.584e-05,4.705e-05,4.603e-05,4.617e-05,4.751e-05
principal,6.942e-05,6.926e-05,7e-05,6.884e-05,6.77e-05,6.593e-05,6.539e-05,6.421e-05,6.934e-05
daughter,1.534e-05,1.664e-05,1.606e-05,1.547e-05,1.487e-05,1.523e-05,1.479e-05,1.437e-05,1.599e-05
standing,2.955e-05,3.075e-05,2.985e-05,3.093e-05,3.187e-05,3.228e-05,3.11e-05,3.18e-05,3.015e-05
voyeur,4.8e-07,4.8e-07,7.6e-07,1.06e-06,1.06e-06,7.6e-07,7.6e-07,7.6e-07,4.8e-07
comfort,4.84e-06,4.6e-06,4.7e-06,4.7e-06,4.71e-06,5.02e-06,4.12e-06,3.98e-06,4.72e-06
colors,0.00010268,0.00010001,9.651e-05,9.522e-05,9.912e-05,0.00010095,0.00010152,0.0001006,0.00010134
wars,3.39e-05,3.471e-05,3.636e-05,3.745e-05,3.764e-05,3.807e-05,3.902e-05,4.006e-05,3.43e-05
cisco,8.218e-05,8.131e-05,8.015e-05,7.824e-05,7.832e-05,7.491e-05,7.652e-05,7.568e-05,8.175e-05
ordering,3.713e-05,3.645e-05,3.727e-05,3.669e-05,3.658e-05,3.563e-05,3.628e-05,3.501e-05,3.679e-05
kept,3.068e-05,2.932e-05,2.833e-05,2.866e-05,2.854e-05,2.802e-05,2.759e-05,2.737e-05,3e-05
alpha,6.377e-05,6.324e-05,6.318e-05,6.307e-05,6.345e-05,6.532e-05,6.463e-05,6.467e-05,6.35e-05
appeal,1.744e-05,1.728e-05,1.727e-05,1.713e-05,1.821e-05,1.736e-05,1.844e-05,1.819e-05,1.736e-05
cruise,5.17e-06,5.55e-06,5e-06,4.85e-06,5.31e-06,5.79e-06,5.79e-06,5.5e-06,5.36e-06
bonus,5.17e-06,5.23e-06,5.45e-06,5.61e-06,5.46e-06,5.63e-06,5.64e-06,5.96e-06,5.2e-06
certification,5.602e-05,5.722e-05,6.288e-05,6.323e-05,6.314e-05,6.304e-05,6.311e-05,6.223e-05,5.662e-05
previously,0.0001876,0.00019289,0.00020362,0.00021591,0.00021887,0.00022094,0.00022392,0.00022597,0.00019025
hey,1.45e-06,1.74e-06,2.12e-06,2.12e-06,2.12e-06,2.13e-06,1.98e-06,1.83e-06,1.59e-06
bookmark,3.87e-06,3.65e-06,4.24e-06,4.09e-06,4.25e-06,4.26e-06,4.12e-06,4.13e-06,3.76e-06
buildings,3.229e-05,3.313e-05,3.121e-05,3.199e-05,3.112e-05,3.015e-05,3.049e-05,3.073e-05,3.271e-05
specials,1.45e-06,1.58e-06,1.36e-06,1.52e-06,1.67e-06,1.98e-06,1.52e-06,1.53e-06,1.51e-06
beat,2.325e-05,2.441e-05,2.318e-05,2.502e-05,2.474e-05,2.451e-05,2.454e-05,2.385e-05,2.383e-05
disney,4.472e-05,4.533e-05,5.106e-05,5.034e-05,5.085e-05,5.36e-05,5.533e-05,5.504e-05,4.502e-05
household,7.75e-06,7.77e-06,7.27e-06,7.13e-06,7.13e-06,6.85e-06,7.01e-06,7.34e-06,7.76e-06
batteries,1.114e-05,1.141e-05,1.015e-05,1.107e-05,1.169e-05,1.096e-05,1.143e-05,1.162e-05,1.127e-05
adobe,0.00011237,0.00011333,0.00011545,0.00011417,0.00011414,0.00011648,0.00011234,0.00011161,0.00011285
smoking,1.61e-06,1.43e-06,1.21e-06,1.06e-06,1.21e-06,1.37e-06,1.22e-06,1.22e-06,1.52e-06
bbc,8.751e-05,8.559e-05,8.515e-05,8.506e-05,8.348e-05,8.298e-05,8.323e-05,8.134e-05,8.655e-05
becomes,6.361e-05,6.023e-05,6.288e-05,6.232e-05,6.269e-05,6.228e-05,6.25e-05,6.406e-05,6.192e-05
drives,0.00013029,0.0001287,0.00012681,0.00012721,0.00012689,0.00012699,0.00012773,0.00012751,0.0001295
arms,1.308e-05,1.252e-05,1.197e-05,1.152e-05,1.26e-05,1.325e-05,1.372e-05,1.345e-05,1.28e-05
alabama,5.33e-06,4.91e-06,5.3e-06,5.16e-06,4.86e-06,4.87e-06,5.33e-06,5.35e-06,5.12e-06
tea,5e-06,4.75e-06,3.64e-06,3.49e-06,3.64e-06,3.65e-06,3.51e-06,3.67e-06,4.87e-06
improved,9.639e-05,9.684e-05,9.651e-05,9.628e-05,9.532e-05,9.836e-05,9.923e-05,9.861e-05,9.662e-05
trees,8.557e-05,8.638e-05,8.984e-05,9.037e-05,9.259e-05,9.425e-05,9.496e-05,9.586e-05,8.597e-05
avg,3.23e-06,3.33e-06,3.48e-06,3.34e-06,3.19e-06,3.35e-06,3.05e-06,3.06e-06,3.28e-06
achieve,9.251e-05,9.161e-05,9.015e-05,9.067e-05,9.153e-05,9.242e-05,8.917e-05,9.036e-05,9.206e-05
positions,6.426e-05,6.308e-05,6.257e-05,6.247e-05,6.254e-05,6.167e-05,6.158e-05,6.177e-05,6.367e-05
dress,2.42e-06,2.69e-06,2.27e-06,2.43e-06,2.28e-06,2.28e-06,1.83e-06,1.99e-06,2.56e-06
subscription,6.684e-05,6.942e-05,7.212e-05,7.399e-05,7.392e-05,7.507e-05,7.637e-05,7.874e-05,6.813e-05
dealer,4.84e-06,4.12e-06,4.55e-06,4.4e-06,4.4e-06,4.42e-06,4.12e-06,3.82e-06,4.48e-06
contemporary,5.021e-05,5.104e-05,5.136e-05,5.064e-05,4.979e-05,5.009e-05,5.045e-05,4.892e-05,5.062e-05
sky,4.133e-05,3.931e-05,4.318e-05,4.412e-05,4.387e-05,4.385e-05,4.344e-05,4.373e-05,4.032e-05
utah,2.406e-05,2.473e-05,2.545e-05,2.608e-05,2.55e-05,2.528e-05,2.5e-05,2.569e-05,2.439e-05
nearby,1.695e-05,1.759e-05,1.757e-05,1.789e-05,1.837e-05,1.842e-05,1.905e-05,1.972e-05,1.727e-05
rom,9.186e-05,8.86e-05,8.833e-05,8.794e-05,8.971e-05,9.121e-05,8.932e-05,8.776e-05,9.023e-05
carried,5.796e-05,5.738e-05,5.757e-05,5.777e-05,5.753e-05,5.786e-05,5.807e-05,5.886e-05,5.767e-05
happen,2.067e-05,2.013e-05,1.924e-05,1.941e-05,1.943e-05,1.995e-05,1.921e-05,1.911e-05,2.04e-05
exposure,2.244e-05,2.282e-05,2.333e-05,2.244e-05,2.292e-05,2.284e-05,2.347e-05,2.355e-05,2.263e-05
panasonic,1.243e-05,1.22e-05,1.197e-05,1.198e-05,1.214e-05,1.233e-05,1.235e-05,1.193e-05,1.231e-05
hide,1.453e-05,1.331e-05,1.333e-05,1.425e-05,1.336e-05,1.355e-05,1.448e-05,1.483e-05,1.392e-05
permalink,8.1e-07,6.3e-07,6.1e-07,7.6e-07,6.1e-07,4.6e-07,4.6e-07,4.6e-07,7.2e-07
signature,6.555e-05,6.419e-05,6.197e-05,6.125e-05,6.147e-05,6.441e-05,6.402e-05,6.253e-05,6.487e-05
gambling,1.13e-05,1.22e-05,1.258e-05,1.319e-05,1.321e-05,1.325e-05,1.357e-05,1.422e-05,1.175e-05
refer,0.00012125,0.00011982,0.00011469,0.00011281,0.00011384,0.00011435,0.00011463,0.00011146,0.00012054
miller,3.261e-05,3.408e-05,3.621e-05,3.351e-05,3.37e-05,3.319e-05,3.445e-05,3.333e-05,3.335e-05
provision,1.76e-05,1.791e-05,1.757e-05,1.804e-05,1.67e-05,1.614e-05,1.57e-05,1.575e-05,1.776e-05
outdoors,1.78e-06,1.58e-06,1.97e-06,1.97e-06,1.82e-06,1.83e-06,1.68e-06,1.68e-06,1.68e-06
clothes,3.39e-06,3.17e-06,3.18e-06,3.49e-06,3.64e-06,3.2e-06,3.66e-06,3.52e-06,3.28e-06
caused,6.103e-05,6.118e-05,6.03e-05,6.004e-05,5.965e-05,5.877e-05,5.823e-05,5.947e-05,6.11e-05
luxury,3.55e-06,3.96e-06,4.39e-06,5.46e-06,5.16e-06,5.18e-06,5.33e-06,5.2e-06,3.76e-06
babes,8.1e-07,6.3e-07,6.1e-07,6.1e-07,7.6e-07,7.6e-07,7.6e-07,7.6e-07,7.2e-07
frames,5.812e-05,5.563e-05,5.757e-05,5.731e-05,5.798e-05,5.893e-05,5.853e-05,5.84e-05,5.688e-05
viagra,0.0,0.0,0.0,0.0,0.0,0.0,0.0,0.0,0.0
certainly,5.33e-06,4.91e-06,4.24e-06,3.94e-06,3.79e-06,3.81e-06,2.74e-06,2.9e-06,5.12e-06
indeed,2.18e-05,2.124e-05,2.03e-05,1.971e-05,1.882e-05,1.903e-05,1.875e-05,1.804e-05,2.152e-05
newspaper,0.00013707,0.00013488,0.00013302,0.00013297,0.00013251,0.00013262,0.00013398,0.00013118,0.00013597
toy,1.518e-05,1.537e-05,1.5e-05,1.486e-05,1.533e-05,1.507e-05,1.555e-05,1.575e-05,1.527e-05
circuit,0.0001629,0.00016103,0.00016363,0.00016163,0.00016287,0.00016247,0.00016081,0.00016145,0.00016196
layer,0.0002362,0.00023505,0.00023605,0.0002338,0.00023557,0.00022961,0.00023123,0.00023071,0.00023562
printed,8.024e-05,7.83e-05,7.575e-05,7.642e-05,7.559e-05,7.537e-05,7.499e-05,7.553e-05,7.927e-05
slow,5.037e-05,5.056e-05,5e-05,5.064e-05,5.009e-05,5.147e-05,5.045e-05,5.045e-05,5.046e-05
removal,2.825e-05,2.805e-05,2.97e-05,3.032e-05,2.96e-05,3e-05,2.942e-05,3.012e-05,2.815e-05
easier,6.765e-05,6.657e-05,6.742e-05,6.747e-05,6.587e-05,6.593e-05,6.554e-05,6.513e-05,6.711e-05
src,3.39e-06,3.65e-06,3.48e-06,3.18e-06,2.43e-06,2.44e-06,2.59e-06,2.45e-06,3.52e-06
liability,6.78e-06,6.66e-06,7.12e-06,7.28e-06,7.59e-06,7.61e-06,7.77e-06,7.8e-06,6.72e-06
trademark,4.036e-05,4.058e-05,4.03e-05,3.972e-05,3.886e-05,3.746e-05,3.765e-05,3.776e-05,4.047e-05
hip,1.179e-05,1.173e-05,1.151e-05,1.183e-05,1.184e-05,1.157e-05,1.174e-05,1.193e-05,1.176e-05
printers,5.263e-05,4.802e-05,4.727e-05,4.64e-05,4.69e-05,4.659e-05,4.862e-05,4.785e-05,5.033e-05
faqs,5.17e-06,5.07e-06,4.39e-06,4.09e-06,3.19e-06,2.59e-06,2.29e-06,2.45e-06,5.12e-06
nine,4.004e-05,3.915e-05,4.197e-05,4.185e-05,4.371e-05,4.279e-05,4.314e-05,4.342e-05,3.96e-05
adding,8.686e-05,8.353e-05,8.696e-05,8.506e-05,8.439e-05,8.679e-05,8.475e-05,8.501e-05,8.52e-05
kentucky,4.68e-06,4.6e-06,4.7e-06,4.7e-06,4.4e-06,4.57e-06,4.42e-06,4.28e-06,4.64e-06
mostly,0.00011624,0.00011681,0.00011514,0.00011508,0.00011521,0.00011557,0.00011737,0.00011467,0.00011652
eric,5.279e-05,4.834e-05,4.833e-05,4.837e-05,4.812e-05,4.705e-05,4.573e-05,4.327e-05,5.057e-05
spot,1.679e-05,1.68e-05,1.742e-05,1.744e-05,1.761e-05,1.812e-05,1.738e-05,1.728e-05,1.679e-05
taylor,2.745e-05,2.694e-05,2.636e-05,2.729e-05,2.762e-05,2.604e-05,2.637e-05,2.614e-05,2.719e-05
trackback,0.0,0.0,0.0,0.0,0.0,0.0,0.0,0.0,0.0
prints,1.356e-05,1.316e-05,1.318e-05,1.349e-05,1.305e-05,1.249e-05,1.265e-05,1.254e-05,1.336e-05
spend,1.146e-05,1.125e-05,1.167e-05,1.107e-05,1.032e-05,1.035e-05,1.052e-05,9.94e-06,1.136e-05
factory,2.971e-05,2.837e-05,2.894e-05,2.805e-05,2.869e-05,2.832e-05,2.805e-05,2.783e-05,2.904e-05
interior,2.196e-05,2.124e-05,2.076e-05,2.108e-05,1.973e-05,1.995e-05,1.982e-05,2.095e-05,2.16e-05
revised,3.197e-05,3.17e-05,3.106e-05,3.002e-05,2.99e-05,3.015e-05,2.972e-05,3.15e-05,3.183e-05
grow,2.793e-05,2.853e-05,2.909e-05,2.957e-05,2.732e-05,2.786e-05,2.835e-05,2.813e-05,2.823e-05
americans,1.227e-05,1.3e-05,1.182e-05,9.86e-06,9.87e-06,9.29e-06,9.45e-06,9.78e-06,1.264e-05
optical,0.00017081,0.00016816,0.00016863,0.00016921,0.00017015,0.00016886,0.00016843,0.00016986,0.00016948
promotion,1.808e-05,2.029e-05,2e-05,2.032e-05,2.11e-05,2.116e-05,2.134e-05,2.14e-05,1.919e-05
relative,6.781e-05,6.72e-05,6.742e-05,6.732e-05,6.846e-05,6.7e-05,6.798e-05,6.788e-05,6.75e-05
amazing,5.49e-06,5.39e-06,5.15e-06,5.16e-06,5.31e-06,5.02e-06,5.18e-06,5.35e-06,5.44e-06
clock,9.445e-05,9.494e-05,9.499e-05,9.173e-05,9.092e-05,8.984e-05,8.826e-05,8.929e-05,9.47e-05
dot,5.086e-05,5.104e-05,5.303e-05,5.019e-05,5.009e-05,5.207e-05,5.304e-05,5.305e-05,5.095e-05
hiv,5.17e-06,6.02e-06,6.06e-06,6.37e-06,5.92e-06,5.94e-06,6.1e-06,6.42e-06,5.59e-06
identity,0.00012561,0.00012902,0.00013302,0.0001266,0.0001278,0.00012927,0.00013048,0.00013363,0.00012732
suites,1.179e-05,1.205e-05,1.182e-05,1.198e-05,1.214e-05,1.249e-05,1.311e-05,1.284e-05,1.192e-05
conversion,5.392e-05,5.452e-05,5.212e-05,5.352e-05,5.419e-05,5.436e-05,5.365e-05,5.351e-05,5.422e-05
feeling,6.94e-06,7.92e-06,7.42e-06,7.43e-06,7.74e-06,7.61e-06,7.62e-06,7.34e-06,7.43e-06
hidden,6.377e-05,6.276e-05,6.288e-05,6.292e-05,6.208e-05,6.258e-05,6.311e-05,6.238e-05,6.326e-05
reasonable,1.598e-05,1.633e-05,1.621e-05,1.547e-05,1.518e-05,1.568e-05,1.585e-05,1.605e-05,1.616e-05
victoria,2.809e-05,2.9e-05,2.712e-05,2.684e-05,2.55e-05,2.634e-05,2.652e-05,2.706e-05,2.854e-05
serial,0.00012076,0.00011966,0.00011742,0.00011887,0.00011885,0.00011861,0.00012057,0.00012078,0.00012021
relief,6.3e-06,6.66e-06,6.67e-06,6.22e-06,5.92e-06,6.09e-06,5.94e-06,5.96e-06,6.48e-06
revision,4.214e-05,4.311e-05,4.288e-05,4.276e-05,4.326e-05,4.279e-05,4.237e-05,4.082e-05,4.262e-05
broadband,8.428e-05,8.591e-05,8.257e-05,8.339e-05,8.333e-05,8.207e-05,8.14e-05,8.241e-05,8.509e-05
influence,5.231e-05,5.373e-05,5.545e-05,5.61e-05,5.586e-05,5.816e-05,5.807e-05,6.238e-05,5.302e-05
ratio,5.522e-05,5.611e-05,5.848e-05,5.504e-05,5.646e-05,5.71e-05,5.701e-05,5.81e-05,5.567e-05
pda,1.566e-05,1.585e-05,1.53e-05,1.365e-05,1.366e-05,1.386e-05,1.25e-05,1.269e-05,1.576e-05
importance,3.713e-05,3.804e-05,3.818e-05,3.927e-05,3.992e-05,3.959e-05,4.07e-05,4.113e-05,3.759e-05
rain,9.2e-06,1.014e-05,1.03e-05,7.43e-06,8.2e-06,8.37e-06,8.38e-06,7.95e-06,9.67e-06
onto,7.362e-05,7.307e-05,7.333e-05,7.217e-05,7.119e-05,7.141e-05,7.134e-05,7.079e-05,7.334e-05
dsl,1.76e-05,1.743e-05,1.621e-05,1.547e-05,1.639e-05,1.614e-05,1.616e-05,1.575e-05,1.752e-05
planet,3.471e-05,3.471e-05,3.636e-05,3.7e-05,3.871e-05,3.654e-05,3.674e-05,3.623e-05,3.471e-05
webmaster,3.71e-06,3.8e-06,4.7e-06,4.85e-06,3.95e-06,3.2e-06,2.74e-06,2.6e-06,3.76e-06
copies,9.316e-05,9.415e-05,0.0001003,0.00010083,0.00010321,0.00010461,0.00010396,0.00010274,9.365e-05
recipe,3.23e-06,3.01e-06,2.88e-06,2.88e-06,2.88e-06,2.13e-06,1.98e-06,1.83e-06,3.12e-06
zum,4.8e-07,6.3e-07,7.6e-07,7.6e-07,7.6e-07,6.1e-07,6.1e-07,6.1e-07,5.5e-07
permit,2.099e-05,2.029e-05,1.939e-05,1.956e-05,1.988e-05,1.964e-05,1.966e-05,1.972e-05,2.064e-05
seeing,1.066e-05,1.22e-05,1.288e-05,1.319e-05,1.29e-05,1.279e-05,1.28e-05,1.3e-05,1.143e-05
proof,9.639e-05,0.00010175,0.00010242,0.00010098,0.00010246,0.00010156,9.969e-05,9.953e-05,9.907e-05
dna,5.36e-05,5.199e-05,5.318e-05,5.307e-05,5.252e-05,5.284e-05,5.304e-05,5.336e-05,5.279e-05
diff,4.52e-06,4.44e-06,4.09e-06,4.09e-06,4.71e-06,4.72e-06,4.73e-06,4.74e-06,4.48e-06
tennis,6.3e-06,7.13e-06,6.82e-06,7.43e-06,6.98e-06,6.55e-06,6.86e-06,6.57e-06,6.72e-06
bass,1.162e-05,1.125e-05,1.03e-05,1.061e-05,1.032e-05,9.9e-06,8.99e-06,8.87e-06,1.144e-05
prescription,5.65e-06,5.71e-06,6.21e-06,5.91e-06,5.92e-06,6.24e-06,6.4e-06,6.42e-06,5.68e-06
bedroom,1.61e-06,1.43e-06,1.36e-06,1.52e-06,1.52e-06,1.83e-06,1.52e-06,1.53e-06,1.52e-06
empty,3.374e-05,3.534e-05,3.394e-05,3.487e-05,3.415e-05,3.441e-05,3.445e-05,3.425e-05,3.454e-05
instance,0.00013756,0.00013536,0.00012939,0.00012782,0.0001272,0.00012775,0.0001288,0.00012889,0.00013646
hole,1.711e-05,1.775e-05,2.015e-05,2.062e-05,2.064e-05,1.995e-05,2.058e-05,2.064e-05,1.743e-05
pets,5.65e-06,4.75e-06,5.15e-06,5.46e-06,5.46e-06,4.87e-06,5.03e-06,5.05e-06,5.2e-06
ride,6.62e-06,6.82e-06,7.27e-06,6.82e-06,6.37e-06,6.4e-06,6.25e-06,5.96e-06,6.72e-06
licensed,0.00011576,0.00011665,0.00011742,0.00011902,0.00012037,0.00012181,0.00012148,0.00012262,0.00011621
orlando,6.62e-06,5.71e-06,6.21e-06,5.76e-06,5.77e-06,5.94e-06,5.18e-06,4.43e-06,6.17e-06
specifically,0.00015596,0.00015596,0.0001556,0.00015374,0.00015224,0.00015226,0.0001567,0.00015687,0.00015596
tim,3.826e-05,3.756e-05,3.742e-05,3.775e-05,3.825e-05,3.761e-05,3.75e-05,3.853e-05,3.791e-05
bureau,4.601e-05,4.565e-05,4.469e-05,4.458e-05,4.508e-05,4.583e-05,4.603e-05,4.526e-05,4.583e-05
maine,5.65e-06,5.71e-06,5.45e-06,5.46e-06,5.77e-06,5.79e-06,5.64e-06,5.81e-06,5.68e-06
sql,9.574e-05,8.638e-05,9.56e-05,9.901e-05,0.00010094,0.00010278,0.00010457,0.00010289,9.106e-05
represent,0.00012012,0.00011919,0.00012287,0.00012524,0.00012553,0.00012607,0.00012697,0.00012782,0.00011966
conservation,2.147e-05,2.203e-05,2.212e-05,2.259e-05,2.155e-05,2.208e-05,2.225e-05,2.156e-05,2.175e-05
pair,9.413e-05,9.193e-05,9.272e-05,9.673e-05,9.471e-05,9.547e-05,9.572e-05,9.663e-05,9.303e-05
ideal,3.019e-05,2.916e-05,2.848e-05,2.744e-05,2.732e-05,2.756e-05,2.637e-05,2.691e-05,2.967e-05
specs,4.68e-06,4.6e-06,4.39e-06,4.09e-06,4.1e-06,3.96e-06,3.66e-06,3.36e-06,4.64e-06
recorded,5.78e-05,5.801e-05,5.969e-05,5.974e-05,5.965e-05,6.06e-05,6.097e-05,5.963e-05,5.791e-05
don,5.376e-05,5.421e-05,5.394e-05,5.322e-05,5.176e-05,5.009e-05,4.954e-05,4.74e-05,5.398e-05
pieces,4.295e-05,4.232e-05,4.166e-05,4.094e-05,4.083e-05,4.035e-05,3.933e-05,3.853e-05,4.264e-05
finished,2.438e-05,2.33e-05,2.394e-05,2.305e-05,2.337e-05,2.375e-05,2.286e-05,2.125e-05,2.384e-05
parks,8.56e-06,8.72e-06,8.79e-06,9.7e-06,9.56e-06,9.14e-06,9.15e-06,9.33e-06,8.64e-06
dinner,2.58e-06,2.69e-06,2.88e-06,2.27e-06,1.97e-06,2.28e-06,2.44e-06,1.83e-06,2.64e-06
lawyers,9.36e-06,8.4e-06,8.94e-06,8.64e-06,8.5e-06,8.68e-06,8.54e-06,8.26e-06,8.88e-06
sydney,4.149e-05,4.2e-05,4.136e-05,4.2e-05,4.28e-05,4.355e-05,4.344e-05,4.266e-05,4.175e-05
stress,2.357e-05,2.282e-05,2.197e-05,2.168e-05,2.11e-05,2.177e-05,2.256e-05,2.232e-05,2.319e-05
cream,2.1e-06,2.22e-06,2.58e-06,2.58e-06,2.58e-06,2.44e-06,2.29e-06,2.29e-06,2.16e-06
ss,1.001e-05,9.67e-06,9.24e-06,9.4e-06,9.41e-06,9.44e-06,9.3e-06,9.48e-06,9.84e-06
runs,0.00017905,0.00017276,0.00016878,0.00016845,0.00016727,0.00016886,0.00016401,0.00016451,0.0001759
trends,3.487e-05,3.297e-05,3.485e-05,3.457e-05,3.354e-05,3.395e-05,3.292e-05,3.195e-05,3.392e-05
yeah,1.6e-07,4.8e-07,4.5e-07,3e-07,3e-07,3e-07,4.6e-07,4.6e-07,3.2e-07
discover,3.374e-05,3.376e-05,3.318e-05,3.26e-05,3.263e-05,3.258e-05,3.292e-05,3.379e-05,3.375e-05
sexo,0.0,0.0,0.0,0.0,0.0,0.0,0.0,0.0,0.0
ap,9.04e-06,8.88e-06,1.076e-05,1.061e-05,1.017e-05,1.035e-05,9.3e-06,9.63e-06,8.96e-06
patterns,0.00011576,0.00011539,0.00011363,0.00011265,0.0001146,0.00011359,0.00011341,0.00011253,0.00011558
boxes,4.23e-05,4.485e-05,4.409e-05,4.261e-05,4.235e-05,4.172e-05,4.024e-05,3.975e-05,4.358e-05
louisiana,4.04e-06,4.28e-06,4.39e-06,4.25e-06,4.25e-06,4.72e-06,4.12e-06,4.13e-06,4.16e-06
hills,7.59e-06,6.97e-06,7.42e-06,8.04e-06,8.2e-06,8.22e-06,7.77e-06,7.8e-06,7.28e-06
javascript,8.363e-05,8.717e-05,8.818e-05,8.9e-05,8.864e-05,8.664e-05,8.627e-05,8.424e-05,8.54e-05
fourth,5.748e-05,5.706e-05,6.378e-05,6.323e-05,6.375e-05,6.395e-05,6.28e-05,6.391e-05,5.727e-05
nm,2.809e-05,2.79e-05,2.97e-05,2.941e-05,2.99e-05,3.03e-05,3.003e-05,2.951e-05,2.799e-05
advisor,3.31e-05,3.376e-05,3.318e-05,3.487e-05,3.461e-05,3.533e-05,3.643e-05,3.639e-05,3.343e-05
mn,5.65e-06,6.18e-06,6.06e-06,6.37e-06,5.77e-06,5.02e-06,5.03e-06,5.05e-06,5.92e-06
marketplace,3.342e-05,3.297e-05,3.318e-05,3.366e-05,3.309e-05,3.228e-05,3.323e-05,3.318e-05,3.319e-05
nd,5e-06,5.07e-06,4.85e-06,4.7e-06,4.4e-06,4.72e-06,5.33e-06,5.2e-06,5.04e-06
evil,3.229e-05,3.138e-05,3.348e-05,3.245e-05,3.294e-05,3.426e-05,3.414e-05,3.44e-05,3.183e-05
aware,3.649e-05,3.55e-05,3.485e-05,3.472e-05,3.506e-05,3.533e-05,3.445e-05,3.471e-05,3.599e-05
wilson,2.099e-05,2.108e-05,1.97e-05,1.804e-05,1.882e-05,1.751e-05,1.646e-05,1.651e-05,2.104e-05
shape,9.154e-05,8.765e-05,9.212e-05,9.309e-05,8.758e-05,8.877e-05,8.826e-05,8.592e-05,8.959e-05
evolution,9.8e-05,9.668e-05,9.742e-05,9.734e-05,9.654e-05,9.73e-05,9.664e-05,9.754e-05,9.734e-05
irish,2.583e-05,2.853e-05,2.833e-05,2.911e-05,2.914e-05,2.878e-05,2.866e-05,2.951e-05,2.718e-05
certificates,3.148e-05,3.376e-05,3.53e-05,3.654e-05,3.567e-05,3.533e-05,3.521e-05,3.532e-05,3.262e-05
objectives,2.906e-05,2.916e-05,2.818e-05,2.926e-05,2.884e-05,2.923e-05,3.003e-05,3.15e-05,2.911e-05
stations,6.49e-05,6.308e-05,6.378e-05,6.52e-05,6.36e-05,6.349e-05,6.265e-05,6.284e-05,6.399e-05
suggested,4.036e-05,4.073e-05,4.03e-05,3.988e-05,3.931e-05,3.944e-05,3.978e-05,4.006e-05,4.054e-05
gps,3.439e-05,3.519e-05,3.56e-05,3.502e-05,3.461e-05,3.38e-05,3.308e-05,3.195e-05,3.479e-05
op,1.437e-05,1.458e-05,1.439e-05,1.425e-05,1.442e-05,1.416e-05,1.463e-05,1.468e-05,1.447e-05
remains,7.12e-05,6.91e-05,7.03e-05,7.111e-05,7.134e-05,6.974e-05,7.195e-05,6.926e-05,7.015e-05
acc,1.45e-06,1.43e-06,1.67e-06,1.67e-06,1.82e-06,1.83e-06,1.83e-06,1.38e-06,1.44e-06
greatest,2.793e-05,2.615e-05,3.166e-05,3.366e-05,3.415e-05,3.791e-05,3.917e-05,4.052e-05,2.704e-05
firms,2.971e-05,2.9e-05,2.879e-05,3.002e-05,2.945e-05,3.015e-05,2.988e-05,2.981e-05,2.935e-05
concerned,5.231e-05,5.199e-05,5.121e-05,4.988e-05,4.933e-05,4.872e-05,4.878e-05,4.923e-05,5.215e-05
euro,9.36e-06,9.19e-06,9.24e-06,9.86e-06,9.56e-06,9.14e-06,8.99e-06,9.17e-06,9.28e-06
operator,0.00010736,0.00010524,0.00010575,0.00010447,0.00010352,0.00010171,0.00010106,0.00010182,0.0001063
structures,0.00018615,0.00017974,0.00017938,0.00017982,0.00017956,0.00018104,0.00018108,0.00018056,0.00018295
generic,7.217e-05,7.196e-05,7.091e-05,6.959e-05,6.967e-05,7.004e-05,7.073e-05,7.232e-05,7.206e-05
encyclopedia,5.215e-05,5.024e-05,5e-05,5.034e-05,5.039e-05,5.101e-05,5.045e-05,4.847e-05,5.12e-05
usage,0.00013691,0.00013203,0.0001306,0.00012933,0.0001278,0.00012775,0.00012453,0.00012598,0.00013447
cap,1.162e-05,1.109e-05,1.151e-05,1.183e-05,1.184e-05,1.157e-05,1.143e-05,1.177e-05,1.136e-05
ink,1.179e-05,1.125e-05,1.121e-05,1.258e-05,1.26e-05,1.264e-05,1.204e-05,1.208e-05,1.152e-05
charts,3.31e-05,3.075e-05,2.939e-05,2.911e-05,3.112e-05,3.076e-05,3.14e-05,3.088e-05,3.193e-05
continuing,2.325e-05,2.346e-05,2.454e-05,2.487e-05,2.52e-05,2.467e-05,2.363e-05,2.355e-05,2.335e-05
mixed,7.298e-05,7.624e-05,8.196e-05,8.612e-05,8.925e-05,9.349e-05,9.771e-05,0.00010014,7.461e-05
census,1.324e-05,1.236e-05,1.379e-05,1.41e-05,1.336e-05,1.294e-05,1.418e-05,1.407e-05,1.28e-05
interracial,0.0,0.0,0.0,0.0,0.0,0.0,0.0,0.0,0.0
peak,4.924e-05,4.802e-05,4.56e-05,4.624e-05,4.69e-05,4.781e-05,4.893e-05,4.969e-05,4.863e-05
tn,2.91e-06,3.01e-06,2.58e-06,2.27e-06,2.28e-06,1.83e-06,1.83e-06,1.68e-06,2.96e-06
competitive,3.503e-05,3.534e-05,3.485e-05,3.578e-05,3.643e-05,3.685e-05,3.78e-05,3.792e-05,3.518e-05
exist,0.00012189,0.00012062,0.00011878,0.00011675,0.00011703,0.00011755,0.00011859,0.00011849,0.00012125
wheel,2.18e-05,2.171e-05,1.97e-05,1.85e-05,1.806e-05,1.858e-05,1.753e-05,1.758e-05,2.176e-05
transit,1.841e-05,1.775e-05,1.939e-05,1.91e-05,1.988e-05,2.04e-05,2.104e-05,2.064e-05,1.808e-05
dick,1.082e-05,1.03e-05,1.167e-05,1.107e-05,1.078e-05,1.112e-05,1.143e-05,1.162e-05,1.056e-05
suppliers,1.663e-05,1.696e-05,1.697e-05,1.653e-05,1.73e-05,1.705e-05,1.692e-05,1.682e-05,1.679e-05
salt,1.146e-05,1.094e-05,1.076e-05,1.107e-05,1.078e-05,1.112e-05,1.128e-05,1.177e-05,1.12e-05
compact,5.376e-05,5.405e-05,5.242e-05,5.246e-05,5.267e-05,5.39e-05,5.503e-05,5.428e-05,5.39e-05
poetry,2.341e-05,2.346e-05,2.242e-05,2.289e-05,2.216e-05,2.208e-05,2.317e-05,2.278e-05,2.344e-05
lights,1.469e-05,1.395e-05,1.454e-05,1.501e-05,1.594e-05,1.629e-05,1.524e-05,1.575e-05,1.432e-05
tracking,9.235e-05,9.066e-05,9.212e-05,9.249e-05,9.122e-05,9.182e-05,9.176e-05,9.143e-05,9.15e-05
angel,1.824e-05,1.823e-05,1.939e-05,1.865e-05,1.852e-05,1.766e-05,1.722e-05,1.743e-05,1.824e-05
bell,9.671e-05,9.367e-05,9.651e-05,9.522e-05,9.304e-05,9.258e-05,9.359e-05,9.189e-05,9.519e-05
keeping,2.89e-05,2.996e-05,2.803e-05,2.729e-05,2.671e-05,2.756e-05,2.683e-05,2.691e-05,2.943e-05
preparation,1.388e-05,1.442e-05,1.424e-05,1.289e-05,1.29e-05,1.264e-05,1.235e-05,1.223e-05,1.415e-05
attempt,8.412e-05,8.384e-05,8.136e-05,8.112e-05,7.984e-05,8.116e-05,8.079e-05,7.966e-05,8.398e-05
receiving,5.376e-05,5.452e-05,5.591e-05,5.564e-05,5.586e-05,5.451e-05,5.426e-05,5.458e-05,5.414e-05
matches,2.373e-05,2.488e-05,2.56e-05,2.547e-05,2.596e-05,2.665e-05,2.667e-05,2.737e-05,2.43e-05
accordance,1.033e-05,1.109e-05,1.106e-05,1.077e-05,1.093e-05,1.157e-05,1.113e-05,1.101e-05,1.071e-05
width,2.874e-05,2.79e-05,3.015e-05,2.866e-05,2.884e-05,2.832e-05,2.667e-05,2.721e-05,2.832e-05
noise,0.0001135,0.0001157,0.0001153,0.00011174,0.00011217,0.00011191,0.00011249,0.00011283,0.0001146
engines,7.604e-05,7.465e-05,7.56e-05,7.52e-05,7.711e-05,7.948e-05,7.85e-05,7.889e-05,7.534e-05
forget,2.74e-06,2.38e-06,2.42e-06,2.27e-06,1.97e-06,1.98e-06,2.13e-06,1.99e-06,2.56e-06
array,0.00013917,0.0001409,0.00013696,0.00013782,0.00013691,0.00013841,0.00013658,0.0001376,0.00014003
discussed,3.471e-05,3.439e-05,3.318e-05,3.457e-05,3.446e-05,3.395e-05,3.475e-05,3.394e-05,3.455e-05
accurate,6.41e-05,6.245e-05,6.257e-05,6.125e-05,6.087e-05,6.136e-05,6.112e-05,6.07e-05,6.328e-05
stephen,4.94e-05,4.898e-05,4.757e-05,4.776e-05,4.751e-05,4.766e-05,4.862e-05,4.724e-05,4.919e-05
elizabeth,1.631e-05,1.728e-05,1.864e-05,1.91e-05,1.897e-05,1.964e-05,2.073e-05,2.095e-05,1.68e-05
climate,4.44e-05,4.565e-05,4.682e-05,4.746e-05,4.857e-05,4.933e-05,5.152e-05,5.321e-05,4.502e-05
reservations,1.066e-05,9.35e-06,9.7e-06,9.7e-06,9.71e-06,9.14e-06,8.84e-06,8.87e-06,1e-05
pin,4.456e-05,4.628e-05,4.666e-05,4.685e-05,4.766e-05,4.766e-05,4.695e-05,4.694e-05,4.542e-05
playstation,0.00027124,0.00026976,0.00028938,0.00029581,0.00030387,0.00031199,0.00031766,0.00032275,0.0002705
alcohol,3.55e-06,3.01e-06,3.03e-06,2.88e-06,2.88e-06,2.74e-06,2.9e-06,2.75e-06,3.28e-06
greek,4.165e-05,4.026e-05,3.954e-05,3.927e-05,3.916e-05,3.898e-05,4.055e-05,4.052e-05,4.096e-05
instruction,0.00018551,0.00018528,0.0001862,0.00018695,0.00018487,0.00018287,0.0001852,0.00018439,0.00018539
managing,8.169e-05,8.194e-05,8.06e-05,8.097e-05,8.105e-05,8.116e-05,8.307e-05,8.317e-05,8.182e-05
annotation,2.406e-05,2.362e-05,2.364e-05,2.259e-05,2.216e-05,2.238e-05,2.18e-05,2.186e-05,2.384e-05
sister,2.535e-05,2.52e-05,2.651e-05,2.714e-05,2.656e-05,2.649e-05,2.607e-05,2.599e-05,2.527e-05
raw,4.101e-05,4.026e-05,4.151e-05,4.215e-05,4.25e-05,4.263e-05,4.314e-05,4.434e-05,4.063e-05
differences,6.603e-05,6.403e-05,6.333e-05,6.216e-05,6.132e-05,6.151e-05,5.945e-05,5.902e-05,6.503e-05
walking,1.179e-05,1.157e-05,1.121e-05,1.122e-05,1.062e-05,1.112e-05,1.113e-05,1.116e-05,1.168e-05
explain,2.341e-05,2.457e-05,2.409e-05,2.305e-05,2.277e-05,2.254e-05,2.317e-05,2.324e-05,2.399e-05
smaller,0.00011737,0.00011412,0.00011605,0.00011705,0.00011885,0.00011892,0.00011828,0.00011987,0.00011574
newest,1.001e-05,9.35e-06,1.076e-05,1.001e-05,1.002e-05,9.44e-06,8.84e-06,8.56e-06,9.68e-06
establish,3.633e-05,3.645e-05,3.682e-05,3.73e-05,3.719e-05,3.715e-05,3.689e-05,3.669e-05,3.639e-05
gnu,0.00018163,0.00017688,0.00017287,0.00017148,0.00016044,0.00015957,0.00015913,0.00016115,0.00017926
happened,1.405e-05,1.506e-05,1.5e-05,1.425e-05,1.351e-05,1.355e-05,1.311e-05,1.345e-05,1.455e-05
expressed,6.297e-05,6.483e-05,6.439e-05,6.201e-05,6.284e-05,6.334e-05,6.234e-05,6.406e-05,6.39e-05
jeff,3.229e-05,3.091e-05,3.166e-05,3.048e-05,3.036e-05,3e-05,3.003e-05,3.012e-05,3.16e-05
extent,3.019e-05,2.98e-05,2.97e-05,2.881e-05,2.869e-05,2.923e-05,2.911e-05,2.874e-05,2.999e-05
sharp,3.181e-05,3.439e-05,3.742e-05,3.684e-05,3.673e-05,3.548e-05,3.369e-05,3.348e-05,3.31e-05
lesbians,6.5e-07,6.3e-07,7.6e-07,7.6e-07,7.6e-07,6.1e-07,6.1e-07,6.1e-07,6.4e-07
ben,3.342e-05,3.566e-05,3.348e-05,3.275e-05,3.248e-05,3.198e-05,3.079e-05,3.027e-05,3.454e-05
lane,1.485e-05,1.522e-05,1.485e-05,1.501e-05,1.503e-05,1.599e-05,1.661e-05,1.712e-05,1.504e-05
paragraph,7.27e-06,7.77e-06,7.58e-06,6.52e-06,6.07e-06,5.48e-06,5.33e-06,4.59e-06,7.52e-06
kill,1.582e-05,1.633e-05,1.727e-05,1.804e-05,1.821e-05,1.812e-05,1.89e-05,1.835e-05,1.608e-05
mathematics,0.00038651,0.00038245,0.00037316,0.00036859,0.00036869,0.00036528,0.00036659,0.00036067,0.00038448
aol,3.665e-05,3.645e-05,3.197e-05,3.184e-05,2.99e-05,2.893e-05,2.896e-05,3.027e-05,3.655e-05
compensation,1.259e-05,1.157e-05,1.151e-05,1.167e-05,1.245e-05,1.279e-05,1.265e-05,1.238e-05,1.208e-05
ce,2.422e-05,2.235e-05,2.121e-05,2.305e-05,2.231e-05,2.299e-05,2.439e-05,2.355e-05,2.328e-05
export,3.132e-05,3.043e-05,2.939e-05,2.926e-05,2.96e-05,2.969e-05,3.018e-05,3.058e-05,3.087e-05
managers,2.906e-05,2.948e-05,3.06e-05,3.093e-05,3.021e-05,2.893e-05,2.972e-05,2.966e-05,2.927e-05
aircraft,4.65e-05,4.755e-05,4.712e-05,4.685e-05,4.781e-05,4.857e-05,4.923e-05,4.923e-05,4.702e-05
modules,0.00010801,0.00010778,0.00010848,0.00011008,0.00010807,0.00010689,0.000107,0.00010488,0.00010789
sweden,4.666e-05,4.612e-05,4.682e-05,4.715e-05,4.629e-05,4.675e-05,4.573e-05,4.694e-05,4.639e-05
conflict,2.777e-05,2.869e-05,2.985e-05,3.048e-05,3.021e-05,3.137e-05,3.216e-05,3.272e-05,2.823e-05
conducted,4.036e-05,4.184e-05,4.272e-05,4.352e-05,4.326e-05,4.309e-05,4.451e-05,4.327e-05,4.11e-05
versions,0.00036585,0.00036438,0.00036619,0.00036768,0.00037218,0.00037731,0.00037863,0.00037871,0.00036511
employer,7.43e-06,6.66e-06,6.36e-06,5.61e-06,5.16e-06,5.63e-06,5.49e-06,5.66e-06,7.04e-06
occur,7.588e-05,7.481e-05,7.075e-05,7.066e-05,7.195e-05,7.293e-05,7.286e-05,7.109e-05,7.534e-05
percentage,2.131e-05,1.997e-05,1.879e-05,1.804e-05,1.746e-05,1.69e-05,1.677e-05,1.651e-05,2.064e-05
knows,1.437e-05,1.316e-05,1.303e-05,1.228e-05,1.184e-05,1.218e-05,1.204e-05,1.208e-05,1.376e-05
mississippi,3.71e-06,3.49e-06,3.79e-06,3.79e-06,3.95e-06,3.96e-06,3.51e-06,3.52e-06,3.6e-06
describe,0.00013368,0.00013187,0.0001262,0.000126,0.00012568,0.00012684,0.00012667,0.00012736,0.00013278
concern,3.003e-05,3.059e-05,3.015e-05,3.017e-05,2.929e-05,2.832e-05,2.896e-05,2.859e-05,3.031e-05
backup,6.732e-05,6.752e-05,6.606e-05,6.474e-05,6.299e-05,6.289e-05,6.28e-05,6.33e-05,6.742e-05
requested,2.438e-05,2.33e-05,2.288e-05,2.32e-05,2.353e-05,2.269e-05,2.225e-05,2.232e-05,2.384e-05
citizens,3.729e-05,3.693e-05,3.742e-05,3.745e-05,3.886e-05,3.989e-05,4.024e-05,4.006e-05,3.711e-05
connecticut,1.017e-05,9.99e-06,1.045e-05,1.046e-05,1.108e-05,1.157e-05,1.158e-05,1.086e-05,1.008e-05
heritage,3.81e-05,3.883e-05,3.636e-05,3.684e-05,3.749e-05,3.7e-05,3.765e-05,3.899e-05,3.846e-05
personals,1.29e-06,1.11e-06,1.06e-06,1.06e-06,9.1e-07,9.1e-07,9.1e-07,9.2e-07,1.2e-06
immediate,2.729e-05,2.599e-05,2.682e-05,2.684e-05,2.626e-05,2.756e-05,2.744e-05,2.737e-05,2.664e-05
holding,3.633e-05,3.788e-05,3.954e-05,3.927e-05,4.129e-05,4.126e-05,4.161e-05,4.373e-05,3.711e-05
trouble,8.88e-06,8.08e-06,7.58e-06,7.58e-06,7.13e-06,7.31e-06,7.32e-06,7.03e-06,8.48e-06
spread,6.393e-05,6.578e-05,6.651e-05,6.58e-05,6.694e-05,6.669e-05,6.539e-05,6.635e-05,6.486e-05
coach,3.23e-06,3.49e-06,2.88e-06,2.73e-06,3.34e-06,3.5e-06,3.35e-06,3.21e-06,3.36e-06
kevin,3.148e-05,2.996e-05,3.06e-05,3.063e-05,3.005e-05,2.923e-05,2.789e-05,2.783e-05,3.072e-05
agricultural,1.292e-05,1.268e-05,1.227e-05,1.228e-05,1.184e-05,1.218e-05,1.235e-05,1.284e-05,1.28e-05
expand,2.745e-05,2.805e-05,2.97e-05,3.078e-05,3.005e-05,3.076e-05,3.11e-05,3.226e-05,2.775e-05
supporting,0.00010058,0.00010318,0.00010439,0.00010841,0.00010762,0.00010735,0.0001099,0.00011069,0.00010188
audience,5.263e-05,5.436e-05,5.636e-05,5.595e-05,5.601e-05,5.619e-05,5.609e-05,5.473e-05,5.35e-05
assigned,8.169e-05,8.02e-05,7.909e-05,7.96e-05,7.832e-05,7.872e-05,7.82e-05,7.828e-05,8.094e-05
jordan,1.728e-05,1.617e-05,1.742e-05,1.744e-05,1.73e-05,1.705e-05,1.646e-05,1.636e-05,1.672e-05
collections,7.798e-05,7.719e-05,7.712e-05,7.536e-05,7.422e-05,7.385e-05,7.256e-05,7.201e-05,7.758e-05
ages,1.356e-05,1.284e-05,1.333e-05,1.258e-05,1.214e-05,1.218e-05,1.265e-05,1.33e-05,1.32e-05
participate,2.519e-05,2.504e-05,2.53e-05,2.547e-05,2.55e-05,2.619e-05,2.622e-05,2.599e-05,2.511e-05
plug,5.635e-05,5.658e-05,5.727e-05,5.655e-05,5.677e-05,5.573e-05,5.67e-05,5.596e-05,5.646e-05
specialist,3.31e-05,3.297e-05,3.333e-05,3.457e-05,3.43e-05,3.258e-05,3.216e-05,3.104e-05,3.303e-05
cook,2.034e-05,1.965e-05,2e-05,1.941e-05,1.943e-05,1.858e-05,1.966e-05,2.018e-05,2e-05
affect,3.762e-05,3.82e-05,4.015e-05,4.003e-05,3.992e-05,4.065e-05,4.146e-05,4.22e-05,3.791e-05
virgin,1.146e-05,1.316e-05,1.242e-05,1.289e-05,1.336e-05,1.355e-05,1.25e-05,1.315e-05,1.231e-05
experienced,2.099e-05,2.013e-05,2.076e-05,2.017e-05,2.095e-05,2.177e-05,2.286e-05,2.355e-05,2.056e-05
investigation,4.101e-05,4.422e-05,4.606e-05,4.7e-05,4.736e-05,4.796e-05,4.801e-05,4.724e-05,4.261e-05
raised,4.973e-05,5.088e-05,5.363e-05,5.443e-05,5.282e-05,5.162e-05,5.061e-05,5.076e-05,5.031e-05
hat,4.989e-05,4.929e-05,4.863e-05,4.852e-05,4.812e-05,4.751e-05,4.649e-05,4.678e-05,4.959e-05
institution,4.182e-05,4.105e-05,4.212e-05,4.17e-05,4.007e-05,4.035e-05,3.933e-05,3.929e-05,4.143e-05
directed,0.00013207,0.00013187,0.00013363,0.00013782,0.00013964,0.00014039,0.00014328,0.00014372,0.00013197
dealers,3.71e-06,3.33e-06,3.79e-06,4.25e-06,4.25e-06,4.57e-06,4.12e-06,4.43e-06,3.52e-06
searching,5.231e-05,5.151e-05,5.106e-05,5.201e-05,5.206e-05,5.192e-05,5.244e-05,5.229e-05,5.191e-05
sporting,6.78e-06,6.18e-06,6.67e-06,6.97e-06,7.59e-06,7.77e-06,7.16e-06,6.73e-06,6.48e-06
helping,2.825e-05,2.869e-05,2.879e-05,3.017e-05,2.975e-05,2.863e-05,2.789e-05,2.813e-05,2.847e-05
perl,5.102e-05,5.294e-05,4.924e-05,4.928e-05,4.842e-05,4.796e-05,4.786e-05,4.785e-05,5.198e-05
affected,3.132e-05,3.392e-05,3.439e-05,3.457e-05,3.415e-05,3.578e-05,3.46e-05,3.486e-05,3.262e-05
lib,6.46e-06,5.86e-06,5.76e-06,5.76e-06,5.01e-06,4.57e-06,4.42e-06,4.13e-06,6.16e-06
bike,2.58e-06,4.6e-06,4.7e-06,4.7e-06,5.16e-06,5.18e-06,5.03e-06,4.89e-06,3.59e-06
totally,1.082e-05,1.062e-05,1.106e-05,1.092e-05,1.078e-05,1.066e-05,1.067e-05,9.48e-06,1.072e-05
plate,1.017e-05,9.99e-06,1.061e-05,1.046e-05,1.032e-05,1.066e-05,1.067e-05,1.177e-05,1.008e-05
expenses,4.84e-06,4.75e-06,5.15e-06,5.31e-06,5.46e-06,5.63e-06,5.33e-06,5.2e-06,4.8e-06
indicate,4.133e-05,3.978e-05,3.969e-05,3.912e-05,3.855e-05,3.852e-05,3.704e-05,3.715e-05,4.056e-05
blonde,6.5e-07,6.3e-07,6.1e-07,6.1e-07,6.1e-07,6.1e-07,6.1e-07,4.6e-07,6.4e-07
ab,3.423e-05,3.408e-05,3.227e-05,3.23e-05,3.218e-05,3.319e-05,3.14e-05,3.088e-05,3.416e-05
proceedings,0.00011737,0.00011808,0.00011636,0.00011402,0.00011126,0.00011039,0.00010975,0.00010825,0.00011773
favourite,2.58e-06,2.85e-06,2.58e-06,2.43e-06,2.12e-06,1.98e-06,1.83e-06,1.83e-06,2.71e-06
transmission,0.00014482,0.00014296,0.00013939,0.00014207,0.00014389,0.00014282,0.00014221,0.00013989,0.00014389
anderson,2.68e-05,2.568e-05,2.667e-05,2.699e-05,2.747e-05,2.817e-05,2.789e-05,2.538e-05,2.624e-05
utc,6.3e-06,5.39e-06,5.15e-06,5e-06,5.16e-06,4.72e-06,3.66e-06,3.82e-06,5.84e-06
characteristics,7.717e-05,7.846e-05,7.742e-05,7.733e-05,7.787e-05,7.796e-05,7.759e-05,8.027e-05,7.781e-05
der,3.245e-05,3.297e-05,3.273e-05,3.366e-05,3.218e-05,3.213e-05,3.079e-05,3.088e-05,3.271e-05
lose,8.72e-06,9.03e-06,1e-05,9.86e-06,9.41e-06,1.02e-05,1.052e-05,1.024e-05,8.87e-06
organic,2.502e-05,2.536e-05,2.394e-05,2.441e-05,2.413e-05,2.451e-05,2.546e-05,2.523e-05,2.519e-05
seek,2.018e-05,2.108e-05,2.03e-05,2.047e-05,2.034e-05,2.056e-05,2.073e-05,1.972e-05,2.063e-05
experiences,3.713e-05,3.804e-05,3.939e-05,3.745e-05,3.795e-05,3.715e-05,3.795e-05,3.99e-05,3.759e-05
albums,1.243e-05,1.046e-05,1.045e-05,1.077e-05,1.062e-05,1.02e-05,1.082e-05,1.101e-05,1.144e-05
cheats,1.78e-06,1.58e-06,1.67e-06,1.52e-06,1.37e-06,1.37e-06,1.37e-06,1.38e-06,1.68e-06
extremely,4.73e-05,4.533e-05,4.348e-05,4.261e-05,4.083e-05,4.065e-05,4.024e-05,3.929e-05,4.631e-05
verzeichnis,4.8e-07,4.8e-07,4.5e-07,4.5e-07,4.6e-07,4.6e-07,4.6e-07,4.6e-07,4.8e-07
contracts,2.018e-05,1.918e-05,2.03e-05,2.092e-05,2.125e-05,2.101e-05,2.164e-05,2.125e-05,1.968e-05
guests,7.59e-06,8.24e-06,7.88e-06,7.28e-06,7.44e-06,7.46e-06,7.47e-06,7.19e-06,7.92e-06
hosted,0.00011156,0.00011317,0.00011833,0.00012039,0.00012355,0.00012212,0.00012255,0.00012292,0.00011236
diseases,1.905e-05,1.823e-05,1.833e-05,1.835e-05,1.852e-05,1.721e-05,1.722e-05,1.758e-05,1.864e-05
concerning,3.035e-05,3.043e-05,2.924e-05,2.941e-05,3.021e-05,3.045e-05,3.049e-05,3.058e-05,3.039e-05
developers,0.00024524,0.00024504,0.0002468,0.00024623,0.00024498,0.00024438,0.0002416,0.00023973,0.00024514
equivalent,0.00011641,0.00011602,0.0001156,0.00011538,0.00011672,0.00011724,0.00011722,0.00011574,0.00011621
chemistry,0.00010187,0.00010033,9.863e-05,9.643e-05,9.927e-05,9.989e-05,9.999e-05,0.00010121,0.0001011
tony,2.325e-05,2.362e-05,2.212e-05,2.138e-05,2.216e-05,2.132e-05,2.241e-05,2.156e-05,2.344e-05
neighborhood,2.196e-05,2.076e-05,2.015e-05,1.986e-05,1.988e-05,2.025e-05,2.012e-05,2.033e-05,2.136e-05
nevada,6.62e-06,6.82e-06,6.51e-06,6.67e-06,6.68e-06,6.7e-06,6.25e-06,6.42e-06,6.72e-06
kits,1.711e-05,1.791e-05,1.757e-05,1.547e-05,1.624e-05,1.553e-05,1.631e-05,1.651e-05,1.751e-05
thailand,1.598e-05,1.585e-05,1.636e-05,1.683e-05,1.7e-05,1.736e-05,1.799e-05,1.865e-05,1.591e-05
variables,0.00014757,0.00014518,0.0001412,0.00014192,0.00014101,0.00014404,0.00014237,0.00014448,0.00014637
agenda,8.4e-06,8.08e-06,8.48e-06,8.49e-06,7.44e-06,8.07e-06,7.16e-06,7.19e-06,8.24e-06
anyway,2.58e-06,2.85e-06,3.33e-06,3.03e-06,3.04e-06,3.2e-06,2.9e-06,3.06e-06,2.71e-06
continues,5.99e-05,6.134e-05,6.121e-05,6.141e-05,6.223e-05,6.106e-05,6.128e-05,6.161e-05,6.062e-05
tracks,4.246e-05,4.422e-05,4.53e-05,4.321e-05,4.311e-05,4.172e-05,4.237e-05,4.266e-05,4.334e-05
advisory,4.262e-05,4.311e-05,4.151e-05,4.154e-05,4.144e-05,4.05e-05,3.948e-05,4.006e-05,4.287e-05
cam,2.18e-05,1.918e-05,1.894e-05,1.941e-05,1.852e-05,1.858e-05,1.829e-05,1.835e-05,2.049e-05
curriculum,2.034e-05,2.013e-05,1.909e-05,1.971e-05,1.821e-05,1.721e-05,1.783e-05,1.85e-05,2.023e-05
logic,0.00041396,0.00041193,0.00040558,0.00040058,0.00040603,0.00040837,0.00041094,0.00041754,0.00041295
template,2.599e-05,2.631e-05,2.712e-05,2.653e-05,2.58e-05,2.634e-05,2.622e-05,2.614e-05,2.615e-05
prince,1.308e-05,1.284e-05,1.364e-05,1.289e-05,1.29e-05,1.309e-05,1.311e-05,1.345e-05,1.296e-05
circle,3.471e-05,3.344e-05,3.409e-05,3.23e-05,3.263e-05,3.167e-05,3.186e-05,3.211e-05,3.408e-05
soil,7.91e-06,8.08e-06,8.18e-06,8.19e-06,7.89e-06,8.22e-06,7.93e-06,8.56e-06,8e-06
grants,1.776e-05,1.807e-05,1.833e-05,1.956e-05,1.852e-05,1.842e-05,1.997e-05,1.972e-05,1.792e-05
anywhere,2.664e-05,2.552e-05,2.454e-05,2.426e-05,2.398e-05,2.345e-05,2.317e-05,2.278e-05,2.608e-05
psychology,4.957e-05,4.691e-05,4.5e-05,4.488e-05,4.371e-05,4.248e-05,4.314e-05,4.342e-05,4.824e-05
responses,3.277e-05,3.344e-05,3.348e-05,3.275e-05,3.324e-05,3.35e-05,3.323e-05,3.333e-05,3.311e-05
atlantic,1.518e-05,1.553e-05,1.651e-05,1.668e-05,1.7e-05,1.614e-05,1.585e-05,1.559e-05,1.535e-05
wet,5.65e-06,5.39e-06,5.45e-06,5.91e-06,5.77e-06,5.94e-06,5.94e-06,5.81e-06,5.52e-06
circumstances,1.954e-05,1.997e-05,1.909e-05,1.91e-05,1.897e-05,1.919e-05,1.844e-05,1.85e-05,1.975e-05
edward,5.618e-05,5.579e-05,5.591e-05,5.625e-05,5.571e-05,5.512e-05,5.625e-05,5.519e-05,5.599e-05
investor,2.906e-05,2.805e-05,2.894e-05,2.911e-05,2.778e-05,2.573e-05,2.85e-05,2.92e-05,2.856e-05
identification,8.363e-05,8.178e-05,8.181e-05,8.415e-05,8.212e-05,8.146e-05,8.201e-05,8.134e-05,8.271e-05
ram,0.00013094,0.00012727,0.00012514,0.0001219,0.00012264,0.00012014,0.00011905,0.00011803,0.0001291
leaving,3.778e-05,3.804e-05,3.727e-05,3.684e-05,3.567e-05,3.685e-05,3.734e-05,3.883e-05,3.791e-05
wildlife,5e-06,5.23e-06,5.45e-06,5e-06,5.01e-06,5.18e-06,5.18e-06,5.35e-06,5.12e-06
appliances,2.664e-05,2.663e-05,2.667e-05,2.532e-05,2.641e-05,2.588e-05,2.607e-05,2.523e-05,2.663e-05
matt,2.357e-05,2.33e-05,2.273e-05,2.138e-05,2.11e-05,2.238e-05,2.134e-05,2.049e-05,2.344e-05
elementary,2.729e-05,2.726e-05,2.545e-05,2.562e-05,2.58e-05,2.665e-05,2.683e-05,2.523e-05,2.727e-05
cooking,5.49e-06,5.39e-06,5e-06,5e-06,5.46e-06,5.33e-06,5.18e-06,5.2e-06,5.44e-06
speaking,4.101e-05,3.851e-05,3.727e-05,3.745e-05,3.749e-05,3.837e-05,3.643e-05,3.669e-05,3.976e-05
sponsors,1.324e-05,1.426e-05,1.348e-05,1.274e-05,1.29e-05,1.203e-05,1.219e-05,1.147e-05,1.375e-05
fox,2.987e-05,3.059e-05,3.091e-05,2.987e-05,2.929e-05,2.984e-05,3.049e-05,3.15e-05,3.023e-05
unlimited,2.018e-05,1.965e-05,1.879e-05,1.956e-05,1.882e-05,1.873e-05,1.799e-05,1.774e-05,1.992e-05
respond,2.454e-05,2.552e-05,2.424e-05,2.471e-05,2.398e-05,2.284e-05,2.378e-05,2.477e-05,2.503e-05
sizes,4.456e-05,4.47e-05,4.394e-05,4.336e-05,4.387e-05,4.416e-05,4.481e-05,4.556e-05,4.463e-05
plain,2.712e-05,2.694e-05,2.712e-05,2.669e-05,2.717e-05,2.802e-05,2.774e-05,2.783e-05,2.703e-05
exit,2.067e-05,2.029e-05,1.97e-05,2.017e-05,2.049e-05,2.071e-05,2.073e-05,2.11e-05,2.048e-05
entered,4.73e-05,4.929e-05,4.651e-05,4.549e-05,4.569e-05,4.461e-05,4.39e-05,4.419e-05,4.829e-05
iran,2.002e-05,1.981e-05,2.197e-05,2.335e-05,2.049e-05,2.101e-05,2.241e-05,2.125e-05,1.992e-05
arm,7.217e-05,7.354e-05,7.303e-05,7.536e-05,7.468e-05,7.37e-05,7.545e-05,7.568e-05,7.286e-05
keys,0.00011398,0.00011206,0.00010545,0.00010765,0.00010731,0.00010582,0.0001038,0.00010397,0.00011302
launch,0.00010979,0.00011206,0.00011605,0.00011584,0.00011262,0.00011344,0.00011234,0.0001113,0.00011092
wave,9.3e-05,9.763e-05,9.484e-05,9.34e-05,8.728e-05,8.679e-05,8.612e-05,8.225e-05,9.532e-05
checking,5.748e-05,5.611e-05,5.606e-05,5.473e-05,5.404e-05,5.405e-05,5.533e-05,5.504e-05,5.68e-05
costa,4.84e-06,4.44e-06,4.85e-06,4.85e-06,4.86e-06,4.57e-06,4.42e-06,4.59e-06,4.64e-06
belgium,2.196e-05,2.235e-05,2.288e-05,2.35e-05,2.353e-05,2.269e-05,2.332e-05,2.462e-05,2.216e-05
printable,4.2e-06,4.6e-06,4.24e-06,4.09e-06,4.25e-06,4.26e-06,4.42e-06,5.2e-06,4.4e-06
holy,4.04e-06,4.44e-06,3.79e-06,5.46e-06,5.46e-06,5.18e-06,5.18e-06,4.89e-06,4.24e-06
acts,4.617e-05,4.707e-05,4.803e-05,4.715e-05,4.705e-05,4.918e-05,4.847e-05,4.785e-05,4.662e-05
guidance,3.116e-05,3.249e-05,3.136e-05,3.123e-05,3.005e-05,3.076e-05,3.125e-05,3.104e-05,3.183e-05
mesh,7.281e-05,7.037e-05,7.045e-05,7.066e-05,7.255e-05,6.761e-05,6.692e-05,6.773e-05,7.159e-05
trail,1.114e-05,1.078e-05,1.091e-05,1.092e-05,1.108e-05,9.9e-06,1.006e-05,1.024e-05,1.096e-05
enforcement,3.762e-05,4.042e-05,4.03e-05,4.079e-05,4.037e-05,3.974e-05,3.933e-05,3.99e-05,3.902e-05
symbol,7.895e-05,7.624e-05,7.666e-05,7.702e-05,7.817e-05,7.628e-05,7.682e-05,7.843e-05,7.759e-05
crafts,2.74e-06,3.01e-06,3.48e-06,3.34e-06,3.19e-06,3.05e-06,3.05e-06,3.06e-06,2.88e-06
highway,1.098e-05,1.062e-05,1e-05,1.016e-05,1.047e-05,1.051e-05,1.052e-05,1.024e-05,1.08e-05
buddy,4.04e-06,4.12e-06,4.55e-06,4.4e-06,4.25e-06,4.57e-06,4.12e-06,4.13e-06,4.08e-06
hardcover,3.71e-06,3.8e-06,3.48e-06,3.03e-06,3.04e-06,2.89e-06,2.9e-06,3.06e-06,3.76e-06
observed,4.811e-05,4.945e-05,4.863e-05,4.776e-05,4.857e-05,4.857e-05,4.695e-05,4.648e-05,4.878e-05
dean,3.616e-05,3.677e-05,4.045e-05,4.185e-05,4.144e-05,4.142e-05,4.07e-05,4.143e-05,3.646e-05
setup,2.696e-05,2.552e-05,2.545e-05,2.669e-05,2.762e-05,2.634e-05,2.607e-05,2.507e-05,2.624e-05
poll,7.75e-06,7.77e-06,7.27e-06,7.28e-06,6.83e-06,6.09e-06,6.4e-06,6.42e-06,7.76e-06
booking,8.72e-06,8.72e-06,9.09e-06,8.95e-06,8.5e-06,9.14e-06,9.3e-06,9.78e-06,8.72e-06
glossary,1.614e-05,1.648e-05,1.454e-05,1.41e-05,1.396e-05,1.37e-05,1.265e-05,1.269e-05,1.631e-05
fiscal,7.1e-06,6.97e-06,6.82e-06,6.06e-06,6.07e-06,7.61e-06,5.94e-06,5.81e-06,7.03e-06
celebrity,1.308e-05,1.411e-05,1.47e-05,1.334e-05,1.396e-05,1.462e-05,1.418e-05,1.437e-05,1.36e-05
styles,2.099e-05,2.124e-05,2.045e-05,1.91e-05,2.019e-05,2.04e-05,2.073e-05,2.018e-05,2.112e-05
denver,8.88e-06,9.99e-06,9.85e-06,1.001e-05,1.017e-05,1.02e-05,9.76e-06,9.48e-06,9.44e-06
unix,0.00025993,0.00025756,0.00025014,0.0002482,0.00024923,0.0002491,0.00024891,0.00024753,0.00025875
filled,1.889e-05,1.934e-05,1.894e-05,1.804e-05,1.837e-05,1.903e-05,1.89e-05,1.835e-05,1.912e-05
bond,2.26e-05,2.124e-05,2.136e-05,2.229e-05,2.292e-05,2.391e-05,2.485e-05,2.416e-05,2.192e-05
channels,9.8e-05,0.00010271,0.00010348,0.00010462,0.00010276,0.00010506,0.00010213,0.00010014,0.00010035
ericsson,1.631e-05,1.648e-05,1.515e-05,1.471e-05,1.427e-05,1.431e-05,1.402e-05,1.407e-05,1.64e-05
appendix,5.97e-06,6.02e-06,5.61e-06,5.16e-06,5.01e-06,5.33e-06,5.18e-06,5.2e-06,5.99e-06
notify,5.17e-06,5.23e-06,4.85e-06,4.25e-06,4.4e-06,4.57e-06,4.42e-06,4.43e-06,5.2e-06
blues,2.26e-06,2.22e-06,1.97e-06,1.97e-06,1.52e-06,1.52e-06,1.52e-06,1.68e-06,2.24e-06
chocolate,2.1e-06,2.22e-06,2.73e-06,2.88e-06,2.88e-06,3.05e-06,2.9e-06,2.9e-06,2.16e-06
pub,1.308e-05,1.284e-05,1.136e-05,1.122e-05,1.123e-05,1.005e-05,9.45e-06,8.87e-06,1.296e-05
portion,3.794e-05,3.709e-05,3.773e-05,3.851e-05,3.719e-05,3.837e-05,3.826e-05,3.761e-05,3.751e-05
scope,5.602e-05,5.627e-05,5.636e-05,5.671e-05,5.753e-05,5.816e-05,5.716e-05,5.58e-05,5.614e-05
hampshire,6.14e-06,5.71e-06,5.91e-06,5.91e-06,6.22e-06,6.4e-06,6.71e-06,6.27e-06,5.93e-06
supplier,2.131e-05,2.156e-05,2.136e-05,2.077e-05,2.262e-05,2.238e-05,2.317e-05,2.247e-05,2.144e-05
cables,3.229e-05,3.297e-05,3.333e-05,3.154e-05,3.203e-05,3e-05,3.14e-05,3.257e-05,3.263e-05
cotton,1.94e-06,1.58e-06,1.97e-06,2.12e-06,1.82e-06,1.67e-06,1.68e-06,1.68e-06,1.76e-06
bluetooth,4.295e-05,4.2e-05,4.439e-05,4.609e-05,4.538e-05,4.522e-05,4.481e-05,4.526e-05,4.248e-05
controlled,9.219e-05,9.098e-05,9.302e-05,9.203e-05,9.122e-05,9.06e-05,8.841e-05,8.944e-05,9.158e-05
requirement,4.085e-05,3.994e-05,4.242e-05,4.245e-05,3.931e-05,3.928e-05,3.841e-05,3.746e-05,4.039e-05
authorities,3.229e-05,3.186e-05,3.212e-05,3.396e-05,3.43e-05,3.319e-05,3.201e-05,3.302e-05,3.208e-05
biology,0.00011334,0.0001184,0.00011408,0.0001119,0.0001146,0.00011557,0.00011524,0.00011528,0.00011587
dental,2.58e-06,2.54e-06,2.27e-06,2.43e-06,2.28e-06,2.44e-06,2.44e-06,2.45e-06,2.56e-06
killed,1.324e-05,1.331e-05,1.348e-05,1.425e-05,1.381e-05,1.386e-05,1.402e-05,1.391e-05,1.328e-05
border,2.325e-05,2.377e-05,2.318e-05,2.396e-05,2.398e-05,2.375e-05,2.393e-05,2.309e-05,2.351e-05
ancient,2.809e-05,2.821e-05,2.833e-05,2.729e-05,3.005e-05,2.908e-05,2.942e-05,2.966e-05,2.815e-05
debate,2.244e-05,2.282e-05,2.394e-05,2.441e-05,2.52e-05,2.512e-05,2.424e-05,2.446e-05,2.263e-05
representatives,1.889e-05,1.95e-05,1.939e-05,1.91e-05,1.776e-05,1.812e-05,1.814e-05,1.835e-05,1.92e-05
starts,3.294e-05,3.186e-05,3.242e-05,3.169e-05,3.127e-05,3.045e-05,3.125e-05,3.119e-05,3.24e-05
pregnancy,1.61e-06,1.58e-06,1.52e-06,1.52e-06,1.52e-06,1.52e-06,1.52e-06,1.53e-06,1.59e-06
causes,3.374e-05,3.328e-05,3.257e-05,3.381e-05,3.415e-05,3.517e-05,3.628e-05,3.593e-05,3.351e-05
arkansas,2.58e-06,2.54e-06,1.97e-06,1.97e-06,1.97e-06,1.83e-06,1.68e-06,1.68e-06,2.56e-06
biography,2.18e-05,2.06e-05,1.894e-05,1.789e-05,1.624e-05,1.431e-05,1.387e-05,1.345e-05,2.12e-05
leisure,6.78e-06,7.77e-06,7.12e-06,6.82e-06,7.13e-06,7.31e-06,7.32e-06,7.34e-06,7.28e-06
attractions,3.71e-06,3.65e-06,3.64e-06,3.49e-06,3.49e-06,3.5e-06,3.51e-06,3.52e-06,3.68e-06
learned,2.519e-05,2.647e-05,2.53e-05,2.471e-05,2.444e-05,2.436e-05,2.439e-05,2.446e-05,2.583e-05
transactions,0.00011673,0.00011856,0.00011969,0.00011781,0.00011748,0.00011618,0.00011356,0.00011329,0.00011765
notebook,2.583e-05,2.409e-05,2.409e-05,2.335e-05,2.459e-05,2.406e-05,2.5e-05,2.691e-05,2.496e-05
explorer,7.475e-05,7.338e-05,6.984e-05,6.959e-05,7.574e-05,7.537e-05,7.271e-05,6.727e-05,7.407e-05
historic,2.341e-05,2.409e-05,2.288e-05,2.35e-05,2.307e-05,2.284e-05,2.241e-05,2.202e-05,2.375e-05
attached,5.974e-05,5.944e-05,5.954e-05,5.928e-05,5.95e-05,6.075e-05,6.051e-05,6.07e-05,5.959e-05
opened,4.617e-05,4.723e-05,4.712e-05,4.594e-05,4.66e-05,4.537e-05,4.588e-05,4.709e-05,4.67e-05
tm,9.2e-06,9.51e-06,8.79e-06,8.95e-06,8.96e-06,8.68e-06,8.84e-06,8.41e-06,9.36e-06
husband,7.59e-06,7.45e-06,7.27e-06,6.82e-06,6.68e-06,6.09e-06,7.16e-06,7.03e-06,7.52e-06
disabled,2.05e-05,2.029e-05,2.015e-05,1.895e-05,1.897e-05,2.04e-05,2.119e-05,2.125e-05,2.04e-05
authorized,1.776e-05,1.886e-05,1.864e-05,1.91e-05,1.958e-05,2.04e-05,2.043e-05,2.064e-05,1.831e-05
crazy,4.52e-06,4.44e-06,4.7e-06,4.7e-06,4.86e-06,5.02e-06,5.49e-06,5.5e-06,4.48e-06
upcoming,2.196e-05,2.346e-05,2.318e-05,1.88e-05,1.654e-05,1.538e-05,1.463e-05,1.437e-05,2.271e-05
britain,2.922e-05,2.821e-05,2.636e-05,2.638e-05,2.641e-05,2.665e-05,2.667e-05,2.599e-05,2.871e-05
concert,1.082e-05,1.078e-05,1e-05,1.137e-05,1.154e-05,1.142e-05,1.158e-05,1.101e-05,1.08e-05
retirement,1.566e-05,1.585e-05,1.5e-05,1.562e-05,1.639e-05,1.644e-05,1.707e-05,1.682e-05,1.576e-05
scores,2.325e-05,2.203e-05,2.394e-05,2.335e-05,2.398e-05,2.391e-05,2.53e-05,2.385e-05,2.264e-05
financing,6.78e-06,6.82e-06,8.03e-06,7.28e-06,6.68e-06,6.85e-06,6.25e-06,6.57e-06,6.8e-06
efficiency,9.138e-05,8.67e-05,8.636e-05,8.46e-05,8.439e-05,8.527e-05,8.49e-05,8.501e-05,8.904e-05
sp,1.033e-05,1.078e-05,1.136e-05,1.046e-05,1.214e-05,1.294e-05,1.341e-05,1.223e-05,1.055e-05
comedy,2.745e-05,2.869e-05,2.939e-05,3.108e-05,3.036e-05,3.258e-05,3.338e-05,3.379e-05,2.807e-05
adopted,7.54e-05,7.497e-05,7.606e-05,7.915e-05,7.984e-05,8.024e-05,8.018e-05,8.134e-05,7.518e-05
efficient,0.00016484,0.00016515,0.00016075,0.00015996,0.00015862,0.00015851,0.00015791,0.00015962,0.000165
weblog,7.75e-06,7.45e-06,6.97e-06,5.31e-06,5.62e-06,5.18e-06,5.18e-06,5.05e-06,7.6e-06
linear,0.00029109,0.00029401,0.00028968,0.00029005,0.00028976,0.00029265,0.00029205,0.00029385,0.00029255
commitment,1.534e-05,1.553e-05,1.424e-05,1.456e-05,1.427e-05,1.462e-05,1.509e-05,1.33e-05,1.543e-05
specialty,7.1e-06,6.97e-06,7.58e-06,7.88e-06,8.04e-06,7.92e-06,7.62e-06,7.64e-06,7.03e-06
bears,9.04e-06,8.08e-06,8.03e-06,8.34e-06,8.65e-06,8.37e-06,8.38e-06,8.26e-06,8.56e-06
jean,3.197e-05,3.36e-05,3.651e-05,3.7e-05,3.673e-05,3.548e-05,3.491e-05,3.532e-05,3.278e-05
hop,2.438e-05,2.457e-05,2.454e-05,2.502e-05,2.504e-05,2.482e-05,2.53e-05,2.538e-05,2.447e-05
carrier,5.618e-05,5.611e-05,5.56e-05,5.686e-05,5.737e-05,5.664e-05,5.731e-05,5.703e-05,5.614e-05
edited,6.587e-05,6.372e-05,6.303e-05,6.11e-05,5.935e-05,5.877e-05,5.701e-05,5.611e-05,6.48e-05
constant,9.348e-05,9.256e-05,8.909e-05,8.855e-05,8.971e-05,8.968e-05,9.039e-05,9.204e-05,9.302e-05
visa,7.91e-06,8.4e-06,8.48e-06,8.34e-06,8.04e-06,7.46e-06,7.47e-06,7.64e-06,8.15e-06
mouth,8.07e-06,7.92e-06,8.64e-06,8.64e-06,8.96e-06,8.53e-06,8.38e-06,8.41e-06,8e-06
jewish,2.519e-05,2.488e-05,2.273e-05,2.047e-05,2.064e-05,2.086e-05,2.027e-05,2.033e-05,2.504e-05
meter,9.53e-06,9.03e-06,9.85e-06,9.86e-06,9.56e-06,9.44e-06,9.45e-06,9.94e-06,9.28e-06
linked,7.83e-05,7.909e-05,7.772e-05,7.793e-05,7.696e-05,7.689e-05,7.667e-05,7.721e-05,7.87e-05
portland,1.647e-05,1.617e-05,1.561e-05,1.516e-05,1.442e-05,1.477e-05,1.387e-05,1.345e-05,1.632e-05
interviews,3.923e-05,4.01e-05,4.06e-05,3.73e-05,3.764e-05,3.7e-05,3.567e-05,3.578e-05,3.967e-05
concepts,0.00012738,0.00012997,0.00012923,0.00012842,0.00012887,0.00012988,0.00013017,0.00013011,0.00012867
nh,4.8e-07,4.8e-07,4.5e-07,7.6e-07,7.6e-07,6.1e-07,4.6e-07,7.6e-07,4.8e-07
gun,2.89e-05,3.265e-05,3.227e-05,3.275e-05,3.43e-05,3.472e-05,3.475e-05,3.516e-05,3.078e-05
reflect,2.632e-05,2.694e-05,2.757e-05,2.744e-05,2.702e-05,2.817e-05,2.713e-05,2.752e-05,2.663e-05
pure,4.924e-05,4.961e-05,4.924e-05,5.003e-05,4.736e-05,4.69e-05,4.68e-05,4.785e-05,4.943e-05
deliver,4.214e-05,4.105e-05,4.182e-05,4.079e-05,4.022e-05,4.065e-05,4.085e-05,3.99e-05,4.159e-05
wonder,9.04e-06,8.4e-06,9.54e-06,9.25e-06,9.11e-06,9.9e-06,9.76e-06,9.48e-06,8.72e-06
hell,1.033e-05,1.094e-05,1.212e-05,1.289e-05,1.351e-05,1.355e-05,1.311e-05,1.33e-05,1.063e-05
lessons,1.179e-05,1.236e-05,1.167e-05,1.167e-05,1.093e-05,1.112e-05,1.113e-05,1.162e-05,1.208e-05
fruit,5e-06,4.6e-06,4.55e-06,4.85e-06,4.86e-06,4.87e-06,4.88e-06,4.89e-06,4.8e-06
begins,2.486e-05,2.52e-05,2.5e-05,2.517e-05,2.383e-05,2.299e-05,2.241e-05,2.247e-05,2.503e-05
qualified,1.259e-05,1.252e-05,1.258e-05,1.304e-05,1.275e-05,1.233e-05,1.235e-05,1.193e-05,1.256e-05
reform,8.72e-06,9.51e-06,9.54e-06,9.4e-06,1.002e-05,1.005e-05,1.082e-05,1.009e-05,9.11e-06
lens,3.068e-05,3.249e-05,3.106e-05,2.638e-05,2.656e-05,2.71e-05,2.713e-05,2.706e-05,3.159e-05
alerts,1.114e-05,1.078e-05,1.091e-05,1.107e-05,1.138e-05,1.096e-05,1.021e-05,1.009e-05,1.096e-05
treated,2.567e-05,2.441e-05,2.394e-05,2.229e-05,2.322e-05,2.345e-05,2.363e-05,2.416e-05,2.504e-05
discovery,9.542e-05,9.51e-05,9.636e-05,9.704e-05,9.669e-05,9.745e-05,9.908e-05,9.709e-05,9.526e-05
draw,3.52e-05,3.36e-05,3.454e-05,3.366e-05,3.461e-05,3.456e-05,3.384e-05,3.318e-05,3.44e-05
mysql,3.439e-05,3.376e-05,3.363e-05,3.442e-05,3.324e-05,3.243e-05,3.216e-05,3.287e-05,3.408e-05
classified,5.376e-05,5.405e-05,5.363e-05,5.398e-05,5.358e-05,5.299e-05,5.213e-05,5.244e-05,5.39e-05
relating,3.891e-05,3.804e-05,3.697e-05,3.715e-05,3.734e-05,3.776e-05,3.795e-05,3.731e-05,3.848e-05
assume,2.422e-05,2.425e-05,2.621e-05,2.593e-05,2.58e-05,2.68e-05,2.683e-05,2.645e-05,2.424e-05
confidence,1.13e-05,1.173e-05,1.197e-05,1.243e-05,1.214e-05,1.264e-05,1.296e-05,1.3e-05,1.152e-05
alliance,6.119e-05,6.403e-05,6.227e-05,6.338e-05,6.496e-05,6.532e-05,6.509e-05,6.758e-05,6.261e-05
fm,3.455e-05,3.313e-05,3.318e-05,3.336e-05,3.279e-05,3.304e-05,3.353e-05,3.333e-05,3.384e-05
confirm,8.88e-06,8.56e-06,7.88e-06,8.04e-06,8.8e-06,8.98e-06,8.23e-06,8.1e-06,8.72e-06
warm,5.17e-06,5.23e-06,5.61e-06,5.46e-06,5.31e-06,5.02e-06,5.03e-06,5.05e-06,5.2e-06
neither,2.729e-05,2.583e-05,2.606e-05,2.623e-05,2.444e-05,2.512e-05,2.546e-05,2.63e-05,2.656e-05
lewis,1.55e-05,1.506e-05,1.47e-05,1.516e-05,1.548e-05,1.538e-05,1.555e-05,1.575e-05,1.528e-05
howard,2.502e-05,2.615e-05,2.485e-05,2.547e-05,2.611e-05,2.528e-05,2.5e-05,2.538e-05,2.558e-05
offline,4.133e-05,4.295e-05,4.682e-05,4.776e-05,4.994e-05,5.131e-05,5.244e-05,5.275e-05,4.214e-05
leaves,2.147e-05,2.124e-05,2.03e-05,2.017e-05,2.064e-05,2.101e-05,2.104e-05,2.095e-05,2.136e-05
engineer,0.00014886,0.0001558,0.0001562,0.0001592,0.00016135,0.00016307,0.0001663,0.00017001,0.00015233
lifestyle,1.518e-05,1.506e-05,1.697e-05,1.683e-05,1.7e-05,1.675e-05,1.677e-05,1.667e-05,1.512e-05
consistent,4.408e-05,4.39e-05,4.303e-05,4.215e-05,4.129e-05,4.309e-05,4.298e-05,4.571e-05,4.399e-05
replace,5.731e-05,5.532e-05,5.424e-05,5.504e-05,5.464e-05,5.619e-05,5.609e-05,5.642e-05,5.631e-05
clearance,4.2e-06,4.12e-06,4.24e-06,4.4e-06,4.55e-06,4.87e-06,5.03e-06,5.05e-06,4.16e-06
connections,0.00011624,0.00011539,0.00011454,0.00011629,0.00011748,0.0001174,0.00011798,0.0001188,0.00011582
inventory,3.035e-05,3.265e-05,3.015e-05,3.032e-05,3.051e-05,3.121e-05,3.262e-05,3.257e-05,3.15e-05
converter,1.776e-05,1.743e-05,1.682e-05,1.728e-05,1.776e-05,1.781e-05,1.783e-05,1.789e-05,1.76e-05
suck,2.1e-06,1.9e-06,1.67e-06,1.82e-06,1.67e-06,1.37e-06,1.52e-06,1.53e-06,2e-06
organisation,6.264e-05,6.15e-05,6.394e-05,6.232e-05,6.223e-05,6.197e-05,6.356e-05,6.253e-05,6.207e-05
babe,9.7e-07,9.5e-07,7.6e-07,6.1e-07,9.1e-07,9.1e-07,7.6e-07,7.6e-07,9.6e-07
checks,1.937e-05,1.997e-05,2.151e-05,2.062e-05,2.11e-05,2.162e-05,2.21e-05,2.278e-05,1.967e-05
reached,5.344e-05,5.389e-05,5.5e-05,5.792e-05,5.753e-05,5.786e-05,5.823e-05,5.917e-05,5.367e-05
becoming,6.603e-05,6.831e-05,7.287e-05,7.52e-05,7.878e-05,8.04e-05,8.185e-05,8.271e-05,6.717e-05
blowjob,4.8e-07,3.2e-07,3e-07,3e-07,3e-07,3e-07,3e-07,3.1e-07,4e-07
safari,1.518e-05,1.458e-05,1.454e-05,1.471e-05,1.548e-05,1.538e-05,1.479e-05,1.529e-05,1.488e-05
objective,8.169e-05,8.369e-05,8.469e-05,8.506e-05,8.591e-05,8.679e-05,8.704e-05,9.082e-05,8.269e-05
indicated,2.341e-05,2.251e-05,2.167e-05,2.259e-05,2.216e-05,2.147e-05,2.21e-05,2.309e-05,2.296e-05
sugar,7.75e-06,7.61e-06,7.27e-06,6.82e-06,7.29e-06,7.61e-06,7.47e-06,7.34e-06,7.68e-06
crew,1.744e-05,1.791e-05,1.864e-05,1.789e-05,1.746e-05,1.797e-05,1.905e-05,1.926e-05,1.767e-05
legs,3.07e-06,3.33e-06,3.03e-06,2.88e-06,2.73e-06,3.2e-06,3.35e-06,3.52e-06,3.2e-06
sam,2.809e-05,2.726e-05,2.545e-05,2.699e-05,2.671e-05,2.726e-05,2.698e-05,2.645e-05,2.768e-05
stick,1.921e-05,1.934e-05,1.909e-05,1.88e-05,1.973e-05,1.979e-05,1.905e-05,1.896e-05,1.928e-05
securities,1.082e-05,1.205e-05,1.288e-05,1.304e-05,1.26e-05,1.249e-05,1.235e-05,1.315e-05,1.143e-05
allen,3.132e-05,3.186e-05,3.076e-05,3.23e-05,3.309e-05,3.335e-05,3.353e-05,3.379e-05,3.159e-05
pdt,2.1e-06,2.22e-06,2.27e-06,2.27e-06,2.28e-06,2.13e-06,2.13e-06,1.83e-06,2.16e-06
relation,7.976e-05,8.147e-05,7.954e-05,8.021e-05,8.318e-05,8.481e-05,8.384e-05,8.317e-05,8.061e-05
enabled,8.395e-05,8.353e-05,8.227e-05,8.339e-05,8.454e-05,8.344e-05,8.429e-05,8.715e-05,8.374e-05
genre,4.714e-05,4.612e-05,4.545e-05,4.624e-05,4.554e-05,4.629e-05,4.817e-05,4.847e-05,4.663e-05
slide,1.841e-05,1.696e-05,1.667e-05,1.683e-05,1.715e-05,1.721e-05,1.753e-05,1.712e-05,1.769e-05
montana,2.74e-06,2.85e-06,2.88e-06,3.18e-06,3.49e-06,3.65e-06,3.66e-06,3.82e-06,2.79e-06
volunteer,2.099e-05,1.981e-05,2.015e-05,2.153e-05,2.216e-05,2.954e-05,2.881e-05,2.89e-05,2.04e-05
tested,4.408e-05,4.295e-05,4.318e-05,4.23e-05,4.28e-05,4.172e-05,4.161e-05,4.097e-05,4.351e-05
rear,9.36e-06,9.19e-06,9.24e-06,9.55e-06,9.26e-06,8.83e-06,8.54e-06,8.56e-06,9.28e-06
democratic,1.824e-05,1.823e-05,1.939e-05,1.789e-05,1.821e-05,2.056e-05,2.043e-05,2.064e-05,1.824e-05
enhance,3.197e-05,3.313e-05,3.424e-05,3.305e-05,3.37e-05,3.38e-05,3.567e-05,3.731e-05,3.255e-05
switzerland,4.295e-05,4.375e-05,4.424e-05,4.412e-05,4.326e-05,4.294e-05,4.329e-05,4.388e-05,4.335e-05
exact,5.554e-05,5.436e-05,5.515e-05,5.428e-05,5.404e-05,5.573e-05,5.655e-05,5.504e-05,5.495e-05
bound,6.167e-05,6.102e-05,5.985e-05,6.125e-05,5.996e-05,6.151e-05,6.189e-05,6.192e-05,6.135e-05
parameter,5.36e-05,5.31e-05,5.333e-05,5.201e-05,5.221e-05,5.253e-05,5.198e-05,5.382e-05,5.335e-05
adapter,4.44e-05,4.359e-05,4.182e-05,3.912e-05,3.946e-05,3.928e-05,3.948e-05,3.868e-05,4.4e-05
processor,0.00035987,0.00035899,0.00035256,0.00034342,0.00033954,0.00033955,0.00033991,0.00034186,0.00035943
node,0.00019681,0.00019463,0.00019302,0.0001918,0.00019231,0.00018957,0.00018932,0.00018851,0.00019572
formal,0.00017937,0.00018069,0.00018029,0.00018103,0.00018275,0.00018256,0.00018398,0.00018607,0.00018003
dimensions,6.716e-05,6.467e-05,6.318e-05,6.216e-05,6.238e-05,6.243e-05,6.28e-05,6.268e-05,6.591e-05
contribute,2.745e-05,2.774e-05,2.667e-05,2.608e-05,2.504e-05,2.588e-05,2.515e-05,2.538e-05,2.759e-05
lock,3.826e-05,3.978e-05,3.773e-05,3.76e-05,3.628e-05,3.548e-05,3.597e-05,3.654e-05,3.902e-05
hockey,5.97e-06,6.02e-06,6.97e-06,7.28e-06,6.07e-06,6.24e-06,6.1e-06,5.96e-06,5.99e-06
storm,2.276e-05,2.409e-05,2.53e-05,2.502e-05,2.55e-05,2.512e-05,2.561e-05,2.584e-05,2.343e-05
micro,9.348e-05,9.557e-05,9.272e-05,9.188e-05,8.819e-05,8.603e-05,8.612e-05,8.47e-05,9.453e-05
colleges,1.937e-05,1.886e-05,1.864e-05,1.865e-05,1.882e-05,1.919e-05,1.966e-05,1.942e-05,1.911e-05
laptops,4.165e-05,4.295e-05,4.242e-05,4.427e-05,4.417e-05,4.431e-05,4.68e-05,4.816e-05,4.23e-05
mile,1.13e-05,1.094e-05,1.091e-05,1.092e-05,1.108e-05,1.081e-05,1.097e-05,1.086e-05,1.112e-05
showed,3.326e-05,3.392e-05,3.409e-05,3.366e-05,3.203e-05,3.258e-05,3.338e-05,3.409e-05,3.359e-05
challenges,5.183e-05,5.373e-05,5.303e-05,5.443e-05,5.525e-05,5.664e-05,5.792e-05,5.917e-05,5.278e-05
editors,7.217e-05,6.974e-05,7.287e-05,7.445e-05,7.589e-05,7.446e-05,7.362e-05,7.293e-05,7.096e-05
mens,1.6e-07,1.6e-07,3e-07,1.5e-07,1.5e-07,1.5e-07,1.5e-07,1.5e-07,1.6e-07
threads,4.634e-05,4.787e-05,4.848e-05,4.943e-05,4.872e-05,4.796e-05,4.634e-05,4.77e-05,4.711e-05
bowl,4.04e-06,4.28e-06,4.7e-06,5.31e-06,5.62e-06,5.48e-06,5.94e-06,5.96e-06,4.16e-06
supreme,1.469e-05,1.506e-05,1.515e-05,1.486e-05,1.579e-05,1.568e-05,1.57e-05,1.636e-05,1.487e-05
brothers,1.954e-05,2.076e-05,2.106e-05,1.986e-05,1.912e-05,1.827e-05,1.86e-05,1.835e-05,2.015e-05
recognition,0.00017969,0.00018291,0.00018317,0.00018164,0.00018305,0.0001815,0.00018139,0.00017903,0.0001813
presents,3.213e-05,3.138e-05,3.03e-05,2.987e-05,2.96e-05,3.03e-05,3.003e-05,3.043e-05,3.175e-05
ref,2.212e-05,1.997e-05,2.076e-05,1.971e-05,2.216e-05,1.69e-05,1.555e-05,1.315e-05,2.104e-05
tank,1.275e-05,1.205e-05,1.167e-05,1.198e-05,1.275e-05,1.325e-05,1.341e-05,1.315e-05,1.24e-05
submission,1.308e-05,1.252e-05,1.197e-05,1.122e-05,1.017e-05,1.005e-05,1.006e-05,1.009e-05,1.28e-05
dolls,1.13e-06,9.5e-07,1.06e-06,1.36e-06,1.21e-06,1.22e-06,1.22e-06,9.2e-07,1.04e-06
estimate,3.294e-05,3.392e-05,3.303e-05,3.214e-05,3.187e-05,3.258e-05,3.369e-05,3.379e-05,3.343e-05
encourage,2.276e-05,2.171e-05,2.288e-05,2.244e-05,2.262e-05,2.345e-05,2.378e-05,2.324e-05,2.223e-05
navy,4.036e-05,4.058e-05,3.863e-05,3.957e-05,3.81e-05,3.822e-05,3.795e-05,3.792e-05,4.047e-05
kid,7.91e-06,8.72e-06,8.33e-06,8.64e-06,8.35e-06,8.07e-06,8.38e-06,7.95e-06,8.32e-06
regulatory,2.745e-05,2.742e-05,2.727e-05,2.896e-05,2.99e-05,3.182e-05,3.201e-05,3.257e-05,2.743e-05
inspection,2.357e-05,2.267e-05,2.273e-05,2.229e-05,2.216e-05,2.269e-05,2.271e-05,2.293e-05,2.312e-05
consumers,6.248e-05,6.276e-05,6.409e-05,6.58e-05,6.527e-05,6.243e-05,6.036e-05,6.039e-05,6.262e-05
cancel,6.14e-06,6.5e-06,6.36e-06,6.06e-06,5.77e-06,6.09e-06,6.1e-06,5.81e-06,6.32e-06
limits,4.133e-05,4.137e-05,4.136e-05,4.124e-05,4.22e-05,4.172e-05,4.055e-05,4.143e-05,4.135e-05
territory,1.663e-05,1.712e-05,1.636e-05,1.683e-05,1.7e-05,1.705e-05,1.707e-05,1.728e-05,1.687e-05
transaction,9.251e-05,9.082e-05,8.848e-05,8.673e-05,8.667e-05,8.694e-05,8.673e-05,8.547e-05,9.166e-05
manchester,3.471e-05,3.63e-05,3.515e-05,3.396e-05,3.43e-05,3.38e-05,3.414e-05,3.486e-05,3.55e-05
weapons,3.1e-05,3.186e-05,3.318e-05,3.366e-05,3.37e-05,3.258e-05,3.338e-05,3.333e-05,3.143e-05
paint,2.632e-05,2.647e-05,2.576e-05,2.502e-05,2.596e-05,2.528e-05,2.637e-05,2.676e-05,2.64e-05
delay,7.088e-05,6.974e-05,6.803e-05,6.747e-05,6.83e-05,6.517e-05,6.448e-05,6.452e-05,7.031e-05
pilot,2.858e-05,2.885e-05,3.015e-05,3.048e-05,2.793e-05,2.939e-05,2.988e-05,2.997e-05,2.871e-05
outlet,6.46e-06,6.97e-06,6.51e-06,6.82e-06,6.83e-06,7.16e-06,6.86e-06,6.73e-06,6.72e-06
contributions,0.00018163,0.00018639,0.00018938,0.00019135,0.00019838,0.00020038,0.0002038,0.00020579,0.00018401
continuous,0.00011253,0.00011269,0.00011196,0.00011341,0.00011505,0.00011465,0.00011432,0.00011589,0.00011261
db,1.808e-05,1.775e-05,1.818e-05,1.789e-05,1.746e-05,1.705e-05,1.905e-05,1.636e-05,1.792e-05
czech,2.809e-05,3.091e-05,3.227e-05,3.32e-05,3.157e-05,3.228e-05,3.247e-05,3.257e-05,2.95e-05
resulting,0.00010736,0.00010429,0.00010378,0.00010325,0.00010321,0.00010308,0.00010289,0.00010458,0.00010583
cambridge,0.00012383,0.00012426,0.00012484,0.00012448,0.00012446,0.00012272,0.00012392,0.00012201,0.00012405
initiative,0.0001135,0.00011491,0.00011424,0.00011326,0.00011202,0.000111,0.00011051,0.00011207,0.0001142
novel,9.332e-05,9.209e-05,9.575e-05,9.946e-05,0.00010124,0.0001011,0.00010091,0.00010075,9.271e-05
pan,2.599e-05,2.488e-05,2.56e-05,2.487e-05,2.52e-05,2.558e-05,2.53e-05,2.523e-05,2.543e-05
execution,0.00015354,0.00015549,0.00015423,0.00015435,0.00015118,0.00015394,0.00015426,0.00015258,0.00015451
disability,9.04e-06,9.99e-06,1.197e-05,1.243e-05,1.245e-05,1.188e-05,1.174e-05,1.238e-05,9.51e-06
increases,4.343e-05,4.232e-05,4.121e-05,4.124e-05,4.159e-05,4.233e-05,4.116e-05,4.097e-05,4.287e-05
ultra,3.956e-05,4.01e-05,3.985e-05,3.988e-05,3.946e-05,3.959e-05,3.826e-05,3.899e-05,3.983e-05
winner,3.213e-05,3.376e-05,3.182e-05,3.305e-05,3.157e-05,3.076e-05,3.11e-05,3.088e-05,3.295e-05
idaho,6.94e-06,6.34e-06,6.36e-06,6.37e-06,6.53e-06,6.55e-06,6.4e-06,6.12e-06,6.64e-06
contractor,1.146e-05,1.157e-05,1.061e-05,1.031e-05,1.032e-05,1.051e-05,1.097e-05,1.101e-05,1.152e-05
ph,0.00013094,0.00012616,0.00012424,0.0001219,0.00011536,0.00011039,0.00010609,0.00010274,0.00012855
episode,4.682e-05,4.707e-05,4.924e-05,5.049e-05,5.039e-05,4.949e-05,5.015e-05,5.091e-05,4.695e-05
examination,1.679e-05,1.569e-05,1.621e-05,1.622e-05,1.624e-05,1.66e-05,1.631e-05,1.575e-05,1.624e-05
potter,5.97e-06,6.34e-06,5.76e-06,5.91e-06,4.86e-06,4.72e-06,5.03e-06,4.74e-06,6.15e-06
dish,4.2e-06,4.28e-06,4.55e-06,4.4e-06,4.55e-06,4.72e-06,4.42e-06,4.43e-06,4.24e-06
plays,3.487e-05,3.487e-05,3.469e-05,3.548e-05,3.446e-05,3.304e-05,3.43e-05,3.379e-05,3.487e-05
bulletin,3.649e-05,3.661e-05,3.56e-05,3.624e-05,3.476e-05,3.502e-05,3.475e-05,3.44e-05,3.655e-05
ia,1.695e-05,1.791e-05,1.818e-05,1.819e-05,1.806e-05,1.842e-05,1.936e-05,1.972e-05,1.743e-05
pt,1.227e-05,1.109e-05,1.121e-05,1.137e-05,1.108e-05,1.157e-05,1.113e-05,1.04e-05,1.168e-05
indicates,3.294e-05,3.455e-05,3.333e-05,3.305e-05,3.354e-05,3.243e-05,3.216e-05,3.272e-05,3.374e-05
modify,3.697e-05,3.645e-05,3.651e-05,3.609e-05,3.597e-05,3.563e-05,3.46e-05,3.501e-05,3.671e-05
oxford,9.461e-05,9.51e-05,9.03e-05,9.067e-05,9.107e-05,8.984e-05,8.536e-05,8.501e-05,9.485e-05
adam,2.519e-05,2.615e-05,2.667e-05,2.623e-05,2.611e-05,2.558e-05,2.622e-05,2.66e-05,2.567e-05
truly,1.13e-05,1.173e-05,1.106e-05,1.122e-05,1.108e-05,1.096e-05,1.097e-05,1.177e-05,1.152e-05
epinions,3.2e-07,3.2e-07,3e-07,3e-07,3e-07,3e-07,3e-07,3.1e-07,3.2e-07
painting,1.873e-05,2.203e-05,2.151e-05,2.092e-05,2.004e-05,1.721e-05,1.768e-05,1.743e-05,2.038e-05
committed,1.647e-05,1.522e-05,1.515e-05,1.456e-05,1.518e-05,1.538e-05,1.646e-05,1.575e-05,1.585e-05
extensive,6.135e-05,6.166e-05,6.075e-05,6.08e-05,5.965e-05,6.03e-05,5.884e-05,5.871e-05,6.151e-05
affordable,1.405e-05,1.411e-05,1.394e-05,1.38e-05,1.321e-05,1.279e-05,1.265e-05,1.3e-05,1.408e-05
universe,5.57e-05,5.468e-05,5.666e-05,5.898e-05,5.859e-05,5.923e-05,5.731e-05,5.733e-05,5.519e-05
candidate,4.311e-05,4.438e-05,4.379e-05,4.352e-05,4.326e-05,4.385e-05,4.42e-05,4.388e-05,4.374e-05
databases,0.00016145,0.00015897,0.00016029,0.00015981,0.00016135,0.00016247,0.00016157,0.00016191,0.00016021
patent,7.104e-05,7.212e-05,6.924e-05,6.975e-05,6.754e-05,6.806e-05,6.859e-05,6.727e-05,7.158e-05
slot,3.907e-05,3.788e-05,3.924e-05,3.881e-05,4.007e-05,4.035e-05,3.948e-05,3.914e-05,3.848e-05
psp,1.098e-05,1.046e-05,1.151e-05,1.122e-05,1.032e-05,9.74e-06,1.021e-05,9.48e-06,1.072e-05
outstanding,3.939e-05,3.851e-05,3.818e-05,3.821e-05,3.871e-05,3.715e-05,3.795e-05,3.654e-05,3.895e-05
ha,5.33e-06,4.91e-06,4.85e-06,5e-06,5.16e-06,5.18e-06,5.18e-06,5.2e-06,5.12e-06
eating,4.52e-06,4.28e-06,4.7e-06,5e-06,4.71e-06,5.33e-06,6.4e-06,6.88e-06,4.4e-06
perspective,6.232e-05,6.276e-05,6.409e-05,6.429e-05,6.466e-05,6.426e-05,6.311e-05,6.345e-05,6.254e-05
planned,5.005e-05,5.04e-05,5.515e-05,5.777e-05,5.965e-05,5.877e-05,5.884e-05,5.978e-05,5.023e-05
watching,8.23e-06,8.4e-06,8.18e-06,8.79e-06,9.41e-06,9.59e-06,8.84e-06,8.1e-06,8.32e-06
lodge,6.5e-07,6.3e-07,7.6e-07,7.6e-07,1.06e-06,1.07e-06,9.1e-07,9.2e-07,6.4e-07
messenger,3.019e-05,3.059e-05,3.091e-05,3.123e-05,3.096e-05,3.228e-05,3.247e-05,3.165e-05,3.039e-05
mirror,2.777e-05,2.742e-05,2.742e-05,2.714e-05,2.823e-05,2.954e-05,2.774e-05,2.752e-05,2.759e-05
tournament,1.695e-05,1.775e-05,1.757e-05,1.744e-05,1.776e-05,1.781e-05,1.768e-05,1.605e-05,1.735e-05
consideration,1.566e-05,1.569e-05,1.5e-05,1.531e-05,1.579e-05,1.644e-05,1.646e-05,1.651e-05,1.568e-05
ds,3.649e-05,3.376e-05,3.773e-05,3.715e-05,3.734e-05,3.7e-05,3.856e-05,3.868e-05,3.512e-05
discounts,5e-06,6.34e-06,5.45e-06,5.16e-06,5.01e-06,5.18e-06,5.33e-06,5.05e-06,5.67e-06
sterling,5.81e-06,6.34e-06,6.51e-06,6.67e-06,7.44e-06,7.46e-06,7.32e-06,7.64e-06,6.08e-06
sessions,3.229e-05,3.043e-05,2.909e-05,2.881e-05,2.899e-05,2.878e-05,2.896e-05,2.89e-05,3.136e-05
kernel,0.00020908,0.00020573,0.00020256,0.00019984,0.00019732,0.0001987,0.00019663,0.00019784,0.0002074
boobs,0.0,0.0,0.0,0.0,0.0,0.0,0.0,0.0,0.0
stocks,9.36e-06,8.72e-06,8.48e-06,8.34e-06,7.74e-06,7.46e-06,6.71e-06,6.88e-06,9.04e-06
buyers,9.69e-06,1.014e-05,9.09e-06,9.25e-06,8.65e-06,8.07e-06,8.08e-06,8.41e-06,9.91e-06
journals,7.152e-05,7.275e-05,7.03e-05,7.111e-05,6.83e-05,6.486e-05,6.448e-05,6.345e-05,7.213e-05
gray,2.438e-05,2.488e-05,2.424e-05,2.456e-05,2.459e-05,2.573e-05,2.607e-05,2.538e-05,2.463e-05
catalogue,1.808e-05,1.775e-05,1.742e-05,1.713e-05,1.715e-05,1.721e-05,1.661e-05,1.682e-05,1.792e-05
ea,1.582e-05,1.569e-05,1.636e-05,1.607e-05,1.503e-05,1.477e-05,1.524e-05,1.621e-05,1.576e-05
jennifer,1.13e-05,1.205e-05,1.182e-05,1.213e-05,1.169e-05,1.127e-05,1.052e-05,1.04e-05,1.167e-05
antonio,8.72e-06,8.08e-06,8.18e-06,8.49e-06,8.96e-06,9.59e-06,9.45e-06,9.48e-06,8.4e-06
charged,2.147e-05,2.124e-05,2.06e-05,2.123e-05,2.186e-05,2.116e-05,1.997e-05,2.003e-05,2.136e-05
broad,5.554e-05,5.674e-05,5.591e-05,5.701e-05,5.768e-05,5.801e-05,5.731e-05,5.764e-05,5.614e-05
taiwan,4.553e-05,4.47e-05,4.606e-05,4.442e-05,4.478e-05,4.598e-05,4.603e-05,4.48e-05,4.512e-05
und,1.388e-05,1.363e-05,1.288e-05,1.289e-05,1.108e-05,1.066e-05,1.006e-05,1.04e-05,1.375e-05
chosen,7.588e-05,7.782e-05,7.666e-05,7.581e-05,7.665e-05,7.918e-05,8.079e-05,8.103e-05,7.685e-05
demo,2.519e-05,2.33e-05,2.242e-05,2.289e-05,2.125e-05,2.132e-05,1.997e-05,1.896e-05,2.425e-05
greece,1.324e-05,1.331e-05,1.364e-05,1.349e-05,1.351e-05,1.34e-05,1.235e-05,1.238e-05,1.328e-05
lg,1.663e-05,1.759e-05,1.818e-05,1.789e-05,1.715e-05,1.721e-05,1.692e-05,1.651e-05,1.711e-05
swiss,3.261e-05,3.693e-05,3.682e-05,3.684e-05,3.825e-05,3.761e-05,3.811e-05,3.868e-05,3.477e-05
sarah,1.292e-05,1.395e-05,1.394e-05,1.456e-05,1.427e-05,1.386e-05,1.433e-05,1.437e-05,1.343e-05
clark,2.131e-05,2.06e-05,1.954e-05,1.819e-05,1.806e-05,1.842e-05,1.875e-05,1.728e-05,2.095e-05
labour,8.07e-06,8.24e-06,8.48e-06,8.95e-06,8.04e-06,8.07e-06,7.93e-06,7.64e-06,8.16e-06
hate,6.14e-06,5.86e-06,6.36e-06,7.28e-06,6.98e-06,7.31e-06,7.32e-06,8.41e-06,6e-06
terminal,0.00011092,0.00011047,0.00010787,0.00010462,0.00010595,0.00010643,0.00010548,0.00010458,0.0001107
publishers,6.442e-05,6.514e-05,6.5e-05,6.474e-05,6.481e-05,6.41e-05,6.295e-05,6.223e-05,6.478e-05
nights,7.75e-06,7.92e-06,9.7e-06,8.19e-06,8.2e-06,9.29e-06,8.99e-06,9.48e-06,7.84e-06
behalf,2.228e-05,2.251e-05,2.242e-05,2.35e-05,2.337e-05,2.269e-05,2.134e-05,2.095e-05,2.239e-05
caribbean,1.098e-05,1.078e-05,1.061e-05,1.092e-05,1.123e-05,1.096e-05,1.082e-05,1.07e-05,1.088e-05
liquid,2.938e-05,3.059e-05,3.03e-05,3.017e-05,2.99e-05,3.137e-05,3.079e-05,3.104e-05,2.998e-05
rice,1.469e-05,1.474e-05,1.47e-05,1.456e-05,1.366e-05,1.386e-05,1.387e-05,1.345e-05,1.472e-05
nebraska,5.65e-06,5.86e-06,6.06e-06,5.31e-06,5.46e-06,5.48e-06,5.49e-06,5.2e-06,5.75e-06
loop,0.00010785,0.00010984,0.0001056,0.00010689,0.00010792,0.00010552,0.00010685,0.00010794,0.00010885
salary,3.71e-06,3.65e-06,3.64e-06,3.49e-06,3.04e-06,2.89e-06,2.74e-06,2.75e-06,3.68e-06
reservation,1.518e-05,1.411e-05,1.545e-05,1.501e-05,1.472e-05,1.538e-05,1.54e-05,1.544e-05,1.464e-05
foods,5.65e-06,4.6e-06,4.85e-06,4.4e-06,4.55e-06,4.57e-06,4.27e-06,4.13e-06,5.13e-06
gourmet,6.5e-07,4.8e-07,4.5e-07,4.5e-07,4.6e-07,6.1e-07,6.1e-07,6.1e-07,5.6e-07
guard,1.711e-05,1.807e-05,1.833e-05,1.819e-05,1.73e-05,1.736e-05,1.768e-05,1.636e-05,1.759e-05
properly,2.729e-05,2.599e-05,2.47e-05,2.456e-05,2.429e-05,2.573e-05,2.637e-05,2.523e-05,2.664e-05
orleans,4.36e-06,4.6e-06,5e-06,5e-06,5.01e-06,5.02e-06,4.88e-06,4.89e-06,4.48e-06
saving,2.131e-05,2.14e-05,2.197e-05,2.244e-05,2.201e-05,2.208e-05,2.241e-05,2.247e-05,2.136e-05
nfl,4.52e-06,4.28e-06,4.55e-06,4.55e-06,4.55e-06,4.72e-06,7.47e-06,7.19e-06,4.4e-06
remaining,4.472e-05,4.533e-05,4.485e-05,4.564e-05,4.614e-05,4.507e-05,4.603e-05,4.495e-05,4.502e-05
empire,2.099e-05,2.346e-05,2.454e-05,2.608e-05,2.732e-05,2.726e-05,2.835e-05,2.844e-05,2.222e-05
resume,6.46e-06,5.55e-06,5e-06,5.31e-06,5.01e-06,5.48e-06,4.88e-06,4.89e-06,6.01e-06
twenty,3.084e-05,2.821e-05,2.894e-05,2.866e-05,2.702e-05,2.771e-05,2.698e-05,2.676e-05,2.952e-05
newly,2.874e-05,2.948e-05,3.106e-05,3.017e-05,2.99e-05,2.969e-05,2.942e-05,2.859e-05,2.911e-05
raise,1.776e-05,1.87e-05,1.788e-05,1.713e-05,1.67e-05,1.69e-05,1.707e-05,1.758e-05,1.823e-05
prepare,8.56e-06,7.92e-06,8.03e-06,8.34e-06,8.35e-06,8.07e-06,7.93e-06,8.26e-06,8.24e-06
avatar,1.275e-05,1.316e-05,1.394e-05,1.425e-05,1.442e-05,1.34e-05,1.418e-05,1.437e-05,1.296e-05
gary,2.034e-05,1.997e-05,1.879e-05,1.926e-05,1.973e-05,1.995e-05,1.997e-05,2.049e-05,2.015e-05
depending,0.00011011,0.00010714,0.00010424,0.00010568,0.00010671,0.00010887,0.00010761,0.00010733,0.00010862
illegal,2.599e-05,2.552e-05,2.515e-05,2.653e-05,2.641e-05,2.634e-05,2.652e-05,2.783e-05,2.575e-05
expansion,9.542e-05,9.621e-05,0.00010242,0.00010219,0.00010519,0.00010719,0.00010914,0.00011115,9.582e-05
vary,4.117e-05,4.216e-05,4.227e-05,4.185e-05,4.144e-05,4.172e-05,4.192e-05,4.281e-05,4.167e-05
hundreds,4.601e-05,4.47e-05,4.409e-05,4.382e-05,4.341e-05,4.233e-05,4.207e-05,4.25e-05,4.536e-05
rome,1.114e-05,1.046e-05,9.7e-06,1.001e-05,1.017e-05,1.02e-05,1.006e-05,1.009e-05,1.08e-05
arab,1.34e-05,1.316e-05,1.439e-05,1.44e-05,1.472e-05,1.447e-05,1.341e-05,1.361e-05,1.328e-05
lincoln,1.388e-05,1.411e-05,1.288e-05,1.365e-05,1.336e-05,1.203e-05,1.143e-05,1.177e-05,1.4e-05
helped,5.99e-05,6.387e-05,6.545e-05,6.459e-05,6.618e-05,6.7e-05,6.737e-05,6.62e-05,6.188e-05
premier,1.388e-05,1.284e-05,1.288e-05,1.319e-05,1.29e-05,1.218e-05,1.235e-05,1.177e-05,1.336e-05
tomorrow,5.97e-06,6.02e-06,6.06e-06,5.76e-06,5.31e-06,5.79e-06,5.64e-06,5.66e-06,5.99e-06
purchased,8.541e-05,8.226e-05,8.212e-05,7.854e-05,8.06e-05,8.146e-05,8.231e-05,8.317e-05,8.383e-05
milk,5.33e-06,5.07e-06,4.39e-06,4.25e-06,4.1e-06,4.11e-06,4.12e-06,4.28e-06,5.2e-06
decide,2.309e-05,2.33e-05,2.212e-05,2.259e-05,2.262e-05,2.299e-05,2.317e-05,2.278e-05,2.32e-05
consent,1.146e-05,1.284e-05,1.288e-05,1.137e-05,1.199e-05,1.172e-05,1.158e-05,1.223e-05,1.215e-05
drama,1.76e-05,1.854e-05,2.03e-05,2.077e-05,2.079e-05,2.04e-05,2.012e-05,2.003e-05,1.807e-05
visiting,3.956e-05,3.867e-05,4.045e-05,3.866e-05,3.992e-05,3.883e-05,4.009e-05,3.822e-05,3.912e-05
performing,6.991e-05,6.91e-05,6.894e-05,6.929e-05,7.043e-05,7.019e-05,6.905e-05,6.972e-05,6.951e-05
downtown,9.04e-06,9.51e-06,9.09e-06,9.1e-06,8.65e-06,8.83e-06,8.23e-06,7.64e-06,9.28e-06
keyboard,0.00014095,0.0001409,0.00013287,0.000131,0.00013251,0.00012866,0.00012911,0.00012996,0.00014093
contest,2.68e-05,2.615e-05,2.621e-05,2.669e-05,2.656e-05,2.573e-05,2.622e-05,2.614e-05,2.647e-05
collected,5.457e-05,5.722e-05,5.485e-05,5.519e-05,5.495e-05,5.512e-05,5.701e-05,5.626e-05,5.589e-05
nw,1.45e-06,1.58e-06,1.67e-06,1.21e-06,1.37e-06,1.67e-06,1.83e-06,1.83e-06,1.51e-06
bands,2.454e-05,2.488e-05,2.424e-05,2.441e-05,2.383e-05,2.421e-05,2.317e-05,2.339e-05,2.471e-05
boot,5.489e-05,5.642e-05,5.439e-05,5.383e-05,5.464e-05,5.436e-05,5.335e-05,5.351e-05,5.565e-05
suitable,6.539e-05,6.387e-05,6.378e-05,6.353e-05,6.329e-05,6.273e-05,6.417e-05,6.376e-05,6.463e-05
ff,4.04e-06,3.8e-06,3.94e-06,3.18e-06,3.19e-06,3.65e-06,3.51e-06,3.52e-06,3.92e-06
absolutely,4.68e-06,4.44e-06,4.39e-06,4.25e-06,4.86e-06,4.57e-06,5.03e-06,4.43e-06,4.56e-06
millions,3.423e-05,3.424e-05,3.394e-05,3.548e-05,3.461e-05,3.395e-05,3.277e-05,3.257e-05,3.424e-05
lunch,4.04e-06,3.8e-06,4.55e-06,3.79e-06,3.64e-06,3.96e-06,3.81e-06,3.67e-06,3.92e-06
dildo,0.0,0.0,0.0,0.0,0.0,0.0,0.0,0.0,0.0
audit,2.018e-05,2.092e-05,1.939e-05,2.092e-05,2.064e-05,2.056e-05,2.027e-05,1.988e-05,2.055e-05
push,2.971e-05,3.138e-05,3.045e-05,3.093e-05,3.051e-05,3.106e-05,3.186e-05,3.104e-05,3.054e-05
chamber,7.75e-06,7.45e-06,7.27e-06,7.43e-06,6.98e-06,6.7e-06,7.16e-06,7.64e-06,7.6e-06
guinea,1.78e-06,1.9e-06,1.97e-06,1.97e-06,2.12e-06,2.28e-06,2.29e-06,2.14e-06,1.84e-06
findings,1.308e-05,1.3e-05,1.288e-05,1.243e-05,1.29e-05,1.279e-05,1.204e-05,1.193e-05,1.304e-05
muscle,7.59e-06,7.77e-06,8.03e-06,8.49e-06,8.65e-06,8.68e-06,8.38e-06,8.56e-06,7.68e-06
featuring,6.248e-05,6.387e-05,6.939e-05,7.141e-05,7.316e-05,7.293e-05,7.347e-05,7.278e-05,6.318e-05
iso,0.00013739,0.00013884,0.00013454,0.00013403,0.00013448,0.0001343,0.00013246,0.00013347,0.00013812
implement,0.00011059,0.0001157,0.00011105,0.00011008,0.00011035,0.00011268,0.00011021,0.00010901,0.00011314
clicking,1.308e-05,1.284e-05,1.273e-05,1.304e-05,1.305e-05,1.218e-05,1.204e-05,1.223e-05,1.296e-05
scheduled,2.793e-05,2.552e-05,2.985e-05,2.866e-05,2.914e-05,2.863e-05,2.576e-05,2.63e-05,2.672e-05
polls,5.49e-06,5.86e-06,4.7e-06,4.85e-06,5.01e-06,5.18e-06,4.88e-06,5.2e-06,5.67e-06
typical,0.00010527,0.00010255,0.00010212,9.87e-05,9.669e-05,9.791e-05,9.527e-05,9.311e-05,0.00010391
tower,2.632e-05,2.599e-05,2.636e-05,2.699e-05,2.747e-05,2.771e-05,2.835e-05,2.844e-05,2.615e-05
yours,1.45e-06,1.27e-06,1.06e-06,1.06e-06,9.1e-07,7.6e-07,7.6e-07,7.6e-07,1.36e-06
sum,6.426e-05,6.562e-05,6.681e-05,6.671e-05,6.679e-05,6.654e-05,6.676e-05,6.651e-05,6.494e-05
misc,5.81e-06,5.55e-06,5.45e-06,4.85e-06,2.73e-06,1.37e-06,1.52e-06,1.38e-06,5.68e-06
calculator,3.31e-05,3.281e-05,3.273e-05,3.305e-05,3.43e-05,3.335e-05,3.292e-05,3.364e-05,3.295e-05
significantly,6.636e-05,6.578e-05,6.545e-05,6.611e-05,6.709e-05,6.684e-05,6.92e-05,7.247e-05,6.607e-05
chicken,4.84e-06,4.91e-06,5.15e-06,4.85e-06,5.16e-06,4.57e-06,4.73e-06,4.74e-06,4.87e-06
temporary,2.05e-05,2.076e-05,2.076e-05,2.123e-05,2.171e-05,2.177e-05,2.21e-05,2.232e-05,2.063e-05
attend,6.3e-06,7.13e-06,7.58e-06,7.43e-06,7.44e-06,8.07e-06,8.38e-06,7.64e-06,6.72e-06
shower,3.2e-07,3.2e-07,3e-07,3e-07,3e-07,3e-07,3e-07,3.1e-07,3.2e-07
alan,5.618e-05,6.166e-05,6.197e-05,6.019e-05,5.965e-05,6.03e-05,6.006e-05,5.963e-05,5.892e-05
sending,5.764e-05,5.69e-05,5.454e-05,5.489e-05,5.555e-05,5.527e-05,5.548e-05,5.535e-05,5.727e-05
jason,2.341e-05,2.473e-05,2.47e-05,2.532e-05,2.383e-05,2.406e-05,2.347e-05,2.339e-05,2.407e-05
tonight,2.58e-06,2.69e-06,1.82e-06,1.97e-06,1.97e-06,1.83e-06,2.13e-06,2.29e-06,2.64e-06
dear,1.94e-06,1.74e-06,1.82e-06,1.82e-06,1.97e-06,1.98e-06,2.29e-06,2.29e-06,1.84e-06
sufficient,4.036e-05,4.026e-05,4.091e-05,4.094e-05,4.053e-05,4.081e-05,4.039e-05,3.975e-05,4.031e-05
holdem,1.6e-07,1.6e-07,1.5e-07,1.5e-07,1.5e-07,1.5e-07,1.5e-07,1.5e-07,1.6e-07
shell,7.201e-05,7.418e-05,7.121e-05,7.035e-05,7.119e-05,7.08e-05,7.103e-05,7.094e-05,7.309e-05
province,1.195e-05,1.189e-05,1.182e-05,1.152e-05,1.078e-05,1.096e-05,1.067e-05,1.086e-05,1.192e-05
catholic,1.017e-05,9.83e-06,1e-05,8.95e-06,9.11e-06,8.83e-06,9.15e-06,9.02e-06,1e-05
oak,1.049e-05,1.03e-05,9.85e-06,9.4e-06,9.26e-06,9.29e-06,9.6e-06,8.87e-06,1.039e-05
vat,2.74e-06,2.22e-06,2.27e-06,2.12e-06,2.12e-06,1.98e-06,1.98e-06,1.99e-06,2.48e-06
awareness,4.02e-05,4.042e-05,3.894e-05,4.063e-05,4.113e-05,4.096e-05,4.192e-05,4.174e-05,4.031e-05
vancouver,1.631e-05,1.585e-05,1.651e-05,1.653e-05,1.594e-05,1.523e-05,1.509e-05,1.529e-05,1.608e-05
governor,7.75e-06,8.56e-06,8.33e-06,7.88e-06,8.04e-06,8.22e-06,8.38e-06,8.56e-06,8.15e-06
beer,5.65e-06,5.39e-06,6.21e-06,5.91e-06,5.77e-06,6.09e-06,5.79e-06,5.35e-06,5.52e-06
seemed,4.04e-06,3.8e-06,4.24e-06,4.55e-06,4.4e-06,4.87e-06,4.57e-06,4.28e-06,3.92e-06
contribution,3.907e-05,3.883e-05,3.757e-05,3.715e-05,3.749e-05,3.761e-05,3.795e-05,3.669e-05,3.895e-05
measurement,9.364e-05,9.462e-05,9.363e-05,9.309e-05,9.046e-05,8.877e-05,8.826e-05,8.837e-05,9.413e-05
swimming,2.91e-06,2.69e-06,2.42e-06,2.43e-06,2.28e-06,1.98e-06,2.13e-06,2.14e-06,2.8e-06
spyware,1.518e-05,1.252e-05,1.439e-05,1.471e-05,1.396e-05,1.431e-05,1.433e-05,1.452e-05,1.385e-05
formula,6.603e-05,6.387e-05,6.484e-05,6.595e-05,6.739e-05,6.761e-05,6.783e-05,6.926e-05,6.495e-05
constitution,6.62e-06,6.66e-06,7.12e-06,7.13e-06,7.44e-06,7.46e-06,7.16e-06,7.34e-06,6.64e-06
packaging,2.147e-05,2.14e-05,2.136e-05,2.062e-05,2.079e-05,2.147e-05,2.058e-05,1.972e-05,2.144e-05
solar,3.229e-05,3.122e-05,3.045e-05,3.093e-05,2.99e-05,2.984e-05,3.125e-05,3.15e-05,3.175e-05
jose,3.116e-05,3.233e-05,3.166e-05,3.139e-05,3.127e-05,3.03e-05,3.033e-05,3.088e-05,3.175e-05
catch,1.421e-05,1.426e-05,1.303e-05,1.304e-05,1.321e-05,1.416e-05,1.311e-05,1.223e-05,1.424e-05
jane,1.162e-05,1.125e-05,1.106e-05,1.031e-05,1.032e-05,1.035e-05,1.021e-05,9.94e-06,1.144e-05
pakistan,2.615e-05,2.552e-05,2.773e-05,2.835e-05,2.975e-05,2.771e-05,2.881e-05,2.614e-05,2.583e-05
ps,1.744e-05,1.553e-05,1.621e-05,1.668e-05,1.654e-05,1.629e-05,1.661e-05,1.59e-05,1.648e-05
reliable,5.828e-05,5.864e-05,5.772e-05,5.701e-05,5.813e-05,5.847e-05,5.625e-05,5.489e-05,5.846e-05
consultation,5.65e-06,6.5e-06,6.51e-06,6.67e-06,6.98e-06,7e-06,6.55e-06,6.42e-06,6.08e-06
northwest,7.59e-06,8.24e-06,7.88e-06,7.58e-06,7.44e-06,7.77e-06,7.77e-06,7.49e-06,7.92e-06
sir,2.486e-05,2.393e-05,2.364e-05,2.365e-05,2.398e-05,2.451e-05,2.485e-05,2.553e-05,2.439e-05
doubt,5.49e-06,4.44e-06,5e-06,4.85e-06,5.16e-06,5.33e-06,5.03e-06,5.05e-06,4.96e-06
earn,1.873e-05,1.886e-05,1.879e-05,1.683e-05,1.594e-05,1.584e-05,1.677e-05,1.651e-05,1.879e-05
finder,6.3e-06,6.18e-06,5.76e-06,5.91e-06,6.22e-06,6.09e-06,6.25e-06,6.12e-06,6.24e-06
unable,2.632e-05,2.583e-05,2.697e-05,2.759e-05,2.702e-05,2.68e-05,2.667e-05,2.721e-05,2.607e-05
periods,2.083e-05,2.029e-05,1.894e-05,1.865e-05,1.852e-05,1.873e-05,1.783e-05,1.865e-05,2.056e-05
classroom,1.146e-05,1.173e-05,1.061e-05,1.198e-05,1.123e-05,1.112e-05,1.097e-05,1.131e-05,1.159e-05
tasks,0.00015709,0.00015897,0.00015742,0.00015708,0.0001571,0.00015881,0.00015974,0.00016023,0.00015803
democracy,1.308e-05,1.316e-05,1.258e-05,1.228e-05,1.229e-05,1.294e-05,1.357e-05,1.391e-05,1.312e-05
attacks,0.0001361,0.00013916,0.00013666,0.00013691,0.00013615,0.00014176,0.00014343,0.00014234,0.00013763
kim,2.067e-05,2.203e-05,2.364e-05,2.38e-05,2.292e-05,2.269e-05,2.195e-05,2.171e-05,2.135e-05
wallpaper,3.07e-06,2.85e-06,2.73e-06,2.73e-06,2.73e-06,2.74e-06,2.74e-06,2.9e-06,2.96e-06
merchandise,9.53e-06,1.046e-05,1.015e-05,1.107e-05,1.154e-05,1.172e-05,1.25e-05,1.238e-05,1e-05
const,2.74e-06,2.69e-06,2.58e-06,2.58e-06,2.73e-06,2.28e-06,2.29e-06,2.14e-06,2.72e-06
resistance,2.664e-05,2.679e-05,2.954e-05,2.835e-05,2.884e-05,2.923e-05,2.927e-05,2.966e-05,2.671e-05
doors,1.259e-05,1.316e-05,1.439e-05,1.289e-05,1.229e-05,1.203e-05,1.189e-05,1.177e-05,1.287e-05
symptoms,5.33e-06,5.23e-06,5e-06,5.31e-06,5.31e-06,5.48e-06,6.1e-06,6.27e-06,5.28e-06
resorts,2.74e-06,2.69e-06,2.73e-06,2.73e-06,2.43e-06,2.28e-06,2.29e-06,2.29e-06,2.72e-06
biggest,3.213e-05,3.107e-05,3.257e-05,3.214e-05,3.248e-05,3.198e-05,3.033e-05,3.027e-05,3.16e-05
memorial,1.824e-05,1.902e-05,1.924e-05,2.001e-05,2.049e-05,1.964e-05,1.905e-05,1.804e-05,1.863e-05
visitor,1.049e-05,1.014e-05,7.73e-06,8.19e-06,8.2e-06,7.16e-06,7.47e-06,7.8e-06,1.031e-05
twin,1.356e-05,1.347e-05,1.394e-05,1.349e-05,1.351e-05,1.34e-05,1.311e-05,1.3e-05,1.352e-05
forth,2.583e-05,2.568e-05,2.5e-05,2.35e-05,2.368e-05,2.467e-05,2.439e-05,2.446e-05,2.575e-05
insert,1.501e-05,1.506e-05,1.515e-05,1.622e-05,1.442e-05,1.462e-05,1.433e-05,1.437e-05,1.504e-05
baltimore,7.91e-06,8.56e-06,8.48e-06,8.34e-06,8.35e-06,8.22e-06,8.23e-06,8.41e-06,8.23e-06
gateway,6.442e-05,6.324e-05,5.969e-05,5.807e-05,5.753e-05,5.786e-05,6.097e-05,6.009e-05,6.383e-05
ky,5.49e-06,5.23e-06,5e-06,4.7e-06,4.71e-06,4.72e-06,4.57e-06,4.74e-06,5.36e-06
dont,6.5e-07,7.9e-07,1.06e-06,9.1e-07,3e-07,3e-07,4.6e-07,3.1e-07,7.2e-07
alumni,1.098e-05,1.236e-05,1.348e-05,1.334e-05,1.321e-05,1.279e-05,1.204e-05,1.147e-05,1.167e-05
drawing,7.83e-05,7.64e-05,7.651e-05,7.642e-05,7.529e-05,7.613e-05,7.53e-05,7.568e-05,7.735e-05
candidates,1.453e-05,1.395e-05,1.439e-05,1.471e-05,1.503e-05,1.568e-05,1.555e-05,1.498e-05,1.424e-05
charlotte,5.65e-06,5.07e-06,5.3e-06,4.55e-06,4.55e-06,4.57e-06,4.12e-06,4.43e-06,5.36e-06
ordered,4.44e-05,4.644e-05,4.621e-05,4.64e-05,4.508e-05,4.522e-05,4.649e-05,4.724e-05,4.542e-05
biological,8.428e-05,8.717e-05,8.59e-05,8.445e-05,8.515e-05,8.435e-05,8.414e-05,8.638e-05,8.572e-05
fighting,4.343e-05,4.517e-05,4.924e-05,5.034e-05,5.297e-05,5.482e-05,5.548e-05,5.626e-05,4.43e-05
transition,6.361e-05,6.34e-05,6.318e-05,6.353e-05,6.375e-05,6.365e-05,6.539e-05,6.559e-05,6.35e-05
happens,1.937e-05,1.95e-05,1.848e-05,1.774e-05,1.7e-05,1.705e-05,1.738e-05,1.636e-05,1.943e-05
preferences,1.663e-05,1.823e-05,1.773e-05,1.713e-05,1.73e-05,1.721e-05,1.753e-05,1.789e-05,1.743e-05
spy,1.421e-05,1.141e-05,1.364e-05,1.304e-05,1.29e-05,1.416e-05,1.463e-05,1.468e-05,1.281e-05
romance,2.58e-06,2.69e-06,2.27e-06,2.12e-06,2.28e-06,2.44e-06,2.9e-06,2.75e-06,2.64e-06
instrument,3.729e-05,3.836e-05,3.788e-05,3.866e-05,3.84e-05,3.761e-05,3.704e-05,3.593e-05,3.782e-05
bruce,3.197e-05,3.297e-05,3.363e-05,3.32e-05,3.324e-05,3.243e-05,3.216e-05,3.287e-05,3.247e-05
split,5.635e-05,5.468e-05,5.575e-05,5.443e-05,5.419e-05,5.421e-05,5.426e-05,5.55e-05,5.551e-05
themes,2.551e-05,2.568e-05,2.742e-05,2.85e-05,2.884e-05,2.939e-05,2.896e-05,2.981e-05,2.56e-05
powers,3.084e-05,3.154e-05,3.076e-05,3.002e-05,3.127e-05,3.121e-05,3.14e-05,3.211e-05,3.119e-05
heaven,2.74e-06,2.69e-06,3.03e-06,3.34e-06,3.49e-06,3.5e-06,3.51e-06,3.52e-06,2.72e-06
br,6.3e-06,7.29e-06,6.21e-06,5.16e-06,4.86e-06,5.18e-06,4.73e-06,3.98e-06,6.8e-06
bits,0.00019891,0.00019099,0.00018772,0.00018331,0.00017865,0.00017845,0.00017834,0.00017842,0.00019495
pregnant,9.7e-07,1.27e-06,1.21e-06,1.21e-06,1.37e-06,1.37e-06,1.07e-06,9.2e-07,1.12e-06
twice,3.358e-05,3.471e-05,3.333e-05,3.199e-05,3.203e-05,3.289e-05,3.292e-05,3.333e-05,3.414e-05
classification,7.475e-05,7.513e-05,7.727e-05,7.702e-05,7.908e-05,7.765e-05,7.911e-05,7.629e-05,7.494e-05
focused,0.00013788,0.00014059,0.00014848,0.00014919,0.00015072,0.00015287,0.00015532,0.00015625,0.00013924
egypt,1.469e-05,1.426e-05,1.561e-05,1.577e-05,1.594e-05,1.599e-05,1.57e-05,1.575e-05,1.447e-05
physician,6.62e-06,6.5e-06,6.97e-06,6.97e-06,6.68e-06,6.4e-06,6.25e-06,6.12e-06,6.56e-06
hollywood,1.76e-05,1.807e-05,1.894e-05,1.835e-05,1.837e-05,1.873e-05,1.875e-05,1.85e-05,1.784e-05
bargain,1.45e-06,1.43e-06,1.21e-06,1.21e-06,1.21e-06,1.07e-06,1.07e-06,1.07e-06,1.44e-06
wikipedia,9.784e-05,8.908e-05,9.424e-05,8.961e-05,8.895e-05,8.999e-05,8.719e-05,8.791e-05,9.346e-05
cellular,7.378e-05,7.259e-05,7.272e-05,7.611e-05,7.559e-05,7.446e-05,7.469e-05,7.522e-05,7.318e-05
norway,2.68e-05,2.79e-05,2.985e-05,2.835e-05,2.869e-05,2.817e-05,2.774e-05,2.706e-05,2.735e-05
vermont,5.49e-06,4.91e-06,4.85e-06,4.7e-06,3.64e-06,3.96e-06,3.51e-06,3.52e-06,5.2e-06
asking,8.23e-06,7.13e-06,7.88e-06,7.73e-06,7.89e-06,7.61e-06,8.38e-06,8.71e-06,7.68e-06
blocks,8.944e-05,8.765e-05,8.727e-05,9.006e-05,9.32e-05,9.197e-05,9.222e-05,9.158e-05,8.855e-05
normally,6.878e-05,6.815e-05,6.606e-05,6.505e-05,6.375e-05,6.395e-05,6.417e-05,6.284e-05,6.847e-05
lo,4.2e-06,3.96e-06,3.79e-06,3.94e-06,4.1e-06,4.42e-06,3.66e-06,3.67e-06,4.08e-06
spiritual,1.098e-05,1.173e-05,1.303e-05,1.38e-05,1.366e-05,1.431e-05,1.402e-05,1.483e-05,1.135e-05
hunting,5.49e-06,6.18e-06,6.97e-06,7.13e-06,6.98e-06,7e-06,6.86e-06,6.73e-06,5.84e-06
diabetes,5.17e-06,4.28e-06,4.24e-06,4.4e-06,4.25e-06,3.96e-06,3.81e-06,3.98e-06,4.72e-06
suit,1.614e-05,1.553e-05,1.561e-05,1.638e-05,1.609e-05,1.705e-05,1.6e-05,1.605e-05,1.584e-05
ml,1.614e-05,1.728e-05,1.803e-05,1.653e-05,1.806e-05,1.812e-05,1.844e-05,2.049e-05,1.671e-05
shift,6.49e-05,6.324e-05,6.227e-05,6.216e-05,6.193e-05,6.212e-05,6.25e-05,6.284e-05,6.407e-05
chip,0.0001742,0.00017371,0.0001762,0.00017588,0.00017637,0.00017571,0.00017453,0.00017047,0.00017395
res,7.43e-06,6.34e-06,6.06e-06,5.91e-06,6.22e-06,5.79e-06,6.25e-06,5.96e-06,6.89e-06
sit,7.1e-06,6.97e-06,7.27e-06,6.67e-06,6.98e-06,6.85e-06,6.86e-06,7.03e-06,7.03e-06
bodies,3.229e-05,3.122e-05,3.197e-05,3.351e-05,3.385e-05,3.319e-05,3.338e-05,3.379e-05,3.175e-05
photographs,3.762e-05,3.693e-05,3.712e-05,3.624e-05,3.643e-05,3.67e-05,3.552e-05,3.578e-05,3.727e-05
cutting,2.551e-05,2.52e-05,2.485e-05,2.456e-05,2.444e-05,2.421e-05,2.454e-05,2.492e-05,2.536e-05
wow,2.74e-06,2.38e-06,2.12e-06,2.27e-06,1.82e-06,1.83e-06,1.68e-06,1.68e-06,2.56e-06
simon,3.875e-05,3.82e-05,3.803e-05,3.851e-05,3.749e-05,3.807e-05,3.811e-05,3.731e-05,3.848e-05
writers,4.472e-05,4.454e-05,4.515e-05,4.533e-05,4.614e-05,4.659e-05,4.39e-05,4.357e-05,4.463e-05
marks,2.067e-05,1.981e-05,1.939e-05,1.91e-05,1.988e-05,2.04e-05,2.027e-05,1.988e-05,2.024e-05
flexible,5.328e-05,5.452e-05,5.182e-05,5.17e-05,5.237e-05,5.162e-05,5.167e-05,5.229e-05,5.39e-05
loved,1.61e-06,1.9e-06,2.12e-06,2.58e-06,2.43e-06,2.44e-06,2.9e-06,3.21e-06,1.76e-06
favourites,1.6e-07,1.6e-07,3e-07,1.5e-07,1.5e-07,1.5e-07,1.5e-07,1.5e-07,1.6e-07
mapping,0.0001248,0.00012331,0.00011848,0.00011796,0.00012128,0.00011998,0.00011966,0.00011987,0.00012406
numerous,0.0001227,0.00012173,0.00012802,0.00012903,0.00012811,0.00012684,0.00012789,0.00012873,0.00012222
relatively,8.008e-05,7.909e-05,7.697e-05,7.672e-05,7.635e-05,7.72e-05,7.637e-05,7.752e-05,7.959e-05
birds,1.001e-05,1.078e-05,1.076e-05,1.061e-05,1.184e-05,1.127e-05,1.158e-05,1.223e-05,1.04e-05
satisfaction,1.76e-05,1.696e-05,1.636e-05,1.668e-05,1.609e-05,1.614e-05,1.631e-05,1.559e-05,1.728e-05
represents,8.557e-05,8.448e-05,8.606e-05,8.491e-05,8.333e-05,8.42e-05,8.399e-05,8.302e-05,8.502e-05
char,2.74e-06,2.69e-06,1.82e-06,1.67e-06,1.82e-06,1.83e-06,1.37e-06,1.38e-06,2.72e-06
indexed,3.326e-05,3.233e-05,3.106e-05,3.078e-05,3.081e-05,3.076e-05,3.094e-05,3.104e-05,3.28e-05
pittsburgh,2.163e-05,2.092e-05,2.136e-05,2.032e-05,2.004e-05,1.964e-05,1.997e-05,1.972e-05,2.128e-05
superior,1.921e-05,1.886e-05,1.894e-05,1.956e-05,1.943e-05,1.979e-05,2.012e-05,1.988e-05,1.903e-05
preferred,2.535e-05,2.441e-05,2.424e-05,2.502e-05,2.656e-05,2.634e-05,2.683e-05,2.828e-05,2.488e-05
saved,2.567e-05,2.457e-05,2.576e-05,2.456e-05,2.368e-05,2.421e-05,2.485e-05,2.416e-05,2.512e-05
paying,1.76e-05,1.743e-05,1.788e-05,1.88e-05,1.867e-05,1.842e-05,1.768e-05,1.789e-05,1.752e-05
cartoon,2.438e-05,2.33e-05,2.212e-05,2.198e-05,2.201e-05,2.314e-05,2.241e-05,2.14e-05,2.384e-05
shots,6.3e-06,5.71e-06,5.45e-06,5.16e-06,4.86e-06,5.48e-06,5.64e-06,5.5e-06,6.01e-06
intellectual,4.973e-05,5.008e-05,4.848e-05,4.837e-05,4.963e-05,4.964e-05,4.984e-05,4.938e-05,4.991e-05
moore,3.294e-05,3.186e-05,3.182e-05,3.048e-05,3.112e-05,3.03e-05,3.049e-05,3.088e-05,3.24e-05
granted,2.777e-05,2.885e-05,2.803e-05,2.926e-05,2.823e-05,2.832e-05,2.805e-05,2.798e-05,2.831e-05
choices,2.147e-05,2.171e-05,2.212e-05,2.183e-05,2.201e-05,2.345e-05,2.424e-05,2.4e-05,2.159e-05
carbon,2.212e-05,2.029e-05,2.091e-05,2.198e-05,2.413e-05,2.436e-05,2.363e-05,2.293e-05,2.121e-05
spending,1.017e-05,1.078e-05,1.076e-05,1.046e-05,9.71e-06,1.035e-05,1.006e-05,1.04e-05,1.048e-05
comfortable,4.2e-06,3.8e-06,4.39e-06,3.79e-06,3.49e-06,3.2e-06,3.05e-06,3.21e-06,4e-06
magnetic,8.266e-05,8.448e-05,8.53e-05,8.248e-05,8.212e-05,8.237e-05,8.262e-05,8.348e-05,8.357e-05
interaction,0.00018744,0.00018909,0.00018969,0.00019119,0.00018715,0.00018987,0.00019069,0.00018912,0.00018827
listening,1.243e-05,1.316e-05,1.318e-05,1.365e-05,1.321e-05,1.294e-05,1.28e-05,1.269e-05,1.279e-05
effectively,5.667e-05,5.405e-05,5.303e-05,5.246e-05,5.297e-05,5.344e-05,5.335e-05,5.351e-05,5.536e-05
registry,5.974e-05,6.102e-05,5.878e-05,5.853e-05,5.783e-05,5.862e-05,5.807e-05,5.856e-05,6.038e-05
crisis,1.501e-05,1.442e-05,1.53e-05,1.547e-05,1.563e-05,1.492e-05,1.509e-05,1.559e-05,1.472e-05
outlook,2.034e-05,1.981e-05,1.864e-05,1.865e-05,1.912e-05,1.903e-05,2.164e-05,2.11e-05,2.008e-05
massive,3.1e-05,3.043e-05,3.166e-05,3.184e-05,3.157e-05,3.091e-05,3.11e-05,3.058e-05,3.071e-05
denmark,2.551e-05,2.599e-05,2.667e-05,2.608e-05,2.687e-05,2.68e-05,2.667e-05,2.66e-05,2.575e-05
employed,7.943e-05,7.861e-05,7.893e-05,7.915e-05,7.908e-05,8.009e-05,8.002e-05,8.042e-05,7.902e-05
bright,1.372e-05,1.284e-05,1.333e-05,1.274e-05,1.275e-05,1.279e-05,1.311e-05,1.3e-05,1.328e-05
treat,1.211e-05,1.252e-05,1.424e-05,1.395e-05,1.412e-05,1.264e-05,1.326e-05,1.3e-05,1.231e-05
header,3.729e-05,3.645e-05,3.591e-05,3.73e-05,3.734e-05,3.761e-05,3.75e-05,3.776e-05,3.687e-05
cs,4.311e-05,3.804e-05,3.803e-05,3.669e-05,3.324e-05,3.106e-05,2.82e-05,2.798e-05,4.057e-05
poverty,3.55e-06,4.12e-06,4.24e-06,4.09e-06,4.25e-06,4.11e-06,4.27e-06,4.28e-06,3.83e-06
formed,0.00012222,0.00012077,0.00012348,0.00012281,0.00012037,0.00011968,0.0001195,0.00011987,0.0001215
piano,6.62e-06,6.5e-06,6.06e-06,6.22e-06,6.07e-06,6.09e-06,6.1e-06,5.96e-06,6.56e-06
echo,1.631e-05,1.585e-05,1.682e-05,1.638e-05,1.715e-05,1.736e-05,1.768e-05,1.774e-05,1.608e-05
que,3.23e-06,2.54e-06,2.58e-06,2.73e-06,3.79e-06,3.35e-06,3.35e-06,3.21e-06,2.88e-06
grid,0.00013885,0.00013837,0.00013378,0.00013206,0.00013296,0.00013247,0.00013292,0.00013317,0.00013861
sheets,1.647e-05,1.807e-05,1.833e-05,1.668e-05,1.715e-05,1.736e-05,1.783e-05,1.758e-05,1.727e-05
patrick,2.357e-05,2.314e-05,2.47e-05,2.487e-05,2.398e-05,2.528e-05,2.515e-05,2.446e-05,2.335e-05
experimental,8.476e-05,8.353e-05,8.318e-05,8.278e-05,8.029e-05,8.04e-05,7.926e-05,7.92e-05,8.414e-05
puerto,5.33e-06,5.23e-06,5.45e-06,5e-06,5.16e-06,5.33e-06,5.18e-06,5.2e-06,5.28e-06
revolution,3.891e-05,3.994e-05,4.227e-05,4.215e-05,4.25e-05,4.279e-05,4.207e-05,4.113e-05,3.942e-05
consolidation,6.46e-06,6.18e-06,5.91e-06,5.91e-06,5.92e-06,5.63e-06,5.79e-06,5.96e-06,6.32e-06
displays,7.62e-05,7.608e-05,7.757e-05,8.051e-05,8.105e-05,8.314e-05,8.46e-05,8.577e-05,7.614e-05
plasma,1.986e-05,2.124e-05,2.03e-05,1.819e-05,1.882e-05,1.873e-05,1.86e-05,1.957e-05,2.055e-05
allowing,0.00019616,0.00019527,0.00019772,0.00019908,0.00020036,0.0002016,0.00020212,0.00020564,0.00019572
earnings,5.81e-06,5.55e-06,5.61e-06,5.76e-06,6.07e-06,5.33e-06,5.64e-06,5.5e-06,5.68e-06
voip,5.425e-05,5.31e-05,5.136e-05,5.019e-05,5.054e-05,5.086e-05,5e-05,4.954e-05,5.368e-05
mystery,1.372e-05,1.458e-05,1.454e-05,1.501e-05,1.487e-05,1.462e-05,1.448e-05,1.437e-05,1.415e-05
landscape,1.437e-05,1.49e-05,1.53e-05,1.547e-05,1.548e-05,1.507e-05,1.555e-05,1.514e-05,1.463e-05
dependent,5.99e-05,5.959e-05,5.772e-05,5.686e-05,5.722e-05,5.801e-05,5.899e-05,5.779e-05,5.974e-05
mechanical,8.476e-05,8.321e-05,8.303e-05,8.203e-05,8.227e-05,8.283e-05,8.399e-05,8.455e-05,8.398e-05
journey,1.582e-05,1.728e-05,1.939e-05,1.941e-05,1.912e-05,2.01e-05,2.058e-05,2.064e-05,1.655e-05
delaware,5.81e-06,6.5e-06,6.97e-06,6.82e-06,7.29e-06,6.7e-06,6.86e-06,6.73e-06,6.15e-06
bidding,4.84e-06,5.71e-06,5.15e-06,5.16e-06,4.86e-06,4.87e-06,4.88e-06,4.89e-06,5.28e-06
consultants,9.85e-06,9.83e-06,1.015e-05,9.86e-06,9.41e-06,8.98e-06,9.15e-06,8.71e-06,9.84e-06
risks,2.341e-05,2.33e-05,2.682e-05,2.608e-05,2.656e-05,2.68e-05,2.805e-05,2.997e-05,2.336e-05
banner,1.421e-05,1.442e-05,1.424e-05,1.304e-05,1.214e-05,1.218e-05,1.265e-05,1.284e-05,1.431e-05
applicant,3.87e-06,3.49e-06,3.33e-06,3.94e-06,3.95e-06,3.81e-06,3.81e-06,4.28e-06,3.68e-06
charter,1.308e-05,1.316e-05,1.227e-05,1.228e-05,1.199e-05,1.203e-05,1.235e-05,1.238e-05,1.312e-05
fig,3.55e-06,3.17e-06,3.33e-06,2.73e-06,2.73e-06,2.28e-06,2.13e-06,2.29e-06,3.36e-06
barbara,1.663e-05,1.712e-05,1.742e-05,1.668e-05,1.7e-05,1.751e-05,1.738e-05,1.758e-05,1.687e-05
cooperation,3.859e-05,3.947e-05,3.848e-05,3.806e-05,3.81e-05,3.761e-05,3.719e-05,3.669e-05,3.903e-05
counties,4.84e-06,4.6e-06,4.7e-06,5.16e-06,4.55e-06,4.42e-06,4.57e-06,4.28e-06,4.72e-06
acquisition,0.00010074,9.843e-05,9.909e-05,0.00010128,0.00010306,0.00010247,0.00010487,0.00010733,9.959e-05
ports,9.17e-05,9.082e-05,9.151e-05,9.385e-05,9.441e-05,9.471e-05,9.74e-05,9.923e-05,9.126e-05
implemented,0.00024056,0.00023774,0.00024135,0.00024214,0.00024346,0.00024362,0.00024343,0.0002434,0.00023915
sf,9.36e-06,9.83e-06,9.24e-06,9.25e-06,8.8e-06,8.83e-06,8.99e-06,9.02e-06,9.6e-06
directories,1.841e-05,1.902e-05,1.848e-05,1.895e-05,1.928e-05,1.888e-05,1.875e-05,1.835e-05,1.871e-05
recognized,7.362e-05,7.83e-05,7.59e-05,7.445e-05,7.65e-05,7.628e-05,7.637e-05,7.69e-05,7.596e-05
dreams,1.049e-05,9.99e-06,1.03e-05,1.016e-05,1.078e-05,1.096e-05,1.189e-05,1.223e-05,1.024e-05
blogger,1.711e-05,1.664e-05,1.667e-05,1.592e-05,1.609e-05,1.599e-05,1.524e-05,1.544e-05,1.688e-05
notification,2.599e-05,2.552e-05,2.439e-05,2.456e-05,2.444e-05,2.406e-05,2.378e-05,2.324e-05,2.575e-05
kg,1.501e-05,1.537e-05,1.515e-05,1.531e-05,1.503e-05,1.477e-05,1.524e-05,1.529e-05,1.519e-05
licensing,4.069e-05,3.962e-05,3.863e-05,3.775e-05,3.84e-05,3.807e-05,3.887e-05,3.96e-05,4.015e-05
stands,4.892e-05,4.866e-05,4.712e-05,4.609e-05,4.538e-05,4.37e-05,4.298e-05,4.357e-05,4.879e-05
teach,1.728e-05,1.728e-05,1.788e-05,1.865e-05,1.897e-05,1.827e-05,1.89e-05,1.865e-05,1.728e-05
occurred,2.599e-05,2.663e-05,2.757e-05,2.669e-05,2.838e-05,2.771e-05,2.82e-05,2.828e-05,2.631e-05
textbooks,1.808e-05,1.791e-05,1.727e-05,1.698e-05,1.791e-05,1.751e-05,1.722e-05,1.697e-05,1.799e-05
rapid,6.506e-05,6.53e-05,6.5e-05,6.565e-05,6.512e-05,6.532e-05,6.585e-05,6.712e-05,6.518e-05
pull,1.243e-05,1.252e-05,1.212e-05,1.213e-05,1.229e-05,1.218e-05,1.296e-05,1.284e-05,1.247e-05
hairy,1.6e-07,0.0,0.0,0.0,0.0,0.0,0.0,0.0,8e-08
diversity,2.147e-05,2.235e-05,2.333e-05,2.365e-05,2.368e-05,2.345e-05,2.408e-05,2.416e-05,2.191e-05
cleveland,5.81e-06,5.39e-06,5.15e-06,4.85e-06,4.86e-06,4.57e-06,4.57e-06,4.28e-06,5.6e-06
ut,7.27e-06,7.29e-06,6.97e-06,5.91e-06,5.77e-06,5.48e-06,5.64e-06,5.66e-06,7.28e-06
reverse,5.941e-05,5.849e-05,5.848e-05,5.913e-05,6.011e-05,6.014e-05,5.899e-05,5.871e-05,5.895e-05
deposit,6.62e-06,6.5e-06,5.76e-06,5.91e-06,5.92e-06,5.79e-06,5.79e-06,6.42e-06,6.56e-06
seminar,4.84e-06,5.39e-06,4.85e-06,4.7e-06,4.71e-06,4.87e-06,4.88e-06,4.74e-06,5.12e-06
investments,1.614e-05,1.617e-05,1.591e-05,1.486e-05,1.548e-05,1.507e-05,1.585e-05,1.59e-05,1.616e-05
latina,1.13e-06,1.11e-06,9.1e-07,7.6e-07,7.6e-07,6.1e-07,7.6e-07,7.6e-07,1.12e-06
nasa,6.862e-05,6.974e-05,6.984e-05,6.808e-05,6.754e-05,6.806e-05,6.814e-05,6.773e-05,6.918e-05
wheels,1.001e-05,1.014e-05,9.39e-06,9.1e-06,9.41e-06,9.59e-06,9.3e-06,9.33e-06,1.008e-05
sexcam,0.0,0.0,0.0,0.0,0.0,0.0,0.0,0.0,0.0
specify,4.472e-05,4.343e-05,4.333e-05,4.306e-05,4.28e-05,4.309e-05,4.283e-05,4.296e-05,4.408e-05
accessibility,2.729e-05,2.805e-05,3.166e-05,3.305e-05,3.4e-05,3.548e-05,3.43e-05,3.379e-05,2.767e-05
dutch,6.184e-05,6.086e-05,6.136e-05,6.262e-05,6.193e-05,6.289e-05,6.356e-05,6.406e-05,6.135e-05
sensitive,6.781e-05,6.942e-05,6.818e-05,6.853e-05,6.937e-05,6.806e-05,6.798e-05,6.788e-05,6.862e-05
templates,1.889e-05,1.807e-05,1.682e-05,1.653e-05,1.579e-05,1.644e-05,1.677e-05,1.667e-05,1.848e-05
formats,0.00014417,0.0001417,0.0001406,0.00014192,0.00014268,0.00014237,0.00014282,0.00014326,0.00014294
tab,1.211e-05,1.125e-05,1.061e-05,1.046e-05,1.062e-05,1.051e-05,1.052e-05,1.04e-05,1.168e-05
depends,6.167e-05,6.213e-05,6.363e-05,6.201e-05,6.193e-05,6.182e-05,6.173e-05,6.207e-05,6.19e-05
boots,5.97e-06,5.39e-06,3.94e-06,3.94e-06,4.1e-06,4.11e-06,4.27e-06,4.43e-06,5.68e-06
holds,9.461e-05,9.431e-05,9.378e-05,9.037e-05,8.819e-05,9.014e-05,8.871e-05,8.822e-05,9.446e-05
router,7.185e-05,7.148e-05,6.863e-05,6.762e-05,6.861e-05,6.715e-05,6.707e-05,6.651e-05,7.166e-05
concrete,2.244e-05,2.251e-05,2.257e-05,2.244e-05,2.201e-05,2.162e-05,2.21e-05,2.186e-05,2.247e-05
si,1.647e-05,1.458e-05,1.242e-05,1.258e-05,1.229e-05,1.172e-05,1.219e-05,1.269e-05,1.552e-05
editing,0.00011641,0.0001157,0.00011227,0.00011387,0.00011338,0.00011161,0.00011097,0.00011253,0.00011605
poland,2.373e-05,2.425e-05,2.621e-05,2.502e-05,2.535e-05,2.497e-05,2.546e-05,2.63e-05,2.399e-05
folder,1.292e-05,1.3e-05,1.106e-05,1.077e-05,1.138e-05,1.066e-05,1.097e-05,1.131e-05,1.296e-05
womens,3.2e-07,1.6e-07,1.5e-07,0.0,0.0,0.0,0.0,0.0,2.4e-07
css,2.825e-05,2.996e-05,3.106e-05,3.063e-05,3.112e-05,3.061e-05,3.079e-05,3.15e-05,2.911e-05
completion,3.116e-05,3.107e-05,3.166e-05,3.26e-05,3.446e-05,3.426e-05,3.399e-05,3.287e-05,3.112e-05
upload,2.777e-05,2.774e-05,2.818e-05,2.79e-05,2.58e-05,2.604e-05,2.667e-05,2.645e-05,2.776e-05
pulse,3.148e-05,3.297e-05,3.227e-05,3.305e-05,3.172e-05,3.03e-05,2.988e-05,3.012e-05,3.222e-05
universities,7.733e-05,8.036e-05,7.863e-05,7.808e-05,7.878e-05,8.024e-05,8.033e-05,7.782e-05,7.884e-05
technique,0.00025315,0.00025185,0.00024589,0.00024593,0.00024407,0.00024164,0.00024205,0.00024248,0.0002525
contractors,9.69e-06,9.67e-06,1e-05,9.1e-06,9.41e-06,8.68e-06,8.23e-06,7.95e-06,9.68e-06
milfhunter,0.0,0.0,0.0,0.0,0.0,0.0,0.0,0.0,0.0
voting,2.115e-05,2.156e-05,2e-05,1.941e-05,1.928e-05,1.979e-05,2.104e-05,2.156e-05,2.136e-05
courts,1.179e-05,1.157e-05,1.106e-05,1.061e-05,1.154e-05,1.112e-05,1.097e-05,1.162e-05,1.168e-05
notices,8.72e-06,8.72e-06,8.79e-06,8.79e-06,9.11e-06,8.68e-06,8.69e-06,8.41e-06,8.72e-06
subscriptions,1.243e-05,1.236e-05,1.242e-05,1.274e-05,1.275e-05,1.188e-05,1.204e-05,1.223e-05,1.239e-05
calculate,4.488e-05,4.454e-05,4.318e-05,4.336e-05,4.296e-05,4.218e-05,4.237e-05,4.235e-05,4.471e-05
mc,1.033e-05,9.67e-06,9.54e-06,9.4e-06,9.11e-06,9.29e-06,8.84e-06,9.02e-06,1e-05
detroit,7.91e-06,7.77e-06,8.18e-06,7.43e-06,7.29e-06,6.85e-06,6.86e-06,6.73e-06,7.84e-06
alexander,3.503e-05,3.82e-05,3.666e-05,3.715e-05,3.749e-05,3.73e-05,3.689e-05,3.639e-05,3.662e-05
broadcast,9.994e-05,0.00010096,9.863e-05,9.825e-05,9.912e-05,9.775e-05,9.618e-05,9.54e-05,0.00010045
converted,3.407e-05,3.392e-05,3.303e-05,3.32e-05,3.37e-05,3.487e-05,3.475e-05,3.516e-05,3.4e-05
metro,1.792e-05,1.775e-05,1.757e-05,1.683e-05,1.624e-05,1.599e-05,1.631e-05,1.621e-05,1.784e-05
toshiba,2.276e-05,2.298e-05,2.288e-05,2.259e-05,2.201e-05,2.314e-05,2.195e-05,2.202e-05,2.287e-05
anniversary,2.115e-05,2.156e-05,2.394e-05,2.487e-05,2.489e-05,2.528e-05,2.469e-05,2.553e-05,2.136e-05
improvements,5.102e-05,5.183e-05,5.166e-05,5.094e-05,5.13e-05,5.162e-05,5.213e-05,5.122e-05,5.143e-05
strip,1.292e-05,1.395e-05,1.454e-05,1.289e-05,1.305e-05,1.325e-05,1.357e-05,1.407e-05,1.343e-05
specification,0.00023007,0.00022982,0.00022711,0.00022682,0.0002257,0.00022444,0.000223,0.00022322,0.00022995
pearl,6.14e-06,6.5e-06,7.27e-06,6.82e-06,6.53e-06,7e-06,7.01e-06,7.19e-06,6.32e-06
accident,7.75e-06,8.24e-06,7.88e-06,8.04e-06,8.04e-06,8.37e-06,8.84e-06,8.41e-06,8e-06
nick,1.986e-05,1.902e-05,1.848e-05,1.956e-05,1.882e-05,1.949e-05,1.89e-05,1.911e-05,1.944e-05
accessible,8.541e-05,8.686e-05,8.924e-05,9.006e-05,8.971e-05,9.182e-05,9.359e-05,9.54e-05,8.614e-05
accessory,7.43e-06,7.13e-06,7.42e-06,7.43e-06,7.13e-06,7.61e-06,7.47e-06,7.49e-06,7.28e-06
resident,2.389e-05,2.362e-05,2.5e-05,2.426e-05,2.596e-05,2.634e-05,2.622e-05,2.63e-05,2.375e-05
plot,4.666e-05,4.628e-05,4.833e-05,4.806e-05,4.766e-05,4.781e-05,5.015e-05,5.122e-05,4.647e-05
qty,1.6e-07,1.6e-07,1.5e-07,1.5e-07,1.5e-07,1.5e-07,1.5e-07,1.5e-07,1.6e-07
possibly,5.78e-05,5.753e-05,5.803e-05,5.686e-05,5.586e-05,5.588e-05,5.411e-05,5.428e-05,5.766e-05
airline,1.324e-05,1.236e-05,1.151e-05,1.107e-05,1.138e-05,1.081e-05,1.097e-05,1.147e-05,1.28e-05
typically,0.00038473,0.00038277,0.00038134,0.00038481,0.00038493,0.00038888,0.00039128,0.000394,0.00038375
representation,0.00017856,0.00017974,0.00017681,0.0001774,0.00017455,0.00017571,0.00017621,0.00017506,0.00017915
regard,1.889e-05,1.886e-05,1.894e-05,1.986e-05,1.943e-05,2.025e-05,1.951e-05,1.942e-05,1.887e-05
pump,4.52e-06,4.44e-06,4.7e-06,4.55e-06,4.4e-06,4.57e-06,4.73e-06,4.43e-06,4.48e-06
exists,7.83e-05,7.64e-05,7.848e-05,7.657e-05,7.529e-05,7.659e-05,7.652e-05,7.476e-05,7.735e-05
arrangements,1.066e-05,9.99e-06,9.7e-06,9.55e-06,9.56e-06,9.59e-06,1.052e-05,1.086e-05,1.033e-05
smooth,2.696e-05,2.631e-05,2.56e-05,2.487e-05,2.52e-05,2.528e-05,2.515e-05,2.553e-05,2.663e-05
conferences,8.218e-05,8.083e-05,8.166e-05,8.172e-05,8.029e-05,7.872e-05,7.698e-05,7.476e-05,8.15e-05
uniprotkb,0.0,0.0,0.0,0.0,0.0,0.0,0.0,0.0,0.0
beastiality,0.0,0.0,0.0,0.0,0.0,0.0,0.0,0.0,0.0
strike,1.808e-05,1.87e-05,2.091e-05,2.077e-05,2.277e-05,2.254e-05,2.286e-05,2.278e-05,1.839e-05
consumption,3.843e-05,3.883e-05,3.894e-05,3.942e-05,4.022e-05,4.05e-05,3.917e-05,3.899e-05,3.863e-05
birmingham,1.049e-05,9.19e-06,8.33e-06,8.34e-06,8.04e-06,8.22e-06,8.54e-06,8.26e-06,9.84e-06
flashing,1.94e-06,2.22e-06,2.88e-06,2.88e-06,2.73e-06,2.89e-06,2.74e-06,2.45e-06,2.08e-06
lp,1.049e-05,1.03e-05,1.136e-05,1.198e-05,1.169e-05,1.172e-05,1.174e-05,1.147e-05,1.039e-05
narrow,1.808e-05,1.743e-05,1.697e-05,1.622e-05,1.579e-05,1.584e-05,1.57e-05,1.544e-05,1.776e-05
afternoon,4.04e-06,4.44e-06,4.09e-06,4.25e-06,4.25e-06,4.26e-06,4.73e-06,4.43e-06,4.24e-06
threat,4.779e-05,5.04e-05,5.409e-05,5.352e-05,5.525e-05,5.634e-05,5.686e-05,5.397e-05,4.91e-05
surveys,1.873e-05,1.823e-05,1.864e-05,1.926e-05,1.882e-05,1.842e-05,1.89e-05,1.881e-05,1.848e-05
sitting,9.36e-06,9.03e-06,8.18e-06,8.19e-06,7.89e-06,8.83e-06,8.99e-06,9.02e-06,9.19e-06
putting,1.421e-05,1.331e-05,1.273e-05,1.198e-05,1.154e-05,1.142e-05,1.189e-05,1.193e-05,1.376e-05
consultant,3.52e-05,3.455e-05,3.363e-05,3.487e-05,3.506e-05,3.441e-05,3.369e-05,3.302e-05,3.488e-05
controller,0.00013529,0.00013678,0.00013333,0.00013434,0.00013539,0.0001343,0.00013597,0.00013791,0.00013604
ownership,2.648e-05,2.79e-05,2.879e-05,2.987e-05,3.081e-05,3.304e-05,3.338e-05,3.471e-05,2.719e-05
committees,9.04e-06,9.35e-06,9.24e-06,9.4e-06,8.8e-06,8.53e-06,8.69e-06,8.71e-06,9.19e-06
penis,1.6e-07,3.2e-07,3e-07,3e-07,3e-07,3e-07,4.6e-07,4.6e-07,2.4e-07
legislative,9.69e-06,9.83e-06,1.076e-05,1.077e-05,1.078e-05,1.127e-05,1.113e-05,1.116e-05,9.76e-06
researchers,0.00015693,0.00015992,0.00015999,0.00015753,0.00015695,0.00015942,0.00016051,0.00016222,0.00015843
vietnam,1.631e-05,1.648e-05,1.727e-05,1.668e-05,1.715e-05,1.705e-05,1.661e-05,1.743e-05,1.64e-05
trailer,5.97e-06,6.02e-06,6.97e-06,6.82e-06,6.53e-06,6.4e-06,6.4e-06,6.27e-06,5.99e-06
anne,1.001e-05,1.125e-05,1.045e-05,1.061e-05,1.017e-05,1.096e-05,1.097e-05,1.131e-05,1.063e-05
castle,1.405e-05,1.411e-05,1.409e-05,1.334e-05,1.366e-05,1.386e-05,1.433e-05,1.514e-05,1.408e-05
gardens,4.68e-06,5.23e-06,4.85e-06,4.7e-06,4.55e-06,4.57e-06,4.57e-06,4.59e-06,4.95e-06
missed,4.68e-06,4.91e-06,4.85e-06,5e-06,5.16e-06,5.02e-06,5.18e-06,5.2e-06,4.79e-06
malaysia,1.582e-05,1.506e-05,1.454e-05,1.425e-05,1.457e-05,1.431e-05,1.433e-05,1.407e-05,1.544e-05
unsubscribe,8.1e-07,4.8e-07,4.5e-07,3e-07,3e-07,3e-07,3e-07,3.1e-07,6.4e-07
antique,6.5e-07,6.3e-07,9.1e-07,1.06e-06,1.06e-06,9.1e-07,7.6e-07,7.6e-07,6.4e-07
labels,3.6e-05,3.661e-05,3.636e-05,3.775e-05,3.764e-05,3.639e-05,3.689e-05,3.731e-05,3.63e-05
willing,5.81e-06,6.02e-06,6.97e-06,6.52e-06,5.92e-06,6.09e-06,5.79e-06,5.5e-06,5.92e-06
bio,2.018e-05,1.902e-05,1.788e-05,1.759e-05,1.715e-05,1.614e-05,1.646e-05,1.605e-05,1.96e-05
molecular,0.00010672,0.00010683,0.00010621,0.00010704,0.00010731,0.00010856,0.00010655,0.00010748,0.00010678
upskirt,0.0,0.0,0.0,0.0,0.0,0.0,0.0,0.0,0.0
acting,3.746e-05,3.867e-05,4e-05,3.942e-05,4.068e-05,4.05e-05,4.177e-05,4.143e-05,3.806e-05
heads,1.889e-05,1.918e-05,1.939e-05,1.865e-05,1.867e-05,1.842e-05,1.844e-05,1.819e-05,1.903e-05
stored,0.00017792,0.00017815,0.00017544,0.0001727,0.00017182,0.00017267,0.00017575,0.00017766,0.00017803
exam,9.36e-06,9.67e-06,9.7e-06,8.95e-06,8.8e-06,8.68e-06,8.54e-06,8.41e-06,9.51e-06
logos,6.78e-06,6.5e-06,6.51e-06,6.82e-06,6.98e-06,7.16e-06,7.32e-06,7.19e-06,6.64e-06
residence,1.066e-05,9.67e-06,1.015e-05,9.86e-06,9.71e-06,9.14e-06,9.15e-06,8.71e-06,1.017e-05
attorneys,3.07e-06,3.01e-06,3.03e-06,3.34e-06,3.34e-06,2.59e-06,2.44e-06,2.75e-06,3.04e-06
milfs,0.0,0.0,0.0,0.0,0.0,0.0,0.0,0.0,0.0
antiques,6.5e-07,6.3e-07,6.1e-07,6.1e-07,6.1e-07,6.1e-07,4.6e-07,4.6e-07,6.4e-07
density,8.557e-05,8.416e-05,8.439e-05,8.278e-05,8.121e-05,8.329e-05,8.185e-05,8.118e-05,8.486e-05
hundred,2.809e-05,2.853e-05,2.742e-05,2.669e-05,2.641e-05,2.619e-05,2.454e-05,2.385e-05,2.831e-05
ryan,1.954e-05,2.013e-05,2.015e-05,1.926e-05,1.821e-05,1.842e-05,1.814e-05,1.85e-05,1.983e-05
operators,0.00010333,0.00010255,0.00010499,0.00010689,0.00010276,0.00010323,0.00010457,0.00010473,0.00010294
strange,1.098e-05,1.03e-05,1.03e-05,9.55e-06,1.002e-05,1.02e-05,9.6e-06,9.94e-06,1.064e-05
sustainable,1.356e-05,1.3e-05,1.333e-05,1.38e-05,1.396e-05,1.386e-05,1.6e-05,1.59e-05,1.328e-05
philippines,1.679e-05,1.759e-05,1.788e-05,1.713e-05,1.806e-05,1.888e-05,1.86e-05,1.911e-05,1.719e-05
statistical,0.00013917,0.00014011,0.00014105,0.00013934,0.00013797,0.00013902,0.00013825,0.00013806,0.00013964
beds,4.8e-07,4.8e-07,4.5e-07,4.5e-07,4.6e-07,4.6e-07,3e-07,3.1e-07,4.8e-07
breasts,4.8e-07,4.8e-07,4.5e-07,4.5e-07,4.6e-07,4.6e-07,4.6e-07,6.1e-07,4.8e-07
mention,1.001e-05,9.19e-06,9.24e-06,9.1e-06,8.96e-06,8.53e-06,8.84e-06,8.41e-06,9.6e-06
innovation,9.073e-05,9.177e-05,9.242e-05,9.325e-05,9.229e-05,9.227e-05,9.085e-05,8.99e-05,9.125e-05
pcs,7.895e-05,7.655e-05,7.59e-05,7.672e-05,7.62e-05,7.583e-05,7.454e-05,7.415e-05,7.775e-05
employers,7.43e-06,7.45e-06,8.03e-06,8.04e-06,7.59e-06,7.46e-06,7.93e-06,7.64e-06,7.44e-06
grey,1.792e-05,1.633e-05,1.561e-05,1.592e-05,1.548e-05,1.477e-05,1.509e-05,1.452e-05,1.713e-05
parallel,0.00028367,0.00028181,0.00027529,0.0002758,0.00027564,0.00027529,0.00027696,0.00027581,0.00028274
honda,2.1e-06,2.38e-06,2.27e-06,2.58e-06,2.28e-06,2.44e-06,2.44e-06,2.6e-06,2.24e-06
amended,5.81e-06,5.71e-06,5.76e-06,5.76e-06,6.07e-06,6.09e-06,6.25e-06,6.73e-06,5.76e-06
operate,0.00010284,0.00010477,0.00010439,0.00010416,0.00010321,0.00010263,0.00010213,0.00010289,0.0001038
bills,8.88e-06,9.67e-06,9.54e-06,9.4e-06,8.8e-06,8.68e-06,8.23e-06,8.26e-06,9.28e-06
bold,7.1e-06,6.5e-06,6.36e-06,6.22e-06,6.22e-06,5.94e-06,5.64e-06,5.96e-06,6.8e-06
bathroom,9.7e-07,6.3e-07,6.1e-07,6.1e-07,6.1e-07,6.1e-07,7.6e-07,7.6e-07,8e-07
stable,4.876e-05,4.739e-05,4.863e-05,4.958e-05,5.085e-05,5.329e-05,5.335e-05,5.275e-05,4.808e-05
opera,3.035e-05,3.075e-05,3.212e-05,3.139e-05,3.187e-05,3.061e-05,3.094e-05,3.058e-05,3.055e-05
definitions,5.296e-05,5.262e-05,5.303e-05,5.276e-05,5.267e-05,5.329e-05,5.533e-05,5.489e-05,5.279e-05
von,4.973e-05,4.882e-05,4.818e-05,4.928e-05,4.675e-05,4.705e-05,4.771e-05,4.74e-05,4.927e-05
doctors,5e-06,4.44e-06,4.55e-06,4.55e-06,4.55e-06,4.42e-06,4.27e-06,3.98e-06,4.72e-06
lesson,4.36e-06,4.44e-06,5e-06,5.46e-06,5.31e-06,4.87e-06,4.57e-06,4.59e-06,4.4e-06
cinema,2.147e-05,2.187e-05,2.167e-05,2.244e-05,2.171e-05,2.147e-05,2.149e-05,2.217e-05,2.167e-05
asset,2.341e-05,2.314e-05,2.333e-05,2.138e-05,2.368e-05,2.543e-05,2.5e-05,2.385e-05,2.327e-05
ag,2.535e-05,2.441e-05,2.485e-05,2.487e-05,2.444e-05,2.436e-05,2.469e-05,2.385e-05,2.488e-05
scan,4.957e-05,5.104e-05,4.924e-05,4.837e-05,4.827e-05,4.857e-05,4.923e-05,4.785e-05,5.031e-05
elections,1.243e-05,1.236e-05,1.227e-05,1.243e-05,1.229e-05,1.233e-05,1.28e-05,1.345e-05,1.239e-05
drinking,3.87e-06,3.49e-06,3.03e-06,3.03e-06,2.73e-06,2.74e-06,2.74e-06,2.9e-06,3.68e-06
blowjobs,0.0,0.0,0.0,0.0,0.0,0.0,0.0,0.0,0.0
reaction,3.261e-05,3.186e-05,3.136e-05,3.245e-05,3.248e-05,3.182e-05,3.186e-05,3.15e-05,3.224e-05
blank,1.082e-05,1.014e-05,1.015e-05,9.7e-06,8.96e-06,9.44e-06,9.15e-06,9.63e-06,1.048e-05
enhanced,6.975e-05,7.021e-05,7.318e-05,7.384e-05,7.362e-05,7.446e-05,7.53e-05,7.752e-05,6.998e-05
entitled,3.875e-05,3.899e-05,3.682e-05,3.639e-05,3.521e-05,3.213e-05,3.079e-05,3.027e-05,3.887e-05
severe,1.566e-05,1.633e-05,1.606e-05,1.562e-05,1.518e-05,1.492e-05,1.57e-05,1.544e-05,1.599e-05
generate,9.429e-05,9.177e-05,8.893e-05,8.961e-05,9.046e-05,9.09e-05,9.13e-05,9.112e-05,9.303e-05
stainless,2.74e-06,2.85e-06,3.03e-06,3.18e-06,3.34e-06,3.35e-06,3.35e-06,3.36e-06,2.79e-06
newspapers,4.569e-05,4.596e-05,4.515e-05,4.382e-05,4.22e-05,4.233e-05,4.177e-05,4.25e-05,4.583e-05
hospitals,1.162e-05,1.205e-05,1.182e-05,1.167e-05,1.123e-05,1.112e-05,1.128e-05,1.07e-05,1.184e-05
vi,1.776e-05,1.712e-05,1.712e-05,1.774e-05,1.867e-05,1.842e-05,1.753e-05,1.712e-05,1.744e-05
deluxe,9.04e-06,9.35e-06,8.94e-06,1.046e-05,1.078e-05,1.051e-05,1.021e-05,1.009e-05,9.19e-06
humor,1.873e-05,1.87e-05,2.03e-05,2.077e-05,1.988e-05,2.01e-05,1.982e-05,2.003e-05,1.871e-05
aged,1.292e-05,1.3e-05,1.288e-05,1.38e-05,1.29e-05,1.279e-05,1.296e-05,1.437e-05,1.296e-05
monitors,4.149e-05,4.264e-05,4.121e-05,3.821e-05,3.84e-05,3.776e-05,3.902e-05,3.883e-05,4.206e-05
exception,3.746e-05,3.756e-05,3.545e-05,3.593e-05,3.582e-05,3.624e-05,3.643e-05,3.593e-05,3.751e-05
lived,3.326e-05,3.265e-05,3.182e-05,3.184e-05,3.233e-05,3.289e-05,3.186e-05,3.241e-05,3.295e-05
duration,2.373e-05,2.346e-05,2.273e-05,2.229e-05,2.292e-05,2.208e-05,2.21e-05,2.263e-05,2.36e-05
bulk,1.97e-05,2.076e-05,1.97e-05,1.895e-05,1.897e-05,1.934e-05,1.89e-05,1.896e-05,2.023e-05
successfully,4.327e-05,4.121e-05,4.242e-05,4.063e-05,3.977e-05,4.005e-05,3.872e-05,3.853e-05,4.224e-05
indonesia,1.55e-05,1.49e-05,1.515e-05,1.501e-05,1.548e-05,1.629e-05,1.555e-05,1.575e-05,1.52e-05
pursuant,2.42e-06,2.38e-06,2.12e-06,2.12e-06,1.97e-06,2.13e-06,2.13e-06,1.99e-06,2.4e-06
sci,2.067e-05,2.029e-05,1.864e-05,1.85e-05,1.821e-05,1.827e-05,1.921e-05,2.003e-05,2.048e-05
fabric,2.212e-05,2.235e-05,2.151e-05,2.153e-05,1.973e-05,1.903e-05,1.905e-05,1.911e-05,2.223e-05
edt,6.5e-07,7.9e-07,7.6e-07,7.6e-07,7.6e-07,9.1e-07,9.1e-07,9.2e-07,7.2e-07
visits,1.146e-05,1.125e-05,1.045e-05,1.061e-05,1.078e-05,9.9e-06,1.021e-05,9.48e-06,1.136e-05
primarily,0.0002299,0.00023045,0.00023135,0.00023334,0.00023587,0.0002389,0.00024145,0.00024386,0.00023017
tight,9.36e-06,9.83e-06,9.54e-06,9.7e-06,9.26e-06,9.44e-06,9.15e-06,9.17e-06,9.6e-06
domains,0.00010817,0.00010841,0.00010802,0.00010765,0.00010731,0.00011085,0.00010929,0.00010977,0.00010829
capabilities,0.00015709,0.00015802,0.00015257,0.00015253,0.0001533,0.000155,0.00015654,0.00015901,0.00015756
pmid,0.0,0.0,0.0,1.5e-07,6.1e-07,1.5e-07,0.0,0.0,0.0
contrast,0.00012351,0.00012315,0.00012211,0.00012312,0.00012735,0.00012714,0.00012834,0.00013026,0.00012333
recommendation,2.309e-05,2.393e-05,2.424e-05,2.471e-05,2.489e-05,2.573e-05,2.576e-05,2.599e-05,2.351e-05
flying,1.421e-05,1.316e-05,1.303e-05,1.258e-05,1.229e-05,1.249e-05,1.235e-05,1.238e-05,1.368e-05
recruitment,4.68e-06,5.07e-06,4.85e-06,4.85e-06,5.01e-06,4.72e-06,4.73e-06,4.59e-06,4.87e-06
sin,4.2e-06,4.28e-06,4.24e-06,3.94e-06,3.95e-06,3.81e-06,4.12e-06,3.67e-06,4.24e-06
berlin,5.247e-05,5.5e-05,5.833e-05,5.625e-05,5.51e-05,5.466e-05,5.381e-05,5.443e-05,5.373e-05
cute,4.04e-06,4.28e-06,4.24e-06,3.94e-06,3.79e-06,3.81e-06,3.96e-06,4.28e-06,4.16e-06
organized,7.54e-05,7.719e-05,7.697e-05,7.551e-05,7.574e-05,7.644e-05,7.804e-05,7.675e-05,7.63e-05
ba,1.13e-05,1.078e-05,1.03e-05,1.031e-05,9.56e-06,9.44e-06,9.45e-06,8.71e-06,1.104e-05
para,5.81e-06,5.23e-06,4.85e-06,4.85e-06,4.55e-06,4.57e-06,5.18e-06,4.89e-06,5.52e-06
siemens,2.809e-05,2.805e-05,2.682e-05,2.593e-05,2.52e-05,2.588e-05,2.637e-05,2.599e-05,2.807e-05
adoption,3.423e-05,3.519e-05,3.515e-05,3.593e-05,3.582e-05,3.639e-05,3.719e-05,3.761e-05,3.471e-05
improving,4.472e-05,4.612e-05,4.591e-05,4.518e-05,4.554e-05,4.477e-05,4.451e-05,4.556e-05,4.542e-05
cr,8.07e-06,7.29e-06,6.97e-06,6.97e-06,6.07e-06,5.48e-06,5.49e-06,5.35e-06,7.68e-06
expensive,7.039e-05,6.831e-05,6.681e-05,6.656e-05,6.709e-05,6.669e-05,6.615e-05,6.559e-05,6.935e-05
meant,5.344e-05,5.278e-05,5.424e-05,5.246e-05,5.206e-05,5.086e-05,4.893e-05,4.831e-05,5.311e-05
capture,7.814e-05,7.893e-05,8e-05,7.899e-05,8.105e-05,8.192e-05,8.094e-05,8.027e-05,7.853e-05
pounds,5e-06,4.28e-06,4.39e-06,4.85e-06,3.79e-06,3.5e-06,3.35e-06,3.21e-06,4.64e-06
buffalo,9.53e-06,9.19e-06,9.24e-06,8.19e-06,7.74e-06,7.61e-06,7.16e-06,7.34e-06,9.36e-06
organisations,4.149e-05,4.073e-05,4.212e-05,4.154e-05,4.007e-05,3.852e-05,3.795e-05,3.945e-05,4.111e-05
plane,8.508e-05,8.448e-05,8.454e-05,8.612e-05,8.515e-05,8.496e-05,8.49e-05,8.715e-05,8.478e-05
pg,2.438e-05,2.187e-05,1.954e-05,2.108e-05,1.973e-05,1.979e-05,1.844e-05,1.85e-05,2.312e-05
explained,2.131e-05,2.092e-05,2e-05,1.91e-05,1.928e-05,1.919e-05,1.982e-05,1.957e-05,2.112e-05
seed,2.502e-05,2.457e-05,2.439e-05,2.38e-05,2.383e-05,2.406e-05,2.317e-05,2.293e-05,2.48e-05
programmes,1.97e-05,1.981e-05,1.924e-05,1.941e-05,1.821e-05,1.919e-05,1.829e-05,1.804e-05,1.975e-05
desire,1.227e-05,1.268e-05,1.318e-05,1.349e-05,1.396e-05,1.386e-05,1.448e-05,1.468e-05,1.247e-05
expertise,3.1e-05,3.107e-05,3.182e-05,3.184e-05,3.172e-05,3.228e-05,3.201e-05,3.165e-05,3.104e-05
mechanism,0.00010736,0.00010651,0.00010818,0.00010795,0.00010671,0.00010613,0.0001067,0.00010794,0.00010694
camping,3.2e-07,3.2e-07,3e-07,3e-07,1.5e-07,1.5e-07,1.5e-07,1.5e-07,3.2e-07
ee,1.744e-05,1.712e-05,1.697e-05,1.683e-05,1.639e-05,1.644e-05,1.783e-05,1.758e-05,1.728e-05
jewellery,1.6e-07,3.2e-07,3e-07,1.5e-07,3e-07,3e-07,3e-07,3.1e-07,2.4e-07
meets,1.485e-05,1.474e-05,1.53e-05,1.471e-05,1.381e-05,1.477e-05,1.448e-05,1.407e-05,1.479e-05
welfare,5.97e-06,5.23e-06,5.76e-06,5.31e-06,4.86e-06,4.87e-06,4.88e-06,5.5e-06,5.6e-06
peer,0.00019632,0.00019432,0.00019666,0.0001962,0.00019671,0.00019947,0.00019877,0.00019799,0.00019532
caught,7.59e-06,8.4e-06,8.48e-06,8.49e-06,8.8e-06,9.14e-06,9.76e-06,9.63e-06,8e-06
eventually,0.00011544,0.00011475,0.00011424,0.0001169,0.00011885,0.00012014,0.00012057,0.00011941,0.0001151
marked,2.842e-05,2.869e-05,2.939e-05,2.911e-05,2.914e-05,2.939e-05,3.018e-05,3.058e-05,2.856e-05
driven,0.0001043,0.00010128,0.00010757,0.00010689,0.00010701,0.00010613,0.00010441,0.00010687,0.00010279
measured,5.877e-05,5.722e-05,5.636e-05,5.655e-05,5.495e-05,5.679e-05,5.67e-05,5.489e-05,5.8e-05
medline,2.74e-06,2.38e-06,2.42e-06,2.43e-06,2.58e-06,2.59e-06,2.59e-06,2.6e-06,2.56e-06
bottle,2.74e-06,2.85e-06,2.73e-06,2.73e-06,2.73e-06,2.59e-06,2.9e-06,3.06e-06,2.79e-06
agreements,1.76e-05,1.759e-05,1.864e-05,1.88e-05,1.867e-05,1.812e-05,1.844e-05,1.835e-05,1.76e-05
considering,2.147e-05,2.045e-05,1.985e-05,2.062e-05,1.958e-05,2.071e-05,2.134e-05,2.11e-05,2.096e-05
innovative,4.811e-05,4.707e-05,4.469e-05,4.427e-05,4.371e-05,4.309e-05,4.237e-05,4.235e-05,4.759e-05
marshall,1.598e-05,1.569e-05,1.485e-05,1.501e-05,1.503e-05,1.492e-05,1.463e-05,1.468e-05,1.584e-05
massage,4.8e-07,4.8e-07,4.5e-07,4.5e-07,6.1e-07,9.1e-07,7.6e-07,6.1e-07,4.8e-07
rubber,5e-06,5.23e-06,4.85e-06,5.16e-06,5.31e-06,5.48e-06,5.49e-06,5.66e-06,5.12e-06
conclusion,9.2e-06,8.88e-06,1.03e-05,9.86e-06,9.87e-06,9.74e-06,9.91e-06,1.009e-05,9.04e-06
closing,1.937e-05,1.839e-05,1.879e-05,1.835e-05,1.806e-05,1.766e-05,1.829e-05,1.774e-05,1.888e-05
tampa,2.74e-06,2.69e-06,2.58e-06,2.12e-06,2.28e-06,2.28e-06,1.98e-06,1.99e-06,2.72e-06
thousand,2.567e-05,2.568e-05,2.394e-05,2.562e-05,2.55e-05,2.634e-05,2.5e-05,2.416e-05,2.568e-05
meat,5e-06,5.07e-06,5.3e-06,5.31e-06,5.62e-06,5.48e-06,4.73e-06,4.74e-06,5.04e-06
legend,2.18e-05,2.171e-05,2.364e-05,2.441e-05,2.687e-05,2.634e-05,2.744e-05,2.752e-05,2.176e-05
grace,9.85e-06,1.046e-05,1.212e-05,1.228e-05,1.214e-05,1.157e-05,1.143e-05,1.131e-05,1.016e-05
susan,1.227e-05,1.252e-05,1.258e-05,1.258e-05,1.199e-05,1.218e-05,1.25e-05,1.284e-05,1.239e-05
ing,7.1e-06,7.13e-06,6.21e-06,5.46e-06,5.16e-06,4.87e-06,4.88e-06,4.43e-06,7.12e-06
ks,2.91e-06,3.17e-06,3.03e-06,2.88e-06,2.12e-06,2.13e-06,2.13e-06,2.14e-06,3.04e-06
adams,1.55e-05,1.68e-05,1.561e-05,1.653e-05,1.746e-05,1.721e-05,1.616e-05,1.651e-05,1.615e-05
python,9.558e-05,0.00010223,0.00010363,0.00010447,0.0001061,0.00010643,0.00010594,0.00010763,9.891e-05
monster,1.405e-05,1.537e-05,1.621e-05,1.653e-05,1.639e-05,1.523e-05,1.616e-05,1.559e-05,1.471e-05
alex,3.035e-05,3.075e-05,3.121e-05,3.048e-05,3.066e-05,2.969e-05,3.003e-05,2.89e-05,3.055e-05
bang,5.97e-06,6.02e-06,5.45e-06,5.61e-06,5.46e-06,5.63e-06,5.03e-06,5.2e-06,5.99e-06
villa,1.29e-06,1.27e-06,1.21e-06,1.06e-06,1.06e-06,1.07e-06,1.07e-06,9.2e-07,1.28e-06
bone,7.91e-06,7.92e-06,8.03e-06,7.58e-06,7.59e-06,7.92e-06,7.77e-06,7.64e-06,7.92e-06
columns,3.681e-05,3.725e-05,3.651e-05,3.76e-05,3.855e-05,3.852e-05,3.826e-05,3.776e-05,3.703e-05
disorders,8.88e-06,9.51e-06,1.076e-05,1.061e-05,1.062e-05,1.081e-05,1.143e-05,1.116e-05,9.19e-06
bugs,3.891e-05,3.709e-05,3.53e-05,3.518e-05,3.506e-05,3.578e-05,3.292e-05,3.272e-05,3.8e-05
collaboration,0.00012335,0.00012268,0.00012893,0.00013115,0.00013205,0.00013095,0.00013276,0.00013164,0.00012302
hamilton,1.243e-05,1.284e-05,1.303e-05,1.258e-05,1.29e-05,1.294e-05,1.296e-05,1.345e-05,1.264e-05
detection,0.00013255,0.00013393,0.00012999,0.00013085,0.0001316,0.00013079,0.0001288,0.00012782,0.00013324
ftp,4.133e-05,3.931e-05,3.742e-05,3.684e-05,3.628e-05,3.67e-05,3.521e-05,3.486e-05,4.032e-05
cookies,1.146e-05,1.252e-05,1.227e-05,1.243e-05,1.245e-05,1.249e-05,1.28e-05,1.284e-05,1.199e-05
inner,2.293e-05,2.298e-05,2.364e-05,2.441e-05,2.474e-05,2.238e-05,2.195e-05,2.156e-05,2.295e-05
formation,2.486e-05,2.552e-05,2.5e-05,2.426e-05,2.474e-05,2.451e-05,2.439e-05,2.523e-05,2.519e-05
tutorial,1.485e-05,1.379e-05,1.364e-05,1.289e-05,1.229e-05,1.188e-05,1.235e-05,1.238e-05,1.432e-05
med,4.68e-06,4.28e-06,4.55e-06,3.79e-06,3.79e-06,3.05e-06,2.9e-06,2.75e-06,4.48e-06
engineers,0.00011624,0.0001157,0.00011499,0.00011402,0.00011399,0.00011389,0.00011249,0.00011085,0.00011597
entity,8.202e-05,8.131e-05,7.742e-05,7.733e-05,7.62e-05,7.552e-05,7.591e-05,7.782e-05,8.166e-05
cruises,1.45e-06,1.43e-06,1.06e-06,1.21e-06,1.21e-06,1.52e-06,1.37e-06,1.38e-06,1.44e-06
gate,5.522e-05,5.516e-05,5.939e-05,6.11e-05,6.087e-05,6.228e-05,6.051e-05,6.238e-05,5.519e-05
holder,1.631e-05,1.474e-05,1.439e-05,1.38e-05,1.442e-05,1.416e-05,1.448e-05,1.498e-05,1.553e-05
proposals,1.049e-05,1.109e-05,1.076e-05,1.122e-05,1.169e-05,1.188e-05,1.219e-05,1.177e-05,1.079e-05
moderator,3.07e-06,3.17e-06,2.88e-06,2.73e-06,2.43e-06,2.28e-06,2.29e-06,2.29e-06,3.12e-06
sw,2.42e-06,2.22e-06,1.97e-06,2.12e-06,2.28e-06,1.98e-06,2.29e-06,1.99e-06,2.32e-06
tutorials,1.744e-05,1.775e-05,1.803e-05,1.835e-05,1.821e-05,1.842e-05,1.768e-05,1.743e-05,1.76e-05
settlement,1.453e-05,1.442e-05,1.333e-05,1.365e-05,1.442e-05,1.447e-05,1.463e-05,1.483e-05,1.447e-05
portugal,1.437e-05,1.379e-05,1.409e-05,1.501e-05,1.396e-05,1.386e-05,1.524e-05,1.559e-05,1.408e-05
lawrence,3.132e-05,3.265e-05,3.151e-05,3.063e-05,2.99e-05,2.908e-05,2.927e-05,2.905e-05,3.198e-05
roman,1.631e-05,1.617e-05,1.606e-05,1.607e-05,1.609e-05,1.584e-05,1.6e-05,1.468e-05,1.624e-05
duties,9.36e-06,9.35e-06,9.09e-06,9.25e-06,9.41e-06,8.83e-06,9.3e-06,9.78e-06,9.36e-06
valuable,2.212e-05,2.282e-05,2.348e-05,2.396e-05,2.277e-05,2.223e-05,2.332e-05,2.247e-05,2.247e-05
erotic,3.07e-06,3.01e-06,3.03e-06,3.79e-06,3.79e-06,3.65e-06,3.66e-06,4.13e-06,3.04e-06
tone,2.099e-05,2.203e-05,2.288e-05,2.335e-05,2.307e-05,2.375e-05,2.378e-05,2.355e-05,2.151e-05
collectables,3.2e-07,4.8e-07,4.5e-07,6.1e-07,3e-07,3e-07,1.5e-07,1.5e-07,4e-07
ethics,2.293e-05,2.314e-05,2.53e-05,2.638e-05,2.808e-05,2.695e-05,2.82e-05,2.798e-05,2.303e-05
forever,9.2e-06,9.19e-06,9.7e-06,9.55e-06,9.87e-06,1.051e-05,1.021e-05,1.009e-05,9.19e-06
dragon,5.134e-05,5.104e-05,5.091e-05,5.201e-05,5.419e-05,5.497e-05,5.625e-05,5.733e-05,5.119e-05
busy,9.85e-06,9.99e-06,9.7e-06,9.7e-06,9.41e-06,9.44e-06,9.15e-06,9.48e-06,9.92e-06
captain,1.179e-05,1.205e-05,1.379e-05,1.395e-05,1.427e-05,1.447e-05,1.433e-05,1.391e-05,1.192e-05
fantastic,3.87e-06,3.8e-06,3.79e-06,3.64e-06,3.34e-06,3.2e-06,3.35e-06,3.52e-06,3.83e-06
imagine,1.033e-05,9.35e-06,9.24e-06,8.64e-06,8.8e-06,8.22e-06,8.08e-06,8.1e-06,9.84e-06
brings,2.389e-05,2.409e-05,2.318e-05,2.335e-05,2.292e-05,2.208e-05,2.104e-05,2.064e-05,2.399e-05
heating,5.97e-06,6.02e-06,6.67e-06,6.37e-06,6.68e-06,6.55e-06,7.32e-06,7.19e-06,5.99e-06
leg,2.91e-06,2.69e-06,2.42e-06,2.43e-06,2.88e-06,2.89e-06,2.44e-06,2.45e-06,2.8e-06
neck,5.49e-06,5.55e-06,5.61e-06,5.76e-06,5.77e-06,5.18e-06,5.18e-06,5.05e-06,5.52e-06
hd,4.343e-05,4.327e-05,4.363e-05,4.306e-05,4.28e-05,4.477e-05,4.451e-05,4.327e-05,4.335e-05
wing,1.179e-05,1.331e-05,1.5e-05,1.531e-05,1.533e-05,1.66e-05,1.707e-05,1.789e-05,1.255e-05
governments,2.955e-05,3.138e-05,3.212e-05,3.214e-05,3.233e-05,3.167e-05,3.338e-05,3.333e-05,3.047e-05
purchasing,1.34e-05,1.284e-05,1.318e-05,1.38e-05,1.351e-05,1.309e-05,1.265e-05,1.315e-05,1.312e-05
scripts,4.504e-05,4.39e-05,4.606e-05,4.488e-05,4.462e-05,4.522e-05,4.588e-05,4.464e-05,4.447e-05
abc,2.664e-05,2.774e-05,2.773e-05,2.744e-05,2.671e-05,2.695e-05,2.591e-05,2.584e-05,2.719e-05
stereo,2.422e-05,2.362e-05,2.364e-05,2.411e-05,2.398e-05,2.314e-05,2.317e-05,2.339e-05,2.392e-05
appointed,4.44e-05,4.501e-05,4.621e-05,4.685e-05,4.721e-05,4.69e-05,4.771e-05,4.77e-05,4.47e-05
taste,4.68e-06,4.44e-06,5.15e-06,4.85e-06,4.71e-06,4.72e-06,5.03e-06,4.43e-06,4.56e-06
dealing,2.648e-05,2.615e-05,2.576e-05,2.623e-05,2.641e-05,2.604e-05,2.667e-05,2.569e-05,2.632e-05
commit,1.631e-05,1.601e-05,1.576e-05,1.531e-05,1.457e-05,1.492e-05,1.616e-05,1.514e-05,1.616e-05
tiny,1.566e-05,1.585e-05,1.485e-05,1.698e-05,1.654e-05,1.644e-05,1.722e-05,1.651e-05,1.576e-05
operational,7.976e-05,8.226e-05,7.969e-05,7.854e-05,7.696e-05,7.659e-05,7.698e-05,7.736e-05,8.101e-05
rail,9.04e-06,9.83e-06,9.24e-06,8.49e-06,9.26e-06,9.59e-06,1.021e-05,1.04e-05,9.44e-06
airlines,1.453e-05,1.442e-05,1.364e-05,1.304e-05,1.336e-05,1.279e-05,1.311e-05,1.345e-05,1.447e-05
liberal,1.518e-05,1.474e-05,1.454e-05,1.425e-05,1.381e-05,1.386e-05,1.448e-05,1.407e-05,1.496e-05
livecam,0.0,0.0,0.0,0.0,0.0,0.0,0.0,0.0,0.0
jay,1.631e-05,1.537e-05,1.545e-05,1.547e-05,1.518e-05,1.492e-05,1.509e-05,1.498e-05,1.584e-05
trips,5.17e-06,5.39e-06,5e-06,4.85e-06,4.86e-06,4.72e-06,5.33e-06,5.35e-06,5.28e-06
gap,3.536e-05,3.566e-05,3.56e-05,3.381e-05,3.339e-05,3.38e-05,3.262e-05,3.318e-05,3.551e-05
sides,1.582e-05,1.458e-05,1.485e-05,1.456e-05,1.442e-05,1.523e-05,1.524e-05,1.544e-05,1.52e-05
tube,2.244e-05,2.171e-05,2.06e-05,2.017e-05,2.019e-05,2.086e-05,2.225e-05,2.232e-05,2.208e-05
turns,1.711e-05,1.743e-05,1.848e-05,1.744e-05,1.685e-05,1.721e-05,1.677e-05,1.636e-05,1.727e-05
corresponding,9.138e-05,9.383e-05,9.363e-05,9.37e-05,9.411e-05,9.516e-05,9.374e-05,9.403e-05,9.26e-05
descriptions,3.584e-05,3.534e-05,3.469e-05,3.366e-05,3.415e-05,3.411e-05,3.475e-05,3.44e-05,3.559e-05
cache,0.00010962,0.00011237,0.00011136,0.00010841,0.0001064,0.00010537,0.00010624,0.00010504,0.00011099
belt,5e-06,4.6e-06,5.3e-06,5.31e-06,5.31e-06,5.33e-06,4.88e-06,4.74e-06,4.8e-06
jacket,2.26e-06,2.06e-06,2.12e-06,2.12e-06,2.12e-06,2.28e-06,2.13e-06,2.29e-06,2.16e-06
determination,1.308e-05,1.331e-05,1.242e-05,1.274e-05,1.305e-05,1.264e-05,1.265e-05,1.269e-05,1.319e-05
animation,0.00012706,0.00012743,0.00012817,0.00013085,0.00013418,0.0001346,0.00013246,0.00013408,0.00012725
oracle,0.00013158,0.00013076,0.00013363,0.00013388,0.00013266,0.00013095,0.00012758,0.00012766,0.00013117
er,7.59e-06,7.29e-06,8.48e-06,7.28e-06,6.53e-06,6.09e-06,5.94e-06,5.66e-06,7.44e-06
matthew,2.083e-05,2.171e-05,2.242e-05,2.259e-05,2.201e-05,2.208e-05,2.21e-05,2.217e-05,2.127e-05
lease,5.49e-06,5.23e-06,5.45e-06,5.31e-06,5.16e-06,5.33e-06,4.88e-06,5.05e-06,5.36e-06
productions,3.616e-05,3.598e-05,3.651e-05,3.639e-05,3.628e-05,3.776e-05,3.765e-05,3.761e-05,3.607e-05
aviation,2.002e-05,2.076e-05,2.091e-05,2.092e-05,2.064e-05,2.116e-05,2.18e-05,2.309e-05,2.039e-05
hobbies,1.94e-06,2.06e-06,1.97e-06,1.97e-06,1.97e-06,1.98e-06,1.98e-06,2.14e-06,2e-06
proud,1.61e-06,1.58e-06,1.36e-06,1.36e-06,1.37e-06,1.37e-06,1.07e-06,1.38e-06,1.59e-06
excess,1.437e-05,1.411e-05,1.379e-05,1.365e-05,1.351e-05,1.294e-05,1.28e-05,1.269e-05,1.424e-05
disaster,2.664e-05,2.71e-05,2.409e-05,2.471e-05,2.429e-05,2.467e-05,2.469e-05,2.431e-05,2.687e-05
console,0.00017065,0.00016468,0.00016863,0.00017088,0.00017243,0.00017008,0.00016813,0.00016726,0.00016767
commands,7.895e-05,7.941e-05,7.697e-05,7.99e-05,8.029e-05,8.009e-05,7.911e-05,7.874e-05,7.918e-05
jr,3.746e-05,3.804e-05,3.969e-05,3.972e-05,3.855e-05,3.791e-05,3.795e-05,3.868e-05,3.775e-05
telecommunications,0.00016387,0.00016547,0.00016393,0.00016966,0.00017076,0.00017069,0.00016889,0.00017384,0.00016467
instructor,5.65e-06,6.82e-06,6.21e-06,6.37e-06,6.22e-06,6.24e-06,6.25e-06,5.96e-06,6.24e-06
giant,1.937e-05,1.965e-05,1.909e-05,1.88e-05,1.837e-05,1.766e-05,1.844e-05,1.85e-05,1.951e-05
achieved,8.88e-05,8.701e-05,8.53e-05,8.415e-05,8.485e-05,8.542e-05,8.551e-05,8.547e-05,8.79e-05
injuries,4.68e-06,4.75e-06,4.7e-06,5.46e-06,5.31e-06,5.48e-06,5.33e-06,4.89e-06,4.71e-06
shipped,4.504e-05,4.47e-05,4.591e-05,4.624e-05,4.599e-05,4.583e-05,4.71e-05,4.633e-05,4.487e-05
bestiality,6.5e-07,6.3e-07,1.5e-07,1.5e-07,1.5e-07,1.5e-07,1.5e-07,1.5e-07,6.4e-07
seats,4.52e-06,4.75e-06,5.3e-06,5e-06,5.16e-06,4.87e-06,4.88e-06,5.35e-06,4.64e-06
approaches,8.621e-05,8.4e-05,8.363e-05,8.294e-05,8.348e-05,8.435e-05,8.46e-05,8.699e-05,8.511e-05
biz,6.78e-06,7.13e-06,6.36e-06,5.91e-06,5.01e-06,4.11e-06,3.96e-06,3.98e-06,6.96e-06
alarm,9.2e-06,9.35e-06,9.09e-06,8.79e-06,8.65e-06,8.68e-06,8.38e-06,7.8e-06,9.28e-06
voltage,4.472e-05,4.533e-05,4.348e-05,4.276e-05,4.296e-05,4.233e-05,4.253e-05,4.22e-05,4.502e-05
anthony,2.018e-05,2.14e-05,2.197e-05,2.138e-05,2.246e-05,2.299e-05,2.241e-05,2.217e-05,2.079e-05
nintendo,0.00020359,0.0002108,0.00024059,0.00024942,0.00025621,0.00026448,0.00027285,0.00027444,0.00020719
usual,3.035e-05,3.122e-05,2.939e-05,2.926e-05,2.884e-05,2.923e-05,2.866e-05,2.874e-05,3.078e-05
loading,2.341e-05,2.235e-05,2.197e-05,2.214e-05,2.231e-05,2.238e-05,2.393e-05,2.416e-05,2.288e-05
stamps,4.36e-06,4.44e-06,3.94e-06,3.79e-06,3.64e-06,3.35e-06,3.35e-06,3.36e-06,4.4e-06
appeared,0.00010236,0.0001035,0.0001053,0.00010477,0.00010397,0.00010293,0.00010319,0.00010274,0.00010293
franklin,1.518e-05,1.395e-05,1.561e-05,1.501e-05,1.579e-05,1.492e-05,1.524e-05,1.514e-05,1.457e-05
angle,3.826e-05,3.725e-05,3.621e-05,3.533e-05,3.506e-05,3.472e-05,3.521e-05,3.333e-05,3.776e-05
rob,2.018e-05,2.029e-05,2.03e-05,1.971e-05,1.973e-05,1.873e-05,1.707e-05,1.682e-05,2.023e-05
vinyl,5.17e-06,4.28e-06,4.24e-06,4.55e-06,4.55e-06,4.57e-06,4.57e-06,4.74e-06,4.72e-06
highlights,1.501e-05,1.411e-05,1.364e-05,1.334e-05,1.29e-05,1.249e-05,1.219e-05,1.208e-05,1.456e-05
mining,9.719e-05,9.589e-05,9.151e-05,8.885e-05,8.879e-05,8.786e-05,8.841e-05,8.868e-05,9.654e-05
designers,5.893e-05,5.944e-05,5.969e-05,5.883e-05,5.768e-05,5.801e-05,5.716e-05,5.58e-05,5.918e-05
melbourne,3.003e-05,3.107e-05,2.985e-05,2.987e-05,2.99e-05,2.969e-05,2.911e-05,2.951e-05,3.055e-05
ongoing,3.843e-05,3.788e-05,3.788e-05,3.836e-05,4.022e-05,3.898e-05,3.902e-05,4.006e-05,3.816e-05
worst,3.697e-05,3.82e-05,3.894e-05,3.775e-05,3.749e-05,3.852e-05,3.887e-05,3.853e-05,3.759e-05
imaging,0.00012157,0.00011776,0.00012151,0.00012205,0.00011991,0.00011998,0.00012057,0.00012201,0.00011967
betting,2.91e-06,2.85e-06,4.39e-06,4.25e-06,4.1e-06,3.65e-06,3.66e-06,3.82e-06,2.88e-06
scientists,8.056e-05,8.274e-05,8.196e-05,8.157e-05,8.121e-05,8.253e-05,8.353e-05,8.378e-05,8.165e-05
liberty,9.69e-06,9.51e-06,1.121e-05,1.167e-05,1.184e-05,1.203e-05,1.296e-05,1.3e-05,9.6e-06
wyoming,3.71e-06,3.33e-06,3.03e-06,3.03e-06,3.34e-06,3.35e-06,3.35e-06,3.21e-06,3.52e-06
blackjack,9.7e-07,9.5e-07,1.06e-06,1.06e-06,1.06e-06,1.07e-06,1.07e-06,1.07e-06,9.6e-07
argentina,1.292e-05,1.22e-05,1.182e-05,1.152e-05,1.078e-05,9.9e-06,9.91e-06,9.33e-06,1.256e-05
era,5.344e-05,5.468e-05,5.606e-05,5.625e-05,5.692e-05,5.695e-05,5.838e-05,5.902e-05,5.406e-05
convert,3.552e-05,3.392e-05,3.424e-05,3.472e-05,3.476e-05,3.456e-05,3.353e-05,3.318e-05,3.472e-05
possibility,3.342e-05,3.424e-05,3.485e-05,3.442e-05,3.521e-05,3.365e-05,3.536e-05,3.501e-05,3.383e-05
analyst,2.325e-05,2.377e-05,2.379e-05,2.335e-05,2.277e-05,2.238e-05,2.149e-05,2.171e-05,2.351e-05
commissioner,1.162e-05,1.078e-05,1.015e-05,1.046e-05,1.017e-05,1.02e-05,1.006e-05,9.63e-06,1.12e-05
dangerous,1.437e-05,1.442e-05,1.394e-05,1.41e-05,1.412e-05,1.355e-05,1.341e-05,1.269e-05,1.44e-05
garage,5.65e-06,6.34e-06,5.91e-06,6.22e-06,6.68e-06,6.55e-06,6.1e-06,6.12e-06,6e-06
exciting,5e-06,4.6e-06,5e-06,4.7e-06,4.71e-06,5.02e-06,4.73e-06,4.13e-06,4.8e-06
reliability,5.78e-05,5.801e-05,5.818e-05,5.928e-05,5.98e-05,5.938e-05,5.975e-05,5.947e-05,5.791e-05
thongs,0.0,0.0,0.0,0.0,0.0,0.0,0.0,0.0,0.0
gcc,1.711e-05,1.743e-05,1.727e-05,1.804e-05,1.563e-05,1.507e-05,1.509e-05,1.498e-05,1.727e-05
unfortunately,6.3e-06,5.39e-06,5.91e-06,5.76e-06,5.31e-06,4.87e-06,4.12e-06,4.13e-06,5.84e-06
respectively,8.525e-05,8.543e-05,8.863e-05,8.855e-05,9.001e-05,9.105e-05,9.329e-05,9.556e-05,8.534e-05
volunteers,2.664e-05,2.52e-05,2.651e-05,2.623e-05,2.671e-05,2.68e-05,2.622e-05,2.584e-05,2.592e-05
attachment,1.631e-05,1.633e-05,1.682e-05,1.653e-05,1.533e-05,1.614e-05,1.6e-05,1.544e-05,1.632e-05
ringtone,9.7e-07,4.8e-07,6.1e-07,6.1e-07,6.1e-07,6.1e-07,9.1e-07,1.07e-06,7.3e-07
finland,2.615e-05,2.615e-05,2.712e-05,2.638e-05,2.52e-05,2.497e-05,2.439e-05,2.431e-05,2.615e-05
morgan,2.18e-05,2.076e-05,2.121e-05,2.108e-05,2.049e-05,1.979e-05,1.982e-05,2.018e-05,2.128e-05
derived,0.00011608,0.00011491,0.00011499,0.00011569,0.00011824,0.00011816,0.00011813,0.00011956,0.00011549
pleasure,1.45e-06,1.74e-06,1.52e-06,1.82e-06,1.67e-06,1.67e-06,1.98e-06,1.99e-06,1.59e-06
honor,3.003e-05,3.154e-05,3.333e-05,3.381e-05,3.461e-05,3.609e-05,3.613e-05,3.7e-05,3.078e-05
asp,3.084e-05,2.805e-05,2.939e-05,2.805e-05,2.504e-05,2.116e-05,1.997e-05,1.972e-05,2.945e-05
oriented,0.00026171,0.00025534,0.00025665,0.00025654,0.00025545,0.00025443,0.00025288,0.0002538,0.00025853
eagle,8.56e-06,8.08e-06,7.73e-06,8.49e-06,9.41e-06,9.14e-06,9.15e-06,9.02e-06,8.32e-06
desktops,1.97e-05,2.092e-05,2.106e-05,2.092e-05,2.064e-05,2.101e-05,2.119e-05,2.11e-05,2.031e-05
pants,2.26e-06,2.22e-06,2.12e-06,2.27e-06,2.43e-06,2.59e-06,2.74e-06,2.45e-06,2.24e-06
columbus,5.17e-06,5.23e-06,5.15e-06,6.22e-06,6.22e-06,6.4e-06,6.25e-06,6.12e-06,5.2e-06
nurse,2.26e-06,2.54e-06,2.12e-06,2.12e-06,1.97e-06,1.98e-06,1.98e-06,1.68e-06,2.4e-06
prayer,1.29e-06,1.43e-06,1.36e-06,1.06e-06,9.1e-07,9.1e-07,9.1e-07,9.2e-07,1.36e-06
appointment,1.372e-05,1.284e-05,1.303e-05,1.274e-05,1.351e-05,1.279e-05,1.25e-05,1.3e-05,1.328e-05
workshops,2.712e-05,2.694e-05,2.803e-05,2.669e-05,2.656e-05,2.604e-05,2.637e-05,2.538e-05,2.703e-05
hurricane,4.52e-06,4.28e-06,4.09e-06,4.25e-06,4.55e-06,4.57e-06,4.42e-06,4.43e-06,4.4e-06
quiet,5.17e-06,5.71e-06,5.91e-06,5.61e-06,5.62e-06,5.79e-06,5.64e-06,5.81e-06,5.44e-06
luck,3.23e-06,3.33e-06,3.18e-06,3.03e-06,3.19e-06,3.2e-06,2.13e-06,2.14e-06,3.28e-06
postage,1.94e-06,1.9e-06,1.97e-06,1.82e-06,1.52e-06,1.52e-06,1.52e-06,1.53e-06,1.92e-06
producer,5.828e-05,5.579e-05,5.575e-05,5.64e-05,5.631e-05,5.725e-05,5.807e-05,5.856e-05,5.703e-05
represented,0.00012819,0.00012569,0.00012605,0.00012524,0.00012674,0.00012531,0.00012286,0.00012476,0.00012694
mortgages,1.45e-06,1.43e-06,1.67e-06,1.67e-06,1.82e-06,1.83e-06,1.83e-06,1.83e-06,1.44e-06
dial,2.761e-05,2.79e-05,2.757e-05,2.79e-05,2.823e-05,2.847e-05,2.82e-05,2.706e-05,2.776e-05
responsibilities,1.195e-05,1.22e-05,1.212e-05,1.228e-05,1.154e-05,1.157e-05,1.158e-05,1.193e-05,1.208e-05
cheese,2.1e-06,1.74e-06,2.42e-06,1.97e-06,1.52e-06,1.67e-06,1.83e-06,1.68e-06,1.92e-06
comic,5.699e-05,5.817e-05,5.591e-05,5.731e-05,5.495e-05,5.619e-05,5.548e-05,5.733e-05,5.758e-05
carefully,9.85e-06,9.19e-06,8.94e-06,7.88e-06,8.8e-06,8.98e-06,8.84e-06,8.71e-06,9.52e-06
jet,1.421e-05,1.522e-05,1.454e-05,1.486e-05,1.548e-05,1.568e-05,1.646e-05,1.682e-05,1.472e-05
productivity,3.229e-05,3.265e-05,3.273e-05,3.154e-05,3.218e-05,3.35e-05,3.399e-05,3.364e-05,3.247e-05
investors,2.938e-05,2.758e-05,2.803e-05,2.79e-05,2.58e-05,2.558e-05,2.652e-05,2.706e-05,2.848e-05
crown,8.56e-06,8.72e-06,8.33e-06,8.49e-06,8.8e-06,9.14e-06,8.38e-06,8.56e-06,8.64e-06
par,9.04e-06,8.4e-06,8.03e-06,7.88e-06,7.89e-06,7.92e-06,8.08e-06,8.26e-06,8.72e-06
underground,1.905e-05,1.87e-05,1.879e-05,1.926e-05,1.928e-05,1.964e-05,2.058e-05,2.079e-05,1.887e-05
diagnosis,1.356e-05,1.3e-05,1.288e-05,1.304e-05,1.321e-05,1.294e-05,1.28e-05,1.238e-05,1.328e-05
maker,3.245e-05,3.233e-05,3e-05,2.941e-05,3.021e-05,2.969e-05,2.942e-05,2.89e-05,3.239e-05
crack,7.75e-06,8.4e-06,1.076e-05,1.016e-05,1.169e-05,1.112e-05,1.006e-05,9.63e-06,8.07e-06
principle,0.00010091,0.00010271,0.0001003,0.00010113,0.00010276,0.00010537,0.00010304,0.00010228,0.00010181
picks,5e-06,4.6e-06,5e-06,5.16e-06,5.16e-06,4.72e-06,4.57e-06,4.43e-06,4.8e-06
vacations,3.2e-07,3.2e-07,3e-07,6.1e-07,6.1e-07,6.1e-07,6.1e-07,6.1e-07,3.2e-07
gang,7.27e-06,7.29e-06,6.97e-06,7.13e-06,6.98e-06,7.16e-06,7.77e-06,8.26e-06,7.28e-06
semester,3.39e-06,3.33e-06,3.33e-06,3.34e-06,3.19e-06,3.2e-06,3.35e-06,3.36e-06,3.36e-06
calculated,3.956e-05,3.883e-05,3.909e-05,3.76e-05,3.901e-05,3.959e-05,3.933e-05,3.945e-05,3.919e-05
cumshot,0.0,0.0,0.0,0.0,0.0,0.0,0.0,0.0,0.0
fetish,1.13e-06,1.11e-06,1.06e-06,1.21e-06,1.06e-06,1.07e-06,1.37e-06,1.38e-06,1.12e-06
applies,4.634e-05,4.533e-05,4.666e-05,4.624e-05,4.69e-05,4.659e-05,4.71e-05,4.648e-05,4.583e-05
casinos,2.74e-06,3.01e-06,2.88e-06,3.03e-06,2.58e-06,3.2e-06,3.2e-06,3.21e-06,2.88e-06
appearance,5.36e-05,5.31e-05,5.303e-05,5.292e-05,5.267e-05,5.284e-05,5.304e-05,5.214e-05,5.335e-05
smoke,7.59e-06,7.61e-06,7.42e-06,7.28e-06,6.98e-06,6.7e-06,7.16e-06,7.19e-06,7.6e-06
apache,8.605e-05,9.272e-05,9.302e-05,9.203e-05,9.092e-05,9.044e-05,8.765e-05,8.654e-05,8.939e-05
filters,6.28e-05,6.292e-05,6.166e-05,6.171e-05,6.436e-05,6.669e-05,6.661e-05,6.406e-05,6.286e-05
incorporated,8.589e-05,8.606e-05,8.59e-05,8.688e-05,8.758e-05,8.862e-05,9.008e-05,9.005e-05,8.598e-05
nv,3.55e-06,3.49e-06,3.79e-06,3.49e-06,4.1e-06,4.11e-06,3.81e-06,3.82e-06,3.52e-06
craft,7.27e-06,7.92e-06,7.42e-06,7.58e-06,7.44e-06,7.46e-06,8.38e-06,8.56e-06,7.6e-06
cake,1.421e-05,1.411e-05,1.606e-05,1.668e-05,1.624e-05,1.644e-05,1.661e-05,1.667e-05,1.416e-05
notebooks,1.13e-05,1.236e-05,1.106e-05,1.167e-05,1.184e-05,1.127e-05,1.067e-05,1.009e-05,1.183e-05
apart,3.6e-05,3.661e-05,3.379e-05,3.351e-05,3.263e-05,3.274e-05,3.125e-05,3.211e-05,3.63e-05
fellow,0.00020375,0.00020446,0.00020665,0.00020484,0.00020461,0.00019901,0.0002012,0.00019983,0.0002041
blind,2.47e-05,2.409e-05,2.273e-05,2.335e-05,2.292e-05,2.284e-05,2.195e-05,2.202e-05,2.439e-05
lounge,2.26e-06,2.22e-06,2.27e-06,2.12e-06,2.12e-06,2.13e-06,1.98e-06,1.99e-06,2.24e-06
mad,1.098e-05,1.141e-05,1.121e-05,1.137e-05,1.154e-05,1.188e-05,1.265e-05,1.269e-05,1.12e-05
algorithm,0.00073169,0.00073305,0.00072708,0.00072975,0.00073221,0.00073863,0.00074095,0.00074014,0.00073237
semi,4.666e-05,4.581e-05,4.621e-05,4.7e-05,4.66e-05,4.614e-05,4.619e-05,4.77e-05,4.623e-05
coins,1.114e-05,9.35e-06,9.54e-06,9.7e-06,1.032e-05,9.59e-06,9.3e-06,9.33e-06,1.025e-05
andy,1.792e-05,1.775e-05,1.667e-05,1.577e-05,1.518e-05,1.538e-05,1.524e-05,1.559e-05,1.784e-05
gross,1.259e-05,1.189e-05,1.121e-05,1.046e-05,1.047e-05,1.096e-05,1.021e-05,1.04e-05,1.224e-05
strongly,3.6e-05,3.598e-05,3.591e-05,3.624e-05,3.612e-05,3.685e-05,3.704e-05,3.746e-05,3.599e-05
cafe,4.2e-06,3.96e-06,3.03e-06,3.18e-06,3.04e-06,3.05e-06,3.51e-06,3.67e-06,4.08e-06
valentine,2.58e-06,3.01e-06,3.33e-06,1.82e-06,1.82e-06,1.83e-06,1.83e-06,1.83e-06,2.79e-06
hilton,3.07e-06,2.85e-06,2.73e-06,2.27e-06,2.28e-06,2.28e-06,1.98e-06,1.99e-06,2.96e-06
ken,3.068e-05,2.837e-05,2.788e-05,2.714e-05,2.687e-05,2.573e-05,2.53e-05,2.492e-05,2.952e-05
proteins,2.793e-05,2.694e-05,2.712e-05,2.744e-05,2.717e-05,2.756e-05,2.728e-05,2.798e-05,2.743e-05
horror,2.793e-05,3.027e-05,3.318e-05,3.29e-05,3.233e-05,3.213e-05,3.216e-05,3.302e-05,2.91e-05
su,5.49e-06,5.71e-06,6.21e-06,6.52e-06,6.37e-06,6.55e-06,6.4e-06,6.73e-06,5.6e-06
exp,4.2e-06,4.44e-06,3.79e-06,1.52e-06,1.37e-06,1.22e-06,1.07e-06,1.07e-06,4.32e-06
familiar,1.808e-05,1.775e-05,1.788e-05,1.835e-05,1.867e-05,1.964e-05,1.982e-05,1.942e-05,1.792e-05
capable,0.0001135,0.00011412,0.00011696,0.00011584,0.00011854,0.00011831,0.00011889,0.00011788,0.00011381
douglas,3.229e-05,3.233e-05,3.151e-05,3.108e-05,3.172e-05,3.076e-05,3.049e-05,3.027e-05,3.231e-05
debian,3.148e-05,3.217e-05,3.273e-05,3.275e-05,3.4e-05,3.335e-05,3.353e-05,3.348e-05,3.183e-05
till,8.23e-06,8.24e-06,8.33e-06,8.19e-06,8.2e-06,6.7e-06,6.25e-06,6.27e-06,8.24e-06
involving,5.505e-05,5.738e-05,5.803e-05,5.913e-05,5.935e-05,5.679e-05,5.868e-05,6.07e-05,5.622e-05
pen,3.051e-05,2.885e-05,2.863e-05,2.729e-05,2.671e-05,2.695e-05,2.728e-05,2.721e-05,2.968e-05
investing,7.59e-06,7.77e-06,7.42e-06,6.22e-06,6.83e-06,6.24e-06,5.94e-06,5.96e-06,7.68e-06
christopher,3.197e-05,3.344e-05,3.227e-05,3.411e-05,3.309e-05,3.365e-05,3.414e-05,3.44e-05,3.27e-05
admission,5.49e-06,5.07e-06,4.85e-06,4.7e-06,4.25e-06,3.81e-06,3.66e-06,3.98e-06,5.28e-06
epson,6.94e-06,6.82e-06,6.82e-06,6.67e-06,6.98e-06,7.16e-06,6.86e-06,6.27e-06,6.88e-06
shoe,3.71e-06,3.96e-06,3.94e-06,4.09e-06,4.1e-06,3.81e-06,4.12e-06,3.82e-06,3.83e-06
elected,5.651e-05,5.753e-05,6.075e-05,6.156e-05,7.422e-05,7.08e-05,7.149e-05,7.079e-05,5.702e-05
carrying,2.18e-05,2.251e-05,2.257e-05,2.259e-05,2.307e-05,2.284e-05,2.241e-05,2.263e-05,2.216e-05
victory,1.098e-05,1.109e-05,1.106e-05,1.107e-05,1.062e-05,1.005e-05,1.021e-05,1.024e-05,1.104e-05
sand,6.14e-06,6.34e-06,6.21e-06,6.37e-06,6.07e-06,6.4e-06,6.4e-06,6.88e-06,6.24e-06
madison,1.501e-05,1.553e-05,1.591e-05,1.622e-05,1.533e-05,1.492e-05,1.448e-05,1.437e-05,1.527e-05
terrorism,1.162e-05,1.125e-05,1.121e-05,1.213e-05,1.245e-05,1.294e-05,1.357e-05,1.33e-05,1.144e-05
joy,9.2e-06,9.67e-06,9.7e-06,9.7e-06,1.002e-05,9.9e-06,1.006e-05,1.024e-05,9.44e-06
editions,4.553e-05,4.628e-05,4.712e-05,4.624e-05,4.721e-05,4.827e-05,4.969e-05,4.969e-05,4.591e-05
cpu,0.00021101,0.00020399,0.00019832,0.00019893,0.00019702,0.00019322,0.00019587,0.00019906,0.0002075
mainly,0.0001227,0.00012648,0.00012393,0.00012539,0.00012553,0.00012562,0.00012377,0.00012568,0.00012459
ethnic,6.3e-06,6.5e-06,6.51e-06,6.06e-06,5.92e-06,5.94e-06,5.64e-06,5.05e-06,6.4e-06
ran,9.994e-05,9.716e-05,9.53e-05,9.264e-05,9.35e-05,9.745e-05,9.969e-05,0.00010152,9.855e-05
parliament,2.26e-05,2.298e-05,2.394e-05,2.562e-05,2.611e-05,2.665e-05,2.683e-05,2.737e-05,2.279e-05
actor,3.729e-05,3.756e-05,3.712e-05,3.76e-05,3.704e-05,3.852e-05,3.719e-05,3.776e-05,3.743e-05
finds,3.181e-05,3.281e-05,3.166e-05,3.078e-05,3.081e-05,2.969e-05,2.957e-05,2.905e-05,3.231e-05
seal,6.78e-06,6.97e-06,7.73e-06,7.43e-06,7.89e-06,7.31e-06,7.16e-06,7.03e-06,6.88e-06
situations,3.939e-05,3.947e-05,3.985e-05,3.988e-05,4.113e-05,4.172e-05,4.161e-05,4.067e-05,3.943e-05
fifth,4.101e-05,4.168e-05,4.485e-05,4.549e-05,4.645e-05,4.69e-05,4.695e-05,4.785e-05,4.135e-05
allocated,2.502e-05,2.583e-05,2.591e-05,2.744e-05,2.671e-05,2.771e-05,2.774e-05,2.859e-05,2.543e-05
citizen,2.712e-05,2.869e-05,2.985e-05,3.093e-05,2.929e-05,3e-05,2.85e-05,2.844e-05,2.791e-05
vertical,4.747e-05,4.596e-05,4.439e-05,4.215e-05,4.265e-05,4.172e-05,4.039e-05,3.929e-05,4.672e-05
corrections,6.62e-06,6.5e-06,6.06e-06,6.22e-06,6.22e-06,6.09e-06,6.25e-06,6.12e-06,6.56e-06
structural,5.925e-05,5.975e-05,5.969e-05,6.05e-05,6.087e-05,6.258e-05,6.234e-05,6.253e-05,5.95e-05
municipal,7.75e-06,7.92e-06,8.18e-06,8.49e-06,9.56e-06,9.29e-06,9.15e-06,9.02e-06,7.84e-06
describes,0.00011447,0.00011396,0.00011121,0.00011174,0.00011171,0.00011328,0.00011249,0.00011283,0.00011422
prize,0.00013207,0.00013758,0.00013605,0.00013585,0.00013691,0.00013475,0.00013581,0.00013684,0.00013482
sr,1.13e-05,1.109e-05,1.015e-05,1.092e-05,1.078e-05,1.112e-05,1.143e-05,1.055e-05,1.12e-05
occurs,6.587e-05,6.546e-05,6.5e-05,6.323e-05,6.421e-05,6.349e-05,6.326e-05,6.314e-05,6.567e-05
jon,2.632e-05,2.583e-05,2.606e-05,2.502e-05,2.504e-05,2.436e-05,2.5e-05,2.462e-05,2.607e-05
absolute,2.632e-05,2.441e-05,2.47e-05,2.487e-05,2.429e-05,2.345e-05,2.256e-05,2.247e-05,2.536e-05
disabilities,1.566e-05,1.601e-05,1.651e-05,1.638e-05,1.7e-05,1.751e-05,1.814e-05,1.789e-05,1.584e-05
consists,0.00017856,0.00017799,0.00017802,0.00017815,0.00017956,0.00018074,0.00018108,0.00018026,0.00017827
anytime,4.52e-06,4.44e-06,4.39e-06,4.09e-06,4.1e-06,4.42e-06,4.27e-06,4.43e-06,4.48e-06
substance,7.91e-06,8.72e-06,9.09e-06,1.031e-05,1.017e-05,9.59e-06,8.99e-06,8.26e-06,8.32e-06
prohibited,5.97e-06,5.23e-06,5.45e-06,5.91e-06,5.46e-06,5.79e-06,5.64e-06,5.66e-06,5.6e-06
addressed,2.842e-05,2.885e-05,2.924e-05,2.835e-05,2.884e-05,2.878e-05,2.957e-05,2.997e-05,2.863e-05
lies,1.954e-05,1.965e-05,1.985e-05,2.001e-05,2.064e-05,2.071e-05,2.043e-05,2.079e-05,1.959e-05
pipe,1.162e-05,1.141e-05,1.106e-05,1.092e-05,1.047e-05,1.035e-05,1.052e-05,8.87e-06,1.152e-05
soldiers,7.59e-06,7.61e-06,7.58e-06,8.19e-06,7.89e-06,7.77e-06,7.93e-06,8.41e-06,7.6e-06
nr,5.33e-06,5.86e-06,7.42e-06,6.82e-06,6.53e-06,7e-06,7.62e-06,7.95e-06,5.59e-06
guardian,3.875e-05,3.899e-05,3.894e-05,3.715e-05,3.582e-05,3.533e-05,3.475e-05,3.318e-05,3.887e-05
lecture,3.649e-05,3.645e-05,3.394e-05,3.336e-05,3.37e-05,3.335e-05,3.247e-05,3.379e-05,3.647e-05
simulation,0.00022668,0.00023125,0.00022938,0.00022895,0.00023102,0.00023083,0.00023199,0.00023423,0.00022897
layout,5.861e-05,5.753e-05,5.697e-05,5.731e-05,5.889e-05,5.908e-05,5.853e-05,5.703e-05,5.807e-05
initiatives,2.067e-05,2.187e-05,2.53e-05,2.578e-05,2.565e-05,2.528e-05,2.576e-05,2.63e-05,2.127e-05
ill,1.066e-05,1.062e-05,1.106e-05,1.137e-05,1.123e-05,1.096e-05,1.052e-05,1.024e-05,1.064e-05
concentration,1.275e-05,1.316e-05,1.394e-05,1.304e-05,1.214e-05,1.157e-05,1.204e-05,1.208e-05,1.296e-05
classics,1.001e-05,8.24e-06,8.03e-06,8.34e-06,8.5e-06,8.37e-06,8.54e-06,9.02e-06,9.13e-06
lbs,1.94e-06,2.54e-06,2.42e-06,2.43e-06,2.43e-06,2.44e-06,2.44e-06,2.45e-06,2.24e-06
lay,7.27e-06,6.34e-06,5.91e-06,5.91e-06,6.07e-06,6.7e-06,6.55e-06,6.12e-06,6.81e-06
interpretation,6.636e-05,6.514e-05,6.318e-05,6.277e-05,6.314e-05,6.426e-05,6.417e-05,6.376e-05,6.575e-05
horses,4.36e-06,4.28e-06,4.39e-06,4.55e-06,4.86e-06,4.72e-06,4.73e-06,4.74e-06,4.32e-06
lol,1.29e-06,1.27e-06,1.36e-06,1.21e-06,1.21e-06,1.22e-06,1.22e-06,1.07e-06,1.28e-06
dirty,7.43e-06,7.13e-06,6.82e-06,6.67e-06,6.98e-06,7.16e-06,7.16e-06,7.03e-06,7.28e-06
deck,6.78e-06,7.29e-06,6.36e-06,6.37e-06,7.13e-06,7.46e-06,7.47e-06,7.49e-06,7.03e-06
wayne,1.324e-05,1.316e-05,1.333e-05,1.395e-05,1.381e-05,1.34e-05,1.296e-05,1.284e-05,1.32e-05
donate,4.36e-06,3.49e-06,3.48e-06,3.18e-06,3.19e-06,3.81e-06,4.27e-06,4.13e-06,3.92e-06
taught,3.164e-05,3.027e-05,2.954e-05,3.032e-05,3.051e-05,3.015e-05,3.201e-05,3.257e-05,3.096e-05
bankruptcy,2.599e-05,2.583e-05,2.621e-05,2.562e-05,2.626e-05,2.817e-05,3.11e-05,3.318e-05,2.591e-05
mp,2.922e-05,2.9e-05,2.742e-05,2.699e-05,2.717e-05,2.665e-05,2.667e-05,2.66e-05,2.911e-05
worker,1.211e-05,1.236e-05,1.258e-05,1.213e-05,1.199e-05,1.249e-05,1.174e-05,1.131e-05,1.224e-05
optimization,0.00026429,0.00026469,0.00026074,0.00026246,0.00026775,0.00026661,0.0002701,0.0002697,0.00026449
alive,1.453e-05,1.506e-05,1.53e-05,1.501e-05,1.654e-05,1.66e-05,1.753e-05,1.682e-05,1.479e-05
temple,7.1e-06,7.92e-06,7.58e-06,7.58e-06,7.59e-06,7.77e-06,7.62e-06,7.64e-06,7.51e-06
substances,6.78e-06,6.5e-06,7.12e-06,7.13e-06,6.53e-06,6.4e-06,7.01e-06,7.03e-06,6.64e-06
prove,3.407e-05,3.566e-05,3.682e-05,3.669e-05,3.643e-05,3.7e-05,3.628e-05,3.639e-05,3.486e-05
discovered,6.7e-05,6.863e-05,6.939e-05,6.944e-05,7.012e-05,7.111e-05,7.012e-05,7.033e-05,6.782e-05
wings,5.81e-06,5.55e-06,6.36e-06,6.52e-06,6.22e-06,6.4e-06,7.01e-06,6.88e-06,5.68e-06
breaks,1.146e-05,1.046e-05,1.091e-05,1.107e-05,1.108e-05,1.112e-05,1.113e-05,1.116e-05,1.096e-05
genetic,4.94e-05,5.088e-05,5.015e-05,5.125e-05,5.1e-05,5.07e-05,4.939e-05,4.923e-05,5.014e-05
restrictions,3.471e-05,3.503e-05,3.591e-05,3.639e-05,3.612e-05,3.67e-05,3.674e-05,3.731e-05,3.487e-05
participating,2.567e-05,2.536e-05,2.47e-05,2.365e-05,2.322e-05,2.314e-05,2.271e-05,2.232e-05,2.552e-05
waters,6.78e-06,6.18e-06,5.61e-06,5.61e-06,5.31e-06,5.63e-06,5.49e-06,5.35e-06,6.48e-06
promise,1.162e-05,1.125e-05,1.061e-05,1.061e-05,1.062e-05,1.051e-05,1.097e-05,1.07e-05,1.144e-05
thin,3.035e-05,2.996e-05,2.985e-05,2.926e-05,2.96e-05,2.908e-05,2.85e-05,2.813e-05,3.015e-05
exhibition,2.083e-05,2.187e-05,2.212e-05,2.153e-05,2.095e-05,2.086e-05,2.088e-05,2.064e-05,2.135e-05
prefer,8.56e-06,8.88e-06,8.64e-06,8.64e-06,8.35e-06,8.83e-06,9.3e-06,9.17e-06,8.72e-06
ridge,1.388e-05,1.363e-05,1.379e-05,1.349e-05,1.29e-05,1.34e-05,1.387e-05,1.345e-05,1.375e-05
cabinet,2.131e-05,2.076e-05,2.348e-05,2.123e-05,2.125e-05,2.177e-05,2.164e-05,2.11e-05,2.104e-05
modem,5.328e-05,5.341e-05,5.075e-05,4.913e-05,4.872e-05,5.04e-05,4.939e-05,4.908e-05,5.334e-05
harris,2.729e-05,2.599e-05,2.545e-05,2.729e-05,2.671e-05,2.756e-05,2.744e-05,2.676e-05,2.664e-05
mph,1.6e-07,1.6e-07,3e-07,1.5e-07,1.5e-07,1.5e-07,1.5e-07,6.1e-07,1.6e-07
bringing,2.535e-05,2.251e-05,2.379e-05,2.471e-05,2.474e-05,2.482e-05,2.439e-05,2.492e-05,2.393e-05
sick,2.58e-06,2.06e-06,2.27e-06,2.43e-06,2.43e-06,2.28e-06,1.98e-06,1.83e-06,2.32e-06
dose,6.3e-06,5.55e-06,5.61e-06,5.16e-06,5.31e-06,5.33e-06,4.88e-06,4.89e-06,5.93e-06
evaluate,3.245e-05,3.202e-05,3.166e-05,3.199e-05,3.172e-05,3.106e-05,3.125e-05,3.15e-05,3.224e-05
tiffany,1.94e-06,1.9e-06,1.67e-06,1.67e-06,1.67e-06,1.67e-06,1.68e-06,1.68e-06,1.92e-06
tropical,8.56e-06,1.157e-05,1.242e-05,1.152e-05,1.245e-05,1.218e-05,1.25e-05,1.284e-05,1.006e-05
collect,3.81e-05,3.899e-05,3.788e-05,3.73e-05,3.764e-05,3.715e-05,3.689e-05,3.761e-05,3.854e-05
bet,3.39e-06,3.01e-06,4.24e-06,4.25e-06,4.1e-06,3.81e-06,3.81e-06,3.82e-06,3.2e-06
composition,3.633e-05,3.614e-05,3.666e-05,3.654e-05,3.491e-05,3.563e-05,3.567e-05,3.578e-05,3.624e-05
toyota,4.2e-06,3.8e-06,4.09e-06,4.55e-06,4.71e-06,4.57e-06,4.42e-06,4.59e-06,4e-06
streets,1.033e-05,9.67e-06,9.85e-06,9.7e-06,9.41e-06,9.44e-06,9.6e-06,1.009e-05,1e-05
nationwide,1.469e-05,1.506e-05,1.485e-05,1.486e-05,1.594e-05,1.584e-05,1.6e-05,1.559e-05,1.487e-05
vector,0.00017243,0.00017276,0.00017105,0.0001683,0.00016681,0.00016719,0.0001666,0.00016864,0.00017259
definitely,2.74e-06,3.01e-06,3.18e-06,2.58e-06,2.58e-06,2.59e-06,2.74e-06,2.75e-06,2.88e-06
shaved,0.0,0.0,0.0,1.5e-07,1.5e-07,1.5e-07,1.5e-07,1.5e-07,0.0
turning,1.534e-05,1.411e-05,1.424e-05,1.501e-05,1.503e-05,1.614e-05,1.555e-05,1.575e-05,1.472e-05
buffer,6.684e-05,6.768e-05,6.833e-05,6.914e-05,6.815e-05,6.761e-05,6.783e-05,6.727e-05,6.726e-05
purple,9.2e-06,8.72e-06,8.94e-06,8.04e-06,7.44e-06,7.46e-06,7.47e-06,7.34e-06,8.96e-06
existence,5.812e-05,5.785e-05,5.788e-05,5.807e-05,5.768e-05,5.862e-05,5.929e-05,6.039e-05,5.798e-05
commentary,1.857e-05,1.759e-05,1.773e-05,1.744e-05,1.837e-05,1.934e-05,1.921e-05,1.972e-05,1.808e-05
larry,2.406e-05,2.298e-05,2.288e-05,2.183e-05,2.186e-05,2.147e-05,2.073e-05,2.217e-05,2.352e-05
limousines,0.0,0.0,0.0,0.0,0.0,0.0,0.0,0.0,0.0
developments,3.794e-05,3.899e-05,3.818e-05,3.806e-05,3.825e-05,3.73e-05,3.811e-05,3.899e-05,3.846e-05
def,7.43e-06,7.92e-06,7.58e-06,7.13e-06,6.83e-06,7e-06,7.16e-06,6.57e-06,7.68e-06
immigration,6.62e-06,7.13e-06,7.27e-06,7.43e-06,7.13e-06,7.46e-06,6.86e-06,6.73e-06,6.88e-06
destinations,1.001e-05,1.014e-05,9.85e-06,9.7e-06,9.11e-06,9.29e-06,9.3e-06,9.48e-06,1.008e-05
lets,2.422e-05,2.425e-05,2.394e-05,2.259e-05,2.231e-05,2.193e-05,2.134e-05,1.988e-05,2.424e-05
mutual,3.035e-05,2.996e-05,2.879e-05,3.017e-05,2.96e-05,2.984e-05,2.957e-05,2.951e-05,3.015e-05
pipeline,4.634e-05,4.676e-05,4.515e-05,4.473e-05,4.432e-05,4.34e-05,4.268e-05,4.097e-05,4.655e-05
necessarily,4.747e-05,4.707e-05,4.772e-05,4.761e-05,4.827e-05,4.842e-05,4.923e-05,5.152e-05,4.727e-05
syntax,0.00011027,0.00010825,0.00010696,0.0001075,0.00010746,0.00010856,0.00011051,0.00011115,0.00010926
li,2.599e-05,2.726e-05,2.712e-05,2.744e-05,2.641e-05,2.68e-05,2.622e-05,2.691e-05,2.663e-05
attribute,4.262e-05,4.2e-05,4.03e-05,4.003e-05,3.962e-05,3.928e-05,3.948e-05,4.097e-05,4.231e-05
prison,1.598e-05,1.664e-05,1.909e-05,2.001e-05,2.049e-05,1.964e-05,2.073e-05,2.202e-05,1.631e-05
skill,1.582e-05,1.617e-05,1.591e-05,1.653e-05,1.715e-05,1.721e-05,1.783e-05,1.758e-05,1.599e-05
chairs,1.001e-05,1.014e-05,1.015e-05,1.016e-05,9.87e-06,1.066e-05,1.037e-05,9.78e-06,1.008e-05
nl,1.259e-05,1.268e-05,1.303e-05,1.258e-05,1.169e-05,1.127e-05,1.143e-05,1.177e-05,1.264e-05
everyday,1.986e-05,1.981e-05,2e-05,2.032e-05,2.019e-05,2.025e-05,1.982e-05,1.972e-05,1.983e-05
apparently,1.453e-05,1.49e-05,1.424e-05,1.349e-05,1.366e-05,1.37e-05,1.387e-05,1.376e-05,1.472e-05
surrounding,3.213e-05,3.249e-05,3.303e-05,3.366e-05,3.4e-05,3.38e-05,3.384e-05,3.409e-05,3.231e-05
mountains,5.33e-06,5.55e-06,5.3e-06,5.31e-06,5.46e-06,5.48e-06,5.49e-06,5.5e-06,5.44e-06
moves,4.149e-05,4.121e-05,4.257e-05,4.306e-05,4.311e-05,4.385e-05,4.268e-05,4.235e-05,4.135e-05
popularity,7.346e-05,7.497e-05,7.409e-05,7.672e-05,7.498e-05,7.583e-05,7.667e-05,7.843e-05,7.422e-05
inquiry,9.04e-06,9.19e-06,8.33e-06,8.79e-06,8.04e-06,9.29e-06,9.45e-06,9.17e-06,9.11e-06
ethernet,0.00012722,0.00012585,0.00012545,0.00012569,0.00012659,0.00012531,0.00012636,0.00012827,0.00012653
checked,1.631e-05,1.553e-05,1.424e-05,1.41e-05,1.442e-05,1.386e-05,1.418e-05,1.422e-05,1.592e-05
exhibit,2.293e-05,2.156e-05,2.167e-05,2.138e-05,2.11e-05,2.071e-05,2.104e-05,2.064e-05,2.225e-05
throw,5.65e-06,5.86e-06,4.7e-06,4.55e-06,4.4e-06,4.26e-06,4.42e-06,3.67e-06,5.75e-06
trend,2.906e-05,2.996e-05,2.985e-05,3.048e-05,3.066e-05,3.061e-05,3.11e-05,3.058e-05,2.951e-05
sierra,2.083e-05,2.029e-05,1.939e-05,1.971e-05,2.004e-05,2.056e-05,2.027e-05,2.018e-05,2.056e-05
visible,5.263e-05,5.262e-05,5.182e-05,5.307e-05,5.237e-05,5.116e-05,5.167e-05,5.107e-05,5.263e-05
cats,6.3e-06,6.5e-06,5.61e-06,5e-06,4.71e-06,4.57e-06,5.18e-06,5.2e-06,6.4e-06
desert,5e-06,5.39e-06,5.3e-06,6.06e-06,6.07e-06,5.48e-06,5.33e-06,5.35e-06,5.2e-06
postposted,0.0,0.0,0.0,0.0,0.0,0.0,0.0,0.0,0.0
ya,1.94e-06,1.74e-06,2.12e-06,2.58e-06,2.58e-06,2.59e-06,2.59e-06,2.45e-06,1.84e-06
oldest,2.632e-05,2.679e-05,2.773e-05,2.926e-05,3.005e-05,3.091e-05,3.064e-05,3.18e-05,2.655e-05
rhode,4.84e-06,4.91e-06,5.91e-06,5e-06,4.86e-06,4.57e-06,4.57e-06,4.59e-06,4.87e-06
nba,8.72e-06,8.56e-06,8.64e-06,8.49e-06,8.2e-06,8.07e-06,1.341e-05,1.269e-05,8.64e-06
busty,1.6e-07,3.2e-07,3e-07,3e-07,3e-07,3e-07,3e-07,3.1e-07,2.4e-07
coordinator,8.56e-06,8.4e-06,8.33e-06,8.64e-06,8.04e-06,8.68e-06,8.54e-06,8.87e-06,8.48e-06
obviously,5.97e-06,5.39e-06,4.7e-06,3.94e-06,3.79e-06,3.96e-06,4.12e-06,4.13e-06,5.68e-06
mercury,1.534e-05,1.331e-05,1.318e-05,1.334e-05,1.321e-05,1.309e-05,1.265e-05,1.254e-05,1.432e-05
steven,3.423e-05,3.297e-05,3.348e-05,3.214e-05,3.248e-05,3.319e-05,3.384e-05,3.44e-05,3.36e-05
handbook,3.439e-05,3.392e-05,3.318e-05,3.29e-05,3.294e-05,3.167e-05,3.17e-05,3.073e-05,3.416e-05
greg,2.05e-05,1.965e-05,1.985e-05,1.85e-05,1.882e-05,1.842e-05,1.768e-05,1.728e-05,2.008e-05
navigate,1.808e-05,1.743e-05,1.788e-05,1.804e-05,1.806e-05,1.751e-05,1.829e-05,1.865e-05,1.776e-05
worse,1.066e-05,1.03e-05,1.03e-05,9.25e-06,9.56e-06,9.74e-06,1.067e-05,1.04e-05,1.048e-05
summit,1.614e-05,1.759e-05,1.924e-05,1.926e-05,1.852e-05,1.797e-05,1.722e-05,1.682e-05,1.687e-05
victims,1.275e-05,1.284e-05,1.318e-05,1.486e-05,1.548e-05,1.66e-05,1.677e-05,1.667e-05,1.28e-05
epa,1.94e-06,1.9e-06,1.97e-06,1.52e-06,1.52e-06,1.52e-06,1.68e-06,1.68e-06,1.92e-06
spaces,6.232e-05,6.15e-05,6.151e-05,6.156e-05,6.102e-05,6.167e-05,6.28e-05,6.131e-05,6.191e-05
fundamental,8.977e-05,9.082e-05,8.969e-05,9.067e-05,9.077e-05,8.984e-05,9.115e-05,9.036e-05,9.03e-05
burning,7.91e-06,7.45e-06,7.12e-06,7.28e-06,7.59e-06,7.61e-06,7.47e-06,7.34e-06,7.68e-06
escape,1.889e-05,1.823e-05,1.864e-05,1.926e-05,2.155e-05,2.132e-05,2.164e-05,2.125e-05,1.856e-05
coupons,5.17e-06,4.75e-06,4.24e-06,4.4e-06,3.79e-06,3.65e-06,2.9e-06,2.9e-06,4.96e-06
somewhat,3.52e-05,3.519e-05,3.273e-05,3.199e-05,3.172e-05,3.106e-05,3.003e-05,2.935e-05,3.52e-05
receiver,5.861e-05,5.849e-05,5.53e-05,5.549e-05,5.662e-05,5.558e-05,5.503e-05,5.336e-05,5.855e-05
substantial,2.971e-05,2.98e-05,2.818e-05,2.835e-05,2.732e-05,2.756e-05,2.652e-05,2.706e-05,2.975e-05
tr,1.453e-05,1.316e-05,1.303e-05,1.258e-05,1.138e-05,1.066e-05,1.006e-05,1.055e-05,1.385e-05
progressive,1.308e-05,1.395e-05,1.409e-05,1.501e-05,1.639e-05,1.614e-05,1.585e-05,1.682e-05,1.352e-05
cialis,0.0,0.0,0.0,0.0,0.0,0.0,0.0,0.0,0.0
bb,3.39e-06,3.8e-06,4.24e-06,4.4e-06,4.25e-06,2.89e-06,2.74e-06,2.6e-06,3.6e-06
boats,6.3e-06,5.39e-06,5.3e-06,5.31e-06,4.86e-06,5.02e-06,4.88e-06,4.89e-06,5.84e-06
glance,3.55e-06,3.01e-06,2.73e-06,2.73e-06,2.88e-06,3.2e-06,3.05e-06,2.75e-06,3.28e-06
scottish,2.228e-05,2.235e-05,2.257e-05,2.289e-05,2.322e-05,2.33e-05,2.332e-05,2.309e-05,2.231e-05
championship,1.485e-05,1.458e-05,1.454e-05,1.44e-05,1.457e-05,1.538e-05,1.54e-05,1.498e-05,1.472e-05
arcade,0.00012593,0.00012077,0.00012363,0.00012296,0.00013828,0.00013978,0.00013978,0.0001402,0.00012335
richmond,6.62e-06,6.66e-06,5.91e-06,5.76e-06,5.77e-06,5.79e-06,5.94e-06,6.12e-06,6.64e-06
sacramento,1.94e-06,1.58e-06,1.67e-06,1.67e-06,1.67e-06,1.67e-06,1.83e-06,1.68e-06,1.76e-06
impossible,3.875e-05,3.931e-05,3.773e-05,3.745e-05,3.673e-05,3.67e-05,3.734e-05,3.731e-05,3.903e-05
ron,2.115e-05,2.013e-05,2.136e-05,2.062e-05,2.049e-05,2.01e-05,2.012e-05,2.003e-05,2.064e-05
russell,1.873e-05,1.823e-05,1.939e-05,1.895e-05,1.943e-05,1.979e-05,1.89e-05,1.881e-05,1.848e-05
tells,1.405e-05,1.411e-05,1.409e-05,1.319e-05,1.275e-05,1.188e-05,1.189e-05,1.208e-05,1.408e-05
obvious,1.518e-05,1.474e-05,1.409e-05,1.395e-05,1.305e-05,1.233e-05,1.204e-05,1.193e-05,1.496e-05
fiber,6.813e-05,7.021e-05,7.03e-05,7.263e-05,7.286e-05,7.05e-05,7.179e-05,7.278e-05,6.917e-05
depression,6.94e-06,6.97e-06,6.67e-06,6.22e-06,6.37e-06,6.85e-06,6.55e-06,6.88e-06,6.96e-06
graph,0.00061189,0.00060974,0.00062057,0.00061891,0.00062262,0.00063098,0.00063181,0.0006348,0.00061082
covering,8.831e-05,8.971e-05,9.03e-05,8.93e-05,9.183e-05,8.77e-05,8.993e-05,9.112e-05,8.901e-05
platinum,5.33e-06,5.23e-06,5.3e-06,5.76e-06,5.77e-06,5.33e-06,5.03e-06,4.89e-06,5.28e-06
judgment,1.066e-05,1.03e-05,1.076e-05,1.046e-05,1.032e-05,8.98e-06,9.6e-06,9.48e-06,1.048e-05
bedrooms,1.6e-07,1.6e-07,1.5e-07,1.5e-07,1.5e-07,1.5e-07,1.5e-07,0.0,1.6e-07
talks,1.841e-05,1.728e-05,1.697e-05,1.668e-05,1.579e-05,1.629e-05,1.616e-05,1.559e-05,1.785e-05
filing,1.098e-05,1.094e-05,1.045e-05,1.046e-05,1.032e-05,1.02e-05,1.021e-05,1.055e-05,1.096e-05
foster,1.663e-05,1.664e-05,1.864e-05,1.804e-05,1.837e-05,1.736e-05,1.738e-05,1.682e-05,1.663e-05
modeling,0.00026236,0.00026089,0.00026165,0.00025988,0.00025788,0.00026007,0.00025852,0.00026068,0.00026163
passing,4.827e-05,4.755e-05,4.682e-05,4.609e-05,4.599e-05,4.522e-05,4.542e-05,4.648e-05,4.791e-05
awarded,0.00010785,0.00011111,0.00011272,0.00010917,0.00010883,0.00010826,0.00010914,0.00010702,0.00010948
testimonials,8.1e-07,7.9e-07,6.1e-07,6.1e-07,6.1e-07,6.1e-07,6.1e-07,6.1e-07,8e-07
trials,1.534e-05,1.569e-05,1.636e-05,1.653e-05,1.654e-05,1.629e-05,1.692e-05,1.651e-05,1.551e-05
tissue,1.647e-05,1.553e-05,1.47e-05,1.38e-05,1.442e-05,1.462e-05,1.463e-05,1.437e-05,1.6e-05
nz,9.2e-06,8.56e-06,8.33e-06,7.28e-06,6.07e-06,5.79e-06,6.25e-06,6.73e-06,8.88e-06
memorabilia,2.74e-06,2.69e-06,2.73e-06,2.58e-06,2.58e-06,2.59e-06,2.59e-06,2.6e-06,2.72e-06
clinton,1.453e-05,1.49e-05,1.591e-05,1.516e-05,1.518e-05,1.553e-05,1.555e-05,1.559e-05,1.472e-05
masters,1.808e-05,1.807e-05,1.636e-05,1.698e-05,1.594e-05,1.431e-05,1.402e-05,1.33e-05,1.807e-05
bonds,9.69e-06,8.56e-06,8.79e-06,9.1e-06,9.41e-06,8.98e-06,9.15e-06,9.33e-06,9.12e-06
cartridge,3.051e-05,3.091e-05,3.03e-05,3.063e-05,3.066e-05,3e-05,3.003e-05,2.966e-05,3.071e-05
alberta,1.162e-05,1.046e-05,1.03e-05,9.7e-06,9.41e-06,9.74e-06,1.021e-05,9.78e-06,1.104e-05
explanation,1.841e-05,1.807e-05,1.864e-05,1.653e-05,1.624e-05,1.66e-05,1.677e-05,1.636e-05,1.824e-05
folk,7.59e-06,7.29e-06,6.82e-06,7.13e-06,7.29e-06,7e-06,6.86e-06,6.73e-06,7.44e-06
org,0.00030579,0.00028799,0.00027089,0.00026064,0.00022085,0.00017312,0.00016889,0.00015992,0.00029689
commons,2.745e-05,2.679e-05,2.803e-05,2.699e-05,2.671e-05,2.68e-05,2.683e-05,2.706e-05,2.712e-05
cincinnati,4.36e-06,4.28e-06,3.94e-06,4.09e-06,3.49e-06,3.5e-06,3.51e-06,3.67e-06,4.32e-06
subsection,2.74e-06,2.54e-06,2.58e-06,2.73e-06,2.43e-06,2.44e-06,2.44e-06,2.45e-06,2.64e-06
fraud,2.987e-05,3.17e-05,3e-05,3.002e-05,3.005e-05,3.015e-05,3.231e-05,3.241e-05,3.078e-05
electricity,1.34e-05,1.347e-05,1.227e-05,1.213e-05,1.199e-05,1.127e-05,1.387e-05,1.452e-05,1.343e-05
permitted,1.937e-05,1.886e-05,1.894e-05,1.941e-05,1.867e-05,1.873e-05,1.844e-05,1.865e-05,1.911e-05
spectrum,0.00014321,0.00014217,0.00013969,0.000136,0.00013615,0.00013612,0.00013505,0.00013515,0.00014269
arrival,1.114e-05,1.189e-05,1.106e-05,1.183e-05,1.214e-05,1.264e-05,1.326e-05,1.33e-05,1.152e-05
okay,6.5e-07,1.6e-07,0.0,0.0,0.0,1.5e-07,1.5e-07,1.5e-07,4.1e-07
pottery,1.29e-06,1.27e-06,1.52e-06,1.97e-06,1.97e-06,1.98e-06,1.98e-06,1.99e-06,1.28e-06
emphasis,4.343e-05,4.438e-05,4.409e-05,4.291e-05,4.235e-05,4.34e-05,4.451e-05,4.342e-05,4.391e-05
roger,2.745e-05,2.805e-05,2.682e-05,2.669e-05,2.626e-05,2.619e-05,2.53e-05,2.477e-05,2.775e-05
aspect,4.763e-05,4.771e-05,4.742e-05,4.67e-05,4.569e-05,4.568e-05,4.542e-05,4.571e-05,4.767e-05
workplace,1.017e-05,9.99e-06,1.03e-05,1.107e-05,1.108e-05,1.081e-05,1.189e-05,1.223e-05,1.008e-05
awesome,4.04e-06,3.96e-06,3.64e-06,3.79e-06,3.95e-06,3.81e-06,3.96e-06,3.82e-06,4e-06
mexican,9.36e-06,9.99e-06,1e-05,9.7e-06,1.017e-05,9.44e-06,9.45e-06,9.94e-06,9.67e-06
confirmed,2.099e-05,2.124e-05,2.136e-05,2.032e-05,2.155e-05,2.147e-05,2.134e-05,2.171e-05,2.112e-05
counts,1.501e-05,1.601e-05,1.621e-05,1.653e-05,1.639e-05,1.675e-05,1.616e-05,1.667e-05,1.551e-05
priced,1.227e-05,1.331e-05,1.318e-05,1.228e-05,1.26e-05,1.264e-05,1.25e-05,1.269e-05,1.279e-05
wallpapers,1.94e-06,1.9e-06,1.82e-06,1.97e-06,1.97e-06,2.13e-06,2.29e-06,2.29e-06,1.92e-06
hist,3.2e-07,3.2e-07,3e-07,3e-07,0.0,0.0,0.0,0.0,3.2e-07
crash,3.697e-05,3.598e-05,3.485e-05,3.396e-05,3.37e-05,3.517e-05,3.582e-05,3.501e-05,3.647e-05
lift,8.23e-06,7.92e-06,8.48e-06,7.88e-06,7.44e-06,7.77e-06,7.32e-06,7.64e-06,8.07e-06
desired,5.748e-05,5.833e-05,5.666e-05,5.671e-05,5.677e-05,5.71e-05,5.762e-05,5.84e-05,5.79e-05
inter,4.924e-05,4.834e-05,4.712e-05,4.67e-05,4.645e-05,4.751e-05,4.756e-05,4.648e-05,4.879e-05
closer,2.244e-05,2.457e-05,2.379e-05,2.244e-05,2.292e-05,2.284e-05,2.225e-05,2.202e-05,2.35e-05
assumes,1.986e-05,1.981e-05,2.121e-05,2.183e-05,2.216e-05,2.208e-05,2.317e-05,2.324e-05,1.983e-05
heights,7.75e-06,8.24e-06,7.88e-06,7.88e-06,7.74e-06,7.31e-06,7.16e-06,7.19e-06,8e-06
shadow,3.213e-05,3.313e-05,3.379e-05,3.381e-05,3.37e-05,3.533e-05,3.521e-05,3.532e-05,3.263e-05
riding,3.23e-06,3.17e-06,3.79e-06,3.64e-06,3.64e-06,3.5e-06,3.51e-06,3.67e-06,3.2e-06
infection,7.27e-06,7.45e-06,6.97e-06,6.97e-06,6.68e-06,7.31e-06,7.62e-06,7.49e-06,7.36e-06
firefox,4.843e-05,4.739e-05,4.621e-05,4.458e-05,4.478e-05,4.202e-05,4.222e-05,4.204e-05,4.791e-05
lisa,1.986e-05,2.013e-05,2e-05,2.077e-05,2.11e-05,2.025e-05,2.012e-05,2.003e-05,2e-05
expense,1.227e-05,1.173e-05,1.167e-05,1.152e-05,1.154e-05,1.188e-05,1.158e-05,1.177e-05,1.2e-05
grove,4.68e-06,4.91e-06,4.7e-06,4.55e-06,4.4e-06,4.42e-06,4.42e-06,4.28e-06,4.79e-06
eligibility,9.7e-07,1.43e-06,1.06e-06,1.21e-06,1.06e-06,1.07e-06,1.07e-06,1.07e-06,1.2e-06
venture,8.331e-05,8.448e-05,8.257e-05,8.369e-05,8.333e-05,8.253e-05,8.277e-05,8.195e-05,8.39e-05
clinic,2.42e-06,1.74e-06,2.12e-06,2.12e-06,2.28e-06,2.28e-06,2.13e-06,2.14e-06,2.08e-06
korean,4.811e-05,5.056e-05,5e-05,5.125e-05,5.1e-05,5.116e-05,5.304e-05,5.29e-05,4.934e-05
healing,3.71e-06,3.33e-06,3.94e-06,3.94e-06,4.4e-06,4.11e-06,3.81e-06,4.13e-06,3.52e-06
princess,1.308e-05,1.316e-05,1.348e-05,1.365e-05,1.366e-05,1.294e-05,1.341e-05,1.345e-05,1.312e-05
mall,2.74e-06,2.69e-06,2.58e-06,2.88e-06,2.73e-06,2.59e-06,2.44e-06,2.29e-06,2.72e-06
entering,2.212e-05,2.124e-05,2.076e-05,2.214e-05,2.262e-05,2.177e-05,2.286e-05,2.324e-05,2.168e-05
packet,0.00014466,0.00014328,0.00014317,0.00014343,0.00014313,0.00014084,0.00013978,0.00013959,0.00014397
spray,1.78e-06,2.06e-06,2.12e-06,1.82e-06,1.82e-06,1.83e-06,1.68e-06,1.68e-06,1.92e-06
studios,8.363e-05,8.4e-05,9.106e-05,9.234e-05,9.456e-05,9.73e-05,9.999e-05,0.0001006,8.381e-05
involvement,2.083e-05,2.06e-05,2.106e-05,2.198e-05,2.277e-05,2.36e-05,2.408e-05,2.446e-05,2.072e-05
dad,1.13e-06,9.5e-07,1.06e-06,1.06e-06,1.37e-06,1.37e-06,1.22e-06,1.22e-06,1.04e-06
buttons,3.358e-05,3.265e-05,3.409e-05,3.396e-05,3.37e-05,3.289e-05,3.17e-05,3.073e-05,3.311e-05
placement,1.744e-05,1.728e-05,1.803e-05,1.819e-05,1.685e-05,1.66e-05,1.661e-05,1.667e-05,1.736e-05
observations,3.261e-05,3.122e-05,3.045e-05,2.972e-05,3.021e-05,3.045e-05,2.957e-05,2.981e-05,3.192e-05
vbulletin,1.13e-06,9.5e-07,1.21e-06,1.36e-06,1.37e-06,1.37e-06,1.37e-06,1.38e-06,1.04e-06
funded,9.445e-05,9.573e-05,9.454e-05,9.689e-05,9.441e-05,9.334e-05,9.39e-05,9.403e-05,9.509e-05
thompson,1.614e-05,1.569e-05,1.621e-05,1.713e-05,1.685e-05,1.614e-05,1.631e-05,1.575e-05,1.591e-05
winners,2.357e-05,2.203e-05,2.212e-05,2.001e-05,1.912e-05,1.873e-05,1.951e-05,1.926e-05,2.28e-05
extend,4.666e-05,4.628e-05,4.469e-05,4.549e-05,4.554e-05,4.446e-05,4.375e-05,4.357e-05,4.647e-05
roads,1.066e-05,1.078e-05,1.091e-05,1.107e-05,1.032e-05,1.066e-05,1.006e-05,9.94e-06,1.072e-05
subsequent,7.152e-05,7.116e-05,7.151e-05,7.308e-05,7.589e-05,7.507e-05,7.698e-05,7.813e-05,7.134e-05
pat,8.4e-06,8.4e-06,8.18e-06,8.04e-06,7.59e-06,7.46e-06,7.32e-06,7.49e-06,8.4e-06
dublin,1.55e-05,1.712e-05,1.727e-05,1.804e-05,1.685e-05,1.751e-05,1.585e-05,1.498e-05,1.631e-05
rolling,1.098e-05,1.109e-05,1.258e-05,1.183e-05,1.229e-05,1.279e-05,1.25e-05,1.3e-05,1.104e-05
fell,9.85e-06,9.99e-06,9.85e-06,9.7e-06,9.41e-06,9.74e-06,9.76e-06,1.009e-05,9.92e-06
motorcycle,5.49e-06,4.91e-06,4.09e-06,4.4e-06,4.4e-06,4.57e-06,4.57e-06,4.59e-06,5.2e-06
yard,4.2e-06,4.28e-06,4.09e-06,4.09e-06,4.1e-06,3.96e-06,3.96e-06,3.98e-06,4.24e-06
disclosure,2.034e-05,2.045e-05,2.03e-05,2.032e-05,2.277e-05,2.375e-05,2.332e-05,2.232e-05,2.039e-05
establishment,2.535e-05,2.536e-05,2.636e-05,2.562e-05,2.504e-05,2.497e-05,2.53e-05,2.63e-05,2.536e-05
memories,1.518e-05,1.664e-05,1.773e-05,1.789e-05,1.761e-05,1.827e-05,1.768e-05,1.774e-05,1.591e-05
nelson,2.26e-05,2.108e-05,2.076e-05,2.077e-05,1.988e-05,2.01e-05,1.982e-05,2.003e-05,2.184e-05
te,1.146e-05,1.125e-05,1.151e-05,1.152e-05,1.108e-05,1.127e-05,1.021e-05,1.024e-05,1.136e-05
arrived,7.75e-06,7.45e-06,8.18e-06,8.34e-06,8.2e-06,9.14e-06,8.84e-06,8.71e-06,7.6e-06
creates,6.006e-05,6.007e-05,6.242e-05,6.141e-05,5.996e-05,5.832e-05,5.747e-05,5.672e-05,6.007e-05
faces,2.712e-05,2.758e-05,2.803e-05,2.957e-05,2.975e-05,2.923e-05,2.835e-05,2.905e-05,2.735e-05
tourist,4.68e-06,4.12e-06,3.79e-06,3.64e-06,3.64e-06,3.96e-06,3.81e-06,3.82e-06,4.4e-06
cocks,8.1e-07,7.9e-07,7.6e-07,7.6e-07,7.6e-07,9.1e-07,9.1e-07,9.2e-07,8e-07
av,1.049e-05,1.046e-05,1e-05,1.092e-05,9.87e-06,8.98e-06,8.69e-06,8.56e-06,1.048e-05
mayor,8.56e-06,8.56e-06,8.18e-06,8.04e-06,8.2e-06,7.92e-06,8.38e-06,8.1e-06,8.56e-06
murder,1.114e-05,1.22e-05,1.379e-05,1.44e-05,1.487e-05,1.599e-05,1.555e-05,1.559e-05,1.167e-05
sean,1.243e-05,1.189e-05,1.151e-05,1.107e-05,1.169e-05,1.142e-05,1.174e-05,1.162e-05,1.216e-05
adequate,1.179e-05,1.094e-05,1.121e-05,1.122e-05,1.093e-05,1.005e-05,1.052e-05,1.04e-05,1.137e-05
senator,5e-06,5.39e-06,6.36e-06,6.82e-06,6.83e-06,6.7e-06,6.55e-06,6.27e-06,5.2e-06
yield,1.776e-05,1.807e-05,1.833e-05,1.804e-05,1.821e-05,1.842e-05,1.799e-05,1.758e-05,1.792e-05
presentations,2.357e-05,2.346e-05,2.394e-05,2.289e-05,2.231e-05,2.147e-05,2.088e-05,2.125e-05,2.352e-05
grades,4.04e-06,3.8e-06,3.64e-06,3.64e-06,3.49e-06,3.5e-06,4.12e-06,3.52e-06,3.92e-06
cartoons,1.227e-05,1.268e-05,1.258e-05,1.258e-05,1.29e-05,1.325e-05,1.296e-05,1.223e-05,1.247e-05
pour,5e-06,5.55e-06,5.45e-06,5.31e-06,5.62e-06,5.48e-06,5.18e-06,5.2e-06,5.28e-06
digest,1.049e-05,9.83e-06,9.7e-06,9.4e-06,8.96e-06,8.98e-06,9.15e-06,8.56e-06,1.016e-05
reg,1.94e-06,1.74e-06,1.97e-06,1.67e-06,1.82e-06,1.83e-06,1.68e-06,1.53e-06,1.84e-06
lodging,1.13e-06,1.11e-06,1.06e-06,1.21e-06,1.37e-06,1.07e-06,1.22e-06,9.2e-07,1.12e-06
tion,1.6e-07,1.6e-07,1.5e-07,1.5e-07,1.5e-07,1.5e-07,1.5e-07,1.5e-07,1.6e-07
dust,9.36e-06,8.88e-06,9.85e-06,9.7e-06,9.87e-06,9.9e-06,9.6e-06,9.78e-06,9.12e-06
hence,7.637e-05,7.37e-05,7.348e-05,7.308e-05,7.24e-05,7.156e-05,7.118e-05,6.88e-05,7.504e-05
wiki,6.135e-05,5.627e-05,5.818e-05,5.883e-05,5.51e-05,5.268e-05,5.122e-05,4.984e-05,5.881e-05
entirely,6.749e-05,6.689e-05,6.606e-05,6.671e-05,6.709e-05,6.745e-05,6.661e-05,6.574e-05,6.719e-05
replaced,0.0001332,0.00013393,0.00013636,0.00014267,0.00014678,0.00014846,0.00015228,0.00015625,0.00013356
radar,4.101e-05,3.899e-05,3.833e-05,3.866e-05,3.931e-05,3.974e-05,4.009e-05,4.082e-05,4e-05
rescue,1.889e-05,1.981e-05,2.121e-05,2.168e-05,2.095e-05,1.995e-05,1.997e-05,1.942e-05,1.935e-05
undergraduate,3.633e-05,3.598e-05,3.439e-05,3.411e-05,3.339e-05,3.228e-05,3.323e-05,3.302e-05,3.615e-05
losses,1.162e-05,1.205e-05,1.258e-05,1.243e-05,1.336e-05,1.325e-05,1.387e-05,1.437e-05,1.184e-05
combat,4.86e-05,4.882e-05,5.666e-05,5.913e-05,6.026e-05,6.06e-05,6.204e-05,6.268e-05,4.871e-05
reducing,4.391e-05,4.438e-05,4.424e-05,4.336e-05,4.432e-05,4.69e-05,4.71e-05,5.015e-05,4.414e-05
stopped,2.664e-05,2.726e-05,2.833e-05,2.79e-05,2.838e-05,2.863e-05,2.896e-05,2.966e-05,2.695e-05
occupation,4.36e-06,4.28e-06,4.85e-06,4.7e-06,4.55e-06,4.57e-06,4.12e-06,3.98e-06,4.32e-06
lakes,2.58e-06,3.17e-06,3.03e-06,3.18e-06,3.79e-06,3.5e-06,3.51e-06,3.82e-06,2.88e-06
butt,8.1e-07,9.5e-07,7.6e-07,7.6e-07,6.1e-07,6.1e-07,4.6e-07,4.6e-07,8.8e-07
donations,1.066e-05,1.109e-05,1.106e-05,1.137e-05,1.123e-05,1.127e-05,1.204e-05,1.177e-05,1.088e-05
associations,1.324e-05,1.316e-05,1.303e-05,1.304e-05,1.321e-05,1.37e-05,1.357e-05,1.345e-05,1.32e-05
citysearch,0.0,0.0,0.0,0.0,0.0,0.0,0.0,0.0,0.0
closely,7.976e-05,7.988e-05,7.939e-05,7.945e-05,7.999e-05,8.161e-05,8.246e-05,8.287e-05,7.982e-05
radiation,3.503e-05,3.091e-05,3.091e-05,3.123e-05,3.081e-05,3.198e-05,3.155e-05,3.241e-05,3.297e-05
diary,7.1e-06,7.45e-06,7.27e-06,6.82e-06,6.83e-06,7e-06,7.16e-06,6.73e-06,7.27e-06
seriously,5.81e-06,5.71e-06,5.45e-06,5.31e-06,5.16e-06,5.33e-06,5.33e-06,4.89e-06,5.76e-06
kings,5.49e-06,5.55e-06,6.06e-06,5.61e-06,5.62e-06,5.02e-06,5.79e-06,5.66e-06,5.52e-06
shooting,1.679e-05,1.696e-05,1.939e-05,1.941e-05,1.973e-05,2.056e-05,2.058e-05,2.064e-05,1.688e-05
kent,1.776e-05,1.807e-05,1.727e-05,1.759e-05,1.7e-05,1.629e-05,1.616e-05,1.621e-05,1.792e-05
adds,5.118e-05,5.008e-05,4.939e-05,4.852e-05,4.994e-05,4.979e-05,4.862e-05,4.77e-05,5.063e-05
nsw,3.55e-06,2.85e-06,3.18e-06,2.43e-06,2.43e-06,2.59e-06,2.29e-06,2.14e-06,3.2e-06
ear,1.663e-05,1.633e-05,1.591e-05,1.683e-05,1.685e-05,1.614e-05,1.509e-05,1.529e-05,1.648e-05
flags,1.211e-05,1.173e-05,1.121e-05,1.167e-05,1.138e-05,1.157e-05,1.204e-05,1.254e-05,1.192e-05
pci,6.167e-05,6.403e-05,6.484e-05,6.52e-05,6.375e-05,6.319e-05,6.432e-05,6.452e-05,6.285e-05
baker,1.082e-05,1.062e-05,1.167e-05,1.213e-05,1.199e-05,1.203e-05,1.189e-05,1.223e-05,1.072e-05
launched,0.00031402,0.00032413,0.00033165,0.00033387,0.00034106,0.00034336,0.00034266,0.00034584,0.00031907
elsewhere,2.293e-05,2.362e-05,2.318e-05,2.274e-05,2.125e-05,2.101e-05,2.088e-05,2.171e-05,2.327e-05
pollution,6.62e-06,7.29e-06,6.82e-06,6.82e-06,8.35e-06,8.22e-06,8.54e-06,9.02e-06,6.96e-06
conservative,1.954e-05,2.108e-05,2.091e-05,2.198e-05,2.171e-05,2.269e-05,2.241e-05,2.217e-05,2.031e-05
guestbook,3.2e-07,3.2e-07,3e-07,3e-07,3e-07,3e-07,3e-07,3.1e-07,3.2e-07
shock,8.88e-06,8.72e-06,8.64e-06,8.79e-06,8.35e-06,8.37e-06,8.99e-06,9.02e-06,8.8e-06
effectiveness,1.857e-05,1.934e-05,1.954e-05,1.971e-05,1.882e-05,2.025e-05,2.012e-05,2.018e-05,1.896e-05
walls,1.179e-05,1.189e-05,1.151e-05,1.137e-05,1.123e-05,1.112e-05,1.128e-05,1.223e-05,1.184e-05
abroad,1.114e-05,1.189e-05,1.182e-05,1.137e-05,1.154e-05,1.157e-05,1.052e-05,9.78e-06,1.152e-05
ebony,3.2e-07,3.2e-07,4.5e-07,4.5e-07,4.6e-07,4.6e-07,4.6e-07,4.6e-07,3.2e-07
tie,1.017e-05,1.046e-05,1.136e-05,1.122e-05,1.123e-05,1.127e-05,1.097e-05,1.055e-05,1.031e-05
ward,1.34e-05,1.379e-05,1.485e-05,1.41e-05,1.381e-05,1.401e-05,1.387e-05,1.361e-05,1.36e-05
drawn,4.682e-05,4.47e-05,4.591e-05,4.458e-05,4.387e-05,4.4e-05,4.466e-05,4.48e-05,4.576e-05
arthur,2.761e-05,2.726e-05,2.697e-05,2.744e-05,2.823e-05,2.604e-05,2.698e-05,2.706e-05,2.744e-05
ian,2.712e-05,2.694e-05,2.621e-05,2.684e-05,2.687e-05,2.71e-05,2.637e-05,2.553e-05,2.703e-05
visited,2.858e-05,2.79e-05,2.742e-05,2.487e-05,2.641e-05,2.482e-05,2.546e-05,2.645e-05,2.824e-05
roof,2.91e-06,2.54e-06,2.42e-06,2.12e-06,2.12e-06,2.28e-06,2.29e-06,2.45e-06,2.73e-06
walker,1.308e-05,1.268e-05,1.258e-05,1.213e-05,1.214e-05,1.157e-05,1.189e-05,1.193e-05,1.288e-05
demonstrate,1.986e-05,2.029e-05,2.076e-05,2.047e-05,2.019e-05,2.071e-05,1.936e-05,1.896e-05,2.008e-05
atmosphere,2.664e-05,2.647e-05,2.576e-05,2.669e-05,2.793e-05,2.908e-05,3.11e-05,3.272e-05,2.655e-05
suggests,2.309e-05,2.251e-05,2.227e-05,2.062e-05,2.095e-05,2.04e-05,2.012e-05,2.095e-05,2.28e-05
kiss,2.42e-06,2.22e-06,2.12e-06,2.12e-06,1.97e-06,2.13e-06,2.29e-06,2.45e-06,2.32e-06
beast,3.71e-06,4.6e-06,4.39e-06,4.7e-06,4.25e-06,4.11e-06,3.96e-06,3.82e-06,4.16e-06
ra,8.88e-06,7.92e-06,8.48e-06,1.046e-05,1.002e-05,1.005e-05,1.006e-05,1.116e-05,8.4e-06
operated,0.00012545,0.00013108,0.0001362,0.00013995,0.00014298,0.00014419,0.00014572,0.00014983,0.00012827
experiment,4.052e-05,4.01e-05,4.091e-05,4.018e-05,4.053e-05,4.02e-05,4.253e-05,4.204e-05,4.031e-05
targets,5.166e-05,5.357e-05,5.348e-05,5.322e-05,5.07e-05,5.07e-05,5.045e-05,5.091e-05,5.261e-05
overseas,1.259e-05,1.22e-05,1.394e-05,1.395e-05,1.442e-05,1.447e-05,1.494e-05,1.59e-05,1.239e-05
purchases,1.195e-05,1.3e-05,1.273e-05,1.304e-05,1.275e-05,1.264e-05,1.296e-05,1.238e-05,1.247e-05
dodge,1.45e-06,1.43e-06,1.21e-06,1.36e-06,1.52e-06,1.98e-06,2.13e-06,1.99e-06,1.44e-06
counsel,3.87e-06,4.28e-06,4.55e-06,4.55e-06,4.71e-06,4.42e-06,4.42e-06,4.59e-06,4.07e-06
federation,2.906e-05,2.916e-05,3.257e-05,3.29e-05,3.309e-05,3.35e-05,3.323e-05,3.272e-05,2.911e-05
pizza,6.46e-06,7.13e-06,7.12e-06,8.04e-06,7.59e-06,6.55e-06,6.71e-06,5.66e-06,6.8e-06
invited,2.68e-05,2.441e-05,2.53e-05,2.471e-05,2.444e-05,2.375e-05,2.363e-05,2.309e-05,2.56e-05
yards,8.1e-07,6.3e-07,6.1e-07,6.1e-07,7.6e-07,6.1e-07,6.1e-07,4.6e-07,7.2e-07
assignment,4.311e-05,4.327e-05,4.682e-05,4.7e-05,4.28e-05,4.324e-05,4.268e-05,4.342e-05,4.319e-05
chemicals,6.46e-06,7.13e-06,6.97e-06,7.13e-06,7.13e-06,7.31e-06,7.32e-06,7.49e-06,6.8e-06
gordon,3.439e-05,3.249e-05,3.212e-05,3.184e-05,3.233e-05,3.182e-05,3.308e-05,3.18e-05,3.344e-05
mod,2.583e-05,2.679e-05,2.621e-05,2.456e-05,2.353e-05,2.375e-05,2.347e-05,2.339e-05,2.631e-05
farmers,3.55e-06,3.33e-06,3.18e-06,3.03e-06,3.34e-06,3.65e-06,3.96e-06,3.67e-06,3.44e-06
rc,6.14e-06,6.18e-06,5.61e-06,5.76e-06,5.92e-06,4.72e-06,4.73e-06,4.89e-06,6.16e-06
queries,5.344e-05,5.31e-05,5.257e-05,5.246e-05,5.312e-05,5.39e-05,5.228e-05,5.214e-05,5.327e-05
bmw,3.23e-06,2.69e-06,2.58e-06,2.58e-06,2.73e-06,3.2e-06,3.05e-06,2.9e-06,2.96e-06
rush,8.56e-06,7.77e-06,7.73e-06,8.04e-06,7.74e-06,7.77e-06,8.08e-06,8.71e-06,8.17e-06
ukraine,2.147e-05,2.124e-05,2.182e-05,2.335e-05,2.353e-05,2.528e-05,2.546e-05,2.569e-05,2.136e-05
absence,1.954e-05,1.902e-05,1.864e-05,1.774e-05,1.776e-05,1.827e-05,1.753e-05,1.743e-05,1.928e-05
nearest,1.97e-05,1.95e-05,1.879e-05,1.85e-05,1.837e-05,1.827e-05,1.86e-05,1.835e-05,1.96e-05
cluster,9.445e-05,9.225e-05,8.909e-05,8.794e-05,8.773e-05,8.694e-05,8.658e-05,8.577e-05,9.335e-05
vendors,6.749e-05,6.689e-05,6.439e-05,6.489e-05,6.466e-05,6.502e-05,6.509e-05,6.406e-05,6.719e-05
mpeg,4.004e-05,3.836e-05,3.863e-05,3.927e-05,3.916e-05,3.73e-05,3.795e-05,3.669e-05,3.92e-05
whereas,7.733e-05,7.671e-05,7.742e-05,7.627e-05,7.529e-05,7.735e-05,7.698e-05,7.736e-05,7.702e-05
yoga,3.71e-06,3.8e-06,3.94e-06,4.25e-06,4.25e-06,4.26e-06,4.12e-06,4.28e-06,3.76e-06
serves,0.000103,0.00010223,0.0001056,0.00010522,0.00010564,0.00010628,0.00010594,0.00010366,0.00010261
woods,5.49e-06,5.86e-06,6.21e-06,6.37e-06,6.37e-06,6.09e-06,6.1e-06,5.81e-06,5.67e-06
surprise,6.14e-06,5.71e-06,5.61e-06,5.76e-06,6.22e-06,5.79e-06,5.79e-06,5.66e-06,5.93e-06
lamp,5.65e-06,6.34e-06,5.76e-06,5.61e-06,5.92e-06,5.94e-06,6.25e-06,6.42e-06,6e-06
rico,6.3e-06,6.18e-06,6.36e-06,5.91e-06,6.22e-06,6.4e-06,6.25e-06,6.42e-06,6.24e-06
partial,8.008e-05,7.798e-05,7.863e-05,7.915e-05,7.938e-05,8.009e-05,8.002e-05,7.889e-05,7.903e-05
shoppers,2.91e-06,3.17e-06,4.24e-06,4.25e-06,4.4e-06,4.42e-06,4.57e-06,4.28e-06,3.04e-06
phil,1.421e-05,1.426e-05,1.394e-05,1.365e-05,1.381e-05,1.294e-05,1.265e-05,1.238e-05,1.424e-05
everybody,4.2e-06,3.65e-06,3.94e-06,3.79e-06,4.1e-06,4.11e-06,3.81e-06,3.98e-06,3.92e-06
couples,2.91e-06,2.85e-06,2.12e-06,2.58e-06,2.28e-06,2.13e-06,2.13e-06,1.99e-06,2.88e-06
nashville,4.52e-06,4.44e-06,4.24e-06,4.7e-06,4.71e-06,4.42e-06,4.57e-06,4.59e-06,4.48e-06
ranking,3.294e-05,3.36e-05,3.409e-05,3.245e-05,3.248e-05,3.121e-05,3.003e-05,3.104e-05,3.327e-05
jokes,5.17e-06,5.39e-06,5.61e-06,5.46e-06,5.31e-06,5.02e-06,5.03e-06,5.5e-06,5.28e-06
cst,1.45e-06,2.22e-06,2.42e-06,2.58e-06,2.58e-06,2.59e-06,2.59e-06,2.6e-06,1.84e-06
http,0.00068794,0.00058121,0.00049876,0.00044804,0.00034228,0.0002354,0.00021218,0.00019172,0.00063457
ceo,0.00016549,0.00016959,0.00016923,0.0001733,0.00017182,0.00017084,0.00016935,0.00017246,0.00016754
simpson,6.46e-06,6.34e-06,5.15e-06,6.67e-06,6.37e-06,6.7e-06,6.71e-06,6.27e-06,6.4e-06
twiki,1.61e-06,1.58e-06,1.52e-06,1.52e-06,1.52e-06,1.52e-06,1.52e-06,1.38e-06,1.59e-06
sublime,8.1e-07,9.5e-07,1.06e-06,6.1e-07,9.1e-07,7.6e-07,7.6e-07,6.1e-07,8.8e-07
counseling,2.42e-06,2.38e-06,2.27e-06,2.58e-06,2.58e-06,2.59e-06,3.05e-06,2.9e-06,2.4e-06
palace,6.3e-06,6.02e-06,5.91e-06,5.61e-06,5.01e-06,4.87e-06,4.88e-06,4.89e-06,6.16e-06
acceptable,1.792e-05,1.743e-05,1.818e-05,1.713e-05,1.746e-05,1.705e-05,1.783e-05,1.804e-05,1.768e-05
satisfied,1.421e-05,1.395e-05,1.394e-05,1.44e-05,1.457e-05,1.447e-05,1.479e-05,1.498e-05,1.408e-05
glad,1.6e-07,1.6e-07,1.5e-07,1.5e-07,3e-07,3e-07,3e-07,3.1e-07,1.6e-07
wins,1.179e-05,1.205e-05,1.121e-05,1.137e-05,1.29e-05,1.233e-05,1.25e-05,1.223e-05,1.192e-05
measurements,5.086e-05,4.882e-05,4.682e-05,4.822e-05,4.751e-05,4.735e-05,4.832e-05,4.709e-05,4.984e-05
verify,3.294e-05,3.376e-05,3.303e-05,3.305e-05,3.248e-05,3.258e-05,3.231e-05,3.241e-05,3.335e-05
globe,2.486e-05,2.473e-05,2.515e-05,2.471e-05,2.413e-05,2.284e-05,2.195e-05,2.263e-05,2.479e-05
trusted,4.488e-05,4.39e-05,4.439e-05,4.412e-05,4.462e-05,4.385e-05,4.268e-05,4.22e-05,4.439e-05
copper,1.808e-05,1.743e-05,1.651e-05,1.653e-05,1.639e-05,1.584e-05,1.524e-05,1.452e-05,1.776e-05
milwaukee,5.33e-06,4.91e-06,4.55e-06,4.7e-06,4.4e-06,4.42e-06,4.27e-06,4.28e-06,5.12e-06
rack,1.841e-05,1.839e-05,1.894e-05,1.88e-05,1.867e-05,1.812e-05,1.799e-05,1.758e-05,1.84e-05
medication,2.1e-06,1.58e-06,1.52e-06,1.82e-06,1.82e-06,1.98e-06,1.83e-06,1.53e-06,1.84e-06
warehouse,1.243e-05,1.205e-05,1.197e-05,1.258e-05,1.245e-05,1.233e-05,1.235e-05,1.33e-05,1.224e-05
shareware,2.196e-05,2.203e-05,2.015e-05,2.047e-05,2.11e-05,2.177e-05,2.18e-05,2.217e-05,2.2e-05
ec,1.259e-05,1.236e-05,1.045e-05,9.86e-06,9.26e-06,9.44e-06,9.15e-06,8.87e-06,1.247e-05
rep,7.43e-06,6.66e-06,6.51e-06,6.37e-06,6.68e-06,6.4e-06,5.94e-06,5.81e-06,7.04e-06
dicke,1.6e-07,3.2e-07,3e-07,3e-07,3e-07,1.5e-07,1.5e-07,4.6e-07,2.4e-07
kerry,2.1e-06,1.9e-06,1.82e-06,1.52e-06,1.67e-06,1.37e-06,1.37e-06,1.38e-06,2e-06
receipt,5e-06,4.44e-06,4.39e-06,4.55e-06,4.55e-06,4.42e-06,4.27e-06,4.13e-06,4.72e-06
supposed,1.598e-05,1.617e-05,1.591e-05,1.531e-05,1.503e-05,1.629e-05,1.6e-05,1.544e-05,1.607e-05
ordinary,5.07e-05,5.056e-05,4.818e-05,4.791e-05,4.721e-05,4.705e-05,4.649e-05,4.571e-05,5.063e-05
nobody,2.42e-06,2.22e-06,1.97e-06,1.97e-06,1.52e-06,1.52e-06,1.52e-06,1.38e-06,2.32e-06
ghost,1.356e-05,1.49e-05,1.621e-05,1.531e-05,1.548e-05,1.462e-05,1.524e-05,1.468e-05,1.423e-05
violation,1.066e-05,1.173e-05,1.242e-05,1.228e-05,1.275e-05,1.264e-05,1.265e-05,1.208e-05,1.12e-05
configure,1.469e-05,1.49e-05,1.394e-05,1.425e-05,1.442e-05,1.447e-05,1.448e-05,1.468e-05,1.479e-05
stability,3.197e-05,3.424e-05,3.318e-05,3.169e-05,3.187e-05,3.167e-05,3.247e-05,3.257e-05,3.311e-05
mit,0.00015774,0.00015517,0.00015681,0.0001542,0.00014996,0.00014648,0.00014664,0.00014479,0.00015646
applying,5.037e-05,5.008e-05,5.106e-05,5.14e-05,5.237e-05,5.162e-05,5.32e-05,5.489e-05,5.023e-05
southwest,4.2e-06,4.44e-06,4.85e-06,4.7e-06,5.31e-06,5.48e-06,5.33e-06,5.35e-06,4.32e-06
boss,1.292e-05,1.3e-05,1.318e-05,1.365e-05,1.29e-05,1.264e-05,1.235e-05,1.345e-05,1.296e-05
pride,2.91e-06,3.49e-06,3.33e-06,2.88e-06,3.04e-06,3.2e-06,3.51e-06,3.67e-06,3.2e-06
institutional,1.857e-05,1.854e-05,1.833e-05,1.819e-05,1.867e-05,1.797e-05,1.829e-05,1.85e-05,1.856e-05
expectations,1.243e-05,1.252e-05,1.333e-05,1.41e-05,1.427e-05,1.416e-05,1.509e-05,1.544e-05,1.247e-05
independence,1.695e-05,1.68e-05,1.757e-05,1.804e-05,1.73e-05,1.751e-05,1.783e-05,1.865e-05,1.687e-05
knowing,1.227e-05,1.268e-05,1.273e-05,1.274e-05,1.29e-05,1.325e-05,1.357e-05,1.3e-05,1.247e-05
reporter,1.501e-05,1.426e-05,1.439e-05,1.274e-05,1.26e-05,1.264e-05,1.311e-05,1.284e-05,1.464e-05
metabolism,3.39e-06,3.33e-06,3.18e-06,3.03e-06,3.19e-06,2.74e-06,3.05e-06,3.21e-06,3.36e-06
keith,1.405e-05,1.395e-05,1.424e-05,1.44e-05,1.412e-05,1.386e-05,1.402e-05,1.407e-05,1.4e-05
champion,1.534e-05,1.537e-05,1.485e-05,1.516e-05,1.518e-05,1.538e-05,1.555e-05,1.361e-05,1.535e-05
cloudy,1.29e-06,1.43e-06,1.36e-06,1.36e-06,1.37e-06,1.37e-06,1.37e-06,1.22e-06,1.36e-06
linda,5.97e-06,6.34e-06,6.82e-06,6.67e-06,6.53e-06,6.85e-06,7.01e-06,7.34e-06,6.15e-06
ross,2.793e-05,2.774e-05,2.879e-05,2.866e-05,2.945e-05,3.015e-05,2.942e-05,2.92e-05,2.784e-05
personally,1.066e-05,1.078e-05,1.106e-05,1.107e-05,1.047e-05,1.035e-05,1.021e-05,1.04e-05,1.072e-05
chile,8.88e-06,8.72e-06,8.79e-06,9.86e-06,8.96e-06,7.92e-06,9.45e-06,9.94e-06,8.8e-06
anna,8.72e-06,8.88e-06,8.94e-06,8.49e-06,8.35e-06,7.61e-06,8.08e-06,8.71e-06,8.8e-06
plenty,1.45e-06,1.43e-06,1.36e-06,1.52e-06,1.21e-06,1.37e-06,1.52e-06,1.68e-06,1.44e-06
solo,5.97e-06,6.66e-06,6.97e-06,6.97e-06,6.98e-06,6.55e-06,6.4e-06,6.57e-06,6.31e-06
sentence,3.616e-05,3.392e-05,3.485e-05,3.502e-05,3.446e-05,3.533e-05,3.719e-05,3.7e-05,3.504e-05
throat,1.78e-06,1.58e-06,1.52e-06,1.52e-06,1.52e-06,1.52e-06,1.37e-06,1.38e-06,1.68e-06
ignore,8.23e-06,7.77e-06,7.58e-06,7.43e-06,6.83e-06,6.85e-06,7.16e-06,7.03e-06,8e-06
maria,1.098e-05,1.141e-05,1.227e-05,1.228e-05,1.245e-05,1.233e-05,1.219e-05,1.254e-05,1.12e-05
uniform,4.214e-05,4.105e-05,4.166e-05,4.276e-05,4.387e-05,4.431e-05,4.375e-05,4.464e-05,4.159e-05
excellence,3.229e-05,3.249e-05,3.242e-05,3.139e-05,3.112e-05,3.152e-05,3.064e-05,3.027e-05,3.239e-05
wealth,9.53e-06,1.046e-05,8.94e-06,8.49e-06,8.2e-06,8.37e-06,8.69e-06,7.03e-06,1e-05
tall,8.4e-06,9.03e-06,9.24e-06,8.79e-06,8.5e-06,8.83e-06,8.69e-06,8.41e-06,8.72e-06
rm,8.56e-06,7.45e-06,8.33e-06,7.88e-06,7.89e-06,7.92e-06,7.77e-06,7.34e-06,8e-06
somewhere,8.23e-06,5.71e-06,5.61e-06,5e-06,5.01e-06,5.02e-06,5.33e-06,5.35e-06,6.97e-06
vacuum,2.083e-05,2.092e-05,2.03e-05,1.91e-05,1.897e-05,1.903e-05,2.058e-05,2.11e-05,2.087e-05
dancing,5.17e-06,4.6e-06,5.3e-06,5e-06,5.31e-06,5.33e-06,5.18e-06,5.35e-06,4.88e-06
attributes,6.539e-05,6.657e-05,6.348e-05,6.323e-05,6.102e-05,6.243e-05,6.265e-05,6.238e-05,6.598e-05
recognize,2.842e-05,2.869e-05,2.697e-05,2.578e-05,2.656e-05,2.665e-05,2.591e-05,2.66e-05,2.856e-05
brass,2.26e-06,2.38e-06,2.42e-06,2.43e-06,2.43e-06,2.44e-06,2.13e-06,2.29e-06,2.32e-06
writes,3.697e-05,3.645e-05,3.697e-05,3.593e-05,3.506e-05,3.517e-05,3.475e-05,3.394e-05,3.671e-05
plaza,3.87e-06,3.33e-06,3.33e-06,3.03e-06,3.04e-06,3.05e-06,2.9e-06,2.9e-06,3.6e-06
pdas,1.453e-05,1.506e-05,1.47e-05,1.547e-05,1.533e-05,1.431e-05,1.357e-05,1.315e-05,1.479e-05
outcomes,2.05e-05,2.013e-05,2.015e-05,2.062e-05,2.079e-05,2.223e-05,2.286e-05,2.263e-05,2.031e-05
survival,2.276e-05,2.124e-05,2.288e-05,2.289e-05,2.262e-05,2.223e-05,2.302e-05,2.247e-05,2.2e-05
quest,3.439e-05,3.376e-05,3.666e-05,3.715e-05,4.037e-05,4.142e-05,4.009e-05,4.082e-05,3.408e-05
publish,3.939e-05,4.089e-05,3.939e-05,3.881e-05,3.84e-05,4.202e-05,4.024e-05,4.006e-05,4.014e-05
sri,2.68e-05,2.758e-05,2.954e-05,2.896e-05,2.869e-05,2.923e-05,2.881e-05,2.92e-05,2.719e-05
screening,1.049e-05,1.094e-05,1.091e-05,1.092e-05,1.123e-05,1.096e-05,1.082e-05,1.055e-05,1.071e-05
toe,4.52e-06,4.44e-06,4.24e-06,4.09e-06,4.25e-06,4.26e-06,4.27e-06,4.13e-06,4.48e-06
thumbnail,2.74e-06,3.01e-06,3.48e-06,3.49e-06,2.58e-06,2.59e-06,2.59e-06,2.6e-06,2.88e-06
trans,1.566e-05,1.585e-05,1.545e-05,1.531e-05,1.548e-05,1.523e-05,1.509e-05,1.621e-05,1.576e-05
jonathan,3.164e-05,3.154e-05,3.151e-05,3.063e-05,3.096e-05,3e-05,2.927e-05,2.844e-05,3.159e-05
whenever,2.018e-05,1.918e-05,1.879e-05,1.956e-05,1.973e-05,1.964e-05,1.982e-05,1.942e-05,1.968e-05
nova,1.292e-05,1.426e-05,1.5e-05,1.501e-05,1.518e-05,1.492e-05,1.418e-05,1.391e-05,1.359e-05
lifetime,2.906e-05,2.996e-05,3.151e-05,3.199e-05,3.203e-05,3.365e-05,3.399e-05,3.302e-05,2.951e-05
api,0.00014208,0.00014265,0.00014211,0.00014086,0.00014298,0.00014617,0.00014679,0.00014448,0.00014236
pioneer,7.604e-05,7.766e-05,7.712e-05,7.702e-05,7.559e-05,7.552e-05,7.347e-05,7.247e-05,7.685e-05
booty,3.2e-07,3.2e-07,4.5e-07,4.5e-07,4.6e-07,4.6e-07,6.1e-07,4.6e-07,3.2e-07
forgotten,6.94e-06,7.13e-06,7.58e-06,7.58e-06,7.44e-06,7.92e-06,7.62e-06,6.88e-06,7.03e-06
acrobat,3.39e-06,3.33e-06,3.03e-06,2.88e-06,2.88e-06,2.89e-06,3.05e-06,3.06e-06,3.36e-06
plates,5.33e-06,5.39e-06,5.61e-06,5.91e-06,6.07e-06,6.4e-06,6.25e-06,6.12e-06,5.36e-06
acres,1.78e-06,1.9e-06,1.82e-06,1.82e-06,1.97e-06,1.83e-06,1.68e-06,1.68e-06,1.84e-06
venue,1.211e-05,1.141e-05,1.136e-05,1.183e-05,1.199e-05,1.172e-05,1.158e-05,1.162e-05,1.176e-05
athletic,2.91e-06,3.17e-06,2.73e-06,2.73e-06,2.88e-06,2.59e-06,2.74e-06,2.75e-06,3.04e-06
thermal,2.131e-05,2.235e-05,2.197e-05,2.259e-05,2.231e-05,2.33e-05,2.302e-05,2.355e-05,2.183e-05
essays,1.744e-05,1.728e-05,1.712e-05,1.713e-05,1.7e-05,1.66e-05,1.57e-05,1.559e-05,1.736e-05
behaviour,4.375e-05,4.137e-05,4.166e-05,4.245e-05,4.265e-05,4.37e-05,4.192e-05,4.006e-05,4.256e-05
vital,1.372e-05,1.411e-05,1.333e-05,1.41e-05,1.472e-05,1.431e-05,1.494e-05,1.498e-05,1.392e-05
telling,7.43e-06,6.82e-06,7.42e-06,7.28e-06,6.98e-06,7e-06,7.62e-06,7.19e-06,7.13e-06
fairly,2.341e-05,2.203e-05,2.045e-05,2.047e-05,1.988e-05,1.949e-05,1.936e-05,1.942e-05,2.272e-05
coastal,4.2e-06,4.12e-06,4.24e-06,4.25e-06,4.55e-06,4.42e-06,4.42e-06,4.13e-06,4.16e-06
config,3.39e-06,4.12e-06,2.73e-06,2.43e-06,1.97e-06,1.98e-06,1.98e-06,2.14e-06,3.76e-06
cf,1.13e-05,1.078e-05,1.091e-05,1.061e-05,1.002e-05,9.9e-06,9.45e-06,9.33e-06,1.104e-05
charity,1.647e-05,1.633e-05,1.773e-05,1.683e-05,1.715e-05,1.705e-05,1.722e-05,1.804e-05,1.64e-05
intelligent,9.848e-05,9.811e-05,9.818e-05,9.81e-05,9.957e-05,9.821e-05,9.694e-05,9.51e-05,9.83e-05
edinburgh,3.261e-05,3.313e-05,3.363e-05,3.184e-05,3.187e-05,3.289e-05,3.292e-05,3.226e-05,3.287e-05
vt,4.84e-06,4.91e-06,4.39e-06,4.25e-06,4.25e-06,3.81e-06,3.96e-06,3.82e-06,4.87e-06
excel,2.228e-05,2.235e-05,2.091e-05,1.986e-05,1.958e-05,1.964e-05,1.936e-05,1.865e-05,2.231e-05
modes,7.104e-05,7.418e-05,7.424e-05,7.172e-05,7.225e-05,7.354e-05,7.362e-05,7.201e-05,7.261e-05
obligation,2.58e-06,2.54e-06,2.58e-06,2.12e-06,1.97e-06,2.59e-06,2.44e-06,2.45e-06,2.56e-06
campbell,1.566e-05,1.537e-05,1.364e-05,1.349e-05,1.29e-05,1.157e-05,1.113e-05,1.024e-05,1.551e-05
wake,1.841e-05,1.854e-05,1.818e-05,1.88e-05,1.882e-05,1.949e-05,1.951e-05,1.896e-05,1.848e-05
stupid,3.23e-06,3.49e-06,3.03e-06,2.73e-06,2.58e-06,2.74e-06,2.74e-06,2.75e-06,3.36e-06
harbor,5.65e-06,5.39e-06,6.21e-06,5.91e-06,5.77e-06,5.79e-06,5.94e-06,5.96e-06,5.52e-06
hungary,1.292e-05,1.3e-05,1.364e-05,1.319e-05,1.275e-05,1.264e-05,1.235e-05,1.3e-05,1.296e-05
traveler,3.07e-06,3.01e-06,2.88e-06,3.34e-06,3.34e-06,3.35e-06,3.2e-06,3.36e-06,3.04e-06
urw,1.6e-07,1.6e-07,1.5e-07,1.5e-07,1.5e-07,1.5e-07,1.5e-07,1.5e-07,1.6e-07
segment,5.473e-05,5.611e-05,5.591e-05,5.564e-05,5.419e-05,5.451e-05,5.457e-05,5.473e-05,5.542e-05
realize,8.4e-06,9.19e-06,9.39e-06,9.1e-06,9.56e-06,8.83e-06,8.38e-06,7.95e-06,8.79e-06
regardless,3.1e-05,3.17e-05,3.257e-05,3.26e-05,3.218e-05,3.167e-05,3.14e-05,3.211e-05,3.135e-05
lan,5.312e-05,5.135e-05,4.879e-05,4.837e-05,4.857e-05,4.751e-05,4.71e-05,4.633e-05,5.224e-05
enemy,2.389e-05,2.346e-05,2.47e-05,2.502e-05,2.641e-05,2.71e-05,2.713e-05,2.721e-05,2.367e-05
puzzle,5.005e-05,4.945e-05,5.045e-05,5.276e-05,5.388e-05,5.542e-05,5.426e-05,5.443e-05,4.975e-05
rising,1.76e-05,1.743e-05,1.712e-05,1.577e-05,1.487e-05,1.523e-05,1.524e-05,1.544e-05,1.752e-05
aluminum,6.62e-06,6.34e-06,6.36e-06,7.13e-06,7.44e-06,7e-06,6.4e-06,6.42e-06,6.48e-06
wells,6.78e-06,5.86e-06,5.91e-06,5.76e-06,5.31e-06,5.63e-06,5.79e-06,5.2e-06,6.32e-06
wishlist,6.5e-07,6.3e-07,7.6e-07,4.5e-07,4.6e-07,4.6e-07,4.6e-07,4.6e-07,6.4e-07
opens,8.56e-06,8.56e-06,8.48e-06,8.19e-06,7.74e-06,7.77e-06,8.08e-06,7.8e-06,8.56e-06
insight,2.341e-05,2.346e-05,2.273e-05,2.274e-05,2.246e-05,2.375e-05,2.393e-05,2.355e-05,2.344e-05
sms,1.905e-05,1.965e-05,1.939e-05,1.91e-05,1.943e-05,1.934e-05,1.86e-05,1.942e-05,1.935e-05
shit,4.8e-07,4.8e-07,1.82e-06,1.82e-06,1.82e-06,1.83e-06,1.98e-06,2.14e-06,4.8e-07
restricted,4.569e-05,4.66e-05,4.772e-05,4.837e-05,4.796e-05,4.857e-05,4.923e-05,4.908e-05,4.614e-05
republican,1.033e-05,1.109e-05,1.076e-05,1.031e-05,1.093e-05,1.096e-05,1.113e-05,1.07e-05,1.071e-05
secrets,1.598e-05,1.633e-05,1.712e-05,1.668e-05,1.654e-05,1.736e-05,1.722e-05,1.743e-05,1.616e-05
lucky,3.39e-06,3.33e-06,3.18e-06,3.34e-06,3.34e-06,3.2e-06,3.05e-06,3.06e-06,3.36e-06
latter,8.121e-05,8.194e-05,8.515e-05,8.309e-05,8.454e-05,8.527e-05,8.49e-05,8.394e-05,8.158e-05
merchants,9.85e-06,1.014e-05,9.09e-06,8.64e-06,8.35e-06,8.07e-06,8.84e-06,9.02e-06,1e-05
thick,7.59e-06,7.45e-06,7.12e-06,7.28e-06,7.29e-06,7.16e-06,6.86e-06,6.73e-06,7.52e-06
trailers,4.04e-06,3.96e-06,4.24e-06,4.55e-06,4.25e-06,3.96e-06,4.12e-06,4.13e-06,4e-06
repeat,1.469e-05,1.426e-05,1.439e-05,1.395e-05,1.442e-05,1.401e-05,1.402e-05,1.33e-05,1.447e-05
syndrome,9.69e-06,9.35e-06,9.39e-06,9.86e-06,9.11e-06,8.37e-06,8.69e-06,9.17e-06,9.52e-06
philips,2.632e-05,2.536e-05,2.409e-05,2.38e-05,2.58e-05,2.588e-05,2.53e-05,2.523e-05,2.584e-05
attendance,3.23e-06,3.17e-06,3.03e-06,3.34e-06,3.04e-06,2.89e-06,2.9e-06,3.06e-06,3.2e-06
penalty,1.001e-05,9.35e-06,9.85e-06,9.55e-06,8.96e-06,9.14e-06,9.45e-06,9.48e-06,9.68e-06
drum,2.47e-05,2.346e-05,2.288e-05,2.092e-05,2.004e-05,2.132e-05,2.134e-05,2.11e-05,2.408e-05
glasses,1.13e-05,1.173e-05,1.182e-05,1.289e-05,1.29e-05,1.233e-05,1.311e-05,1.315e-05,1.152e-05
enables,0.00012868,0.00012886,0.0001262,0.00012645,0.00012568,0.00012394,0.00012423,0.00012338,0.00012877
nec,4.117e-05,3.994e-05,4.015e-05,4.139e-05,4.25e-05,4.218e-05,4.436e-05,4.342e-05,4.056e-05
iraqi,5e-06,5.07e-06,4.24e-06,3.49e-06,3.79e-06,3.65e-06,3.81e-06,4.13e-06,5.04e-06
builder,2.018e-05,1.965e-05,2e-05,1.956e-05,1.943e-05,1.858e-05,1.875e-05,1.835e-05,1.992e-05
vista,4.843e-05,4.771e-05,4.515e-05,4.397e-05,4.508e-05,4.492e-05,4.268e-05,3.945e-05,4.807e-05
jessica,3.87e-06,4.6e-06,5e-06,5e-06,4.71e-06,5.02e-06,5.03e-06,4.89e-06,4.24e-06
chips,7.588e-05,7.449e-05,7.757e-05,7.793e-05,7.68e-05,7.735e-05,7.82e-05,7.599e-05,7.518e-05
terry,1.405e-05,1.411e-05,1.348e-05,1.289e-05,1.275e-05,1.264e-05,1.311e-05,1.3e-05,1.408e-05
flood,1.292e-05,1.347e-05,1.364e-05,1.577e-05,1.472e-05,1.523e-05,1.494e-05,1.529e-05,1.319e-05
foto,4.8e-07,4.8e-07,4.5e-07,4.5e-07,4.6e-07,4.6e-07,1.5e-07,1.5e-07,4.8e-07
ease,4.214e-05,4.089e-05,4.121e-05,4.033e-05,4.007e-05,3.959e-05,3.963e-05,3.929e-05,4.151e-05
arguments,3.52e-05,3.455e-05,3.257e-05,3.305e-05,3.446e-05,3.426e-05,3.475e-05,3.425e-05,3.488e-05
amsterdam,3.035e-05,3.027e-05,3.015e-05,3.063e-05,3.096e-05,3.243e-05,3.247e-05,3.241e-05,3.031e-05
orgy,3.2e-07,3.2e-07,3e-07,3e-07,1.5e-07,1.5e-07,1.5e-07,1.5e-07,3.2e-07
arena,1.97e-05,2.171e-05,2.197e-05,2.153e-05,2.353e-05,2.467e-05,2.454e-05,2.446e-05,2.07e-05
adventures,2.18e-05,2.156e-05,2.273e-05,2.289e-05,2.186e-05,2.177e-05,2.225e-05,2.186e-05,2.168e-05
pupils,4.36e-06,4.6e-06,4.39e-06,4.09e-06,3.95e-06,4.26e-06,3.81e-06,3.67e-06,4.48e-06
stewart,1.34e-05,1.284e-05,1.227e-05,1.258e-05,1.305e-05,1.264e-05,1.326e-05,1.345e-05,1.312e-05
announcement,3.294e-05,3.138e-05,3.257e-05,3.396e-05,3.324e-05,3.274e-05,3.277e-05,3.241e-05,3.216e-05
tabs,3.55e-06,3.65e-06,3.64e-06,3.34e-06,3.34e-06,3.5e-06,3.2e-06,3.06e-06,3.6e-06
outcome,2.357e-05,2.314e-05,2.379e-05,2.335e-05,2.322e-05,2.314e-05,2.347e-05,2.4e-05,2.335e-05
xx,4.04e-06,3.96e-06,4.09e-06,4.4e-06,4.4e-06,4.57e-06,4.88e-06,5.66e-06,4e-06
appreciate,2.1e-06,2.69e-06,1.97e-06,1.97e-06,1.97e-06,2.28e-06,2.13e-06,1.68e-06,2.39e-06
expanded,9.364e-05,9.399e-05,9.727e-05,0.00010037,0.00010246,0.00010613,0.0001096,0.00010993,9.381e-05
casual,1.857e-05,1.743e-05,1.727e-05,1.789e-05,1.73e-05,1.69e-05,1.6e-05,1.621e-05,1.8e-05
grown,2.922e-05,2.9e-05,2.939e-05,3.032e-05,2.869e-05,2.923e-05,2.896e-05,2.951e-05,2.911e-05
polish,5.586e-05,5.801e-05,5.803e-05,5.716e-05,5.707e-05,5.725e-05,5.884e-05,5.749e-05,5.693e-05
lovely,0.0,0.0,0.0,0.0,1.5e-07,1.5e-07,3e-07,1.5e-07,0.0
extras,2.91e-06,3.01e-06,3.03e-06,2.73e-06,2.43e-06,2.28e-06,2.29e-06,2.14e-06,2.96e-06
gm,6.94e-06,6.5e-06,7.58e-06,7.73e-06,7.59e-06,7.61e-06,7.77e-06,7.49e-06,6.72e-06
centres,2.454e-05,2.457e-05,2.303e-05,2.289e-05,2.216e-05,2.071e-05,2.119e-05,2.156e-05,2.455e-05
jerry,1.13e-05,1.109e-05,1.182e-05,1.137e-05,1.108e-05,1.172e-05,1.189e-05,1.131e-05,1.12e-05
clause,2.147e-05,2.156e-05,1.818e-05,1.85e-05,1.943e-05,1.979e-05,1.951e-05,2.064e-05,2.151e-05
smile,1.45e-06,1.74e-06,1.36e-06,1.21e-06,1.06e-06,1.22e-06,1.22e-06,1.38e-06,1.59e-06
lands,4.84e-06,5.07e-06,5.15e-06,5.46e-06,5.62e-06,5.48e-06,5.79e-06,5.5e-06,4.95e-06
ri,2.26e-06,2.38e-06,2.27e-06,2.12e-06,1.67e-06,1.67e-06,1.83e-06,1.99e-06,2.32e-06
troops,2.91e-06,3.17e-06,3.18e-06,2.88e-06,3.04e-06,3.05e-06,3.05e-06,2.9e-06,3.04e-06
indoor,7.59e-06,7.77e-06,8.64e-06,8.34e-06,8.65e-06,9.44e-06,9.3e-06,9.02e-06,7.68e-06
bulgaria,9.2e-06,9.35e-06,9.85e-06,9.7e-06,9.56e-06,1.035e-05,1.021e-05,1.055e-05,9.28e-06
armed,1.259e-05,1.3e-05,1.364e-05,1.41e-05,1.412e-05,1.462e-05,1.54e-05,1.544e-05,1.279e-05
broker,1.211e-05,1.22e-05,1.288e-05,1.38e-05,1.366e-05,1.37e-05,1.341e-05,1.391e-05,1.215e-05
charger,1.61e-06,1.74e-06,2.42e-06,2.58e-06,2.43e-06,1.67e-06,1.68e-06,1.68e-06,1.68e-06
regularly,3.358e-05,3.281e-05,3.303e-05,3.336e-05,3.385e-05,3.395e-05,3.292e-05,3.272e-05,3.319e-05
believed,3.875e-05,3.867e-05,3.757e-05,3.76e-05,3.81e-05,3.928e-05,3.811e-05,3.7e-05,3.871e-05
pine,2.74e-06,3.17e-06,3.48e-06,3.34e-06,3.64e-06,3.65e-06,3.35e-06,3.82e-06,2.96e-06
cooling,1.582e-05,1.728e-05,1.667e-05,1.789e-05,1.821e-05,1.721e-05,1.768e-05,1.743e-05,1.655e-05
tend,2.955e-05,2.9e-05,2.773e-05,2.669e-05,2.671e-05,2.68e-05,2.713e-05,2.752e-05,2.928e-05
gulf,5.33e-06,5.07e-06,5e-06,4.85e-06,4.71e-06,4.42e-06,4.27e-06,4.28e-06,5.2e-06
rt,1.711e-05,1.807e-05,1.712e-05,1.713e-05,1.67e-05,1.781e-05,1.799e-05,1.819e-05,1.759e-05
rick,1.179e-05,1.157e-05,1.136e-05,1.167e-05,1.184e-05,1.112e-05,1.097e-05,1.147e-05,1.168e-05
trucks,4.04e-06,3.96e-06,4.09e-06,4.09e-06,3.79e-06,3.65e-06,3.96e-06,3.98e-06,4e-06
cp,4.327e-05,4.438e-05,4.151e-05,4.033e-05,4.189e-05,4.202e-05,4.283e-05,4.22e-05,4.382e-05
mechanisms,6.087e-05,6.07e-05,6.212e-05,6.216e-05,6.178e-05,6.167e-05,6.28e-05,6.421e-05,6.078e-05
divorce,2.26e-06,2.38e-06,2.58e-06,2.12e-06,2.12e-06,2.44e-06,2.13e-06,2.14e-06,2.32e-06
laura,7.75e-06,6.97e-06,7.12e-06,7.43e-06,7.59e-06,7.92e-06,7.62e-06,7.8e-06,7.36e-06
shopper,1.13e-06,9.5e-07,1.36e-06,1.52e-06,1.52e-06,1.52e-06,1.52e-06,1.68e-06,1.04e-06
tokyo,3.875e-05,3.962e-05,4.197e-05,4.17e-05,4.235e-05,4.142e-05,4.1e-05,4.067e-05,3.918e-05
partly,1.954e-05,1.95e-05,1.985e-05,2.077e-05,2.004e-05,2.101e-05,2.164e-05,2.064e-05,1.952e-05
nikon,6.14e-06,5.55e-06,5.45e-06,5.61e-06,5.62e-06,5.94e-06,5.94e-06,5.96e-06,5.84e-06
customize,8.56e-06,8.88e-06,9.24e-06,8.95e-06,9.11e-06,9.74e-06,9.15e-06,8.87e-06,8.72e-06
tradition,1.421e-05,1.411e-05,1.5e-05,1.547e-05,1.579e-05,1.507e-05,1.494e-05,1.437e-05,1.416e-05
candy,3.23e-06,2.69e-06,2.73e-06,2.58e-06,2.88e-06,2.89e-06,2.74e-06,2.75e-06,2.96e-06
pills,8.1e-07,7.9e-07,6.1e-07,6.1e-07,6.1e-07,4.6e-07,4.6e-07,6.1e-07,8e-07
tiger,1.033e-05,1.014e-05,1.015e-05,1.107e-05,1.047e-05,1.051e-05,1.052e-05,1.04e-05,1.023e-05
donald,3.794e-05,3.994e-05,4.091e-05,3.927e-05,3.931e-05,3.928e-05,3.917e-05,3.883e-05,3.894e-05
folks,1.29e-06,1.27e-06,1.21e-06,1.21e-06,1.21e-06,1.22e-06,1.07e-06,1.07e-06,1.28e-06
sensor,9.413e-05,9.114e-05,9.121e-05,8.885e-05,9.001e-05,8.923e-05,8.871e-05,8.944e-05,9.263e-05
exposed,2.147e-05,2.219e-05,2.273e-05,2.365e-05,2.429e-05,2.497e-05,2.485e-05,2.584e-05,2.183e-05
telecom,5.425e-05,5.405e-05,5.848e-05,5.777e-05,5.813e-05,5.847e-05,5.731e-05,5.596e-05,5.415e-05
hunt,1.405e-05,1.522e-05,1.697e-05,1.668e-05,1.7e-05,1.69e-05,1.738e-05,1.712e-05,1.463e-05
angels,5.33e-06,4.91e-06,4.85e-06,4.85e-06,5.01e-06,5.48e-06,5.33e-06,5.5e-06,5.12e-06
deputy,2.018e-05,1.934e-05,2.03e-05,2.092e-05,2.034e-05,2.025e-05,2.088e-05,2.14e-05,1.976e-05
indicators,1.388e-05,1.268e-05,1.03e-05,1.061e-05,1.062e-05,1.081e-05,1.097e-05,1.116e-05,1.328e-05
sealed,3.39e-06,3.33e-06,3.48e-06,3.49e-06,3.34e-06,3.65e-06,3.81e-06,3.82e-06,3.36e-06
thai,1.195e-05,1.205e-05,1.151e-05,1.107e-05,1.062e-05,1.051e-05,1.067e-05,1.07e-05,1.2e-05
emissions,5.81e-06,4.91e-06,6.06e-06,5.31e-06,5.62e-06,5.94e-06,6.55e-06,5.81e-06,5.36e-06
physicians,5.97e-06,6.02e-06,5.61e-06,5.46e-06,5.46e-06,5.63e-06,5.49e-06,5.66e-06,5.99e-06
loaded,3.487e-05,3.471e-05,3.288e-05,3.214e-05,3.233e-05,3.243e-05,3.247e-05,3.287e-05,3.479e-05
fred,1.97e-05,1.965e-05,1.803e-05,1.88e-05,1.897e-05,1.873e-05,1.89e-05,1.926e-05,1.968e-05
complaint,5.17e-06,5.55e-06,5.15e-06,5.46e-06,5.16e-06,5.48e-06,5.33e-06,5.05e-06,5.36e-06
scenes,2.648e-05,2.742e-05,2.742e-05,2.941e-05,2.945e-05,2.923e-05,2.896e-05,2.966e-05,2.695e-05
experiments,4.214e-05,4.232e-05,4.121e-05,4.23e-05,4.22e-05,4.263e-05,4.268e-05,4.235e-05,4.223e-05
balls,6.46e-06,6.02e-06,5.91e-06,6.52e-06,6.37e-06,6.55e-06,6.71e-06,7.34e-06,6.24e-06
afghanistan,5.17e-06,5.39e-06,5.15e-06,5.46e-06,5.62e-06,5.18e-06,4.73e-06,4.89e-06,5.28e-06
dd,8.4e-06,7.29e-06,6.82e-06,6.97e-06,6.68e-06,6.7e-06,6.71e-06,6.73e-06,7.85e-06
boost,1.388e-05,1.395e-05,1.47e-05,1.577e-05,1.518e-05,1.507e-05,1.509e-05,1.498e-05,1.391e-05
spanking,0.0,0.0,0.0,0.0,0.0,0.0,0.0,0.0,0.0
scholarship,1.405e-05,1.458e-05,1.303e-05,1.334e-05,1.336e-05,1.264e-05,1.174e-05,1.086e-05,1.431e-05
governance,2.729e-05,2.916e-05,3.136e-05,3.275e-05,3.279e-05,3.243e-05,3.277e-05,3.394e-05,2.823e-05
mill,3.23e-06,3.33e-06,3.79e-06,4.25e-06,4.25e-06,4.26e-06,4.42e-06,4.43e-06,3.28e-06
founded,0.00058477,0.0005988,0.00061193,0.00061437,0.0006167,0.00061911,0.00062495,0.00063556,0.00059179
supplements,3.87e-06,3.65e-06,3.79e-06,3.94e-06,3.79e-06,3.65e-06,3.05e-06,3.06e-06,3.76e-06
chronic,4.36e-06,3.8e-06,3.94e-06,4.25e-06,4.1e-06,4.11e-06,4.27e-06,4.43e-06,4.08e-06
icons,2.099e-05,1.965e-05,1.954e-05,1.971e-05,2.034e-05,1.949e-05,2.012e-05,2.003e-05,2.032e-05
tranny,0.0,0.0,0.0,0.0,0.0,0.0,0.0,0.0,0.0
moral,7.75e-06,7.61e-06,7.12e-06,6.82e-06,5.92e-06,6.24e-06,6.25e-06,6.42e-06,7.68e-06
den,9.04e-06,9.19e-06,9.54e-06,9.55e-06,1.002e-05,9.9e-06,1.006e-05,1.009e-05,9.11e-06
catering,4.2e-06,3.8e-06,4.09e-06,4.55e-06,4.71e-06,4.72e-06,5.18e-06,5.2e-06,4e-06
aud,3.2e-07,4.8e-07,1.5e-07,3e-07,1.5e-07,1.5e-07,1.5e-07,1.5e-07,4e-07
finger,1.679e-05,1.68e-05,1.651e-05,1.653e-05,1.639e-05,1.538e-05,1.6e-05,1.636e-05,1.679e-05
keeps,1.469e-05,1.426e-05,1.439e-05,1.395e-05,1.381e-05,1.355e-05,1.326e-05,1.3e-05,1.447e-05
pound,3.55e-06,4.12e-06,3.79e-06,3.03e-06,3.04e-06,3.05e-06,2.9e-06,3.06e-06,3.83e-06
locate,2.067e-05,2.029e-05,2.03e-05,2.047e-05,2.064e-05,1.979e-05,2.058e-05,2.049e-05,2.048e-05
camcorder,1.45e-06,1.43e-06,1.36e-06,1.36e-06,1.06e-06,1.07e-06,1.22e-06,1.22e-06,1.44e-06
pl,2.309e-05,2.251e-05,2.303e-05,2.259e-05,2.201e-05,2.254e-05,2.256e-05,2.263e-05,2.28e-05
trained,1.824e-05,1.95e-05,2.06e-05,2.108e-05,2.11e-05,2.101e-05,2.241e-05,2.156e-05,1.887e-05
burn,5.97e-06,5.86e-06,6.06e-06,6.06e-06,6.68e-06,6.24e-06,6.4e-06,5.81e-06,5.92e-06
implementing,5.957e-05,5.864e-05,5.803e-05,5.898e-05,5.859e-05,5.969e-05,6.097e-05,6.039e-05,5.91e-05
roses,8.1e-07,7.9e-07,6.1e-07,6.1e-07,6.1e-07,6.1e-07,6.1e-07,6.1e-07,8e-07
labs,0.00010769,0.00010556,0.00010666,0.00010492,0.00010504,0.00010567,0.00010578,0.0001032,0.00010663
ourselves,1.78e-06,1.27e-06,1.36e-06,1.52e-06,1.52e-06,1.52e-06,1.37e-06,1.53e-06,1.52e-06
bread,2.74e-06,2.69e-06,2.88e-06,2.27e-06,1.82e-06,1.52e-06,1.52e-06,1.53e-06,2.72e-06
tobacco,2.26e-06,2.06e-06,1.97e-06,1.97e-06,1.82e-06,1.67e-06,1.98e-06,1.99e-06,2.16e-06
wooden,4.36e-06,4.44e-06,4.09e-06,4.25e-06,3.95e-06,4.26e-06,4.27e-06,4.13e-06,4.4e-06
motors,1.372e-05,1.331e-05,1.242e-05,1.243e-05,1.321e-05,1.309e-05,1.311e-05,1.33e-05,1.352e-05
tough,3.07e-06,3.49e-06,3.03e-06,3.03e-06,2.88e-06,3.05e-06,2.74e-06,2.6e-06,3.28e-06
roberts,1.033e-05,1.03e-05,1.121e-05,1.122e-05,1.062e-05,1.112e-05,1.052e-05,1.07e-05,1.031e-05
incident,4.391e-05,4.39e-05,4.515e-05,4.276e-05,4.235e-05,4.172e-05,4.237e-05,4.266e-05,4.391e-05
gonna,6.5e-07,7.9e-07,9.1e-07,9.1e-07,1.06e-06,7.6e-07,7.6e-07,7.6e-07,7.2e-07
dynamics,0.00012141,0.00012188,0.00012136,0.0001213,0.00012082,0.0001209,0.00012286,0.00012048,0.00012165
lie,1.437e-05,1.347e-05,1.394e-05,1.349e-05,1.518e-05,1.507e-05,1.54e-05,1.529e-05,1.392e-05
crm,1.195e-05,1.205e-05,1.136e-05,1.122e-05,1.184e-05,1.096e-05,1.097e-05,1.116e-05,1.2e-05
rf,1.728e-05,1.648e-05,1.545e-05,1.653e-05,1.67e-05,1.66e-05,1.692e-05,1.651e-05,1.688e-05
conversation,2.454e-05,2.409e-05,2.5e-05,2.396e-05,2.368e-05,2.36e-05,2.378e-05,2.385e-05,2.432e-05
decrease,1.679e-05,1.696e-05,1.621e-05,1.713e-05,1.7e-05,1.705e-05,1.768e-05,1.743e-05,1.688e-05
cumshots,0.0,0.0,0.0,0.0,0.0,0.0,0.0,0.0,0.0
chest,2.26e-06,2.22e-06,2.27e-06,2.12e-06,1.97e-06,1.98e-06,1.83e-06,1.83e-06,2.24e-06
pension,1.61e-06,1.74e-06,1.82e-06,2.27e-06,2.12e-06,2.13e-06,2.13e-06,1.99e-06,1.68e-06
billy,5.17e-06,5.23e-06,5.45e-06,5.46e-06,5.62e-06,5.63e-06,5.64e-06,5.35e-06,5.2e-06
revenues,1.841e-05,1.839e-05,1.833e-05,1.819e-05,1.639e-05,1.629e-05,1.585e-05,1.575e-05,1.84e-05
emerging,5.522e-05,5.642e-05,5.636e-05,5.504e-05,5.525e-05,5.527e-05,5.457e-05,5.458e-05,5.582e-05
worship,1.13e-06,1.11e-06,1.21e-06,1.21e-06,1.06e-06,1.07e-06,1.07e-06,1.07e-06,1.12e-06
bukkake,0.0,0.0,0.0,0.0,0.0,0.0,0.0,0.0,0.0
capability,8.412e-05,8.321e-05,8.045e-05,8.536e-05,7.847e-05,7.842e-05,7.728e-05,7.599e-05,8.366e-05
ak,1.13e-06,1.43e-06,1.36e-06,1.52e-06,1.21e-06,1.37e-06,1.07e-06,1.07e-06,1.28e-06
fe,9.85e-06,1.014e-05,9.7e-06,1.031e-05,1.002e-05,9.59e-06,9.15e-06,8.87e-06,1e-05
craig,1.711e-05,1.712e-05,1.757e-05,1.804e-05,1.791e-05,1.766e-05,1.768e-05,1.835e-05,1.712e-05
herself,5e-06,5.39e-06,5.3e-06,5.16e-06,6.22e-06,6.09e-06,6.55e-06,5.96e-06,5.2e-06
producing,5.893e-05,5.833e-05,5.985e-05,5.913e-05,5.92e-05,5.908e-05,5.884e-05,5.84e-05,5.863e-05
churches,1.78e-06,1.58e-06,1.36e-06,1.21e-06,1.52e-06,1.67e-06,1.68e-06,1.53e-06,1.68e-06
precision,6.539e-05,6.657e-05,6.697e-05,6.747e-05,6.77e-05,6.867e-05,6.753e-05,7.094e-05,6.598e-05
damages,3.87e-06,3.17e-06,3.33e-06,3.64e-06,4.1e-06,3.81e-06,4.12e-06,3.98e-06,3.52e-06
reserves,2.42e-06,2.38e-06,2.73e-06,3.34e-06,3.19e-06,3.2e-06,3.51e-06,3.06e-06,2.4e-06
contributed,6.555e-05,6.689e-05,6.545e-05,6.595e-05,6.587e-05,6.7e-05,6.692e-05,6.712e-05,6.622e-05
solve,0.00010284,0.00010603,0.0001053,0.00010522,0.00010412,0.00010308,0.00010106,0.00010213,0.00010443
shorts,3.71e-06,4.12e-06,4.39e-06,4.55e-06,4.55e-06,4.72e-06,4.42e-06,4.43e-06,3.92e-06
reproduction,1.001e-05,1.062e-05,1e-05,1.016e-05,9.71e-06,1.005e-05,1.113e-05,1.147e-05,1.032e-05
minority,7.27e-06,8.08e-06,9.09e-06,9.25e-06,9.11e-06,9.59e-06,9.91e-06,9.78e-06,7.68e-06
td,6.14e-06,5.39e-06,5.15e-06,4.7e-06,3.64e-06,3.5e-06,3.81e-06,3.82e-06,5.76e-06
diverse,3.81e-05,3.741e-05,3.939e-05,3.897e-05,3.977e-05,3.989e-05,4.161e-05,4.159e-05,3.776e-05
amp,5.97e-06,6.5e-06,6.06e-06,7.43e-06,6.68e-06,6.4e-06,6.25e-06,6.42e-06,6.23e-06
ingredients,2.91e-06,2.69e-06,2.73e-06,2.58e-06,2.43e-06,2.44e-06,2.29e-06,2.14e-06,2.8e-06
sb,4.68e-06,4.6e-06,3.79e-06,3.34e-06,3.34e-06,3.2e-06,3.05e-06,3.06e-06,4.64e-06
ah,3.87e-06,3.49e-06,3.48e-06,3.49e-06,3.49e-06,3.35e-06,3.35e-06,3.21e-06,3.68e-06
johnny,4.04e-06,4.28e-06,3.79e-06,3.18e-06,3.19e-06,3.35e-06,4.42e-06,4.28e-06,4.16e-06
sole,1.372e-05,1.411e-05,1.364e-05,1.41e-05,1.503e-05,1.523e-05,1.463e-05,1.559e-05,1.392e-05
franchise,4.957e-05,4.898e-05,5.56e-05,5.807e-05,6.284e-05,6.563e-05,6.859e-05,6.956e-05,4.928e-05
recorder,1.582e-05,1.458e-05,1.47e-05,1.501e-05,1.457e-05,1.416e-05,1.463e-05,1.437e-05,1.52e-05
complaints,1.114e-05,1.173e-05,1.136e-05,1.152e-05,1.138e-05,1.112e-05,1.128e-05,1.147e-05,1.143e-05
facing,1.76e-05,1.87e-05,1.924e-05,1.926e-05,1.973e-05,2.101e-05,1.951e-05,1.957e-05,1.815e-05
sm,7.75e-06,7.45e-06,7.12e-06,7.28e-06,7.29e-06,7.31e-06,7.16e-06,7.19e-06,7.6e-06
nancy,7.27e-06,7.92e-06,8.33e-06,8.19e-06,7.89e-06,8.22e-06,8.23e-06,8.71e-06,7.6e-06
promotions,3.39e-06,4.6e-06,4.85e-06,4.4e-06,4.25e-06,3.96e-06,3.81e-06,3.67e-06,3.99e-06
tones,7.59e-06,8.4e-06,8.64e-06,8.49e-06,9.11e-06,9.74e-06,9.6e-06,9.48e-06,8e-06
passion,2.74e-06,2.54e-06,2.58e-06,2.43e-06,1.82e-06,2.13e-06,1.83e-06,1.83e-06,2.64e-06
rehabilitation,4.84e-06,5.07e-06,5.3e-06,5.31e-06,5.16e-06,5.63e-06,5.33e-06,5.05e-06,4.95e-06
maintaining,4.569e-05,4.596e-05,4.757e-05,4.715e-05,4.721e-05,4.705e-05,4.74e-05,4.862e-05,4.583e-05
sight,1.033e-05,1.014e-05,1e-05,1.001e-05,9.71e-06,9.74e-06,9.15e-06,9.48e-06,1.023e-05
laid,1.808e-05,1.775e-05,1.803e-05,1.835e-05,1.897e-05,1.934e-05,1.936e-05,1.942e-05,1.792e-05
clay,6.3e-06,6.18e-06,6.67e-06,6.97e-06,6.83e-06,6.4e-06,6.55e-06,6.42e-06,6.24e-06
defence,2.955e-05,3.186e-05,3.106e-05,2.987e-05,3.005e-05,3.137e-05,3.049e-05,3.027e-05,3.07e-05
patches,2.244e-05,2.251e-05,2.394e-05,2.289e-05,2.413e-05,2.36e-05,2.271e-05,2.156e-05,2.247e-05
weak,3.843e-05,3.915e-05,3.863e-05,3.7e-05,3.658e-05,3.761e-05,3.719e-05,3.715e-05,3.879e-05
refund,1.45e-06,1.43e-06,1.67e-06,1.67e-06,1.52e-06,1.52e-06,1.52e-06,1.53e-06,1.44e-06
usc,1.275e-05,1.173e-05,1.106e-05,1.077e-05,1.108e-05,1.096e-05,1.067e-05,1.04e-05,1.224e-05
towns,1.179e-05,1.046e-05,1.121e-05,1.092e-05,1.017e-05,1.081e-05,1.128e-05,1.147e-05,1.112e-05
environments,0.00013433,0.00013567,0.00013514,0.00013494,0.00013372,0.00013628,0.00013749,0.00013867,0.000135
trembl,0.0,1.6e-07,1.5e-07,1.5e-07,1.5e-07,1.5e-07,1.5e-07,1.5e-07,8e-08
divided,5.489e-05,5.579e-05,5.485e-05,5.383e-05,5.373e-05,5.344e-05,5.396e-05,5.443e-05,5.534e-05
blvd,3.2e-07,1.6e-07,3e-07,1.5e-07,1.5e-07,1.5e-07,1.5e-07,1.5e-07,2.4e-07
reception,3.051e-05,3.265e-05,3.651e-05,3.76e-05,3.992e-05,4.065e-05,4.177e-05,4.281e-05,3.158e-05
amd,8.444e-05,8.242e-05,8.409e-05,8.567e-05,8.576e-05,8.481e-05,8.429e-05,8.669e-05,8.343e-05
wise,1.033e-05,9.99e-06,1.121e-05,1.167e-05,1.199e-05,1.096e-05,1.311e-05,1.284e-05,1.016e-05
emails,2.809e-05,2.742e-05,2.682e-05,2.699e-05,2.671e-05,2.588e-05,2.713e-05,2.783e-05,2.776e-05
cyprus,6.14e-06,5.86e-06,6.06e-06,5.61e-06,6.07e-06,6.85e-06,6.55e-06,5.5e-06,6e-06
wv,6.5e-07,4.8e-07,3e-07,3e-07,3e-07,3e-07,3e-07,3.1e-07,5.6e-07
odds,3.71e-06,3.8e-06,3.64e-06,3.49e-06,3.19e-06,3.2e-06,3.2e-06,3.21e-06,3.76e-06
correctly,3.794e-05,3.693e-05,3.409e-05,3.518e-05,3.506e-05,3.517e-05,3.491e-05,3.501e-05,3.743e-05
insider,1.453e-05,1.363e-05,1.333e-05,1.425e-05,1.503e-05,1.416e-05,1.326e-05,1.361e-05,1.408e-05
seminars,5.65e-06,5.71e-06,5.15e-06,5.16e-06,5.16e-06,5.02e-06,4.57e-06,4.89e-06,5.68e-06
consequences,1.582e-05,1.633e-05,1.621e-05,1.698e-05,1.67e-05,1.751e-05,1.814e-05,1.865e-05,1.608e-05
makers,2.228e-05,2.282e-05,2.303e-05,2.335e-05,2.337e-05,2.269e-05,2.271e-05,2.293e-05,2.255e-05
hearts,8.07e-06,8.24e-06,9.09e-06,9.86e-06,1.017e-05,1.005e-05,1.021e-05,1.04e-05,8.16e-06
geography,1.421e-05,1.379e-05,1.348e-05,1.349e-05,1.321e-05,1.386e-05,1.418e-05,1.498e-05,1.4e-05
appearing,3.148e-05,3.186e-05,3.182e-05,3.214e-05,3.263e-05,3.304e-05,3.353e-05,3.272e-05,3.167e-05
integrity,5.166e-05,5.119e-05,5.121e-05,5.11e-05,5.146e-05,5.147e-05,4.862e-05,4.908e-05,5.143e-05
worry,1.29e-06,1.58e-06,1.97e-06,1.67e-06,1.67e-06,1.67e-06,1.22e-06,1.53e-06,1.43e-06
ns,1.421e-05,1.331e-05,1.288e-05,1.243e-05,1.169e-05,1.188e-05,1.097e-05,1.024e-05,1.376e-05
discrimination,7.43e-06,7.61e-06,7.73e-06,7.13e-06,7.44e-06,7.46e-06,7.77e-06,7.8e-06,7.52e-06
eve,7.27e-06,8.4e-06,8.48e-06,8.64e-06,9.26e-06,8.83e-06,8.69e-06,8.41e-06,7.83e-06
carter,8.56e-06,8.4e-06,8.18e-06,7.73e-06,7.89e-06,8.68e-06,8.84e-06,8.87e-06,8.48e-06
legacy,5.651e-05,5.627e-05,5.772e-05,5.853e-05,6.102e-05,6.273e-05,6.311e-05,6.33e-05,5.639e-05
marc,2.406e-05,2.346e-05,2.47e-05,2.411e-05,2.429e-05,2.391e-05,2.363e-05,2.4e-05,2.376e-05
pleased,9.7e-07,9.5e-07,7.6e-07,7.6e-07,7.6e-07,6.1e-07,6.1e-07,6.1e-07,9.6e-07
danger,1.146e-05,1.157e-05,1.197e-05,1.183e-05,1.184e-05,1.127e-05,1.143e-05,1.177e-05,1.152e-05
vitamin,4.8e-07,4.8e-07,3e-07,1.5e-07,0.0,0.0,0.0,0.0,4.8e-07
widely,0.00023685,0.00024044,0.00023877,0.00023759,0.00024392,0.00024347,0.0002419,0.00024371,0.00023865
processed,4.408e-05,4.454e-05,4.424e-05,4.352e-05,4.25e-05,4.172e-05,4.237e-05,4.143e-05,4.431e-05
phrase,5.586e-05,5.373e-05,5.545e-05,5.61e-05,5.631e-05,5.619e-05,5.67e-05,5.535e-05,5.479e-05
genuine,7.59e-06,7.61e-06,7.42e-06,6.97e-06,6.53e-06,6.7e-06,8.23e-06,7.95e-06,7.6e-06
raising,1.308e-05,1.268e-05,1.242e-05,1.243e-05,1.199e-05,1.218e-05,1.204e-05,1.238e-05,1.288e-05
implications,2.034e-05,2.156e-05,2.015e-05,2.077e-05,2.125e-05,2.071e-05,2.058e-05,2.217e-05,2.095e-05
functionality,0.00018276,0.0001818,0.00017787,0.00017633,0.00017577,0.00017571,0.00017453,0.000172,0.00018228
paradise,4.68e-06,4.6e-06,3.94e-06,2.73e-06,2.73e-06,2.89e-06,2.74e-06,2.9e-06,4.64e-06
hybrid,7.701e-05,7.893e-05,7.954e-05,7.93e-05,7.771e-05,7.887e-05,7.728e-05,7.813e-05,7.797e-05
reads,2.955e-05,2.932e-05,2.985e-05,2.82e-05,2.899e-05,2.863e-05,2.744e-05,2.752e-05,2.943e-05
roles,4.165e-05,4.359e-05,4.485e-05,4.624e-05,4.554e-05,4.796e-05,4.984e-05,5.091e-05,4.262e-05
intermediate,5.102e-05,5.088e-05,5.045e-05,5.003e-05,4.948e-05,4.979e-05,5.076e-05,5.061e-05,5.095e-05
emotional,1.647e-05,1.696e-05,1.667e-05,1.698e-05,1.685e-05,1.66e-05,1.646e-05,1.651e-05,1.671e-05
sons,1.889e-05,1.823e-05,1.939e-05,2.001e-05,1.897e-05,1.858e-05,1.799e-05,1.85e-05,1.856e-05
leaf,1.453e-05,1.506e-05,1.485e-05,1.471e-05,1.518e-05,1.538e-05,1.54e-05,1.59e-05,1.479e-05
pad,2.147e-05,1.997e-05,2e-05,2.108e-05,2.019e-05,2.01e-05,1.951e-05,1.957e-05,2.072e-05
glory,2.1e-06,2.22e-06,2.12e-06,2.12e-06,1.97e-06,1.98e-06,2.13e-06,2.14e-06,2.16e-06
platforms,0.00022296,0.00023299,0.00024059,0.00024532,0.00025227,0.00025702,0.00025913,0.00026297,0.00022797
ja,1.13e-06,1.27e-06,1.36e-06,7.6e-07,9.1e-07,9.1e-07,1.07e-06,9.2e-07,1.2e-06
bigger,1.227e-05,1.284e-05,1.333e-05,1.334e-05,1.305e-05,1.249e-05,1.25e-05,1.238e-05,1.256e-05
billing,1.356e-05,1.316e-05,1.318e-05,1.213e-05,1.199e-05,1.142e-05,1.143e-05,1.147e-05,1.336e-05
diesel,2.1e-06,2.06e-06,1.82e-06,2.27e-06,1.82e-06,2.13e-06,2.13e-06,1.99e-06,2.08e-06
versus,2.583e-05,2.552e-05,2.515e-05,2.578e-05,2.611e-05,2.588e-05,2.622e-05,2.691e-05,2.568e-05
combine,3.826e-05,3.788e-05,3.788e-05,3.836e-05,3.946e-05,3.883e-05,3.872e-05,3.822e-05,3.807e-05
overnight,3.07e-06,3.01e-06,2.88e-06,2.43e-06,2.58e-06,2.44e-06,2.29e-06,2.14e-06,3.04e-06
geographic,4.86e-05,4.771e-05,4.591e-05,4.731e-05,4.994e-05,4.949e-05,5.045e-05,5.061e-05,4.816e-05
exceed,9.69e-06,1.046e-05,1.015e-05,1.001e-05,9.87e-06,9.74e-06,1.037e-05,1.055e-05,1.008e-05
bs,1.179e-05,1.205e-05,1.333e-05,1.243e-05,1.169e-05,1.157e-05,1.265e-05,1.254e-05,1.192e-05
rod,6.94e-06,6.97e-06,6.82e-06,6.52e-06,6.37e-06,6.09e-06,5.94e-06,5.96e-06,6.96e-06
saudi,1.162e-05,1.22e-05,1.348e-05,1.319e-05,1.366e-05,1.325e-05,1.28e-05,1.315e-05,1.191e-05
fault,5.199e-05,5.008e-05,5.363e-05,5.473e-05,5.404e-05,5.268e-05,5.259e-05,5.29e-05,5.104e-05
cuba,5.49e-06,5.71e-06,6.36e-06,6.06e-06,6.07e-06,6.09e-06,6.1e-06,5.96e-06,5.6e-06
hrs,8.1e-07,7.9e-07,7.6e-07,7.6e-07,7.6e-07,7.6e-07,7.6e-07,9.2e-07,8e-07
preliminary,7.91e-06,7.13e-06,7.58e-06,8.19e-06,8.35e-06,9.14e-06,8.84e-06,8.1e-06,7.52e-06
districts,5.97e-06,6.02e-06,6.21e-06,6.22e-06,6.37e-06,6.55e-06,6.55e-06,6.42e-06,5.99e-06
introduce,2.745e-05,2.552e-05,2.651e-05,2.608e-05,2.641e-05,2.604e-05,2.622e-05,2.599e-05,2.649e-05
silk,6.14e-06,6.66e-06,6.82e-06,7.43e-06,7.74e-06,7.61e-06,7.47e-06,7.64e-06,6.4e-06
promotional,9.85e-06,1.014e-05,1.091e-05,1.077e-05,1.123e-05,1.096e-05,1.037e-05,1.101e-05,1e-05
kate,4.84e-06,5.23e-06,5.76e-06,5.76e-06,5.77e-06,5.94e-06,5.79e-06,6.57e-06,5.04e-06
chevrolet,1.6e-07,1.6e-07,1.5e-07,1.5e-07,1.5e-07,1.5e-07,3e-07,3.1e-07,1.6e-07
babies,1.29e-06,1.11e-06,1.21e-06,9.1e-07,1.06e-06,9.1e-07,9.1e-07,1.07e-06,1.2e-06
bi,3.552e-05,3.503e-05,3.469e-05,3.366e-05,3.446e-05,3.426e-05,3.353e-05,3.241e-05,3.528e-05
karen,1.066e-05,1.078e-05,1.151e-05,1.152e-05,1.169e-05,1.203e-05,1.067e-05,1.009e-05,1.072e-05
compiled,6.829e-05,6.673e-05,6.424e-05,6.52e-05,6.557e-05,6.547e-05,6.631e-05,6.712e-05,6.751e-05
romantic,7.59e-06,7.45e-06,7.42e-06,7.88e-06,8.2e-06,8.07e-06,7.77e-06,7.8e-06,7.52e-06
revealed,4.101e-05,4.105e-05,4.257e-05,4.2e-05,4.296e-05,4.385e-05,4.314e-05,4.235e-05,4.103e-05
specialists,9.69e-06,1.014e-05,1.061e-05,1.016e-05,9.87e-06,9.59e-06,9.3e-06,9.94e-06,9.91e-06
generator,6.006e-05,5.959e-05,5.909e-05,6.034e-05,5.92e-05,5.999e-05,5.99e-05,5.978e-05,5.982e-05
albert,2.583e-05,2.52e-05,2.545e-05,2.487e-05,2.413e-05,2.436e-05,2.408e-05,2.431e-05,2.551e-05
examine,1.55e-05,1.522e-05,1.485e-05,1.44e-05,1.472e-05,1.401e-05,1.418e-05,1.437e-05,1.536e-05
jimmy,8.23e-06,7.29e-06,8.03e-06,7.58e-06,7.74e-06,7.46e-06,7.01e-06,7.03e-06,7.76e-06
graham,3.084e-05,2.79e-05,2.697e-05,2.79e-05,2.762e-05,2.832e-05,2.896e-05,2.874e-05,2.937e-05
suspension,5.17e-06,4.75e-06,3.94e-06,3.94e-06,3.34e-06,3.2e-06,3.2e-06,3.36e-06,4.96e-06
bristol,1.033e-05,1.03e-05,1.03e-05,1.001e-05,1.002e-05,1.02e-05,1.037e-05,1.024e-05,1.031e-05
margaret,9.69e-06,1.046e-05,1e-05,1.001e-05,1.017e-05,1.005e-05,1.006e-05,1.04e-05,1.008e-05
compaq,2.712e-05,2.726e-05,2.773e-05,2.82e-05,3.051e-05,3.045e-05,3.018e-05,3.027e-05,2.719e-05
sad,2.58e-06,2.38e-06,2.12e-06,2.12e-06,2.28e-06,2.59e-06,2.9e-06,3.06e-06,2.48e-06
correction,4.198e-05,4.359e-05,4.439e-05,4.367e-05,4.447e-05,4.431e-05,4.512e-05,4.526e-05,4.279e-05
wolf,1.405e-05,1.379e-05,1.424e-05,1.547e-05,1.685e-05,1.644e-05,1.661e-05,1.697e-05,1.392e-05
slowly,1.711e-05,1.759e-05,1.773e-05,1.819e-05,1.882e-05,1.812e-05,1.753e-05,1.697e-05,1.735e-05
authentication,0.00011027,0.00011269,0.00010908,0.00010932,0.00010701,0.00010765,0.00011005,0.00010855,0.00011148
communicate,9.138e-05,9.098e-05,8.803e-05,8.915e-05,8.971e-05,9.014e-05,8.856e-05,8.684e-05,9.118e-05
rugby,3.23e-06,4.28e-06,3.03e-06,3.18e-06,3.34e-06,3.65e-06,3.2e-06,2.9e-06,3.75e-06
supplement,1.227e-05,1.284e-05,1.288e-05,1.274e-05,1.305e-05,1.249e-05,1.189e-05,1.162e-05,1.256e-05
showtimes,1.6e-07,0.0,0.0,0.0,0.0,0.0,0.0,0.0,8e-08
cal,4.2e-06,3.8e-06,3.64e-06,3.34e-06,3.34e-06,3.5e-06,3.51e-06,3.52e-06,4e-06
portions,2.615e-05,2.615e-05,2.591e-05,2.578e-05,2.626e-05,2.68e-05,2.576e-05,2.492e-05,2.615e-05
infant,9.7e-07,9.5e-07,9.1e-07,9.1e-07,9.1e-07,1.37e-06,1.22e-06,1.22e-06,9.6e-07
promoting,2.971e-05,3.043e-05,2.954e-05,3.002e-05,3.036e-05,3.061e-05,2.942e-05,2.966e-05,3.007e-05
sectors,2.567e-05,2.583e-05,2.621e-05,2.623e-05,2.687e-05,2.771e-05,2.774e-05,3.027e-05,2.575e-05
samuel,1.324e-05,1.379e-05,1.348e-05,1.349e-05,1.305e-05,1.34e-05,1.326e-05,1.3e-05,1.352e-05
fluid,7.233e-05,7.37e-05,7.212e-05,7.141e-05,7.179e-05,7.172e-05,7.24e-05,7.4e-05,7.302e-05
grounds,6.14e-06,5.71e-06,6.21e-06,6.06e-06,5.77e-06,6.7e-06,6.86e-06,7.03e-06,5.93e-06
fits,1.292e-05,1.268e-05,1.364e-05,1.289e-05,1.321e-05,1.37e-05,1.341e-05,1.376e-05,1.28e-05
kick,2.74e-06,2.85e-06,2.58e-06,2.43e-06,2.28e-06,2.28e-06,2.9e-06,2.75e-06,2.79e-06
regards,7.75e-06,8.72e-06,9.7e-06,9.25e-06,9.87e-06,1.005e-05,9.3e-06,8.56e-06,8.23e-06
meal,1.78e-06,2.69e-06,3.33e-06,3.49e-06,3.64e-06,3.35e-06,3.35e-06,3.36e-06,2.23e-06
ta,3.87e-06,3.65e-06,3.18e-06,2.73e-06,2.73e-06,3.05e-06,2.74e-06,2.9e-06,3.76e-06
hurt,2.74e-06,2.85e-06,3.33e-06,3.03e-06,2.73e-06,2.74e-06,2.9e-06,2.75e-06,2.79e-06
machinery,6.393e-05,6.435e-05,6.333e-05,6.353e-05,6.238e-05,5.969e-05,5.899e-05,5.932e-05,6.414e-05
bandwidth,0.00011802,0.00011697,0.00011605,0.00011432,0.00011156,0.00011054,0.00010944,0.00010733,0.00011749
unlike,0.00016355,0.00016008,0.00015635,0.00015359,0.00015315,0.00015318,0.00015456,0.00015381,0.00016181
equation,7.863e-05,7.798e-05,7.878e-05,7.93e-05,7.574e-05,7.552e-05,7.576e-05,7.614e-05,7.831e-05
baskets,1.6e-07,0.0,0.0,0.0,0.0,3e-07,3e-07,3.1e-07,8e-08
probability,0.00013029,0.0001333,0.00013333,0.00012918,0.00012841,0.00013201,0.00013246,0.00013087,0.00013179
pot,2.42e-06,2.85e-06,2.73e-06,2.73e-06,2.58e-06,2.74e-06,2.9e-06,2.9e-06,2.64e-06
dimension,5.812e-05,5.912e-05,6.075e-05,6.004e-05,5.95e-05,5.862e-05,5.838e-05,5.825e-05,5.862e-05
wright,1.049e-05,1.173e-05,1.197e-05,1.183e-05,1.169e-05,1.172e-05,1.174e-05,1.177e-05,1.111e-05
img,1.94e-06,2.06e-06,2.12e-06,2.12e-06,1.82e-06,1.67e-06,1.68e-06,1.68e-06,2e-06
barry,2.067e-05,2.092e-05,1.924e-05,1.926e-05,1.897e-05,1.873e-05,1.783e-05,1.789e-05,2.079e-05
proven,2.955e-05,2.837e-05,2.97e-05,3.032e-05,3.081e-05,3.137e-05,3.17e-05,3.18e-05,2.896e-05
schedules,8.72e-06,8.4e-06,8.48e-06,8.19e-06,8.5e-06,8.53e-06,8.69e-06,8.87e-06,8.56e-06
admissions,6.5e-07,9.5e-07,1.06e-06,1.36e-06,1.37e-06,1.07e-06,9.1e-07,9.2e-07,8e-07
cached,9.04e-06,9.35e-06,9.24e-06,9.4e-06,9.11e-06,9.59e-06,9.91e-06,1.009e-05,9.19e-06
warren,1.405e-05,1.316e-05,1.258e-05,1.243e-05,1.305e-05,1.233e-05,1.311e-05,1.33e-05,1.36e-05
slip,4.2e-06,3.8e-06,4.09e-06,3.94e-06,3.95e-06,4.26e-06,4.42e-06,4.43e-06,4e-06
studied,8.589e-05,8.591e-05,8.363e-05,8.415e-05,8.394e-05,8.192e-05,8.185e-05,8.21e-05,8.59e-05
reviewer,6.46e-06,6.82e-06,6.21e-06,5.76e-06,5.46e-06,4.72e-06,4.88e-06,5.2e-06,6.64e-06
involves,9.735e-05,9.716e-05,9.818e-05,0.00010113,0.00010079,0.00010004,0.00010335,0.00010595,9.726e-05
quarterly,4.149e-05,3.947e-05,3.879e-05,3.957e-05,3.886e-05,3.928e-05,3.856e-05,3.853e-05,4.048e-05
rpm,6.94e-06,6.66e-06,6.36e-06,6.22e-06,6.68e-06,6.7e-06,6.55e-06,6.42e-06,6.8e-06
profits,9.2e-06,1.014e-05,9.7e-06,1.016e-05,9.11e-06,8.98e-06,9.6e-06,9.48e-06,9.67e-06
devil,6.62e-06,6.34e-06,6.82e-06,7.13e-06,7.44e-06,7.31e-06,7.47e-06,7.19e-06,6.48e-06
grass,5e-06,5.39e-06,5.3e-06,5.31e-06,5.31e-06,5.48e-06,5.33e-06,5.2e-06,5.2e-06
comply,1.179e-05,1.141e-05,1.03e-05,1.077e-05,1.078e-05,1.066e-05,1.097e-05,1.07e-05,1.16e-05
marie,1.001e-05,1.173e-05,1.227e-05,1.213e-05,1.229e-05,1.172e-05,1.113e-05,1.07e-05,1.087e-05
florist,0.0,0.0,0.0,0.0,0.0,0.0,0.0,0.0,0.0
illustrated,1.728e-05,1.712e-05,1.742e-05,1.713e-05,1.821e-05,1.858e-05,1.783e-05,1.804e-05,1.72e-05
cherry,1.78e-06,1.9e-06,2.42e-06,2.27e-06,2.43e-06,2.59e-06,2.44e-06,2.45e-06,1.84e-06
continental,5.97e-06,6.18e-06,6.36e-06,6.82e-06,6.68e-06,6.09e-06,5.64e-06,5.66e-06,6.08e-06
alternate,2.874e-05,2.821e-05,2.954e-05,2.957e-05,2.99e-05,3.106e-05,3.201e-05,3.18e-05,2.848e-05
deutsch,5.97e-06,6.66e-06,5.45e-06,4.7e-06,4.71e-06,5.18e-06,5.18e-06,5.2e-06,6.31e-06
achievement,3.277e-05,3.186e-05,3.212e-05,3.23e-05,3.233e-05,3.198e-05,3.216e-05,3.195e-05,3.232e-05
limitations,4.198e-05,4.01e-05,3.969e-05,4.17e-05,4.204e-05,4.172e-05,4.344e-05,4.434e-05,4.104e-05
kenya,6.46e-06,7.61e-06,6.82e-06,6.67e-06,6.53e-06,6.4e-06,7.01e-06,7.03e-06,7.03e-06
webcam,1.921e-05,1.807e-05,1.788e-05,1.713e-05,1.73e-05,1.705e-05,1.616e-05,1.605e-05,1.864e-05
cuts,1.259e-05,1.236e-05,1.167e-05,1.213e-05,1.229e-05,1.203e-05,1.204e-05,1.238e-05,1.247e-05
funeral,1.29e-06,1.27e-06,1.21e-06,1.52e-06,1.52e-06,1.37e-06,1.37e-06,1.38e-06,1.28e-06
nutten,0.0,0.0,0.0,0.0,0.0,0.0,0.0,0.0,0.0
earrings,0.0,0.0,0.0,0.0,0.0,0.0,0.0,0.0,0.0
enjoyed,8.4e-06,8.08e-06,7.88e-06,7.73e-06,7.44e-06,7.16e-06,6.86e-06,6.73e-06,8.24e-06
automated,0.00013529,0.00013361,0.00013378,0.00013358,0.00013342,0.00013308,0.00013215,0.00013087,0.00013445
chapters,1.873e-05,1.791e-05,1.697e-05,1.607e-05,1.639e-05,1.66e-05,1.738e-05,1.789e-05,1.832e-05
pee,3.2e-07,1.6e-07,1.5e-07,1.5e-07,1.5e-07,1.5e-07,1.5e-07,1.5e-07,2.4e-07
charlie,1.179e-05,1.157e-05,1.197e-05,1.183e-05,1.123e-05,1.066e-05,9.91e-06,1.009e-05,1.168e-05
quebec,1.259e-05,1.426e-05,1.439e-05,1.501e-05,1.563e-05,1.584e-05,1.616e-05,1.636e-05,1.343e-05
nipples,1.6e-07,1.6e-07,1.5e-07,1.5e-07,1.5e-07,1.5e-07,1.5e-07,1.5e-07,1.6e-07
passenger,8.07e-06,8.4e-06,7.88e-06,8.79e-06,8.65e-06,8.37e-06,8.99e-06,9.02e-06,8.23e-06
convenient,2.083e-05,2.156e-05,2.045e-05,2.017e-05,2.034e-05,2.01e-05,2.043e-05,2.049e-05,2.119e-05
dennis,2.018e-05,2.06e-05,2.182e-05,2.274e-05,2.171e-05,2.162e-05,2.149e-05,2.202e-05,2.039e-05
mars,1.937e-05,1.743e-05,1.803e-05,1.865e-05,1.882e-05,1.858e-05,1.844e-05,1.896e-05,1.84e-05
francis,2.163e-05,2.171e-05,2.091e-05,2.153e-05,2.171e-05,2.193e-05,2.104e-05,2.125e-05,2.167e-05
tvs,1.356e-05,1.522e-05,1.561e-05,1.622e-05,1.639e-05,1.66e-05,1.631e-05,1.682e-05,1.439e-05
sized,3.729e-05,3.645e-05,3.53e-05,3.593e-05,3.506e-05,3.578e-05,3.704e-05,3.807e-05,3.687e-05
manga,2.761e-05,2.821e-05,3.076e-05,3.032e-05,3.172e-05,3.213e-05,3.247e-05,3.272e-05,2.791e-05
noticed,5.81e-06,5.39e-06,5.3e-06,5.16e-06,5.01e-06,5.02e-06,5.03e-06,4.74e-06,5.6e-06
socket,3.487e-05,3.582e-05,3.636e-05,3.624e-05,3.734e-05,3.654e-05,3.674e-05,3.608e-05,3.535e-05
silent,1.211e-05,1.252e-05,1.273e-05,1.349e-05,1.381e-05,1.264e-05,1.296e-05,1.284e-05,1.231e-05
literary,3.326e-05,3.519e-05,3.53e-05,3.502e-05,3.491e-05,3.578e-05,3.613e-05,3.562e-05,3.422e-05
egg,1.001e-05,9.83e-06,1e-05,1.001e-05,1.078e-05,1.02e-05,1.067e-05,1.07e-05,9.92e-06
mhz,8.444e-05,8.432e-05,8.318e-05,7.93e-05,7.741e-05,7.613e-05,7.576e-05,7.583e-05,8.438e-05
signals,0.00014627,0.00014598,0.00014333,0.00014374,0.00014435,0.00014633,0.00014953,0.0001509,0.00014612
caps,3.87e-06,3.8e-06,3.79e-06,4.85e-06,5.01e-06,5.63e-06,8.54e-06,8.56e-06,3.83e-06
orientation,3.213e-05,3.265e-05,3.212e-05,3.275e-05,3.172e-05,3.304e-05,3.201e-05,3.18e-05,3.239e-05
pill,3.23e-06,2.22e-06,2.58e-06,2.27e-06,2.12e-06,2.13e-06,1.98e-06,1.99e-06,2.73e-06
theft,2.89e-05,3.075e-05,3.242e-05,3.366e-05,3.582e-05,3.624e-05,3.75e-05,3.868e-05,2.982e-05
childhood,6.14e-06,6.66e-06,7.42e-06,7.58e-06,7.44e-06,7.61e-06,8.08e-06,8.41e-06,6.4e-06
swing,5.81e-06,6.66e-06,6.82e-06,6.37e-06,6.37e-06,6.24e-06,6.55e-06,6.73e-06,6.24e-06
symbols,8.88e-05,8.812e-05,8.712e-05,8.612e-05,8.819e-05,8.816e-05,8.795e-05,8.822e-05,8.846e-05
lat,1.45e-06,1.27e-06,1.21e-06,1.21e-06,1.67e-06,1.67e-06,1.68e-06,1.68e-06,1.36e-06
meta,3.843e-05,3.598e-05,3.591e-05,3.548e-05,4.235e-05,4.522e-05,4.634e-05,4.847e-05,3.721e-05
humans,6.297e-05,6.467e-05,6.394e-05,6.535e-05,6.618e-05,6.623e-05,6.57e-05,6.498e-05,6.382e-05
analog,0.0001072,0.00010778,0.00010439,0.00010553,0.00010792,0.00010963,0.000107,0.00010763,0.00010749
facial,2.567e-05,2.71e-05,2.757e-05,2.85e-05,3.051e-05,3.061e-05,3.11e-05,3.104e-05,2.638e-05
choosing,2.131e-05,2.124e-05,2.182e-05,2.168e-05,2.186e-05,2.132e-05,2.149e-05,2.156e-05,2.128e-05
talent,9.53e-06,9.83e-06,1e-05,9.55e-06,9.87e-06,9.44e-06,8.99e-06,8.87e-06,9.68e-06
dated,1.566e-05,1.522e-05,1.576e-05,1.486e-05,1.518e-05,1.492e-05,1.479e-05,1.559e-05,1.544e-05
flexibility,3.649e-05,3.566e-05,3.5e-05,3.533e-05,3.552e-05,3.411e-05,3.613e-05,3.715e-05,3.607e-05
seeker,1.13e-06,9.5e-07,1.06e-06,1.06e-06,1.06e-06,1.07e-06,1.07e-06,1.22e-06,1.04e-06
wisdom,6.78e-06,6.82e-06,6.97e-06,6.37e-06,6.22e-06,6.24e-06,6.71e-06,6.57e-06,6.8e-06
shoot,1.873e-05,1.95e-05,1.788e-05,1.88e-05,1.837e-05,1.644e-05,1.555e-05,1.529e-05,1.911e-05
boundary,5.538e-05,5.341e-05,5.288e-05,5.276e-05,5.176e-05,5.36e-05,5.381e-05,5.412e-05,5.439e-05
mint,5.97e-06,6.5e-06,6.21e-06,6.37e-06,6.22e-06,6.24e-06,6.25e-06,5.96e-06,6.23e-06
packard,6.329e-05,6.197e-05,6.121e-05,6.095e-05,6.041e-05,6.075e-05,6.082e-05,6.207e-05,6.263e-05
offset,1.76e-05,1.712e-05,1.682e-05,1.728e-05,1.639e-05,1.629e-05,1.555e-05,1.559e-05,1.736e-05
payday,3.2e-07,4.8e-07,4.5e-07,4.5e-07,3e-07,3e-07,3e-07,3.1e-07,4e-07
philip,2.825e-05,2.742e-05,2.712e-05,2.699e-05,2.52e-05,2.497e-05,2.454e-05,2.477e-05,2.784e-05
elite,1.437e-05,1.411e-05,1.454e-05,1.44e-05,1.487e-05,1.447e-05,1.433e-05,1.376e-05,1.424e-05
gi,5.33e-06,5.71e-06,5.3e-06,5.16e-06,5.31e-06,5.63e-06,5.94e-06,6.27e-06,5.52e-06
spin,5.861e-05,5.627e-05,5.924e-05,6.08e-05,6.466e-05,6.517e-05,6.661e-05,6.819e-05,5.744e-05
holders,9.04e-06,9.67e-06,9.09e-06,9.25e-06,9.11e-06,9.74e-06,8.99e-06,9.02e-06,9.36e-06
believes,9.36e-06,9.83e-06,8.94e-06,8.95e-06,8.8e-06,8.68e-06,8.54e-06,8.26e-06,9.6e-06
swedish,5.861e-05,6.086e-05,6.045e-05,6.05e-05,6.178e-05,6.182e-05,6.189e-05,6.039e-05,5.973e-05
poems,4.04e-06,3.96e-06,3.48e-06,3.64e-06,4.25e-06,4.26e-06,4.42e-06,4.74e-06,4e-06
deadline,8.56e-06,8.88e-06,8.48e-06,7.88e-06,8.2e-06,7.92e-06,7.62e-06,8.1e-06,8.72e-06
jurisdiction,7.27e-06,8.56e-06,8.48e-06,8.64e-06,9.56e-06,9.59e-06,9.76e-06,9.48e-06,7.91e-06
robot,9.493e-05,9.399e-05,9.59e-05,9.598e-05,9.775e-05,9.714e-05,9.664e-05,9.663e-05,9.446e-05
displaying,2.696e-05,2.694e-05,2.651e-05,2.578e-05,2.565e-05,2.604e-05,2.561e-05,2.691e-05,2.695e-05
witness,6.62e-06,6.66e-06,6.06e-06,6.06e-06,6.07e-06,6.24e-06,6.4e-06,6.57e-06,6.64e-06
collins,1.324e-05,1.252e-05,1.303e-05,1.289e-05,1.26e-05,1.218e-05,1.235e-05,1.208e-05,1.288e-05
equipped,3.342e-05,3.249e-05,3.242e-05,3.245e-05,3.263e-05,3.289e-05,3.155e-05,3.165e-05,3.295e-05
stages,3.552e-05,3.566e-05,3.727e-05,3.7e-05,3.779e-05,3.73e-05,3.811e-05,3.96e-05,3.559e-05
encouraged,1.485e-05,1.49e-05,1.424e-05,1.425e-05,1.518e-05,1.477e-05,1.524e-05,1.559e-05,1.487e-05
sur,5.65e-06,6.5e-06,6.36e-06,8.49e-06,8.65e-06,8.68e-06,8.38e-06,8.71e-06,6.08e-06
winds,1.94e-06,2.06e-06,1.82e-06,1.67e-06,2.12e-06,1.98e-06,1.98e-06,1.83e-06,2e-06
powder,3.23e-06,3.33e-06,2.73e-06,2.73e-06,2.88e-06,2.89e-06,2.9e-06,2.75e-06,3.28e-06
broadway,5.81e-06,6.02e-06,5.76e-06,5.61e-06,5.77e-06,5.79e-06,4.73e-06,4.74e-06,5.92e-06
acquired,0.00026898,0.00028355,0.00029059,0.0003037,0.00030995,0.00031808,0.00032284,0.00033345,0.00027626
assess,1.663e-05,1.664e-05,1.651e-05,1.728e-05,1.715e-05,1.797e-05,1.936e-05,1.896e-05,1.663e-05
wash,4.8e-07,7.9e-07,7.6e-07,7.6e-07,9.1e-07,9.1e-07,9.1e-07,9.2e-07,6.3e-07
cartridges,1.582e-05,1.49e-05,1.545e-05,1.562e-05,1.761e-05,1.781e-05,1.783e-05,1.789e-05,1.536e-05
stones,2.42e-06,2.38e-06,2.58e-06,2.73e-06,2.58e-06,3.05e-06,2.9e-06,3.06e-06,2.4e-06
entrance,5.81e-06,6.02e-06,6.82e-06,5.61e-06,5.92e-06,5.48e-06,5.33e-06,5.05e-06,5.92e-06
gnome,3.31e-05,3.424e-05,3.273e-05,3.305e-05,3.157e-05,3.198e-05,3.231e-05,3.226e-05,3.367e-05
roots,2.922e-05,3.122e-05,3.136e-05,3.184e-05,3.203e-05,3.289e-05,3.323e-05,3.348e-05,3.022e-05
declaration,1.372e-05,1.411e-05,1.424e-05,1.471e-05,1.487e-05,1.447e-05,1.463e-05,1.514e-05,1.392e-05
losing,1.437e-05,1.411e-05,1.409e-05,1.456e-05,1.487e-05,1.492e-05,1.509e-05,1.452e-05,1.424e-05
attempts,7.039e-05,7.132e-05,7.075e-05,7.141e-05,7.164e-05,7.141e-05,7.21e-05,7.201e-05,7.085e-05
gadgets,8.23e-06,7.92e-06,8.48e-06,8.34e-06,7.74e-06,7.31e-06,7.01e-06,6.57e-06,8.07e-06
noble,5.33e-06,5.39e-06,5e-06,5.46e-06,5.46e-06,5.33e-06,5.49e-06,5.66e-06,5.36e-06
glasgow,1.211e-05,1.205e-05,1.242e-05,1.167e-05,1.184e-05,1.172e-05,1.158e-05,1.208e-05,1.208e-05
automation,0.0001064,0.00011079,0.00011499,0.0001169,0.00011748,0.000118,0.00011737,0.00011757,0.00010859
impacts,8.72e-06,1.078e-05,1.167e-05,1.107e-05,1.138e-05,1.233e-05,1.25e-05,1.208e-05,9.75e-06
rev,2.034e-05,1.807e-05,1.394e-05,1.213e-05,9.71e-06,9.29e-06,9.15e-06,9.17e-06,1.92e-05
gospel,1.13e-06,9.5e-07,1.21e-06,1.21e-06,1.21e-06,1.37e-06,1.52e-06,1.53e-06,1.04e-06
advantages,3.956e-05,3.915e-05,3.818e-05,3.957e-05,3.871e-05,3.883e-05,3.948e-05,3.914e-05,3.936e-05
shore,3.39e-06,3.33e-06,3.64e-06,3.94e-06,4.1e-06,3.96e-06,4.12e-06,4.13e-06,3.36e-06
loves,2.1e-06,9.5e-07,1.06e-06,9.1e-07,9.1e-07,9.1e-07,1.22e-06,1.22e-06,1.52e-06
induced,2.018e-05,1.728e-05,1.954e-05,1.971e-05,2.019e-05,2.116e-05,2.104e-05,2.11e-05,1.873e-05
ll,1.017e-05,9.35e-06,9.09e-06,8.64e-06,8.35e-06,7.92e-06,8.08e-06,8.1e-06,9.76e-06
knight,3.148e-05,3.091e-05,3.166e-05,3.26e-05,3.112e-05,3.137e-05,3.186e-05,3.18e-05,3.12e-05
preparing,7.59e-06,6.82e-06,6.21e-06,6.37e-06,6.37e-06,6.24e-06,6.4e-06,5.81e-06,7.2e-06
loose,6.94e-06,6.34e-06,6.51e-06,6.06e-06,6.37e-06,6.24e-06,6.25e-06,6.27e-06,6.64e-06
aims,0.00011495,0.00011459,0.00011378,0.0001125,0.00011156,0.0001107,0.00011005,0.00011222,0.00011477
recipient,5.215e-05,5.119e-05,4.985e-05,4.913e-05,4.69e-05,4.69e-05,4.832e-05,4.785e-05,5.167e-05
linking,3.536e-05,3.598e-05,3.409e-05,3.32e-05,3.4e-05,3.35e-05,3.353e-05,3.333e-05,3.567e-05
extensions,9.283e-05,9.304e-05,9.09e-05,9.431e-05,9.289e-05,9.182e-05,9.42e-05,9.387e-05,9.294e-05
appeals,7.27e-06,7.13e-06,8.03e-06,8.34e-06,7.74e-06,7.31e-06,7.16e-06,7.19e-06,7.2e-06
cl,1.017e-05,9.67e-06,9.85e-06,9.4e-06,9.11e-06,8.68e-06,8.23e-06,8.26e-06,9.92e-06
earned,6.329e-05,5.833e-05,5.727e-05,5.58e-05,5.373e-05,5.223e-05,5.167e-05,4.954e-05,6.081e-05
illness,3.39e-06,3.33e-06,4.09e-06,3.79e-06,3.95e-06,4.11e-06,4.73e-06,5.2e-06,3.36e-06
islamic,1.388e-05,1.316e-05,1.333e-05,1.289e-05,1.29e-05,1.279e-05,1.296e-05,1.315e-05,1.352e-05
athletics,9.7e-07,9.5e-07,1.06e-06,1.21e-06,1.37e-06,1.07e-06,1.07e-06,1.07e-06,9.6e-07
southeast,7.43e-06,8.72e-06,9.85e-06,1.001e-05,9.87e-06,1.035e-05,1.006e-05,1.024e-05,8.07e-06
ieee,0.00037456,0.00037897,0.00037528,0.00036783,0.00037036,0.00036467,0.0003643,0.00035868,0.00037677
ho,6.3e-06,5.86e-06,6.06e-06,6.37e-06,6.22e-06,6.09e-06,6.1e-06,6.27e-06,6.08e-06
alternatives,2.858e-05,2.694e-05,2.591e-05,2.562e-05,2.474e-05,2.467e-05,2.485e-05,2.492e-05,2.776e-05
pending,9.69e-06,9.99e-06,1e-05,9.86e-06,9.87e-06,9.14e-06,7.77e-06,7.8e-06,9.84e-06
parker,9.04e-06,9.19e-06,9.7e-06,9.4e-06,1.078e-05,1.127e-05,1.143e-05,1.193e-05,9.11e-06
determining,4.504e-05,4.501e-05,4.409e-05,4.427e-05,4.387e-05,4.324e-05,4.314e-05,4.357e-05,4.502e-05
lebanon,2.26e-06,2.69e-06,2.88e-06,2.73e-06,2.73e-06,2.74e-06,2.59e-06,2.45e-06,2.48e-06
corp,3.633e-05,3.836e-05,3.803e-05,3.806e-05,4.007e-05,3.944e-05,3.765e-05,3.776e-05,3.735e-05
personalized,1.453e-05,1.553e-05,1.576e-05,1.501e-05,1.503e-05,1.553e-05,1.616e-05,1.667e-05,1.503e-05
kennedy,1.292e-05,1.458e-05,1.485e-05,1.456e-05,1.472e-05,1.507e-05,1.463e-05,1.422e-05,1.375e-05
gt,8.4e-06,8.24e-06,9.24e-06,8.95e-06,9.56e-06,9.29e-06,9.45e-06,9.17e-06,8.32e-06
sh,8.88e-06,9.19e-06,8.03e-06,7.73e-06,8.35e-06,8.83e-06,8.84e-06,8.56e-06,9.04e-06
conditioning,4.2e-06,3.96e-06,3.79e-06,3.64e-06,3.64e-06,3.5e-06,3.51e-06,3.82e-06,4.08e-06
teenage,5.97e-06,6.02e-06,6.82e-06,6.67e-06,7.29e-06,7.61e-06,7.62e-06,7.19e-06,5.99e-06
soap,1.647e-05,1.49e-05,1.47e-05,1.471e-05,1.442e-05,1.507e-05,1.402e-05,1.33e-05,1.568e-05
ae,2.26e-06,2.06e-06,2.88e-06,2.88e-06,2.73e-06,1.67e-06,1.52e-06,1.22e-06,2.16e-06
triple,2.067e-05,2.092e-05,2.06e-05,2.032e-05,2.034e-05,2.04e-05,2.012e-05,2.049e-05,2.079e-05
cooper,1.485e-05,1.522e-05,1.47e-05,1.592e-05,1.594e-05,1.584e-05,1.585e-05,1.636e-05,1.504e-05
nyc,2.74e-06,2.69e-06,2.73e-06,2.58e-06,2.58e-06,2.44e-06,2.44e-06,2.14e-06,2.72e-06
vincent,9.85e-06,1.062e-05,1.136e-05,1.016e-05,1.047e-05,9.74e-06,1.021e-05,1.024e-05,1.023e-05
jam,1.518e-05,1.553e-05,1.697e-05,1.865e-05,1.852e-05,1.797e-05,1.814e-05,1.758e-05,1.535e-05
secured,1.114e-05,1.173e-05,1.197e-05,1.167e-05,1.199e-05,1.233e-05,1.25e-05,1.193e-05,1.143e-05
unusual,2.535e-05,2.409e-05,2.379e-05,2.289e-05,2.231e-05,2.193e-05,2.195e-05,2.156e-05,2.472e-05
answered,5.97e-06,5.71e-06,5.61e-06,5.76e-06,5.46e-06,5.63e-06,5.49e-06,4.89e-06,5.84e-06
partnerships,1.211e-05,1.189e-05,1.273e-05,1.365e-05,1.275e-05,1.218e-05,1.174e-05,1.116e-05,1.2e-05
destruction,1.114e-05,1.078e-05,1.121e-05,1.152e-05,1.245e-05,1.218e-05,1.219e-05,1.116e-05,1.096e-05
slots,2.567e-05,2.536e-05,2.621e-05,2.517e-05,2.565e-05,2.482e-05,2.439e-05,2.462e-05,2.552e-05
increasingly,4.682e-05,4.612e-05,4.621e-05,4.837e-05,5.328e-05,5.207e-05,4.969e-05,5.015e-05,4.647e-05
migration,1.857e-05,1.854e-05,1.788e-05,1.744e-05,1.776e-05,1.842e-05,1.89e-05,1.896e-05,1.856e-05
disorder,8.88e-06,1.046e-05,1.076e-05,9.55e-06,9.26e-06,9.59e-06,9.6e-06,9.94e-06,9.67e-06
routine,1.647e-05,1.553e-05,1.5e-05,1.516e-05,1.503e-05,1.462e-05,1.433e-05,1.361e-05,1.6e-05
toolbar,6.14e-06,6.02e-06,5.76e-06,4.4e-06,4.1e-06,4.11e-06,4.27e-06,4.13e-06,6.08e-06
basically,1.873e-05,1.664e-05,1.591e-05,1.516e-05,1.503e-05,1.431e-05,1.357e-05,1.345e-05,1.768e-05
rocks,4.84e-06,4.75e-06,4.55e-06,3.79e-06,3.19e-06,2.89e-06,2.9e-06,3.06e-06,4.8e-06
conventional,6.958e-05,6.847e-05,6.878e-05,6.823e-05,6.846e-05,6.898e-05,6.874e-05,6.819e-05,6.902e-05
titans,1.94e-06,2.06e-06,1.97e-06,2.43e-06,3.04e-06,2.89e-06,3.05e-06,3.06e-06,2e-06
applicants,4.04e-06,3.65e-06,3.64e-06,3.34e-06,3.64e-06,3.5e-06,3.66e-06,5.05e-06,3.85e-06
wearing,5.17e-06,5.07e-06,5.15e-06,4.4e-06,5.01e-06,4.87e-06,5.18e-06,5.35e-06,5.12e-06
axis,3.116e-05,3.36e-05,3.454e-05,3.396e-05,3.491e-05,3.624e-05,3.887e-05,3.7e-05,3.238e-05
sought,2.083e-05,2.124e-05,2.136e-05,2.289e-05,2.337e-05,2.33e-05,2.317e-05,2.324e-05,2.103e-05
genes,2.632e-05,2.267e-05,2.485e-05,2.623e-05,2.687e-05,2.665e-05,2.622e-05,2.66e-05,2.45e-05
mounted,3.342e-05,3.186e-05,3.273e-05,3.245e-05,3.203e-05,3.167e-05,3.155e-05,3.165e-05,3.264e-05
habitat,3.87e-06,3.33e-06,3.03e-06,3.03e-06,3.19e-06,2.89e-06,2.74e-06,3.21e-06,3.6e-06
firewall,3.988e-05,3.82e-05,3.712e-05,3.624e-05,3.673e-05,3.837e-05,3.902e-05,3.838e-05,3.904e-05
median,1.405e-05,1.474e-05,1.485e-05,1.471e-05,1.457e-05,1.477e-05,1.448e-05,1.468e-05,1.44e-05
guns,1.114e-05,1.268e-05,1.227e-05,1.228e-05,1.275e-05,1.264e-05,1.265e-05,1.254e-05,1.191e-05
scanner,2.825e-05,2.853e-05,2.742e-05,2.82e-05,2.717e-05,2.695e-05,2.789e-05,2.752e-05,2.839e-05
herein,9.7e-07,9.5e-07,6.1e-07,7.6e-07,7.6e-07,9.1e-07,9.1e-07,1.07e-06,9.6e-07
occupational,3.23e-06,3.65e-06,3.64e-06,3.94e-06,4.1e-06,3.81e-06,3.81e-06,3.36e-06,3.44e-06
animated,5.812e-05,5.975e-05,6.272e-05,6.353e-05,6.587e-05,6.882e-05,6.783e-05,6.88e-05,5.894e-05
horny,0.0,0.0,0.0,0.0,0.0,0.0,0.0,0.0,0.0
judicial,4.84e-06,4.6e-06,4.55e-06,4.25e-06,4.1e-06,4.57e-06,4.57e-06,5.05e-06,4.72e-06
rio,8.88e-06,8.56e-06,9.09e-06,8.95e-06,8.65e-06,8.83e-06,8.54e-06,8.1e-06,8.72e-06
hs,3.39e-06,3.49e-06,3.33e-06,3.64e-06,3.49e-06,3.5e-06,3.51e-06,3.52e-06,3.44e-06
adjustment,7.27e-06,7.13e-06,6.97e-06,7.28e-06,7.59e-06,8.22e-06,8.23e-06,8.1e-06,7.2e-06
hero,2.325e-05,2.393e-05,2.257e-05,2.411e-05,2.337e-05,2.375e-05,2.469e-05,2.492e-05,2.359e-05
integer,9.154e-05,9.177e-05,8.999e-05,9.143e-05,9.153e-05,9.136e-05,9.1e-05,9.25e-05,9.166e-05
treatments,3.55e-06,3.65e-06,3.64e-06,4.7e-06,5.01e-06,5.33e-06,5.33e-06,5.35e-06,3.6e-06
bachelor,3.633e-05,3.36e-05,3.242e-05,3.154e-05,2.899e-05,2.649e-05,2.546e-05,2.492e-05,3.497e-05
attitude,8.23e-06,7.77e-06,6.97e-06,6.97e-06,6.53e-06,6.55e-06,6.71e-06,6.12e-06,8e-06
camcorders,2.91e-06,3.01e-06,3.33e-06,3.18e-06,3.34e-06,3.2e-06,3.05e-06,3.36e-06,2.96e-06
engaged,1.857e-05,1.902e-05,1.939e-05,1.956e-05,1.928e-05,1.858e-05,1.86e-05,1.819e-05,1.879e-05
falling,1.146e-05,1.157e-05,1.197e-05,1.167e-05,1.245e-05,1.233e-05,1.25e-05,1.284e-05,1.152e-05
basics,7.91e-06,7.92e-06,8.18e-06,8.79e-06,9.11e-06,8.68e-06,8.08e-06,7.8e-06,7.92e-06
montreal,2.034e-05,2.124e-05,2.212e-05,2.183e-05,2.186e-05,2.193e-05,2.149e-05,2.202e-05,2.079e-05
carpet,2.26e-06,2.38e-06,2.27e-06,2.27e-06,2.28e-06,2.44e-06,2.44e-06,2.45e-06,2.32e-06
rv,1.78e-06,1.74e-06,1.67e-06,1.67e-06,1.67e-06,1.67e-06,1.68e-06,1.68e-06,1.76e-06
struct,2.58e-06,2.69e-06,2.73e-06,2.12e-06,1.97e-06,1.98e-06,1.98e-06,1.99e-06,2.64e-06
lenses,8.4e-06,8.72e-06,8.48e-06,8.95e-06,8.5e-06,9.74e-06,9.91e-06,9.94e-06,8.56e-06
binary,0.00021424,0.00021318,0.00020847,0.00020984,0.00021098,0.00021363,0.00021279,0.00021252,0.00021371
genetics,1.663e-05,1.807e-05,1.848e-05,1.926e-05,1.882e-05,1.949e-05,1.951e-05,1.865e-05,1.735e-05
attended,2.486e-05,2.568e-05,2.303e-05,2.32e-05,2.262e-05,2.177e-05,2.134e-05,2.171e-05,2.527e-05
difficulty,3.326e-05,3.328e-05,3.424e-05,3.624e-05,3.643e-05,3.791e-05,3.902e-05,3.929e-05,3.327e-05
punk,5.33e-06,4.91e-06,4.39e-06,4.4e-06,4.25e-06,4.72e-06,4.73e-06,5.05e-06,5.12e-06
collective,3.81e-05,3.788e-05,3.969e-05,3.957e-05,4.037e-05,4.065e-05,4.1e-05,4.128e-05,3.799e-05
coalition,1.211e-05,1.363e-05,1.333e-05,1.289e-05,1.275e-05,1.249e-05,1.219e-05,1.208e-05,1.287e-05
pi,2.212e-05,2.599e-05,2.757e-05,2.85e-05,2.929e-05,2.71e-05,2.881e-05,2.783e-05,2.405e-05
dropped,3.649e-05,3.614e-05,3.651e-05,3.791e-05,3.916e-05,3.928e-05,3.795e-05,3.761e-05,3.632e-05
enrollment,3.07e-06,4.44e-06,3.18e-06,3.18e-06,3.64e-06,3.35e-06,3.35e-06,3.21e-06,3.75e-06
duke,1.76e-05,1.775e-05,1.757e-05,1.789e-05,1.852e-05,1.858e-05,1.844e-05,1.85e-05,1.768e-05
walter,1.76e-05,1.759e-05,1.727e-05,1.698e-05,1.654e-05,1.599e-05,1.692e-05,1.651e-05,1.76e-05
ai,0.00010979,0.00012569,0.00015257,0.00015465,0.00016241,0.00017267,0.00017697,0.00018989,0.00011774
pace,1.114e-05,1.252e-05,1.212e-05,1.258e-05,1.275e-05,1.218e-05,1.189e-05,1.162e-05,1.183e-05
besides,2.971e-05,2.948e-05,3.015e-05,2.896e-05,2.869e-05,2.786e-05,2.667e-05,2.63e-05,2.959e-05
wage,1.29e-06,1.74e-06,1.52e-06,1.36e-06,1.52e-06,1.37e-06,1.83e-06,1.68e-06,1.51e-06
producers,2.26e-05,2.235e-05,2.227e-05,2.153e-05,2.095e-05,2.056e-05,2.149e-05,2.11e-05,2.248e-05
ot,8.1e-07,1.11e-06,1.06e-06,2.58e-06,1.21e-06,1.22e-06,1.22e-06,1.22e-06,9.6e-07
collector,1.195e-05,1.331e-05,1.318e-05,1.319e-05,1.336e-05,1.355e-05,1.326e-05,1.407e-05,1.263e-05
arc,3.116e-05,3.138e-05,3.182e-05,3.29e-05,3.4e-05,3.365e-05,3.353e-05,3.379e-05,3.127e-05
hosts,7.427e-05,7.418e-05,7.394e-05,7.354e-05,7.362e-05,7.324e-05,7.362e-05,7.278e-05,7.423e-05
interfaces,0.00017695,0.0001726,0.00017363,0.00017345,0.00017486,0.00017586,0.00017468,0.00017338,0.00017478
advertisers,1.066e-05,1.141e-05,1.045e-05,1.077e-05,1.078e-05,1.081e-05,9.91e-06,9.63e-06,1.103e-05
moments,1.066e-05,1.157e-05,1.136e-05,1.122e-05,1.138e-05,1.112e-05,1.067e-05,1.04e-05,1.111e-05
atlas,2.793e-05,2.647e-05,2.576e-05,2.547e-05,2.444e-05,2.406e-05,2.393e-05,2.324e-05,2.72e-05
strings,5.78e-05,5.674e-05,5.606e-05,5.595e-05,5.707e-05,5.801e-05,5.868e-05,5.947e-05,5.727e-05
dawn,9.36e-06,9.03e-06,9.54e-06,9.55e-06,9.26e-06,9.14e-06,9.76e-06,9.78e-06,9.19e-06
representing,8.186e-05,8.226e-05,8.272e-05,8.172e-05,8.333e-05,8.359e-05,8.429e-05,8.562e-05,8.206e-05
observation,2.777e-05,2.853e-05,2.879e-05,2.881e-05,2.854e-05,2.802e-05,2.744e-05,2.737e-05,2.815e-05
feels,3.23e-06,3.01e-06,3.48e-06,2.88e-06,2.58e-06,3.35e-06,2.59e-06,2.75e-06,3.12e-06
torture,1.45e-06,1.58e-06,2.12e-06,1.97e-06,2.12e-06,2.13e-06,1.83e-06,1.99e-06,1.51e-06
carl,2.212e-05,2.156e-05,2.182e-05,2.153e-05,2.186e-05,2.238e-05,2.104e-05,2.156e-05,2.184e-05
deleted,1.873e-05,1.87e-05,1.848e-05,1.85e-05,1.821e-05,1.858e-05,1.875e-05,1.85e-05,1.871e-05
coat,2.91e-06,2.22e-06,2.58e-06,2.58e-06,2.12e-06,2.13e-06,1.68e-06,1.68e-06,2.57e-06
mitchell,1.34e-05,1.426e-05,1.439e-05,1.38e-05,1.381e-05,1.34e-05,1.418e-05,1.376e-05,1.383e-05
mrs,3.23e-06,3.49e-06,2.88e-06,3.34e-06,3.04e-06,2.74e-06,2.9e-06,3.06e-06,3.36e-06
rica,2.1e-06,2.22e-06,2.58e-06,2.73e-06,2.88e-06,2.44e-06,2.44e-06,2.29e-06,2.16e-06
restoration,9.85e-06,9.99e-06,1.015e-05,1.001e-05,1.062e-05,1.051e-05,1.052e-05,1.055e-05,9.92e-06
convenience,9.85e-06,9.99e-06,9.7e-06,9.1e-06,9.11e-06,8.98e-06,8.99e-06,9.33e-06,9.92e-06
returning,2.26e-05,2.108e-05,2.136e-05,2.153e-05,2.171e-05,2.147e-05,2.134e-05,2.156e-05,2.184e-05
ralph,1.711e-05,1.664e-05,1.651e-05,1.653e-05,1.639e-05,1.599e-05,1.661e-05,1.682e-05,1.688e-05
opposition,1.356e-05,1.284e-05,1.212e-05,1.304e-05,1.169e-05,1.203e-05,1.113e-05,1.177e-05,1.32e-05
container,2.809e-05,2.869e-05,2.879e-05,3.032e-05,3.005e-05,3.106e-05,3.033e-05,2.966e-05,2.839e-05
yr,2.26e-06,1.43e-06,1.36e-06,6.1e-07,4.6e-07,4.6e-07,4.6e-07,4.6e-07,1.85e-06
defendant,2.1e-06,2.22e-06,2.27e-06,2.27e-06,1.97e-06,2.13e-06,2.13e-06,1.99e-06,2.16e-06
warner,2.26e-05,2.346e-05,2.318e-05,2.38e-05,2.504e-05,2.802e-05,2.881e-05,2.874e-05,2.303e-05
confirmation,5.17e-06,5.23e-06,5.61e-06,5.61e-06,5.62e-06,5.63e-06,5.64e-06,5.5e-06,5.2e-06
app,0.0002362,0.00024535,0.00025605,0.00026306,0.00026229,0.00026448,0.00026736,0.00026588,0.00024077
embedded,0.00020262,0.00020367,0.00020075,0.00019802,0.00020279,0.00020449,0.00020044,0.00020074,0.00020315
inkjet,3.39e-06,3.01e-06,3.03e-06,3.64e-06,3.34e-06,3.35e-06,3.66e-06,3.21e-06,3.2e-06
supervisor,1.179e-05,1.22e-05,1.288e-05,1.258e-05,1.26e-05,1.218e-05,1.158e-05,1.223e-05,1.199e-05
wizard,1.485e-05,1.442e-05,1.288e-05,1.289e-05,1.321e-05,1.355e-05,1.296e-05,1.284e-05,1.463e-05
corps,1.631e-05,1.395e-05,1.424e-05,1.471e-05,1.518e-05,1.553e-05,1.6e-05,1.575e-05,1.513e-05
actors,3.116e-05,3.249e-05,3.348e-05,3.487e-05,3.704e-05,3.807e-05,3.765e-05,3.868e-05,3.183e-05
liver,2.42e-06,3.33e-06,3.03e-06,3.18e-06,3.49e-06,3.5e-06,3.2e-06,3.21e-06,2.88e-06
peripherals,4.036e-05,3.931e-05,3.954e-05,4.018e-05,4.022e-05,4.065e-05,4.116e-05,4.235e-05,3.984e-05
liable,1.78e-06,1.74e-06,1.82e-06,1.67e-06,1.52e-06,1.83e-06,2.13e-06,1.83e-06,1.76e-06
brochure,3.55e-06,3.49e-06,3.33e-06,3.03e-06,2.73e-06,2.59e-06,2.74e-06,2.6e-06,3.52e-06
morris,1.518e-05,1.426e-05,1.47e-05,1.471e-05,1.533e-05,1.462e-05,1.448e-05,1.483e-05,1.472e-05
bestsellers,3.2e-07,3.2e-07,3e-07,3e-07,1.5e-07,1.5e-07,1.5e-07,1.5e-07,3.2e-07
petition,2.58e-06,3.49e-06,3.64e-06,3.49e-06,3.64e-06,3.65e-06,3.96e-06,3.82e-06,3.03e-06
eminem,6.5e-07,6.3e-07,7.6e-07,6.1e-07,4.6e-07,7.6e-07,7.6e-07,7.6e-07,6.4e-07
recall,6.3e-06,6.18e-06,6.51e-06,6.82e-06,7.44e-06,8.07e-06,8.08e-06,7.8e-06,6.24e-06
antenna,2.551e-05,2.409e-05,2.242e-05,2.35e-05,2.322e-05,2.36e-05,2.393e-05,2.37e-05,2.48e-05
picked,1.001e-05,1.125e-05,1.197e-05,1.137e-05,1.123e-05,1.127e-05,1.097e-05,1.147e-05,1.063e-05
assumed,3.455e-05,3.424e-05,3.363e-05,3.29e-05,3.415e-05,3.395e-05,3.491e-05,3.44e-05,3.439e-05
departure,1.534e-05,1.537e-05,1.53e-05,1.622e-05,1.624e-05,1.66e-05,1.738e-05,1.697e-05,1.535e-05
minneapolis,5.81e-06,6.66e-06,6.21e-06,6.82e-06,7.29e-06,7.31e-06,7.62e-06,7.8e-06,6.24e-06
belief,1.76e-05,1.902e-05,1.818e-05,1.728e-05,1.761e-05,1.66e-05,1.692e-05,1.682e-05,1.831e-05
killing,8.07e-06,8.24e-06,7.58e-06,8.49e-06,9.41e-06,9.14e-06,8.99e-06,9.78e-06,8.16e-06
bikini,1.61e-06,1.58e-06,1.36e-06,1.21e-06,1.52e-06,1.52e-06,1.52e-06,1.53e-06,1.59e-06
memphis,3.39e-06,3.33e-06,3.33e-06,3.03e-06,2.88e-06,3.2e-06,3.2e-06,3.36e-06,3.36e-06
shoulder,2.1e-06,2.22e-06,2.27e-06,2.27e-06,2.43e-06,2.74e-06,2.74e-06,2.75e-06,2.16e-06
decor,1.45e-06,1.43e-06,1.36e-06,1.21e-06,1.21e-06,1.22e-06,1.37e-06,1.38e-06,1.44e-06
lookup,1.711e-05,1.728e-05,1.757e-05,1.728e-05,1.715e-05,1.721e-05,1.722e-05,1.697e-05,1.72e-05
texts,5.376e-05,5.341e-05,5.166e-05,5.079e-05,5.085e-05,4.964e-05,5.015e-05,4.892e-05,5.358e-05
harvard,6.184e-05,5.975e-05,6.121e-05,6.019e-05,5.95e-05,5.847e-05,5.838e-05,5.703e-05,6.08e-05
brokers,7.43e-06,7.13e-06,7.27e-06,7.88e-06,7.59e-06,7.92e-06,8.54e-06,7.95e-06,7.28e-06
roy,1.275e-05,1.442e-05,1.47e-05,1.44e-05,1.245e-05,1.249e-05,1.311e-05,1.269e-05,1.358e-05
ion,1.711e-05,2.013e-05,2.076e-05,2.077e-05,2.064e-05,1.858e-05,1.905e-05,1.896e-05,1.862e-05
diameter,1.598e-05,1.617e-05,1.621e-05,1.607e-05,1.67e-05,1.644e-05,1.646e-05,1.712e-05,1.607e-05
ottawa,1.388e-05,1.347e-05,1.242e-05,1.228e-05,1.229e-05,1.249e-05,1.219e-05,1.269e-05,1.368e-05
doll,4.04e-06,3.96e-06,3.79e-06,3.49e-06,3.19e-06,3.81e-06,3.81e-06,3.82e-06,4e-06
ic,1.663e-05,1.918e-05,2.454e-05,2.669e-05,2.474e-05,2.451e-05,2.302e-05,2.278e-05,1.79e-05
podcast,1.695e-05,1.95e-05,2.106e-05,2.077e-05,2.034e-05,2.147e-05,2.21e-05,2.385e-05,1.822e-05
tit,1.6e-07,1.6e-07,1.5e-07,1.5e-07,1.5e-07,1.5e-07,1.5e-07,0.0,1.6e-07
seasons,8.4e-06,8.08e-06,8.79e-06,9.55e-06,9.71e-06,9.44e-06,1.097e-05,1.177e-05,8.24e-06
peru,3.39e-06,3.8e-06,3.64e-06,3.64e-06,3.64e-06,3.05e-06,3.05e-06,3.21e-06,3.6e-06
interactions,6.555e-05,6.641e-05,6.848e-05,7.005e-05,7.119e-05,7.05e-05,7.24e-05,7.4e-05,6.598e-05
refine,4.04e-06,4.12e-06,4.55e-06,4.85e-06,4.86e-06,4.87e-06,5.18e-06,5.2e-06,4.08e-06
bidder,8.1e-07,7.9e-07,7.6e-07,7.6e-07,7.6e-07,7.6e-07,7.6e-07,7.6e-07,8e-07
singer,1.792e-05,1.807e-05,1.894e-05,1.971e-05,1.988e-05,1.919e-05,1.86e-05,1.926e-05,1.799e-05
evans,1.211e-05,1.189e-05,1.273e-05,1.198e-05,1.184e-05,1.142e-05,1.174e-05,1.208e-05,1.2e-05
herald,2.018e-05,2.06e-05,2.106e-05,2.077e-05,2.049e-05,2.086e-05,2.119e-05,2.064e-05,2.039e-05
literacy,1.066e-05,1.03e-05,1.136e-05,1.152e-05,1.29e-05,1.309e-05,1.387e-05,1.376e-05,1.048e-05
fails,2.099e-05,2.156e-05,2.106e-05,2.108e-05,2.049e-05,1.934e-05,1.936e-05,2.018e-05,2.128e-05
aging,8.23e-06,8.56e-06,8.33e-06,8.34e-06,8.35e-06,8.07e-06,7.93e-06,7.95e-06,8.4e-06
nike,4.04e-06,3.65e-06,3.64e-06,3.64e-06,3.19e-06,3.05e-06,2.9e-06,2.75e-06,3.85e-06
intervention,1.905e-05,1.823e-05,1.803e-05,1.91e-05,1.882e-05,1.919e-05,1.844e-05,1.881e-05,1.864e-05
pissing,0.0,0.0,0.0,0.0,0.0,0.0,0.0,1.5e-07,0.0
fed,9.2e-06,9.35e-06,9.24e-06,8.34e-06,8.65e-06,8.83e-06,8.84e-06,8.56e-06,9.28e-06
plugin,2.89e-05,2.726e-05,2.682e-05,2.502e-05,2.353e-05,2.36e-05,2.164e-05,2.095e-05,2.808e-05
attraction,7.43e-06,8.08e-06,6.82e-06,6.82e-06,6.83e-06,7.16e-06,6.71e-06,6.73e-06,7.75e-06
diving,2.1e-06,2.06e-06,1.82e-06,1.82e-06,1.82e-06,1.83e-06,1.52e-06,1.38e-06,2.08e-06
invite,4.52e-06,4.44e-06,3.94e-06,3.34e-06,3.49e-06,3.35e-06,3.96e-06,3.98e-06,4.48e-06
modification,3.939e-05,3.978e-05,3.894e-05,3.942e-05,3.931e-05,3.852e-05,3.826e-05,3.761e-05,3.959e-05
alice,2.276e-05,2.377e-05,2.576e-05,2.653e-05,2.535e-05,2.436e-05,2.454e-05,2.446e-05,2.327e-05
latinas,1.6e-07,1.6e-07,1.5e-07,1.5e-07,1.5e-07,1.5e-07,1.5e-07,1.5e-07,1.6e-07
suppose,1.049e-05,1.014e-05,9.54e-06,9.55e-06,8.96e-06,8.53e-06,8.69e-06,8.71e-06,1.031e-05
customized,2.357e-05,2.457e-05,2.394e-05,2.396e-05,2.353e-05,2.345e-05,2.408e-05,2.339e-05,2.407e-05
reed,2.325e-05,2.409e-05,2.348e-05,2.335e-05,2.216e-05,2.208e-05,2.225e-05,2.202e-05,2.367e-05
involve,4.327e-05,4.184e-05,4.151e-05,4.109e-05,4.113e-05,4.142e-05,4.436e-05,4.449e-05,4.256e-05
moderate,8.23e-06,7.92e-06,7.88e-06,8.19e-06,8.35e-06,8.53e-06,8.84e-06,8.41e-06,8.07e-06
terror,4.36e-06,4.12e-06,5e-06,5e-06,4.71e-06,5.02e-06,4.88e-06,4.59e-06,4.24e-06
younger,9.2e-06,1.046e-05,1.136e-05,1.046e-05,1.017e-05,9.9e-06,1.082e-05,1.101e-05,9.83e-06
thirty,1.324e-05,1.347e-05,1.379e-05,1.258e-05,1.29e-05,1.309e-05,1.28e-05,1.193e-05,1.336e-05
mice,1.534e-05,1.537e-05,1.5e-05,1.44e-05,1.396e-05,1.386e-05,1.402e-05,1.452e-05,1.535e-05
opposite,2.535e-05,2.393e-05,2.424e-05,2.396e-05,2.368e-05,2.406e-05,2.393e-05,2.4e-05,2.464e-05
understood,3.487e-05,3.55e-05,3.394e-05,3.411e-05,3.4e-05,3.411e-05,3.353e-05,3.425e-05,3.519e-05
rapidly,4.408e-05,4.359e-05,4.363e-05,4.518e-05,4.432e-05,4.431e-05,4.344e-05,4.464e-05,4.384e-05
dealtime,3.2e-07,3.2e-07,3e-07,3e-07,3e-07,3e-07,3e-07,3.1e-07,3.2e-07
ban,9.69e-06,9.67e-06,1.015e-05,1.077e-05,9.87e-06,9.9e-06,9.45e-06,8.71e-06,9.68e-06
temp,1.94e-06,2.22e-06,2.42e-06,2.88e-06,1.97e-06,1.98e-06,1.98e-06,1.99e-06,2.08e-06
intro,3.23e-06,2.69e-06,2.73e-06,2.88e-06,3.19e-06,3.05e-06,2.59e-06,2.6e-06,2.96e-06
mercedes,2.42e-06,2.22e-06,2.12e-06,2.27e-06,2.43e-06,2.28e-06,2.13e-06,1.99e-06,2.32e-06
zus,1.6e-07,1.6e-07,0.0,0.0,0.0,0.0,0.0,0.0,1.6e-07
assurance,3.843e-05,3.978e-05,3.848e-05,3.866e-05,3.734e-05,3.73e-05,3.811e-05,3.792e-05,3.91e-05
fisting,0.0,0.0,0.0,0.0,0.0,0.0,0.0,0.0,0.0
clerk,3.23e-06,3.33e-06,3.64e-06,3.49e-06,3.04e-06,3.05e-06,3.05e-06,3.06e-06,3.28e-06
happening,7.27e-06,7.29e-06,6.51e-06,6.52e-06,6.53e-06,6.7e-06,6.4e-06,5.81e-06,7.28e-06
vast,2.615e-05,2.504e-05,2.47e-05,2.487e-05,2.474e-05,2.406e-05,2.347e-05,2.339e-05,2.56e-05
mills,6.94e-06,7.77e-06,7.42e-06,7.88e-06,8.35e-06,5.79e-06,5.64e-06,5.66e-06,7.35e-06
outline,1.711e-05,1.712e-05,1.712e-05,1.728e-05,1.73e-05,1.69e-05,1.692e-05,1.682e-05,1.712e-05
amendments,3.87e-06,4.28e-06,3.94e-06,3.94e-06,4.1e-06,3.96e-06,3.96e-06,3.82e-06,4.07e-06
tramadol,0.0,0.0,0.0,0.0,0.0,0.0,0.0,0.0,0.0
holland,8.4e-06,8.24e-06,8.03e-06,8.19e-06,8.8e-06,8.83e-06,1.021e-05,9.63e-06,8.32e-06
receives,3.746e-05,3.836e-05,3.56e-05,3.427e-05,3.37e-05,3.319e-05,3.308e-05,3.302e-05,3.791e-05
jeans,4.8e-07,4.8e-07,6.1e-07,6.1e-07,6.1e-07,6.1e-07,4.6e-07,7.6e-07,4.8e-07
metropolitan,1.857e-05,1.934e-05,2.03e-05,1.971e-05,1.943e-05,1.949e-05,1.89e-05,2.003e-05,1.896e-05
compilation,4.86e-05,4.787e-05,4.636e-05,4.715e-05,4.812e-05,5.009e-05,5.228e-05,5.152e-05,4.824e-05
verification,7.524e-05,7.624e-05,7.454e-05,7.429e-05,7.483e-05,7.735e-05,7.667e-05,7.889e-05,7.574e-05
fonts,3.1e-05,2.98e-05,2.924e-05,2.82e-05,2.823e-05,2.741e-05,2.744e-05,2.767e-05,3.04e-05
ent,3.2e-07,3.2e-07,3e-07,3e-07,3e-07,3e-07,4.6e-07,4.6e-07,3.2e-07
odd,1.824e-05,1.791e-05,1.803e-05,1.895e-05,1.791e-05,1.812e-05,1.783e-05,1.819e-05,1.807e-05
wrap,5e-06,4.75e-06,5e-06,5.16e-06,5.01e-06,5.02e-06,5.33e-06,5.5e-06,4.87e-06
refers,0.00023846,0.00023584,0.0002312,0.00022925,0.00023345,0.00023723,0.00023337,0.00023255,0.00023715
mood,6.78e-06,6.82e-06,6.06e-06,5.76e-06,5.77e-06,5.33e-06,4.88e-06,4.89e-06,6.8e-06
favor,2.842e-05,3.027e-05,2.97e-05,3.139e-05,3.324e-05,3.335e-05,3.414e-05,3.578e-05,2.934e-05
veterans,6.62e-06,6.5e-06,6.51e-06,6.37e-06,6.53e-06,6.55e-06,6.86e-06,6.88e-06,6.56e-06
quiz,2.58e-06,2.38e-06,2.58e-06,2.43e-06,2.58e-06,2.59e-06,2.44e-06,2.6e-06,2.48e-06
mx,7.75e-06,6.97e-06,7.27e-06,7.73e-06,8.35e-06,8.22e-06,7.93e-06,7.64e-06,7.36e-06
sigma,1.857e-05,1.791e-05,1.742e-05,1.759e-05,1.791e-05,1.751e-05,1.692e-05,1.728e-05,1.824e-05
gr,5.17e-06,4.44e-06,4.09e-06,3.94e-06,3.64e-06,3.65e-06,3.35e-06,3.21e-06,4.8e-06
attractive,1.146e-05,1.125e-05,1.106e-05,1.122e-05,1.138e-05,1.112e-05,1.082e-05,1.04e-05,1.136e-05
xhtml,5.17e-06,5.55e-06,5e-06,5.16e-06,5.16e-06,5.18e-06,5.64e-06,5.2e-06,5.36e-06
occasion,5.33e-06,5.39e-06,5.15e-06,5e-06,4.71e-06,4.57e-06,4.12e-06,4.28e-06,5.36e-06
recordings,1.792e-05,1.839e-05,1.909e-05,2.032e-05,2.11e-05,2.101e-05,2.104e-05,2.095e-05,1.815e-05
jefferson,5e-06,5.23e-06,4.85e-06,5.91e-06,7.13e-06,6.7e-06,5.64e-06,4.43e-06,5.12e-06
victim,2.147e-05,2.076e-05,1.909e-05,1.804e-05,1.882e-05,1.873e-05,1.829e-05,1.865e-05,2.112e-05
demands,1.744e-05,1.775e-05,1.788e-05,1.819e-05,1.776e-05,1.842e-05,1.875e-05,1.911e-05,1.76e-05
sleeping,4.52e-06,4.44e-06,3.94e-06,3.64e-06,3.19e-06,2.89e-06,2.74e-06,3.36e-06,4.48e-06
careful,7.43e-06,6.97e-06,6.97e-06,6.52e-06,6.22e-06,6.09e-06,6.25e-06,6.12e-06,7.2e-06
ext,1.78e-06,1.74e-06,1.67e-06,1.97e-06,1.97e-06,1.83e-06,1.83e-06,1.99e-06,1.76e-06
beam,2.729e-05,2.663e-05,2.727e-05,2.653e-05,2.687e-05,2.665e-05,2.713e-05,2.737e-05,2.696e-05
gardening,1.94e-06,1.74e-06,1.67e-06,1.52e-06,1.52e-06,1.67e-06,1.68e-06,1.68e-06,1.84e-06
obligations,3.87e-06,3.96e-06,3.79e-06,3.94e-06,3.95e-06,4.42e-06,4.73e-06,4.74e-06,3.92e-06
arrive,1.033e-05,9.35e-06,8.64e-06,8.34e-06,8.2e-06,7.92e-06,7.62e-06,6.88e-06,9.84e-06
orchestra,7.27e-06,5.71e-06,6.36e-06,6.22e-06,6.22e-06,5.79e-06,5.79e-06,5.35e-06,6.49e-06
sunset,2.1e-06,2.22e-06,2.27e-06,2.43e-06,1.97e-06,2.28e-06,2.44e-06,2.29e-06,2.16e-06
tracked,1.017e-05,1.014e-05,9.24e-06,1.016e-05,9.56e-06,9.9e-06,1.037e-05,1.009e-05,1.016e-05
moreover,2.115e-05,2.219e-05,2.227e-05,2.123e-05,2.277e-05,2.345e-05,2.393e-05,2.309e-05,2.167e-05
minimal,5.538e-05,5.452e-05,5.424e-05,5.383e-05,5.358e-05,5.375e-05,5.365e-05,5.366e-05,5.495e-05
polyphonic,9.7e-07,1.27e-06,1.06e-06,1.06e-06,7.6e-07,7.6e-07,1.07e-06,1.07e-06,1.12e-06
lottery,2.58e-06,2.54e-06,2.42e-06,2.58e-06,2.73e-06,3.05e-06,2.9e-06,2.45e-06,2.56e-06
tops,6.62e-06,6.97e-06,6.82e-06,6.52e-06,7.29e-06,7e-06,6.86e-06,6.88e-06,6.8e-06
framed,3.55e-06,3.49e-06,3.18e-06,3.34e-06,3.34e-06,3.65e-06,3.66e-06,3.67e-06,3.52e-06
aside,9.2e-06,8.56e-06,8.94e-06,9.86e-06,1.032e-05,1.081e-05,9.76e-06,9.48e-06,8.88e-06
outsourcing,1.453e-05,1.426e-05,1.394e-05,1.425e-05,1.366e-05,1.355e-05,1.341e-05,1.33e-05,1.44e-05
licence,1.711e-05,1.633e-05,1.636e-05,1.653e-05,1.609e-05,1.599e-05,1.479e-05,1.483e-05,1.672e-05
adjustable,5e-06,4.75e-06,4.7e-06,4.7e-06,4.4e-06,4.42e-06,4.73e-06,4.74e-06,4.87e-06
allocation,4.456e-05,4.279e-05,4.515e-05,4.442e-05,4.432e-05,4.431e-05,4.481e-05,4.526e-05,4.368e-05
michelle,4.84e-06,5.86e-06,6.36e-06,6.06e-06,6.37e-06,6.09e-06,6.1e-06,6.12e-06,5.35e-06
essay,1.098e-05,1.094e-05,1.121e-05,1.092e-05,1.062e-05,1.035e-05,9.76e-06,9.63e-06,1.096e-05
discipline,4.182e-05,4.184e-05,4.257e-05,4.336e-05,4.144e-05,4.05e-05,4.1e-05,4.159e-05,4.183e-05
amy,6.78e-06,6.82e-06,6.82e-06,6.52e-06,6.83e-06,5.94e-06,5.79e-06,5.81e-06,6.8e-06
ts,1.243e-05,1.236e-05,1.333e-05,1.425e-05,1.366e-05,1.37e-05,1.372e-05,1.33e-05,1.239e-05
demonstrated,3.988e-05,4.01e-05,3.924e-05,3.715e-05,3.855e-05,3.868e-05,3.887e-05,3.899e-05,3.999e-05
dialogue,1.437e-05,1.553e-05,1.606e-05,1.638e-05,1.73e-05,1.751e-05,1.753e-05,1.728e-05,1.495e-05
identifying,4.569e-05,4.454e-05,4.379e-05,4.549e-05,4.523e-05,4.568e-05,4.71e-05,4.694e-05,4.511e-05
alphabetical,6.3e-06,5.86e-06,5.45e-06,5.31e-06,5.31e-06,4.87e-06,4.73e-06,4.59e-06,6.08e-06
camps,4.68e-06,4.91e-06,5.76e-06,5.61e-06,5.62e-06,5.48e-06,5.79e-06,6.12e-06,4.79e-06
declared,2.26e-05,2.362e-05,2.394e-05,2.35e-05,2.596e-05,2.543e-05,2.652e-05,2.614e-05,2.311e-05
dispatched,2.42e-06,2.38e-06,2.12e-06,2.27e-06,2.43e-06,2.28e-06,2.44e-06,2.45e-06,2.4e-06
aaron,1.614e-05,1.617e-05,1.682e-05,1.653e-05,1.639e-05,1.66e-05,1.616e-05,1.636e-05,1.616e-05
handheld,4.004e-05,3.947e-05,4.121e-05,4.215e-05,4.113e-05,4.035e-05,3.963e-05,3.914e-05,3.976e-05
trace,3.068e-05,3.043e-05,2.954e-05,2.957e-05,2.975e-05,3.015e-05,2.988e-05,2.951e-05,3.055e-05
disposal,4.2e-06,4.44e-06,4.39e-06,4.4e-06,4.55e-06,4.57e-06,4.57e-06,4.59e-06,4.32e-06
shut,5.667e-05,5.912e-05,6.348e-05,6.838e-05,7.119e-05,7.354e-05,7.835e-05,8.195e-05,5.79e-05
florists,0.0,0.0,0.0,0.0,0.0,0.0,0.0,0.0,0.0
packs,1.356e-05,1.347e-05,1.424e-05,1.319e-05,1.351e-05,1.401e-05,1.372e-05,1.407e-05,1.352e-05
ge,1.259e-05,1.379e-05,1.303e-05,1.349e-05,1.245e-05,1.447e-05,1.433e-05,1.407e-05,1.319e-05
installing,1.469e-05,1.474e-05,1.485e-05,1.501e-05,1.67e-05,1.599e-05,1.585e-05,1.636e-05,1.472e-05
switches,7.524e-05,7.418e-05,7.257e-05,7.263e-05,7.316e-05,7.43e-05,7.484e-05,7.568e-05,7.471e-05
romania,1.259e-05,1.316e-05,1.318e-05,1.213e-05,1.199e-05,1.203e-05,1.204e-05,1.131e-05,1.287e-05
voluntary,1.243e-05,1.3e-05,1.303e-05,1.304e-05,1.336e-05,1.34e-05,1.28e-05,1.238e-05,1.271e-05
ncaa,1.61e-06,1.58e-06,1.52e-06,1.67e-06,1.52e-06,1.67e-06,1.68e-06,1.53e-06,1.59e-06
thou,0.0,0.0,0.0,0.0,0.0,0.0,0.0,0.0,0.0
consult,3.07e-06,3.01e-06,3.18e-06,3.49e-06,4.1e-06,3.96e-06,3.81e-06,3.67e-06,3.04e-06
phd,9.267e-05,9.177e-05,9.06e-05,8.749e-05,8.804e-05,8.877e-05,8.795e-05,8.592e-05,9.222e-05
greatly,3.39e-05,3.392e-05,3.379e-05,3.32e-05,3.172e-05,3.213e-05,3.247e-05,3.257e-05,3.391e-05
blogging,1.437e-05,1.363e-05,1.333e-05,1.304e-05,1.275e-05,1.233e-05,1.189e-05,1.177e-05,1.4e-05
mask,1.921e-05,1.934e-05,1.939e-05,1.926e-05,1.988e-05,2.04e-05,2.058e-05,2.033e-05,1.928e-05
cycling,5.17e-06,4.91e-06,5.61e-06,5.61e-06,4.86e-06,5.02e-06,4.88e-06,4.89e-06,5.04e-06
midnight,6.14e-06,6.02e-06,5.76e-06,5.76e-06,5.77e-06,6.09e-06,5.94e-06,6.73e-06,6.08e-06
ng,1.243e-05,1.22e-05,1.364e-05,1.349e-05,1.351e-05,1.325e-05,1.296e-05,1.345e-05,1.231e-05
commonly,0.00027091,0.00026627,0.00026741,0.00027095,0.00027291,0.00027301,0.00027467,0.00027841,0.00026859
pe,1.033e-05,1.014e-05,9.85e-06,9.7e-06,9.11e-06,9.14e-06,9.45e-06,9.63e-06,1.023e-05
photographer,8.23e-06,7.77e-06,8.03e-06,8.19e-06,8.2e-06,8.98e-06,8.99e-06,8.87e-06,8e-06
inform,1.372e-05,1.284e-05,1.258e-05,1.243e-05,1.229e-05,1.294e-05,1.28e-05,1.3e-05,1.328e-05
turkish,1.679e-05,1.696e-05,1.803e-05,1.819e-05,1.882e-05,1.766e-05,1.753e-05,1.774e-05,1.688e-05
coal,3.39e-06,3.8e-06,2.73e-06,2.73e-06,2.58e-06,2.13e-06,2.13e-06,2.14e-06,3.6e-06
cry,5e-06,5.07e-06,5e-06,4.7e-06,5.01e-06,5.33e-06,5.79e-06,5.66e-06,5.04e-06
messaging,9.961e-05,9.985e-05,0.00010045,0.00010234,0.00010139,0.00010202,0.00010213,0.0001006,9.973e-05
pentium,4.504e-05,4.517e-05,4.515e-05,4.442e-05,4.371e-05,4.477e-05,4.39e-05,4.449e-05,4.511e-05
quantum,0.00039119,0.00039656,0.00041937,0.00042166,0.00042712,0.00043395,0.0004332,0.00042473,0.00039388
murray,1.501e-05,1.49e-05,1.621e-05,1.607e-05,1.563e-05,1.584e-05,1.509e-05,1.437e-05,1.495e-05
intent,3.051e-05,3.122e-05,3.136e-05,3.184e-05,3.157e-05,3.091e-05,2.957e-05,2.874e-05,3.087e-05
tt,6.3e-06,6.02e-06,6.06e-06,4.4e-06,3.79e-06,3.81e-06,3.66e-06,3.52e-06,6.16e-06
zoo,6.94e-06,7.13e-06,7.12e-06,6.97e-06,6.68e-06,7.16e-06,7.16e-06,7.19e-06,7.03e-06
largely,6.668e-05,6.91e-05,6.924e-05,7.384e-05,7.544e-05,7.43e-05,7.56e-05,7.583e-05,6.789e-05
pleasant,1.45e-06,1.9e-06,2.12e-06,2.27e-06,2.43e-06,2.28e-06,2.29e-06,2.14e-06,1.68e-06
announce,8.88e-06,8.4e-06,8.94e-06,8.19e-06,7.44e-06,7.16e-06,6.71e-06,6.12e-06,8.64e-06
constructed,5.683e-05,5.595e-05,5.515e-05,5.504e-05,5.479e-05,5.573e-05,5.594e-05,5.565e-05,5.639e-05
additions,1.695e-05,1.664e-05,1.727e-05,1.683e-05,1.715e-05,1.766e-05,1.722e-05,1.758e-05,1.679e-05
requiring,6.022e-05,6.023e-05,5.939e-05,6.095e-05,6.011e-05,6.091e-05,5.868e-05,5.978e-05,6.023e-05
spoke,6.14e-06,5.86e-06,5.76e-06,5.16e-06,5.31e-06,5.94e-06,5.49e-06,5.81e-06,6e-06
aka,2.083e-05,2.076e-05,2.106e-05,2.047e-05,1.958e-05,1.903e-05,1.86e-05,1.926e-05,2.079e-05
arrow,1.469e-05,1.522e-05,1.454e-05,1.471e-05,1.442e-05,1.416e-05,1.448e-05,1.452e-05,1.495e-05
engagement,1.728e-05,1.981e-05,1.909e-05,1.865e-05,1.958e-05,1.964e-05,1.89e-05,2.095e-05,1.854e-05
sampling,5.021e-05,4.818e-05,4.879e-05,4.731e-05,4.751e-05,4.72e-05,4.771e-05,4.755e-05,4.92e-05
rough,1.017e-05,1.03e-05,9.24e-06,8.79e-06,9.11e-06,8.98e-06,8.69e-06,9.17e-06,1.023e-05
weird,4.52e-06,4.44e-06,4.39e-06,4.4e-06,3.64e-06,3.5e-06,3.51e-06,3.67e-06,4.48e-06
tee,3.39e-06,3.96e-06,3.03e-06,2.73e-06,2.73e-06,2.74e-06,2.9e-06,2.9e-06,3.68e-06
refinance,0.0,0.0,1.5e-07,1.5e-07,1.5e-07,1.5e-07,1.5e-07,1.5e-07,0.0
lion,1.211e-05,1.157e-05,1.167e-05,1.077e-05,1.214e-05,1.172e-05,1.174e-05,1.162e-05,1.184e-05
inspired,9.881e-05,9.858e-05,0.00010257,0.00010477,0.00011004,0.00010948,0.00011188,0.00011146,9.869e-05
holes,1.986e-05,1.934e-05,1.909e-05,1.865e-05,1.685e-05,1.705e-05,1.722e-05,1.758e-05,1.96e-05
weddings,1.13e-06,1.27e-06,1.36e-06,1.36e-06,1.06e-06,9.1e-07,9.1e-07,9.2e-07,1.2e-06
blade,2.244e-05,2.282e-05,2.182e-05,2.168e-05,2.186e-05,2.238e-05,2.21e-05,2.14e-05,2.263e-05
suddenly,5.33e-06,5.07e-06,5.15e-06,5.31e-06,5.01e-06,5.18e-06,4.88e-06,4.74e-06,5.2e-06
oxygen,8.4e-06,7.13e-06,6.67e-06,6.97e-06,7.29e-06,7.92e-06,7.16e-06,7.64e-06,7.76e-06
cookie,1.259e-05,1.22e-05,1.212e-05,1.228e-05,1.214e-05,1.096e-05,1.067e-05,1.101e-05,1.239e-05
meals,2.1e-06,2.22e-06,2.42e-06,2.12e-06,2.12e-06,2.28e-06,2.29e-06,2.14e-06,2.16e-06
canyon,1.78e-06,2.06e-06,1.82e-06,1.82e-06,1.97e-06,1.37e-06,1.52e-06,1.53e-06,1.92e-06
goto,6.94e-06,6.97e-06,6.97e-06,7.58e-06,7.44e-06,8.07e-06,7.93e-06,7.49e-06,6.96e-06
meters,1.275e-05,1.22e-05,1.106e-05,1.107e-05,1.199e-05,1.233e-05,1.143e-05,1.101e-05,1.247e-05
merely,2.034e-05,2.029e-05,2.03e-05,1.956e-05,1.973e-05,1.842e-05,1.905e-05,1.835e-05,2.031e-05
calendars,5.49e-06,5.39e-06,5.15e-06,5e-06,5.01e-06,5.02e-06,4.73e-06,5.05e-06,5.44e-06
arrangement,1.937e-05,1.965e-05,1.939e-05,1.956e-05,2.004e-05,2.04e-05,2.073e-05,2.079e-05,1.951e-05
conclusions,6.3e-06,6.82e-06,7.12e-06,6.82e-06,6.83e-06,7.16e-06,7.16e-06,7.49e-06,6.56e-06
passes,2.438e-05,2.52e-05,2.576e-05,2.744e-05,2.823e-05,2.71e-05,2.774e-05,2.828e-05,2.479e-05
bibliography,1.421e-05,1.379e-05,1.348e-05,1.38e-05,1.366e-05,1.355e-05,1.311e-05,1.284e-05,1.4e-05
pointer,4.036e-05,3.867e-05,3.757e-05,3.745e-05,3.795e-05,3.837e-05,3.78e-05,3.838e-05,3.952e-05
compatibility,7.83e-05,8.052e-05,7.863e-05,7.778e-05,8.09e-05,8.253e-05,8.277e-05,8.225e-05,7.941e-05
stretch,8.56e-06,8.72e-06,8.18e-06,8.34e-06,8.35e-06,8.53e-06,8.38e-06,8.26e-06,8.64e-06
durham,3.23e-06,3.49e-06,3.18e-06,3.34e-06,3.19e-06,3.35e-06,3.05e-06,2.9e-06,3.36e-06
furthermore,3.503e-05,3.455e-05,3.469e-05,3.32e-05,3.354e-05,3.395e-05,3.506e-05,3.532e-05,3.479e-05
permits,1.873e-05,1.823e-05,1.727e-05,1.759e-05,1.73e-05,1.736e-05,1.692e-05,1.651e-05,1.848e-05
cooperative,3.6e-05,3.772e-05,3.712e-05,3.881e-05,3.916e-05,3.928e-05,3.978e-05,4.006e-05,3.686e-05
muslim,8.07e-06,8.4e-06,8.79e-06,8.95e-06,8.65e-06,9.14e-06,9.45e-06,9.48e-06,8.23e-06
xl,1.049e-05,1.014e-05,1.076e-05,1.061e-05,1.108e-05,1.112e-05,1.097e-05,1.131e-05,1.031e-05
neil,1.695e-05,1.569e-05,1.606e-05,1.638e-05,1.67e-05,1.614e-05,1.616e-05,1.605e-05,1.632e-05
sleeve,2.26e-06,2.54e-06,2.42e-06,2.27e-06,2.43e-06,1.83e-06,1.68e-06,1.53e-06,2.4e-06
netscape,3.826e-05,3.709e-05,3.409e-05,3.411e-05,3.446e-05,3.411e-05,3.353e-05,3.333e-05,3.768e-05
cleaner,2.26e-06,1.74e-06,2.12e-06,2.27e-06,2.28e-06,2.44e-06,2.44e-06,2.9e-06,2e-06
cricket,3.87e-06,3.96e-06,4.24e-06,4.25e-06,3.95e-06,3.96e-06,4.27e-06,4.89e-06,3.92e-06
beef,4.8e-07,3.2e-07,6.1e-07,6.1e-07,6.1e-07,6.1e-07,6.1e-07,6.1e-07,4e-07
feeding,3.87e-06,4.44e-06,4.55e-06,4.55e-06,4.55e-06,4.26e-06,4.42e-06,3.98e-06,4.16e-06
stroke,1.033e-05,9.67e-06,9.7e-06,9.7e-06,9.26e-06,8.98e-06,8.99e-06,8.87e-06,1e-05
township,2.42e-06,3.33e-06,3.48e-06,3.18e-06,3.19e-06,3.2e-06,3.51e-06,2.9e-06,2.88e-06
rankings,1.243e-05,1.284e-05,1.227e-05,1.122e-05,1.123e-05,1.142e-05,1.143e-05,1.147e-05,1.264e-05
measuring,3.729e-05,3.851e-05,3.879e-05,3.836e-05,3.84e-05,3.852e-05,3.933e-05,3.945e-05,3.79e-05
cad,6.49e-05,6.134e-05,6.333e-05,6.277e-05,6.223e-05,6.304e-05,6.265e-05,6.299e-05,6.312e-05
hats,1.45e-06,1.27e-06,1.21e-06,1.36e-06,1.37e-06,1.37e-06,1.37e-06,1.22e-06,1.36e-06
robin,2.163e-05,2.219e-05,2.303e-05,2.396e-05,2.368e-05,2.345e-05,2.332e-05,2.339e-05,2.191e-05
robinson,1.97e-05,2.06e-05,2.06e-05,1.774e-05,1.715e-05,1.751e-05,1.722e-05,1.712e-05,2.015e-05
jacksonville,9.7e-07,7.9e-07,9.1e-07,7.6e-07,7.6e-07,7.6e-07,9.1e-07,9.2e-07,8.8e-07
strap,1.29e-06,1.27e-06,1.21e-06,1.21e-06,1.52e-06,1.52e-06,1.37e-06,1.38e-06,1.28e-06
headquarters,8.363e-05,8.4e-05,8.363e-05,8.203e-05,8.166e-05,8.268e-05,8.353e-05,8.424e-05,8.381e-05
sharon,2.26e-06,3.01e-06,3.03e-06,3.18e-06,3.64e-06,3.65e-06,3.66e-06,3.67e-06,2.64e-06
crowd,1.582e-05,1.617e-05,1.545e-05,1.501e-05,1.457e-05,1.355e-05,1.341e-05,1.3e-05,1.599e-05
tcp,9.8e-05,9.779e-05,9.56e-05,9.203e-05,9.198e-05,9.197e-05,9.191e-05,9.112e-05,9.789e-05
transfers,2.68e-05,2.694e-05,2.621e-05,2.608e-05,2.626e-05,2.588e-05,2.515e-05,2.523e-05,2.687e-05
surf,5.81e-06,4.91e-06,4.55e-06,4.55e-06,5.01e-06,5.48e-06,4.57e-06,4.43e-06,5.36e-06
olympic,5.97e-06,6.02e-06,5.76e-06,6.82e-06,7.29e-06,7.77e-06,7.47e-06,7.8e-06,5.99e-06
transformation,6.926e-05,7.085e-05,7.091e-05,7.187e-05,7.24e-05,7.156e-05,7.134e-05,7.109e-05,7.005e-05
remained,4.44e-05,4.628e-05,4.651e-05,4.958e-05,5.07e-05,5.055e-05,4.954e-05,5.168e-05,4.534e-05
attachments,8.4e-06,8.24e-06,8.48e-06,8.64e-06,8.8e-06,8.68e-06,8.69e-06,8.41e-06,8.32e-06
dv,2.1e-06,2.06e-06,2.27e-06,2.58e-06,1.82e-06,1.83e-06,1.98e-06,1.99e-06,2.08e-06
dir,1.61e-06,1.11e-06,9.1e-07,9.1e-07,9.1e-07,9.1e-07,9.1e-07,4.6e-07,1.36e-06
entities,6.716e-05,6.974e-05,6.681e-05,6.823e-05,6.846e-05,6.928e-05,7.103e-05,6.972e-05,6.845e-05
customs,5.33e-06,5.07e-06,5e-06,5.31e-06,5.01e-06,5.18e-06,5.18e-06,5.05e-06,5.2e-06
administrators,3.197e-05,3.043e-05,3.03e-05,3.032e-05,2.96e-05,2.908e-05,2.896e-05,2.951e-05,3.12e-05
personality,2.212e-05,2.298e-05,2.167e-05,2.168e-05,2.14e-05,2.314e-05,2.286e-05,2.232e-05,2.255e-05
rainbow,1.146e-05,1.252e-05,1.197e-05,1.183e-05,1.154e-05,1.172e-05,1.189e-05,1.223e-05,1.199e-05
hook,7.43e-06,7.29e-06,7.58e-06,7.43e-06,6.98e-06,7.31e-06,7.77e-06,7.8e-06,7.36e-06
roulette,4.8e-07,4.8e-07,4.5e-07,4.5e-07,4.6e-07,3e-07,1.5e-07,1.5e-07,4.8e-07
decline,1.34e-05,1.474e-05,1.47e-05,1.319e-05,1.275e-05,1.279e-05,1.372e-05,1.514e-05,1.407e-05
gloves,3.55e-06,3.49e-06,3.03e-06,3.03e-06,3.04e-06,3.05e-06,2.9e-06,3.06e-06,3.52e-06
israeli,4.101e-05,4.327e-05,4.303e-05,4.442e-05,4.478e-05,4.431e-05,4.451e-05,4.602e-05,4.214e-05
medicare,9.7e-07,9.5e-07,1.52e-06,1.52e-06,1.52e-06,1.52e-06,1.52e-06,1.53e-06,9.6e-07
cord,6.3e-06,6.66e-06,6.82e-06,6.67e-06,6.68e-06,5.94e-06,5.79e-06,5.66e-06,6.48e-06
skiing,1.29e-06,1.11e-06,1.06e-06,1.06e-06,1.06e-06,1.07e-06,1.22e-06,1.22e-06,1.2e-06
cloud,0.00028738,0.00030225,0.00030498,0.00031143,0.00031404,0.00031656,0.00032056,0.00032397,0.00029482
facilitate,6.022e-05,6.007e-05,5.954e-05,6.08e-05,6.162e-05,6.212e-05,6.432e-05,6.207e-05,6.015e-05
subscriber,2.648e-05,2.615e-05,2.621e-05,2.669e-05,2.641e-05,2.588e-05,2.622e-05,2.553e-05,2.632e-05
valve,1.873e-05,1.997e-05,2.212e-05,2.198e-05,2.383e-05,2.375e-05,2.393e-05,2.339e-05,1.935e-05
val,3.87e-06,3.33e-06,3.18e-06,3.18e-06,3.04e-06,3.35e-06,3.35e-06,3.21e-06,3.6e-06
hewlett,5.699e-05,5.595e-05,5.575e-05,5.564e-05,5.51e-05,5.558e-05,5.503e-05,5.504e-05,5.647e-05
explains,1.518e-05,1.553e-05,1.621e-05,1.562e-05,1.412e-05,1.325e-05,1.28e-05,1.223e-05,1.535e-05
proceed,7.59e-06,7.45e-06,7.73e-06,7.88e-06,8.35e-06,8.68e-06,8.99e-06,8.87e-06,7.52e-06
flickr,1.049e-05,1.03e-05,1e-05,1.001e-05,9.41e-06,8.83e-06,8.69e-06,8.56e-06,1.039e-05
feelings,5.33e-06,5.23e-06,5.3e-06,5.46e-06,5.31e-06,5.48e-06,5.94e-06,5.81e-06,5.28e-06
knife,4.04e-06,4.12e-06,3.94e-06,4.09e-06,4.1e-06,4.42e-06,4.57e-06,4.28e-06,4.08e-06
jamaica,1.29e-06,3.8e-06,3.48e-06,3.79e-06,3.79e-06,3.81e-06,3.81e-06,2.75e-06,2.55e-06
priorities,1.033e-05,1.03e-05,1.106e-05,1.046e-05,1.047e-05,1.066e-05,1.113e-05,1.162e-05,1.031e-05
shelf,1.275e-05,1.331e-05,1.197e-05,1.167e-05,1.154e-05,1.081e-05,1.143e-05,1.086e-05,1.303e-05
bookstore,2.26e-06,2.54e-06,2.42e-06,2.43e-06,2.28e-06,2.28e-06,2.13e-06,2.14e-06,2.4e-06
timing,3.859e-05,3.851e-05,3.697e-05,3.775e-05,3.795e-05,3.73e-05,3.765e-05,3.776e-05,3.855e-05
liked,4.68e-06,4.91e-06,5e-06,4.85e-06,4.71e-06,4.72e-06,4.73e-06,4.74e-06,4.79e-06
parenting,2.1e-06,2.06e-06,1.97e-06,1.82e-06,1.52e-06,1.52e-06,2.13e-06,2.29e-06,2.08e-06
adopt,9.2e-06,1.03e-05,1.076e-05,1.061e-05,1.032e-05,1.096e-05,1.143e-05,1.177e-05,9.75e-06
denied,1.356e-05,1.395e-05,1.485e-05,1.41e-05,1.412e-05,1.431e-05,1.433e-05,1.437e-05,1.375e-05
fotos,0.0,0.0,0.0,0.0,0.0,0.0,0.0,0.0,0.0
incredible,2.26e-06,1.9e-06,1.97e-06,1.97e-06,1.82e-06,1.83e-06,1.52e-06,1.83e-06,2.08e-06
britney,4.8e-07,4.8e-07,4.5e-07,4.5e-07,6.1e-07,6.1e-07,6.1e-07,3.1e-07,4.8e-07
freeware,4.553e-05,4.533e-05,4.439e-05,4.533e-05,4.508e-05,4.446e-05,4.466e-05,4.526e-05,4.543e-05
fucked,1.6e-07,1.6e-07,1.5e-07,1.5e-07,1.5e-07,1.5e-07,1.5e-07,1.5e-07,1.6e-07
donation,6.46e-06,6.18e-06,6.06e-06,5.76e-06,5.16e-06,5.48e-06,5.79e-06,5.81e-06,6.32e-06
outer,1.566e-05,1.664e-05,1.651e-05,1.683e-05,1.685e-05,1.66e-05,1.661e-05,1.697e-05,1.615e-05
crop,5.17e-06,5.07e-06,5e-06,5.16e-06,5.16e-06,4.87e-06,4.88e-06,5.2e-06,5.12e-06
deaths,4.36e-06,4.91e-06,5.3e-06,6.22e-06,6.07e-06,5.94e-06,6.25e-06,5.81e-06,4.63e-06
rivers,5.65e-06,5.86e-06,5.76e-06,5.76e-06,5.62e-06,5.18e-06,5.33e-06,5.35e-06,5.75e-06
commonwealth,1.001e-05,1.125e-05,1.121e-05,1.122e-05,1.093e-05,1.127e-05,1.097e-05,1.086e-05,1.063e-05
pharmaceutical,1.211e-05,1.173e-05,1.136e-05,1.046e-05,1.062e-05,1.066e-05,1.082e-05,1.009e-05,1.192e-05
manhattan,1.469e-05,1.426e-05,1.379e-05,1.349e-05,1.366e-05,1.401e-05,1.448e-05,1.407e-05,1.447e-05
tales,9.36e-06,9.51e-06,1e-05,9.86e-06,1.017e-05,1.02e-05,1.052e-05,1.086e-05,9.44e-06
katrina,1.13e-06,1.43e-06,1.36e-06,1.36e-06,1.37e-06,1.37e-06,1.37e-06,1.22e-06,1.28e-06
workforce,7.27e-06,7.13e-06,7.42e-06,8.04e-06,8.5e-06,7.46e-06,7.93e-06,7.95e-06,7.2e-06
islam,4.84e-06,4.12e-06,4.85e-06,4.09e-06,4.4e-06,4.42e-06,4.57e-06,5.2e-06,4.48e-06
nodes,0.00021182,0.00021175,0.00021393,0.00021439,0.00021645,0.00021713,0.00021858,0.0002168,0.00021178
tu,8.88e-06,9.51e-06,1.061e-05,1.061e-05,1.002e-05,9.44e-06,9.3e-06,1.009e-05,9.19e-06
fy,1.61e-06,2.06e-06,1.97e-06,1.97e-06,2.43e-06,2.44e-06,2.44e-06,2.45e-06,1.84e-06
thumbs,1.45e-06,1.27e-06,1.21e-06,9.1e-07,9.1e-07,7.6e-07,7.6e-07,7.6e-07,1.36e-06
seeds,4.2e-06,4.12e-06,4.24e-06,4.09e-06,4.4e-06,4.42e-06,4.27e-06,4.13e-06,4.16e-06
cited,7.556e-05,7.608e-05,7.651e-05,7.717e-05,7.68e-05,7.537e-05,7.576e-05,7.706e-05,7.582e-05
lite,9.53e-06,1.03e-05,1.121e-05,1.137e-05,1.123e-05,1.035e-05,9.91e-06,1.024e-05,9.91e-06
ghz,2.599e-05,2.615e-05,2.682e-05,2.562e-05,2.504e-05,2.512e-05,2.393e-05,2.446e-05,2.607e-05
hub,3.956e-05,4.042e-05,3.939e-05,4.048e-05,4.083e-05,4.263e-05,4.298e-05,4.22e-05,3.999e-05
targeted,6.732e-05,6.879e-05,7.015e-05,7.066e-05,6.967e-05,6.898e-05,6.905e-05,7.018e-05,6.805e-05
organizational,2.373e-05,2.441e-05,2.454e-05,2.593e-05,2.641e-05,2.665e-05,2.759e-05,2.859e-05,2.407e-05
skype,3.39e-05,3.313e-05,3.182e-05,3.139e-05,2.823e-05,2.786e-05,2.82e-05,2.63e-05,3.352e-05
realized,1.841e-05,1.918e-05,2.03e-05,2.108e-05,2.049e-05,1.995e-05,2.073e-05,2.095e-05,1.879e-05
twelve,2.115e-05,2.092e-05,2.151e-05,2.017e-05,2.095e-05,1.995e-05,1.966e-05,1.957e-05,2.103e-05
founder,0.00024944,0.00024662,0.00024953,0.00025321,0.00025029,0.00024971,0.00025013,0.00025059,0.00024803
decade,3.051e-05,3.027e-05,3.197e-05,3.214e-05,3.324e-05,3.395e-05,3.414e-05,3.608e-05,3.039e-05
gamecube,1.598e-05,1.68e-05,1.879e-05,1.744e-05,1.837e-05,1.858e-05,1.86e-05,1.865e-05,1.639e-05
rr,2.1e-06,2.22e-06,3.18e-06,2.88e-06,2.73e-06,2.74e-06,2.9e-06,2.75e-06,2.16e-06
dispute,1.114e-05,1.046e-05,1.076e-05,1.092e-05,1.123e-05,1.127e-05,1.128e-05,1.101e-05,1.08e-05
portuguese,2.454e-05,2.362e-05,2.364e-05,2.38e-05,2.155e-05,2.101e-05,2.134e-05,2.064e-05,2.408e-05
tired,9.7e-07,9.5e-07,7.6e-07,7.6e-07,7.6e-07,7.6e-07,7.6e-07,4.6e-07,9.6e-07
titten,0.0,0.0,0.0,0.0,0.0,0.0,0.0,0.0,0.0
adverse,5.65e-06,5.71e-06,5.15e-06,5.76e-06,5.62e-06,5.33e-06,5.49e-06,5.2e-06,5.68e-06
everywhere,9.36e-06,9.35e-06,9.54e-06,9.4e-06,9.41e-06,8.53e-06,9.15e-06,8.41e-06,9.36e-06
excerpt,3.07e-06,2.85e-06,2.88e-06,2.88e-06,2.73e-06,2.59e-06,2.74e-06,2.9e-06,2.96e-06
eng,8.23e-06,8.4e-06,6.51e-06,6.82e-06,5.92e-06,5.63e-06,5.49e-06,5.5e-06,8.32e-06
steam,4.908e-05,5.088e-05,5.212e-05,5.292e-05,5.783e-05,5.71e-05,5.853e-05,5.886e-05,4.998e-05
discharge,1.94e-06,2.22e-06,2.12e-06,1.82e-06,1.82e-06,1.83e-06,1.98e-06,2.29e-06,2.08e-06
ef,1.29e-06,1.27e-06,1.52e-06,1.67e-06,1.67e-06,1.83e-06,1.83e-06,1.83e-06,1.28e-06
drinks,8.1e-07,6.3e-07,9.1e-07,6.1e-07,6.1e-07,6.1e-07,4.6e-07,6.1e-07,7.2e-07
ace,2.438e-05,2.267e-05,2.424e-05,2.396e-05,2.429e-05,2.345e-05,2.363e-05,2.37e-05,2.353e-05
voices,1.566e-05,1.633e-05,1.561e-05,1.607e-05,1.533e-05,1.492e-05,1.479e-05,1.391e-05,1.599e-05
acute,3.07e-06,3.33e-06,3.18e-06,3.94e-06,4.25e-06,4.42e-06,4.12e-06,3.82e-06,3.2e-06
halloween,2.74e-06,3.01e-06,3.03e-06,3.18e-06,2.88e-06,2.59e-06,2.59e-06,3.06e-06,2.88e-06
climbing,6.14e-06,6.02e-06,6.06e-06,6.06e-06,6.68e-06,6.7e-06,6.4e-06,6.73e-06,6.08e-06
stood,1.34e-05,1.268e-05,1.212e-05,1.258e-05,1.184e-05,1.172e-05,1.204e-05,1.116e-05,1.304e-05
sing,9.7e-07,1.11e-06,1.06e-06,1.21e-06,1.37e-06,1.07e-06,1.22e-06,1.38e-06,1.04e-06
tons,1.78e-06,1.43e-06,1.52e-06,1.52e-06,1.52e-06,1.52e-06,1.37e-06,1.38e-06,1.6e-06
perfume,4.8e-07,4.8e-07,4.5e-07,4.5e-07,4.6e-07,3e-07,3e-07,3.1e-07,4.8e-07
carol,3.23e-06,3.65e-06,4.09e-06,3.94e-06,3.79e-06,3.96e-06,4.12e-06,4.28e-06,3.44e-06
honest,4.2e-06,4.28e-06,4.24e-06,3.49e-06,3.34e-06,3.81e-06,3.51e-06,4.13e-06,4.24e-06
albany,2.26e-06,2.38e-06,2.42e-06,2.43e-06,2.73e-06,2.59e-06,2.9e-06,3.06e-06,2.32e-06
hazardous,5.81e-06,5.39e-06,5.15e-06,4.85e-06,4.86e-06,5.18e-06,5.18e-06,5.35e-06,5.6e-06
restore,1.647e-05,1.775e-05,1.773e-05,1.744e-05,1.654e-05,1.644e-05,1.631e-05,1.605e-05,1.711e-05
stack,0.00010397,0.00010683,0.00010348,0.00010553,0.00010367,0.00010323,0.00010182,0.00010381,0.0001054
methodology,4.989e-05,4.945e-05,4.848e-05,4.867e-05,4.948e-05,4.903e-05,4.969e-05,4.908e-05,4.967e-05
somebody,1.61e-06,1.58e-06,1.82e-06,1.97e-06,1.97e-06,1.98e-06,1.68e-06,1.38e-06,1.59e-06
sue,4.52e-06,3.96e-06,4.39e-06,4.7e-06,4.4e-06,4.72e-06,4.73e-06,4.74e-06,4.24e-06
ep,5.97e-06,6.18e-06,6.82e-06,6.52e-06,6.37e-06,6.55e-06,6.4e-06,6.57e-06,6.08e-06
housewares,0.0,0.0,0.0,0.0,0.0,0.0,0.0,0.0,0.0
reputation,1.857e-05,1.791e-05,1.985e-05,2.001e-05,1.973e-05,1.979e-05,1.982e-05,1.926e-05,1.824e-05
resistant,9.36e-06,9.51e-06,9.7e-06,1.016e-05,1.062e-05,9.74e-06,9.6e-06,9.94e-06,9.44e-06
democrats,1.45e-06,2.06e-06,2.12e-06,2.12e-06,2.28e-06,2.44e-06,2.29e-06,2.14e-06,1.76e-06
recycling,8.56e-06,8.24e-06,7.42e-06,7.13e-06,6.68e-06,6.55e-06,6.55e-06,6.73e-06,8.4e-06
hang,4.04e-06,4.12e-06,3.94e-06,4.09e-06,4.55e-06,4.57e-06,4.42e-06,4.43e-06,4.08e-06
gbp,6.5e-07,6.3e-07,6.1e-07,7.6e-07,7.6e-07,9.1e-07,7.6e-07,6.1e-07,6.4e-07
curve,5.715e-05,5.547e-05,5.621e-05,5.671e-05,5.631e-05,5.649e-05,5.792e-05,5.764e-05,5.631e-05
creator,7.653e-05,7.671e-05,7.893e-05,7.945e-05,8.014e-05,7.918e-05,7.698e-05,7.644e-05,7.662e-05
amber,6.46e-06,6.66e-06,5.91e-06,5.91e-06,5.46e-06,5.48e-06,5.49e-06,5.5e-06,6.56e-06
qualifications,5e-06,5.39e-06,5.91e-06,5.91e-06,6.07e-06,5.63e-06,5.79e-06,5.81e-06,5.2e-06
museums,2.47e-05,2.473e-05,2.485e-05,2.532e-05,2.596e-05,2.558e-05,2.53e-05,2.66e-05,2.471e-05
coding,0.00016339,0.00016468,0.00016984,0.00016754,0.00016848,0.0001684,0.00016874,0.00016848,0.00016403
slideshow,2.74e-06,2.54e-06,2.73e-06,2.58e-06,2.58e-06,2.59e-06,2.59e-06,2.6e-06,2.64e-06
tracker,1.372e-05,1.395e-05,1.379e-05,1.41e-05,1.427e-05,1.34e-05,1.326e-05,1.391e-05,1.384e-05
variation,4.327e-05,4.343e-05,4.257e-05,4.2e-05,4.311e-05,4.37e-05,4.359e-05,4.434e-05,4.335e-05
passage,5.97e-06,6.18e-06,6.67e-06,6.37e-06,6.37e-06,6.4e-06,6.55e-06,6.42e-06,6.08e-06
transferred,4.101e-05,4.121e-05,4.227e-05,4.336e-05,4.311e-05,4.309e-05,4.314e-05,4.388e-05,4.111e-05
trunk,8.56e-06,8.24e-06,8.18e-06,5.61e-06,5.92e-06,7.16e-06,7.32e-06,5.35e-06,8.4e-06
hiking,4.8e-07,4.8e-07,1.5e-07,1.5e-07,1.5e-07,3e-07,3e-07,3.1e-07,4.8e-07
lb,3.55e-06,3.65e-06,3.33e-06,3.34e-06,3.04e-06,2.89e-06,2.9e-06,2.29e-06,3.6e-06
damn,2.42e-06,2.54e-06,2.42e-06,1.97e-06,2.28e-06,2.28e-06,2.29e-06,2.29e-06,2.48e-06
pierre,1.614e-05,1.664e-05,1.697e-05,1.713e-05,1.639e-05,1.629e-05,1.555e-05,1.529e-05,1.639e-05
jelsoft,0.0,0.0,1.5e-07,1.5e-07,1.5e-07,1.5e-07,1.5e-07,1.5e-07,0.0
headset,1.098e-05,1.379e-05,1.561e-05,1.638e-05,1.624e-05,1.751e-05,1.783e-05,1.804e-05,1.239e-05
photograph,1.582e-05,1.522e-05,1.5e-05,1.562e-05,1.548e-05,1.523e-05,1.479e-05,1.452e-05,1.552e-05
oakland,5.33e-06,5.07e-06,4.85e-06,4.4e-06,3.95e-06,4.11e-06,3.96e-06,4.13e-06,5.2e-06
colombia,8.4e-06,7.45e-06,7.42e-06,7.58e-06,7.44e-06,7e-06,7.01e-06,7.03e-06,7.92e-06
waves,2.664e-05,2.742e-05,2.742e-05,2.911e-05,3.005e-05,3.121e-05,3.155e-05,3.241e-05,2.703e-05
camel,5.17e-06,5.86e-06,5.45e-06,5.61e-06,5.01e-06,5.48e-06,5.49e-06,5.35e-06,5.51e-06
distributor,1.518e-05,1.569e-05,1.53e-05,1.41e-05,1.548e-05,1.553e-05,1.54e-05,1.544e-05,1.544e-05
lamps,2.1e-06,2.38e-06,2.27e-06,1.82e-06,1.97e-06,1.98e-06,1.98e-06,1.99e-06,2.24e-06
underlying,8.46e-05,8.432e-05,8.212e-05,8.081e-05,8.166e-05,8.283e-05,8.185e-05,8.333e-05,8.446e-05
hood,3.23e-06,3.01e-06,2.73e-06,2.43e-06,2.43e-06,2.74e-06,2.59e-06,2.45e-06,3.12e-06
wrestling,7.27e-06,7.92e-06,9.39e-06,9.25e-06,9.56e-06,1.051e-05,1.082e-05,1.024e-05,7.6e-06
suicide,1.066e-05,1.03e-05,1.061e-05,1.213e-05,1.229e-05,1.309e-05,1.067e-05,1.116e-05,1.048e-05
archived,2.18e-05,2.314e-05,2.5e-05,2.532e-05,2.854e-05,2.695e-05,2.622e-05,2.599e-05,2.247e-05
photoshop,2.18e-05,2.187e-05,2.167e-05,2.214e-05,2.171e-05,2.177e-05,2.134e-05,2.064e-05,2.184e-05
jp,1.114e-05,1.062e-05,1.03e-05,1.001e-05,9.56e-06,7e-06,6.55e-06,5.66e-06,1.088e-05
chi,2.454e-05,2.568e-05,2.5e-05,2.487e-05,2.398e-05,2.314e-05,2.286e-05,2.186e-05,2.511e-05
bt,2.341e-05,2.235e-05,2.091e-05,2.032e-05,2.004e-05,2.025e-05,1.89e-05,1.682e-05,2.288e-05
arabia,8.23e-06,7.92e-06,8.64e-06,8.49e-06,9.26e-06,9.14e-06,8.54e-06,8.71e-06,8.07e-06
gathering,2.244e-05,2.282e-05,2.227e-05,2.244e-05,2.201e-05,2.177e-05,2.164e-05,2.171e-05,2.263e-05
projection,4.214e-05,4.216e-05,4.076e-05,4.109e-05,4.083e-05,4.035e-05,4.116e-05,4.143e-05,4.215e-05
juice,2.1e-06,2.06e-06,2.12e-06,1.97e-06,2.28e-06,2.13e-06,2.13e-06,2.14e-06,2.08e-06
chase,9.36e-06,9.67e-06,9.7e-06,1.016e-05,9.87e-06,1.035e-05,9.45e-06,9.94e-06,9.51e-06
mathematical,0.00035325,0.00035773,0.00034953,0.00035358,0.00035138,0.00035569,0.00035592,0.00035577,0.00035549
logical,0.00012642,0.00012379,0.00012014,0.00012145,0.00012188,0.00012196,0.00011996,0.00012155,0.00012511
sauce,4.8e-07,4.8e-07,6.1e-07,6.1e-07,7.6e-07,7.6e-07,7.6e-07,6.1e-07,4.8e-07
fame,2.486e-05,2.742e-05,2.576e-05,2.547e-05,2.596e-05,2.573e-05,2.561e-05,2.538e-05,2.614e-05
extract,2.519e-05,2.615e-05,2.742e-05,2.79e-05,2.884e-05,2.847e-05,2.866e-05,2.798e-05,2.567e-05
specialized,8.492e-05,8.797e-05,8.803e-05,8.961e-05,9.001e-05,9.136e-05,9.13e-05,9.265e-05,8.644e-05
diagnostic,1.647e-05,1.664e-05,1.576e-05,1.531e-05,1.579e-05,1.507e-05,1.524e-05,1.514e-05,1.655e-05
panama,5.33e-06,6.02e-06,5.45e-06,5.61e-06,5.92e-06,5.48e-06,5.64e-06,5.81e-06,5.67e-06
indianapolis,3.23e-06,3.33e-06,3.18e-06,3.34e-06,3.49e-06,3.81e-06,3.81e-06,3.98e-06,3.28e-06
af,2.74e-06,2.54e-06,2.27e-06,2.88e-06,2.88e-06,2.59e-06,3.66e-06,3.52e-06,2.64e-06
payable,4.8e-07,3.2e-07,3e-07,1.5e-07,3e-07,1.5e-07,1.5e-07,1.5e-07,4e-07
corporations,2.244e-05,2.488e-05,2.53e-05,2.638e-05,2.671e-05,2.68e-05,2.622e-05,2.614e-05,2.366e-05
courtesy,3.39e-06,4.12e-06,4.24e-06,4.09e-06,4.1e-06,4.11e-06,4.12e-06,4.28e-06,3.76e-06
criticism,4.004e-05,4.454e-05,4.757e-05,4.7e-05,5.009e-05,5.055e-05,5.106e-05,5.366e-05,4.229e-05
automobile,8.07e-06,7.45e-06,6.82e-06,6.67e-06,6.68e-06,6.7e-06,7.01e-06,7.34e-06,7.76e-06
confidential,1.356e-05,1.379e-05,1.318e-05,1.304e-05,1.336e-05,1.34e-05,1.341e-05,1.345e-05,1.368e-05
rfc,8.864e-05,8.48e-05,8.09e-05,8.127e-05,6.982e-05,6.395e-05,6.006e-05,5.688e-05,8.672e-05
statutory,4.68e-06,4.75e-06,5e-06,4.85e-06,4.86e-06,4.72e-06,4.73e-06,4.89e-06,4.71e-06
accommodations,1.13e-06,1.43e-06,1.21e-06,9.1e-07,9.1e-07,9.1e-07,1.07e-06,9.2e-07,1.28e-06
athens,6.14e-06,6.02e-06,6.51e-06,6.37e-06,5.92e-06,5.94e-06,5.79e-06,5.5e-06,6.08e-06
northeast,2.1e-06,1.9e-06,1.82e-06,1.36e-06,1.67e-06,1.67e-06,1.68e-06,1.83e-06,2e-06
downloaded,4.973e-05,4.977e-05,4.954e-05,4.882e-05,4.918e-05,4.827e-05,4.771e-05,4.602e-05,4.975e-05
judges,6.3e-06,6.18e-06,6.36e-06,6.67e-06,6.07e-06,5.63e-06,5.49e-06,5.66e-06,6.24e-06
sl,6.46e-06,6.02e-06,5.91e-06,5.46e-06,5.16e-06,5.02e-06,5.03e-06,5.05e-06,6.24e-06
seo,4.68e-06,4.91e-06,5.61e-06,5.16e-06,5.46e-06,5.79e-06,4.88e-06,5.2e-06,4.79e-06
retired,4.472e-05,4.438e-05,4.409e-05,4.579e-05,4.827e-05,4.918e-05,4.923e-05,4.923e-05,4.455e-05
isp,3.277e-05,3.202e-05,3.121e-05,3.214e-05,3.172e-05,3.213e-05,3.018e-05,3.058e-05,3.24e-05
remarks,4.52e-06,4.6e-06,4.39e-06,4.7e-06,4.55e-06,4.42e-06,4.42e-06,4.13e-06,4.56e-06
detected,3.003e-05,2.885e-05,2.909e-05,2.941e-05,2.914e-05,2.832e-05,2.789e-05,2.874e-05,2.944e-05
decades,2.987e-05,2.948e-05,2.924e-05,2.987e-05,2.975e-05,2.908e-05,2.835e-05,2.935e-05,2.967e-05
paintings,4.84e-06,4.91e-06,5e-06,4.55e-06,4.4e-06,5.02e-06,5.03e-06,5.05e-06,4.87e-06
walked,1.45e-06,1.43e-06,1.67e-06,1.52e-06,1.67e-06,1.52e-06,1.22e-06,1.22e-06,1.44e-06
arising,9.85e-06,1.078e-05,9.85e-06,9.7e-06,1.002e-05,1.051e-05,1.082e-05,1.131e-05,1.032e-05
nissan,8.1e-07,9.5e-07,1.21e-06,9.1e-07,1.06e-06,1.07e-06,9.1e-07,9.2e-07,8.8e-07
bracelet,8.1e-07,6.3e-07,6.1e-07,6.1e-07,6.1e-07,6.1e-07,7.6e-07,9.2e-07,7.2e-07
ins,1.905e-05,1.902e-05,1.879e-05,1.895e-05,1.837e-05,1.842e-05,1.89e-05,1.881e-05,1.903e-05
eggs,3.87e-06,3.8e-06,3.18e-06,3.18e-06,2.88e-06,2.44e-06,2.9e-06,2.9e-06,3.83e-06
juvenile,8.1e-07,1.11e-06,1.06e-06,1.06e-06,1.06e-06,1.22e-06,1.22e-06,1.22e-06,9.6e-07
injection,1.889e-05,1.854e-05,1.697e-05,1.562e-05,1.533e-05,1.69e-05,1.768e-05,1.651e-05,1.871e-05
yorkshire,2.74e-06,2.54e-06,2.12e-06,1.97e-06,1.82e-06,1.83e-06,1.52e-06,1.68e-06,2.64e-06
populations,7.91e-06,7.45e-06,7.58e-06,7.73e-06,7.89e-06,7.61e-06,7.77e-06,8.26e-06,7.68e-06
protective,4.68e-06,5.07e-06,5.15e-06,5.61e-06,5.46e-06,4.87e-06,5.03e-06,4.28e-06,4.87e-06
afraid,9.7e-07,1.11e-06,9.1e-07,9.1e-07,9.1e-07,9.1e-07,9.1e-07,9.2e-07,1.04e-06
acoustic,2.228e-05,2.219e-05,2.242e-05,2.305e-05,2.337e-05,2.314e-05,2.271e-05,2.217e-05,2.223e-05
railway,9.36e-06,9.35e-06,9.54e-06,9.55e-06,1.002e-05,1.035e-05,1.128e-05,1.101e-05,9.36e-06
cassette,1.808e-05,1.759e-05,1.97e-05,1.986e-05,1.943e-05,1.919e-05,1.997e-05,1.957e-05,1.784e-05
initially,0.00019003,0.000194,0.00020378,0.00020681,0.00021022,0.00021393,0.00022239,0.00023086,0.00019201
indicator,1.485e-05,1.506e-05,1.485e-05,1.41e-05,1.457e-05,1.401e-05,1.387e-05,1.422e-05,1.495e-05
pointed,1.098e-05,9.99e-06,1.015e-05,9.86e-06,1.002e-05,9.59e-06,9.6e-06,9.78e-06,1.048e-05
hb,2.1e-06,2.38e-06,2.27e-06,1.67e-06,1.97e-06,1.83e-06,1.83e-06,1.83e-06,2.24e-06
jpg,9.53e-06,9.35e-06,8.03e-06,7.58e-06,6.53e-06,6.4e-06,5.94e-06,5.2e-06,9.44e-06
causing,2.615e-05,2.647e-05,2.757e-05,2.759e-05,2.778e-05,2.969e-05,3.018e-05,2.981e-05,2.631e-05
mistake,4.36e-06,5.07e-06,5.15e-06,5.46e-06,5.46e-06,5.94e-06,5.33e-06,4.89e-06,4.71e-06
norton,1.566e-05,1.601e-05,1.606e-05,1.592e-05,1.563e-05,1.644e-05,1.707e-05,1.743e-05,1.584e-05
locked,1.114e-05,1.109e-05,1.106e-05,1.107e-05,1.093e-05,1.066e-05,1.067e-05,1.086e-05,1.112e-05
eliminate,2.357e-05,2.298e-05,2.409e-05,2.365e-05,2.201e-05,2.238e-05,2.302e-05,2.339e-05,2.327e-05
tc,5e-06,5.23e-06,5.45e-06,5.76e-06,5.77e-06,5.33e-06,5.33e-06,5.35e-06,5.12e-06
fusion,2.825e-05,3.059e-05,3.076e-05,3.108e-05,3.127e-05,3.243e-05,3.353e-05,3.379e-05,2.942e-05
mineral,3.87e-06,4.12e-06,3.94e-06,3.94e-06,4.1e-06,4.26e-06,3.05e-06,3.06e-06,3.99e-06
sunglasses,8.1e-07,7.9e-07,7.6e-07,7.6e-07,7.6e-07,9.1e-07,9.1e-07,9.2e-07,8e-07
ruby,4.085e-05,4.121e-05,4.212e-05,4.215e-05,4.22e-05,4.111e-05,4.116e-05,4.021e-05,4.103e-05
steering,2.018e-05,1.839e-05,1.879e-05,1.804e-05,1.746e-05,1.736e-05,1.692e-05,1.636e-05,1.928e-05
beads,3.2e-07,3.2e-07,3e-07,3e-07,3e-07,3e-07,3e-07,3.1e-07,3.2e-07
fortune,2.632e-05,2.663e-05,2.636e-05,2.653e-05,2.596e-05,2.451e-05,2.378e-05,2.309e-05,2.647e-05
preference,1.453e-05,1.411e-05,1.318e-05,1.198e-05,1.245e-05,1.249e-05,1.219e-05,1.254e-05,1.432e-05
canvas,6.78e-06,7.13e-06,8.03e-06,8.19e-06,7.74e-06,7.61e-06,7.47e-06,7.03e-06,6.96e-06
threshold,2.858e-05,3.027e-05,2.97e-05,2.987e-05,2.99e-05,3e-05,3.033e-05,2.997e-05,2.943e-05
parish,2.58e-06,1.11e-06,1.06e-06,9.1e-07,7.6e-07,7.6e-07,1.07e-06,1.22e-06,1.84e-06
claimed,5.36e-05,5.436e-05,5.545e-05,5.671e-05,5.525e-05,5.664e-05,5.731e-05,5.58e-05,5.398e-05
screens,2.729e-05,2.599e-05,2.667e-05,2.669e-05,2.793e-05,2.832e-05,2.82e-05,2.828e-05,2.664e-05
cemetery,2.26e-06,2.69e-06,2.58e-06,2.43e-06,2.12e-06,2.28e-06,2.29e-06,1.99e-06,2.48e-06
planner,8.88e-06,9.35e-06,8.79e-06,8.79e-06,8.8e-06,9.44e-06,8.99e-06,9.02e-06,9.11e-06
croatia,6.3e-06,6.34e-06,5.91e-06,5.76e-06,6.07e-06,6.85e-06,6.86e-06,6.27e-06,6.32e-06
flows,3.939e-05,4.026e-05,3.909e-05,3.957e-05,3.916e-05,3.944e-05,3.902e-05,3.99e-05,3.982e-05
stadium,2.74e-06,3.8e-06,4.39e-06,4.4e-06,4.25e-06,3.81e-06,3.35e-06,3.21e-06,3.27e-06
venezuela,4.52e-06,4.44e-06,4.7e-06,4.85e-06,4.71e-06,4.57e-06,4.73e-06,4.28e-06,4.48e-06
exploration,3.778e-05,3.677e-05,3.833e-05,3.821e-05,3.871e-05,3.822e-05,3.811e-05,3.792e-05,3.727e-05
mins,8.1e-07,7.9e-07,7.6e-07,7.6e-07,7.6e-07,7.6e-07,9.1e-07,9.2e-07,8e-07
fewer,3.939e-05,3.851e-05,3.863e-05,3.836e-05,3.84e-05,3.776e-05,3.689e-05,3.685e-05,3.895e-05
sequences,9.881e-05,9.652e-05,9.727e-05,9.673e-05,9.714e-05,9.928e-05,9.908e-05,0.0001003,9.767e-05
coupon,3.71e-06,3.01e-06,2.88e-06,3.18e-06,3.19e-06,3.35e-06,3.2e-06,3.21e-06,3.36e-06
nurses,9.7e-07,1.11e-06,1.21e-06,1.06e-06,1.06e-06,1.07e-06,1.07e-06,1.22e-06,1.04e-06
ssl,2.664e-05,2.71e-05,2.667e-05,2.638e-05,2.52e-05,2.512e-05,2.439e-05,2.247e-05,2.687e-05
stem,1.275e-05,1.252e-05,1.394e-05,1.334e-05,1.305e-05,1.294e-05,1.448e-05,1.468e-05,1.264e-05
proxy,3.423e-05,3.487e-05,3.636e-05,3.624e-05,3.628e-05,3.67e-05,3.658e-05,3.776e-05,3.455e-05
gangbang,0.0,0.0,0.0,0.0,0.0,0.0,0.0,0.0,0.0
astronomy,2.05e-05,2.076e-05,2.167e-05,2.214e-05,2.277e-05,2.284e-05,2.332e-05,2.309e-05,2.063e-05
lanka,1.13e-05,1.22e-05,1.379e-05,1.319e-05,1.26e-05,1.264e-05,1.189e-05,1.223e-05,1.175e-05
opt,1.324e-05,1.316e-05,1.182e-05,1.122e-05,1.138e-05,1.157e-05,1.158e-05,1.193e-05,1.32e-05
edwards,8.07e-06,8.24e-06,7.88e-06,8.64e-06,8.5e-06,8.37e-06,8.38e-06,8.56e-06,8.16e-06
drew,1.518e-05,1.522e-05,1.697e-05,1.819e-05,2.004e-05,2.025e-05,2.027e-05,1.988e-05,1.52e-05
contests,8.72e-06,8.72e-06,8.48e-06,8.79e-06,8.65e-06,8.53e-06,8.69e-06,8.56e-06,8.72e-06
flu,2.1e-06,2.22e-06,2.12e-06,1.82e-06,1.82e-06,1.83e-06,1.83e-06,1.83e-06,2.16e-06
translate,2.228e-05,2.203e-05,2.167e-05,2.108e-05,2.11e-05,2.025e-05,2.012e-05,1.942e-05,2.216e-05
announces,1.663e-05,1.569e-05,1.515e-05,1.44e-05,1.366e-05,1.157e-05,1.067e-05,9.94e-06,1.616e-05
mlb,2.26e-06,2.38e-06,2.73e-06,2.73e-06,2.73e-06,3.2e-06,3.05e-06,2.75e-06,2.32e-06
costume,3.07e-06,2.54e-06,2.42e-06,2.58e-06,2.88e-06,3.05e-06,2.9e-06,3.52e-06,2.8e-06
tagged,1.614e-05,1.633e-05,1.5e-05,1.501e-05,1.457e-05,1.507e-05,1.387e-05,1.361e-05,1.624e-05
berkeley,9.848e-05,9.557e-05,9.53e-05,9.4e-05,9.396e-05,9.303e-05,9.222e-05,8.883e-05,9.703e-05
voted,9.2e-06,9.67e-06,1.091e-05,1.122e-05,1.062e-05,1.051e-05,1.037e-05,1.024e-05,9.44e-06
killer,1.841e-05,1.807e-05,1.803e-05,1.835e-05,1.852e-05,1.827e-05,1.783e-05,1.789e-05,1.824e-05
bikes,1.29e-06,1.27e-06,1.52e-06,1.67e-06,1.67e-06,1.67e-06,1.68e-06,1.68e-06,1.28e-06
gates,4.763e-05,4.771e-05,4.788e-05,4.913e-05,4.903e-05,5.009e-05,4.832e-05,4.77e-05,4.767e-05
adjusted,1.195e-05,1.205e-05,1.242e-05,1.258e-05,1.29e-05,1.309e-05,1.326e-05,1.284e-05,1.2e-05
rap,5.17e-06,4.75e-06,4.85e-06,4.4e-06,5.01e-06,5.18e-06,4.88e-06,4.89e-06,4.96e-06
tune,6.14e-06,6.97e-06,7.27e-06,7.43e-06,6.83e-06,7e-06,6.71e-06,6.42e-06,6.55e-06
bishop,5e-06,4.6e-06,4.24e-06,4.25e-06,4.55e-06,4.72e-06,4.42e-06,4.28e-06,4.8e-06
pulled,7.27e-06,6.66e-06,6.82e-06,6.52e-06,6.53e-06,6.4e-06,6.4e-06,6.57e-06,6.97e-06
corn,3.2e-07,1.6e-07,3e-07,4.5e-07,1.5e-07,1.5e-07,1.5e-07,1.5e-07,2.4e-07
gp,6.3e-06,6.66e-06,6.21e-06,6.67e-06,6.98e-06,7.61e-06,7.47e-06,7.34e-06,6.48e-06
shaped,2.18e-05,2.171e-05,2.121e-05,2.062e-05,2.11e-05,2.132e-05,2.119e-05,2.125e-05,2.176e-05
compression,0.00014095,0.00013678,0.00013863,0.00014025,0.00013995,0.00014054,0.00014191,0.00014219,0.00013887
seasonal,2.74e-06,2.69e-06,2.88e-06,3.03e-06,3.19e-06,3.2e-06,3.35e-06,3.52e-06,2.72e-06
establishing,2.664e-05,2.663e-05,2.833e-05,2.744e-05,2.778e-05,2.817e-05,2.881e-05,2.92e-05,2.663e-05
farmer,6.14e-06,6.5e-06,6.06e-06,5.76e-06,6.07e-06,5.94e-06,5.79e-06,5.66e-06,6.32e-06
counters,6.46e-06,6.66e-06,6.51e-06,6.22e-06,6.37e-06,6.55e-06,5.94e-06,6.73e-06,6.56e-06
puts,1.356e-05,1.284e-05,1.288e-05,1.289e-05,1.275e-05,1.203e-05,1.204e-05,1.131e-05,1.32e-05
constitutional,5e-06,4.91e-06,4.85e-06,4.7e-06,4.71e-06,4.87e-06,4.73e-06,4.89e-06,4.95e-06
grew,4.569e-05,4.533e-05,4.469e-05,4.609e-05,4.569e-05,4.492e-05,4.558e-05,4.571e-05,4.551e-05
perfectly,1.179e-05,1.109e-05,1.136e-05,1.152e-05,1.229e-05,1.188e-05,1.219e-05,1.254e-05,1.144e-05
tin,6.14e-06,6.34e-06,6.82e-06,6.06e-06,6.07e-06,5.79e-06,5.94e-06,5.96e-06,6.24e-06
slave,1.066e-05,1.03e-05,1.061e-05,1.046e-05,1.002e-05,9.59e-06,9.76e-06,9.17e-06,1.048e-05
instantly,9.36e-06,8.72e-06,8.94e-06,8.49e-06,8.04e-06,7.61e-06,7.16e-06,6.88e-06,9.04e-06
cultures,7.27e-06,8.08e-06,7.58e-06,8.34e-06,8.8e-06,8.68e-06,8.69e-06,9.02e-06,7.68e-06
norfolk,2.42e-06,2.54e-06,2.58e-06,2.43e-06,2.28e-06,2.28e-06,2.29e-06,2.29e-06,2.48e-06
coaching,1.61e-06,1.58e-06,1.52e-06,1.67e-06,1.52e-06,1.67e-06,1.83e-06,1.53e-06,1.59e-06
examined,1.243e-05,1.3e-05,1.333e-05,1.304e-05,1.275e-05,1.249e-05,1.235e-05,1.3e-05,1.271e-05
trek,1.275e-05,1.347e-05,1.47e-05,1.486e-05,1.457e-05,1.416e-05,1.402e-05,1.376e-05,1.311e-05
encoding,0.00011431,0.00011348,0.00011439,0.00011584,0.00011596,0.0001174,0.00011706,0.00011773,0.0001139
litigation,7.43e-06,7.61e-06,7.42e-06,7.58e-06,7.44e-06,7.77e-06,7.62e-06,7.49e-06,7.52e-06
submissions,1.292e-05,1.363e-05,1.318e-05,1.395e-05,1.412e-05,1.416e-05,1.463e-05,1.514e-05,1.328e-05
oem,1.921e-05,1.902e-05,1.742e-05,1.728e-05,1.654e-05,1.629e-05,1.6e-05,1.544e-05,1.912e-05
heroes,2.244e-05,2.346e-05,2.394e-05,2.426e-05,2.413e-05,2.436e-05,2.607e-05,2.645e-05,2.295e-05
painted,4.2e-06,3.65e-06,4.09e-06,3.79e-06,3.64e-06,3.96e-06,4.27e-06,4.43e-06,3.92e-06
lycos,4.04e-06,2.85e-06,2.88e-06,2.88e-06,3.04e-06,2.89e-06,2.74e-06,2.9e-06,3.45e-06
ir,1.405e-05,1.395e-05,1.561e-05,1.562e-05,1.639e-05,1.629e-05,1.585e-05,1.651e-05,1.4e-05
zdnet,8.72e-06,7.92e-06,8.18e-06,8.49e-06,7.44e-06,6.24e-06,6.25e-06,5.96e-06,8.32e-06
broadcasting,4.456e-05,4.375e-05,4.394e-05,4.503e-05,4.584e-05,4.598e-05,4.497e-05,4.357e-05,4.415e-05
horizontal,3.471e-05,3.297e-05,3.333e-05,3.199e-05,3.203e-05,3.137e-05,3.094e-05,2.997e-05,3.384e-05
artwork,1.776e-05,1.743e-05,1.879e-05,1.88e-05,1.943e-05,1.903e-05,1.875e-05,1.865e-05,1.76e-05
cosmetic,1.78e-06,2.22e-06,2.27e-06,2.58e-06,2.73e-06,2.89e-06,2.9e-06,3.06e-06,2e-06
resulted,3.875e-05,3.836e-05,3.803e-05,4.018e-05,4.129e-05,4.233e-05,4.222e-05,4.174e-05,3.855e-05
portrait,6.78e-06,6.97e-06,6.67e-06,7.13e-06,7.13e-06,6.85e-06,6.86e-06,7.19e-06,6.88e-06
terrorist,1.033e-05,1.062e-05,1.242e-05,1.167e-05,1.184e-05,1.233e-05,1.28e-05,1.33e-05,1.048e-05
informational,7.1e-06,7.45e-06,8.03e-06,8.34e-06,8.65e-06,8.68e-06,8.99e-06,8.71e-06,7.27e-06
ethical,1.243e-05,1.379e-05,1.454e-05,1.516e-05,1.548e-05,1.568e-05,1.646e-05,1.728e-05,1.311e-05
carriers,1.905e-05,1.902e-05,1.879e-05,1.895e-05,1.928e-05,1.903e-05,1.86e-05,1.819e-05,1.903e-05
ecommerce,9.36e-06,8.24e-06,8.18e-06,7.13e-06,6.98e-06,6.55e-06,5.94e-06,5.66e-06,8.8e-06
mobility,3.972e-05,3.614e-05,3.591e-05,3.639e-05,3.521e-05,3.426e-05,3.475e-05,3.593e-05,3.793e-05
floral,8.1e-07,7.9e-07,6.1e-07,6.1e-07,6.1e-07,6.1e-07,6.1e-07,6.1e-07,8e-07
builders,6.46e-06,6.5e-06,6.51e-06,6.82e-06,6.53e-06,6.55e-06,6.55e-06,6.57e-06,6.48e-06
ties,1.292e-05,1.3e-05,1.273e-05,1.289e-05,1.321e-05,1.264e-05,1.235e-05,1.177e-05,1.296e-05
struggle,6.46e-06,5.86e-06,6.67e-06,7.28e-06,6.98e-06,7.92e-06,8.08e-06,8.26e-06,6.16e-06
schemes,5.731e-05,5.753e-05,5.833e-05,6.004e-05,5.829e-05,5.832e-05,5.914e-05,5.825e-05,5.742e-05
suffering,4.52e-06,4.28e-06,3.94e-06,4.09e-06,4.4e-06,4.42e-06,4.27e-06,4.59e-06,4.4e-06
neutral,2.615e-05,2.758e-05,2.833e-05,2.82e-05,2.854e-05,2.878e-05,2.835e-05,2.767e-05,2.687e-05
fisher,1.324e-05,1.347e-05,1.454e-05,1.425e-05,1.427e-05,1.416e-05,1.448e-05,1.437e-05,1.336e-05
rat,4.36e-06,4.44e-06,4.85e-06,5e-06,5.01e-06,4.57e-06,4.73e-06,5.2e-06,4.4e-06
spears,8.1e-07,6.3e-07,6.1e-07,6.1e-07,7.6e-07,9.1e-07,9.1e-07,7.6e-07,7.2e-07
prospective,3.23e-06,3.96e-06,4.09e-06,4.09e-06,4.1e-06,3.81e-06,3.96e-06,3.82e-06,3.6e-06
dildos,0.0,0.0,0.0,0.0,0.0,0.0,0.0,0.0,0.0
bedding,3.2e-07,3.2e-07,3e-07,1.5e-07,1.5e-07,1.5e-07,1.5e-07,1.5e-07,3.2e-07
ultimately,4.278e-05,4.248e-05,4.227e-05,4.488e-05,4.554e-05,4.644e-05,4.817e-05,4.847e-05,4.263e-05
joining,3.423e-05,3.439e-05,3.288e-05,3.26e-05,3.324e-05,3.137e-05,3.11e-05,2.935e-05,3.431e-05
heading,8.23e-06,8.4e-06,7.73e-06,8.04e-06,8.04e-06,7.31e-06,6.71e-06,6.27e-06,8.32e-06
equally,2.067e-05,2.045e-05,1.985e-05,1.895e-05,1.912e-05,1.964e-05,1.905e-05,1.911e-05,2.056e-05
artificial,0.0002898,0.00030923,0.00031892,0.00032432,0.00032695,0.00032996,0.00033656,0.00034018,0.00029951
bearing,1.13e-05,1.109e-05,1.136e-05,1.183e-05,1.199e-05,1.249e-05,1.219e-05,1.177e-05,1.12e-05
spectacular,1.61e-06,1.43e-06,1.67e-06,1.52e-06,1.37e-06,1.52e-06,1.68e-06,1.68e-06,1.52e-06
coordination,2.874e-05,2.869e-05,2.863e-05,2.82e-05,2.869e-05,2.863e-05,2.805e-05,2.798e-05,2.871e-05
connector,4.827e-05,4.929e-05,5.03e-05,4.867e-05,4.614e-05,4.583e-05,4.573e-05,4.587e-05,4.878e-05
brad,9.2e-06,9.83e-06,1e-05,1.001e-05,1.002e-05,9.74e-06,9.45e-06,8.56e-06,9.51e-06
combo,2.74e-06,2.85e-06,2.88e-06,3.18e-06,3.04e-06,3.2e-06,3.2e-06,3.21e-06,2.79e-06
seniors,9.7e-07,6.3e-07,6.1e-07,7.6e-07,6.1e-07,6.1e-07,4.6e-07,4.6e-07,8e-07
worlds,4.408e-05,4.184e-05,4.076e-05,4.139e-05,4.22e-05,4.294e-05,4.207e-05,4.403e-05,4.296e-05
guilty,9.2e-06,9.51e-06,1.076e-05,1.107e-05,1.123e-05,1.157e-05,1.28e-05,1.284e-05,9.36e-06
affiliated,2.535e-05,2.694e-05,2.727e-05,2.881e-05,2.914e-05,2.893e-05,3.003e-05,2.966e-05,2.615e-05
activation,1.437e-05,1.426e-05,1.424e-05,1.38e-05,1.351e-05,1.309e-05,1.418e-05,1.376e-05,1.432e-05
naturally,1.453e-05,1.395e-05,1.394e-05,1.425e-05,1.351e-05,1.386e-05,1.433e-05,1.437e-05,1.424e-05
haven,4.52e-06,4.75e-06,4.24e-06,4.7e-06,4.86e-06,4.87e-06,4.88e-06,4.74e-06,4.64e-06
tablet,6.103e-05,5.88e-05,5.803e-05,5.64e-05,5.525e-05,5.527e-05,5.411e-05,5.397e-05,5.991e-05
jury,8.88e-06,8.88e-06,9.24e-06,9.4e-06,9.71e-06,7.77e-06,7.47e-06,7.95e-06,8.88e-06
dos,0.00018034,0.00018053,0.00016832,0.0001683,0.00017243,0.00017389,0.00017499,0.00017659,0.00018044
tail,1.259e-05,1.252e-05,1.212e-05,1.334e-05,1.305e-05,1.309e-05,1.296e-05,1.33e-05,1.256e-05
subscribers,5.602e-05,5.769e-05,5.681e-05,5.944e-05,5.859e-05,6.151e-05,6.173e-05,6.253e-05,5.685e-05
charm,2.1e-06,2.22e-06,2.27e-06,2.27e-06,2.43e-06,2.44e-06,2.29e-06,2.14e-06,2.16e-06
lawn,1.45e-06,1.43e-06,1.21e-06,1.67e-06,1.67e-06,1.67e-06,1.68e-06,1.83e-06,1.44e-06
violent,6.3e-06,7.92e-06,9.39e-06,9.86e-06,1.062e-05,1.066e-05,1.067e-05,1.07e-05,7.11e-06
mitsubishi,4.04e-06,4.44e-06,4.39e-06,4.09e-06,4.25e-06,4.42e-06,4.12e-06,4.13e-06,4.24e-06
underwear,0.0,0.0,0.0,0.0,0.0,0.0,0.0,0.0,0.0
basin,4.2e-06,4.28e-06,3.94e-06,3.94e-06,4.25e-06,4.26e-06,4.12e-06,3.98e-06,4.24e-06
soup,7.59e-06,6.66e-06,6.67e-06,4.85e-06,4.86e-06,4.72e-06,4.88e-06,4.89e-06,7.13e-06
potentially,4.763e-05,4.739e-05,4.848e-05,4.988e-05,4.979e-05,4.949e-05,4.984e-05,5.091e-05,4.751e-05
ranch,4.8e-07,4.8e-07,4.5e-07,4.5e-07,3e-07,9.1e-07,9.1e-07,9.2e-07,4.8e-07
constraints,9.186e-05,9.05e-05,8.878e-05,8.718e-05,8.682e-05,8.892e-05,8.81e-05,8.868e-05,9.118e-05
crossing,1.857e-05,1.823e-05,1.864e-05,1.91e-05,2.049e-05,2.101e-05,2.149e-05,2.125e-05,1.84e-05
inclusive,7.43e-06,8.4e-06,9.24e-06,1.016e-05,1.078e-05,1.157e-05,1.143e-05,1.193e-05,7.91e-06
dimensional,0.00020375,0.00020066,0.00019862,0.00019529,0.00019778,0.00019992,0.00020136,0.00020304,0.00020221
cottage,1.94e-06,1.9e-06,1.97e-06,1.97e-06,1.97e-06,1.83e-06,1.83e-06,1.83e-06,1.92e-06
drunk,6.5e-07,3.2e-07,3e-07,3e-07,3e-07,3e-07,4.6e-07,3.1e-07,4.9e-07
considerable,2.422e-05,2.473e-05,2.424e-05,2.517e-05,2.504e-05,2.36e-05,2.286e-05,2.293e-05,2.447e-05
crimes,1.631e-05,1.743e-05,1.697e-05,1.744e-05,1.73e-05,1.751e-05,1.783e-05,1.774e-05,1.687e-05
resolved,1.388e-05,1.379e-05,1.394e-05,1.38e-05,1.366e-05,1.416e-05,1.463e-05,1.498e-05,1.383e-05
mozilla,6.006e-05,5.959e-05,5.742e-05,5.64e-05,5.51e-05,5.344e-05,5.396e-05,5.321e-05,5.982e-05
byte,7.814e-05,7.766e-05,7.575e-05,7.748e-05,7.802e-05,7.644e-05,7.759e-05,7.721e-05,7.79e-05
toner,1.45e-06,1.43e-06,1.36e-06,1.36e-06,1.37e-06,1.37e-06,1.37e-06,1.22e-06,1.44e-06
nose,2.1e-06,2.06e-06,2.42e-06,2.43e-06,2.43e-06,2.44e-06,2.29e-06,2.45e-06,2.08e-06
latex,1.033e-05,9.99e-06,1.061e-05,1.077e-05,1.138e-05,1.096e-05,1.097e-05,1.131e-05,1.016e-05
branches,3.245e-05,3.344e-05,3.394e-05,3.442e-05,3.506e-05,3.578e-05,3.521e-05,3.44e-05,3.295e-05
anymore,4.68e-06,5.07e-06,5e-06,4.7e-06,5.01e-06,5.18e-06,5.03e-06,5.05e-06,4.87e-06
oclc,4.68e-06,4.75e-06,4.7e-06,4.25e-06,4.25e-06,4.26e-06,4.12e-06,4.13e-06,4.71e-06
delhi,1.243e-05,1.458e-05,1.394e-05,1.395e-05,1.381e-05,1.294e-05,1.265e-05,1.238e-05,1.351e-05
holdings,2.745e-05,2.774e-05,2.863e-05,2.911e-05,2.975e-05,2.908e-05,2.927e-05,3.058e-05,2.759e-05
alien,2.745e-05,2.726e-05,3.03e-05,3.063e-05,3.021e-05,3e-05,3.033e-05,3.134e-05,2.735e-05
locator,4.04e-06,3.96e-06,4.24e-06,3.79e-06,3.95e-06,3.96e-06,3.81e-06,3.82e-06,4e-06
selecting,2.131e-05,2.092e-05,2.121e-05,2.229e-05,2.171e-05,2.147e-05,2.225e-05,2.171e-05,2.112e-05
processors,0.00023394,0.00023743,0.00023832,0.00023638,0.00023193,0.00023388,0.00023398,0.00023453,0.00023569
pantyhose,0.0,0.0,0.0,0.0,0.0,0.0,0.0,0.0,0.0
plc,2.987e-05,2.98e-05,2.954e-05,2.866e-05,2.99e-05,3.045e-05,3.033e-05,3.119e-05,2.984e-05
broke,1.227e-05,1.236e-05,1.227e-05,1.198e-05,1.123e-05,1.096e-05,1.082e-05,1.055e-05,1.231e-05
nepal,8.07e-06,9.03e-06,9.7e-06,1.031e-05,9.41e-06,9.14e-06,8.23e-06,8.1e-06,8.55e-06
zimbabwe,2.58e-06,2.69e-06,2.73e-06,2.73e-06,2.58e-06,2.44e-06,2.44e-06,2.29e-06,2.64e-06
difficulties,1.679e-05,1.728e-05,1.757e-05,1.698e-05,1.685e-05,1.705e-05,1.722e-05,1.667e-05,1.704e-05
juan,6.62e-06,6.02e-06,6.36e-06,7.13e-06,7.13e-06,6.85e-06,7.01e-06,7.34e-06,6.32e-06
complexity,0.00024104,0.00024123,0.00024074,0.00024199,0.00024346,0.0002453,0.000248,0.00025212,0.00024114
msg,1.78e-06,1.43e-06,1.06e-06,1.06e-06,9.1e-07,9.1e-07,7.6e-07,7.6e-07,1.6e-06
constantly,1.534e-05,1.585e-05,1.454e-05,1.471e-05,1.412e-05,1.401e-05,1.25e-05,1.254e-05,1.559e-05
browsing,2.874e-05,3.122e-05,3.03e-05,3.093e-05,3.203e-05,3.137e-05,3.11e-05,3.058e-05,2.998e-05
resolve,1.421e-05,1.363e-05,1.439e-05,1.38e-05,1.442e-05,1.34e-05,1.341e-05,1.345e-05,1.392e-05
barcelona,1.179e-05,1.173e-05,1.212e-05,1.289e-05,1.245e-05,1.203e-05,1.204e-05,1.193e-05,1.176e-05
presidential,3.116e-05,3.17e-05,3.212e-05,3.093e-05,3.157e-05,3.167e-05,3.277e-05,3.287e-05,3.143e-05
documentary,2.922e-05,3.17e-05,3.166e-05,3.23e-05,3.172e-05,3.213e-05,3.17e-05,3.241e-05,3.046e-05
cod,3.2e-07,3.2e-07,4.5e-07,4.5e-07,4.6e-07,4.6e-07,4.6e-07,6.1e-07,3.2e-07
territories,1.066e-05,1.014e-05,1.151e-05,1.107e-05,1.123e-05,1.218e-05,1.28e-05,1.3e-05,1.04e-05
melissa,2.91e-06,2.85e-06,2.73e-06,2.43e-06,2.12e-06,2.28e-06,2.44e-06,2.45e-06,2.88e-06
moscow,3.245e-05,3.82e-05,3.56e-05,3.548e-05,3.582e-05,3.548e-05,3.491e-05,3.394e-05,3.533e-05
thesis,6.119e-05,6.736e-05,6.409e-05,6.292e-05,6.056e-05,5.984e-05,5.914e-05,5.871e-05,6.428e-05
thru,8.1e-07,7.9e-07,9.1e-07,1.06e-06,1.06e-06,7.6e-07,6.1e-07,1.07e-06,8e-07
jews,3.39e-06,4.12e-06,4.24e-06,4.55e-06,4.4e-06,4.87e-06,5.03e-06,4.89e-06,3.76e-06
nylon,8.1e-07,7.9e-07,6.1e-07,4.5e-07,4.6e-07,4.6e-07,4.6e-07,6.1e-07,8e-07
palestinian,2.26e-06,2.38e-06,2.12e-06,2.12e-06,2.43e-06,2.44e-06,2.44e-06,2.45e-06,2.32e-06
discs,2.47e-05,2.504e-05,2.47e-05,2.593e-05,2.717e-05,2.726e-05,2.805e-05,2.477e-05,2.487e-05
rocky,2.42e-06,2.38e-06,2.88e-06,2.88e-06,2.58e-06,2.89e-06,2.9e-06,3.21e-06,2.4e-06
bargains,4.8e-07,4.8e-07,4.5e-07,4.5e-07,4.6e-07,4.6e-07,4.6e-07,4.6e-07,4.8e-07
frequent,3.261e-05,3.186e-05,3.106e-05,2.957e-05,3.005e-05,3.076e-05,3.11e-05,3.195e-05,3.224e-05
trim,1.94e-06,2.06e-06,1.97e-06,1.97e-06,2.12e-06,2.44e-06,2.44e-06,2.29e-06,2e-06
nigeria,7.59e-06,8.72e-06,1.015e-05,9.1e-06,1.017e-05,9.44e-06,9.45e-06,9.02e-06,8.15e-06
ceiling,4.04e-06,3.96e-06,3.64e-06,3.64e-06,3.49e-06,3.65e-06,3.81e-06,3.82e-06,4e-06
pixels,6.28e-05,6.261e-05,6.091e-05,5.731e-05,5.707e-05,5.558e-05,5.747e-05,5.856e-05,6.271e-05
ensuring,2.244e-05,2.267e-05,2.212e-05,2.138e-05,2.155e-05,2.132e-05,2.317e-05,2.492e-05,2.256e-05
hispanic,5e-06,5.23e-06,5.15e-06,4.85e-06,4.4e-06,4.57e-06,4.42e-06,3.98e-06,5.12e-06
cv,7.75e-06,7.77e-06,7.73e-06,7.58e-06,7.29e-06,7.16e-06,7.16e-06,7.19e-06,7.76e-06
cb,5.81e-06,5.23e-06,5e-06,5.31e-06,5.77e-06,5.33e-06,5.03e-06,5.2e-06,5.52e-06
legislature,1.94e-06,1.9e-06,1.82e-06,1.97e-06,1.37e-06,1.52e-06,1.52e-06,1.53e-06,1.92e-06
hospitality,3.23e-06,3.33e-06,3.18e-06,2.88e-06,2.58e-06,2.59e-06,2.59e-06,2.14e-06,3.28e-06
gen,7.1e-06,7.92e-06,8.79e-06,9.4e-06,7.74e-06,8.83e-06,1.128e-05,1.147e-05,7.51e-06
anybody,2.1e-06,2.22e-06,2.27e-06,2.43e-06,2.12e-06,2.28e-06,2.13e-06,2.14e-06,2.16e-06
procurement,7.27e-06,7.13e-06,7.12e-06,7.43e-06,6.68e-06,7.16e-06,7.32e-06,7.19e-06,7.2e-06
diamonds,1.45e-06,1.43e-06,1.52e-06,1.52e-06,1.21e-06,1.22e-06,1.22e-06,1.99e-06,1.44e-06
espn,4.68e-06,5.23e-06,6.67e-06,7.58e-06,6.53e-06,6.24e-06,6.55e-06,6.88e-06,4.95e-06
fleet,1.259e-05,1.157e-05,1.121e-05,1.152e-05,1.169e-05,1.096e-05,1.082e-05,1.101e-05,1.208e-05
untitled,3.2e-07,6.3e-07,1.06e-06,9.1e-07,7.6e-07,4.6e-07,6.1e-07,6.1e-07,4.8e-07
bunch,1.94e-06,2.06e-06,1.82e-06,1.97e-06,1.82e-06,2.13e-06,1.98e-06,1.99e-06,2e-06
totals,2.58e-06,2.54e-06,2.42e-06,3.18e-06,3.19e-06,3.35e-06,3.2e-06,2.9e-06,2.56e-06
marriott,1.13e-06,1.27e-06,1.21e-06,1.36e-06,1.52e-06,1.37e-06,1.37e-06,1.38e-06,1.2e-06
singing,6.3e-06,5.23e-06,5.15e-06,5.31e-06,5.31e-06,5.33e-06,5.33e-06,5.35e-06,5.76e-06
theoretical,0.00017291,0.00017355,0.00017363,0.00017558,0.00017698,0.00017708,0.00017895,0.00017858,0.00017323
afford,4.2e-06,3.65e-06,3.18e-06,3.34e-06,3.19e-06,2.89e-06,2.74e-06,2.6e-06,3.92e-06
exercises,5.65e-06,5.86e-06,6.21e-06,5.76e-06,5.92e-06,5.48e-06,5.18e-06,5.35e-06,5.75e-06
starring,1.259e-05,1.331e-05,1.348e-05,1.44e-05,1.366e-05,1.279e-05,1.341e-05,1.391e-05,1.295e-05
referral,3.55e-06,2.85e-06,2.88e-06,2.73e-06,2.73e-06,2.74e-06,2.59e-06,2.6e-06,3.2e-06
nhl,1.94e-06,2.06e-06,2.42e-06,2.43e-06,2.28e-06,2.74e-06,2.74e-06,2.75e-06,2e-06
surveillance,5.392e-05,5.785e-05,5.651e-05,5.731e-05,5.51e-05,5.512e-05,5.564e-05,5.611e-05,5.588e-05
optimal,0.0001001,0.00010065,0.0001003,0.00010341,0.00010367,0.00010293,0.00010502,0.0001058,0.00010037
quit,3.39e-06,4.28e-06,3.48e-06,3.49e-06,3.49e-06,3.65e-06,3.2e-06,3.67e-06,3.83e-06
distinct,8.008e-05,7.814e-05,7.772e-05,7.733e-05,7.62e-05,7.705e-05,8.201e-05,8.149e-05,7.911e-05
protocols,0.00019568,0.00019479,0.00019893,0.00019514,0.00019429,0.00019581,0.00019602,0.00019738,0.00019523
lung,3.23e-06,3.17e-06,3.48e-06,3.64e-06,3.49e-06,3.35e-06,3.35e-06,3.06e-06,3.2e-06
highlight,1.179e-05,1.141e-05,1.197e-05,1.137e-05,1.123e-05,1.142e-05,1.143e-05,1.131e-05,1.16e-05
substitute,7.75e-06,7.77e-06,7.73e-06,7.88e-06,7.74e-06,7.77e-06,7.62e-06,7.19e-06,7.76e-06
inclusion,2.922e-05,2.948e-05,3.076e-05,3.214e-05,3.081e-05,3.106e-05,3.14e-05,3.241e-05,2.935e-05
hopefully,1.45e-06,1.58e-06,1.52e-06,1.21e-06,1.06e-06,1.07e-06,1.07e-06,9.2e-07,1.51e-06
brilliant,2.42e-06,2.38e-06,2.73e-06,2.43e-06,2.73e-06,2.59e-06,2.59e-06,2.45e-06,2.4e-06
turner,1.663e-05,1.537e-05,1.454e-05,1.41e-05,1.351e-05,1.386e-05,1.433e-05,1.483e-05,1.6e-05
sucking,1.6e-07,1.6e-07,1.5e-07,1.5e-07,1.5e-07,1.5e-07,1.5e-07,1.5e-07,1.6e-07
cents,3.07e-06,2.54e-06,2.88e-06,2.58e-06,2.88e-06,2.89e-06,2.74e-06,2.75e-06,2.8e-06
reuters,2.147e-05,2.203e-05,2.045e-05,1.865e-05,1.776e-05,1.705e-05,1.555e-05,1.544e-05,2.175e-05
ti,1.808e-05,1.823e-05,1.818e-05,1.91e-05,2.019e-05,1.995e-05,2.088e-05,2.11e-05,1.815e-05
fc,9.2e-06,9.67e-06,9.39e-06,8.19e-06,8.35e-06,8.22e-06,8.23e-06,9.02e-06,9.44e-06
gel,1.61e-06,1.43e-06,1.82e-06,1.82e-06,1.67e-06,1.67e-06,1.68e-06,1.68e-06,1.52e-06
todd,1.162e-05,1.173e-05,1.182e-05,1.183e-05,1.184e-05,1.188e-05,1.174e-05,1.131e-05,1.167e-05
spoken,2.615e-05,2.71e-05,2.727e-05,2.714e-05,2.732e-05,2.68e-05,2.698e-05,2.737e-05,2.663e-05
omega,6.78e-06,7.77e-06,8.33e-06,8.49e-06,8.96e-06,8.98e-06,8.84e-06,8.71e-06,7.28e-06
evaluated,2.26e-05,2.267e-05,2.242e-05,2.335e-05,2.246e-05,2.269e-05,2.286e-05,2.324e-05,2.264e-05
stayed,3.71e-06,3.65e-06,3.48e-06,3.79e-06,3.79e-06,3.5e-06,3.51e-06,3.67e-06,3.68e-06
civic,7.43e-06,8.08e-06,7.88e-06,7.28e-06,6.83e-06,7.16e-06,6.86e-06,6.57e-06,7.75e-06
assignments,1.356e-05,1.284e-05,1.258e-05,1.258e-05,1.26e-05,1.218e-05,1.204e-05,1.193e-05,1.32e-05
fw,1.13e-06,1.11e-06,1.21e-06,1.21e-06,1.21e-06,1.22e-06,1.22e-06,1.38e-06,1.12e-06
manuals,1.049e-05,1.03e-05,1.015e-05,1.031e-05,9.56e-06,9.59e-06,9.6e-06,9.63e-06,1.039e-05
doug,1.405e-05,1.474e-05,1.409e-05,1.38e-05,1.336e-05,1.401e-05,1.402e-05,1.345e-05,1.44e-05
sees,1.695e-05,1.617e-05,1.651e-05,1.547e-05,1.503e-05,1.523e-05,1.54e-05,1.544e-05,1.656e-05
termination,1.841e-05,1.775e-05,1.757e-05,1.774e-05,1.776e-05,1.766e-05,1.799e-05,1.789e-05,1.808e-05
watched,6.62e-06,6.82e-06,6.82e-06,6.97e-06,6.22e-06,6.4e-06,6.86e-06,6.73e-06,6.72e-06
saver,1.13e-06,1.11e-06,1.21e-06,1.21e-06,1.21e-06,1.22e-06,1.37e-06,1.22e-06,1.12e-06
thereof,8.88e-06,8.88e-06,8.03e-06,8.34e-06,8.5e-06,8.68e-06,9.15e-06,9.02e-06,8.88e-06
grill,4.8e-07,4.8e-07,4.5e-07,4.5e-07,3e-07,3e-07,3e-07,3.1e-07,4.8e-07
households,7.1e-06,7.61e-06,8.33e-06,8.19e-06,8.65e-06,8.53e-06,8.38e-06,9.78e-06,7.35e-06
gs,6.94e-06,6.82e-06,7.12e-06,6.97e-06,6.98e-06,7.92e-06,8.08e-06,8.26e-06,6.88e-06
redeem,1.45e-06,1.9e-06,1.52e-06,1.52e-06,1.67e-06,1.52e-06,1.37e-06,1.38e-06,1.68e-06
rogers,1.243e-05,1.3e-05,1.303e-05,1.213e-05,1.199e-05,1.142e-05,1.235e-05,1.208e-05,1.271e-05
grain,6.62e-06,6.66e-06,6.51e-06,6.37e-06,6.22e-06,6.55e-06,6.25e-06,6.73e-06,6.64e-06
aaa,5.17e-06,5.23e-06,5.3e-06,5.31e-06,5.31e-06,5.33e-06,5.18e-06,5.66e-06,5.2e-06
authentic,5.65e-06,5.39e-06,6.51e-06,6.67e-06,6.22e-06,5.48e-06,5.49e-06,5.5e-06,5.52e-06
regime,6.3e-06,6.66e-06,6.51e-06,6.52e-06,7.13e-06,7.61e-06,7.47e-06,7.8e-06,6.48e-06
wanna,6.5e-07,3.2e-07,3e-07,3e-07,3e-07,3e-07,4.6e-07,4.6e-07,4.9e-07
wishes,8.07e-06,7.77e-06,7.58e-06,7.13e-06,6.98e-06,6.85e-06,6.86e-06,6.57e-06,7.92e-06
bull,9.36e-06,9.35e-06,8.18e-06,8.95e-06,8.65e-06,8.83e-06,7.77e-06,7.95e-06,9.36e-06
montgomery,7.59e-06,6.66e-06,6.82e-06,6.67e-06,7.13e-06,7e-06,7.01e-06,6.88e-06,7.13e-06
architectural,4.585e-05,4.549e-05,4.454e-05,4.367e-05,4.311e-05,4.4e-05,4.359e-05,4.571e-05,4.567e-05
louisville,2.42e-06,2.85e-06,2.88e-06,2.73e-06,3.04e-06,3.05e-06,3.05e-06,3.06e-06,2.64e-06
depend,3.164e-05,3.17e-05,3.106e-05,3.184e-05,3.187e-05,3.274e-05,3.216e-05,3.165e-05,3.167e-05
differ,3.649e-05,3.487e-05,3.439e-05,3.381e-05,3.552e-05,3.517e-05,3.506e-05,3.746e-05,3.568e-05
macintosh,0.0001805,0.0001772,0.00017635,0.0001774,0.0001782,0.00017297,0.00017057,0.00016757,0.00017885
movements,3.181e-05,3.122e-05,3.121e-05,3.199e-05,3.142e-05,3.182e-05,3.247e-05,3.302e-05,3.151e-05
ranging,4.908e-05,4.977e-05,4.818e-05,4.776e-05,4.827e-05,4.751e-05,4.771e-05,4.862e-05,4.942e-05
monica,4.2e-06,4.6e-06,4.24e-06,4.4e-06,3.95e-06,4.57e-06,4.27e-06,4.13e-06,4.4e-06
repairs,1.61e-06,2.06e-06,1.97e-06,2.12e-06,2.12e-06,2.44e-06,2.59e-06,2.6e-06,1.84e-06
breath,5.33e-06,5.39e-06,5.91e-06,5.61e-06,5.46e-06,5.48e-06,5.94e-06,5.96e-06,5.36e-06
amenities,4.8e-07,6.3e-07,4.5e-07,3e-07,3e-07,3e-07,4.6e-07,3.1e-07,5.5e-07
virtually,2.68e-05,2.536e-05,2.485e-05,2.502e-05,2.58e-05,2.512e-05,2.515e-05,2.507e-05,2.608e-05
cole,6.62e-06,6.34e-06,6.82e-06,6.82e-06,6.83e-06,7e-06,6.71e-06,6.57e-06,6.48e-06
mart,2.1e-06,2.06e-06,1.97e-06,1.97e-06,2.28e-06,2.28e-06,2.29e-06,1.99e-06,2.08e-06
candle,1.45e-06,1.74e-06,1.52e-06,1.52e-06,1.52e-06,1.37e-06,1.22e-06,1.22e-06,1.59e-06
hanging,1.94e-06,1.74e-06,1.82e-06,1.82e-06,2.12e-06,2.44e-06,2.9e-06,2.9e-06,1.84e-06
colored,2.357e-05,2.33e-05,2.288e-05,2.274e-05,2.322e-05,2.375e-05,2.469e-05,2.446e-05,2.344e-05
authorization,1.97e-05,1.839e-05,1.894e-05,1.956e-05,1.928e-05,1.964e-05,1.844e-05,1.926e-05,1.904e-05
tale,9.04e-06,9.19e-06,7.88e-06,8.34e-06,8.35e-06,8.37e-06,8.54e-06,8.87e-06,9.11e-06
verified,2.083e-05,2.203e-05,2.167e-05,2.168e-05,2.201e-05,2.147e-05,2.302e-05,2.355e-05,2.143e-05
lynn,5.17e-06,5.23e-06,5.45e-06,5.61e-06,5.92e-06,6.24e-06,6.25e-06,6.12e-06,5.2e-06
formerly,0.00021053,0.0002211,0.00022832,0.00024017,0.00025196,0.00026128,0.00027147,0.0002775,0.00021582
projector,7.43e-06,7.77e-06,8.33e-06,9.1e-06,9.11e-06,8.83e-06,7.93e-06,7.64e-06,7.6e-06
bp,4.36e-06,4.28e-06,4.39e-06,4.4e-06,4.55e-06,4.42e-06,4.12e-06,3.98e-06,4.32e-06
situated,1.405e-05,1.426e-05,1.379e-05,1.349e-05,1.305e-05,1.249e-05,1.296e-05,1.315e-05,1.415e-05
comparative,1.405e-05,1.395e-05,1.273e-05,1.198e-05,1.245e-05,1.203e-05,1.219e-05,1.177e-05,1.4e-05
std,1.921e-05,2.029e-05,1.924e-05,1.895e-05,1.897e-05,1.979e-05,1.921e-05,1.911e-05,1.975e-05
seeks,2.906e-05,2.837e-05,2.848e-05,2.79e-05,2.823e-05,2.908e-05,3.033e-05,2.905e-05,2.871e-05
herbal,1.6e-07,1.6e-07,1.5e-07,3e-07,1.5e-07,3e-07,3e-07,3.1e-07,1.6e-07
loving,1.29e-06,9.5e-07,9.1e-07,7.6e-07,7.6e-07,6.1e-07,6.1e-07,6.1e-07,1.12e-06
strictly,2.955e-05,2.932e-05,2.773e-05,2.79e-05,2.656e-05,2.634e-05,2.667e-05,2.691e-05,2.943e-05
routing,0.00013691,0.00013631,0.00013181,0.0001313,0.00013145,0.00013201,0.0001317,0.00013286,0.00013661
docs,1.711e-05,1.823e-05,1.697e-05,1.865e-05,1.442e-05,1.112e-05,1.158e-05,1.147e-05,1.767e-05
stanley,1.421e-05,1.331e-05,1.424e-05,1.395e-05,1.396e-05,1.386e-05,1.326e-05,1.345e-05,1.376e-05
psychological,2.115e-05,2.235e-05,2.197e-05,2.183e-05,2.095e-05,2.132e-05,2.164e-05,2.202e-05,2.175e-05
surprised,2.1e-06,1.9e-06,1.82e-06,1.67e-06,1.97e-06,1.98e-06,2.13e-06,2.14e-06,2e-06
retailer,1.179e-05,1.22e-05,1.227e-05,1.213e-05,1.154e-05,1.188e-05,1.158e-05,1.147e-05,1.199e-05
vitamins,0.0,0.0,1.5e-07,1.5e-07,1.5e-07,1.5e-07,1.5e-07,1.5e-07,0.0
elegant,5.49e-06,5.23e-06,4.85e-06,4.55e-06,4.4e-06,4.42e-06,3.96e-06,3.98e-06,5.36e-06
gains,1.066e-05,1.046e-05,1.03e-05,1.092e-05,1.169e-05,1.203e-05,1.219e-05,1.208e-05,1.056e-05
renewal,3.23e-06,3.33e-06,2.88e-06,2.88e-06,2.58e-06,2.59e-06,2.74e-06,2.75e-06,3.28e-06
vid,4.8e-07,9.5e-07,2.42e-06,2.58e-06,2.58e-06,2.74e-06,2.74e-06,2.6e-06,7.1e-07
genealogy,8.88e-06,9.51e-06,9.24e-06,9.25e-06,9.11e-06,9.14e-06,8.69e-06,8.26e-06,9.19e-06
opposed,6.926e-05,6.53e-05,6.439e-05,6.398e-05,6.299e-05,6.349e-05,6.539e-05,6.437e-05,6.728e-05
deemed,1.631e-05,1.759e-05,1.803e-05,1.819e-05,1.867e-05,1.903e-05,1.783e-05,1.804e-05,1.695e-05
scoring,1.13e-05,1.03e-05,1.091e-05,1.077e-05,1.138e-05,1.233e-05,1.235e-05,1.116e-05,1.08e-05
expenditure,1.29e-06,1.11e-06,1.06e-06,1.36e-06,1.67e-06,1.67e-06,1.98e-06,2.14e-06,1.2e-06
panties,0.0,0.0,0.0,0.0,0.0,0.0,0.0,0.0,0.0
brooklyn,1.162e-05,1.109e-05,1.136e-05,1.122e-05,1.108e-05,1.096e-05,1.021e-05,9.94e-06,1.136e-05
liverpool,1.179e-05,1.109e-05,1.015e-05,9.86e-06,1.002e-05,9.9e-06,9.45e-06,9.48e-06,1.144e-05
sisters,1.78e-06,1.27e-06,1.67e-06,1.67e-06,1.82e-06,1.52e-06,1.68e-06,1.83e-06,1.52e-06
critics,7.653e-05,8.115e-05,9.121e-05,9.628e-05,0.00010276,0.0001075,0.00011295,0.00011681,7.884e-05
connectivity,8.186e-05,8.083e-05,8.106e-05,8.051e-05,8.09e-05,8.1e-05,8.094e-05,8.241e-05,8.135e-05
spots,5.81e-06,5.86e-06,6.51e-06,6.52e-06,6.37e-06,6.24e-06,6.25e-06,6.42e-06,5.84e-06
oo,1.61e-06,1.43e-06,1.52e-06,1.21e-06,1.21e-06,1.52e-06,1.68e-06,1.83e-06,1.52e-06
algorithms,0.00044851,0.00045964,0.00046316,0.00046381,0.00046856,0.00046973,0.00047314,0.00047503,0.00045407
hacker,7.12e-05,6.926e-05,6.939e-05,7.005e-05,7.043e-05,6.989e-05,6.935e-05,7.201e-05,7.023e-05
madrid,9.36e-06,9.67e-06,1.03e-05,1.001e-05,1.017e-05,1.005e-05,1.021e-05,9.63e-06,9.51e-06
similarly,4.989e-05,4.866e-05,5.045e-05,4.913e-05,4.963e-05,5.055e-05,5.076e-05,5.275e-05,4.927e-05
margin,1.114e-05,1.157e-05,7.73e-06,8.04e-06,7.89e-06,8.22e-06,8.69e-06,8.56e-06,1.135e-05
coin,2.244e-05,2.045e-05,2.257e-05,2.214e-05,2.262e-05,2.375e-05,2.286e-05,2.202e-05,2.144e-05
bbw,0.0,0.0,0.0,0.0,0.0,0.0,0.0,0.0,0.0
solely,2.228e-05,2.267e-05,2.136e-05,2.183e-05,2.201e-05,2.223e-05,2.286e-05,2.247e-05,2.248e-05
fake,2.083e-05,2.219e-05,2.454e-05,2.335e-05,2.413e-05,2.436e-05,2.347e-05,2.309e-05,2.151e-05
salon,4.68e-06,4.12e-06,4.24e-06,3.79e-06,3.79e-06,3.81e-06,3.81e-06,3.67e-06,4.4e-06
collaborative,7.992e-05,8.163e-05,8.378e-05,8.172e-05,8.136e-05,8.116e-05,8.17e-05,8.134e-05,8.077e-05
norman,1.776e-05,1.791e-05,1.697e-05,1.713e-05,1.7e-05,1.721e-05,1.738e-05,1.682e-05,1.784e-05
fda,5.65e-06,5.55e-06,5.76e-06,6.22e-06,6.83e-06,6.7e-06,6.71e-06,6.27e-06,5.6e-06
excluding,1.308e-05,1.173e-05,1.212e-05,1.137e-05,1.123e-05,1.142e-05,1.235e-05,1.223e-05,1.241e-05
turbo,2.712e-05,2.79e-05,2.53e-05,2.608e-05,2.58e-05,2.543e-05,2.607e-05,2.614e-05,2.751e-05
headed,2.341e-05,2.282e-05,2.212e-05,2.274e-05,2.231e-05,2.208e-05,2.271e-05,2.186e-05,2.311e-05
voters,5.49e-06,5.23e-06,5.45e-06,5.91e-06,5.31e-06,5.18e-06,5.03e-06,5.05e-06,5.36e-06
cure,4.04e-06,3.49e-06,3.18e-06,3.18e-06,3.19e-06,3.2e-06,2.9e-06,3.06e-06,3.77e-06
madonna,1.45e-06,1.43e-06,1.36e-06,1.36e-06,1.52e-06,1.67e-06,1.83e-06,1.83e-06,1.44e-06
commander,1.954e-05,1.997e-05,2e-05,1.971e-05,1.988e-05,1.995e-05,1.997e-05,1.911e-05,1.975e-05
arch,1.001e-05,1.046e-05,1.03e-05,1.016e-05,1.017e-05,1.035e-05,1.021e-05,1.024e-05,1.023e-05
ni,7.75e-06,6.82e-06,7.42e-06,9.4e-06,1.002e-05,9.59e-06,8.99e-06,8.87e-06,7.29e-06
murphy,1.066e-05,1.046e-05,1.015e-05,9.55e-06,9.56e-06,9.59e-06,9.45e-06,9.78e-06,1.056e-05
thinks,1.94e-06,2.06e-06,2.12e-06,2.12e-06,1.97e-06,1.52e-06,1.52e-06,1.53e-06,2e-06
thats,3.2e-07,3.2e-07,3e-07,3e-07,0.0,0.0,0.0,0.0,3.2e-07
suggestion,5e-06,4.75e-06,4.24e-06,4.4e-06,4.25e-06,4.26e-06,3.66e-06,3.82e-06,4.87e-06
hdtv,4.36e-06,4.12e-06,4.39e-06,4.25e-06,4.4e-06,4.42e-06,4.42e-06,4.43e-06,4.24e-06
soldier,9.04e-06,9.19e-06,9.39e-06,9.4e-06,9.11e-06,9.59e-06,9.15e-06,9.78e-06,9.11e-06
phillips,8.72e-06,8.08e-06,8.03e-06,8.34e-06,8.04e-06,7.92e-06,7.62e-06,7.64e-06,8.4e-06
asin,1.6e-07,1.6e-07,1.5e-07,3e-07,3e-07,3e-07,3e-07,3.1e-07,1.6e-07
aimed,9.17e-05,9.193e-05,9.53e-05,9.582e-05,9.821e-05,9.775e-05,9.877e-05,9.999e-05,9.182e-05
justin,9.53e-06,9.67e-06,9.54e-06,9.55e-06,9.87e-06,9.74e-06,1.037e-05,1.04e-05,9.6e-06
bomb,1.501e-05,1.49e-05,1.5e-05,1.547e-05,1.487e-05,1.584e-05,1.6e-05,1.575e-05,1.495e-05
harm,1.179e-05,1.22e-05,1.273e-05,1.274e-05,1.381e-05,1.401e-05,1.402e-05,1.361e-05,1.199e-05
interval,4.278e-05,4.47e-05,4.697e-05,4.549e-05,4.432e-05,4.324e-05,4.359e-05,4.464e-05,4.374e-05
mirrors,6.94e-06,6.34e-06,6.36e-06,6.37e-06,5.62e-06,5.63e-06,5.79e-06,5.96e-06,6.64e-06
spotlight,5.49e-06,5.07e-06,4.7e-06,4.85e-06,5.16e-06,4.87e-06,5.03e-06,4.89e-06,5.28e-06
tricks,5.17e-06,5.07e-06,5.15e-06,4.85e-06,4.71e-06,4.26e-06,4.12e-06,4.13e-06,5.12e-06
reset,2.276e-05,2.33e-05,2.197e-05,2.198e-05,1.791e-05,1.827e-05,1.661e-05,1.697e-05,2.303e-05
brush,4.84e-06,4.75e-06,5e-06,5e-06,4.71e-06,4.11e-06,4.27e-06,4.74e-06,4.8e-06
investigate,1.679e-05,1.759e-05,1.788e-05,1.819e-05,1.791e-05,1.781e-05,1.829e-05,1.881e-05,1.719e-05
thy,3.2e-07,6.3e-07,9.1e-07,9.1e-07,7.6e-07,7.6e-07,4.6e-07,4.6e-07,4.8e-07
expansys,0.0,0.0,0.0,0.0,0.0,0.0,0.0,0.0,0.0
panels,1.195e-05,1.141e-05,1.288e-05,1.334e-05,1.321e-05,1.264e-05,1.326e-05,1.345e-05,1.168e-05
repeated,2.761e-05,2.694e-05,2.863e-05,2.941e-05,2.899e-05,2.954e-05,2.911e-05,2.905e-05,2.727e-05
assault,6.62e-06,7.13e-06,7.88e-06,8.19e-06,8.5e-06,8.22e-06,8.23e-06,7.95e-06,6.88e-06
connecting,5.409e-05,5.294e-05,5.212e-05,5.14e-05,5.191e-05,5.177e-05,5.167e-05,5.183e-05,5.351e-05
spare,9.53e-06,8.88e-06,7.73e-06,7.58e-06,7.59e-06,7.46e-06,7.16e-06,6.88e-06,9.21e-06
logistics,1.501e-05,1.537e-05,1.439e-05,1.41e-05,1.442e-05,1.386e-05,1.463e-05,1.437e-05,1.519e-05
deer,1.61e-06,1.58e-06,1.21e-06,1.21e-06,1.06e-06,9.1e-07,9.1e-07,7.6e-07,1.59e-06
kodak,7.27e-06,7.13e-06,6.82e-06,6.22e-06,5.92e-06,5.63e-06,5.94e-06,5.66e-06,7.2e-06
tongue,4.84e-06,4.28e-06,3.79e-06,3.64e-06,3.49e-06,3.5e-06,3.96e-06,3.98e-06,4.56e-06
bowling,2.74e-06,2.54e-06,2.42e-06,2.43e-06,2.73e-06,2.74e-06,2.74e-06,2.9e-06,2.64e-06
tri,5.97e-06,5.71e-06,5.91e-06,6.06e-06,5.77e-06,6.4e-06,6.55e-06,6.57e-06,5.84e-06
danish,2.454e-05,2.631e-05,2.727e-05,2.744e-05,2.808e-05,2.802e-05,2.805e-05,2.798e-05,2.543e-05
pal,2.163e-05,2.187e-05,2.257e-05,2.305e-05,2.337e-05,2.33e-05,2.591e-05,2.66e-05,2.175e-05
monkey,8.72e-06,6.82e-06,6.36e-06,6.37e-06,6.22e-06,6.55e-06,6.1e-06,5.81e-06,7.77e-06
proportion,9.36e-06,9.67e-06,9.54e-06,9.55e-06,1.002e-05,9.9e-06,9.91e-06,9.63e-06,9.51e-06
filename,9.53e-06,9.67e-06,8.94e-06,8.64e-06,8.8e-06,8.83e-06,9.15e-06,8.87e-06,9.6e-06
skirt,3.2e-07,3.2e-07,3e-07,3e-07,4.6e-07,4.6e-07,4.6e-07,6.1e-07,3.2e-07
florence,3.07e-06,3.65e-06,3.94e-06,3.34e-06,3.49e-06,3.05e-06,3.05e-06,3.06e-06,3.36e-06
invest,6.62e-06,6.82e-06,6.51e-06,6.97e-06,7.44e-06,7.16e-06,7.47e-06,7.34e-06,6.72e-06
honey,2.26e-06,2.54e-06,2.73e-06,2.88e-06,2.58e-06,2.44e-06,2.59e-06,2.75e-06,2.4e-06
um,4.36e-06,4.28e-06,4.24e-06,4.09e-06,4.1e-06,4.11e-06,4.12e-06,4.13e-06,4.32e-06
analyses,2.47e-05,2.33e-05,2.364e-05,2.411e-05,2.383e-05,2.36e-05,2.454e-05,2.507e-05,2.4e-05
drawings,2.438e-05,2.314e-05,2.409e-05,2.411e-05,2.337e-05,2.33e-05,2.378e-05,2.293e-05,2.376e-05
significance,1.566e-05,1.601e-05,1.576e-05,1.577e-05,1.579e-05,1.553e-05,1.555e-05,1.605e-05,1.584e-05
scenario,2.438e-05,2.441e-05,2.485e-05,2.471e-05,2.504e-05,2.528e-05,2.53e-05,2.477e-05,2.439e-05
ye,1.29e-06,1.58e-06,1.82e-06,1.67e-06,2.28e-06,2.59e-06,2.9e-06,3.06e-06,1.43e-06
fs,7.43e-06,7.29e-06,6.97e-06,5.16e-06,5.16e-06,5.02e-06,5.03e-06,4.89e-06,7.36e-06
lovers,3.07e-06,3.01e-06,2.88e-06,2.88e-06,2.73e-06,2.59e-06,2.29e-06,2.14e-06,3.04e-06
atomic,5.78e-05,5.468e-05,5.485e-05,5.595e-05,5.525e-05,5.527e-05,5.503e-05,5.443e-05,5.624e-05
approx,1.78e-06,1.58e-06,2.12e-06,2.12e-06,1.67e-06,1.52e-06,1.37e-06,1.38e-06,1.68e-06
symposium,6.135e-05,6.245e-05,6.227e-05,6.004e-05,5.889e-05,5.832e-05,5.747e-05,5.718e-05,6.19e-05
arabic,3.164e-05,2.932e-05,3.045e-05,2.866e-05,2.884e-05,2.908e-05,2.82e-05,2.813e-05,3.048e-05
gauge,6.94e-06,6.66e-06,7.12e-06,6.97e-06,7.13e-06,7.31e-06,7.47e-06,7.49e-06,6.8e-06
essentials,7.27e-06,7.45e-06,6.82e-06,6.82e-06,6.98e-06,7.31e-06,7.01e-06,6.73e-06,7.36e-06
junction,8.23e-06,8.08e-06,8.03e-06,8.34e-06,7.74e-06,7.92e-06,7.77e-06,7.8e-06,8.16e-06
protecting,2.454e-05,2.473e-05,2.318e-05,2.289e-05,2.201e-05,2.269e-05,2.164e-05,2.186e-05,2.463e-05
nn,2.91e-06,2.85e-06,2.73e-06,2.43e-06,2.43e-06,2.59e-06,2.59e-06,2.75e-06,2.88e-06
faced,1.453e-05,1.585e-05,1.667e-05,1.789e-05,1.897e-05,1.964e-05,2.088e-05,2.095e-05,1.519e-05
mat,2.58e-06,2.85e-06,1.97e-06,2.12e-06,1.97e-06,2.13e-06,2.13e-06,2.14e-06,2.71e-06
rachel,4.84e-06,4.75e-06,5.76e-06,5.31e-06,5.16e-06,4.72e-06,5.03e-06,5.35e-06,4.8e-06
solving,0.00010543,0.00010714,0.00010863,0.00010917,0.00010898,0.00011024,0.00010853,0.00010779,0.00010628
transmitted,5.683e-05,5.69e-05,5.53e-05,5.398e-05,5.221e-05,5.131e-05,5.122e-05,5.015e-05,5.687e-05
weekends,1.13e-06,9.5e-07,1.06e-06,9.1e-07,1.06e-06,9.1e-07,9.1e-07,7.6e-07,1.04e-06
screenshots,6.78e-06,7.13e-06,8.03e-06,7.43e-06,7.44e-06,7.61e-06,7.47e-06,7.64e-06,6.96e-06
produces,7.669e-05,7.624e-05,7.484e-05,7.429e-05,7.559e-05,7.4e-05,7.164e-05,7.278e-05,7.647e-05
oven,8.1e-07,7.9e-07,7.6e-07,6.1e-07,6.1e-07,6.1e-07,7.6e-07,7.6e-07,8e-07
ted,2.228e-05,2.235e-05,2.318e-05,2.32e-05,2.231e-05,2.269e-05,2.195e-05,2.217e-05,2.231e-05
intensive,3.1e-05,3.011e-05,2.909e-05,2.926e-05,2.869e-05,2.878e-05,2.881e-05,2.828e-05,3.056e-05
chains,1.631e-05,1.617e-05,1.667e-05,1.668e-05,1.594e-05,1.629e-05,1.677e-05,1.621e-05,1.624e-05
kingston,5.17e-06,5.07e-06,4.85e-06,4.55e-06,4.4e-06,4.57e-06,4.57e-06,4.43e-06,5.12e-06
sixth,2.309e-05,2.362e-05,2.439e-05,2.259e-05,2.337e-05,2.497e-05,2.454e-05,2.507e-05,2.336e-05
engage,1.97e-05,1.965e-05,2.06e-05,2.138e-05,2.079e-05,2.086e-05,2.302e-05,2.278e-05,1.968e-05
deviant,4.8e-07,4.8e-07,4.5e-07,4.5e-07,4.6e-07,4.6e-07,4.6e-07,4.6e-07,4.8e-07
noon,2.42e-06,2.22e-06,2.27e-06,2.27e-06,2.58e-06,2.44e-06,2.44e-06,2.45e-06,2.32e-06
switching,8.492e-05,8.765e-05,8.515e-05,8.278e-05,8.196e-05,8.314e-05,8.444e-05,8.394e-05,8.628e-05
quoted,1.437e-05,1.442e-05,1.454e-05,1.334e-05,1.351e-05,1.355e-05,1.296e-05,1.315e-05,1.44e-05
adapters,1.986e-05,1.934e-05,1.954e-05,1.941e-05,1.928e-05,1.903e-05,1.89e-05,1.85e-05,1.96e-05
correspondence,1.695e-05,1.648e-05,1.682e-05,1.804e-05,1.806e-05,1.842e-05,1.768e-05,1.743e-05,1.671e-05
farms,5e-06,4.28e-06,5.15e-06,5.76e-06,5.77e-06,6.09e-06,5.94e-06,6.12e-06,4.64e-06
imports,3.71e-06,3.65e-06,2.88e-06,3.34e-06,3.34e-06,3.35e-06,3.35e-06,3.36e-06,3.68e-06
supervision,3.923e-05,3.804e-05,3.591e-05,3.609e-05,3.415e-05,3.243e-05,3.186e-05,3.134e-05,3.863e-05
cheat,7.43e-06,6.66e-06,6.36e-06,6.22e-06,5.77e-06,6.7e-06,6.71e-06,6.73e-06,7.04e-06
bronze,6.3e-06,6.34e-06,6.36e-06,6.37e-06,6.98e-06,7e-06,6.71e-06,6.88e-06,6.32e-06
expenditures,1.13e-06,1.11e-06,1.36e-06,1.36e-06,1.37e-06,1.37e-06,1.22e-06,1.38e-06,1.12e-06
sandy,8.88e-06,8.72e-06,7.88e-06,8.04e-06,7.44e-06,7.46e-06,7.62e-06,7.64e-06,8.8e-06
separation,3.584e-05,3.63e-05,3.727e-05,3.745e-05,3.491e-05,3.609e-05,3.597e-05,3.501e-05,3.607e-05
testimony,5.65e-06,5.71e-06,4.85e-06,4.85e-06,4.4e-06,4.26e-06,4.12e-06,3.98e-06,5.68e-06
suspect,4.52e-06,4.12e-06,4.39e-06,3.94e-06,4.1e-06,3.96e-06,3.96e-06,3.82e-06,4.32e-06
celebrities,9.2e-06,9.03e-06,1.03e-05,1.077e-05,1.032e-05,1.02e-05,9.91e-06,9.78e-06,9.11e-06
macro,2.567e-05,2.552e-05,2.576e-05,2.578e-05,2.596e-05,2.558e-05,2.607e-05,2.63e-05,2.56e-05
sender,3.068e-05,2.964e-05,2.788e-05,2.926e-05,3.021e-05,2.984e-05,2.972e-05,2.92e-05,3.016e-05
mandatory,1.566e-05,1.617e-05,1.682e-05,1.668e-05,1.594e-05,1.538e-05,1.57e-05,1.575e-05,1.591e-05
boundaries,3.003e-05,2.869e-05,2.924e-05,2.957e-05,3.021e-05,3.091e-05,3.11e-05,3.058e-05,2.936e-05
crucial,1.728e-05,1.664e-05,1.697e-05,1.744e-05,1.761e-05,1.812e-05,1.905e-05,2.095e-05,1.696e-05
syndication,5.49e-06,5.39e-06,5.76e-06,5.91e-06,6.22e-06,6.4e-06,6.1e-06,6.12e-06,5.44e-06
gym,3.2e-07,1.6e-07,1.5e-07,1.5e-07,1.5e-07,1.5e-07,1.5e-07,1.5e-07,2.4e-07
celebration,5.65e-06,6.18e-06,6.06e-06,6.37e-06,6.98e-06,6.7e-06,6.71e-06,6.27e-06,5.92e-06
kde,2.293e-05,2.267e-05,2.242e-05,2.198e-05,2.155e-05,2.223e-05,2.21e-05,2.278e-05,2.28e-05
adjacent,3.939e-05,3.931e-05,3.985e-05,4.018e-05,4.053e-05,4.142e-05,4.268e-05,4.357e-05,3.935e-05
filtering,6.313e-05,6.15e-05,5.863e-05,5.837e-05,5.829e-05,5.679e-05,5.701e-05,5.672e-05,6.232e-05
tuition,9.7e-07,9.5e-07,1.06e-06,1.06e-06,1.06e-06,9.1e-07,7.6e-07,7.6e-07,9.6e-07
spouse,1.29e-06,7.9e-07,9.1e-07,6.1e-07,6.1e-07,6.1e-07,6.1e-07,7.6e-07,1.04e-06
exotic,3.23e-06,2.69e-06,2.42e-06,2.12e-06,2.12e-06,2.74e-06,2.44e-06,2.6e-06,2.96e-06
viewer,4.149e-05,4.517e-05,4.591e-05,4.442e-05,4.402e-05,4.522e-05,4.405e-05,4.373e-05,4.333e-05
signup,1.13e-06,9.5e-07,6.1e-07,6.1e-07,4.6e-07,4.6e-07,4.6e-07,4.6e-07,1.04e-06
threats,3.826e-05,4.137e-05,4.151e-05,4.276e-05,4.174e-05,4.172e-05,4.283e-05,4.296e-05,3.981e-05
luxembourg,6.94e-06,7.45e-06,8.33e-06,8.79e-06,8.5e-06,8.37e-06,8.54e-06,8.41e-06,7.19e-06
puzzles,2.325e-05,2.377e-05,2.454e-05,2.502e-05,2.489e-05,2.619e-05,2.637e-05,2.706e-05,2.351e-05
reaching,2.196e-05,2.203e-05,2.242e-05,2.183e-05,2.186e-05,2.284e-05,2.363e-05,2.385e-05,2.2e-05
vb,5.97e-06,6.5e-06,6.51e-06,6.37e-06,6.22e-06,6.4e-06,6.71e-06,8.1e-06,6.23e-06
damaged,9.04e-06,8.72e-06,9.09e-06,9.1e-06,8.2e-06,8.07e-06,8.08e-06,7.8e-06,8.88e-06
cams,2.42e-06,2.38e-06,2.58e-06,2.58e-06,2.58e-06,2.44e-06,2.44e-06,1.68e-06,2.4e-06
receptor,3.23e-06,3.17e-06,3.33e-06,3.03e-06,2.88e-06,3.05e-06,2.59e-06,2.45e-06,3.2e-06
piss,0.0,0.0,0.0,0.0,0.0,0.0,0.0,0.0,0.0
laugh,2.1e-06,2.06e-06,1.97e-06,1.97e-06,1.82e-06,1.83e-06,1.98e-06,1.83e-06,2.08e-06
joel,1.308e-05,1.316e-05,1.333e-05,1.334e-05,1.336e-05,1.325e-05,1.357e-05,1.315e-05,1.312e-05
surgical,7.59e-06,7.77e-06,7.42e-06,7.58e-06,7.74e-06,7.46e-06,7.62e-06,7.8e-06,7.68e-06
destroy,1.453e-05,1.3e-05,1.364e-05,1.395e-05,1.442e-05,1.431e-05,1.433e-05,1.468e-05,1.376e-05
citation,4.989e-05,5.008e-05,4.56e-05,4.397e-05,4.174e-05,4.126e-05,4.1e-05,4.036e-05,4.999e-05
pitch,1.986e-05,2.045e-05,1.939e-05,1.971e-05,1.912e-05,1.919e-05,1.951e-05,1.957e-05,2.015e-05
autos,6.5e-07,3.2e-07,0.0,0.0,0.0,0.0,0.0,0.0,4.9e-07
yo,2.74e-06,2.54e-06,2.42e-06,2.58e-06,2.58e-06,2.59e-06,2.59e-06,2.75e-06,2.64e-06
premises,2.712e-05,2.726e-05,2.848e-05,2.79e-05,2.732e-05,2.68e-05,2.774e-05,2.798e-05,2.719e-05
perry,7.27e-06,7.45e-06,7.58e-06,8.19e-06,8.04e-06,7.92e-06,7.93e-06,7.64e-06,7.36e-06
proved,5.166e-05,5.262e-05,5.303e-05,5.125e-05,5.085e-05,5.116e-05,5.061e-05,5e-05,5.214e-05
offensive,1.033e-05,1.125e-05,1.242e-05,1.243e-05,1.26e-05,1.188e-05,1.158e-05,1.147e-05,1.079e-05
imperial,1.711e-05,1.633e-05,1.712e-05,1.653e-05,1.609e-05,1.568e-05,1.524e-05,1.498e-05,1.672e-05
dozen,1.598e-05,1.537e-05,1.47e-05,1.41e-05,1.442e-05,1.538e-05,1.585e-05,1.621e-05,1.568e-05
benjamin,1.292e-05,1.379e-05,1.424e-05,1.289e-05,1.321e-05,1.309e-05,1.326e-05,1.391e-05,1.336e-05
deployment,5.36e-05,5.389e-05,5.303e-05,5.185e-05,5.115e-05,5.04e-05,5.122e-05,5.045e-05,5.375e-05
teeth,2.58e-06,2.85e-06,2.73e-06,2.58e-06,2.73e-06,2.89e-06,3.05e-06,3.52e-06,2.71e-06
cloth,1.78e-06,1.9e-06,2.27e-06,2.12e-06,2.12e-06,2.13e-06,2.13e-06,2.29e-06,1.84e-06
studying,2.729e-05,2.742e-05,2.727e-05,2.699e-05,2.854e-05,2.939e-05,2.988e-05,2.874e-05,2.735e-05
colleagues,1.808e-05,1.696e-05,1.879e-05,1.835e-05,1.837e-05,1.842e-05,1.707e-05,1.667e-05,1.752e-05
stamp,5.81e-06,6.5e-06,5.91e-06,5.61e-06,5.46e-06,5.94e-06,5.94e-06,6.57e-06,6.15e-06
lotus,2.486e-05,2.33e-05,2.106e-05,2.062e-05,2.034e-05,2.025e-05,2.073e-05,2.049e-05,2.408e-05
salmon,6.5e-07,6.3e-07,6.1e-07,6.1e-07,7.6e-07,6.1e-07,6.1e-07,7.6e-07,6.4e-07
olympus,2.26e-06,2.06e-06,2.58e-06,2.88e-06,2.88e-06,2.89e-06,3.05e-06,3.06e-06,2.16e-06
separated,2.971e-05,2.9e-05,2.818e-05,2.775e-05,2.702e-05,2.726e-05,2.774e-05,2.721e-05,2.935e-05
proc,2.987e-05,2.885e-05,2.651e-05,2.623e-05,2.474e-05,2.406e-05,2.408e-05,2.385e-05,2.936e-05
cargo,2.42e-06,2.69e-06,2.88e-06,2.73e-06,2.73e-06,2.59e-06,2.59e-06,2.6e-06,2.56e-06
tan,7.1e-06,8.72e-06,9.09e-06,7.73e-06,7.74e-06,7.31e-06,7.32e-06,7.19e-06,7.91e-06
directive,1.356e-05,1.284e-05,1.167e-05,1.183e-05,1.229e-05,1.249e-05,1.296e-05,1.391e-05,1.32e-05
fx,8.23e-06,8.24e-06,8.33e-06,8.79e-06,8.5e-06,8.37e-06,8.08e-06,8.26e-06,8.24e-06
salem,3.07e-06,3.33e-06,3.64e-06,4.25e-06,4.1e-06,4.11e-06,2.59e-06,2.45e-06,3.2e-06
mate,5e-06,5.55e-06,5.76e-06,6.06e-06,6.07e-06,5.63e-06,5.79e-06,5.81e-06,5.28e-06
dl,6.78e-06,6.82e-06,6.67e-06,6.67e-06,6.37e-06,6.7e-06,6.4e-06,6.27e-06,6.8e-06
starter,4.68e-06,4.6e-06,4.09e-06,3.94e-06,3.95e-06,3.96e-06,3.96e-06,3.98e-06,4.64e-06
upgrades,2.099e-05,2.013e-05,1.954e-05,1.986e-05,1.943e-05,1.903e-05,1.905e-05,1.911e-05,2.056e-05
likes,4.52e-06,4.44e-06,4.7e-06,5.16e-06,5.92e-06,5.18e-06,4.42e-06,4.13e-06,4.48e-06
butter,9.7e-07,9.5e-07,9.1e-07,9.1e-07,9.1e-07,7.6e-07,7.6e-07,7.6e-07,9.6e-07
pepper,6.46e-06,8.24e-06,8.03e-06,1.046e-05,9.11e-06,9.59e-06,9.91e-06,9.63e-06,7.35e-06
weapon,1.437e-05,1.442e-05,1.485e-05,1.531e-05,1.503e-05,1.477e-05,1.509e-05,1.529e-05,1.44e-05
luggage,8.1e-07,7.9e-07,7.6e-07,7.6e-07,7.6e-07,7.6e-07,6.1e-07,6.1e-07,8e-07
burden,6.14e-06,6.34e-06,6.21e-06,5.91e-06,5.92e-06,6.4e-06,6.86e-06,7.03e-06,6.24e-06
chef,3.07e-06,2.54e-06,2.58e-06,2.27e-06,2.12e-06,2.89e-06,2.44e-06,2.75e-06,2.8e-06
tapes,1.243e-05,1.331e-05,1.242e-05,1.274e-05,1.275e-05,1.309e-05,1.28e-05,1.284e-05,1.287e-05
zones,1.146e-05,1.141e-05,1.167e-05,1.243e-05,1.214e-05,1.188e-05,1.204e-05,1.223e-05,1.143e-05
races,1.082e-05,1.094e-05,1.045e-05,1.077e-05,1.047e-05,1.051e-05,1.067e-05,9.94e-06,1.088e-05
isle,5.49e-06,5.23e-06,4.39e-06,5e-06,5.16e-06,5.33e-06,5.49e-06,5.5e-06,5.36e-06
stylish,9.7e-07,1.58e-06,1.52e-06,1.52e-06,1.52e-06,1.37e-06,1.52e-06,1.38e-06,1.28e-06
slim,5.33e-06,4.91e-06,4.85e-06,5e-06,5.16e-06,5.33e-06,5.18e-06,5.2e-06,5.12e-06
maple,3.55e-06,3.33e-06,3.79e-06,3.79e-06,3.64e-06,3.65e-06,3.81e-06,3.67e-06,3.44e-06
luke,5e-06,5.39e-06,5.3e-06,5e-06,5.16e-06,5.33e-06,5.03e-06,5.05e-06,5.2e-06
grocery,2.58e-06,2.85e-06,2.73e-06,3.03e-06,3.49e-06,3.35e-06,3.66e-06,3.67e-06,2.71e-06
offshore,6.62e-06,7.13e-06,6.97e-06,8.64e-06,8.65e-06,8.53e-06,8.38e-06,8.41e-06,6.88e-06
governing,1.534e-05,1.411e-05,1.424e-05,1.395e-05,1.427e-05,1.462e-05,1.418e-05,1.407e-05,1.472e-05
retailers,2.002e-05,1.965e-05,1.939e-05,1.835e-05,1.867e-05,1.858e-05,1.783e-05,1.804e-05,1.984e-05
depot,3.39e-06,2.85e-06,2.58e-06,2.58e-06,2.58e-06,1.98e-06,1.83e-06,1.68e-06,3.12e-06
kenneth,1.744e-05,1.696e-05,1.621e-05,1.668e-05,1.73e-05,1.736e-05,1.646e-05,1.712e-05,1.72e-05
comp,1.033e-05,9.51e-06,1.015e-05,9.4e-06,8.04e-06,7.46e-06,7.01e-06,6.73e-06,9.92e-06
alt,2.083e-05,2.235e-05,1.954e-05,2.138e-05,2.11e-05,2.01e-05,2.058e-05,1.972e-05,2.159e-05
pie,6.14e-06,7.45e-06,8.48e-06,8.95e-06,8.5e-06,8.22e-06,8.08e-06,7.95e-06,6.8e-06
blend,9.53e-06,9.35e-06,9.39e-06,9.25e-06,9.71e-06,9.74e-06,9.76e-06,9.94e-06,9.44e-06
harrison,1.243e-05,1.236e-05,1.197e-05,1.167e-05,1.214e-05,1.203e-05,1.189e-05,1.147e-05,1.239e-05
ls,4.52e-06,3.96e-06,5e-06,5e-06,4.86e-06,4.87e-06,5.03e-06,4.59e-06,4.24e-06
julie,3.87e-06,3.96e-06,3.94e-06,3.94e-06,3.95e-06,3.81e-06,3.81e-06,3.98e-06,3.92e-06
occasionally,2.083e-05,1.918e-05,1.848e-05,1.88e-05,1.852e-05,1.949e-05,1.951e-05,2.003e-05,2e-05
cbs,2.18e-05,2.33e-05,2.454e-05,2.38e-05,2.216e-05,2.314e-05,2.195e-05,2.202e-05,2.255e-05
attending,5.97e-06,5.39e-06,5.91e-06,5.46e-06,5.46e-06,5.18e-06,5.03e-06,4.89e-06,5.68e-06
emission,1.227e-05,1.189e-05,1.151e-05,1.198e-05,1.229e-05,1.218e-05,1.128e-05,1.101e-05,1.208e-05
pete,5.33e-06,4.6e-06,4.09e-06,3.79e-06,3.79e-06,3.65e-06,3.66e-06,3.52e-06,4.96e-06
spec,8.56e-06,8.4e-06,8.48e-06,7.43e-06,7.59e-06,7.92e-06,7.77e-06,8.41e-06,8.48e-06
finest,1.13e-06,1.11e-06,1.36e-06,1.36e-06,1.37e-06,1.37e-06,1.22e-06,1.38e-06,1.12e-06
realty,8.1e-07,9.5e-07,1.06e-06,1.06e-06,9.1e-07,1.07e-06,1.07e-06,1.07e-06,8.8e-07
janet,1.356e-05,1.363e-05,1.364e-05,1.243e-05,1.26e-05,1.294e-05,1.341e-05,1.376e-05,1.36e-05
bow,1.29e-06,9.5e-07,9.1e-07,1.21e-06,1.21e-06,1.22e-06,1.22e-06,1.22e-06,1.12e-06
penn,5.49e-06,5.55e-06,5.91e-06,5.61e-06,5.62e-06,5.48e-06,4.88e-06,4.74e-06,5.52e-06
recruiting,6.14e-06,6.02e-06,6.06e-06,6.06e-06,5.77e-06,5.48e-06,5.03e-06,5.05e-06,6.08e-06
apparent,1.631e-05,1.664e-05,1.773e-05,1.698e-05,1.639e-05,1.568e-05,1.555e-05,1.59e-05,1.648e-05
instructional,5.81e-06,6.02e-06,5.91e-06,6.22e-06,6.07e-06,6.09e-06,6.1e-06,6.12e-06,5.92e-06
phpbb,1.45e-06,1.74e-06,1.67e-06,1.82e-06,1.67e-06,1.83e-06,1.83e-06,1.53e-06,1.59e-06
autumn,6.78e-06,6.5e-06,6.82e-06,6.37e-06,6.83e-06,7.46e-06,6.86e-06,6.42e-06,6.64e-06
traveling,1.114e-05,1.125e-05,1.242e-05,1.289e-05,1.275e-05,1.34e-05,1.25e-05,1.269e-05,1.12e-05
probe,1.34e-05,1.189e-05,1.167e-05,1.152e-05,1.154e-05,1.051e-05,1.037e-05,1.07e-05,1.265e-05
midi,5.296e-05,5.183e-05,4.712e-05,4.624e-05,4.781e-05,4.705e-05,4.786e-05,4.785e-05,5.24e-05
permissions,1.082e-05,1.22e-05,1.197e-05,1.258e-05,1.199e-05,1.249e-05,1.25e-05,1.284e-05,1.151e-05
biotechnology,1.227e-05,1.442e-05,1.454e-05,1.456e-05,1.442e-05,1.416e-05,1.341e-05,1.376e-05,1.334e-05
toilet,2.42e-06,3.33e-06,3.18e-06,3.03e-06,3.34e-06,3.81e-06,4.12e-06,3.98e-06,2.88e-06
ranked,6.297e-05,6.435e-05,6.621e-05,6.292e-05,6.299e-05,6.289e-05,6.082e-05,6.146e-05,6.366e-05
jackets,4.8e-07,6.3e-07,6.1e-07,7.6e-07,7.6e-07,9.1e-07,1.07e-06,1.07e-06,5.5e-07
routes,1.728e-05,1.759e-05,1.697e-05,1.668e-05,1.73e-05,1.842e-05,1.844e-05,1.743e-05,1.743e-05
packed,7.43e-06,7.29e-06,7.27e-06,7.88e-06,7.89e-06,8.22e-06,8.38e-06,7.95e-06,7.36e-06
excited,6.62e-06,6.18e-06,6.67e-06,6.52e-06,6.53e-06,6.24e-06,6.1e-06,6.12e-06,6.4e-06
outreach,9.2e-06,8.88e-06,8.79e-06,8.34e-06,8.35e-06,8.22e-06,7.93e-06,7.8e-06,9.04e-06
helen,5.81e-06,5.71e-06,6.36e-06,6.82e-06,6.68e-06,6.7e-06,6.55e-06,6.57e-06,5.76e-06
mounting,3.55e-06,3.33e-06,3.18e-06,3.64e-06,3.95e-06,3.81e-06,3.66e-06,3.52e-06,3.44e-06
recover,2.712e-05,2.679e-05,2.682e-05,2.684e-05,2.656e-05,2.649e-05,2.622e-05,2.553e-05,2.696e-05
tied,1.695e-05,1.569e-05,1.591e-05,1.547e-05,1.579e-05,1.629e-05,1.677e-05,1.697e-05,1.632e-05
lopez,2.1e-06,2.06e-06,1.97e-06,1.97e-06,1.97e-06,1.83e-06,1.83e-06,1.99e-06,2.08e-06
balanced,1.954e-05,1.965e-05,1.864e-05,1.85e-05,1.882e-05,1.781e-05,1.753e-05,1.758e-05,1.959e-05
prescribed,5.65e-06,5.39e-06,5.3e-06,5.61e-06,6.22e-06,6.09e-06,5.33e-06,5.5e-06,5.52e-06
catherine,6.14e-06,6.97e-06,6.36e-06,6.37e-06,6.53e-06,6.4e-06,6.25e-06,6.12e-06,6.55e-06
timely,6.46e-06,6.34e-06,6.36e-06,6.37e-06,6.07e-06,5.94e-06,5.79e-06,6.12e-06,6.4e-06
talked,9.7e-07,9.5e-07,9.1e-07,1.21e-06,1.06e-06,1.07e-06,1.07e-06,1.07e-06,9.6e-07
upskirts,0.0,0.0,0.0,0.0,0.0,0.0,0.0,0.0,0.0
debug,1.679e-05,1.537e-05,1.439e-05,1.471e-05,1.427e-05,1.447e-05,1.433e-05,1.422e-05,1.608e-05
delayed,1.921e-05,1.902e-05,2e-05,2.077e-05,2.125e-05,2.101e-05,2.104e-05,2.064e-05,1.912e-05
chuck,1.405e-05,1.426e-05,1.348e-05,1.243e-05,1.214e-05,1.249e-05,1.265e-05,1.345e-05,1.415e-05
reproduced,6.62e-06,6.82e-06,6.51e-06,6.22e-06,5.77e-06,5.33e-06,5.64e-06,6.12e-06,6.72e-06
hon,2.91e-06,3.17e-06,3.03e-06,3.03e-06,3.19e-06,3.05e-06,3.2e-06,2.75e-06,3.04e-06
dale,6.14e-06,6.5e-06,6.36e-06,6.37e-06,6.53e-06,6.55e-06,7.01e-06,6.73e-06,6.32e-06
explicit,5.457e-05,5.23e-05,5.272e-05,5.337e-05,5.373e-05,5.573e-05,5.533e-05,5.626e-05,5.343e-05
calculation,4.311e-05,4.248e-05,4.197e-05,4.154e-05,4.159e-05,4.096e-05,4.07e-05,3.99e-05,4.279e-05
villas,0.0,0.0,0.0,3e-07,3e-07,3e-07,3e-07,3.1e-07,0.0
ebook,5.81e-06,6.18e-06,6.82e-06,6.97e-06,6.83e-06,6.85e-06,6.86e-06,6.57e-06,6e-06
consolidated,7.91e-06,7.45e-06,7.73e-06,8.19e-06,8.04e-06,7.92e-06,8.54e-06,9.02e-06,7.68e-06
boob,0.0,0.0,0.0,0.0,0.0,0.0,0.0,0.0,0.0
exclude,3.07e-06,3.49e-06,3.18e-06,3.34e-06,3.49e-06,3.5e-06,3.35e-06,3.52e-06,3.28e-06
peeing,0.0,0.0,0.0,0.0,0.0,0.0,0.0,0.0,0.0
occasions,8.07e-06,7.92e-06,8.18e-06,8.79e-06,8.5e-06,8.68e-06,8.69e-06,8.87e-06,8e-06
brooks,1.453e-05,1.331e-05,1.258e-05,1.274e-05,1.184e-05,1.203e-05,1.174e-05,1.193e-05,1.392e-05
equations,0.00013061,0.00013155,0.00012984,0.00012979,0.00012978,0.00013064,0.00012987,0.00012965,0.00013108
newton,3.487e-05,3.392e-05,3.197e-05,3.017e-05,3.051e-05,2.847e-05,2.911e-05,3.058e-05,3.439e-05
oils,3.2e-07,6.3e-07,6.1e-07,6.1e-07,6.1e-07,4.6e-07,4.6e-07,4.6e-07,4.8e-07
sept,9.85e-06,1.062e-05,9.7e-06,7.58e-06,7.59e-06,7e-06,6.86e-06,6.57e-06,1.023e-05
exceptional,8.07e-06,8.08e-06,7.73e-06,7.73e-06,7.13e-06,6.24e-06,6.86e-06,6.57e-06,8.07e-06
anxiety,3.23e-06,3.01e-06,2.73e-06,2.88e-06,2.58e-06,3.81e-06,3.81e-06,3.98e-06,3.12e-06
bingo,2.26e-06,2.22e-06,2.27e-06,2.27e-06,2.28e-06,2.28e-06,2.29e-06,1.99e-06,2.24e-06
whilst,2.276e-05,2.14e-05,2.106e-05,2.032e-05,2.004e-05,1.934e-05,1.722e-05,1.712e-05,2.208e-05
spatial,8.282e-05,8.226e-05,8.151e-05,8.081e-05,7.771e-05,7.796e-05,7.911e-05,8.103e-05,8.254e-05
respondents,2.1e-06,2.85e-06,2.73e-06,2.73e-06,2.73e-06,2.44e-06,2.74e-06,3.06e-06,2.48e-06
unto,3.2e-07,3.2e-07,3e-07,3e-07,3e-07,3e-07,4.6e-07,4.6e-07,3.2e-07
lt,5.65e-06,5.55e-06,5.91e-06,6.52e-06,6.68e-06,7.31e-06,7.32e-06,7.19e-06,5.6e-06
ceramic,2.91e-06,2.85e-06,2.88e-06,2.88e-06,2.88e-06,2.74e-06,2.9e-06,2.9e-06,2.88e-06
prompt,7.1e-06,7.29e-06,7.27e-06,6.67e-06,6.37e-06,6.09e-06,6.1e-06,6.27e-06,7.19e-06
precious,1.78e-06,1.9e-06,2.12e-06,2.43e-06,2.58e-06,2.44e-06,2.44e-06,2.29e-06,1.84e-06
minds,1.017e-05,1.03e-05,1.106e-05,1.001e-05,9.56e-06,9.44e-06,8.99e-06,8.56e-06,1.023e-05
annually,3.116e-05,3.202e-05,3.303e-05,3.32e-05,3.446e-05,3.411e-05,3.399e-05,3.455e-05,3.159e-05
considerations,1.033e-05,1.03e-05,9.7e-06,9.55e-06,9.26e-06,9.59e-06,9.45e-06,9.63e-06,1.031e-05
scanners,2.115e-05,2.108e-05,2.045e-05,2.077e-05,2.186e-05,2.193e-05,2.21e-05,2.064e-05,2.112e-05
atm,2.971e-05,3.027e-05,2.909e-05,2.881e-05,2.899e-05,2.817e-05,2.607e-05,2.691e-05,2.999e-05
xanax,0.0,0.0,0.0,0.0,0.0,0.0,0.0,0.0,0.0
eq,1.29e-06,1.9e-06,1.97e-06,1.52e-06,1.37e-06,1.37e-06,1.22e-06,1.22e-06,1.59e-06
pays,7.43e-06,7.13e-06,7.27e-06,7.13e-06,7.74e-06,7.31e-06,6.71e-06,6.42e-06,7.28e-06
cox,1.114e-05,1.078e-05,1.045e-05,1.077e-05,1.108e-05,1.127e-05,1.113e-05,1.101e-05,1.096e-05
fingers,7.43e-06,7.45e-06,6.67e-06,6.52e-06,6.83e-06,6.7e-06,6.55e-06,6.57e-06,7.44e-06
sunny,1.61e-06,1.43e-06,1.52e-06,1.21e-06,1.67e-06,1.67e-06,1.52e-06,1.38e-06,1.52e-06
ebooks,7.43e-06,7.61e-06,8.94e-06,7.88e-06,7.74e-06,7.46e-06,7.16e-06,7.03e-06,7.52e-06
delivers,1.986e-05,1.839e-05,1.939e-05,1.88e-05,1.685e-05,1.705e-05,1.646e-05,1.667e-05,1.912e-05
je,2.74e-06,2.69e-06,2.73e-06,2.88e-06,3.04e-06,2.59e-06,2.44e-06,2.75e-06,2.72e-06
queensland,1.679e-05,1.759e-05,1.636e-05,1.668e-05,1.715e-05,1.781e-05,1.768e-05,1.804e-05,1.719e-05
necklace,3.2e-07,3.2e-07,3e-07,3e-07,3e-07,3e-07,3e-07,3.1e-07,3.2e-07
musicians,1.292e-05,1.268e-05,1.288e-05,1.334e-05,1.336e-05,1.355e-05,1.311e-05,1.238e-05,1.28e-05
leeds,6.94e-06,7.29e-06,6.67e-06,6.82e-06,6.83e-06,7.16e-06,6.71e-06,7.03e-06,7.11e-06
composite,2.567e-05,2.583e-05,2.515e-05,2.502e-05,2.565e-05,2.634e-05,2.652e-05,2.599e-05,2.575e-05
unavailable,1.324e-05,1.331e-05,1.545e-05,1.501e-05,1.503e-05,1.523e-05,1.585e-05,1.621e-05,1.328e-05
cedar,2.42e-06,2.38e-06,2.27e-06,2.27e-06,2.28e-06,2.28e-06,2.29e-06,2.29e-06,2.4e-06
arranged,2.26e-05,2.219e-05,2.257e-05,2.32e-05,2.201e-05,2.162e-05,2.104e-05,2.033e-05,2.239e-05
lang,1.049e-05,9.03e-06,9.54e-06,9.86e-06,9.26e-06,7.77e-06,7.93e-06,7.34e-06,9.76e-06
theaters,5.97e-06,5.55e-06,6.82e-06,6.82e-06,7.13e-06,7.46e-06,6.86e-06,6.73e-06,5.76e-06
advocacy,1.308e-05,1.363e-05,1.394e-05,1.319e-05,1.336e-05,1.325e-05,1.387e-05,1.345e-05,1.336e-05
raleigh,3.07e-06,3.01e-06,2.73e-06,2.43e-06,2.73e-06,2.89e-06,2.74e-06,2.6e-06,3.04e-06
stud,3.2e-07,3.2e-07,3e-07,3e-07,3e-07,3e-07,3e-07,3.1e-07,3.2e-07
fold,1.13e-05,1.109e-05,1.227e-05,1.319e-05,1.26e-05,1.279e-05,1.25e-05,1.223e-05,1.12e-05
essentially,5.683e-05,5.547e-05,5.333e-05,5.276e-05,5.282e-05,5.086e-05,5.061e-05,5.03e-05,5.615e-05
designing,4.876e-05,4.866e-05,4.879e-05,4.791e-05,4.812e-05,5.025e-05,4.984e-05,5.03e-05,4.871e-05
threaded,1.275e-05,1.268e-05,1.197e-05,1.198e-05,1.214e-05,1.249e-05,1.219e-05,1.208e-05,1.271e-05
uv,5.81e-06,5.39e-06,5.45e-06,5.46e-06,5.31e-06,5.33e-06,5.33e-06,5.35e-06,5.6e-06
qualify,6.14e-06,5.55e-06,5.61e-06,5.76e-06,5.16e-06,5.63e-06,5.49e-06,5.35e-06,5.84e-06
fingering,0.0,0.0,1.5e-07,1.5e-07,1.5e-07,1.5e-07,1.5e-07,1.5e-07,0.0
blair,5e-06,5.07e-06,4.55e-06,4.7e-06,4.4e-06,4.72e-06,4.88e-06,4.74e-06,5.04e-06
hopes,8.07e-06,7.77e-06,7.73e-06,6.37e-06,6.37e-06,5.94e-06,5.18e-06,4.74e-06,7.92e-06
assessments,6.78e-06,7.13e-06,6.97e-06,7.28e-06,7.13e-06,7.16e-06,7.77e-06,7.95e-06,6.96e-06
cms,3.261e-05,3.233e-05,3.257e-05,3.093e-05,3.263e-05,3.182e-05,3.125e-05,2.935e-05,3.247e-05
mason,8.23e-06,9.67e-06,9.85e-06,9.7e-06,1.047e-05,1.035e-05,1.006e-05,9.94e-06,8.95e-06
diagram,4.085e-05,4.042e-05,3.985e-05,4.048e-05,4.144e-05,3.974e-05,4.085e-05,4.097e-05,4.063e-05
burns,5e-06,5.23e-06,5.61e-06,5.76e-06,6.07e-06,6.09e-06,6.1e-06,5.96e-06,5.12e-06
pumps,2.1e-06,1.9e-06,1.67e-06,1.82e-06,2.12e-06,2.74e-06,2.9e-06,2.75e-06,2e-06
slut,0.0,0.0,0.0,0.0,0.0,0.0,0.0,0.0,0.0
ejaculation,0.0,0.0,0.0,0.0,0.0,1.5e-07,0.0,0.0,0.0
footwear,8.1e-07,6.3e-07,4.5e-07,7.6e-07,7.6e-07,9.1e-07,7.6e-07,4.6e-07,7.2e-07
sg,5.81e-06,5.71e-06,6.51e-06,6.06e-06,7.13e-06,6.85e-06,7.16e-06,7.19e-06,5.76e-06
vic,1.905e-05,1.918e-05,1.833e-05,1.819e-05,1.806e-05,1.751e-05,1.677e-05,1.743e-05,1.911e-05
beijing,2.389e-05,2.362e-05,2.394e-05,2.365e-05,2.277e-05,2.193e-05,2.21e-05,2.156e-05,2.375e-05
peoples,3.55e-06,4.44e-06,4.24e-06,3.79e-06,4.25e-06,4.42e-06,4.42e-06,4.43e-06,3.99e-06
victor,1.857e-05,1.728e-05,1.697e-05,1.759e-05,1.715e-05,1.736e-05,1.753e-05,1.743e-05,1.793e-05
mario,3.746e-05,4.121e-05,4.333e-05,4.458e-05,4.721e-05,4.766e-05,5.183e-05,5.382e-05,3.934e-05
pos,1.001e-05,8.88e-06,8.64e-06,8.95e-06,8.8e-06,8.83e-06,8.84e-06,8.87e-06,9.45e-06
attach,6.62e-06,6.66e-06,7.88e-06,7.58e-06,6.68e-06,6.85e-06,6.55e-06,6.73e-06,6.64e-06
licenses,3.52e-05,3.503e-05,3.485e-05,3.563e-05,3.764e-05,3.7e-05,3.643e-05,3.731e-05,3.512e-05
utils,1.29e-06,1.27e-06,1.36e-06,1.21e-06,1.21e-06,9.1e-07,9.1e-07,9.2e-07,1.28e-06
removing,3.342e-05,3.471e-05,3.576e-05,3.487e-05,3.552e-05,3.578e-05,3.582e-05,3.578e-05,3.406e-05
advised,1.001e-05,1.014e-05,1.015e-05,9.7e-06,1.047e-05,9.59e-06,9.15e-06,8.87e-06,1.008e-05
brunswick,4.04e-06,3.96e-06,3.94e-06,3.79e-06,3.64e-06,3.5e-06,3.51e-06,3.36e-06,4e-06
spider,1.098e-05,1.109e-05,1.303e-05,1.547e-05,1.746e-05,1.644e-05,1.738e-05,1.682e-05,1.104e-05
phys,2.341e-05,1.918e-05,1.333e-05,1.016e-05,7.74e-06,7.77e-06,7.77e-06,7.49e-06,2.129e-05
ranges,2.018e-05,2.076e-05,2.106e-05,2.183e-05,2.079e-05,2.116e-05,2.164e-05,2.125e-05,2.047e-05
pairs,6.071e-05,5.928e-05,5.803e-05,5.989e-05,5.889e-05,5.938e-05,5.747e-05,5.871e-05,5.999e-05
sensitivity,1.663e-05,1.617e-05,1.53e-05,1.456e-05,1.457e-05,1.477e-05,1.555e-05,1.636e-05,1.64e-05
trails,2.91e-06,3.17e-06,3.33e-06,3.34e-06,3.34e-06,3.35e-06,3.2e-06,3.21e-06,3.04e-06
preservation,2.519e-05,2.473e-05,2.439e-05,2.456e-05,2.808e-05,2.741e-05,2.698e-05,2.767e-05,2.496e-05
hudson,1.469e-05,1.506e-05,1.561e-05,1.653e-05,1.7e-05,1.721e-05,1.692e-05,1.728e-05,1.487e-05
isolated,1.986e-05,1.934e-05,1.939e-05,1.926e-05,2.004e-05,1.995e-05,1.982e-05,2.033e-05,1.96e-05
calgary,9.2e-06,8.56e-06,8.33e-06,8.64e-06,7.89e-06,7.61e-06,7.16e-06,6.88e-06,8.88e-06
interim,8.23e-06,8.08e-06,8.18e-06,8.64e-06,9.26e-06,9.59e-06,9.45e-06,9.63e-06,8.16e-06
assisted,3.213e-05,3.011e-05,3.045e-05,3.032e-05,3.066e-05,3.091e-05,3.155e-05,3.088e-05,3.112e-05
divine,2.1e-06,2.22e-06,2.27e-06,1.97e-06,1.97e-06,2.13e-06,2.29e-06,2.45e-06,2.16e-06
streaming,0.0001248,0.00013044,0.00013742,0.00014692,0.00014996,0.00015318,0.00016157,0.00016298,0.00012762
approve,2.42e-06,2.38e-06,1.97e-06,2.43e-06,2.58e-06,2.59e-06,2.29e-06,2.14e-06,2.4e-06
chose,1.485e-05,1.442e-05,1.379e-05,1.349e-05,1.396e-05,1.37e-05,1.433e-05,1.468e-05,1.463e-05
compound,1.501e-05,1.442e-05,1.424e-05,1.44e-05,1.412e-05,1.401e-05,1.357e-05,1.33e-05,1.472e-05
intensity,3.148e-05,2.98e-05,3.136e-05,3.123e-05,3.203e-05,3.213e-05,3.17e-05,3.195e-05,3.064e-05
technological,5.489e-05,5.611e-05,5.606e-05,5.671e-05,5.662e-05,5.695e-05,5.701e-05,5.902e-05,5.55e-05
syndicate,3.23e-06,3.33e-06,3.64e-06,3.64e-06,3.79e-06,4.26e-06,4.88e-06,5.05e-06,3.28e-06
abortion,1.61e-06,2.06e-06,2.42e-06,2.27e-06,2.12e-06,2.28e-06,2.29e-06,2.45e-06,1.84e-06
dialog,1.631e-05,1.474e-05,1.409e-05,1.592e-05,1.563e-05,1.507e-05,1.448e-05,1.452e-05,1.553e-05
venues,9.69e-06,9.51e-06,9.85e-06,9.7e-06,1.017e-05,1.051e-05,1.052e-05,9.94e-06,9.6e-06
blast,1.292e-05,1.347e-05,1.288e-05,1.304e-05,1.245e-05,1.249e-05,1.219e-05,1.254e-05,1.319e-05
wellness,1.29e-06,1.43e-06,1.36e-06,1.67e-06,1.67e-06,1.67e-06,1.52e-06,1.99e-06,1.36e-06
calcium,2.26e-06,2.38e-06,2.27e-06,2.27e-06,2.12e-06,2.13e-06,1.68e-06,1.68e-06,2.32e-06
newport,2.74e-06,2.69e-06,2.88e-06,3.18e-06,3.19e-06,2.74e-06,2.74e-06,2.6e-06,2.72e-06
antivirus,2.906e-05,2.9e-05,2.803e-05,2.835e-05,2.884e-05,2.878e-05,2.881e-05,2.935e-05,2.903e-05
addressing,5.134e-05,4.898e-05,5.06e-05,5.11e-05,5.039e-05,4.888e-05,4.939e-05,4.984e-05,5.016e-05
pole,7.91e-06,7.77e-06,6.97e-06,7.28e-06,7.89e-06,8.22e-06,8.23e-06,8.71e-06,7.84e-06
discounted,5.17e-06,5.55e-06,4.85e-06,4.85e-06,4.86e-06,4.57e-06,4.57e-06,4.59e-06,5.36e-06
indians,1.29e-06,1.58e-06,1.36e-06,1.36e-06,1.82e-06,1.98e-06,1.98e-06,1.68e-06,1.43e-06
shield,1.114e-05,1.078e-05,1.151e-05,1.077e-05,1.017e-05,1.02e-05,1.021e-05,9.94e-06,1.096e-05
harvest,4.04e-06,3.96e-06,3.94e-06,3.94e-06,4.71e-06,4.72e-06,4.27e-06,4.13e-06,4e-06
membrane,1.485e-05,1.474e-05,1.454e-05,1.501e-05,1.533e-05,1.523e-05,1.524e-05,1.605e-05,1.479e-05
prague,9.36e-06,9.99e-06,1e-05,1.001e-05,9.71e-06,9.9e-06,9.6e-06,9.94e-06,9.67e-06
previews,7.59e-06,6.82e-06,6.67e-06,6.22e-06,6.37e-06,6.24e-06,6.25e-06,6.27e-06,7.2e-06
bangladesh,1.243e-05,1.3e-05,1.439e-05,1.38e-05,1.427e-05,1.614e-05,1.707e-05,1.621e-05,1.271e-05
constitute,1.211e-05,1.268e-05,1.318e-05,1.274e-05,1.245e-05,1.294e-05,1.296e-05,1.238e-05,1.239e-05
locally,3.616e-05,3.598e-05,3.651e-05,3.609e-05,3.582e-05,3.578e-05,3.658e-05,3.746e-05,3.607e-05
concluded,1.679e-05,1.648e-05,1.682e-05,1.653e-05,1.837e-05,1.995e-05,1.951e-05,1.911e-05,1.663e-05
pickup,1.45e-06,1.43e-06,1.52e-06,1.52e-06,1.52e-06,1.67e-06,1.83e-06,1.53e-06,1.44e-06
desperate,8.1e-07,1.11e-06,1.06e-06,7.6e-07,9.1e-07,7.6e-07,6.1e-07,6.1e-07,9.6e-07
mothers,2.42e-06,2.22e-06,2.27e-06,2.12e-06,2.12e-06,2.28e-06,2.29e-06,2.6e-06,2.32e-06
nascar,4.8e-07,4.8e-07,6.1e-07,6.1e-07,4.6e-07,4.6e-07,4.6e-07,3.1e-07,4.8e-07
iceland,7.1e-06,8.08e-06,8.18e-06,8.04e-06,8.96e-06,9.44e-06,8.54e-06,8.26e-06,7.59e-06
demonstration,1.857e-05,1.839e-05,1.909e-05,1.789e-05,1.791e-05,1.827e-05,1.844e-05,1.804e-05,1.848e-05
governmental,2.47e-05,2.504e-05,2.591e-05,2.578e-05,2.656e-05,2.619e-05,2.485e-05,2.385e-05,2.487e-05
manufactured,0.00012012,0.00011935,0.00012014,0.00012008,0.00012006,0.00012151,0.0001224,0.00012292,0.00011973
candles,0.0,0.0,1.5e-07,0.0,0.0,0.0,0.0,0.0,0.0
graduation,5.97e-06,5.23e-06,5.15e-06,5e-06,4.86e-06,4.57e-06,4.57e-06,4.43e-06,5.6e-06
mega,7.33e-05,7.307e-05,7.151e-05,7.884e-05,7.665e-05,7.339e-05,7.301e-05,7.216e-05,7.318e-05
bend,3.71e-06,3.96e-06,3.94e-06,4.25e-06,4.55e-06,4.57e-06,4.12e-06,3.82e-06,3.83e-06
sailing,2.26e-06,2.54e-06,3.33e-06,3.03e-06,2.88e-06,3.05e-06,2.9e-06,2.9e-06,2.4e-06
variations,4.876e-05,4.882e-05,4.909e-05,4.897e-05,4.933e-05,4.979e-05,5.015e-05,4.984e-05,4.879e-05
moms,1.6e-07,1.6e-07,3e-07,1.5e-07,1.5e-07,1.5e-07,3e-07,3.1e-07,1.6e-07
sacred,3.71e-06,3.8e-06,4.09e-06,3.94e-06,3.79e-06,4.11e-06,4.12e-06,4.59e-06,3.76e-06
addiction,2.26e-06,3.96e-06,3.48e-06,3.79e-06,3.19e-06,3.96e-06,3.96e-06,4.13e-06,3.11e-06
morocco,5.33e-06,5.23e-06,5.45e-06,5.61e-06,5.46e-06,5.33e-06,5.03e-06,5.05e-06,5.28e-06
chrome,3.229e-05,3.677e-05,3.773e-05,3.836e-05,3.855e-05,2.802e-05,2.637e-05,2.721e-05,3.453e-05
tommy,3.07e-06,2.54e-06,2.42e-06,2.58e-06,2.43e-06,2.44e-06,2.59e-06,2.45e-06,2.8e-06
springfield,2.58e-06,2.54e-06,2.42e-06,2.27e-06,2.28e-06,2.44e-06,2.29e-06,2.29e-06,2.56e-06
refused,6.3e-06,6.18e-06,6.21e-06,5.91e-06,5.92e-06,6.09e-06,5.64e-06,5.81e-06,6.24e-06
brake,1.29e-06,1.27e-06,1.21e-06,1.21e-06,1.21e-06,1.22e-06,1.22e-06,1.53e-06,1.28e-06
exterior,6.46e-06,6.82e-06,5.76e-06,6.06e-06,5.92e-06,5.94e-06,5.79e-06,6.12e-06,6.64e-06
greeting,1.78e-06,2.22e-06,2.27e-06,2.27e-06,1.82e-06,1.83e-06,1.68e-06,1.68e-06,2e-06
ecology,1.033e-05,9.99e-06,9.85e-06,1.046e-05,1.123e-05,1.127e-05,1.128e-05,1.177e-05,1.016e-05
oliver,1.453e-05,1.522e-05,1.576e-05,1.607e-05,1.579e-05,1.599e-05,1.57e-05,1.559e-05,1.487e-05
congo,2.42e-06,1.58e-06,2.42e-06,2.58e-06,1.97e-06,1.98e-06,1.98e-06,1.83e-06,2e-06
glen,3.87e-06,4.12e-06,3.79e-06,3.94e-06,3.95e-06,3.81e-06,3.96e-06,3.98e-06,3.99e-06
botswana,1.13e-06,1.11e-06,7.6e-07,7.6e-07,7.6e-07,7.6e-07,9.1e-07,9.2e-07,1.12e-06
nav,2.26e-06,1.27e-06,1.36e-06,1.36e-06,1.21e-06,1.22e-06,1.22e-06,1.22e-06,1.77e-06
delays,2.196e-05,2.235e-05,2.318e-05,2.229e-05,2.186e-05,2.208e-05,2.104e-05,2.14e-05,2.216e-05
synthesis,4.843e-05,4.961e-05,5.06e-05,5.079e-05,5.13e-05,5.207e-05,5.274e-05,5.29e-05,4.902e-05
olive,1.61e-06,1.58e-06,1.52e-06,1.36e-06,1.37e-06,1.37e-06,1.68e-06,1.68e-06,1.59e-06
undefined,7.27e-06,7.29e-06,7.12e-06,7.13e-06,6.68e-06,6.85e-06,7.47e-06,7.34e-06,7.28e-06
unemployment,4.8e-07,1.11e-06,1.21e-06,1.06e-06,1.21e-06,1.07e-06,1.07e-06,1.22e-06,8e-07
cyber,0.00011931,0.00013124,0.0001412,0.00013403,0.00013266,0.00013719,0.00013551,0.00013424,0.00012527
verizon,1.76e-05,1.743e-05,1.864e-05,1.91e-05,1.821e-05,1.781e-05,1.753e-05,1.712e-05,1.752e-05
scored,5.33e-06,5.07e-06,4.7e-06,5.46e-06,5.31e-06,5.48e-06,5.79e-06,5.5e-06,5.2e-06
enhancement,1.954e-05,2.029e-05,1.985e-05,2.001e-05,2.034e-05,2.056e-05,2.027e-05,2.033e-05,1.992e-05
newcastle,1.017e-05,1.03e-05,9.54e-06,9.4e-06,9.41e-06,9.14e-06,9.45e-06,9.02e-06,1.023e-05
clone,3.197e-05,3.344e-05,3.182e-05,3.214e-05,3.309e-05,3.167e-05,3.155e-05,3.195e-05,3.27e-05
dicks,1.6e-07,1.6e-07,1.5e-07,1.5e-07,1.5e-07,1.5e-07,1.5e-07,1.5e-07,1.6e-07
velocity,2.486e-05,2.552e-05,2.454e-05,2.411e-05,2.444e-05,2.467e-05,2.393e-05,2.37e-05,2.519e-05
lambda,3.939e-05,3.915e-05,3.545e-05,3.609e-05,3.476e-05,3.533e-05,3.491e-05,3.44e-05,3.927e-05
relay,3.213e-05,2.98e-05,2.985e-05,3.078e-05,3.081e-05,3.121e-05,3.11e-05,3.088e-05,3.096e-05
composed,7.233e-05,7.449e-05,7.545e-05,7.611e-05,7.574e-05,7.781e-05,7.698e-05,7.583e-05,7.341e-05
tears,1.78e-06,1.58e-06,1.67e-06,1.67e-06,1.67e-06,1.83e-06,1.83e-06,1.99e-06,1.68e-06
performances,1.453e-05,1.426e-05,1.454e-05,1.471e-05,1.487e-05,1.507e-05,1.524e-05,1.529e-05,1.44e-05
oasis,1.162e-05,1.125e-05,1.091e-05,1.122e-05,1.093e-05,1.112e-05,1.189e-05,1.131e-05,1.144e-05
baseline,1.308e-05,1.395e-05,1.348e-05,1.274e-05,1.351e-05,1.386e-05,1.372e-05,1.407e-05,1.352e-05
cab,3.07e-06,3.33e-06,3.18e-06,3.34e-06,2.88e-06,1.83e-06,1.83e-06,2.45e-06,3.2e-06
angry,4.52e-06,5.55e-06,5.61e-06,5.91e-06,6.53e-06,6.24e-06,6.1e-06,6.12e-06,5.04e-06
fa,2.26e-06,2.38e-06,2.12e-06,2.12e-06,2.12e-06,2.13e-06,2.29e-06,2.29e-06,2.32e-06
societies,1.728e-05,1.759e-05,1.667e-05,1.653e-05,1.761e-05,1.812e-05,1.829e-05,1.758e-05,1.743e-05
silicon,9.429e-05,9.462e-05,9.59e-05,9.582e-05,9.426e-05,9.41e-05,9.405e-05,9.647e-05,9.445e-05
brazilian,2.793e-05,2.821e-05,2.833e-05,2.775e-05,2.823e-05,2.878e-05,2.927e-05,2.874e-05,2.807e-05
identical,5.877e-05,5.769e-05,5.53e-05,5.564e-05,5.783e-05,5.832e-05,5.701e-05,5.672e-05,5.823e-05
petroleum,4.84e-06,5.23e-06,5.3e-06,5.31e-06,5.31e-06,5.02e-06,5.03e-06,4.89e-06,5.04e-06
compete,3.503e-05,3.566e-05,3.545e-05,3.563e-05,3.612e-05,3.593e-05,3.628e-05,3.593e-05,3.535e-05
ist,7.75e-06,6.82e-06,6.21e-06,5.76e-06,5.46e-06,4.57e-06,3.96e-06,3.98e-06,7.29e-06
norwegian,3.019e-05,3.217e-05,3.212e-05,3.139e-05,3.172e-05,3.182e-05,3.094e-05,3.134e-05,3.118e-05
lover,1.45e-06,1.43e-06,1.67e-06,1.67e-06,1.52e-06,1.67e-06,1.68e-06,1.68e-06,1.44e-06
belong,1.808e-05,1.759e-05,1.879e-05,1.819e-05,1.806e-05,1.766e-05,1.799e-05,1.835e-05,1.784e-05
honolulu,2.58e-06,2.54e-06,2.27e-06,2.43e-06,2.28e-06,2.28e-06,2.13e-06,1.83e-06,2.56e-06
beatles,1.13e-06,1.11e-06,1.06e-06,1.06e-06,1.06e-06,1.22e-06,1.22e-06,1.22e-06,1.12e-06
lips,1.45e-06,1.43e-06,1.36e-06,1.36e-06,1.37e-06,1.37e-06,1.37e-06,1.38e-06,1.44e-06
escort,9.7e-07,1.11e-06,9.1e-07,9.1e-07,7.6e-07,7.6e-07,9.1e-07,9.2e-07,1.04e-06
retention,8.4e-06,8.08e-06,9.09e-06,9.7e-06,9.41e-06,9.44e-06,9.45e-06,9.63e-06,8.24e-06
exchanges,2.357e-05,2.187e-05,2.212e-05,2.35e-05,2.307e-05,2.223e-05,2.241e-05,2.309e-05,2.272e-05
pond,2.1e-06,2.69e-06,2.73e-06,2.73e-06,1.97e-06,2.13e-06,1.98e-06,2.14e-06,2.39e-06
rolls,4.68e-06,4.6e-06,4.55e-06,4.25e-06,4.1e-06,4.11e-06,4.12e-06,3.98e-06,4.64e-06
thomson,2.325e-05,2.409e-05,2.242e-05,2.168e-05,2.231e-05,2.254e-05,2.134e-05,2.186e-05,2.367e-05
barnes,4.52e-06,4.6e-06,4.85e-06,4.85e-06,5.01e-06,5.18e-06,5.18e-06,5.2e-06,4.56e-06
soundtrack,1.76e-05,1.839e-05,2.197e-05,2.305e-05,2.337e-05,2.436e-05,2.591e-05,2.691e-05,1.799e-05
wondering,3.2e-07,3.2e-07,3e-07,3e-07,1.5e-07,1.5e-07,1.5e-07,1.5e-07,3.2e-07
malta,3.55e-06,3.49e-06,3.94e-06,3.94e-06,4.1e-06,4.26e-06,4.42e-06,4.59e-06,3.52e-06
daddy,8.1e-07,6.3e-07,6.1e-07,6.1e-07,6.1e-07,6.1e-07,6.1e-07,6.1e-07,7.2e-07
lc,2.212e-05,2.092e-05,2.015e-05,1.956e-05,1.958e-05,1.903e-05,1.89e-05,1.896e-05,2.152e-05
ferry,2.91e-06,2.69e-06,2.58e-06,2.12e-06,2.28e-06,2.13e-06,2.13e-06,1.99e-06,2.8e-06
rabbit,6.94e-06,6.82e-06,8.48e-06,8.64e-06,8.5e-06,8.53e-06,8.08e-06,8.26e-06,6.88e-06
profession,9.36e-06,9.03e-06,7.73e-06,7.43e-06,7.29e-06,7.31e-06,7.47e-06,7.49e-06,9.19e-06
seating,2.26e-06,1.9e-06,2.12e-06,1.97e-06,1.97e-06,1.98e-06,1.68e-06,1.38e-06,2.08e-06
dam,5.97e-06,5.71e-06,5.91e-06,6.22e-06,6.68e-06,6.7e-06,7.01e-06,6.88e-06,5.84e-06
cnn,2.26e-05,2.362e-05,2.394e-05,2.153e-05,2.11e-05,1.766e-05,1.677e-05,1.697e-05,2.311e-05
separately,3.584e-05,3.471e-05,3.469e-05,3.487e-05,3.43e-05,3.517e-05,3.552e-05,3.516e-05,3.528e-05
physiology,5.17e-06,5.55e-06,5.76e-06,5.91e-06,6.07e-06,5.94e-06,5.49e-06,5.35e-06,5.36e-06
lil,3.39e-06,3.33e-06,3.33e-06,3.03e-06,3.64e-06,3.05e-06,3.66e-06,3.67e-06,3.36e-06
collecting,2.648e-05,2.663e-05,2.742e-05,2.82e-05,2.793e-05,2.878e-05,2.896e-05,2.905e-05,2.655e-05
das,7.27e-06,7.13e-06,7.42e-06,7.58e-06,7.59e-06,7.77e-06,7.62e-06,7.49e-06,7.2e-06
exports,7.75e-06,7.29e-06,5.3e-06,5.76e-06,6.68e-06,7.16e-06,6.86e-06,6.42e-06,7.52e-06
omaha,2.26e-06,1.9e-06,1.97e-06,1.97e-06,1.82e-06,1.83e-06,1.68e-06,1.68e-06,2.08e-06
tire,2.42e-06,2.38e-06,2.27e-06,2.12e-06,2.28e-06,1.98e-06,1.98e-06,1.99e-06,2.4e-06
participant,1.792e-05,1.854e-05,1.848e-05,1.895e-05,1.882e-05,1.827e-05,1.844e-05,1.804e-05,1.823e-05
scholarships,1.61e-06,1.9e-06,1.67e-06,1.36e-06,1.06e-06,1.07e-06,9.1e-07,9.2e-07,1.76e-06
recreational,6.46e-06,6.02e-06,5.76e-06,5.91e-06,6.22e-06,5.94e-06,5.79e-06,5.81e-06,6.24e-06
dominican,1.13e-06,1.43e-06,1.36e-06,1.36e-06,1.21e-06,1.22e-06,1.22e-06,1.22e-06,1.28e-06
chad,3.23e-06,2.85e-06,2.42e-06,2.58e-06,2.58e-06,2.89e-06,2.74e-06,2.75e-06,3.04e-06
electron,3.633e-05,3.582e-05,3.666e-05,3.487e-05,3.567e-05,3.685e-05,3.613e-05,3.593e-05,3.607e-05
loads,1.663e-05,1.585e-05,1.47e-05,1.486e-05,1.518e-05,1.507e-05,1.57e-05,1.621e-05,1.624e-05
friendship,3.39e-06,3.96e-06,4.55e-06,4.4e-06,3.95e-06,3.96e-06,3.96e-06,4.13e-06,3.68e-06
heather,1.94e-06,2.06e-06,2.27e-06,2.12e-06,1.97e-06,1.98e-06,2.29e-06,1.83e-06,2e-06
passport,9.69e-06,1.014e-05,1.076e-05,1.228e-05,1.229e-05,1.233e-05,1.219e-05,1.269e-05,9.91e-06
motel,3.2e-07,3.2e-07,3e-07,3e-07,3e-07,3e-07,3e-07,3.1e-07,3.2e-07
unions,5.49e-06,5.55e-06,4.55e-06,4.85e-06,5.01e-06,5.02e-06,4.57e-06,4.74e-06,5.52e-06
treasury,3.71e-06,4.12e-06,4.39e-06,4.25e-06,3.95e-06,4.11e-06,4.27e-06,4.13e-06,3.92e-06
warrant,3.23e-06,3.8e-06,3.48e-06,3.64e-06,3.19e-06,3.35e-06,3.51e-06,3.52e-06,3.52e-06
sys,7.91e-06,7.77e-06,5.61e-06,5.61e-06,5.16e-06,4.57e-06,4.57e-06,5.35e-06,7.84e-06
solaris,4.182e-05,4.232e-05,4.091e-05,4.063e-05,3.946e-05,3.898e-05,3.811e-05,3.685e-05,4.207e-05
frozen,6.94e-06,7.45e-06,7.88e-06,8.34e-06,7.74e-06,8.07e-06,8.23e-06,7.95e-06,7.19e-06
occupied,1.388e-05,1.347e-05,1.258e-05,1.274e-05,1.275e-05,1.279e-05,1.311e-05,1.269e-05,1.368e-05
josh,7.27e-06,7.92e-06,7.58e-06,7.43e-06,7.13e-06,7e-06,6.86e-06,6.88e-06,7.6e-06
royalty,1.114e-05,1.157e-05,1.273e-05,1.198e-05,1.214e-05,1.188e-05,1.204e-05,1.208e-05,1.135e-05
scales,2.309e-05,2.267e-05,2.151e-05,2.183e-05,2.201e-05,2.299e-05,2.286e-05,2.232e-05,2.288e-05
rally,4.2e-06,5.23e-06,5.76e-06,4.85e-06,5.16e-06,5.18e-06,5.33e-06,5.35e-06,4.71e-06
observer,2.906e-05,2.932e-05,2.757e-05,2.775e-05,2.747e-05,2.771e-05,2.607e-05,2.584e-05,2.919e-05
sunshine,3.39e-06,3.65e-06,3.79e-06,3.49e-06,3.64e-06,3.96e-06,3.81e-06,3.98e-06,3.52e-06
strain,9.53e-06,9.67e-06,9.24e-06,9.55e-06,9.56e-06,1.051e-05,1.067e-05,1.086e-05,9.6e-06
drag,1.34e-05,1.395e-05,1.394e-05,1.334e-05,1.336e-05,1.294e-05,1.25e-05,1.284e-05,1.368e-05
ceremony,8.4e-06,7.61e-06,7.42e-06,6.67e-06,6.68e-06,6.55e-06,6.25e-06,6.27e-06,8e-06
somehow,3.55e-06,3.65e-06,3.79e-06,3.79e-06,3.34e-06,3.2e-06,3.2e-06,2.75e-06,3.6e-06
arrested,9.36e-06,1.141e-05,1.242e-05,1.289e-05,1.229e-05,1.34e-05,1.372e-05,1.345e-05,1.038e-05
expanding,2.131e-05,2.108e-05,2.091e-05,2.123e-05,2.171e-05,2.132e-05,2.088e-05,2.125e-05,2.12e-05
provincial,5e-06,4.75e-06,4.55e-06,4.4e-06,4.55e-06,4.72e-06,5.33e-06,5.66e-06,4.87e-06
investigations,2.002e-05,1.95e-05,2.045e-05,2.183e-05,2.14e-05,2.101e-05,2.134e-05,2.125e-05,1.976e-05
icq,4.68e-06,4.44e-06,4.55e-06,4.25e-06,4.1e-06,3.96e-06,4.12e-06,3.52e-06,4.56e-06
ripe,7.75e-06,7.77e-06,8.03e-06,8.04e-06,8.04e-06,7.77e-06,7.77e-06,7.64e-06,7.76e-06
yamaha,5.97e-06,6.02e-06,5.76e-06,5.76e-06,5.92e-06,5.94e-06,6.4e-06,6.42e-06,5.99e-06
rely,3.31e-05,3.439e-05,3.363e-05,3.275e-05,3.324e-05,3.304e-05,3.46e-05,3.501e-05,3.374e-05
medications,1.13e-06,1.43e-06,1.36e-06,1.21e-06,1.21e-06,1.37e-06,1.37e-06,1.38e-06,1.28e-06
hebrew,2.228e-05,2.267e-05,2.303e-05,2.32e-05,2.216e-05,2.101e-05,2.088e-05,2.14e-05,2.248e-05
gained,5.925e-05,5.928e-05,5.863e-05,5.883e-05,6.056e-05,6.167e-05,6.387e-05,6.513e-05,5.926e-05
rochester,1.017e-05,9.83e-06,1.061e-05,1.107e-05,1.078e-05,1.051e-05,1.037e-05,1.04e-05,1e-05
dying,2.91e-06,2.54e-06,2.58e-06,1.97e-06,1.97e-06,2.13e-06,2.29e-06,2.14e-06,2.73e-06
laundry,6.5e-07,6.3e-07,7.6e-07,7.6e-07,6.1e-07,6.1e-07,6.1e-07,7.6e-07,6.4e-07
stuck,4.2e-06,3.96e-06,4.24e-06,3.79e-06,3.79e-06,3.81e-06,4.27e-06,4.13e-06,4.08e-06
solomon,1.663e-05,1.664e-05,1.682e-05,1.653e-05,1.563e-05,1.523e-05,1.555e-05,1.605e-05,1.663e-05
placing,1.857e-05,1.886e-05,1.909e-05,1.85e-05,1.761e-05,1.766e-05,1.738e-05,1.819e-05,1.871e-05
stops,1.001e-05,9.19e-06,9.24e-06,8.95e-06,9.11e-06,9.29e-06,8.84e-06,8.71e-06,9.6e-06
homework,2.58e-06,1.9e-06,1.97e-06,1.82e-06,1.97e-06,1.83e-06,1.98e-06,1.99e-06,2.24e-06
adjust,1.162e-05,1.157e-05,1.258e-05,1.228e-05,1.169e-05,1.172e-05,1.158e-05,1.162e-05,1.159e-05
assessed,5.49e-06,6.02e-06,6.06e-06,6.06e-06,6.68e-06,6.7e-06,7.01e-06,6.73e-06,5.75e-06
advertiser,2.793e-05,2.853e-05,2.712e-05,2.759e-05,2.702e-05,2.71e-05,2.622e-05,2.63e-05,2.823e-05
enabling,6.329e-05,6.213e-05,6.151e-05,6.216e-05,6.36e-05,6.304e-05,6.265e-05,6.421e-05,6.271e-05
encryption,0.00014385,0.00014455,0.00014666,0.00014768,0.00014845,0.00014952,0.00015075,0.00015121,0.0001442
filling,1.13e-05,1.141e-05,1.182e-05,1.152e-05,1.108e-05,1.112e-05,1.052e-05,1.086e-05,1.135e-05
downloadable,3.358e-05,3.281e-05,3.363e-05,3.32e-05,3.294e-05,3.426e-05,3.338e-05,3.425e-05,3.319e-05
sophisticated,3.988e-05,3.82e-05,3.636e-05,3.563e-05,3.597e-05,3.609e-05,3.567e-05,3.639e-05,3.904e-05
imposed,1.066e-05,1.094e-05,1.03e-05,1.001e-05,1.017e-05,1.066e-05,1.021e-05,1.024e-05,1.08e-05
silence,4.2e-06,4.44e-06,4.39e-06,4.4e-06,4.25e-06,4.42e-06,3.2e-06,3.06e-06,4.32e-06
scsi,4.65e-05,4.581e-05,4.318e-05,4.306e-05,4.311e-05,4.248e-05,4.253e-05,4.281e-05,4.615e-05
focuses,0.00010656,0.00010857,0.00011681,0.00011933,0.00011657,0.00011633,0.00011539,0.00011696,0.00010757
soviet,5.941e-05,5.975e-05,6.151e-05,6.05e-05,6.162e-05,6.304e-05,6.341e-05,6.36e-05,5.958e-05
possession,4.36e-06,5.07e-06,5.3e-06,4.85e-06,4.71e-06,4.57e-06,4.27e-06,4.43e-06,4.71e-06
cu,4.68e-06,4.12e-06,4.09e-06,3.79e-06,3.95e-06,3.81e-06,3.81e-06,4.13e-06,4.4e-06
laboratories,5.828e-05,5.88e-05,5.697e-05,5.549e-05,5.449e-05,5.299e-05,5.304e-05,5.259e-05,5.854e-05
treaty,4.52e-06,4.28e-06,3.94e-06,4.09e-06,3.95e-06,3.65e-06,4.12e-06,4.28e-06,4.4e-06
vocal,9.53e-06,9.67e-06,9.85e-06,1.001e-05,1.032e-05,9.9e-06,9.91e-06,1.04e-05,9.6e-06
trainer,4.84e-06,4.75e-06,4.09e-06,3.79e-06,3.49e-06,3.5e-06,3.51e-06,3.67e-06,4.8e-06
organ,6.62e-06,6.82e-06,7.12e-06,6.97e-06,7.13e-06,7.16e-06,7.01e-06,7.03e-06,6.72e-06
stronger,1.679e-05,1.823e-05,1.742e-05,1.698e-05,1.761e-05,1.721e-05,1.722e-05,1.682e-05,1.751e-05
volumes,4.262e-05,4.2e-05,4.136e-05,4.245e-05,4.311e-05,4.248e-05,4.283e-05,4.403e-05,4.231e-05
advances,3.939e-05,3.851e-05,3.863e-05,3.912e-05,3.901e-05,3.883e-05,3.765e-05,3.669e-05,3.895e-05
vegetables,1.29e-06,1.58e-06,1.21e-06,1.52e-06,1.52e-06,1.52e-06,1.37e-06,1.53e-06,1.43e-06
lemon,1.13e-06,1.11e-06,1.06e-06,1.06e-06,9.1e-07,9.1e-07,9.1e-07,9.2e-07,1.12e-06
toxic,2.91e-06,3.49e-06,3.18e-06,3.79e-06,3.34e-06,3.5e-06,4.27e-06,4.28e-06,3.2e-06
dns,6.232e-05,6.815e-05,6.606e-05,6.58e-05,6.39e-05,6.319e-05,6.295e-05,6.36e-05,6.523e-05
thumbnails,2.26e-06,2.22e-06,2.73e-06,2.88e-06,2.43e-06,2.59e-06,2.74e-06,2.6e-06,2.24e-06
darkness,7.75e-06,7.77e-06,6.82e-06,7.88e-06,7.89e-06,8.22e-06,8.23e-06,8.56e-06,7.76e-06
pty,1.033e-05,1.078e-05,1.015e-05,1.016e-05,1.062e-05,1.157e-05,1.174e-05,1.193e-05,1.055e-05
ws,2.018e-05,1.981e-05,2e-05,2.001e-05,1.943e-05,1.934e-05,1.936e-05,1.926e-05,2e-05
nuts,1.13e-06,1.27e-06,1.21e-06,1.06e-06,1.21e-06,1.37e-06,1.37e-06,1.38e-06,1.2e-06
nail,1.94e-06,1.9e-06,1.82e-06,1.82e-06,1.82e-06,1.83e-06,1.83e-06,1.83e-06,1.92e-06
bizrate,1.6e-07,1.6e-07,1.5e-07,1.5e-07,1.5e-07,1.5e-07,1.5e-07,1.5e-07,1.6e-07
vienna,2.002e-05,1.965e-05,2e-05,2.032e-05,2.004e-05,1.995e-05,1.982e-05,1.896e-05,1.984e-05
implied,9.53e-06,9.35e-06,8.79e-06,8.49e-06,8.65e-06,8.68e-06,8.08e-06,7.95e-06,9.44e-06
span,1.808e-05,1.918e-05,1.848e-05,1.804e-05,1.791e-05,1.842e-05,1.86e-05,1.942e-05,1.863e-05
stanford,0.00010527,0.00010144,0.00010166,0.00010068,9.517e-05,9.349e-05,9.298e-05,9.25e-05,0.00010336
sox,2.91e-06,3.01e-06,3.03e-06,3.03e-06,2.73e-06,2.74e-06,2.74e-06,2.75e-06,2.96e-06
stockings,0.0,0.0,0.0,0.0,0.0,0.0,0.0,0.0,0.0
joke,8.56e-06,8.72e-06,8.79e-06,8.04e-06,8.35e-06,8.07e-06,7.77e-06,8.26e-06,8.64e-06
respondent,3.2e-07,1.6e-07,3e-07,3e-07,3e-07,3e-07,3e-07,3.1e-07,2.4e-07
packing,2.163e-05,2.124e-05,2.136e-05,2.001e-05,1.973e-05,2.01e-05,1.982e-05,2.064e-05,2.144e-05
statute,2.26e-06,2.54e-06,2.73e-06,2.88e-06,2.88e-06,2.74e-06,2.74e-06,2.6e-06,2.4e-06
rejected,1.518e-05,1.426e-05,1.379e-05,1.334e-05,1.214e-05,1.279e-05,1.326e-05,1.361e-05,1.472e-05
satisfy,2.519e-05,2.568e-05,2.697e-05,2.669e-05,2.687e-05,2.68e-05,2.713e-05,2.676e-05,2.544e-05
destroyed,1.098e-05,1.046e-05,1.091e-05,1.122e-05,1.032e-05,9.74e-06,9.6e-06,9.48e-06,1.072e-05
shelter,1.29e-06,1.43e-06,1.36e-06,1.21e-06,1.21e-06,1.37e-06,1.68e-06,1.68e-06,1.36e-06
chapel,9.04e-06,9.03e-06,8.79e-06,8.79e-06,8.2e-06,8.98e-06,8.54e-06,8.41e-06,9.04e-06
gamespot,6.94e-06,6.18e-06,6.82e-06,5.91e-06,5.16e-06,4.87e-06,4.42e-06,4.43e-06,6.56e-06
manufacture,2.615e-05,2.599e-05,2.5e-05,2.471e-05,2.444e-05,2.421e-05,2.408e-05,2.4e-05,2.607e-05
layers,5.828e-05,5.706e-05,5.606e-05,5.58e-05,5.601e-05,5.832e-05,5.929e-05,5.993e-05,5.767e-05
wordpress,1.259e-05,1.173e-05,1.242e-05,1.152e-05,1.032e-05,1.096e-05,9.91e-06,9.17e-06,1.216e-05
guided,1.485e-05,1.426e-05,1.47e-05,1.486e-05,1.487e-05,1.523e-05,1.585e-05,1.636e-05,1.456e-05
vulnerability,4.827e-05,5.246e-05,5.378e-05,5.413e-05,5.373e-05,5.482e-05,5.472e-05,5.55e-05,5.036e-05
accountability,8.4e-06,8.24e-06,8.64e-06,8.95e-06,8.65e-06,7.61e-06,7.62e-06,7.64e-06,8.32e-06
celebrate,4.52e-06,4.75e-06,5.15e-06,4.85e-06,4.55e-06,4.42e-06,4.12e-06,4.43e-06,4.64e-06
accredited,1.243e-05,1.236e-05,1.303e-05,1.243e-05,1.214e-05,1.188e-05,1.204e-05,1.315e-05,1.239e-05
appliance,2.825e-05,2.583e-05,2.636e-05,2.562e-05,2.565e-05,2.588e-05,2.622e-05,2.538e-05,2.704e-05
compressed,3.746e-05,3.614e-05,3.485e-05,3.487e-05,3.491e-05,3.487e-05,3.597e-05,3.593e-05,3.68e-05
bahamas,1.29e-06,1.11e-06,1.06e-06,1.21e-06,1.21e-06,1.37e-06,1.37e-06,1.53e-06,1.2e-06
powell,7.43e-06,7.29e-06,7.12e-06,7.13e-06,7.59e-06,7.92e-06,7.77e-06,7.64e-06,7.36e-06
mixture,1.598e-05,1.537e-05,1.576e-05,1.516e-05,1.472e-05,1.431e-05,1.479e-05,1.452e-05,1.568e-05
zoophilia,1.6e-07,1.6e-07,1.5e-07,1.5e-07,1.5e-07,1.5e-07,1.5e-07,1.5e-07,1.6e-07
bench,4.84e-06,4.28e-06,3.94e-06,4.09e-06,4.25e-06,4.42e-06,4.27e-06,4.43e-06,4.56e-06
univ,6.46e-06,6.18e-06,5.15e-06,4.7e-06,4.4e-06,3.96e-06,3.51e-06,3.36e-06,6.32e-06
tub,8.1e-07,7.9e-07,7.6e-07,7.6e-07,6.1e-07,6.1e-07,6.1e-07,1.5e-07,8e-07
rider,7.59e-06,7.13e-06,7.73e-06,7.43e-06,7.29e-06,7.31e-06,7.16e-06,7.19e-06,7.36e-06
scheduling,6.813e-05,6.752e-05,6.621e-05,6.793e-05,7.088e-05,7.111e-05,7.134e-05,7.186e-05,6.783e-05
radius,1.905e-05,1.902e-05,1.879e-05,1.895e-05,1.821e-05,1.964e-05,1.905e-05,2.033e-05,1.903e-05
perspectives,1.518e-05,1.442e-05,1.47e-05,1.365e-05,1.427e-05,1.431e-05,1.418e-05,1.422e-05,1.48e-05
mortality,2.58e-06,2.38e-06,2.27e-06,2.12e-06,2.28e-06,2.13e-06,3.2e-06,2.6e-06,2.48e-06
logging,2.47e-05,2.441e-05,2.53e-05,2.471e-05,2.429e-05,2.497e-05,2.424e-05,2.446e-05,2.455e-05
hampton,1.45e-06,1.9e-06,1.82e-06,1.82e-06,1.97e-06,1.83e-06,1.98e-06,2.14e-06,1.68e-06
christians,9.7e-07,1.11e-06,9.1e-07,7.6e-07,9.1e-07,1.52e-06,1.68e-06,1.68e-06,1.04e-06
borders,1.292e-05,1.331e-05,1.348e-05,1.334e-05,1.366e-05,1.355e-05,1.402e-05,1.391e-05,1.311e-05
therapeutic,3.55e-06,3.49e-06,3.79e-06,4.09e-06,3.95e-06,4.11e-06,3.96e-06,4.13e-06,3.52e-06
pads,5.65e-06,5.71e-06,5.76e-06,6.06e-06,6.22e-06,6.09e-06,5.64e-06,5.66e-06,5.68e-06
butts,1.6e-07,0.0,0.0,0.0,0.0,0.0,0.0,0.0,8e-08
inns,3.2e-07,3.2e-07,6.1e-07,4.5e-07,4.6e-07,4.6e-07,3e-07,3.1e-07,3.2e-07
bobby,4.36e-06,4.28e-06,3.94e-06,4.09e-06,4.4e-06,4.72e-06,4.42e-06,4.43e-06,4.32e-06
impressive,6.94e-06,6.18e-06,6.06e-06,5.76e-06,5.62e-06,5.63e-06,5.64e-06,5.96e-06,6.56e-06
sheep,5.33e-06,4.6e-06,4.7e-06,4.4e-06,3.95e-06,3.96e-06,3.81e-06,3.82e-06,4.96e-06
accordingly,1.421e-05,1.49e-05,1.47e-05,1.501e-05,1.442e-05,1.37e-05,1.357e-05,1.345e-05,1.455e-05
architect,4.682e-05,4.565e-05,4.454e-05,4.488e-05,4.493e-05,4.446e-05,4.344e-05,4.189e-05,4.624e-05
railroad,5e-06,5.55e-06,5.3e-06,6.06e-06,5.62e-06,5.63e-06,5.94e-06,6.12e-06,5.28e-06
lectures,1.857e-05,1.775e-05,1.848e-05,1.774e-05,1.776e-05,1.751e-05,1.768e-05,1.85e-05,1.816e-05
challenging,1.55e-05,1.553e-05,1.682e-05,1.789e-05,1.761e-05,1.873e-05,1.905e-05,1.957e-05,1.551e-05
wines,1.13e-06,1.27e-06,1.21e-06,1.21e-06,1.21e-06,1.37e-06,1.52e-06,1.53e-06,1.2e-06
nursery,1.78e-06,1.74e-06,1.67e-06,1.52e-06,1.52e-06,1.67e-06,1.37e-06,1.38e-06,1.76e-06
harder,1.308e-05,1.284e-05,1.303e-05,1.38e-05,1.336e-05,1.401e-05,1.341e-05,1.391e-05,1.296e-05
cups,3.07e-06,3.33e-06,3.03e-06,2.88e-06,2.88e-06,3.05e-06,2.9e-06,2.9e-06,3.2e-06
ash,5.33e-06,4.6e-06,4.39e-06,4.7e-06,5.01e-06,4.57e-06,4.12e-06,4.13e-06,4.96e-06
microwave,2.034e-05,1.965e-05,1.864e-05,1.835e-05,1.882e-05,1.903e-05,1.844e-05,1.835e-05,2e-05
cheapest,3.23e-06,3.17e-06,3.03e-06,2.88e-06,2.58e-06,2.59e-06,2.59e-06,2.45e-06,3.2e-06
accidents,4.52e-06,4.44e-06,4.7e-06,4.7e-06,4.55e-06,4.72e-06,4.73e-06,4.74e-06,4.48e-06
travesti,0.0,0.0,0.0,0.0,0.0,0.0,0.0,0.0,0.0
relocation,3.87e-06,3.33e-06,3.03e-06,2.73e-06,2.73e-06,2.74e-06,2.44e-06,2.6e-06,3.6e-06
stuart,1.728e-05,1.759e-05,1.788e-05,1.774e-05,1.791e-05,1.873e-05,1.722e-05,1.774e-05,1.743e-05
contributors,4.343e-05,4.168e-05,4.182e-05,4.154e-05,4.083e-05,4.02e-05,3.917e-05,3.914e-05,4.256e-05
salvador,2.26e-06,2.22e-06,2.27e-06,2.12e-06,2.12e-06,2.13e-06,2.13e-06,2.14e-06,2.24e-06
ali,1.146e-05,1.141e-05,1.197e-05,1.152e-05,1.138e-05,1.172e-05,1.158e-05,1.147e-05,1.143e-05
salad,4.8e-07,4.8e-07,4.5e-07,4.5e-07,4.6e-07,3e-07,3e-07,3.1e-07,4.8e-07
np,5.425e-05,5.532e-05,5.621e-05,5.549e-05,5.662e-05,5.771e-05,5.762e-05,5.764e-05,5.478e-05
monroe,1.45e-06,1.58e-06,1.67e-06,1.52e-06,1.82e-06,1.83e-06,1.83e-06,1.83e-06,1.51e-06
tender,3.71e-06,4.44e-06,4.09e-06,4.25e-06,4.1e-06,4.11e-06,3.96e-06,3.06e-06,4.07e-06
violations,1.082e-05,1.141e-05,1.121e-05,1.167e-05,1.214e-05,1.203e-05,1.204e-05,1.223e-05,1.111e-05
foam,1.61e-06,1.58e-06,1.67e-06,1.52e-06,1.37e-06,1.37e-06,1.37e-06,1.38e-06,1.59e-06
temperatures,9.85e-06,1.03e-05,9.7e-06,9.4e-06,9.71e-06,9.44e-06,1.052e-05,1.07e-05,1.008e-05
paste,7.75e-06,7.77e-06,7.12e-06,7.58e-06,7.29e-06,7.46e-06,7.32e-06,7.49e-06,7.76e-06
clouds,1.76e-05,1.506e-05,1.561e-05,1.683e-05,1.685e-05,1.69e-05,1.707e-05,1.728e-05,1.633e-05
competitions,1.292e-05,1.3e-05,1.333e-05,1.38e-05,1.412e-05,1.416e-05,1.524e-05,1.452e-05,1.296e-05
discretion,8.1e-07,1.27e-06,1.21e-06,1.36e-06,1.52e-06,1.52e-06,1.68e-06,1.68e-06,1.04e-06
tft,2.58e-06,2.69e-06,2.58e-06,2.88e-06,2.88e-06,2.59e-06,2.74e-06,2.45e-06,2.64e-06
tanzania,3.07e-06,3.49e-06,3.48e-06,3.18e-06,3.19e-06,4.26e-06,4.42e-06,4.43e-06,3.28e-06
preserve,2.325e-05,2.425e-05,2.364e-05,2.274e-05,2.216e-05,2.284e-05,2.241e-05,2.247e-05,2.375e-05
jvc,6.5e-07,6.3e-07,6.1e-07,6.1e-07,7.6e-07,7.6e-07,7.6e-07,7.6e-07,6.4e-07
poem,5.65e-06,6.02e-06,6.21e-06,6.22e-06,6.22e-06,6.4e-06,6.1e-06,5.5e-06,5.84e-06
vibrator,1.6e-07,0.0,0.0,0.0,1.5e-07,1.5e-07,1.5e-07,1.5e-07,8e-08
unsigned,8.23e-06,8.72e-06,8.03e-06,8.19e-06,8.5e-06,8.53e-06,8.69e-06,8.71e-06,8.47e-06
staying,2.1e-06,2.22e-06,2.58e-06,2.88e-06,2.43e-06,2.59e-06,2.29e-06,2.45e-06,2.16e-06
cosmetics,1.78e-06,2.06e-06,2.42e-06,2.58e-06,2.73e-06,2.44e-06,2.59e-06,2.6e-06,1.92e-06
easter,6.3e-06,5.86e-06,5.76e-06,5.16e-06,5.62e-06,5.18e-06,5.64e-06,5.5e-06,6.08e-06
theories,4.327e-05,4.422e-05,4.53e-05,4.791e-05,5.176e-05,5.268e-05,5.411e-05,5.351e-05,4.374e-05
repository,6.91e-05,6.847e-05,7e-05,7.156e-05,7.028e-05,6.882e-05,6.996e-05,6.987e-05,6.878e-05
praise,1.873e-05,2.013e-05,2.5e-05,2.699e-05,2.914e-05,3.076e-05,3.247e-05,3.287e-05,1.943e-05
jeremy,1.066e-05,1.03e-05,1.136e-05,1.137e-05,1.108e-05,1.127e-05,1.128e-05,1.131e-05,1.048e-05
venice,2.58e-06,2.54e-06,2.12e-06,2.12e-06,2.12e-06,2.44e-06,2.59e-06,2.6e-06,2.56e-06
jo,2.42e-06,2.69e-06,2.58e-06,2.58e-06,2.58e-06,2.44e-06,2.29e-06,2.45e-06,2.56e-06
concentrations,3.87e-06,3.33e-06,3.18e-06,3.03e-06,2.73e-06,2.74e-06,2.59e-06,2.75e-06,3.6e-06
vibrators,1.6e-07,1.6e-07,1.5e-07,1.5e-07,1.5e-07,1.5e-07,1.5e-07,1.5e-07,1.6e-07
estonia,1.082e-05,1.173e-05,1.121e-05,1.122e-05,1.138e-05,1.142e-05,1.097e-05,1.33e-05,1.127e-05
christianity,1.45e-06,1.74e-06,1.67e-06,1.52e-06,7.6e-07,9.1e-07,6.1e-07,6.1e-07,1.59e-06
veteran,9.04e-06,8.72e-06,9.24e-06,9.7e-06,1.002e-05,1.005e-05,9.76e-06,9.63e-06,8.88e-06
streams,4.763e-05,4.993e-05,5.03e-05,5.034e-05,5.176e-05,5.116e-05,5.198e-05,5.168e-05,4.878e-05
landing,9.36e-06,9.35e-06,9.85e-06,1.016e-05,1.002e-05,9.59e-06,9.6e-06,9.78e-06,9.36e-06
signing,1.582e-05,1.633e-05,1.591e-05,1.683e-05,1.654e-05,1.629e-05,1.677e-05,1.712e-05,1.608e-05
executed,7.039e-05,6.958e-05,6.772e-05,6.702e-05,6.754e-05,6.669e-05,6.692e-05,6.62e-05,6.999e-05
katie,2.91e-06,2.85e-06,2.58e-06,2.58e-06,2.58e-06,2.44e-06,2.74e-06,2.45e-06,2.88e-06
negotiations,4.2e-06,4.6e-06,4.39e-06,4.7e-06,4.4e-06,4.26e-06,4.27e-06,4.28e-06,4.4e-06
realistic,3.116e-05,3.059e-05,3.182e-05,3.23e-05,3.263e-05,3.228e-05,3.231e-05,3.18e-05,3.087e-05
dt,2.74e-06,2.85e-06,2.73e-06,3.03e-06,2.88e-06,2.59e-06,2.13e-06,1.83e-06,2.79e-06
cgi,2.406e-05,2.346e-05,2.485e-05,2.441e-05,2.292e-05,2.132e-05,1.982e-05,1.942e-05,2.376e-05
showcase,1.033e-05,9.19e-06,9.24e-06,8.95e-06,9.11e-06,8.98e-06,8.99e-06,8.87e-06,9.76e-06
integral,4.069e-05,4.089e-05,4.091e-05,3.988e-05,4.083e-05,4.02e-05,4.085e-05,4.113e-05,4.079e-05
asks,1.098e-05,1.078e-05,1.182e-05,1.198e-05,1.184e-05,1.218e-05,1.296e-05,1.315e-05,1.088e-05
relax,5e-06,4.91e-06,4.7e-06,5e-06,5.01e-06,5.02e-06,5.03e-06,5.05e-06,4.95e-06
namibia,1.13e-06,1.27e-06,1.82e-06,1.97e-06,1.97e-06,1.83e-06,1.52e-06,1.53e-06,1.2e-06
generating,5.748e-05,5.627e-05,5.575e-05,5.61e-05,5.555e-05,5.527e-05,5.594e-05,5.718e-05,5.688e-05
christina,1.45e-06,1.11e-06,1.36e-06,1.36e-06,1.37e-06,1.37e-06,1.68e-06,1.68e-06,1.28e-06
congressional,8.23e-06,8.24e-06,7.88e-06,7.88e-06,8.2e-06,8.53e-06,8.69e-06,8.71e-06,8.24e-06
synopsis,2.42e-06,2.38e-06,2.27e-06,2.43e-06,2.28e-06,2.59e-06,2.59e-06,2.6e-06,2.4e-06
hardly,1.61e-06,1.43e-06,1.21e-06,1.21e-06,1.21e-06,1.22e-06,1.22e-06,1.07e-06,1.52e-06
prairie,2.42e-06,2.22e-06,2.12e-06,2.12e-06,2.43e-06,2.28e-06,2.29e-06,2.45e-06,2.32e-06
reunion,1.13e-06,9.5e-07,9.1e-07,7.6e-07,7.6e-07,7.6e-07,9.1e-07,9.2e-07,1.04e-06
composer,2.406e-05,2.362e-05,2.394e-05,2.471e-05,2.52e-05,2.528e-05,2.622e-05,2.584e-05,2.384e-05
bean,5.81e-06,5.86e-06,5.61e-06,5.31e-06,5.01e-06,5.33e-06,5.18e-06,5.5e-06,5.84e-06
sword,1.13e-05,1.189e-05,1.303e-05,1.365e-05,1.396e-05,1.34e-05,1.616e-05,1.59e-05,1.159e-05
absent,4.36e-06,4.6e-06,5.15e-06,5e-06,5.77e-06,5.94e-06,5.64e-06,5.96e-06,4.48e-06
photographic,1.857e-05,1.791e-05,1.742e-05,1.744e-05,1.746e-05,1.751e-05,1.768e-05,1.712e-05,1.824e-05
sells,3.035e-05,3.043e-05,3.273e-05,3.169e-05,3.081e-05,2.984e-05,2.972e-05,2.874e-05,3.039e-05
ecuador,2.42e-06,2.54e-06,3.33e-06,3.18e-06,3.04e-06,2.74e-06,2.74e-06,2.6e-06,2.48e-06
hoping,3.07e-06,3.17e-06,3.18e-06,3.34e-06,3.04e-06,3.2e-06,3.05e-06,2.9e-06,3.12e-06
accessed,0.00017792,0.00017831,0.00017196,0.00016951,0.00016879,0.00016323,0.00016005,0.00015671,0.00017812
spirits,1.94e-06,2.22e-06,2.12e-06,1.82e-06,1.67e-06,1.67e-06,1.37e-06,1.38e-06,2.08e-06
modifications,2.793e-05,2.726e-05,2.818e-05,2.729e-05,2.671e-05,2.649e-05,2.591e-05,2.691e-05,2.759e-05
coral,4.04e-06,4.12e-06,4.55e-06,4.85e-06,4.55e-06,4.42e-06,4.42e-06,4.43e-06,4.08e-06
pixel,9.752e-05,9.383e-05,9.469e-05,9.037e-05,8.819e-05,8.816e-05,8.841e-05,8.791e-05,9.568e-05
float,1.13e-05,1.125e-05,1.076e-05,1.061e-05,1.017e-05,9.74e-06,1.021e-05,1.07e-05,1.127e-05
colin,1.082e-05,1.078e-05,1.045e-05,1.016e-05,1.002e-05,9.9e-06,9.91e-06,1.04e-05,1.08e-05
bias,2.034e-05,2.219e-05,2.273e-05,2.456e-05,2.671e-05,2.923e-05,2.881e-05,2.981e-05,2.127e-05
imported,8.56e-06,8.88e-06,8.48e-06,9.25e-06,9.11e-06,9.14e-06,8.84e-06,8.87e-06,8.72e-06
paths,6.297e-05,6.15e-05,6.06e-05,6.034e-05,6.011e-05,5.969e-05,6.036e-05,6.054e-05,6.224e-05
bubble,2.551e-05,2.679e-05,2.667e-05,2.82e-05,2.747e-05,2.771e-05,2.728e-05,2.676e-05,2.615e-05
por,1.29e-06,1.11e-06,1.21e-06,7.6e-07,9.1e-07,1.07e-06,1.37e-06,1.38e-06,1.2e-06
acquire,3.374e-05,3.408e-05,3.333e-05,3.366e-05,3.233e-05,3.121e-05,3.064e-05,3.012e-05,3.391e-05
contrary,1.114e-05,1.03e-05,1.045e-05,9.55e-06,1.032e-05,9.59e-06,9.15e-06,8.71e-06,1.072e-05
millennium,1.114e-05,1.141e-05,1.076e-05,1.077e-05,1.062e-05,1.127e-05,1.158e-05,1.07e-05,1.127e-05
tribune,1.066e-05,1.094e-05,1.076e-05,1.001e-05,9.71e-06,9.44e-06,9.76e-06,9.17e-06,1.08e-05
vessel,6.3e-06,6.34e-06,7.27e-06,8.04e-06,8.2e-06,7.61e-06,8.08e-06,8.41e-06,6.32e-06
acids,5.97e-06,6.5e-06,7.12e-06,6.97e-06,6.98e-06,7e-06,6.55e-06,6.57e-06,6.23e-06
focusing,5.021e-05,5.294e-05,5.212e-05,5.155e-05,5.252e-05,5.207e-05,5.152e-05,5.244e-05,5.158e-05
viruses,2.955e-05,2.885e-05,2.848e-05,2.729e-05,2.747e-05,2.786e-05,2.82e-05,2.783e-05,2.92e-05
cheaper,1.582e-05,1.601e-05,1.5e-05,1.577e-05,1.563e-05,1.553e-05,1.524e-05,1.468e-05,1.591e-05
admitted,7.27e-06,7.61e-06,6.82e-06,6.97e-06,7.13e-06,6.4e-06,6.71e-06,6.73e-06,7.44e-06
dairy,4.8e-07,6.3e-07,7.6e-07,6.1e-07,6.1e-07,4.6e-07,1.5e-07,1.5e-07,5.5e-07
admit,5.17e-06,5.07e-06,5.15e-06,4.4e-06,4.55e-06,4.26e-06,3.66e-06,3.52e-06,5.12e-06
mem,1.45e-06,1.58e-06,1.67e-06,1.67e-06,1.67e-06,1.67e-06,1.68e-06,1.99e-06,1.51e-06
fancy,3.87e-06,3.8e-06,4.24e-06,4.4e-06,4.4e-06,4.26e-06,4.42e-06,4.13e-06,3.83e-06
equality,1.76e-05,1.712e-05,1.894e-05,1.88e-05,1.806e-05,1.858e-05,1.844e-05,1.819e-05,1.736e-05
samoa,1.61e-06,1.58e-06,1.52e-06,1.52e-06,1.52e-06,1.22e-06,1.22e-06,1.22e-06,1.59e-06
gc,9.36e-06,9.19e-06,8.79e-06,9.4e-06,9.26e-06,9.29e-06,8.84e-06,8.87e-06,9.28e-06
achieving,1.986e-05,1.981e-05,1.985e-05,2.017e-05,2.064e-05,2.071e-05,2.119e-05,2.156e-05,1.983e-05
tap,1.598e-05,1.522e-05,1.454e-05,1.456e-05,1.487e-05,1.507e-05,1.494e-05,1.468e-05,1.56e-05
stickers,5.65e-06,6.02e-06,5.76e-06,6.22e-06,6.22e-06,5.94e-06,5.79e-06,5.66e-06,5.84e-06
fisheries,2.26e-06,2.22e-06,2.27e-06,2.12e-06,2.12e-06,2.13e-06,2.13e-06,1.99e-06,2.24e-06
exceptions,2.034e-05,1.997e-05,2.091e-05,2.138e-05,2.049e-05,2.116e-05,2.073e-05,2.11e-05,2.015e-05
reactions,2.002e-05,1.87e-05,1.939e-05,1.91e-05,1.943e-05,1.979e-05,2.073e-05,2.095e-05,1.936e-05
leasing,8.1e-07,7.9e-07,1.06e-06,9.1e-07,9.1e-07,1.07e-06,1.07e-06,1.22e-06,8e-07
lauren,4.2e-06,4.12e-06,4.24e-06,3.94e-06,3.49e-06,3.5e-06,3.51e-06,3.67e-06,4.16e-06
beliefs,6.94e-06,7.29e-06,7.12e-06,6.97e-06,7.29e-06,7e-06,7.32e-06,7.03e-06,7.11e-06
ci,7.43e-06,7.92e-06,7.58e-06,8.04e-06,8.5e-06,8.37e-06,8.23e-06,9.02e-06,7.68e-06
macromedia,1.114e-05,1.094e-05,1.03e-05,1.001e-05,1.108e-05,1.142e-05,1.052e-05,1.055e-05,1.104e-05
companion,2.147e-05,2.267e-05,2.273e-05,2.305e-05,2.292e-05,2.345e-05,2.286e-05,2.355e-05,2.207e-05
squad,6.94e-06,7.61e-06,7.27e-06,7.43e-06,7.74e-06,7.46e-06,7.47e-06,7.8e-06,7.27e-06
analyze,5.053e-05,5.167e-05,5.363e-05,5.337e-05,5.358e-05,5.36e-05,5.396e-05,5.259e-05,5.11e-05
ashley,3.55e-06,3.65e-06,3.94e-06,3.94e-06,3.95e-06,3.81e-06,3.81e-06,3.82e-06,3.6e-06
scroll,6.62e-06,6.18e-06,5.45e-06,5.76e-06,5.31e-06,5.48e-06,5.33e-06,5.2e-06,6.4e-06
relate,1.259e-05,1.3e-05,1.242e-05,1.304e-05,1.305e-05,1.325e-05,1.372e-05,1.407e-05,1.279e-05
divisions,1.744e-05,1.728e-05,1.712e-05,1.713e-05,1.654e-05,1.705e-05,1.738e-05,1.712e-05,1.736e-05
swim,4.84e-06,4.75e-06,4.24e-06,4.55e-06,4.55e-06,4.42e-06,4.73e-06,5.05e-06,4.8e-06
wages,6.5e-07,7.9e-07,7.6e-07,7.6e-07,7.6e-07,6.1e-07,9.1e-07,9.2e-07,7.2e-07
additionally,6.426e-05,6.372e-05,6.227e-05,6.247e-05,6.375e-05,6.441e-05,6.829e-05,7.002e-05,6.399e-05
suffer,7.59e-06,7.45e-06,7.58e-06,8.19e-06,8.5e-06,7.77e-06,7.77e-06,7.64e-06,7.52e-06
forests,5.65e-06,5.71e-06,5.91e-06,6.22e-06,6.53e-06,6.7e-06,6.4e-06,6.12e-06,5.68e-06
fellowship,1.728e-05,1.902e-05,1.924e-05,1.956e-05,1.928e-05,1.873e-05,1.844e-05,1.865e-05,1.815e-05
nano,1.55e-05,1.633e-05,1.727e-05,1.668e-05,1.7e-05,1.69e-05,1.692e-05,1.667e-05,1.591e-05
invalid,1.501e-05,1.522e-05,1.485e-05,1.531e-05,1.503e-05,1.462e-05,1.494e-05,1.529e-05,1.512e-05
concerts,6.94e-06,7.29e-06,6.97e-06,6.97e-06,6.37e-06,6.85e-06,7.01e-06,7.03e-06,7.11e-06
martial,4.84e-06,4.44e-06,4.7e-06,4.55e-06,5.16e-06,5.33e-06,4.88e-06,4.89e-06,4.64e-06
males,2.74e-06,2.54e-06,1.82e-06,1.67e-06,1.67e-06,1.37e-06,1.98e-06,1.83e-06,2.64e-06
victorian,8.23e-06,8.08e-06,7.58e-06,8.19e-06,8.2e-06,6.7e-06,6.71e-06,6.73e-06,8.16e-06
retain,1.405e-05,1.379e-05,1.288e-05,1.304e-05,1.381e-05,1.431e-05,1.524e-05,1.514e-05,1.392e-05
colours,1.324e-05,1.268e-05,1.333e-05,1.349e-05,1.26e-05,1.294e-05,1.402e-05,1.498e-05,1.296e-05
execute,5.78e-05,5.706e-05,5.651e-05,5.701e-05,5.783e-05,5.771e-05,5.884e-05,5.932e-05,5.743e-05
tunnel,1.614e-05,1.664e-05,1.606e-05,1.607e-05,1.67e-05,1.614e-05,1.631e-05,1.621e-05,1.639e-05
genres,2.131e-05,2.203e-05,2.227e-05,2.229e-05,2.231e-05,2.254e-05,2.393e-05,2.446e-05,2.167e-05
cambodia,1.94e-06,2.22e-06,2.42e-06,2.58e-06,2.28e-06,2.44e-06,2.29e-06,2.29e-06,2.08e-06
patents,4.698e-05,4.707e-05,4.606e-05,4.503e-05,4.417e-05,4.355e-05,4.375e-05,4.266e-05,4.703e-05
copyrights,3.39e-06,4.12e-06,3.79e-06,3.79e-06,3.95e-06,3.65e-06,3.66e-06,3.82e-06,3.76e-06
yn,4.8e-07,4.8e-07,4.5e-07,4.5e-07,4.6e-07,4.6e-07,4.6e-07,4.6e-07,4.8e-07
chaos,3.487e-05,3.455e-05,3.454e-05,3.533e-05,3.476e-05,3.472e-05,3.567e-05,3.501e-05,3.471e-05
lithuania,3.23e-06,3.65e-06,3.33e-06,3.18e-06,3.49e-06,3.81e-06,3.35e-06,3.98e-06,3.44e-06
mastercard,5.97e-06,5.23e-06,5.45e-06,5e-06,5.46e-06,4.57e-06,4.73e-06,4.89e-06,5.6e-06
wheat,1.45e-06,1.11e-06,1.06e-06,1.06e-06,1.06e-06,1.07e-06,1.07e-06,1.07e-06,1.28e-06
chronicles,1.243e-05,1.252e-05,1.333e-05,1.289e-05,1.336e-05,1.34e-05,1.341e-05,1.361e-05,1.247e-05
obtaining,1.873e-05,1.902e-05,2.076e-05,2.001e-05,1.943e-05,1.949e-05,1.89e-05,1.911e-05,1.887e-05
beaver,1.78e-06,2.06e-06,2.42e-06,2.12e-06,1.97e-06,1.67e-06,1.68e-06,1.83e-06,1.92e-06
updating,1.873e-05,1.95e-05,1.894e-05,1.88e-05,1.852e-05,1.979e-05,1.982e-05,2.033e-05,1.911e-05
distribute,2.89e-05,2.821e-05,2.667e-05,2.79e-05,2.899e-05,2.954e-05,3.018e-05,2.92e-05,2.856e-05
readings,6.46e-06,6.18e-06,6.67e-06,6.67e-06,6.83e-06,6.7e-06,7.01e-06,6.42e-06,6.32e-06
decorative,1.45e-06,1.74e-06,1.97e-06,1.97e-06,1.97e-06,2.13e-06,2.13e-06,2.14e-06,1.59e-06
kijiji,3.2e-07,3.2e-07,3e-07,3e-07,3e-07,3e-07,1.5e-07,1.5e-07,3.2e-07
confused,5.457e-05,5.405e-05,5.06e-05,4.822e-05,4.918e-05,4.735e-05,4.573e-05,4.648e-05,5.431e-05
compiler,0.00017049,0.00016943,0.0001662,0.00016345,0.0001662,0.00016779,0.00016416,0.00016313,0.00016996
enlargement,4.8e-07,6.3e-07,6.1e-07,6.1e-07,6.1e-07,6.1e-07,6.1e-07,6.1e-07,5.5e-07
eagles,8.1e-07,6.3e-07,6.1e-07,7.6e-07,7.6e-07,7.6e-07,7.6e-07,7.6e-07,7.2e-07
bases,2.68e-05,2.742e-05,2.667e-05,2.729e-05,2.732e-05,2.741e-05,2.759e-05,2.691e-05,2.711e-05
vii,7.59e-06,7.13e-06,7.42e-06,8.19e-06,8.5e-06,8.98e-06,8.99e-06,9.02e-06,7.36e-06
accused,1.356e-05,1.426e-05,1.545e-05,1.456e-05,1.427e-05,1.279e-05,1.265e-05,1.269e-05,1.391e-05
bee,4.68e-06,4.91e-06,5.15e-06,6.06e-06,6.07e-06,5.94e-06,6.1e-06,5.5e-06,4.79e-06
campaigns,1.808e-05,1.965e-05,2e-05,2.138e-05,2.14e-05,2.116e-05,2.088e-05,2.171e-05,1.886e-05
unity,1.744e-05,1.664e-05,1.727e-05,1.653e-05,1.624e-05,1.644e-05,1.616e-05,1.651e-05,1.704e-05
loud,6.14e-06,6.34e-06,6.51e-06,6.22e-06,6.53e-06,7e-06,7.16e-06,7.34e-06,6.24e-06
conjunction,4.924e-05,4.882e-05,4.909e-05,4.958e-05,4.887e-05,4.949e-05,4.893e-05,4.847e-05,4.903e-05
bride,1.61e-06,1.74e-06,1.67e-06,1.67e-06,1.67e-06,1.67e-06,1.37e-06,1.22e-06,1.68e-06
rats,2.42e-06,2.38e-06,2.42e-06,2.88e-06,3.04e-06,3.05e-06,3.35e-06,3.52e-06,2.4e-06
defines,9.59e-05,9.367e-05,9.348e-05,9.264e-05,9.274e-05,9.319e-05,9.329e-05,9.433e-05,9.479e-05
airports,7.1e-06,7.92e-06,7.88e-06,8.04e-06,8.2e-06,8.22e-06,7.77e-06,7.64e-06,7.51e-06
instances,5.102e-05,4.977e-05,4.985e-05,4.973e-05,4.948e-05,4.903e-05,4.801e-05,4.831e-05,5.04e-05
indigenous,5.97e-06,6.02e-06,6.21e-06,6.06e-06,6.68e-06,7.16e-06,7.47e-06,7.19e-06,5.99e-06
begun,2.067e-05,2.171e-05,2.167e-05,2.138e-05,2.14e-05,2.056e-05,1.982e-05,1.957e-05,2.119e-05
cfr,9.7e-07,1.11e-06,1.21e-06,1.21e-06,1.21e-06,1.22e-06,1.37e-06,1.38e-06,1.04e-06
brunette,1.6e-07,1.6e-07,1.5e-07,1.5e-07,1.5e-07,1.5e-07,1.5e-07,1.5e-07,1.6e-07
packets,8.912e-05,8.844e-05,8.742e-05,8.339e-05,8.379e-05,8.253e-05,8.231e-05,8.333e-05,8.878e-05
anchor,9.36e-06,9.51e-06,9.39e-06,9.55e-06,9.26e-06,9.14e-06,9.3e-06,9.48e-06,9.44e-06
socks,1.61e-06,1.43e-06,1.67e-06,1.52e-06,1.37e-06,1.52e-06,1.52e-06,1.68e-06,1.52e-06
validation,4.101e-05,4.137e-05,4.227e-05,4.306e-05,4.22e-05,4.294e-05,4.405e-05,4.373e-05,4.119e-05
parade,1.78e-06,1.43e-06,1.52e-06,1.06e-06,1.06e-06,1.07e-06,1.07e-06,1.07e-06,1.6e-06
corruption,1.744e-05,1.743e-05,1.742e-05,1.85e-05,1.791e-05,1.842e-05,1.753e-05,1.774e-05,1.743e-05
stat,2.1e-06,1.58e-06,1.21e-06,1.21e-06,1.06e-06,1.07e-06,1.52e-06,1.53e-06,1.84e-06
trigger,1.921e-05,1.965e-05,1.864e-05,1.835e-05,1.821e-05,1.827e-05,1.829e-05,1.865e-05,1.943e-05
incentives,3.07e-06,2.38e-06,2.27e-06,2.58e-06,2.43e-06,2.59e-06,2.59e-06,2.45e-06,2.73e-06
cholesterol,1.6e-07,1.6e-07,1.5e-07,1.5e-07,1.5e-07,1.5e-07,1.5e-07,1.5e-07,1.6e-07
gathered,1.518e-05,1.474e-05,1.545e-05,1.577e-05,1.472e-05,1.462e-05,1.524e-05,1.529e-05,1.496e-05
essex,8.4e-06,7.61e-06,7.42e-06,6.97e-06,6.37e-06,6.24e-06,5.79e-06,4.89e-06,8e-06
slovenia,1.631e-05,1.617e-05,1.651e-05,1.622e-05,1.609e-05,1.492e-05,1.479e-05,1.514e-05,1.624e-05
notified,5.49e-06,5.23e-06,5.45e-06,5e-06,5.01e-06,5.02e-06,4.88e-06,4.74e-06,5.36e-06
differential,9.978e-05,9.906e-05,9.954e-05,0.00010037,0.00010109,0.00010232,0.00010182,0.00010213,9.942e-05
beaches,3.2e-07,4.8e-07,6.1e-07,6.1e-07,6.1e-07,6.1e-07,6.1e-07,6.1e-07,4e-07
folders,1.146e-05,1.189e-05,1.136e-05,1.092e-05,1.093e-05,1.096e-05,1.082e-05,1.086e-05,1.167e-05
dramatic,7.43e-06,7.77e-06,7.58e-06,7.73e-06,8.04e-06,7.92e-06,7.93e-06,7.49e-06,7.6e-06
surfaces,5.554e-05,5.468e-05,5.348e-05,5.398e-05,5.449e-05,5.421e-05,5.365e-05,5.428e-05,5.511e-05
terrible,1.45e-06,1.58e-06,1.52e-06,1.21e-06,1.06e-06,1.07e-06,1.37e-06,1.38e-06,1.51e-06
routers,6.555e-05,6.546e-05,6.424e-05,6.398e-05,6.405e-05,6.426e-05,6.448e-05,6.421e-05,6.55e-05
cruz,1.179e-05,1.141e-05,1.197e-05,1.228e-05,1.245e-05,1.233e-05,1.143e-05,1.162e-05,1.16e-05
pendant,3.2e-07,3.2e-07,3e-07,4.5e-07,7.6e-07,7.6e-07,6.1e-07,6.1e-07,3.2e-07
dresses,3.2e-07,3.2e-07,3e-07,3e-07,3e-07,3e-07,1.5e-07,3.1e-07,3.2e-07
baptist,1.13e-06,9.5e-07,9.1e-07,7.6e-07,7.6e-07,7.6e-07,7.6e-07,7.6e-07,1.04e-06
scientist,0.00037004,0.00039672,0.00042088,0.00042272,0.0004291,0.00043593,0.00044265,0.00045133,0.00038338
starsmerchant,0.0,0.0,0.0,0.0,0.0,0.0,0.0,0.0,0.0
hiring,3.23e-06,3.65e-06,4.85e-06,4.4e-06,4.71e-06,4.87e-06,4.73e-06,4.43e-06,3.44e-06
clocks,1.211e-05,1.189e-05,1.212e-05,1.228e-05,1.154e-05,1.157e-05,1.174e-05,1.101e-05,1.2e-05
arthritis,9.7e-07,9.5e-07,1.06e-06,9.1e-07,9.1e-07,1.22e-06,1.22e-06,1.22e-06,9.6e-07
bios,3.939e-05,3.725e-05,3.742e-05,3.912e-05,4.311e-05,4.157e-05,4.161e-05,4.296e-05,3.832e-05
females,2.74e-06,2.69e-06,1.97e-06,1.82e-06,1.82e-06,1.52e-06,1.52e-06,1.53e-06,2.72e-06
wallace,1.033e-05,1.03e-05,9.39e-06,9.4e-06,1.002e-05,1.035e-05,1.021e-05,1.04e-05,1.031e-05
nevertheless,1.986e-05,1.934e-05,1.879e-05,1.819e-05,1.806e-05,1.873e-05,1.875e-05,1.881e-05,1.96e-05
reflects,1.275e-05,1.252e-05,1.258e-05,1.274e-05,1.214e-05,1.172e-05,1.235e-05,1.254e-05,1.264e-05
taxation,9.7e-07,9.5e-07,1.21e-06,1.06e-06,9.1e-07,9.1e-07,9.1e-07,9.2e-07,9.6e-07
fever,3.87e-06,4.44e-06,4.24e-06,4.7e-06,4.55e-06,4.26e-06,4.12e-06,4.28e-06,4.16e-06
pmc,1.146e-05,1.094e-05,9.39e-06,8.34e-06,8.2e-06,8.83e-06,8.23e-06,8.26e-06,1.12e-05
cuisine,6.5e-07,4.8e-07,6.1e-07,4.5e-07,4.6e-07,1.5e-07,1.5e-07,1.5e-07,5.6e-07
surely,1.45e-06,1.58e-06,1.82e-06,1.82e-06,1.82e-06,1.98e-06,2.13e-06,2.45e-06,1.51e-06
practitioners,1.824e-05,1.823e-05,1.848e-05,1.941e-05,1.897e-05,1.934e-05,1.844e-05,1.865e-05,1.824e-05
transcript,5.97e-06,5.55e-06,5.61e-06,5.31e-06,5.46e-06,5.33e-06,5.64e-06,5.66e-06,5.76e-06
myspace,1.292e-05,1.284e-05,1.212e-05,1.198e-05,1.154e-05,1.127e-05,1.128e-05,1.055e-05,1.288e-05
theorem,0.00017372,0.00017133,0.00017302,0.0001727,0.00017197,0.00017282,0.00017422,0.00017475,0.00017253
inflation,2.58e-06,2.69e-06,2.42e-06,2.12e-06,2.28e-06,2.28e-06,2.13e-06,2.14e-06,2.64e-06
thee,0.0,1.6e-07,0.0,0.0,3e-07,0.0,0.0,1.5e-07,8e-08
nb,1.78e-06,2.38e-06,2.58e-06,2.58e-06,2.43e-06,2.28e-06,2.29e-06,2.29e-06,2.08e-06
ruth,5.65e-06,6.5e-06,6.36e-06,7.88e-06,7.74e-06,7.77e-06,8.08e-06,8.1e-06,6.08e-06
pray,9.7e-07,9.5e-07,9.1e-07,9.1e-07,9.1e-07,6.1e-07,6.1e-07,6.1e-07,9.6e-07
stylus,1.388e-05,1.363e-05,1.273e-05,1.137e-05,1.154e-05,1.203e-05,1.158e-05,1.07e-05,1.375e-05
compounds,7.59e-06,7.13e-06,7.58e-06,7.88e-06,8.2e-06,8.22e-06,8.54e-06,8.56e-06,7.36e-06
pope,3.23e-06,5.71e-06,3.79e-06,3.79e-06,4.1e-06,3.96e-06,4.12e-06,4.59e-06,4.47e-06
drums,5.17e-06,4.91e-06,4.85e-06,4.4e-06,4.71e-06,4.72e-06,4.27e-06,3.98e-06,5.04e-06
contracting,3.87e-06,4.28e-06,3.94e-06,3.49e-06,3.49e-06,3.35e-06,3.05e-06,2.9e-06,4.07e-06
topless,0.0,0.0,0.0,0.0,0.0,0.0,0.0,0.0,0.0
arnold,1.098e-05,1.109e-05,1.061e-05,1.031e-05,1.108e-05,1.157e-05,1.174e-05,1.193e-05,1.104e-05
structured,8.993e-05,8.86e-05,8.909e-05,8.885e-05,9.031e-05,8.801e-05,8.947e-05,9.173e-05,8.926e-05
reasonably,8.72e-06,8.4e-06,8.64e-06,7.88e-06,8.04e-06,8.22e-06,7.93e-06,7.64e-06,8.56e-06
jeep,1.29e-06,1.27e-06,1.36e-06,1.21e-06,1.21e-06,1.07e-06,1.22e-06,1.22e-06,1.28e-06
chicks,1.6e-07,1.6e-07,1.5e-07,1.5e-07,1.5e-07,1.5e-07,1.5e-07,1.5e-07,1.6e-07
bare,8.88e-06,9.19e-06,9.24e-06,9.1e-06,9.41e-06,9.29e-06,9.76e-06,1.055e-05,9.04e-06
hung,1.45e-06,1.58e-06,1.97e-06,1.82e-06,1.97e-06,1.98e-06,1.98e-06,1.99e-06,1.51e-06
cattle,3.2e-07,4.8e-07,6.1e-07,6.1e-07,7.6e-07,6.1e-07,6.1e-07,7.6e-07,4e-07
mba,5.17e-06,5.07e-06,4.85e-06,5e-06,5.01e-06,4.87e-06,5.18e-06,5.05e-06,5.12e-06
radical,1.324e-05,1.268e-05,1.273e-05,1.258e-05,1.199e-05,1.203e-05,1.235e-05,1.238e-05,1.296e-05
graduates,7.27e-06,7.77e-06,7.88e-06,7.13e-06,7.13e-06,7e-06,7.16e-06,7.34e-06,7.52e-06
rover,3.39e-06,2.85e-06,2.73e-06,3.34e-06,3.34e-06,3.5e-06,3.51e-06,3.82e-06,3.12e-06
recommends,7.27e-06,7.92e-06,7.58e-06,7.13e-06,7.29e-06,6.85e-06,7.01e-06,7.03e-06,7.6e-06
controlling,3.875e-05,3.82e-05,3.863e-05,3.927e-05,3.931e-05,3.822e-05,4.07e-05,4.22e-05,3.848e-05
treasure,1.372e-05,1.379e-05,1.409e-05,1.44e-05,1.639e-05,1.599e-05,1.6e-05,1.621e-05,1.375e-05
reload,1.78e-06,1.74e-06,1.52e-06,1.52e-06,1.37e-06,1.37e-06,1.68e-06,1.68e-06,1.76e-06
distributors,1.275e-05,1.173e-05,1.182e-05,1.183e-05,1.214e-05,1.249e-05,1.189e-05,1.254e-05,1.224e-05
flame,6.94e-06,7.13e-06,6.97e-06,8.04e-06,7.74e-06,7.61e-06,7.62e-06,7.64e-06,7.03e-06
levitra,0.0,0.0,0.0,0.0,0.0,0.0,0.0,0.0,0.0
tanks,4.36e-06,4.28e-06,5e-06,5.31e-06,5.46e-06,5.02e-06,5.18e-06,5.35e-06,4.32e-06
assuming,1.857e-05,1.886e-05,1.97e-05,2.032e-05,2.064e-05,2.132e-05,2.104e-05,2.079e-05,1.871e-05
monetary,8.56e-06,8.08e-06,8.18e-06,8.34e-06,8.2e-06,7.92e-06,8.54e-06,8.87e-06,8.32e-06
elderly,3.39e-06,3.65e-06,4.09e-06,3.49e-06,3.19e-06,3.2e-06,3.2e-06,3.36e-06,3.52e-06
pit,3.71e-06,3.65e-06,3.48e-06,3.49e-06,3.64e-06,3.5e-06,3.66e-06,3.82e-06,3.68e-06
arlington,6.46e-06,6.5e-06,6.36e-06,6.37e-06,5.92e-06,6.09e-06,6.25e-06,6.27e-06,6.48e-06
mono,9.69e-06,9.67e-06,1.03e-05,9.25e-06,9.11e-06,9.14e-06,8.99e-06,8.87e-06,9.68e-06
particles,4.02e-05,3.836e-05,3.773e-05,3.609e-05,3.734e-05,3.913e-05,3.841e-05,3.731e-05,3.928e-05
floating,7.604e-05,7.925e-05,8.09e-05,8.036e-05,7.802e-05,7.796e-05,7.728e-05,7.797e-05,7.764e-05
extraordinary,4.04e-06,4.28e-06,4.39e-06,4.09e-06,4.1e-06,3.96e-06,4.27e-06,4.43e-06,4.16e-06
tile,1.066e-05,1.03e-05,1.061e-05,1.061e-05,1.032e-05,1.005e-05,9.91e-06,9.48e-06,1.048e-05
indicating,1.986e-05,1.981e-05,1.954e-05,1.971e-05,2.019e-05,2.086e-05,2.119e-05,2.095e-05,1.983e-05
bolivia,1.61e-06,1.74e-06,1.67e-06,1.82e-06,1.82e-06,1.67e-06,1.83e-06,1.68e-06,1.68e-06
spell,9.36e-06,9.35e-06,9.54e-06,8.34e-06,8.2e-06,8.68e-06,8.84e-06,8.87e-06,9.36e-06
hottest,1.94e-06,1.74e-06,1.82e-06,1.36e-06,1.52e-06,1.37e-06,1.37e-06,1.38e-06,1.84e-06
stevens,9.69e-06,9.83e-06,1.076e-05,9.7e-06,8.8e-06,8.37e-06,8.23e-06,8.56e-06,9.76e-06
coordinate,4.94e-05,4.961e-05,4.621e-05,4.67e-05,4.721e-05,4.781e-05,4.801e-05,4.755e-05,4.951e-05
kuwait,2.91e-06,2.54e-06,3.33e-06,3.79e-06,3.79e-06,3.81e-06,3.35e-06,3.36e-06,2.73e-06
exclusively,5.538e-05,5.389e-05,5.651e-05,5.686e-05,5.859e-05,5.679e-05,5.594e-05,5.428e-05,5.464e-05
emily,6.3e-06,6.34e-06,6.21e-06,6.82e-06,6.98e-06,6.24e-06,6.55e-06,6.12e-06,6.32e-06
alleged,1.824e-05,1.854e-05,2.076e-05,1.971e-05,2.064e-05,2.223e-05,2.119e-05,2.217e-05,1.839e-05
limitation,1.275e-05,1.284e-05,1.318e-05,1.334e-05,1.336e-05,1.386e-05,1.357e-05,1.376e-05,1.28e-05
widescreen,2.26e-06,1.9e-06,2.42e-06,2.43e-06,2.28e-06,2.28e-06,2.44e-06,2.29e-06,2.08e-06
compile,3.746e-05,3.693e-05,3.606e-05,3.639e-05,3.749e-05,3.7e-05,3.765e-05,3.776e-05,3.719e-05
squirting,0.0,0.0,0.0,0.0,0.0,0.0,0.0,1.5e-07,0.0
webster,8.88e-06,9.19e-06,7.73e-06,7.28e-06,6.68e-06,7.16e-06,7.47e-06,6.88e-06,9.04e-06
struck,3.71e-06,3.65e-06,3.33e-06,3.49e-06,3.04e-06,3.05e-06,3.2e-06,3.36e-06,3.68e-06
rx,2.58e-06,2.69e-06,3.18e-06,3.64e-06,3.64e-06,3.65e-06,3.51e-06,3.67e-06,2.64e-06
illustration,1.162e-05,1.173e-05,1.091e-05,1.061e-05,1.017e-05,9.9e-06,1.006e-05,9.94e-06,1.167e-05
plymouth,1.94e-06,1.74e-06,1.82e-06,1.67e-06,1.67e-06,1.83e-06,1.68e-06,1.68e-06,1.84e-06
warnings,6.78e-06,6.66e-06,6.21e-06,6.22e-06,5.77e-06,6.24e-06,5.94e-06,5.81e-06,6.72e-06
construct,4.553e-05,4.359e-05,4.439e-05,4.503e-05,4.538e-05,4.492e-05,4.558e-05,4.633e-05,4.456e-05
apps,0.00010623,0.00011285,0.00011908,0.00012372,0.0001234,0.00012212,0.00012194,0.00012292,0.00010954
inquiries,2.58e-06,2.38e-06,1.82e-06,2.27e-06,2.28e-06,2.28e-06,2.59e-06,2.75e-06,2.48e-06
bridal,4.8e-07,4.8e-07,4.5e-07,4.5e-07,4.6e-07,4.6e-07,3e-07,4.6e-07,4.8e-07
annex,4.2e-06,5.07e-06,5e-06,5.16e-06,5.16e-06,5.02e-06,5.18e-06,5.2e-06,4.63e-06
mag,7.1e-06,6.66e-06,6.82e-06,6.82e-06,7.74e-06,7.46e-06,7.62e-06,7.34e-06,6.88e-06
gsm,2.147e-05,2.14e-05,2.212e-05,2.259e-05,2.14e-05,2.193e-05,2.241e-05,2.247e-05,2.144e-05
inspiration,1.857e-05,1.839e-05,2.182e-05,2.274e-05,2.307e-05,2.482e-05,2.546e-05,2.645e-05,1.848e-05
tribal,2.91e-06,3.01e-06,3.18e-06,3.03e-06,2.73e-06,2.74e-06,2.44e-06,2.29e-06,2.96e-06
curious,3.39e-06,3.8e-06,3.64e-06,3.64e-06,3.19e-06,2.89e-06,2.9e-06,2.75e-06,3.6e-06
affecting,1.679e-05,1.807e-05,1.773e-05,1.789e-05,1.73e-05,1.629e-05,1.585e-05,1.575e-05,1.743e-05
freight,2.42e-06,2.54e-06,2.42e-06,2.58e-06,2.43e-06,2.28e-06,2.74e-06,2.75e-06,2.48e-06
rebate,6.5e-07,4.8e-07,7.6e-07,9.1e-07,1.21e-06,1.07e-06,1.07e-06,1.07e-06,5.6e-07
meetup,9.7e-07,7.9e-07,1.21e-06,1.36e-06,1.21e-06,1.22e-06,1.52e-06,1.53e-06,8.8e-07
eclipse,4.182e-05,3.994e-05,3.939e-05,3.851e-05,3.825e-05,3.852e-05,3.841e-05,3.838e-05,4.088e-05
sudan,4.36e-06,4.28e-06,4.24e-06,3.94e-06,3.64e-06,3.65e-06,3.81e-06,4.13e-06,4.32e-06
ddr,6.94e-06,7.92e-06,8.03e-06,7.43e-06,7.29e-06,7.16e-06,7.32e-06,7.34e-06,7.43e-06
downloading,2.163e-05,2.156e-05,2.045e-05,2.032e-05,1.943e-05,1.919e-05,1.86e-05,1.819e-05,2.159e-05
rec,8.56e-06,8.56e-06,8.18e-06,8.19e-06,8.04e-06,7.77e-06,7.77e-06,6.27e-06,8.56e-06
shuttle,7.27e-06,7.61e-06,7.42e-06,7.88e-06,7.44e-06,7.31e-06,7.47e-06,7.64e-06,7.44e-06
aggregate,2.067e-05,1.997e-05,2e-05,2.032e-05,2.004e-05,1.995e-05,1.997e-05,1.911e-05,2.032e-05
stunning,3.2e-07,3.2e-07,6.1e-07,6.1e-07,6.1e-07,6.1e-07,6.1e-07,9.2e-07,3.2e-07
cycles,4.827e-05,4.834e-05,4.894e-05,4.943e-05,4.887e-05,4.857e-05,4.923e-05,5.03e-05,4.83e-05
affects,1.534e-05,1.743e-05,1.848e-05,1.759e-05,1.746e-05,1.736e-05,1.707e-05,1.667e-05,1.638e-05
forecasts,1.388e-05,1.331e-05,1.182e-05,1.107e-05,1.108e-05,1.112e-05,1.174e-05,1.147e-05,1.359e-05
detect,6.297e-05,6.514e-05,6.439e-05,6.686e-05,6.709e-05,6.73e-05,6.753e-05,6.712e-05,6.406e-05
sluts,0.0,0.0,0.0,0.0,0.0,0.0,0.0,0.0,0.0
actively,3.181e-05,3.107e-05,3.106e-05,3.23e-05,3.294e-05,3.365e-05,3.292e-05,3.394e-05,3.144e-05
ciao,2.74e-06,2.85e-06,2.73e-06,3.03e-06,3.04e-06,3.05e-06,3.05e-06,2.9e-06,2.79e-06
ampland,0.0,0.0,0.0,0.0,0.0,0.0,0.0,0.0,0.0
knee,4.8e-07,6.3e-07,4.5e-07,4.5e-07,6.1e-07,6.1e-07,6.1e-07,7.6e-07,5.5e-07
prep,1.29e-06,1.43e-06,1.21e-06,1.06e-06,1.06e-06,1.07e-06,7.6e-07,6.1e-07,1.36e-06
pb,2.26e-06,1.58e-06,2.42e-06,2.58e-06,2.58e-06,2.74e-06,2.59e-06,2.6e-06,1.92e-06
complicated,3.1e-05,3.027e-05,2.985e-05,2.926e-05,2.975e-05,3.091e-05,3.094e-05,3.073e-05,3.064e-05
chem,9.2e-06,7.29e-06,6.21e-06,5.61e-06,5.62e-06,5.79e-06,6.1e-06,5.81e-06,8.24e-06
fastest,4.65e-05,4.644e-05,4.636e-05,4.442e-05,4.432e-05,4.477e-05,4.497e-05,4.327e-05,4.647e-05
butler,6.94e-06,6.97e-06,6.97e-06,6.82e-06,6.53e-06,6.7e-06,6.25e-06,6.27e-06,6.96e-06
shopzilla,0.0,0.0,0.0,0.0,0.0,0.0,0.0,0.0,0.0
injured,1.45e-06,1.58e-06,1.67e-06,1.82e-06,1.82e-06,1.83e-06,2.13e-06,1.83e-06,1.51e-06
decorating,3.2e-07,3.2e-07,1.5e-07,1.5e-07,3e-07,1.5e-07,1.5e-07,1.5e-07,3.2e-07
payroll,3.71e-06,3.65e-06,4.24e-06,3.94e-06,3.95e-06,4.26e-06,4.12e-06,3.82e-06,3.68e-06
cookbook,1.94e-06,2.06e-06,1.82e-06,1.82e-06,1.82e-06,1.67e-06,1.68e-06,1.83e-06,2e-06
expressions,6.426e-05,6.689e-05,6.5e-05,6.505e-05,6.694e-05,6.806e-05,6.814e-05,6.834e-05,6.558e-05
ton,1.13e-06,7.9e-07,1.06e-06,1.06e-06,9.1e-07,1.07e-06,1.07e-06,1.07e-06,9.6e-07
courier,1.146e-05,1.157e-05,1.045e-05,1.001e-05,1.032e-05,1.035e-05,1.037e-05,1.086e-05,1.152e-05
uploaded,2.034e-05,2.029e-05,2.288e-05,2.214e-05,2.171e-05,2.086e-05,2.134e-05,2.064e-05,2.031e-05
shakespeare,3.87e-06,3.8e-06,3.79e-06,3.94e-06,3.95e-06,3.81e-06,3.66e-06,3.82e-06,3.83e-06
hints,3.39e-06,3.01e-06,3.18e-06,3.03e-06,3.04e-06,2.74e-06,2.74e-06,2.75e-06,3.2e-06
collapse,1.534e-05,1.553e-05,1.561e-05,1.531e-05,1.579e-05,1.584e-05,1.54e-05,1.452e-05,1.543e-05
americas,9.53e-06,9.35e-06,9.39e-06,1.046e-05,1.032e-05,1.081e-05,1.021e-05,1.086e-05,9.44e-06
connectors,2.809e-05,2.916e-05,2.833e-05,3.017e-05,2.99e-05,2.847e-05,3.033e-05,2.997e-05,2.862e-05
twinks,0.0,0.0,0.0,0.0,0.0,0.0,0.0,0.0,0.0
unlikely,9.85e-06,9.99e-06,9.39e-06,8.95e-06,9.11e-06,8.98e-06,8.38e-06,8.56e-06,9.92e-06
oe,1.94e-06,1.9e-06,1.36e-06,1.36e-06,1.06e-06,1.22e-06,1.22e-06,1.22e-06,1.92e-06
gif,1.582e-05,1.553e-05,1.606e-05,1.607e-05,1.548e-05,1.584e-05,1.479e-05,1.452e-05,1.568e-05
pros,2.26e-06,1.9e-06,1.82e-06,2.12e-06,2.12e-06,2.13e-06,2.29e-06,1.68e-06,2.08e-06
conflicts,1.485e-05,1.522e-05,1.591e-05,1.638e-05,1.609e-05,1.614e-05,1.631e-05,1.682e-05,1.504e-05
techno,5.33e-06,5.07e-06,5.61e-06,5.46e-06,5.62e-06,5.79e-06,5.18e-06,5.35e-06,5.2e-06
beverage,9.7e-07,1.27e-06,1.21e-06,1.52e-06,1.52e-06,1.52e-06,1.68e-06,1.83e-06,1.12e-06
tribute,4.36e-06,4.44e-06,4.85e-06,5.16e-06,5.16e-06,5.18e-06,5.33e-06,5.2e-06,4.4e-06
wired,6.151e-05,5.959e-05,5.378e-05,5.216e-05,5.115e-05,5.055e-05,4.939e-05,5e-05,6.055e-05
elvis,8.1e-07,7.9e-07,7.6e-07,4.5e-07,7.6e-07,7.6e-07,7.6e-07,7.6e-07,8e-07
immune,8.07e-06,7.61e-06,7.42e-06,7.28e-06,7.13e-06,7.16e-06,7.01e-06,7.03e-06,7.84e-06
latvia,5.81e-06,6.34e-06,5.76e-06,5.91e-06,5.46e-06,5.63e-06,5.49e-06,5.5e-06,6.08e-06
travelers,2.58e-06,2.22e-06,3.03e-06,3.18e-06,3.34e-06,2.89e-06,3.05e-06,3.06e-06,2.4e-06
forestry,2.1e-06,2.06e-06,1.97e-06,2.12e-06,2.28e-06,2.13e-06,2.13e-06,2.14e-06,2.08e-06
barriers,1.211e-05,1.331e-05,1.288e-05,1.334e-05,1.321e-05,1.264e-05,1.235e-05,1.208e-05,1.271e-05
cant,4.8e-07,4.8e-07,4.5e-07,4.5e-07,4.6e-07,3e-07,1.5e-07,1.5e-07,4.8e-07
jd,2.1e-06,1.9e-06,2.12e-06,2.73e-06,2.43e-06,2.28e-06,2.59e-06,2.14e-06,2e-06
rarely,2.438e-05,2.377e-05,2.227e-05,2.214e-05,2.171e-05,2.162e-05,2.164e-05,2.095e-05,2.408e-05
gpl,4.391e-05,4.327e-05,4.288e-05,4.2e-05,4.963e-05,4.979e-05,5e-05,4.954e-05,4.359e-05
infected,2.987e-05,3.027e-05,2.939e-05,3.017e-05,3.051e-05,3.152e-05,3.125e-05,3.119e-05,3.007e-05
offerings,1.921e-05,1.823e-05,1.909e-05,1.88e-05,2.004e-05,2.025e-05,2.088e-05,2.171e-05,1.872e-05
martha,5.65e-06,5.86e-06,5.61e-06,5.61e-06,5.46e-06,5.48e-06,5.49e-06,5.66e-06,5.75e-06
genesis,2.938e-05,3.107e-05,3.212e-05,3.245e-05,3.415e-05,3.441e-05,3.536e-05,3.623e-05,3.022e-05
barrier,1.824e-05,1.791e-05,1.727e-05,1.683e-05,1.73e-05,1.705e-05,1.631e-05,1.667e-05,1.807e-05
argue,8.07e-06,8.72e-06,9.85e-06,9.86e-06,1.047e-05,1.051e-05,1.143e-05,1.101e-05,8.4e-06
incorrect,1.518e-05,1.506e-05,1.515e-05,1.486e-05,1.548e-05,1.538e-05,1.54e-05,1.529e-05,1.512e-05
trains,6.14e-06,7.29e-06,7.88e-06,8.19e-06,7.89e-06,7.46e-06,7.77e-06,7.95e-06,6.71e-06
metals,3.71e-06,4.12e-06,3.94e-06,3.94e-06,4.1e-06,3.65e-06,3.66e-06,3.52e-06,3.92e-06
bicycle,4.84e-06,5.23e-06,4.39e-06,5.16e-06,4.71e-06,4.57e-06,4.27e-06,4.13e-06,5.04e-06
furnishings,6.5e-07,6.3e-07,6.1e-07,7.6e-07,7.6e-07,7.6e-07,6.1e-07,6.1e-07,6.4e-07
letting,6.62e-06,6.66e-06,5.91e-06,6.22e-06,6.07e-06,6.24e-06,5.94e-06,5.81e-06,6.64e-06
arise,2.535e-05,2.536e-05,2.545e-05,2.441e-05,2.459e-05,2.467e-05,2.5e-05,2.569e-05,2.536e-05
guatemala,2.1e-06,2.06e-06,1.36e-06,1.52e-06,1.37e-06,1.22e-06,1.22e-06,1.22e-06,2.08e-06
celtic,1.94e-06,1.43e-06,1.67e-06,1.67e-06,1.82e-06,1.83e-06,1.83e-06,1.68e-06,1.68e-06
thereby,2.874e-05,2.9e-05,2.924e-05,2.911e-05,2.945e-05,2.878e-05,3.049e-05,3.211e-05,2.887e-05
irc,2.987e-05,2.869e-05,2.667e-05,2.638e-05,2.702e-05,2.573e-05,2.576e-05,2.569e-05,2.928e-05
jamie,5.81e-06,5.86e-06,5.45e-06,5.16e-06,5.31e-06,5.33e-06,5.33e-06,5.5e-06,5.84e-06
particle,5.602e-05,5.452e-05,5.136e-05,5.231e-05,5.237e-05,5.329e-05,5.259e-05,5.107e-05,5.527e-05
perception,4.585e-05,4.644e-05,4.666e-05,4.64e-05,4.766e-05,4.781e-05,4.725e-05,4.648e-05,4.614e-05
minerals,2.74e-06,2.85e-06,2.88e-06,2.88e-06,2.73e-06,2.74e-06,2.44e-06,1.99e-06,2.79e-06
advise,2.74e-06,2.69e-06,2.73e-06,3.03e-06,2.88e-06,2.74e-06,2.74e-06,2.6e-06,2.72e-06
humidity,8.56e-06,8.72e-06,8.18e-06,8.19e-06,8.04e-06,8.07e-06,7.62e-06,7.64e-06,8.64e-06
bottles,8.1e-07,7.9e-07,9.1e-07,9.1e-07,9.1e-07,9.1e-07,9.1e-07,7.6e-07,8e-07
boxing,2.74e-06,3.17e-06,3.94e-06,3.79e-06,3.19e-06,3.5e-06,3.35e-06,3.52e-06,2.96e-06
wy,3.2e-07,3.2e-07,3e-07,3e-07,3e-07,3e-07,3e-07,4.6e-07,3.2e-07
dm,1.033e-05,9.67e-06,9.24e-06,9.4e-06,9.26e-06,8.53e-06,8.08e-06,8.26e-06,1e-05
bangkok,2.1e-06,2.85e-06,3.18e-06,2.88e-06,2.88e-06,2.89e-06,3.05e-06,3.06e-06,2.48e-06
renaissance,7.43e-06,7.13e-06,7.88e-06,7.88e-06,7.59e-06,8.22e-06,8.08e-06,8.41e-06,7.28e-06
pathology,4.36e-06,3.96e-06,3.48e-06,3.64e-06,3.49e-06,3.2e-06,3.05e-06,2.9e-06,4.16e-06
sara,4.2e-06,4.44e-06,4.39e-06,4.25e-06,4.25e-06,3.81e-06,3.66e-06,3.67e-06,4.32e-06
bra,1.61e-06,1.9e-06,2.42e-06,2.12e-06,2.12e-06,2.13e-06,1.37e-06,1.38e-06,1.76e-06
ordinance,6.5e-07,6.3e-07,6.1e-07,7.6e-07,6.1e-07,6.1e-07,6.1e-07,6.1e-07,6.4e-07
hughes,1.049e-05,1.03e-05,1.121e-05,1.122e-05,1.154e-05,1.066e-05,1.037e-05,1.04e-05,1.039e-05
photographers,5.49e-06,5.39e-06,5.15e-06,5.46e-06,5.31e-06,5.33e-06,5.18e-06,5.2e-06,5.44e-06
bitch,1.6e-07,1.6e-07,3e-07,3e-07,3e-07,3e-07,3e-07,3.1e-07,1.6e-07
infections,4.84e-06,4.75e-06,4.85e-06,4.7e-06,4.25e-06,4.11e-06,4.27e-06,4.74e-06,4.8e-06
jeffrey,2.099e-05,2.013e-05,2.076e-05,2.123e-05,1.988e-05,1.979e-05,1.997e-05,1.926e-05,2.056e-05
chess,5.844e-05,6.34e-05,6.394e-05,6.368e-05,6.481e-05,6.426e-05,6.311e-05,6.131e-05,6.092e-05
operates,0.0001093,0.0001092,0.00010924,0.00011083,0.00011156,0.00011298,0.00011493,0.0001165,0.00010925
brisbane,6.78e-06,6.82e-06,6.21e-06,6.22e-06,6.53e-06,6.24e-06,6.25e-06,6.12e-06,6.8e-06
configured,4.601e-05,4.485e-05,4.318e-05,4.306e-05,4.28e-05,4.142e-05,4.207e-05,4.357e-05,4.543e-05
survive,1.243e-05,1.22e-05,1.151e-05,1.122e-05,1.093e-05,1.081e-05,1.174e-05,1.223e-05,1.231e-05
oscar,1.179e-05,1.141e-05,1.106e-05,1.092e-05,1.032e-05,1.035e-05,1.052e-05,1.04e-05,1.16e-05
festivals,6.78e-06,6.97e-06,6.67e-06,6.67e-06,6.68e-06,6.7e-06,6.71e-06,6.57e-06,6.88e-06
menus,1.663e-05,1.553e-05,1.545e-05,1.501e-05,1.533e-05,1.462e-05,1.402e-05,1.361e-05,1.608e-05
joan,6.3e-06,6.18e-06,6.21e-06,6.06e-06,6.22e-06,6.7e-06,6.86e-06,7.03e-06,6.24e-06
possibilities,1.582e-05,1.537e-05,1.591e-05,1.486e-05,1.457e-05,1.416e-05,1.479e-05,1.437e-05,1.56e-05
duck,8.4e-06,8.4e-06,8.79e-06,8.79e-06,8.8e-06,8.98e-06,9.91e-06,9.78e-06,8.4e-06
reveal,1.744e-05,1.791e-05,1.773e-05,1.713e-05,1.67e-05,1.675e-05,1.677e-05,1.667e-05,1.767e-05
canal,5.33e-06,5.39e-06,5.3e-06,5e-06,4.86e-06,5.63e-06,5.18e-06,5.35e-06,5.36e-06
amino,5.33e-06,6.18e-06,7.58e-06,7.88e-06,7.44e-06,7.46e-06,7.16e-06,7.49e-06,5.75e-06
phi,8.88e-06,7.77e-06,7.73e-06,7.88e-06,6.68e-06,6.7e-06,5.94e-06,5.5e-06,8.32e-06
contributing,2.276e-05,2.251e-05,2.273e-05,2.289e-05,2.307e-05,2.269e-05,2.424e-05,2.523e-05,2.263e-05
herbs,3.2e-07,3.2e-07,3e-07,3e-07,3e-07,3e-07,1.5e-07,0.0,3.2e-07
clinics,2.26e-06,1.74e-06,1.52e-06,1.67e-06,1.67e-06,1.83e-06,1.68e-06,1.53e-06,2e-06
mls,3.71e-06,4.28e-06,4.24e-06,4.4e-06,4.55e-06,4.57e-06,4.42e-06,4.43e-06,3.99e-06
cow,9.2e-06,9.35e-06,9.24e-06,8.64e-06,8.65e-06,8.37e-06,8.69e-06,8.56e-06,9.28e-06
manitoba,1.61e-06,2.06e-06,2.12e-06,1.82e-06,1.67e-06,1.83e-06,1.83e-06,1.53e-06,1.84e-06
analytical,3.164e-05,3.202e-05,3.273e-05,3.29e-05,3.248e-05,3.304e-05,3.414e-05,3.425e-05,3.183e-05
missions,1.905e-05,1.997e-05,2.212e-05,2.305e-05,2.307e-05,2.33e-05,2.363e-05,2.339e-05,1.951e-05
watson,2.406e-05,2.362e-05,2.288e-05,2.229e-05,2.155e-05,2.132e-05,2.119e-05,2.079e-05,2.384e-05
lying,5.81e-06,5.71e-06,5.15e-06,5.16e-06,5.01e-06,5.02e-06,4.88e-06,5.05e-06,5.76e-06
costumes,1.78e-06,1.74e-06,2.42e-06,2.58e-06,2.58e-06,2.44e-06,2.74e-06,2.75e-06,1.76e-06
strict,3.1e-05,3.107e-05,3.015e-05,3.002e-05,2.99e-05,2.939e-05,2.911e-05,2.935e-05,3.104e-05
dive,1.94e-06,1.58e-06,1.97e-06,1.82e-06,2.12e-06,1.83e-06,1.83e-06,1.68e-06,1.76e-06
saddam,1.6e-07,1.6e-07,1.5e-07,1.5e-07,3e-07,3e-07,3e-07,3.1e-07,1.6e-07
circulation,3.132e-05,3.249e-05,3.136e-05,3.078e-05,3.051e-05,3.076e-05,3.033e-05,3.119e-05,3.191e-05
drill,4.84e-06,4.6e-06,4.7e-06,4.55e-06,4.71e-06,4.42e-06,5.18e-06,5.66e-06,4.72e-06
offense,1.45e-06,1.11e-06,1.21e-06,1.52e-06,1.52e-06,1.52e-06,1.68e-06,1.83e-06,1.28e-06
threesome,0.0,0.0,0.0,0.0,0.0,0.0,0.0,0.0,0.0
bryan,6.62e-06,6.82e-06,6.82e-06,6.52e-06,6.68e-06,6.55e-06,6.71e-06,6.73e-06,6.72e-06
cet,8.1e-07,7.9e-07,7.6e-07,7.6e-07,7.6e-07,7.6e-07,7.6e-07,7.6e-07,8e-07
protest,1.033e-05,1.157e-05,1.121e-05,1.152e-05,1.169e-05,1.142e-05,1.174e-05,1.208e-05,1.095e-05
handjob,0.0,0.0,0.0,0.0,0.0,0.0,0.0,0.0,0.0
assumption,2.922e-05,2.9e-05,2.803e-05,2.926e-05,2.899e-05,3.03e-05,2.988e-05,3.012e-05,2.911e-05
jerusalem,1.114e-05,1.109e-05,1.106e-05,1.092e-05,1.093e-05,1.081e-05,1.067e-05,9.94e-06,1.112e-05
hobby,8.56e-06,8.4e-06,8.48e-06,7.88e-06,8.04e-06,8.22e-06,8.23e-06,8.26e-06,8.48e-06
tries,2.422e-05,2.362e-05,2.257e-05,2.229e-05,2.201e-05,2.208e-05,2.119e-05,2.156e-05,2.392e-05
transexuales,0.0,0.0,0.0,0.0,0.0,0.0,0.0,0.0,0.0
invention,2.987e-05,2.916e-05,2.803e-05,2.699e-05,2.611e-05,2.771e-05,2.744e-05,2.691e-05,2.951e-05
nickname,8.07e-06,8.56e-06,8.33e-06,8.34e-06,7.89e-06,7.77e-06,8.38e-06,8.41e-06,8.32e-06
fiji,2.58e-06,2.54e-06,2.42e-06,2.27e-06,2.28e-06,2.28e-06,2.29e-06,1.99e-06,2.56e-06
technician,5.81e-06,6.18e-06,6.21e-06,5.91e-06,5.77e-06,5.79e-06,5.79e-06,6.12e-06,6e-06
inline,9.2e-06,9.19e-06,9.85e-06,1.001e-05,1.002e-05,1.02e-05,1.037e-05,9.78e-06,9.19e-06
executives,1.453e-05,1.347e-05,1.348e-05,1.395e-05,1.457e-05,1.386e-05,1.341e-05,1.315e-05,1.4e-05
enquiries,8.1e-07,7.9e-07,7.6e-07,6.1e-07,7.6e-07,6.1e-07,6.1e-07,6.1e-07,8e-07
washing,1.78e-06,1.43e-06,1.36e-06,1.06e-06,1.06e-06,1.07e-06,9.1e-07,1.22e-06,1.6e-06
audi,1.61e-06,1.74e-06,1.67e-06,1.82e-06,1.82e-06,1.67e-06,1.52e-06,1.38e-06,1.68e-06
staffing,2.58e-06,2.38e-06,2.42e-06,1.97e-06,1.97e-06,1.37e-06,1.37e-06,1.38e-06,2.48e-06
cognitive,9.865e-05,9.843e-05,9.757e-05,9.977e-05,0.00010048,0.00010217,0.00010136,0.00010335,9.854e-05
exploring,1.889e-05,2.045e-05,2.076e-05,1.971e-05,2.004e-05,2.04e-05,2.027e-05,2.079e-05,1.967e-05
trick,5.33e-06,5.86e-06,5.91e-06,6.06e-06,5.92e-06,5.63e-06,5.49e-06,5.35e-06,5.59e-06
enquiry,1.6e-07,1.6e-07,1.5e-07,3e-07,3e-07,3e-07,3e-07,3.1e-07,1.6e-07
closure,2.567e-05,2.663e-05,2.757e-05,2.805e-05,2.929e-05,2.954e-05,2.942e-05,3.043e-05,2.615e-05
raid,2.47e-05,2.393e-05,2.409e-05,2.502e-05,2.459e-05,2.634e-05,2.546e-05,2.706e-05,2.432e-05
ppc,5.49e-06,4.91e-06,4.7e-06,4.7e-06,5.01e-06,5.18e-06,4.88e-06,5.05e-06,5.2e-06
timber,1.45e-06,1.58e-06,2.58e-06,2.73e-06,2.73e-06,2.74e-06,2.74e-06,2.45e-06,1.51e-06
volt,2.26e-06,2.54e-06,2.12e-06,1.97e-06,2.12e-06,1.98e-06,1.98e-06,1.99e-06,2.4e-06
intense,7.43e-06,6.5e-06,6.36e-06,6.22e-06,6.37e-06,6.4e-06,6.25e-06,6.27e-06,6.97e-06
div,1.13e-06,1.11e-06,1.21e-06,1.06e-06,1.52e-06,1.37e-06,1.22e-06,1.22e-06,1.12e-06
playlist,3.23e-06,3.33e-06,3.33e-06,3.34e-06,3.04e-06,3.05e-06,3.05e-06,3.06e-06,3.28e-06
registrar,1.469e-05,1.522e-05,1.47e-05,1.562e-05,1.533e-05,1.523e-05,1.524e-05,1.529e-05,1.495e-05
showers,1.6e-07,1.6e-07,1.5e-07,1.5e-07,1.5e-07,1.5e-07,1.5e-07,1.5e-07,1.6e-07
supporters,1.243e-05,1.284e-05,1.379e-05,1.319e-05,1.29e-05,1.294e-05,1.326e-05,1.3e-05,1.264e-05
ruling,6.46e-06,7.45e-06,6.82e-06,6.97e-06,6.37e-06,6.55e-06,6.4e-06,6.27e-06,6.96e-06
steady,1.275e-05,1.252e-05,1.197e-05,1.198e-05,1.138e-05,1.081e-05,1.097e-05,1.086e-05,1.264e-05
dirt,2.74e-06,2.22e-06,2.58e-06,2.58e-06,2.58e-06,2.59e-06,2.59e-06,2.75e-06,2.48e-06
statutes,3.87e-06,3.01e-06,2.88e-06,2.73e-06,2.88e-06,2.89e-06,2.74e-06,2.75e-06,3.44e-06
withdrawal,1.45e-06,1.43e-06,1.21e-06,1.36e-06,1.52e-06,1.67e-06,1.52e-06,1.53e-06,1.44e-06
myers,5.65e-06,5.71e-06,6.36e-06,6.37e-06,6.83e-06,6.55e-06,7.01e-06,6.27e-06,5.68e-06
drops,6.46e-06,6.66e-06,7.12e-06,7.58e-06,7.44e-06,7.46e-06,8.99e-06,7.95e-06,6.56e-06
predicted,2.147e-05,1.981e-05,2.045e-05,1.941e-05,2.019e-05,1.995e-05,1.936e-05,1.881e-05,2.064e-05
wider,3.552e-05,3.471e-05,3.56e-05,3.548e-05,3.567e-05,3.609e-05,3.582e-05,3.547e-05,3.511e-05
saskatchewan,3.23e-06,3.33e-06,3.33e-06,2.58e-06,2.58e-06,2.59e-06,2.9e-06,3.21e-06,3.28e-06
jc,1.13e-06,1.11e-06,1.21e-06,1.06e-06,1.06e-06,1.07e-06,9.1e-07,1.22e-06,1.12e-06
cancellation,6.62e-06,7.77e-06,7.73e-06,8.04e-06,8.8e-06,9.29e-06,9.3e-06,9.78e-06,7.19e-06
plugins,2.438e-05,2.52e-05,2.576e-05,2.578e-05,2.504e-05,2.528e-05,2.561e-05,2.492e-05,2.479e-05
enrolled,4.52e-06,4.28e-06,4.24e-06,3.64e-06,3.64e-06,3.81e-06,3.81e-06,3.36e-06,4.4e-06
sensors,6.151e-05,6.166e-05,6.424e-05,6.656e-05,6.724e-05,6.654e-05,6.6e-05,6.651e-05,6.159e-05
screw,2.26e-06,2.06e-06,1.97e-06,1.97e-06,1.67e-06,1.67e-06,1.68e-06,1.83e-06,2.16e-06
ministers,3.39e-06,3.01e-06,3.03e-06,3.18e-06,3.19e-06,3.05e-06,3.2e-06,2.9e-06,3.2e-06
publicly,7.524e-05,7.465e-05,7.666e-05,7.566e-05,7.832e-05,7.842e-05,7.85e-05,7.843e-05,7.495e-05
hourly,3.23e-06,2.85e-06,2.73e-06,2.43e-06,2.43e-06,2.44e-06,2.59e-06,2.6e-06,3.04e-06
blame,2.74e-06,2.85e-06,2.58e-06,1.97e-06,2.12e-06,1.98e-06,1.52e-06,1.38e-06,2.79e-06
geneva,1.001e-05,1.03e-05,1.015e-05,1.016e-05,1.062e-05,1.051e-05,9.76e-06,9.94e-06,1.016e-05
freebsd,3.939e-05,3.962e-05,4.272e-05,4.154e-05,4.235e-05,4.233e-05,4.177e-05,4.143e-05,3.95e-05
veterinary,4.8e-07,4.8e-07,6.1e-07,9.1e-07,1.21e-06,1.37e-06,1.52e-06,1.53e-06,4.8e-07
acer,1.534e-05,1.379e-05,1.576e-05,1.425e-05,1.396e-05,1.447e-05,1.357e-05,1.407e-05,1.457e-05
prostores,0.0,0.0,0.0,0.0,0.0,0.0,0.0,0.0,0.0
reseller,8.4e-06,8.08e-06,8.03e-06,7.58e-06,7.29e-06,7.16e-06,7.16e-06,6.88e-06,8.24e-06
dist,9.7e-07,7.9e-07,7.6e-07,7.6e-07,7.6e-07,1.07e-06,6.1e-07,6.1e-07,8.8e-07
handed,8.88e-06,7.92e-06,8.94e-06,8.79e-06,8.8e-06,8.37e-06,8.84e-06,9.02e-06,8.4e-06
suffered,1.195e-05,1.109e-05,1.091e-05,1.183e-05,1.123e-05,1.172e-05,1.219e-05,1.238e-05,1.152e-05
intake,1.61e-06,1.58e-06,1.52e-06,1.52e-06,1.37e-06,1.52e-06,1.68e-06,1.83e-06,1.59e-06
informal,2.083e-05,2.076e-05,2.091e-05,2.032e-05,2.095e-05,2.071e-05,2.073e-05,1.911e-05,2.079e-05
relevance,1.566e-05,1.522e-05,1.606e-05,1.516e-05,1.503e-05,1.553e-05,1.57e-05,1.575e-05,1.544e-05
incentive,5.49e-06,3.33e-06,3.03e-06,3.18e-06,3.34e-06,3.35e-06,3.51e-06,3.67e-06,4.41e-06
butterfly,6.62e-06,6.34e-06,6.67e-06,6.67e-06,6.53e-06,6.55e-06,6.55e-06,7.03e-06,6.48e-06
tucson,3.87e-06,3.8e-06,3.18e-06,3.03e-06,3.64e-06,2.89e-06,3.05e-06,2.9e-06,3.83e-06
mechanics,0.00010317,0.00010239,0.00010302,0.00010431,0.00010686,0.00010902,0.00011036,0.00010595,0.00010278
heavily,4.311e-05,4.248e-05,4.242e-05,4.367e-05,4.326e-05,4.294e-05,4.375e-05,4.357e-05,4.279e-05
swingers,0.0,0.0,0.0,0.0,0.0,0.0,0.0,0.0,0.0
fifty,1.179e-05,1.22e-05,1.182e-05,1.183e-05,1.138e-05,1.112e-05,1.067e-05,9.94e-06,1.199e-05
headers,1.566e-05,1.522e-05,1.409e-05,1.44e-05,1.472e-05,1.447e-05,1.418e-05,1.407e-05,1.544e-05
mistakes,1.098e-05,1.078e-05,1.091e-05,1.016e-05,1.017e-05,1.02e-05,9.91e-06,9.78e-06,1.088e-05
numerical,0.00016936,0.00016753,0.00016726,0.00016739,0.00016863,0.00016901,0.00016919,0.00017017,0.00016844
ons,1.098e-05,1.094e-05,9.85e-06,1.001e-05,1.017e-05,1.02e-05,1.082e-05,9.94e-06,1.096e-05
geek,7.75e-06,7.29e-06,6.51e-06,6.22e-06,6.37e-06,6.24e-06,6.1e-06,5.5e-06,7.52e-06
uncle,5e-06,4.75e-06,4.7e-06,4.7e-06,4.71e-06,4.42e-06,4.73e-06,4.89e-06,4.87e-06
defining,5.473e-05,5.357e-05,5.242e-05,5.261e-05,5.206e-05,5.268e-05,5.35e-05,5.412e-05,5.415e-05
xnxx,0.0,0.0,0.0,1.5e-07,1.5e-07,1.5e-07,1.5e-07,0.0,0.0
counting,2.309e-05,2.362e-05,2.364e-05,2.35e-05,2.459e-05,2.528e-05,2.546e-05,2.599e-05,2.336e-05
reflection,2.551e-05,2.409e-05,2.303e-05,2.214e-05,2.231e-05,2.208e-05,2.225e-05,2.217e-05,2.48e-05
sink,8.07e-06,7.61e-06,7.73e-06,7.73e-06,7.44e-06,7e-06,6.86e-06,6.88e-06,7.84e-06
accompanied,1.582e-05,1.728e-05,1.682e-05,1.668e-05,1.654e-05,1.675e-05,1.661e-05,1.682e-05,1.655e-05
assure,3.39e-06,3.65e-06,3.94e-06,3.94e-06,3.95e-06,4.11e-06,4.12e-06,4.28e-06,3.52e-06
invitation,5.65e-06,5.55e-06,5.76e-06,5.16e-06,4.71e-06,5.02e-06,5.03e-06,5.05e-06,5.6e-06
devoted,3.423e-05,3.392e-05,3.288e-05,3.245e-05,3.203e-05,3.198e-05,3.186e-05,3.195e-05,3.408e-05
princeton,3.875e-05,3.772e-05,3.576e-05,3.563e-05,3.446e-05,3.533e-05,3.475e-05,3.409e-05,3.824e-05
jacob,1.324e-05,1.569e-05,1.545e-05,1.516e-05,1.518e-05,1.507e-05,1.448e-05,1.422e-05,1.447e-05
sodium,4.2e-06,4.12e-06,3.94e-06,3.94e-06,3.95e-06,3.5e-06,3.05e-06,3.21e-06,4.16e-06
randy,7.75e-06,7.45e-06,6.82e-06,6.67e-06,6.83e-06,6.55e-06,6.4e-06,5.96e-06,7.6e-06
spirituality,1.45e-06,1.27e-06,1.21e-06,1.21e-06,1.21e-06,1.22e-06,1.07e-06,1.22e-06,1.36e-06
hormone,3.2e-07,4.8e-07,4.5e-07,4.5e-07,4.6e-07,6.1e-07,6.1e-07,6.1e-07,4e-07
meanwhile,9.36e-06,9.03e-06,8.64e-06,8.64e-06,8.65e-06,8.22e-06,8.54e-06,8.26e-06,9.19e-06
proprietary,0.0001516,0.00015168,0.00015635,0.00015571,0.00015983,0.00016125,0.00016142,0.00016145,0.00015164
timothy,1.13e-05,1.141e-05,1.106e-05,1.122e-05,1.169e-05,1.066e-05,1.037e-05,1.04e-05,1.135e-05
childrens,6.5e-07,0.0,0.0,0.0,0.0,0.0,1.5e-07,0.0,3.3e-07
brick,7.43e-06,7.29e-06,6.82e-06,7.28e-06,7.59e-06,8.37e-06,8.84e-06,9.33e-06,7.36e-06
grip,2.74e-06,2.54e-06,2.27e-06,1.82e-06,1.82e-06,1.67e-06,1.52e-06,1.53e-06,2.64e-06
naval,3.746e-05,3.741e-05,3.56e-05,3.669e-05,3.537e-05,3.533e-05,3.506e-05,3.486e-05,3.743e-05
thumbzilla,0.0,0.0,0.0,0.0,0.0,0.0,0.0,0.0,0.0
medieval,1.227e-05,1.22e-05,1.136e-05,1.228e-05,1.184e-05,1.233e-05,1.158e-05,1.208e-05,1.224e-05
porcelain,3.2e-07,3.2e-07,3e-07,3e-07,3e-07,3e-07,3e-07,1.5e-07,3.2e-07
avi,6.62e-06,7.13e-06,7.58e-06,7.28e-06,6.98e-06,6.55e-06,6.4e-06,6.27e-06,6.88e-06
bridges,1.566e-05,1.585e-05,1.53e-05,1.516e-05,1.563e-05,1.507e-05,1.54e-05,1.529e-05,1.576e-05
pichunter,0.0,0.0,0.0,0.0,0.0,0.0,0.0,0.0,0.0
captured,2.47e-05,2.393e-05,2.394e-05,2.365e-05,2.413e-05,2.421e-05,2.424e-05,2.477e-05,2.432e-05
watt,8.56e-06,8.08e-06,8.03e-06,7.73e-06,7.89e-06,7.77e-06,7.47e-06,7.34e-06,8.32e-06
thehun,0.0,0.0,0.0,0.0,0.0,0.0,0.0,0.0,0.0
decent,8.1e-07,9.5e-07,9.1e-07,4.5e-07,4.6e-07,4.6e-07,4.6e-07,7.6e-07,8.8e-07
casting,7.27e-06,7.45e-06,7.88e-06,8.34e-06,8.04e-06,7.92e-06,7.47e-06,7.19e-06,7.36e-06
dayton,4.68e-06,4.75e-06,5e-06,5.91e-06,5.62e-06,5.48e-06,5.49e-06,5.5e-06,4.71e-06
translated,4.198e-05,4.168e-05,4.257e-05,4.352e-05,4.204e-05,4.202e-05,4.07e-05,4.021e-05,4.183e-05
shortly,3.729e-05,3.788e-05,3.773e-05,3.897e-05,3.992e-05,4.096e-05,4.268e-05,4.082e-05,3.759e-05
cameron,9.85e-06,9.67e-06,1.045e-05,1.031e-05,1.154e-05,1.112e-05,1.128e-05,1.208e-05,9.76e-06
columnists,4.52e-06,4.75e-06,4.39e-06,4.4e-06,4.4e-06,4.42e-06,4.27e-06,3.98e-06,4.64e-06
pins,1.905e-05,1.87e-05,1.954e-05,2.017e-05,2.034e-05,2.071e-05,2.149e-05,2.186e-05,1.887e-05
carlos,7.75e-06,7.92e-06,7.88e-06,8.19e-06,7.59e-06,7.92e-06,8.08e-06,7.8e-06,7.84e-06
reno,1.61e-06,1.74e-06,1.82e-06,1.82e-06,1.82e-06,1.98e-06,1.83e-06,1.99e-06,1.68e-06
donna,2.26e-06,2.38e-06,2.27e-06,2.27e-06,2.28e-06,2.13e-06,1.98e-06,1.99e-06,2.32e-06
andreas,9.69e-06,1.125e-05,8.94e-06,8.79e-06,9.56e-06,9.44e-06,9.76e-06,9.94e-06,1.047e-05
warrior,1.324e-05,1.316e-05,1.348e-05,1.258e-05,1.336e-05,1.37e-05,1.341e-05,1.315e-05,1.32e-05
diploma,9.36e-06,9.67e-06,9.39e-06,8.95e-06,8.2e-06,7.31e-06,7.32e-06,7.03e-06,9.51e-06
cabin,1.94e-06,1.11e-06,1.06e-06,1.21e-06,1.21e-06,1.37e-06,1.52e-06,1.38e-06,1.53e-06
innocent,3.07e-06,3.17e-06,3.48e-06,3.64e-06,3.79e-06,3.65e-06,3.66e-06,3.67e-06,3.12e-06
bdsm,1.45e-06,1.43e-06,1.36e-06,1.67e-06,1.67e-06,1.67e-06,1.68e-06,1.83e-06,1.44e-06
scanning,4.327e-05,4.216e-05,4e-05,3.972e-05,4.113e-05,4.111e-05,4.1e-05,4.143e-05,4.272e-05
ide,4.617e-05,4.327e-05,4.363e-05,4.321e-05,4.341e-05,4.355e-05,4.253e-05,4.311e-05,4.472e-05
consensus,1.453e-05,1.49e-05,1.591e-05,1.653e-05,1.776e-05,1.873e-05,1.844e-05,1.819e-05,1.472e-05
polo,1.13e-06,1.27e-06,1.06e-06,1.06e-06,1.21e-06,1.07e-06,1.22e-06,1.22e-06,1.2e-06
valium,0.0,0.0,0.0,0.0,0.0,0.0,0.0,0.0,0.0
copying,2.147e-05,2.092e-05,1.939e-05,1.91e-05,1.837e-05,1.781e-05,1.829e-05,1.865e-05,2.119e-05
rpg,1.614e-05,1.585e-05,1.621e-05,1.607e-05,1.67e-05,1.629e-05,1.524e-05,1.575e-05,1.599e-05
delivering,2.115e-05,2.156e-05,2.121e-05,2.032e-05,2.034e-05,2.056e-05,1.982e-05,2.079e-05,2.136e-05
cordless,2.91e-06,2.85e-06,2.88e-06,2.88e-06,3.04e-06,3.2e-06,3.05e-06,2.6e-06,2.88e-06
patricia,4.04e-06,3.33e-06,3.18e-06,3.49e-06,3.64e-06,3.96e-06,3.81e-06,3.52e-06,3.69e-06
horn,1.114e-05,1.125e-05,8.64e-06,8.49e-06,8.65e-06,9.29e-06,9.6e-06,1.024e-05,1.12e-05
eddie,2.58e-06,2.38e-06,2.58e-06,2.43e-06,2.28e-06,2.13e-06,2.13e-06,2.14e-06,2.48e-06
uganda,3.55e-06,4.12e-06,4.55e-06,4.09e-06,3.49e-06,3.35e-06,3.66e-06,3.52e-06,3.83e-06
fired,9.04e-06,8.88e-06,8.48e-06,8.79e-06,8.65e-06,8.22e-06,8.54e-06,9.02e-06,8.96e-06
journalism,3.342e-05,3.598e-05,3.394e-05,3.29e-05,3.385e-05,3.411e-05,3.384e-05,3.532e-05,3.47e-05
pd,8.07e-06,8.4e-06,8.33e-06,8.49e-06,8.2e-06,7.77e-06,7.47e-06,7.34e-06,8.23e-06
prot,1.6e-07,3.2e-07,3e-07,3e-07,3e-07,3e-07,3e-07,3.1e-07,2.4e-07
trivia,5.65e-06,5.23e-06,5.76e-06,5.31e-06,7.13e-06,6.7e-06,6.55e-06,6.27e-06,5.44e-06
adidas,8.1e-07,7.9e-07,6.1e-07,6.1e-07,6.1e-07,6.1e-07,4.6e-07,4.6e-07,8e-07
perth,4.68e-06,4.44e-06,4.7e-06,4.7e-06,5.16e-06,4.87e-06,4.88e-06,4.74e-06,4.56e-06
frog,4.36e-06,3.8e-06,4.09e-06,4.09e-06,4.25e-06,4.57e-06,4.73e-06,5.05e-06,4.08e-06
grammar,9.929e-05,9.7e-05,9.318e-05,9.067e-05,9.031e-05,8.999e-05,8.902e-05,8.99e-05,9.815e-05
intention,2.293e-05,2.377e-05,2.364e-05,2.441e-05,2.307e-05,2.391e-05,2.332e-05,2.339e-05,2.335e-05
syria,4.36e-06,5.39e-06,6.67e-06,6.06e-06,6.22e-06,6.09e-06,6.1e-06,6.57e-06,4.87e-06
disagree,1.61e-06,2.38e-06,2.27e-06,2.12e-06,1.67e-06,1.52e-06,1.52e-06,1.83e-06,1.99e-06
klein,1.033e-05,1.03e-05,1.061e-05,1.061e-05,9.71e-06,9.14e-06,8.99e-06,8.87e-06,1.031e-05
harvey,1.082e-05,1.094e-05,1.045e-05,1.031e-05,1.032e-05,1.096e-05,1.113e-05,1.177e-05,1.088e-05
tires,1.78e-06,1.9e-06,1.82e-06,1.82e-06,1.82e-06,1.67e-06,1.83e-06,1.68e-06,1.84e-06
logs,1.501e-05,1.553e-05,1.515e-05,1.44e-05,1.472e-05,1.492e-05,1.357e-05,1.407e-05,1.527e-05
undertaken,1.13e-05,9.99e-06,1.03e-05,1.031e-05,1.062e-05,9.9e-06,9.91e-06,9.78e-06,1.065e-05
tgp,1.6e-07,1.6e-07,1.5e-07,1.5e-07,1.5e-07,1.5e-07,1.5e-07,1.5e-07,1.6e-07
hazard,5.65e-06,5.71e-06,4.7e-06,4.7e-06,5.01e-06,4.72e-06,4.88e-06,4.43e-06,5.68e-06
retro,1.13e-05,1.125e-05,1.106e-05,1.167e-05,1.214e-05,1.249e-05,1.235e-05,1.269e-05,1.127e-05
leo,1.259e-05,1.205e-05,1.151e-05,1.122e-05,1.093e-05,1.127e-05,1.113e-05,1.086e-05,1.232e-05
livesex,0.0,0.0,0.0,0.0,0.0,0.0,0.0,0.0,0.0
statewide,2.91e-06,2.85e-06,2.58e-06,2.58e-06,2.58e-06,2.59e-06,2.44e-06,2.75e-06,2.88e-06
semiconductor,8.121e-05,8.067e-05,8.696e-05,8.642e-05,8.5e-05,8.542e-05,8.536e-05,8.592e-05,8.094e-05
gregory,1.501e-05,1.474e-05,1.409e-05,1.41e-05,1.381e-05,1.431e-05,1.448e-05,1.391e-05,1.487e-05
episodes,3.374e-05,3.455e-05,3.636e-05,3.624e-05,3.749e-05,3.761e-05,3.75e-05,3.669e-05,3.414e-05
boolean,5.731e-05,5.674e-05,5.833e-05,5.944e-05,6.193e-05,6.197e-05,6.158e-05,6.085e-05,5.703e-05
circular,2.212e-05,2.219e-05,2.333e-05,2.305e-05,2.307e-05,2.345e-05,2.347e-05,2.37e-05,2.216e-05
anger,1.78e-06,1.58e-06,1.52e-06,1.67e-06,1.67e-06,1.83e-06,1.98e-06,1.99e-06,1.68e-06
diy,1.001e-05,9.35e-06,9.54e-06,8.34e-06,8.2e-06,8.37e-06,8.08e-06,7.8e-06,9.68e-06
mainland,1.162e-05,1.125e-05,1.151e-05,1.183e-05,1.245e-05,1.279e-05,1.265e-05,1.238e-05,1.144e-05
illustrations,9.2e-06,1.046e-05,9.39e-06,9.25e-06,1.002e-05,1.035e-05,1.021e-05,9.63e-06,9.83e-06
suits,3.39e-06,3.49e-06,3.79e-06,3.79e-06,3.79e-06,3.65e-06,3.05e-06,2.9e-06,3.44e-06
chances,2.42e-06,2.06e-06,2.12e-06,2.43e-06,2.43e-06,2.59e-06,2.44e-06,2.29e-06,2.24e-06
interact,6.958e-05,6.8e-05,6.833e-05,6.868e-05,6.997e-05,7.446e-05,7.271e-05,7.216e-05,6.879e-05
snap,7.1e-06,7.77e-06,8.33e-06,9.55e-06,8.04e-06,8.22e-06,8.69e-06,8.56e-06,7.43e-06
happiness,1.61e-06,1.58e-06,1.82e-06,1.36e-06,1.37e-06,1.37e-06,1.37e-06,1.38e-06,1.59e-06
arg,1.45e-06,1.43e-06,1.52e-06,1.52e-06,1.67e-06,1.67e-06,1.37e-06,1.38e-06,1.44e-06
substantially,1.986e-05,2.092e-05,2.076e-05,2.123e-05,2.034e-05,2.025e-05,1.982e-05,2.018e-05,2.039e-05
bizarre,3.55e-06,3.33e-06,3.33e-06,3.49e-06,3.19e-06,3.05e-06,3.05e-06,3.36e-06,3.44e-06
glenn,7.27e-06,6.97e-06,7.42e-06,7.58e-06,7.13e-06,6.55e-06,6.4e-06,6.42e-06,7.12e-06
ur,3.23e-06,3.17e-06,3.03e-06,2.88e-06,3.49e-06,3.5e-06,3.51e-06,1.53e-06,3.2e-06
auckland,9.04e-06,1.109e-05,1.091e-05,1.077e-05,1.062e-05,1.051e-05,1.052e-05,1.055e-05,1.006e-05
olympics,5.49e-06,6.02e-06,5.76e-06,5.76e-06,5.62e-06,5.94e-06,5.33e-06,5.35e-06,5.75e-06
fruits,1.29e-06,1.9e-06,1.21e-06,1.52e-06,1.67e-06,1.52e-06,1.37e-06,1.53e-06,1.59e-06
identifier,3.891e-05,3.614e-05,3.697e-05,3.715e-05,3.734e-05,3.73e-05,3.765e-05,3.761e-05,3.753e-05
geo,1.728e-05,1.743e-05,2.015e-05,2.108e-05,2.049e-05,2.071e-05,2.012e-05,1.988e-05,1.735e-05
worldsex,0.0,0.0,0.0,0.0,0.0,0.0,0.0,0.0,0.0
ribbon,8.72e-06,8.88e-06,8.48e-06,8.19e-06,8.96e-06,8.68e-06,8.69e-06,8.56e-06,8.8e-06
calculations,6.716e-05,6.815e-05,6.545e-05,6.641e-05,6.709e-05,6.684e-05,6.615e-05,6.59e-05,6.766e-05
doe,8.23e-06,7.77e-06,7.73e-06,8.19e-06,8.2e-06,8.07e-06,7.16e-06,6.73e-06,8e-06
jpeg,2.955e-05,3.154e-05,3.273e-05,3.381e-05,3.491e-05,3.502e-05,3.567e-05,3.547e-05,3.054e-05
conducting,1.211e-05,1.331e-05,1.273e-05,1.334e-05,1.412e-05,1.401e-05,1.402e-05,1.376e-05,1.271e-05
startup,6.006e-05,5.944e-05,5.939e-05,6.05e-05,5.904e-05,5.847e-05,5.868e-05,5.84e-05,5.975e-05
suzuki,3.07e-06,3.01e-06,3.03e-06,3.18e-06,3.34e-06,3.2e-06,3.35e-06,3.36e-06,3.04e-06
trinidad,2.26e-06,2.38e-06,2.27e-06,2.27e-06,2.28e-06,2.28e-06,2.29e-06,2.14e-06,2.32e-06
ati,2.874e-05,2.805e-05,2.682e-05,2.623e-05,2.626e-05,2.604e-05,2.53e-05,2.492e-05,2.84e-05
kissing,1.78e-06,1.74e-06,1.52e-06,1.52e-06,1.67e-06,1.67e-06,1.68e-06,1.68e-06,1.76e-06
wal,2.26e-06,2.22e-06,2.12e-06,2.12e-06,2.28e-06,2.44e-06,2.29e-06,2.29e-06,2.24e-06
handy,1.29e-06,1.43e-06,1.06e-06,1.21e-06,1.37e-06,1.37e-06,1.52e-06,1.53e-06,1.36e-06
swap,1.324e-05,1.331e-05,1.288e-05,1.304e-05,1.305e-05,1.294e-05,1.341e-05,1.376e-05,1.328e-05
exempt,2.74e-06,2.69e-06,2.88e-06,2.43e-06,2.28e-06,2.28e-06,2.29e-06,2.14e-06,2.72e-06
crops,2.58e-06,2.69e-06,2.27e-06,2.27e-06,2.28e-06,2.28e-06,1.83e-06,1.83e-06,2.64e-06
reduces,3.939e-05,3.962e-05,3.954e-05,3.821e-05,3.901e-05,3.959e-05,4.024e-05,3.914e-05,3.95e-05
accomplished,2.535e-05,2.425e-05,2.303e-05,2.274e-05,2.262e-05,2.314e-05,2.286e-05,2.263e-05,2.48e-05
calculators,1.695e-05,1.553e-05,1.545e-05,1.668e-05,1.67e-05,1.675e-05,1.677e-05,1.636e-05,1.624e-05
geometry,0.00014046,0.00014011,0.00013772,0.00013813,0.00013767,0.00013689,0.00013825,0.00013852,0.00014029
impression,8.4e-06,8.4e-06,8.18e-06,8.64e-06,7.74e-06,7.46e-06,7.32e-06,7.34e-06,8.4e-06
abs,5.97e-06,6.02e-06,7.88e-06,3.18e-06,3.04e-06,3.5e-06,3.96e-06,3.82e-06,5.99e-06
slovakia,4.68e-06,5.71e-06,5.61e-06,5.46e-06,5.16e-06,5.33e-06,5.49e-06,5.5e-06,5.2e-06
flip,2.664e-05,2.536e-05,2.591e-05,2.608e-05,2.671e-05,2.451e-05,2.439e-05,2.309e-05,2.6e-05
guild,6.62e-06,6.34e-06,6.21e-06,5.91e-06,6.22e-06,6.55e-06,7.01e-06,6.88e-06,6.48e-06
correlation,3.584e-05,3.376e-05,3.394e-05,3.32e-05,3.385e-05,3.441e-05,3.552e-05,3.623e-05,3.48e-05
gorgeous,8.1e-07,7.9e-07,7.6e-07,6.1e-07,6.1e-07,6.1e-07,6.1e-07,6.1e-07,8e-07
capitol,2.58e-06,2.54e-06,2.42e-06,2.73e-06,4.1e-06,4.26e-06,4.27e-06,4.28e-06,2.56e-06
sim,1.663e-05,1.68e-05,1.788e-05,1.819e-05,1.746e-05,1.736e-05,1.753e-05,1.835e-05,1.671e-05
dishes,1.29e-06,1.11e-06,1.21e-06,1.21e-06,1.21e-06,1.22e-06,1.22e-06,1.22e-06,1.2e-06
rna,1.501e-05,1.537e-05,1.485e-05,1.456e-05,1.533e-05,1.538e-05,1.555e-05,1.544e-05,1.519e-05
barbados,3.39e-06,3.49e-06,3.33e-06,3.79e-06,3.79e-06,3.05e-06,3.05e-06,2.75e-06,3.44e-06
chrysler,9.7e-07,1.27e-06,1.36e-06,1.36e-06,1.37e-06,1.22e-06,1.37e-06,1.38e-06,1.12e-06
nervous,1.162e-05,1.22e-05,1.212e-05,1.167e-05,1.138e-05,1.112e-05,1.006e-05,1.04e-05,1.191e-05
refuse,2.26e-06,2.38e-06,2.27e-06,2.12e-06,2.43e-06,2.59e-06,2.59e-06,2.45e-06,2.32e-06
extends,3.326e-05,3.344e-05,3.318e-05,3.381e-05,3.4e-05,3.335e-05,3.369e-05,3.455e-05,3.335e-05
fragrance,1.6e-07,1.6e-07,1.5e-07,1.5e-07,1.5e-07,1.5e-07,1.5e-07,1.5e-07,1.6e-07
mcdonald,8.72e-06,9.03e-06,8.94e-06,8.49e-06,8.65e-06,7.92e-06,7.62e-06,7.8e-06,8.87e-06
replica,6.14e-06,6.18e-06,5.76e-06,5.76e-06,5.92e-06,6.09e-06,5.79e-06,5.81e-06,6.16e-06
plumbing,1.13e-06,1.43e-06,1.67e-06,1.52e-06,1.67e-06,1.67e-06,1.68e-06,1.68e-06,1.28e-06
brussels,9.04e-06,8.88e-06,8.94e-06,8.79e-06,8.65e-06,8.22e-06,8.54e-06,8.1e-06,8.96e-06
tribe,5.65e-06,6.18e-06,6.36e-06,7.88e-06,8.5e-06,7.92e-06,7.93e-06,7.95e-06,5.92e-06
neighbors,1.76e-05,1.839e-05,1.848e-05,1.865e-05,1.821e-05,1.736e-05,1.738e-05,1.774e-05,1.799e-05
trades,7.43e-06,6.18e-06,6.36e-06,6.67e-06,7.29e-06,7.16e-06,6.86e-06,6.57e-06,6.81e-06
superb,1.61e-06,1.43e-06,1.67e-06,1.67e-06,1.67e-06,1.83e-06,1.68e-06,1.38e-06,1.52e-06
buzz,3.71e-06,3.01e-06,2.88e-06,2.88e-06,3.04e-06,3.05e-06,3.05e-06,2.9e-06,3.36e-06
transparent,3.39e-05,3.297e-05,3.273e-05,3.366e-05,3.37e-05,3.289e-05,3.353e-05,3.379e-05,3.343e-05
nuke,2.58e-06,2.54e-06,2.42e-06,2.43e-06,2.43e-06,2.44e-06,2.44e-06,2.6e-06,2.56e-06
rid,3.07e-06,2.85e-06,2.58e-06,2.73e-06,2.73e-06,2.44e-06,2.44e-06,2.29e-06,2.96e-06
trinity,7.59e-06,7.92e-06,8.33e-06,8.34e-06,7.59e-06,7.61e-06,7.47e-06,7.8e-06,7.75e-06
charleston,1.13e-06,1.11e-06,9.1e-07,9.1e-07,9.1e-07,1.07e-06,1.07e-06,9.2e-07,1.12e-06
handled,3.326e-05,3.217e-05,3.091e-05,3.169e-05,3.187e-05,3.152e-05,3.17e-05,3.364e-05,3.272e-05
legends,9.53e-06,1.03e-05,1.136e-05,1.107e-05,1.169e-05,1.172e-05,1.204e-05,1.208e-05,9.91e-06
boom,1.227e-05,1.141e-05,1.106e-05,1.107e-05,1.108e-05,1.142e-05,1.219e-05,1.391e-05,1.184e-05
calm,2.58e-06,2.38e-06,1.97e-06,2.12e-06,2.12e-06,2.13e-06,2.74e-06,2.29e-06,2.48e-06
champions,5.49e-06,6.34e-06,6.67e-06,7.13e-06,6.22e-06,6.24e-06,6.55e-06,5.96e-06,5.92e-06
floors,6.94e-06,7.29e-06,7.27e-06,7.13e-06,7.13e-06,6.7e-06,7.16e-06,7.03e-06,7.11e-06
selections,5.49e-06,6.18e-06,5.45e-06,5e-06,5.01e-06,4.42e-06,4.42e-06,4.28e-06,5.84e-06
projectors,7.43e-06,7.92e-06,7.27e-06,7.88e-06,8.2e-06,8.22e-06,8.23e-06,8.56e-06,7.68e-06
inappropriate,7.1e-06,7.45e-06,7.42e-06,7.13e-06,7.29e-06,7.61e-06,7.32e-06,7.49e-06,7.27e-06
exhaust,2.58e-06,2.85e-06,2.73e-06,2.58e-06,2.43e-06,2.59e-06,2.59e-06,2.75e-06,2.71e-06
comparing,2.89e-05,2.948e-05,2.909e-05,2.866e-05,2.869e-05,2.893e-05,2.866e-05,2.828e-05,2.919e-05
shanghai,1.679e-05,1.601e-05,1.788e-05,1.819e-05,1.715e-05,1.705e-05,1.707e-05,1.712e-05,1.64e-05
speaks,7.1e-06,5.55e-06,6.06e-06,5.46e-06,5.16e-06,4.72e-06,4.42e-06,4.59e-06,6.32e-06
burton,3.87e-06,4.28e-06,4.55e-06,5e-06,5.46e-06,5.48e-06,5.18e-06,5.05e-06,4.07e-06
vocational,1.94e-06,2.22e-06,2.27e-06,2.12e-06,2.43e-06,2.44e-06,2.44e-06,2.75e-06,2.08e-06
davidson,5.65e-06,5.55e-06,6.67e-06,6.37e-06,6.37e-06,6.4e-06,6.1e-06,5.96e-06,5.6e-06
copied,1.97e-05,2.076e-05,1.985e-05,1.956e-05,1.958e-05,2.04e-05,2.104e-05,2.064e-05,2.023e-05
scotia,3.55e-06,4.28e-06,4.09e-06,3.49e-06,3.49e-06,3.35e-06,3.35e-06,3.36e-06,3.91e-06
farming,4.52e-06,4.28e-06,3.79e-06,3.79e-06,3.79e-06,4.11e-06,3.96e-06,3.98e-06,4.4e-06
gibson,1.001e-05,1.046e-05,1.015e-05,9.4e-06,1.062e-05,1.035e-05,1.052e-05,1.024e-05,1.023e-05
pharmacies,1.45e-06,1.58e-06,1.67e-06,1.67e-06,1.67e-06,1.52e-06,1.52e-06,1.53e-06,1.51e-06
fork,2.987e-05,2.853e-05,2.879e-05,2.926e-05,2.929e-05,2.863e-05,3.003e-05,3.073e-05,2.92e-05
troy,3.55e-06,3.65e-06,4.85e-06,5e-06,4.86e-06,4.87e-06,5.18e-06,5.05e-06,3.6e-06
ln,1.29e-06,1.27e-06,1.21e-06,1.21e-06,1.37e-06,1.37e-06,1.37e-06,1.22e-06,1.28e-06
roller,5e-06,4.91e-06,4.55e-06,4.4e-06,3.79e-06,3.96e-06,3.05e-06,3.06e-06,4.95e-06
introducing,3.084e-05,3.202e-05,3.212e-05,3.26e-05,3.112e-05,3.213e-05,3.277e-05,3.379e-05,3.143e-05
batch,3.068e-05,3.043e-05,3.091e-05,3.108e-05,3.157e-05,3.274e-05,3.247e-05,3.226e-05,3.055e-05
organize,2.454e-05,2.488e-05,2.379e-05,2.335e-05,2.337e-05,2.36e-05,2.408e-05,2.355e-05,2.471e-05
appreciated,2.42e-06,2.06e-06,1.97e-06,2.12e-06,2.28e-06,2.59e-06,2.59e-06,2.29e-06,2.24e-06
alter,1.631e-05,1.743e-05,1.818e-05,1.804e-05,1.7e-05,1.675e-05,1.646e-05,1.697e-05,1.687e-05
nicole,3.87e-06,3.8e-06,3.79e-06,3.79e-06,3.79e-06,3.96e-06,3.51e-06,3.36e-06,3.83e-06
latino,2.1e-06,2.22e-06,2.12e-06,1.97e-06,2.12e-06,1.98e-06,1.68e-06,1.53e-06,2.16e-06
ghana,6.14e-06,6.34e-06,7.27e-06,7.13e-06,7.13e-06,6.55e-06,6.1e-06,5.66e-06,6.24e-06
edges,0.0001177,0.00011729,0.00011924,0.00012008,0.00012097,0.00012272,0.00012408,0.00012568,0.00011749
uc,2.842e-05,2.694e-05,2.924e-05,2.987e-05,2.929e-05,2.771e-05,2.698e-05,2.737e-05,2.768e-05
mixing,1.728e-05,1.775e-05,1.712e-05,1.683e-05,1.685e-05,1.66e-05,1.677e-05,1.682e-05,1.752e-05
handles,2.373e-05,2.409e-05,2.454e-05,2.335e-05,2.262e-05,2.269e-05,2.271e-05,2.278e-05,2.391e-05
skilled,6.78e-06,6.5e-06,6.97e-06,6.06e-06,6.22e-06,6.09e-06,6.1e-06,6.27e-06,6.64e-06
fitted,1.195e-05,1.141e-05,1.121e-05,1.077e-05,1.123e-05,1.081e-05,1.097e-05,1.116e-05,1.168e-05
albuquerque,4.36e-06,4.28e-06,4.39e-06,4.4e-06,5.01e-06,4.72e-06,4.57e-06,4.59e-06,4.32e-06
harmony,6.78e-06,6.18e-06,6.21e-06,5.91e-06,5.92e-06,6.09e-06,5.79e-06,5.96e-06,6.48e-06
distinguished,9.009e-05,9.367e-05,9.242e-05,9.4e-05,9.547e-05,9.638e-05,9.725e-05,9.663e-05,9.188e-05
asthma,3.2e-07,4.8e-07,3e-07,3e-07,3e-07,3e-07,3e-07,3.1e-07,4e-07
projected,1.582e-05,1.585e-05,1.576e-05,1.547e-05,1.563e-05,1.553e-05,1.494e-05,1.483e-05,1.584e-05
assumptions,1.97e-05,2.045e-05,2.06e-05,2.092e-05,2.155e-05,2.299e-05,2.317e-05,2.293e-05,2.008e-05
shareholders,7.59e-06,7.29e-06,7.12e-06,7.13e-06,7.13e-06,7.16e-06,6.86e-06,6.12e-06,7.44e-06
twins,2.26e-06,2.06e-06,2.27e-06,2.73e-06,2.73e-06,2.74e-06,2.59e-06,2.75e-06,2.16e-06
developmental,9.36e-06,9.19e-06,8.94e-06,9.1e-06,9.11e-06,9.29e-06,9.45e-06,9.48e-06,9.28e-06
rip,5.17e-06,5.71e-06,5.76e-06,5.76e-06,5.77e-06,5.33e-06,5.33e-06,5.2e-06,5.44e-06
zope,8.1e-07,7.9e-07,7.6e-07,7.6e-07,7.6e-07,7.6e-07,7.6e-07,7.6e-07,8e-07
regulated,1.001e-05,1.141e-05,1.182e-05,1.198e-05,1.29e-05,1.249e-05,1.28e-05,1.254e-05,1.071e-05
triangle,2.842e-05,2.9e-05,2.954e-05,2.941e-05,2.899e-05,2.923e-05,2.85e-05,2.905e-05,2.871e-05
amend,9.7e-07,9.5e-07,1.36e-06,1.36e-06,1.37e-06,1.37e-06,1.37e-06,1.22e-06,9.6e-07
anticipated,1.098e-05,1.189e-05,1.303e-05,1.289e-05,1.442e-05,1.477e-05,1.448e-05,1.376e-05,1.143e-05
oriental,1.13e-06,1.27e-06,1.06e-06,9.1e-07,9.1e-07,1.07e-06,1.07e-06,1.38e-06,1.2e-06
reward,1.13e-05,1.125e-05,1.091e-05,1.107e-05,1.199e-05,1.233e-05,1.296e-05,1.284e-05,1.127e-05
windsor,3.87e-06,3.8e-06,3.48e-06,3.49e-06,3.34e-06,3.35e-06,3.2e-06,2.9e-06,3.83e-06
zambia,1.78e-06,1.74e-06,1.82e-06,1.82e-06,1.82e-06,1.83e-06,1.98e-06,1.83e-06,1.76e-06
completing,1.566e-05,1.617e-05,1.788e-05,1.835e-05,1.837e-05,1.919e-05,2.027e-05,2.064e-05,1.591e-05
gmbh,2.793e-05,2.805e-05,2.909e-05,3.032e-05,3.081e-05,3.03e-05,3.018e-05,3.088e-05,2.799e-05
buf,1.61e-06,1.58e-06,1.52e-06,1.5e-07,1.5e-07,1.5e-07,1.5e-07,1.5e-07,1.59e-06
ld,3.07e-06,3.01e-06,3.94e-06,4.25e-06,4.1e-06,4.11e-06,4.12e-06,4.28e-06,3.04e-06
hydrogen,5.97e-06,6.18e-06,6.51e-06,6.52e-06,6.22e-06,5.79e-06,5.49e-06,5.66e-06,6.08e-06
webshots,6.5e-07,6.3e-07,6.1e-07,6.1e-07,6.1e-07,6.1e-07,6.1e-07,6.1e-07,6.4e-07
sprint,7.75e-06,8.4e-06,7.73e-06,9.25e-06,1.002e-05,9.14e-06,8.99e-06,8.41e-06,8.07e-06
comparable,3.261e-05,3.233e-05,3.151e-05,3.23e-05,3.263e-05,3.182e-05,3.201e-05,3.257e-05,3.247e-05
chick,1.13e-06,1.27e-06,1.06e-06,1.06e-06,1.06e-06,1.07e-06,1.07e-06,1.07e-06,1.2e-06
advocate,2.825e-05,2.837e-05,2.894e-05,2.941e-05,2.929e-05,2.908e-05,2.988e-05,2.966e-05,2.831e-05
sims,1.211e-05,1.189e-05,1.045e-05,1.016e-05,9.56e-06,1.02e-05,1.082e-05,1.131e-05,1.2e-05
confusion,1.421e-05,1.537e-05,1.5e-05,1.501e-05,1.518e-05,1.477e-05,1.448e-05,1.437e-05,1.479e-05
copyrighted,7.1e-06,6.82e-06,6.51e-06,6.67e-06,6.68e-06,6.55e-06,7.01e-06,6.88e-06,6.96e-06
tray,2.1e-06,2.22e-06,2.12e-06,2.12e-06,2.28e-06,2.13e-06,2.13e-06,1.99e-06,2.16e-06
inputs,6.797e-05,6.895e-05,7e-05,6.99e-05,7.164e-05,7.172e-05,6.996e-05,7.018e-05,6.846e-05
warranties,6.5e-07,4.8e-07,4.5e-07,3e-07,4.6e-07,7.6e-07,4.6e-07,4.6e-07,5.6e-07
genome,3.859e-05,3.931e-05,4e-05,3.988e-05,4.174e-05,4.142e-05,4.07e-05,4.143e-05,3.895e-05
escorts,4.8e-07,3.2e-07,3e-07,4.5e-07,3e-07,3e-07,3e-07,3.1e-07,4e-07
documented,2.874e-05,2.916e-05,2.848e-05,2.896e-05,2.854e-05,2.923e-05,2.82e-05,2.813e-05,2.895e-05
thong,1.6e-07,1.6e-07,1.5e-07,1.5e-07,1.5e-07,1.5e-07,1.5e-07,1.5e-07,1.6e-07
medal,4.537e-05,4.2e-05,4.469e-05,4.276e-05,4.523e-05,4.537e-05,4.527e-05,4.556e-05,4.368e-05
paperbacks,1.6e-07,1.6e-07,1.5e-07,1.5e-07,0.0,0.0,0.0,0.0,1.6e-07
coaches,1.29e-06,1.11e-06,9.1e-07,1.06e-06,1.06e-06,1.07e-06,1.07e-06,1.07e-06,1.2e-06
vessels,6.78e-06,6.82e-06,6.82e-06,6.82e-06,7.59e-06,7.31e-06,7.32e-06,7.34e-06,6.8e-06
harbour,4.04e-06,3.65e-06,3.33e-06,3.03e-06,2.88e-06,2.89e-06,2.59e-06,2.6e-06,3.85e-06
walks,8.72e-06,8.4e-06,7.58e-06,7.13e-06,7.13e-06,7.16e-06,7.32e-06,7.34e-06,8.56e-06
sucks,6.5e-07,9.5e-07,1.06e-06,9.1e-07,9.1e-07,9.1e-07,9.1e-07,9.2e-07,8e-07
sol,4.36e-06,5.55e-06,6.36e-06,6.37e-06,6.37e-06,5.94e-06,6.4e-06,6.57e-06,4.95e-06
keyboards,2.599e-05,2.473e-05,2.424e-05,2.365e-05,2.489e-05,2.375e-05,2.393e-05,2.492e-05,2.536e-05
sage,1.469e-05,1.426e-05,1.409e-05,1.395e-05,1.381e-05,1.325e-05,1.28e-05,1.3e-05,1.447e-05
knives,1.78e-06,1.74e-06,1.67e-06,1.67e-06,1.67e-06,1.67e-06,1.52e-06,1.53e-06,1.76e-06
eco,4.2e-06,4.75e-06,4.55e-06,3.79e-06,3.49e-06,3.35e-06,3.51e-06,3.67e-06,4.48e-06
vulnerable,1.889e-05,1.95e-05,2.03e-05,1.895e-05,1.988e-05,2.101e-05,2.134e-05,2.232e-05,1.92e-05
arrange,6.3e-06,5.71e-06,5.61e-06,6.22e-06,6.37e-06,5.94e-06,5.79e-06,5.81e-06,6.01e-06
artistic,2.26e-05,2.235e-05,2.167e-05,2.153e-05,2.155e-05,2.177e-05,2.332e-05,2.355e-05,2.248e-05
bat,3.87e-06,3.96e-06,3.64e-06,3.64e-06,3.95e-06,4.11e-06,3.96e-06,3.67e-06,3.92e-06
honors,1.211e-05,1.141e-05,1.136e-05,1.061e-05,9.71e-06,9.9e-06,9.76e-06,9.17e-06,1.176e-05
booth,8.23e-06,7.77e-06,8.03e-06,6.97e-06,7.13e-06,7.61e-06,7.47e-06,7.19e-06,8e-06
indie,3.019e-05,3.455e-05,3.379e-05,3.275e-05,3.036e-05,3e-05,2.911e-05,3.043e-05,3.237e-05
reflected,1.954e-05,2.045e-05,2e-05,2.062e-05,2.019e-05,2.01e-05,2.104e-05,2.095e-05,2e-05
unified,7.168e-05,7.291e-05,7.257e-05,7.081e-05,6.967e-05,6.943e-05,7.134e-05,7.171e-05,7.229e-05
bones,3.55e-06,4.28e-06,3.79e-06,3.79e-06,3.79e-06,4.57e-06,4.88e-06,4.74e-06,3.91e-06
breed,2.74e-06,2.54e-06,2.73e-06,2.73e-06,2.43e-06,2.13e-06,2.29e-06,2.29e-06,2.64e-06
detector,1.388e-05,1.3e-05,1.258e-05,1.258e-05,1.245e-05,1.218e-05,1.204e-05,1.208e-05,1.344e-05
ignored,1.033e-05,9.67e-06,9.7e-06,9.55e-06,9.56e-06,9.44e-06,9.76e-06,1.024e-05,1e-05
polar,9.36e-06,9.67e-06,9.54e-06,1.001e-05,9.87e-06,9.9e-06,1.021e-05,1.024e-05,9.51e-06
fallen,7.43e-06,6.97e-06,8.18e-06,7.88e-06,8.35e-06,8.68e-06,8.69e-06,9.48e-06,7.2e-06
precise,3.423e-05,3.313e-05,3.227e-05,3.26e-05,3.051e-05,3.03e-05,3.201e-05,3.195e-05,3.368e-05
sussex,6.46e-06,6.34e-06,4.09e-06,4.25e-06,4.1e-06,4.42e-06,3.81e-06,3.52e-06,6.4e-06
respiratory,1.13e-06,1.11e-06,1.36e-06,1.36e-06,1.37e-06,1.37e-06,1.37e-06,1.38e-06,1.12e-06
notifications,1.211e-05,1.189e-05,1.106e-05,1.092e-05,1.123e-05,1.112e-05,1.387e-05,1.437e-05,1.2e-05
msgid,1.6e-07,4.8e-07,4.5e-07,4.5e-07,0.0,0.0,0.0,0.0,3.2e-07
transexual,0.0,0.0,0.0,0.0,0.0,0.0,0.0,0.0,0.0
mainstream,4.069e-05,4.184e-05,4.212e-05,4.336e-05,4.296e-05,4.324e-05,4.481e-05,4.464e-05,4.126e-05
invoice,1.45e-06,1.58e-06,1.67e-06,1.67e-06,1.52e-06,1.37e-06,1.37e-06,1.38e-06,1.51e-06
evaluating,2.018e-05,2.076e-05,2.076e-05,2.001e-05,1.973e-05,1.979e-05,2.119e-05,2.064e-05,2.047e-05
lip,2.74e-06,3.01e-06,3.48e-06,3.03e-06,3.19e-06,3.2e-06,3.2e-06,3.21e-06,2.88e-06
subcommittee,5.49e-06,4.91e-06,4.24e-06,4.25e-06,3.79e-06,3.65e-06,3.35e-06,3.36e-06,5.2e-06
sap,3.051e-05,3.17e-05,3.03e-05,3.017e-05,2.899e-05,3e-05,2.896e-05,2.859e-05,3.111e-05
gather,1.501e-05,1.426e-05,1.591e-05,1.562e-05,1.563e-05,1.523e-05,1.57e-05,1.59e-05,1.464e-05
suse,8.23e-06,8.24e-06,7.73e-06,7.28e-06,7.29e-06,7.16e-06,7.16e-06,7.19e-06,8.24e-06
maternity,1.6e-07,1.6e-07,1.5e-07,0.0,0.0,0.0,0.0,0.0,1.6e-07
backed,2.486e-05,2.631e-05,2.636e-05,2.684e-05,2.596e-05,2.467e-05,2.454e-05,2.385e-05,2.558e-05
alfred,1.485e-05,1.49e-05,1.636e-05,1.547e-05,1.563e-05,1.538e-05,1.524e-05,1.529e-05,1.487e-05
colonial,5e-06,4.91e-06,4.85e-06,4.85e-06,5.16e-06,4.87e-06,5.03e-06,5.2e-06,4.95e-06
mf,2.1e-06,1.74e-06,1.67e-06,1.67e-06,1.67e-06,1.67e-06,1.68e-06,1.68e-06,1.92e-06
carey,1.94e-06,1.9e-06,1.97e-06,1.97e-06,1.97e-06,1.67e-06,1.52e-06,1.53e-06,1.92e-06
motels,0.0,0.0,0.0,0.0,0.0,0.0,1.5e-07,1.5e-07,0.0
forming,2.002e-05,1.902e-05,1.742e-05,1.865e-05,1.928e-05,1.995e-05,1.982e-05,1.972e-05,1.952e-05
embassy,1.29e-06,1.27e-06,1.67e-06,1.52e-06,1.52e-06,1.67e-06,1.83e-06,2.14e-06,1.28e-06
cave,1.405e-05,1.347e-05,1.288e-05,1.349e-05,1.381e-05,1.37e-05,1.357e-05,1.407e-05,1.376e-05
journalists,3.713e-05,3.741e-05,3.833e-05,3.881e-05,3.901e-05,3.959e-05,4.085e-05,4.266e-05,3.727e-05
danny,1.13e-05,1.046e-05,9.24e-06,9.86e-06,9.87e-06,9.74e-06,9.6e-06,9.33e-06,1.088e-05
rebecca,6.78e-06,7.13e-06,7.12e-06,7.43e-06,6.98e-06,6.85e-06,6.55e-06,6.42e-06,6.96e-06
slight,5.65e-06,5.86e-06,5.76e-06,5.76e-06,5.92e-06,5.94e-06,5.79e-06,5.5e-06,5.75e-06
proceeds,7.43e-06,7.13e-06,6.97e-06,7.43e-06,7.29e-06,7.31e-06,7.16e-06,7.34e-06,7.28e-06
indirect,1.566e-05,1.284e-05,1.439e-05,1.516e-05,1.518e-05,1.492e-05,1.479e-05,1.452e-05,1.425e-05
amongst,2.696e-05,2.758e-05,2.712e-05,2.578e-05,2.504e-05,2.467e-05,2.546e-05,2.538e-05,2.727e-05
wool,4.8e-07,4.8e-07,9.1e-07,9.1e-07,7.6e-07,7.6e-07,7.6e-07,9.2e-07,4.8e-07
foundations,4.795e-05,4.723e-05,4.697e-05,4.609e-05,4.599e-05,4.583e-05,4.573e-05,4.541e-05,4.759e-05
msgstr,0.0,0.0,0.0,0.0,0.0,0.0,0.0,0.0,0.0
arrest,8.23e-06,8.88e-06,9.7e-06,8.79e-06,8.5e-06,8.98e-06,9.15e-06,8.56e-06,8.56e-06
volleyball,1.78e-06,2.06e-06,2.12e-06,2.27e-06,2.12e-06,1.98e-06,1.98e-06,1.83e-06,1.92e-06
mw,4.2e-06,4.12e-06,3.64e-06,3.34e-06,3.49e-06,3.5e-06,3.51e-06,3.52e-06,4.16e-06
adipex,0.0,0.0,0.0,0.0,0.0,0.0,0.0,0.0,0.0
horizon,1.873e-05,1.87e-05,1.939e-05,1.956e-05,1.958e-05,2.025e-05,2.088e-05,2.156e-05,1.871e-05
nu,4.36e-06,4.12e-06,4.09e-06,4.4e-06,4.4e-06,4.57e-06,4.42e-06,4.59e-06,4.24e-06
deeply,8.23e-06,7.77e-06,6.97e-06,7.13e-06,7.13e-06,6.7e-06,6.4e-06,6.27e-06,8e-06
toolbox,1.356e-05,1.173e-05,1.167e-05,1.122e-05,9.87e-06,1.02e-05,1.006e-05,1.009e-05,1.265e-05
ict,5.296e-05,5.135e-05,5.288e-05,4.988e-05,4.736e-05,4.766e-05,4.74e-05,4.556e-05,5.216e-05
marina,3.23e-06,3.65e-06,3.79e-06,3.79e-06,3.64e-06,3.81e-06,3.96e-06,3.82e-06,3.44e-06
liabilities,6.5e-07,9.5e-07,9.1e-07,9.1e-07,7.6e-07,7.6e-07,7.6e-07,1.07e-06,8e-07
prizes,1.534e-05,1.474e-05,1.333e-05,1.334e-05,1.26e-05,1.264e-05,1.296e-05,1.238e-05,1.504e-05
bosnia,1.78e-06,1.9e-06,1.82e-06,1.67e-06,1.67e-06,1.67e-06,1.83e-06,1.99e-06,1.84e-06
browsers,6.555e-05,6.593e-05,6.515e-05,6.58e-05,6.496e-05,6.441e-05,6.463e-05,6.635e-05,6.574e-05
decreased,8.23e-06,8.4e-06,8.18e-06,8.64e-06,8.65e-06,8.98e-06,9.15e-06,9.48e-06,8.32e-06
patio,1.6e-07,4.8e-07,4.5e-07,4.5e-07,4.6e-07,4.6e-07,4.6e-07,4.6e-07,3.2e-07
dp,5e-06,4.6e-06,4.55e-06,4.55e-06,4.25e-06,3.96e-06,3.96e-06,3.36e-06,4.8e-06
tolerance,2.131e-05,2.124e-05,2.212e-05,2.259e-05,2.262e-05,2.177e-05,2.21e-05,2.217e-05,2.128e-05
surfing,4.84e-06,4.75e-06,3.64e-06,3.64e-06,3.34e-06,3.35e-06,3.35e-06,2.9e-06,4.8e-06
creativity,1.501e-05,1.648e-05,1.697e-05,1.592e-05,1.563e-05,1.507e-05,1.54e-05,1.514e-05,1.574e-05
lloyd,1.049e-05,9.99e-06,9.85e-06,9.55e-06,9.71e-06,9.9e-06,1.006e-05,1.009e-05,1.024e-05
describing,6.716e-05,6.72e-05,6.439e-05,6.55e-05,6.481e-05,6.593e-05,6.463e-05,6.574e-05,6.718e-05
optics,2.89e-05,2.742e-05,2.697e-05,2.684e-05,2.656e-05,2.68e-05,2.713e-05,2.645e-05,2.816e-05
pursue,1.162e-05,1.157e-05,1.197e-05,1.122e-05,1.154e-05,1.218e-05,1.143e-05,1.086e-05,1.159e-05
lightning,9.04e-06,9.51e-06,9.7e-06,9.1e-06,8.8e-06,7.92e-06,8.54e-06,8.56e-06,9.28e-06
overcome,2.228e-05,2.06e-05,2.045e-05,2.001e-05,1.988e-05,2.025e-05,2.012e-05,2.033e-05,2.144e-05
eyed,2.91e-06,2.85e-06,2.88e-06,2.88e-06,2.88e-06,3.05e-06,2.9e-06,2.75e-06,2.88e-06
ou,3.87e-06,4.28e-06,3.94e-06,4.09e-06,3.95e-06,4.26e-06,4.27e-06,4.28e-06,4.07e-06
quotations,2.42e-06,2.69e-06,2.73e-06,2.88e-06,2.88e-06,2.74e-06,2.9e-06,2.6e-06,2.56e-06
grab,2.91e-06,2.69e-06,2.12e-06,2.12e-06,1.67e-06,1.98e-06,1.83e-06,1.83e-06,2.8e-06
inspector,5.17e-06,5.71e-06,5.76e-06,6.06e-06,6.37e-06,6.24e-06,6.1e-06,5.96e-06,5.44e-06
attract,7.27e-06,6.82e-06,7.88e-06,7.88e-06,8.35e-06,8.83e-06,8.99e-06,8.71e-06,7.04e-06
brighton,4.84e-06,4.44e-06,4.39e-06,4.25e-06,4.4e-06,4.26e-06,4.27e-06,4.28e-06,4.64e-06
beans,2.1e-06,1.74e-06,1.97e-06,2.43e-06,3.04e-06,3.2e-06,2.9e-06,3.21e-06,1.92e-06
bookmarks,1.001e-05,9.83e-06,1e-05,9.4e-06,8.96e-06,8.37e-06,8.69e-06,8.71e-06,9.92e-06
ellis,7.59e-06,6.97e-06,7.42e-06,8.04e-06,8.96e-06,9.44e-06,9.76e-06,9.94e-06,7.28e-06
disable,8.23e-06,8.72e-06,7.58e-06,7.58e-06,7.74e-06,7e-06,7.32e-06,7.03e-06,8.47e-06
snake,9.04e-06,1.014e-05,1.03e-05,1.016e-05,1.032e-05,1.02e-05,1.037e-05,1.055e-05,9.59e-06
succeed,9.04e-06,9.19e-06,8.79e-06,8.95e-06,8.8e-06,9.14e-06,8.84e-06,9.17e-06,9.11e-06
leonard,1.098e-05,1.078e-05,1.061e-05,1.077e-05,1.062e-05,1.096e-05,9.6e-06,9.48e-06,1.088e-05
lending,2.42e-06,2.85e-06,3.79e-06,3.64e-06,3.79e-06,3.5e-06,3.66e-06,3.82e-06,2.64e-06
oops,1.94e-06,1.9e-06,1.97e-06,1.97e-06,9.1e-07,7.6e-07,7.6e-07,7.6e-07,1.92e-06
reminder,8.1e-07,7.9e-07,7.6e-07,7.6e-07,9.1e-07,9.1e-07,1.07e-06,9.2e-07,8e-07
nipple,3.2e-07,4.8e-07,1.5e-07,3e-07,3e-07,4.6e-07,4.6e-07,7.6e-07,4e-07
xi,8.4e-06,8.72e-06,8.64e-06,8.79e-06,8.8e-06,8.22e-06,8.08e-06,8.26e-06,8.56e-06
searched,1.582e-05,1.537e-05,1.454e-05,1.38e-05,1.381e-05,1.386e-05,1.357e-05,1.33e-05,1.56e-05
behavioral,2.389e-05,2.393e-05,2.515e-05,2.441e-05,2.535e-05,2.528e-05,2.515e-05,2.569e-05,2.391e-05
riverside,2.26e-06,2.06e-06,1.82e-06,1.82e-06,1.82e-06,1.98e-06,1.98e-06,2.14e-06,2.16e-06
bathrooms,3.2e-07,3.2e-07,0.0,0.0,0.0,0.0,0.0,0.0,3.2e-07
plains,2.1e-06,2.22e-06,2.12e-06,2.12e-06,2.12e-06,2.44e-06,2.13e-06,1.99e-06,2.16e-06
sku,1.13e-06,1.11e-06,7.6e-07,9.1e-07,9.1e-07,9.1e-07,9.1e-07,9.2e-07,1.12e-06
ht,3.87e-06,3.8e-06,3.94e-06,3.03e-06,2.88e-06,2.74e-06,2.74e-06,2.75e-06,3.83e-06
raymond,1.841e-05,1.839e-05,1.833e-05,1.865e-05,1.867e-05,1.842e-05,1.799e-05,1.712e-05,1.84e-05
insights,2.002e-05,1.902e-05,1.818e-05,1.986e-05,1.912e-05,1.766e-05,1.875e-05,1.926e-05,1.952e-05
abilities,2.987e-05,2.948e-05,3.227e-05,3.32e-05,3.521e-05,3.426e-05,3.46e-05,3.623e-05,2.967e-05
initiated,3.81e-05,3.804e-05,3.939e-05,3.927e-05,3.871e-05,3.852e-05,3.872e-05,3.822e-05,3.807e-05
sullivan,9.2e-06,8.72e-06,1e-05,9.86e-06,9.71e-06,9.59e-06,9.3e-06,9.17e-06,8.96e-06
za,6.78e-06,6.97e-06,7.12e-06,6.97e-06,6.83e-06,6.09e-06,5.94e-06,5.5e-06,6.88e-06
midwest,1.78e-06,1.74e-06,1.82e-06,1.97e-06,1.82e-06,1.83e-06,1.83e-06,1.99e-06,1.76e-06
karaoke,1.45e-06,1.43e-06,1.36e-06,1.36e-06,1.21e-06,1.37e-06,1.68e-06,1.68e-06,1.44e-06
trap,6.78e-06,6.02e-06,6.06e-06,6.06e-06,6.22e-06,6.7e-06,6.86e-06,7.03e-06,6.4e-06
lonely,1.78e-06,1.74e-06,1.67e-06,1.97e-06,2.12e-06,1.83e-06,1.98e-06,1.99e-06,1.76e-06
fool,3.39e-06,3.65e-06,3.64e-06,3.79e-06,3.79e-06,3.65e-06,3.2e-06,2.75e-06,3.52e-06
ve,1.582e-05,1.569e-05,1.561e-05,1.562e-05,1.472e-05,1.416e-05,1.372e-05,1.315e-05,1.576e-05
nonprofit,2.422e-05,2.473e-05,2.697e-05,2.714e-05,2.838e-05,2.847e-05,3.018e-05,3.073e-05,2.447e-05
lancaster,3.39e-06,3.33e-06,3.33e-06,3.49e-06,3.79e-06,3.81e-06,4.27e-06,4.13e-06,3.36e-06
suspended,1.195e-05,1.205e-05,1.333e-05,1.395e-05,1.351e-05,1.477e-05,1.418e-05,1.422e-05,1.2e-05
hereby,8.1e-07,9.5e-07,7.6e-07,6.1e-07,6.1e-07,6.1e-07,4.6e-07,4.6e-07,8.8e-07
observe,1.243e-05,1.205e-05,1.106e-05,1.092e-05,1.093e-05,1.127e-05,1.128e-05,1.086e-05,1.224e-05
julia,1.098e-05,1.078e-05,1.258e-05,1.167e-05,1.229e-05,1.431e-05,1.311e-05,1.345e-05,1.088e-05
containers,1.388e-05,1.363e-05,1.379e-05,1.471e-05,1.503e-05,1.507e-05,1.555e-05,1.559e-05,1.375e-05
attitudes,4.36e-06,4.44e-06,4.7e-06,4.4e-06,4.1e-06,3.96e-06,3.81e-06,4.28e-06,4.4e-06
karl,1.324e-05,1.347e-05,1.364e-05,1.41e-05,1.427e-05,1.462e-05,1.418e-05,1.361e-05,1.336e-05
berry,6.62e-06,6.5e-06,6.67e-06,6.22e-06,6.68e-06,6.4e-06,7.01e-06,7.03e-06,6.56e-06
collar,1.61e-06,1.27e-06,1.36e-06,1.36e-06,1.37e-06,1.37e-06,1.68e-06,1.68e-06,1.44e-06
simultaneously,6.91e-05,6.91e-05,6.727e-05,6.747e-05,6.663e-05,6.791e-05,6.874e-05,6.972e-05,6.91e-05
racial,4.52e-06,4.28e-06,4.55e-06,4.7e-06,4.86e-06,5.48e-06,5.03e-06,5.5e-06,4.4e-06
integrate,3.923e-05,4.168e-05,4.106e-05,4.185e-05,4.28e-05,4.157e-05,4.1e-05,4.159e-05,4.046e-05
bermuda,1.78e-06,1.58e-06,1.67e-06,1.67e-06,1.82e-06,1.67e-06,1.68e-06,1.53e-06,1.68e-06
amanda,4.2e-06,4.44e-06,5e-06,5.31e-06,5.16e-06,5.48e-06,5.49e-06,5.2e-06,4.32e-06
sociology,2.002e-05,1.934e-05,1.909e-05,2.017e-05,2.034e-05,2.056e-05,2.073e-05,2.003e-05,1.968e-05
mobiles,2.42e-06,2.69e-06,2.58e-06,1.97e-06,1.52e-06,1.52e-06,1.52e-06,1.53e-06,2.56e-06
screenshot,6.94e-06,7.61e-06,6.67e-06,5.91e-06,5.77e-06,5.79e-06,5.49e-06,5.2e-06,7.27e-06
exhibitions,1.243e-05,1.236e-05,1.258e-05,1.228e-05,1.154e-05,1.188e-05,1.143e-05,1.162e-05,1.239e-05
kelkoo,1.45e-06,1.43e-06,1.06e-06,1.06e-06,1.06e-06,1.07e-06,1.07e-06,1.07e-06,1.44e-06
confident,1.45e-06,1.43e-06,1.67e-06,1.97e-06,1.97e-06,1.98e-06,1.98e-06,1.99e-06,1.44e-06
retrieved,0.0004146,0.0004094,0.00038407,0.00036813,0.00035548,0.00034183,0.00032909,0.00031679,0.000412
exhibits,1.485e-05,1.553e-05,1.454e-05,1.41e-05,1.366e-05,1.294e-05,1.341e-05,1.345e-05,1.519e-05
officially,8.896e-05,8.908e-05,9.287e-05,9.446e-05,9.456e-05,9.714e-05,9.847e-05,9.77e-05,8.902e-05
consortium,8.25e-05,8.163e-05,8.106e-05,8.127e-05,8.272e-05,8.283e-05,8.277e-05,8.042e-05,8.207e-05
dies,6.78e-06,6.97e-06,6.97e-06,7.43e-06,7.13e-06,7.61e-06,6.71e-06,7.03e-06,6.88e-06
terrace,9.7e-07,4.8e-07,6.1e-07,6.1e-07,6.1e-07,6.1e-07,3e-07,3.1e-07,7.3e-07
bacteria,3.23e-06,3.65e-06,4.39e-06,4.4e-06,4.55e-06,4.87e-06,5.18e-06,5.35e-06,3.44e-06
pts,2.58e-06,2.69e-06,1.36e-06,1.36e-06,1.52e-06,1.67e-06,1.52e-06,1.53e-06,2.64e-06
replied,2.1e-06,2.38e-06,2.42e-06,2.12e-06,2.12e-06,2.13e-06,2.13e-06,2.14e-06,2.24e-06
seafood,1.6e-07,0.0,3e-07,3e-07,3e-07,3e-07,3e-07,3.1e-07,8e-08
novels,2.406e-05,2.393e-05,2.409e-05,2.426e-05,2.307e-05,2.421e-05,2.5e-05,2.446e-05,2.399e-05
rh,4.8e-07,6.3e-07,3e-07,3e-07,3e-07,3e-07,1.5e-07,1.5e-07,5.5e-07
rrp,4.8e-07,3.2e-07,3e-07,3e-07,1.5e-07,1.5e-07,1.5e-07,1.5e-07,4e-07
recipients,1.921e-05,2.013e-05,1.909e-05,1.895e-05,1.928e-05,1.903e-05,1.966e-05,1.957e-05,1.967e-05
playboy,3.23e-06,3.01e-06,2.88e-06,2.73e-06,2.73e-06,2.74e-06,2.59e-06,2.75e-06,3.12e-06
ought,1.45e-06,1.11e-06,1.21e-06,1.21e-06,1.21e-06,1.22e-06,1.07e-06,1.38e-06,1.28e-06
delicious,1.94e-06,1.74e-06,1.97e-06,1.36e-06,1.37e-06,1.37e-06,1.37e-06,1.38e-06,1.84e-06
traditions,4.52e-06,4.28e-06,4.7e-06,5e-06,5.16e-06,4.87e-06,4.42e-06,4.59e-06,4.4e-06
fg,1.78e-06,1.74e-06,1.52e-06,1.52e-06,1.67e-06,1.67e-06,1.52e-06,1.53e-06,1.76e-06
jail,6.14e-06,5.86e-06,6.51e-06,7.13e-06,6.98e-06,6.85e-06,6.86e-06,6.73e-06,6e-06
safely,8.56e-06,9.19e-06,1e-05,1.001e-05,9.87e-06,9.9e-06,1.006e-05,9.94e-06,8.87e-06
finite,0.00018341,0.00018211,0.00017923,0.00018331,0.00018427,0.000185,0.00018596,0.0001879,0.00018276
kidney,9.7e-07,1.58e-06,1.36e-06,1.36e-06,1.67e-06,1.67e-06,1.52e-06,1.53e-06,1.28e-06
periodically,1.292e-05,1.3e-05,1.242e-05,1.213e-05,1.229e-05,1.249e-05,1.265e-05,1.3e-05,1.296e-05
fixes,1.162e-05,1.157e-05,1.091e-05,1.183e-05,1.169e-05,1.233e-05,1.204e-05,1.131e-05,1.159e-05
sends,3.003e-05,2.869e-05,2.697e-05,2.653e-05,2.717e-05,2.665e-05,2.652e-05,2.706e-05,2.936e-05
durable,4.84e-06,4.44e-06,4.7e-06,4.25e-06,4.25e-06,4.26e-06,4.57e-06,4.74e-06,4.64e-06
mazda,1.6e-07,1.6e-07,1.5e-07,1.5e-07,1.5e-07,1.5e-07,1.5e-07,1.5e-07,1.6e-07
allied,1.534e-05,1.664e-05,1.621e-05,1.562e-05,1.533e-05,1.523e-05,1.54e-05,1.59e-05,1.599e-05
throws,8.1e-07,1.27e-06,1.67e-06,1.52e-06,1.52e-06,1.22e-06,1.22e-06,1.07e-06,1.04e-06
moisture,4.36e-06,4.12e-06,4.09e-06,4.09e-06,4.4e-06,4.26e-06,4.27e-06,4.43e-06,4.24e-06
hungarian,2.147e-05,2.33e-05,2.364e-05,2.411e-05,2.368e-05,2.33e-05,2.378e-05,2.385e-05,2.238e-05
roster,3.55e-06,3.96e-06,4.55e-06,4.4e-06,4.4e-06,3.96e-06,3.81e-06,3.98e-06,3.76e-06
referring,2.777e-05,2.742e-05,2.636e-05,2.775e-05,2.702e-05,2.665e-05,2.591e-05,2.614e-05,2.759e-05
symantec,2.438e-05,2.457e-05,2.394e-05,2.259e-05,2.262e-05,2.208e-05,2.012e-05,2.033e-05,2.447e-05
spencer,7.91e-06,8.4e-06,8.33e-06,7.88e-06,8.35e-06,8.37e-06,8.23e-06,9.02e-06,8.15e-06
wichita,1.78e-06,1.74e-06,1.67e-06,1.82e-06,1.52e-06,1.52e-06,1.98e-06,1.99e-06,1.76e-06
nasdaq,1.824e-05,1.823e-05,1.909e-05,1.941e-05,2.049e-05,1.934e-05,1.875e-05,1.942e-05,1.824e-05
uruguay,3.23e-06,3.49e-06,3.48e-06,3.64e-06,3.95e-06,3.35e-06,3.81e-06,3.52e-06,3.36e-06
ooo,1.13e-06,1.11e-06,1.06e-06,1.06e-06,1.06e-06,1.07e-06,1.07e-06,1.07e-06,1.12e-06
hz,1.179e-05,1.22e-05,1.318e-05,1.092e-05,1.017e-05,1.02e-05,1.052e-05,9.48e-06,1.199e-05
transform,0.00010284,0.0001035,0.00010348,0.0001025,0.00010306,0.0001008,0.00010182,0.00010228,0.00010317
timer,1.453e-05,1.379e-05,1.303e-05,1.274e-05,1.245e-05,1.249e-05,1.174e-05,1.07e-05,1.416e-05
tablets,4.214e-05,4.327e-05,4.318e-05,4.23e-05,4.402e-05,4.355e-05,4.07e-05,4.097e-05,4.27e-05
tuning,1.227e-05,1.141e-05,1.121e-05,1.092e-05,1.108e-05,1.112e-05,1.082e-05,1.07e-05,1.184e-05
gotten,9.7e-07,7.9e-07,1.06e-06,6.1e-07,4.6e-07,6.1e-07,6.1e-07,6.1e-07,8.8e-07
educators,1.243e-05,1.22e-05,1.212e-05,1.183e-05,1.078e-05,1.157e-05,1.158e-05,1.177e-05,1.231e-05
tyler,4.04e-06,4.44e-06,4.85e-06,4.85e-06,5.01e-06,5.18e-06,5.18e-06,5.05e-06,4.24e-06
futures,7.43e-06,7.29e-06,7.58e-06,6.82e-06,6.83e-06,7.31e-06,7.93e-06,7.95e-06,7.36e-06
vegetable,1.13e-06,1.11e-06,1.06e-06,7.6e-07,7.6e-07,6.1e-07,6.1e-07,6.1e-07,1.12e-06
verse,4.84e-06,4.75e-06,4.55e-06,5.16e-06,4.86e-06,4.57e-06,4.88e-06,5.2e-06,4.8e-06
highs,1.6e-07,1.6e-07,1.5e-07,1.5e-07,1.5e-07,1.5e-07,1.5e-07,1.5e-07,1.6e-07
humanities,3.875e-05,3.994e-05,3.924e-05,4.063e-05,4.129e-05,4.081e-05,3.856e-05,3.899e-05,3.934e-05
independently,6.91e-05,6.879e-05,7.06e-05,7.126e-05,7.255e-05,7.507e-05,7.606e-05,7.599e-05,6.894e-05
wanting,3.55e-06,3.01e-06,3.18e-06,3.18e-06,3.49e-06,4.11e-06,4.12e-06,3.98e-06,3.28e-06
custody,2.1e-06,2.22e-06,2.58e-06,2.12e-06,2.28e-06,2.59e-06,2.59e-06,2.6e-06,2.16e-06
scratch,1.857e-05,1.807e-05,1.636e-05,1.653e-05,1.533e-05,1.553e-05,1.631e-05,1.697e-05,1.832e-05
launches,2.115e-05,2.14e-05,2.091e-05,1.971e-05,1.882e-05,1.705e-05,1.646e-05,1.559e-05,2.127e-05
ipaq,1.29e-06,9.5e-07,9.1e-07,9.1e-07,9.1e-07,1.07e-06,1.07e-06,9.2e-07,1.12e-06
alignment,3.261e-05,3.122e-05,3.06e-05,3.139e-05,3.127e-05,3.137e-05,3.094e-05,3.119e-05,3.192e-05
masturbating,0.0,0.0,1.5e-07,1.5e-07,0.0,0.0,1.5e-07,1.5e-07,0.0
henderson,5.49e-06,5.07e-06,5.15e-06,5.46e-06,5.16e-06,5.63e-06,5.18e-06,5.2e-06,5.28e-06
bk,4.52e-06,4.12e-06,3.48e-06,3.03e-06,2.88e-06,2.89e-06,3.05e-06,3.21e-06,4.32e-06
britannica,6.94e-06,5.71e-06,5.15e-06,5e-06,5.31e-06,5.33e-06,5.18e-06,5.35e-06,6.32e-06
comm,2.74e-06,2.69e-06,2.88e-06,2.58e-06,2.43e-06,2.28e-06,2.29e-06,2.29e-06,2.72e-06
ellen,4.36e-06,4.12e-06,4.55e-06,5e-06,4.55e-06,4.72e-06,4.88e-06,5.2e-06,4.24e-06
competitors,2.825e-05,2.79e-05,2.773e-05,2.79e-05,2.854e-05,2.878e-05,2.972e-05,2.997e-05,2.807e-05
nhs,1.308e-05,1.506e-05,1.561e-05,1.274e-05,1.427e-05,1.462e-05,1.296e-05,1.3e-05,1.407e-05
rocket,1.275e-05,1.3e-05,1.242e-05,1.334e-05,1.427e-05,1.447e-05,1.509e-05,1.452e-05,1.287e-05
aye,0.0,0.0,0.0,0.0,0.0,0.0,0.0,0.0,0.0
bullet,5.81e-06,6.18e-06,7.58e-06,8.49e-06,8.5e-06,8.98e-06,8.69e-06,8.41e-06,6e-06
towers,8.56e-06,8.72e-06,8.64e-06,9.1e-06,8.65e-06,8.98e-06,8.54e-06,9.17e-06,8.64e-06
racks,3.39e-06,3.33e-06,3.18e-06,3.49e-06,3.64e-06,3.81e-06,3.35e-06,3.21e-06,3.36e-06
lace,1.29e-06,1.11e-06,1.21e-06,1.21e-06,1.06e-06,1.07e-06,9.1e-07,9.2e-07,1.2e-06
nasty,9.7e-07,9.5e-07,1.52e-06,1.67e-06,1.67e-06,1.37e-06,1.52e-06,1.53e-06,9.6e-07
visibility,2.373e-05,2.377e-05,2.333e-05,2.274e-05,2.186e-05,2.223e-05,2.195e-05,2.247e-05,2.375e-05
latitude,1.179e-05,1.141e-05,1.061e-05,1.046e-05,1.047e-05,1.035e-05,1.082e-05,1.07e-05,1.16e-05
consciousness,1.824e-05,2.029e-05,1.879e-05,1.804e-05,1.746e-05,1.721e-05,1.829e-05,1.988e-05,1.926e-05
ste,4.68e-06,4.44e-06,4.24e-06,4.55e-06,4.55e-06,4.72e-06,4.88e-06,4.28e-06,4.56e-06
tumor,3.39e-06,3.33e-06,3.18e-06,2.88e-06,3.04e-06,3.05e-06,2.9e-06,2.75e-06,3.36e-06
ugly,1.13e-06,1.27e-06,1.52e-06,1.36e-06,1.37e-06,1.37e-06,1.37e-06,1.38e-06,1.2e-06
deposits,2.42e-06,2.38e-06,2.42e-06,2.43e-06,2.43e-06,2.59e-06,2.13e-06,2.14e-06,2.4e-06
beverly,2.1e-06,2.06e-06,1.82e-06,1.82e-06,1.97e-06,1.98e-06,1.98e-06,2.14e-06,2.08e-06
mistress,8.1e-07,6.3e-07,6.1e-07,7.6e-07,7.6e-07,7.6e-07,7.6e-07,7.6e-07,7.2e-07
encounter,8.88e-06,8.24e-06,8.18e-06,9.1e-06,9.26e-06,8.68e-06,8.69e-06,9.17e-06,8.56e-06
trustees,7.1e-06,6.18e-06,6.51e-06,6.22e-06,6.98e-06,7e-06,6.86e-06,6.88e-06,6.64e-06
watts,7.75e-06,8.72e-06,8.18e-06,7.88e-06,6.53e-06,6.55e-06,6.71e-06,6.57e-06,8.23e-06
duncan,5.65e-06,5.55e-06,5.61e-06,5.31e-06,5.31e-06,5.33e-06,5.18e-06,5.2e-06,5.6e-06
reprints,1.13e-06,1.27e-06,1.21e-06,1.21e-06,1.37e-06,1.07e-06,1.52e-06,1.38e-06,1.2e-06
hart,8.72e-06,8.72e-06,8.48e-06,8.64e-06,7.74e-06,7.77e-06,7.62e-06,6.73e-06,8.72e-06
bernard,1.146e-05,1.094e-05,1.076e-05,1.077e-05,1.108e-05,1.005e-05,1.006e-05,1.024e-05,1.12e-05
resolutions,1.049e-05,1.062e-05,1.061e-05,1.001e-05,9.71e-06,9.44e-06,8.69e-06,9.33e-06,1.055e-05
ment,8.1e-07,6.3e-07,6.1e-07,3e-07,3e-07,3e-07,3e-07,3.1e-07,7.2e-07
accessing,3.859e-05,3.931e-05,3.773e-05,3.624e-05,3.597e-05,3.715e-05,3.841e-05,3.868e-05,3.895e-05
forty,1.033e-05,1.062e-05,1.076e-05,1.061e-05,1.138e-05,9.9e-06,9.3e-06,9.17e-06,1.048e-05
tubes,1.34e-05,1.284e-05,1.333e-05,1.213e-05,1.184e-05,1.203e-05,1.311e-05,1.345e-05,1.312e-05
attempted,1.954e-05,1.886e-05,1.954e-05,1.941e-05,1.973e-05,2.01e-05,2.058e-05,2.186e-05,1.92e-05
col,4.52e-06,4.44e-06,4.55e-06,4.4e-06,4.55e-06,4.72e-06,4.42e-06,4.43e-06,4.48e-06
midlands,2.91e-06,2.69e-06,2.58e-06,2.73e-06,2.73e-06,2.89e-06,2.9e-06,2.75e-06,2.8e-06
priest,3.23e-06,3.49e-06,3.64e-06,3.34e-06,3.04e-06,3.35e-06,3.51e-06,3.36e-06,3.36e-06
floyd,7.1e-06,7.13e-06,7.42e-06,8.34e-06,8.2e-06,8.22e-06,8.54e-06,7.64e-06,7.12e-06
ronald,1.614e-05,1.506e-05,1.621e-05,1.638e-05,1.67e-05,1.644e-05,1.646e-05,1.667e-05,1.56e-05
analysts,1.566e-05,1.474e-05,1.606e-05,1.577e-05,1.563e-05,1.538e-05,1.555e-05,1.559e-05,1.52e-05
queue,4.165e-05,4.295e-05,4.197e-05,4.17e-05,4.159e-05,4.035e-05,4.024e-05,4.204e-05,4.23e-05
dx,5.65e-06,5.71e-06,5.76e-06,5.61e-06,5.62e-06,4.87e-06,5.64e-06,5.2e-06,5.68e-06
sk,5.97e-06,7.61e-06,8.33e-06,7.88e-06,7.13e-06,7.16e-06,7.62e-06,7.49e-06,6.79e-06
trance,1.13e-06,7.9e-07,7.6e-07,7.6e-07,7.6e-07,9.1e-07,9.1e-07,9.2e-07,9.6e-07
locale,6.14e-06,5.86e-06,5.91e-06,6.06e-06,6.07e-06,5.33e-06,5.49e-06,5.5e-06,6e-06
nicholas,1.388e-05,1.379e-05,1.5e-05,1.531e-05,1.503e-05,1.523e-05,1.524e-05,1.529e-05,1.383e-05
biol,1.45e-06,1.58e-06,1.06e-06,1.21e-06,1.21e-06,1.07e-06,1.22e-06,1.22e-06,1.51e-06
yu,1.34e-05,1.268e-05,1.212e-05,1.228e-05,1.169e-05,1.188e-05,1.219e-05,1.147e-05,1.304e-05
bundle,2.115e-05,2.124e-05,2.076e-05,2.123e-05,2.125e-05,2.147e-05,2.149e-05,2.171e-05,2.119e-05
hammer,9.53e-06,9.99e-06,8.94e-06,8.49e-06,7.89e-06,7.46e-06,7.62e-06,8.41e-06,9.76e-06
invasion,1.001e-05,9.83e-06,1.121e-05,1.167e-05,1.169e-05,1.416e-05,1.448e-05,1.437e-05,9.92e-06
witnesses,2.91e-06,2.69e-06,3.18e-06,3.03e-06,3.04e-06,3.05e-06,2.9e-06,3.36e-06,2.8e-06
runner,1.598e-05,1.633e-05,1.439e-05,1.531e-05,1.624e-05,1.644e-05,1.692e-05,1.682e-05,1.616e-05
rows,2.712e-05,2.615e-05,2.712e-05,2.805e-05,2.869e-05,2.863e-05,2.759e-05,2.691e-05,2.663e-05
administered,2.906e-05,2.916e-05,2.97e-05,2.957e-05,3.021e-05,3.091e-05,3.079e-05,3.088e-05,2.911e-05
notion,5.425e-05,5.278e-05,5.182e-05,5.276e-05,5.312e-05,5.36e-05,5.472e-05,5.519e-05,5.351e-05
sq,1.29e-06,1.27e-06,1.36e-06,1.52e-06,1.52e-06,1.52e-06,1.68e-06,1.68e-06,1.28e-06
skins,3.39e-06,3.96e-06,3.94e-06,3.94e-06,3.79e-06,4.11e-06,4.42e-06,4.28e-06,3.68e-06
mailed,2.1e-06,2.22e-06,2.27e-06,2.27e-06,2.58e-06,2.44e-06,2.13e-06,2.29e-06,2.16e-06
oc,4.36e-06,4.44e-06,4.55e-06,4.55e-06,4.55e-06,4.57e-06,4.73e-06,4.43e-06,4.4e-06
fujitsu,3.051e-05,3.011e-05,2.879e-05,2.835e-05,2.838e-05,2.893e-05,2.85e-05,2.935e-05,3.031e-05
spelling,1.501e-05,1.395e-05,1.379e-05,1.41e-05,1.351e-05,1.294e-05,1.235e-05,1.193e-05,1.448e-05
arctic,3.55e-06,4.44e-06,4.7e-06,4.55e-06,4.55e-06,4.42e-06,4.27e-06,4.28e-06,3.99e-06
exams,5e-06,5.39e-06,5.45e-06,4.85e-06,4.86e-06,5.18e-06,4.88e-06,4.89e-06,5.2e-06
rewards,9.2e-06,9.35e-06,1.091e-05,1.061e-05,1.093e-05,1.127e-05,1.174e-05,1.147e-05,9.28e-06
beneath,7.43e-06,7.13e-06,6.82e-06,6.97e-06,6.98e-06,7.16e-06,7.01e-06,7.19e-06,7.28e-06
strengthen,4.68e-06,4.75e-06,5.45e-06,5.91e-06,5.62e-06,5.48e-06,5.33e-06,5.35e-06,4.71e-06
defend,9.69e-06,9.99e-06,9.54e-06,9.55e-06,9.71e-06,9.9e-06,9.91e-06,9.63e-06,9.84e-06
aj,1.78e-06,1.74e-06,1.36e-06,1.36e-06,1.52e-06,1.52e-06,1.52e-06,1.38e-06,1.76e-06
frederick,9.2e-06,8.88e-06,8.79e-06,8.95e-06,9.26e-06,8.98e-06,9.3e-06,9.17e-06,9.04e-06
medicaid,8.1e-07,7.9e-07,6.1e-07,6.1e-07,6.1e-07,6.1e-07,6.1e-07,6.1e-07,8e-07
treo,6.5e-07,6.3e-07,7.6e-07,7.6e-07,7.6e-07,7.6e-07,7.6e-07,7.6e-07,6.4e-07
infrared,1.695e-05,1.712e-05,1.742e-05,1.774e-05,1.821e-05,1.842e-05,1.844e-05,1.835e-05,1.703e-05
seventh,1.598e-05,1.633e-05,1.909e-05,1.91e-05,2.079e-05,2.071e-05,2.149e-05,2.186e-05,1.616e-05
gods,3.55e-06,3.65e-06,4.09e-06,4.09e-06,4.4e-06,4.11e-06,3.81e-06,3.98e-06,3.6e-06
une,1.78e-06,2.06e-06,1.67e-06,1.67e-06,1.37e-06,1.37e-06,1.37e-06,1.53e-06,1.92e-06
welsh,9.04e-06,9.03e-06,9.09e-06,9.1e-06,9.41e-06,9.44e-06,9.76e-06,9.94e-06,9.04e-06
belly,1.6e-07,1.6e-07,1.5e-07,1.5e-07,1.5e-07,1.5e-07,1.5e-07,1.5e-07,1.6e-07
aggressive,6.46e-06,7.13e-06,7.42e-06,6.82e-06,6.22e-06,6.24e-06,6.4e-06,6.73e-06,6.8e-06
tex,1.356e-05,1.331e-05,1.288e-05,1.304e-05,1.275e-05,1.218e-05,1.235e-05,1.284e-05,1.343e-05
advertisements,2.615e-05,2.647e-05,2.727e-05,2.775e-05,2.778e-05,2.665e-05,2.515e-05,2.569e-05,2.631e-05
quarters,3.39e-06,3.17e-06,2.88e-06,2.88e-06,3.19e-06,3.5e-06,3.66e-06,3.52e-06,3.28e-06
stolen,1.711e-05,1.839e-05,1.924e-05,1.91e-05,1.928e-05,1.903e-05,1.844e-05,1.819e-05,1.775e-05
cia,1.259e-05,1.268e-05,1.318e-05,1.258e-05,1.184e-05,1.218e-05,1.25e-05,1.269e-05,1.264e-05
sublimedirectory,0.0,0.0,0.0,0.0,0.0,0.0,0.0,0.0,0.0
soonest,0.0,0.0,0.0,0.0,0.0,0.0,0.0,0.0,0.0
haiti,1.78e-06,1.74e-06,1.52e-06,1.52e-06,1.67e-06,1.67e-06,1.83e-06,1.68e-06,1.76e-06
disturbed,1.29e-06,1.11e-06,1.06e-06,1.21e-06,1.21e-06,1.22e-06,1.22e-06,1.22e-06,1.2e-06
determines,2.906e-05,2.821e-05,2.742e-05,2.669e-05,2.626e-05,2.695e-05,2.637e-05,2.614e-05,2.863e-05
sculpture,1.179e-05,1.173e-05,1.121e-05,1.107e-05,1.062e-05,1.035e-05,1.037e-05,1.07e-05,1.176e-05
poly,5.33e-06,4.91e-06,5e-06,5e-06,5.31e-06,5.18e-06,5.64e-06,5.81e-06,5.12e-06
ears,4.04e-06,4.12e-06,4.7e-06,4.85e-06,4.71e-06,4.57e-06,3.81e-06,3.67e-06,4.08e-06
dod,3.1e-05,3.059e-05,2.924e-05,2.85e-05,2.656e-05,2.726e-05,2.713e-05,2.676e-05,3.079e-05
wp,5.81e-06,5.55e-06,6.21e-06,5.91e-06,6.22e-06,5.33e-06,4.57e-06,4.89e-06,5.68e-06
fist,1.61e-06,2.54e-06,2.42e-06,2.43e-06,2.73e-06,2.59e-06,2.59e-06,2.75e-06,2.08e-06
naturals,1.6e-07,1.6e-07,1.5e-07,1.5e-07,1.5e-07,1.5e-07,1.5e-07,1.5e-07,1.6e-07
neo,1.905e-05,1.807e-05,2.394e-05,2.441e-05,2.459e-05,2.528e-05,2.363e-05,2.416e-05,1.856e-05
motivation,1.663e-05,1.633e-05,1.53e-05,1.501e-05,1.594e-05,1.629e-05,1.616e-05,1.575e-05,1.648e-05
lenders,1.13e-06,1.27e-06,1.36e-06,1.52e-06,1.82e-06,1.67e-06,1.98e-06,1.99e-06,1.2e-06
pharmacology,1.78e-06,1.74e-06,1.97e-06,1.82e-06,1.67e-06,1.83e-06,1.83e-06,1.83e-06,1.76e-06
fitting,1.582e-05,1.537e-05,1.515e-05,1.531e-05,1.624e-05,1.69e-05,1.677e-05,1.605e-05,1.56e-05
fixtures,1.78e-06,2.06e-06,2.42e-06,2.12e-06,2.12e-06,2.28e-06,2.59e-06,2.6e-06,1.92e-06
bloggers,1.227e-05,1.252e-05,1.197e-05,1.137e-05,1.047e-05,1.035e-05,1.006e-05,9.48e-06,1.239e-05
mere,4.84e-06,3.96e-06,3.64e-06,3.64e-06,3.64e-06,3.96e-06,4.12e-06,4.13e-06,4.4e-06
agrees,3.55e-06,3.17e-06,2.88e-06,2.43e-06,2.43e-06,2.59e-06,2.44e-06,2.29e-06,3.36e-06
passengers,5.97e-06,5.55e-06,6.21e-06,5.76e-06,5.92e-06,5.79e-06,5.94e-06,5.5e-06,5.76e-06
quantities,2.196e-05,2.156e-05,2.151e-05,2.289e-05,2.322e-05,2.345e-05,2.256e-05,2.186e-05,2.176e-05
petersburg,6.78e-06,6.34e-06,6.21e-06,6.52e-06,6.68e-06,6.7e-06,6.4e-06,6.12e-06,6.56e-06
consistently,1.114e-05,1.173e-05,1.212e-05,1.198e-05,1.245e-05,1.233e-05,1.296e-05,1.361e-05,1.143e-05
powerpoint,8.56e-06,8.4e-06,8.94e-06,8.64e-06,8.65e-06,8.53e-06,8.84e-06,8.87e-06,8.48e-06
cons,4.36e-06,3.8e-06,3.64e-06,3.64e-06,3.64e-06,3.81e-06,3.2e-06,2.29e-06,4.08e-06
surplus,2.58e-06,2.54e-06,2.73e-06,2.12e-06,1.97e-06,2.13e-06,1.98e-06,2.45e-06,2.56e-06
elder,5.49e-06,5.55e-06,5.3e-06,5.31e-06,5.31e-06,4.87e-06,5.49e-06,5.35e-06,5.52e-06
sonic,4.537e-05,4.691e-05,4.848e-05,4.882e-05,5.267e-05,5.39e-05,5.609e-05,5.749e-05,4.614e-05
obituaries,3.07e-06,2.85e-06,2.88e-06,2.73e-06,2.43e-06,2.13e-06,1.83e-06,1.68e-06,2.96e-06
cheers,0.0,0.0,0.0,0.0,0.0,0.0,0.0,0.0,0.0
dig,4.84e-06,5.23e-06,4.85e-06,4.25e-06,4.25e-06,4.26e-06,4.42e-06,4.43e-06,5.04e-06
taxi,1.94e-06,2.38e-06,2.27e-06,2.12e-06,1.82e-06,1.98e-06,1.68e-06,1.99e-06,2.16e-06
punishment,8.1e-07,7.9e-07,1.06e-06,1.21e-06,1.21e-06,1.37e-06,1.52e-06,1.53e-06,8e-07
appreciation,3.39e-06,3.17e-06,3.48e-06,3.34e-06,3.64e-06,3.35e-06,3.2e-06,3.21e-06,3.28e-06
subsequently,8.702e-05,8.939e-05,9.196e-05,9.188e-05,9.562e-05,9.806e-05,0.0001003,9.968e-05,8.82e-05
om,3.87e-06,3.65e-06,3.64e-06,3.64e-06,3.34e-06,3.5e-06,3.35e-06,3.36e-06,3.76e-06
belarus,6.94e-06,6.82e-06,6.67e-06,6.52e-06,6.53e-06,6.24e-06,5.64e-06,5.35e-06,6.88e-06
nat,2.47e-05,2.377e-05,2.242e-05,2.244e-05,2.246e-05,2.254e-05,2.164e-05,2.186e-05,2.424e-05
zoning,3.23e-06,3.17e-06,3.03e-06,3.03e-06,3.04e-06,2.89e-06,2.9e-06,2.9e-06,3.2e-06
gravity,1.614e-05,1.633e-05,1.742e-05,1.728e-05,1.563e-05,1.599e-05,1.585e-05,1.59e-05,1.624e-05
providence,3.07e-06,3.01e-06,3.79e-06,3.34e-06,3.04e-06,3.2e-06,3.2e-06,3.21e-06,3.04e-06
thumb,6.46e-06,6.97e-06,6.51e-06,6.67e-06,6.98e-06,6.55e-06,6.86e-06,6.57e-06,6.72e-06
restriction,1.469e-05,1.553e-05,1.545e-05,1.562e-05,1.563e-05,1.568e-05,1.54e-05,1.559e-05,1.511e-05
incorporate,2.567e-05,2.679e-05,2.591e-05,2.487e-05,2.459e-05,2.451e-05,2.408e-05,2.523e-05,2.623e-05
backgrounds,1.066e-05,1.062e-05,1.076e-05,1.031e-05,1.108e-05,1.172e-05,1.189e-05,1.208e-05,1.064e-05
treasurer,3.39e-06,3.33e-06,3.33e-06,3.34e-06,3.19e-06,3.05e-06,3.05e-06,3.06e-06,3.36e-06
guitars,1.13e-06,7.9e-07,7.6e-07,7.6e-07,7.6e-07,6.1e-07,4.6e-07,7.6e-07,9.6e-07
essence,1.275e-05,1.252e-05,1.227e-05,1.258e-05,1.229e-05,1.188e-05,1.158e-05,1.101e-05,1.264e-05
flooring,1.6e-07,1.6e-07,1.5e-07,1.5e-07,1.5e-07,4.6e-07,4.6e-07,4.6e-07,1.6e-07
lightweight,3.956e-05,4.089e-05,4.106e-05,4.048e-05,3.992e-05,3.959e-05,3.948e-05,4.006e-05,4.023e-05
ethiopia,9.7e-07,1.27e-06,1.67e-06,1.52e-06,1.37e-06,1.52e-06,1.37e-06,1.38e-06,1.12e-06
tp,9.04e-06,8.88e-06,8.79e-06,8.04e-06,8.04e-06,7.16e-06,7.01e-06,7.49e-06,8.96e-06
mighty,5.97e-06,6.02e-06,6.67e-06,6.67e-06,6.22e-06,5.94e-06,6.55e-06,6.12e-06,5.99e-06
athletes,4.04e-06,3.65e-06,3.48e-06,4.25e-06,3.64e-06,3.5e-06,3.2e-06,2.9e-06,3.85e-06
humanity,1.211e-05,1.189e-05,1.167e-05,1.228e-05,1.412e-05,1.401e-05,1.402e-05,1.407e-05,1.2e-05
transcription,1.372e-05,1.331e-05,1.333e-05,1.334e-05,1.351e-05,1.386e-05,1.433e-05,1.422e-05,1.352e-05
jm,1.78e-06,1.74e-06,1.97e-06,1.97e-06,1.97e-06,1.98e-06,1.98e-06,1.99e-06,1.76e-06
holmes,5.33e-06,5.23e-06,5.91e-06,6.06e-06,6.22e-06,6.55e-06,6.1e-06,6.12e-06,5.28e-06
complications,4.84e-06,4.44e-06,4.55e-06,4.4e-06,4.4e-06,4.42e-06,4.42e-06,4.59e-06,4.64e-06
scholars,2.47e-05,2.552e-05,2.621e-05,2.729e-05,2.899e-05,2.863e-05,2.911e-05,2.874e-05,2.511e-05
dpi,4.04e-06,3.65e-06,3.48e-06,3.49e-06,3.04e-06,2.74e-06,3.05e-06,3.06e-06,3.85e-06
scripting,5.974e-05,5.975e-05,5.833e-05,5.777e-05,5.525e-05,5.512e-05,5.579e-05,5.428e-05,5.975e-05
gis,2.955e-05,2.948e-05,2.833e-05,2.881e-05,2.808e-05,2.817e-05,2.896e-05,2.92e-05,2.951e-05
remembered,7.43e-06,7.61e-06,7.27e-06,6.82e-06,7.44e-06,7.31e-06,7.47e-06,7.8e-06,7.52e-06
galaxy,2.615e-05,2.663e-05,2.924e-05,2.896e-05,2.869e-05,2.954e-05,3.277e-05,3.18e-05,2.639e-05
chester,2.58e-06,2.54e-06,2.27e-06,2.58e-06,2.43e-06,2.44e-06,2.29e-06,2.29e-06,2.56e-06
snapshot,1.179e-05,1.173e-05,1.091e-05,1.001e-05,8.96e-06,9.14e-06,9.15e-06,9.17e-06,1.176e-05
caring,6.5e-07,9.5e-07,6.1e-07,4.5e-07,6.1e-07,6.1e-07,6.1e-07,7.6e-07,8e-07
loc,2.1e-06,2.54e-06,2.12e-06,2.43e-06,2.73e-06,2.44e-06,2.13e-06,1.99e-06,2.32e-06
worn,7.27e-06,6.97e-06,6.36e-06,6.67e-06,6.98e-06,7.46e-06,7.32e-06,7.19e-06,7.12e-06
synthetic,2.002e-05,2.045e-05,2.045e-05,2.289e-05,2.277e-05,2.254e-05,2.332e-05,2.278e-05,2.023e-05
shaw,9.85e-06,9.67e-06,9.09e-06,8.95e-06,8.65e-06,8.53e-06,8.99e-06,8.87e-06,9.76e-06
vp,1.55e-05,1.601e-05,1.545e-05,1.38e-05,1.412e-05,1.386e-05,1.418e-05,1.391e-05,1.576e-05
segments,4.246e-05,4.39e-05,4.515e-05,4.473e-05,4.493e-05,4.477e-05,4.542e-05,4.556e-05,4.318e-05
testament,2.58e-06,2.38e-06,2.27e-06,2.27e-06,1.97e-06,1.83e-06,1.98e-06,2.14e-06,2.48e-06
expo,1.324e-05,1.284e-05,1.333e-05,1.304e-05,1.305e-05,1.294e-05,1.28e-05,1.345e-05,1.304e-05
dominant,2.664e-05,2.552e-05,2.651e-05,2.623e-05,2.626e-05,2.695e-05,2.667e-05,2.798e-05,2.608e-05
twist,6.94e-06,7.45e-06,7.42e-06,6.97e-06,6.68e-06,6.85e-06,6.55e-06,5.96e-06,7.19e-06
specifics,1.78e-06,1.9e-06,1.82e-06,1.82e-06,1.52e-06,1.52e-06,1.83e-06,1.53e-06,1.84e-06
itunes,2.648e-05,2.488e-05,2.47e-05,2.335e-05,2.186e-05,2.132e-05,2.134e-05,1.988e-05,2.568e-05
stomach,1.13e-06,1.27e-06,1.52e-06,1.52e-06,1.52e-06,1.52e-06,1.68e-06,1.68e-06,1.2e-06
partially,4.327e-05,4.485e-05,4.56e-05,4.473e-05,4.554e-05,4.629e-05,4.588e-05,4.571e-05,4.406e-05
buried,4.52e-06,3.96e-06,4.09e-06,4.09e-06,4.25e-06,4.26e-06,4.57e-06,4.89e-06,4.24e-06
cn,5.81e-06,5.55e-06,4.7e-06,4.25e-06,5.16e-06,4.72e-06,4.27e-06,4.28e-06,5.68e-06
newbie,9.7e-07,9.5e-07,9.1e-07,9.1e-07,1.06e-06,1.07e-06,1.07e-06,9.2e-07,9.6e-07
minimize,3.245e-05,3.328e-05,3.197e-05,3.23e-05,3.354e-05,3.365e-05,3.262e-05,3.241e-05,3.287e-05
darwin,1.066e-05,1.125e-05,1e-05,9.4e-06,9.41e-06,9.29e-06,9.15e-06,9.02e-06,1.095e-05
ranks,1.55e-05,1.601e-05,1.606e-05,1.592e-05,1.639e-05,1.462e-05,1.463e-05,1.544e-05,1.576e-05
wilderness,4.8e-07,4.8e-07,6.1e-07,9.1e-07,9.1e-07,9.1e-07,9.1e-07,9.2e-07,4.8e-07
debut,2.244e-05,2.06e-05,2.076e-05,2.274e-05,2.413e-05,2.33e-05,2.469e-05,2.553e-05,2.152e-05
generations,2.034e-05,2.045e-05,2.106e-05,1.986e-05,2.155e-05,2.177e-05,2.256e-05,2.263e-05,2.039e-05
tournaments,9.69e-06,9.83e-06,9.39e-06,9.1e-06,9.11e-06,9.14e-06,9.3e-06,9.48e-06,9.76e-06
bradley,1.017e-05,9.83e-06,9.39e-06,9.4e-06,1.002e-05,1.02e-05,1.021e-05,9.94e-06,1e-05
deny,3.71e-06,3.33e-06,2.73e-06,3.64e-06,2.43e-06,2.28e-06,2.74e-06,2.45e-06,3.52e-06
anatomy,1.082e-05,1.062e-05,1.136e-05,1.092e-05,1.093e-05,1.172e-05,1.143e-05,1.116e-05,1.072e-05
bali,2.26e-06,1.9e-06,1.82e-06,1.82e-06,1.37e-06,1.37e-06,1.37e-06,1.38e-06,2.08e-06
judy,2.42e-06,2.06e-06,2.12e-06,2.12e-06,2.28e-06,2.28e-06,2.29e-06,2.29e-06,2.24e-06
sponsorship,6.14e-06,5.55e-06,5.45e-06,5.16e-06,5.16e-06,4.87e-06,4.73e-06,4.74e-06,5.84e-06
headphones,3.39e-06,3.65e-06,3.48e-06,3.64e-06,3.79e-06,3.65e-06,3.51e-06,4.13e-06,3.52e-06
fraction,2.389e-05,2.504e-05,2.409e-05,2.487e-05,2.489e-05,2.497e-05,2.454e-05,2.462e-05,2.447e-05
trio,2.26e-06,2.22e-06,1.97e-06,1.97e-06,1.82e-06,1.83e-06,2.13e-06,2.45e-06,2.24e-06
proceeding,4.36e-06,4.44e-06,3.94e-06,3.94e-06,3.79e-06,3.81e-06,3.81e-06,3.67e-06,4.4e-06
cube,3.003e-05,2.853e-05,2.636e-05,2.699e-05,2.732e-05,2.786e-05,2.744e-05,2.813e-05,2.928e-05
defects,1.308e-05,1.252e-05,1.348e-05,1.334e-05,1.336e-05,1.37e-05,1.28e-05,1.162e-05,1.28e-05
volkswagen,3.23e-06,4.28e-06,4.39e-06,4.25e-06,4.1e-06,3.96e-06,3.81e-06,3.82e-06,3.75e-06
uncertainty,3.746e-05,3.534e-05,3.757e-05,3.745e-05,3.597e-05,3.533e-05,3.597e-05,3.409e-05,3.64e-05
breakdown,4.36e-06,3.8e-06,5.3e-06,5.16e-06,3.64e-06,3.65e-06,3.51e-06,3.67e-06,4.08e-06
milton,7.27e-06,7.13e-06,6.97e-06,6.52e-06,6.83e-06,6.55e-06,6.55e-06,6.42e-06,7.2e-06
marker,9.53e-06,9.67e-06,9.85e-06,9.4e-06,9.26e-06,8.98e-06,8.84e-06,8.87e-06,9.6e-06
reconstruction,3.536e-05,3.503e-05,3.545e-05,3.593e-05,3.552e-05,3.563e-05,3.597e-05,3.654e-05,3.52e-05
subsidiary,8.638e-05,8.939e-05,9.499e-05,9.689e-05,0.00010033,0.00010278,0.00010426,0.00010565,8.789e-05
strengths,5.97e-06,6.5e-06,6.21e-06,5.61e-06,5.62e-06,5.63e-06,5.49e-06,5.35e-06,6.23e-06
clarity,7.43e-06,7.45e-06,6.97e-06,7.13e-06,7.74e-06,7.92e-06,7.16e-06,6.73e-06,7.44e-06
rugs,0.0,0.0,0.0,0.0,0.0,0.0,0.0,0.0,0.0
sandra,4.2e-06,4.12e-06,3.79e-06,3.79e-06,3.79e-06,3.5e-06,3.35e-06,3.52e-06,4.16e-06
adelaide,8.23e-06,9.51e-06,9.85e-06,1.001e-05,1.108e-05,1.112e-05,1.113e-05,1.101e-05,8.87e-06
encouraging,1.049e-05,1.078e-05,1.106e-05,1.137e-05,1.078e-05,1.066e-05,1.143e-05,1.269e-05,1.063e-05
furnished,4.8e-07,6.3e-07,6.1e-07,6.1e-07,6.1e-07,4.6e-07,4.6e-07,4.6e-07,5.5e-07
monaco,2.42e-06,2.22e-06,2.27e-06,2.12e-06,2.28e-06,2.89e-06,2.74e-06,3.21e-06,2.32e-06
settled,9.36e-06,9.03e-06,8.48e-06,9.25e-06,1.017e-05,9.74e-06,9.76e-06,9.78e-06,9.19e-06
folding,1.453e-05,1.347e-05,1.515e-05,1.577e-05,1.563e-05,1.538e-05,1.6e-05,1.651e-05,1.4e-05
emirates,3.87e-06,3.96e-06,5.45e-06,5.76e-06,6.22e-06,6.09e-06,5.33e-06,5.81e-06,3.92e-06
terrorists,5.17e-06,5.23e-06,7.58e-06,7.43e-06,7.59e-06,8.07e-06,8.38e-06,8.56e-06,5.2e-06
airfare,6.5e-07,7.9e-07,7.6e-07,6.1e-07,6.1e-07,6.1e-07,6.1e-07,6.1e-07,7.2e-07
comparisons,1.776e-05,1.807e-05,1.667e-05,1.607e-05,1.761e-05,1.766e-05,1.829e-05,1.85e-05,1.792e-05
beneficial,8.4e-06,8.24e-06,8.94e-06,9.7e-06,9.87e-06,1.066e-05,1.067e-05,1.116e-05,8.32e-06
distributions,6.248e-05,6.197e-05,6e-05,6.019e-05,5.996e-05,6.136e-05,6.204e-05,6.131e-05,6.223e-05
vaccine,9.7e-07,1.11e-06,1.67e-06,1.67e-06,2.12e-06,1.98e-06,2.13e-06,2.45e-06,1.04e-06
belize,1.61e-06,1.58e-06,1.36e-06,1.36e-06,1.52e-06,1.52e-06,1.68e-06,1.68e-06,1.59e-06
crap,4.8e-07,4.8e-07,4.5e-07,3e-07,3e-07,3e-07,3e-07,3.1e-07,4.8e-07
fate,9.36e-06,9.35e-06,1.015e-05,9.7e-06,9.56e-06,9.59e-06,9.45e-06,9.63e-06,9.36e-06
viewpicture,0.0,0.0,0.0,0.0,0.0,0.0,0.0,0.0,0.0
promised,5.17e-06,5.39e-06,4.85e-06,5.31e-06,5.92e-06,5.33e-06,4.88e-06,4.43e-06,5.28e-06
volvo,8.1e-07,7.9e-07,7.6e-07,7.6e-07,6.1e-07,6.1e-07,6.1e-07,4.6e-07,8e-07
penny,3.55e-06,3.49e-06,3.03e-06,3.34e-06,3.19e-06,2.89e-06,2.74e-06,3.06e-06,3.52e-06
robust,3.859e-05,3.883e-05,4.015e-05,3.851e-05,3.84e-05,3.807e-05,3.841e-05,3.929e-05,3.871e-05
bookings,3.39e-06,3.01e-06,3.48e-06,3.18e-06,3.04e-06,2.74e-06,2.59e-06,2.9e-06,3.2e-06
threatened,6.3e-06,6.5e-06,6.06e-06,6.67e-06,6.37e-06,6.7e-06,6.55e-06,7.03e-06,6.4e-06
minolta,2.26e-06,2.54e-06,2.42e-06,2.43e-06,2.43e-06,2.28e-06,2.29e-06,1.83e-06,2.4e-06
republicans,3.2e-07,7.9e-07,1.06e-06,9.1e-07,7.6e-07,7.6e-07,7.6e-07,7.6e-07,5.5e-07
discusses,1.308e-05,1.268e-05,1.303e-05,1.289e-05,1.245e-05,1.188e-05,1.189e-05,1.147e-05,1.288e-05
gui,6.619e-05,6.815e-05,6.454e-05,6.58e-05,6.633e-05,6.547e-05,6.692e-05,6.544e-05,6.717e-05
porter,5.33e-06,5.71e-06,5.61e-06,5.61e-06,5.77e-06,5.63e-06,5.64e-06,5.5e-06,5.52e-06
gras,1.6e-07,1.6e-07,1.5e-07,1.5e-07,1.5e-07,1.5e-07,1.5e-07,1.5e-07,1.6e-07
jungle,4.84e-06,4.75e-06,4.39e-06,4.25e-06,4.55e-06,5.02e-06,5.79e-06,5.05e-06,4.8e-06
ver,2.42e-06,2.06e-06,1.97e-06,2.27e-06,1.97e-06,1.98e-06,1.68e-06,2.45e-06,2.24e-06
rn,8.4e-06,8.24e-06,7.58e-06,7.43e-06,7.44e-06,7.46e-06,7.32e-06,7.19e-06,8.32e-06
responded,5.81e-06,5.55e-06,6.21e-06,6.52e-06,6.53e-06,6.4e-06,7.32e-06,7.64e-06,5.68e-06
rim,4.36e-06,4.44e-06,4.24e-06,4.09e-06,4.25e-06,4.26e-06,4.27e-06,3.98e-06,4.4e-06
abstracts,1.437e-05,1.347e-05,1.288e-05,1.289e-05,1.26e-05,1.264e-05,1.25e-05,1.223e-05,1.392e-05
zen,9.53e-06,9.99e-06,1.061e-05,1.092e-05,1.154e-05,1.142e-05,1.037e-05,1.055e-05,9.76e-06
ivory,4.8e-07,4.8e-07,4.5e-07,4.5e-07,4.6e-07,4.6e-07,4.6e-07,4.6e-07,4.8e-07
alpine,3.23e-06,3.49e-06,3.03e-06,2.88e-06,2.43e-06,2.44e-06,2.74e-06,2.6e-06,3.36e-06
dis,2.42e-06,2.22e-06,2.27e-06,2.43e-06,2.12e-06,1.98e-06,1.98e-06,2.14e-06,2.32e-06
prediction,7.249e-05,6.958e-05,6.818e-05,6.914e-05,6.861e-05,6.806e-05,6.951e-05,7.048e-05,7.104e-05
pharmaceuticals,2.58e-06,3.01e-06,2.88e-06,3.18e-06,3.19e-06,3.2e-06,3.66e-06,3.36e-06,2.79e-06
andale,0.0,0.0,0.0,0.0,0.0,0.0,0.0,0.0,0.0
fabulous,4.8e-07,4.8e-07,4.5e-07,3e-07,4.6e-07,4.6e-07,4.6e-07,4.6e-07,4.8e-07
remix,6.14e-06,6.18e-06,6.51e-06,6.22e-06,6.37e-06,6.85e-06,6.71e-06,6.42e-06,6.16e-06
alias,1.55e-05,1.474e-05,1.515e-05,1.592e-05,1.594e-05,1.568e-05,1.494e-05,1.468e-05,1.512e-05
thesaurus,6.94e-06,6.02e-06,6.06e-06,5.91e-06,6.07e-06,5.94e-06,5.79e-06,5.81e-06,6.48e-06
individually,1.679e-05,1.68e-05,1.667e-05,1.774e-05,1.761e-05,1.69e-05,1.692e-05,1.682e-05,1.679e-05
battlefield,1.614e-05,1.633e-05,1.621e-05,1.607e-05,1.639e-05,1.629e-05,1.707e-05,1.728e-05,1.624e-05
literally,1.55e-05,1.537e-05,1.485e-05,1.395e-05,1.351e-05,1.325e-05,1.25e-05,1.208e-05,1.544e-05
newer,5.489e-05,5.421e-05,5.53e-05,5.564e-05,5.631e-05,5.603e-05,5.518e-05,5.81e-05,5.455e-05
kay,8.4e-06,6.97e-06,7.27e-06,7.13e-06,6.83e-06,6.85e-06,7.16e-06,7.34e-06,7.69e-06
ecological,8.4e-06,8.4e-06,8.33e-06,8.04e-06,8.04e-06,7.92e-06,7.62e-06,7.49e-06,8.4e-06
spice,6.62e-06,6.66e-06,6.36e-06,6.82e-06,7.13e-06,6.7e-06,6.71e-06,6.57e-06,6.64e-06
oval,3.87e-06,3.96e-06,3.79e-06,3.79e-06,3.95e-06,3.96e-06,3.96e-06,3.98e-06,3.92e-06
implies,3.503e-05,3.503e-05,3.424e-05,3.351e-05,3.279e-05,3.38e-05,3.445e-05,3.455e-05,3.503e-05
cg,9.85e-06,9.67e-06,9.54e-06,9.7e-06,9.56e-06,8.83e-06,8.38e-06,7.95e-06,9.76e-06
soma,1.78e-06,1.9e-06,1.67e-06,1.52e-06,1.52e-06,1.52e-06,1.52e-06,1.53e-06,1.84e-06
ser,1.94e-06,1.58e-06,1.52e-06,1.21e-06,1.21e-06,1.22e-06,1.22e-06,1.38e-06,1.76e-06
cooler,2.26e-06,2.22e-06,1.97e-06,1.97e-06,1.97e-06,2.13e-06,2.13e-06,2.29e-06,2.24e-06
appraisal,9.7e-07,1.27e-06,1.06e-06,1.52e-06,1.21e-06,1.22e-06,1.22e-06,1.07e-06,1.12e-06
consisting,6.765e-05,6.926e-05,6.969e-05,7.111e-05,7.058e-05,7.096e-05,7.012e-05,7.033e-05,6.846e-05
maritime,7.75e-06,7.45e-06,8.48e-06,8.34e-06,8.35e-06,8.37e-06,8.54e-06,8.41e-06,7.6e-06
periodic,2.745e-05,2.758e-05,2.621e-05,2.593e-05,2.611e-05,2.771e-05,2.744e-05,2.767e-05,2.751e-05
submitting,5.33e-06,5.07e-06,5.3e-06,5.31e-06,5.46e-06,5.48e-06,5.49e-06,5.81e-06,5.2e-06
overhead,4.149e-05,4.184e-05,4.197e-05,4.17e-05,4.204e-05,4.279e-05,4.268e-05,4.311e-05,4.167e-05
ascii,5.005e-05,4.834e-05,4.575e-05,4.64e-05,4.569e-05,4.522e-05,4.451e-05,4.464e-05,4.919e-05
prospect,2.58e-06,2.38e-06,2.58e-06,2.27e-06,2.58e-06,2.74e-06,2.9e-06,2.9e-06,2.48e-06
shipment,3.23e-06,3.33e-06,3.64e-06,3.49e-06,3.34e-06,3.2e-06,2.9e-06,3.06e-06,3.28e-06
breeding,4.68e-06,4.28e-06,3.94e-06,3.79e-06,3.79e-06,3.81e-06,3.81e-06,3.82e-06,4.48e-06
citations,1.954e-05,1.934e-05,1.818e-05,1.895e-05,1.912e-05,1.797e-05,1.799e-05,1.85e-05,1.944e-05
geographical,2.486e-05,2.441e-05,2.47e-05,2.441e-05,2.444e-05,2.467e-05,2.408e-05,2.416e-05,2.463e-05
donor,2.74e-06,2.69e-06,3.03e-06,2.27e-06,1.97e-06,2.28e-06,2.29e-06,2.6e-06,2.72e-06
mozambique,6.5e-07,6.3e-07,7.6e-07,6.1e-07,6.1e-07,6.1e-07,6.1e-07,6.1e-07,6.4e-07
tension,5e-06,4.91e-06,4.7e-06,4.4e-06,3.79e-06,4.11e-06,3.66e-06,3.67e-06,4.95e-06
href,3.2e-07,3.2e-07,3e-07,3e-07,3e-07,3e-07,3e-07,3.1e-07,3.2e-07
benz,1.61e-06,1.43e-06,1.36e-06,1.52e-06,1.67e-06,1.67e-06,1.68e-06,1.38e-06,1.52e-06
trash,3.87e-06,4.12e-06,4.39e-06,4.4e-06,4.55e-06,4.72e-06,4.57e-06,3.67e-06,3.99e-06
shapes,3.875e-05,3.725e-05,3.727e-05,3.7e-05,3.719e-05,3.73e-05,3.856e-05,3.914e-05,3.8e-05
wifi,2.067e-05,2.156e-05,1.954e-05,1.895e-05,1.852e-05,1.766e-05,1.722e-05,1.498e-05,2.112e-05
tier,1.97e-05,2.045e-05,2.288e-05,2.35e-05,2.353e-05,2.391e-05,2.347e-05,2.431e-05,2.008e-05
fwd,3.2e-07,3.2e-07,3e-07,3e-07,3e-07,4.6e-07,4.6e-07,3.1e-07,3.2e-07
earl,9.04e-06,8.08e-06,8.94e-06,9.4e-06,9.26e-06,9.74e-06,9.91e-06,9.94e-06,8.56e-06
manor,2.42e-06,2.38e-06,2.88e-06,2.88e-06,3.19e-06,3.2e-06,3.05e-06,3.06e-06,2.4e-06
envelope,6.94e-06,7.92e-06,8.03e-06,7.88e-06,7.74e-06,8.07e-06,8.08e-06,7.95e-06,7.43e-06
diane,5.17e-06,4.6e-06,5e-06,5.16e-06,4.86e-06,4.72e-06,4.88e-06,5.05e-06,4.88e-06
homeland,1.453e-05,1.585e-05,1.53e-05,1.531e-05,1.457e-05,1.477e-05,1.509e-05,1.483e-05,1.519e-05
disclaimers,1.13e-06,1.11e-06,1.06e-06,7.6e-07,7.6e-07,7.6e-07,7.6e-07,9.2e-07,1.12e-06
championships,3.07e-06,3.01e-06,3.18e-06,2.73e-06,3.04e-06,3.05e-06,3.35e-06,3.21e-06,3.04e-06
excluded,6.14e-06,6.5e-06,6.51e-06,6.82e-06,6.37e-06,6.85e-06,6.4e-06,6.42e-06,6.32e-06
andrea,5.81e-06,6.5e-06,7.88e-06,8.19e-06,7.74e-06,7.61e-06,7.32e-06,7.34e-06,6.15e-06
breeds,3.2e-07,1.6e-07,0.0,0.0,0.0,0.0,0.0,0.0,2.4e-07
rapids,4.8e-07,6.3e-07,6.1e-07,6.1e-07,7.6e-07,7.6e-07,6.1e-07,7.6e-07,5.5e-07
disco,9.7e-07,9.5e-07,1.06e-06,1.36e-06,1.52e-06,1.52e-06,1.68e-06,1.53e-06,9.6e-07
sheffield,6.46e-06,5.55e-06,5.45e-06,5.61e-06,5.62e-06,5.18e-06,5.18e-06,5.35e-06,6.01e-06
bailey,5.65e-06,5.55e-06,5.15e-06,5.31e-06,5.31e-06,4.87e-06,4.88e-06,5.05e-06,5.6e-06
aus,1.29e-06,1.74e-06,1.67e-06,1.67e-06,1.37e-06,1.37e-06,1.37e-06,1.38e-06,1.51e-06
endif,1.94e-06,2.06e-06,1.97e-06,0.0,0.0,0.0,0.0,1.5e-07,2e-06
finishing,6.94e-06,6.34e-06,6.36e-06,6.06e-06,5.92e-06,5.63e-06,5.79e-06,5.5e-06,6.64e-06
emotions,8.88e-06,8.88e-06,9.09e-06,9.25e-06,9.11e-06,9.29e-06,9.15e-06,9.02e-06,8.88e-06
wellington,6.3e-06,6.34e-06,5.91e-06,6.22e-06,6.37e-06,6.4e-06,6.25e-06,6.27e-06,6.32e-06
incoming,2.406e-05,2.377e-05,2.333e-05,2.32e-05,2.201e-05,2.177e-05,2.241e-05,2.293e-05,2.392e-05
prospects,4.04e-06,4.75e-06,4.85e-06,4.7e-06,4.71e-06,4.87e-06,4.73e-06,5.05e-06,4.4e-06
lexmark,1.45e-06,1.43e-06,1.21e-06,9.1e-07,9.1e-07,9.1e-07,9.1e-07,9.2e-07,1.44e-06
cleaners,8.1e-07,9.5e-07,6.1e-07,4.5e-07,6.1e-07,6.1e-07,6.1e-07,4.6e-07,8.8e-07
bulgarian,1.146e-05,1.125e-05,1.136e-05,1.077e-05,1.078e-05,1.112e-05,1.113e-05,1.101e-05,1.136e-05
hwy,3.2e-07,3.2e-07,3e-07,3e-07,3e-07,3e-07,3e-07,3.1e-07,3.2e-07
eternal,6.14e-06,6.66e-06,6.67e-06,7.43e-06,6.98e-06,7e-06,6.86e-06,6.88e-06,6.4e-06
cashiers,3.2e-07,3.2e-07,4.5e-07,6.1e-07,6.1e-07,6.1e-07,6.1e-07,6.1e-07,3.2e-07
guam,6.5e-07,7.9e-07,9.1e-07,7.6e-07,9.1e-07,9.1e-07,9.1e-07,9.2e-07,7.2e-07
cite,6.94e-06,6.66e-06,7.42e-06,6.97e-06,7.44e-06,5.02e-06,4.88e-06,4.89e-06,6.8e-06
aboriginal,8.1e-07,7.9e-07,9.1e-07,7.6e-07,7.6e-07,7.6e-07,7.6e-07,9.2e-07,8e-07
remarkable,6.94e-06,6.66e-06,5.91e-06,5.91e-06,6.07e-06,5.94e-06,5.79e-06,5.66e-06,6.8e-06
rotation,2.373e-05,2.33e-05,2.394e-05,2.38e-05,2.429e-05,2.406e-05,2.454e-05,2.462e-05,2.352e-05
nam,2.91e-06,3.01e-06,3.79e-06,3.18e-06,3.19e-06,2.89e-06,2.9e-06,2.29e-06,2.96e-06
preventing,1.679e-05,1.743e-05,1.727e-05,1.668e-05,1.761e-05,1.721e-05,1.768e-05,1.789e-05,1.711e-05
productive,8.07e-06,7.77e-06,7.42e-06,7.13e-06,6.83e-06,6.85e-06,6.86e-06,7.03e-06,7.92e-06
boulevard,3.39e-06,3.49e-06,3.33e-06,3.34e-06,3.64e-06,3.5e-06,3.51e-06,3.36e-06,3.44e-06
eugene,1.501e-05,1.553e-05,1.545e-05,1.486e-05,1.503e-05,1.538e-05,1.494e-05,1.483e-05,1.527e-05
ix,1.453e-05,1.395e-05,1.364e-05,1.425e-05,1.427e-05,1.355e-05,1.311e-05,1.391e-05,1.424e-05
gdp,5.33e-06,5.55e-06,5e-06,5.16e-06,5.31e-06,4.87e-06,4.42e-06,4.13e-06,5.44e-06
pig,3.87e-06,3.8e-06,3.79e-06,3.79e-06,3.64e-06,4.11e-06,4.12e-06,3.67e-06,3.83e-06
metric,5.183e-05,5.104e-05,5.091e-05,5.094e-05,5.1e-05,5.207e-05,5.198e-05,5.275e-05,5.143e-05
compliant,4.02e-05,3.962e-05,3.985e-05,3.957e-05,3.931e-05,3.898e-05,3.902e-05,3.792e-05,3.991e-05
minus,5.81e-06,5.86e-06,6.51e-06,6.06e-06,5.77e-06,5.33e-06,5.03e-06,5.5e-06,5.84e-06
penalties,4.52e-06,4.44e-06,4.55e-06,4.4e-06,4.25e-06,4.72e-06,4.73e-06,4.28e-06,4.48e-06
bennett,1.017e-05,1.014e-05,1.121e-05,1.061e-05,1.214e-05,1.249e-05,1.265e-05,1.284e-05,1.016e-05
imagination,9.04e-06,8.72e-06,8.64e-06,9.25e-06,9.56e-06,1.02e-05,8.84e-06,7.34e-06,8.88e-06
hotmail,3.39e-06,3.33e-06,3.03e-06,2.73e-06,2.73e-06,2.74e-06,3.05e-06,3.06e-06,3.36e-06
refurbished,1.61e-06,1.58e-06,2.73e-06,2.43e-06,2.58e-06,2.13e-06,1.98e-06,1.99e-06,1.59e-06
joshua,8.07e-06,7.61e-06,8.18e-06,8.34e-06,8.2e-06,8.22e-06,7.93e-06,8.56e-06,7.84e-06
armenia,3.07e-06,2.54e-06,3.33e-06,3.18e-06,3.49e-06,3.5e-06,3.66e-06,3.52e-06,2.8e-06
varied,1.792e-05,1.759e-05,1.727e-05,1.759e-05,1.654e-05,1.629e-05,1.722e-05,1.667e-05,1.776e-05
grande,1.94e-06,1.9e-06,1.97e-06,1.82e-06,2.28e-06,2.13e-06,1.98e-06,1.99e-06,1.92e-06
closest,1.211e-05,1.268e-05,1.227e-05,1.289e-05,1.199e-05,1.218e-05,1.204e-05,1.269e-05,1.239e-05
activated,1.469e-05,1.379e-05,1.348e-05,1.349e-05,1.381e-05,1.279e-05,1.341e-05,1.361e-05,1.424e-05
actress,8.72e-06,9.03e-06,9.24e-06,9.4e-06,1.017e-05,9.9e-06,1.021e-05,1.04e-05,8.87e-06
mess,3.55e-06,3.49e-06,3.33e-06,3.34e-06,3.95e-06,2.89e-06,3.05e-06,2.75e-06,3.52e-06
conferencing,2.389e-05,2.298e-05,2.197e-05,2.274e-05,2.292e-05,2.254e-05,2.286e-05,2.171e-05,2.344e-05
assign,1.873e-05,1.839e-05,1.848e-05,1.91e-05,1.852e-05,1.873e-05,1.89e-05,1.957e-05,1.856e-05
armstrong,6.78e-06,6.82e-06,6.51e-06,5.76e-06,5.77e-06,6.09e-06,5.94e-06,5.96e-06,6.8e-06
politicians,7.27e-06,8.4e-06,8.94e-06,9.1e-06,8.8e-06,8.83e-06,8.54e-06,8.56e-06,7.83e-06
trackbacks,3.2e-07,3.2e-07,3e-07,3e-07,3e-07,3e-07,3e-07,3.1e-07,3.2e-07
lit,1.179e-05,1.189e-05,1.121e-05,1.107e-05,1.078e-05,1.02e-05,1.037e-05,9.94e-06,1.184e-05
accommodate,1.437e-05,1.426e-05,1.333e-05,1.243e-05,1.214e-05,1.218e-05,1.174e-05,1.162e-05,1.432e-05
tigers,8.1e-07,7.9e-07,9.1e-07,1.06e-06,1.21e-06,1.07e-06,1.07e-06,9.2e-07,8e-07
aurora,6.78e-06,8.24e-06,6.82e-06,6.97e-06,7.59e-06,7e-06,7.01e-06,6.42e-06,7.51e-06
una,1.45e-06,1.58e-06,1.82e-06,1.52e-06,4.6e-07,3e-07,3e-07,3.1e-07,1.51e-06
slides,9.53e-06,9.51e-06,9.39e-06,8.95e-06,8.65e-06,8.83e-06,8.84e-06,8.41e-06,9.52e-06
milan,6.78e-06,6.82e-06,7.42e-06,7.28e-06,7.74e-06,7.92e-06,7.77e-06,7.49e-06,6.8e-06
premiere,1.114e-05,9.83e-06,9.85e-06,9.86e-06,1.062e-05,1.005e-05,9.91e-06,1.009e-05,1.049e-05
lender,1.6e-07,3.2e-07,4.5e-07,6.1e-07,7.6e-07,7.6e-07,7.6e-07,7.6e-07,2.4e-07
villages,4.04e-06,4.28e-06,4.55e-06,4.55e-06,4.55e-06,4.72e-06,4.42e-06,4.43e-06,4.16e-06
shade,4.36e-06,4.44e-06,4.39e-06,4.55e-06,4.55e-06,4.72e-06,4.73e-06,4.59e-06,4.4e-06
chorus,3.23e-06,3.17e-06,3.03e-06,2.88e-06,2.88e-06,2.74e-06,2.9e-06,2.9e-06,3.2e-06
christine,5e-06,4.44e-06,4.24e-06,4.25e-06,4.25e-06,4.57e-06,4.57e-06,4.89e-06,4.72e-06
rhythm,1.13e-05,1.125e-05,1.061e-05,1.046e-05,1.047e-05,1.081e-05,1.113e-05,1.131e-05,1.127e-05
digit,4.052e-05,4.073e-05,4.166e-05,3.836e-05,3.916e-05,3.746e-05,3.674e-05,3.7e-05,4.062e-05
argued,1.954e-05,1.934e-05,1.924e-05,1.819e-05,1.776e-05,1.736e-05,1.692e-05,1.728e-05,1.944e-05
dietary,1.45e-06,1.27e-06,1.21e-06,1.21e-06,1.21e-06,1.22e-06,1.22e-06,1.22e-06,1.36e-06
symphony,6.46e-06,6.66e-06,6.06e-06,6.37e-06,6.68e-06,6.85e-06,6.86e-06,7.19e-06,6.56e-06
clarke,1.259e-05,1.22e-05,1.227e-05,1.183e-05,1.214e-05,1.218e-05,1.265e-05,1.162e-05,1.239e-05
sudden,6.62e-06,6.5e-06,6.06e-06,6.06e-06,6.53e-06,7e-06,6.71e-06,6.57e-06,6.56e-06
accepting,1.195e-05,1.22e-05,1.182e-05,1.243e-05,1.26e-05,1.249e-05,1.25e-05,1.269e-05,1.208e-05
precipitation,5.17e-06,5.23e-06,5.45e-06,5.46e-06,6.07e-06,6.24e-06,6.4e-06,6.57e-06,5.2e-06
marilyn,2.26e-06,2.22e-06,2.27e-06,2.12e-06,2.12e-06,1.52e-06,1.68e-06,1.68e-06,2.24e-06
lions,3.55e-06,3.8e-06,3.48e-06,3.34e-06,3.49e-06,3.65e-06,3.81e-06,3.82e-06,3.67e-06
findlaw,3.2e-07,4.8e-07,4.5e-07,3e-07,1.5e-07,1.5e-07,1.5e-07,1.5e-07,4e-07
ada,2.648e-05,2.742e-05,2.606e-05,2.775e-05,2.823e-05,2.893e-05,2.896e-05,2.828e-05,2.695e-05
pools,7.1e-06,6.34e-06,6.36e-06,5.76e-06,5.77e-06,5.79e-06,6.1e-06,5.81e-06,6.72e-06
tb,8.72e-06,9.03e-06,8.33e-06,8.95e-06,7.74e-06,7.77e-06,8.54e-06,8.56e-06,8.87e-06
lyric,1.13e-06,1.11e-06,1.06e-06,9.1e-07,1.06e-06,9.1e-07,9.1e-07,9.2e-07,1.12e-06
claire,5.17e-06,5.07e-06,5.3e-06,5e-06,4.86e-06,5.02e-06,5.33e-06,5.35e-06,5.12e-06
isolation,1.841e-05,2.029e-05,2.167e-05,1.971e-05,2.064e-05,2.147e-05,2.195e-05,2.14e-05,1.935e-05
speeds,4.65e-05,4.612e-05,4.697e-05,4.822e-05,4.827e-05,4.796e-05,4.847e-05,4.877e-05,4.631e-05
sustained,9.53e-06,9.51e-06,9.09e-06,9.7e-06,1.017e-05,1.005e-05,1.021e-05,1.101e-05,9.52e-06
matched,1.259e-05,1.363e-05,1.288e-05,1.228e-05,1.214e-05,1.249e-05,1.296e-05,1.3e-05,1.311e-05
approximate,4.036e-05,3.947e-05,4.045e-05,4.033e-05,4.235e-05,4.263e-05,4.298e-05,4.419e-05,3.991e-05
rope,3.87e-06,3.65e-06,3.33e-06,3.49e-06,3.95e-06,3.96e-06,4.27e-06,4.43e-06,3.76e-06
carroll,6.14e-06,5.86e-06,6.21e-06,5.16e-06,5.31e-06,5.33e-06,5.49e-06,5.35e-06,6e-06
rational,3.439e-05,3.344e-05,3.5e-05,3.533e-05,3.628e-05,3.533e-05,3.506e-05,3.516e-05,3.392e-05
programmer,0.00016758,0.00016912,0.00016454,0.00016466,0.00016423,0.00016551,0.00016462,0.00016252,0.00016835
fighters,1.114e-05,1.109e-05,1.212e-05,1.152e-05,1.154e-05,1.157e-05,1.204e-05,1.193e-05,1.112e-05
chambers,6.78e-06,6.5e-06,6.51e-06,6.82e-06,6.53e-06,6.7e-06,6.55e-06,6.57e-06,6.64e-06
dump,7.1e-06,7.92e-06,6.97e-06,7.43e-06,7.44e-06,7.77e-06,8.23e-06,8.26e-06,7.51e-06
greetings,6.5e-07,6.3e-07,9.1e-07,9.1e-07,7.6e-07,7.6e-07,6.1e-07,6.1e-07,6.4e-07
inherited,9.69e-06,9.99e-06,1e-05,1.031e-05,9.71e-06,1.005e-05,1.037e-05,1.055e-05,9.84e-06
warming,5.33e-06,5.71e-06,6.51e-06,6.37e-06,6.07e-06,6.09e-06,6.71e-06,6.12e-06,5.52e-06
incomplete,1.97e-05,1.902e-05,1.864e-05,1.88e-05,1.821e-05,1.827e-05,1.921e-05,1.942e-05,1.936e-05
vocals,2.26e-06,2.69e-06,2.58e-06,2.43e-06,2.58e-06,2.28e-06,2.13e-06,2.14e-06,2.48e-06
chronicle,2.115e-05,2.045e-05,2.091e-05,2.047e-05,1.943e-05,1.903e-05,1.844e-05,1.743e-05,2.08e-05
fountain,7.59e-06,7.61e-06,7.88e-06,7.73e-06,5.92e-06,5.79e-06,6.1e-06,5.81e-06,7.6e-06
chubby,3.2e-07,3.2e-07,4.5e-07,4.5e-07,4.6e-07,3e-07,1.5e-07,1.5e-07,3.2e-07
grave,2.26e-06,2.54e-06,2.73e-06,2.88e-06,2.58e-06,2.59e-06,2.29e-06,2.29e-06,2.4e-06
legitimate,1.921e-05,1.839e-05,1.848e-05,1.835e-05,1.806e-05,1.766e-05,1.753e-05,1.743e-05,1.88e-05
biographies,8.72e-06,8.56e-06,8.03e-06,8.19e-06,8.2e-06,8.22e-06,8.23e-06,8.26e-06,8.64e-06
burner,2.58e-06,2.69e-06,2.58e-06,3.03e-06,3.95e-06,3.96e-06,3.96e-06,3.82e-06,2.64e-06
yrs,0.0,1.6e-07,1.5e-07,1.5e-07,1.5e-07,1.5e-07,1.5e-07,1.5e-07,8e-08
foo,8.4e-06,8.56e-06,8.18e-06,7.58e-06,7.74e-06,7.46e-06,7.47e-06,7.95e-06,8.48e-06
investigator,1.728e-05,1.854e-05,1.909e-05,1.91e-05,1.897e-05,1.705e-05,1.646e-05,1.498e-05,1.791e-05
gba,4.68e-06,4.28e-06,3.64e-06,3.18e-06,3.19e-06,3.35e-06,3.35e-06,3.52e-06,4.48e-06
plaintiff,1.61e-06,1.58e-06,1.36e-06,1.21e-06,1.21e-06,1.07e-06,1.07e-06,1.07e-06,1.59e-06
finnish,2.664e-05,2.71e-05,2.773e-05,2.79e-05,2.808e-05,2.863e-05,2.774e-05,2.874e-05,2.687e-05
gentle,3.23e-06,3.33e-06,3.18e-06,3.18e-06,2.88e-06,2.89e-06,3.2e-06,3.06e-06,3.28e-06
bm,1.13e-06,9.5e-07,9.1e-07,9.1e-07,9.1e-07,9.1e-07,9.1e-07,1.07e-06,1.04e-06
prisoners,2.42e-06,2.22e-06,2.27e-06,2.12e-06,2.43e-06,2.44e-06,2.29e-06,2.29e-06,2.32e-06
deeper,9.2e-06,9.67e-06,9.7e-06,9.4e-06,1.032e-05,9.74e-06,8.69e-06,8.56e-06,9.44e-06
muslims,2.74e-06,2.69e-06,3.03e-06,2.88e-06,2.73e-06,2.74e-06,2.74e-06,2.9e-06,2.72e-06
hose,8.1e-07,7.9e-07,7.6e-07,7.6e-07,7.6e-07,7.6e-07,7.6e-07,7.6e-07,8e-07
mediterranean,4.36e-06,4.44e-06,4.7e-06,4.7e-06,4.55e-06,4.72e-06,4.57e-06,4.43e-06,4.4e-06
nightlife,3.2e-07,3.2e-07,3e-07,3e-07,3e-07,3e-07,3e-07,3.1e-07,3.2e-07
footage,1.792e-05,1.775e-05,2.03e-05,2.032e-05,2.019e-05,1.934e-05,1.86e-05,1.865e-05,1.784e-05
howto,1.61e-06,1.9e-06,1.36e-06,1.36e-06,1.37e-06,1.67e-06,1.52e-06,1.38e-06,1.76e-06
worthy,3.39e-06,2.85e-06,3.03e-06,3.49e-06,3.49e-06,3.5e-06,3.51e-06,3.36e-06,3.12e-06
reveals,9.04e-06,9.19e-06,9.85e-06,9.4e-06,9.26e-06,8.68e-06,8.69e-06,8.87e-06,9.11e-06
architects,1.711e-05,1.696e-05,1.682e-05,1.653e-05,1.563e-05,1.447e-05,1.463e-05,1.468e-05,1.704e-05
saints,3.71e-06,3.33e-06,3.48e-06,3.18e-06,3.34e-06,3.35e-06,3.05e-06,2.9e-06,3.52e-06
entrepreneur,0.00010607,0.00011095,0.00011136,0.00011129,0.00011096,0.00011146,0.00011081,0.00011023,0.00010851
carries,1.954e-05,1.918e-05,1.818e-05,1.774e-05,1.73e-05,1.705e-05,1.707e-05,1.697e-05,1.936e-05
sig,1.13e-05,1.03e-05,9.7e-06,1.031e-05,9.41e-06,8.98e-06,8.84e-06,9.33e-06,1.08e-05
freelance,7.43e-06,7.13e-06,6.21e-06,6.22e-06,6.68e-06,6.85e-06,6.55e-06,6.57e-06,7.28e-06
duo,1.469e-05,1.506e-05,1.667e-05,1.592e-05,1.503e-05,1.507e-05,1.57e-05,1.605e-05,1.487e-05
excessive,8.23e-06,9.19e-06,9.39e-06,9.55e-06,9.11e-06,9.29e-06,8.99e-06,8.71e-06,8.71e-06
devon,1.13e-06,1.43e-06,1.82e-06,1.82e-06,1.97e-06,2.13e-06,1.98e-06,1.99e-06,1.28e-06
screensaver,2.26e-06,1.9e-06,1.36e-06,1.36e-06,1.37e-06,1.67e-06,1.68e-06,1.68e-06,2.08e-06
helena,8.1e-07,9.5e-07,1.06e-06,1.06e-06,1.37e-06,1.83e-06,1.98e-06,2.14e-06,8.8e-07
saves,1.017e-05,9.83e-06,9.24e-06,8.95e-06,8.96e-06,8.83e-06,8.69e-06,8.56e-06,1e-05
regarded,4.327e-05,4.264e-05,4.348e-05,4.427e-05,4.296e-05,4.477e-05,4.497e-05,4.526e-05,4.295e-05
valuation,5.65e-06,6.34e-06,6.97e-06,7.58e-06,8.04e-06,8.37e-06,7.93e-06,8.41e-06,6e-06
unexpected,1.066e-05,1.094e-05,1.015e-05,9.86e-06,1.032e-05,1.005e-05,9.3e-06,9.63e-06,1.08e-05
cigarette,6.5e-07,6.3e-07,4.5e-07,4.5e-07,4.6e-07,4.6e-07,6.1e-07,6.1e-07,6.4e-07
fog,6.46e-06,6.97e-06,5.91e-06,5.91e-06,6.07e-06,5.79e-06,5.49e-06,5.66e-06,6.72e-06
characteristic,3.843e-05,3.836e-05,4.045e-05,4.094e-05,3.977e-05,4.126e-05,4.024e-05,4.036e-05,3.84e-05
marion,1.61e-06,1.74e-06,1.52e-06,1.52e-06,1.52e-06,1.37e-06,1.52e-06,1.53e-06,1.68e-06
lobby,2.26e-06,2.54e-06,2.42e-06,2.58e-06,2.43e-06,2.44e-06,3.05e-06,2.6e-06,2.4e-06
egyptian,7.43e-06,7.92e-06,9.39e-06,8.95e-06,8.8e-06,8.98e-06,8.99e-06,9.02e-06,7.68e-06
tunisia,4.04e-06,4.12e-06,4.55e-06,4.4e-06,4.55e-06,4.42e-06,4.42e-06,4.13e-06,4.08e-06
metallica,1.6e-07,1.6e-07,1.5e-07,1.5e-07,1.5e-07,1.5e-07,1.5e-07,1.5e-07,1.6e-07
outlined,7.27e-06,6.82e-06,6.82e-06,6.37e-06,6.68e-06,6.4e-06,6.71e-06,7.03e-06,7.04e-06
consequently,2.244e-05,2.298e-05,2.227e-05,2.35e-05,2.201e-05,2.254e-05,2.241e-05,2.14e-05,2.271e-05
headline,2.1e-06,2.22e-06,2.27e-06,1.82e-06,2.12e-06,1.98e-06,1.83e-06,1.99e-06,2.16e-06
treating,7.91e-06,7.29e-06,7.42e-06,7.58e-06,7.59e-06,7.61e-06,7.62e-06,7.8e-06,7.6e-06
punch,1.275e-05,1.252e-05,1.227e-05,1.304e-05,1.305e-05,1.386e-05,1.372e-05,1.391e-05,1.264e-05
appointments,7.59e-06,7.13e-06,7.27e-06,7.28e-06,7.29e-06,7.31e-06,7.77e-06,7.34e-06,7.36e-06
str,1.61e-06,3.01e-06,2.73e-06,2.73e-06,2.88e-06,3.05e-06,2.59e-06,2.6e-06,2.31e-06
gotta,4.8e-07,4.8e-07,4.5e-07,1.5e-07,0.0,3e-07,3e-07,6.1e-07,4.8e-07
cowboy,1.94e-06,1.74e-06,1.52e-06,1.36e-06,1.37e-06,1.37e-06,1.52e-06,1.53e-06,1.84e-06
narrative,2.067e-05,2.013e-05,2.318e-05,2.487e-05,2.808e-05,3.061e-05,3.11e-05,3.134e-05,2.04e-05
bahrain,3.71e-06,3.49e-06,3.64e-06,3.79e-06,3.79e-06,3.65e-06,3.35e-06,3.36e-06,3.6e-06
enormous,9.2e-06,9.03e-06,9.54e-06,8.64e-06,8.2e-06,8.07e-06,7.93e-06,7.64e-06,9.11e-06
karma,1.78e-06,1.9e-06,2.27e-06,2.27e-06,2.28e-06,2.28e-06,2.29e-06,2.29e-06,1.84e-06
consist,3.439e-05,3.487e-05,3.469e-05,3.578e-05,3.597e-05,3.563e-05,3.643e-05,3.715e-05,3.463e-05
betty,4.04e-06,3.65e-06,3.48e-06,3.94e-06,4.4e-06,4.42e-06,4.27e-06,4.28e-06,3.85e-06
queens,4.2e-06,4.75e-06,4.85e-06,4.85e-06,4.71e-06,4.87e-06,4.88e-06,4.74e-06,4.48e-06
academics,1.405e-05,1.474e-05,1.5e-05,1.456e-05,1.518e-05,1.599e-05,1.692e-05,1.682e-05,1.44e-05
pubs,3.39e-06,3.17e-06,3.64e-06,3.79e-06,3.19e-06,3.2e-06,2.29e-06,1.99e-06,3.28e-06
quantitative,3.019e-05,3.075e-05,3.151e-05,3.169e-05,3.157e-05,3.167e-05,3.155e-05,3.134e-05,3.047e-05
shemales,0.0,0.0,0.0,0.0,0.0,0.0,0.0,0.0,0.0
lucas,7.91e-06,8.56e-06,8.64e-06,8.19e-06,8.2e-06,8.53e-06,8.38e-06,9.02e-06,8.23e-06
screensavers,2.26e-06,2.22e-06,1.97e-06,1.97e-06,1.97e-06,1.98e-06,1.98e-06,2.14e-06,2.24e-06
subdivision,1.259e-05,1.22e-05,1.212e-05,1.183e-05,1.169e-05,1.172e-05,1.189e-05,1.177e-05,1.239e-05
tribes,2.42e-06,2.85e-06,2.88e-06,2.58e-06,2.73e-06,2.74e-06,2.59e-06,2.75e-06,2.64e-06
vip,3.07e-06,4.6e-06,4.39e-06,4.55e-06,4.55e-06,4.42e-06,4.27e-06,4.43e-06,3.83e-06
defeat,1.647e-05,1.759e-05,1.97e-05,2.062e-05,2.034e-05,2.071e-05,2.104e-05,2.11e-05,1.703e-05
clicks,6.94e-06,7.45e-06,7.58e-06,7.13e-06,7.44e-06,6.85e-06,6.55e-06,6.27e-06,7.19e-06
distinction,3.277e-05,3.011e-05,3.076e-05,2.911e-05,3.005e-05,2.939e-05,2.866e-05,2.844e-05,3.144e-05
honduras,1.13e-06,9.5e-07,9.1e-07,1.06e-06,1.06e-06,9.1e-07,9.1e-07,9.2e-07,1.04e-06
naughty,2.26e-06,2.54e-06,2.12e-06,2.43e-06,2.73e-06,2.89e-06,2.74e-06,2.75e-06,2.4e-06
hazards,7.91e-06,8.08e-06,8.03e-06,8.19e-06,8.5e-06,8.83e-06,8.99e-06,8.71e-06,8e-06
insured,0.0,0.0,0.0,0.0,0.0,0.0,0.0,1.5e-07,0.0
harper,5.65e-06,5.86e-06,6.21e-06,6.67e-06,6.68e-06,6.4e-06,6.55e-06,6.73e-06,5.75e-06
livestock,2.26e-06,2.06e-06,1.97e-06,1.82e-06,1.82e-06,1.67e-06,1.68e-06,1.99e-06,2.16e-06
mardi,0.0,0.0,0.0,0.0,0.0,0.0,0.0,0.0,0.0
exemption,1.13e-06,1.11e-06,1.06e-06,1.06e-06,7.6e-07,7.6e-07,1.07e-06,1.07e-06,1.12e-06
tenant,2.26e-06,1.9e-06,1.67e-06,1.67e-06,1.52e-06,1.83e-06,2.13e-06,2.29e-06,2.08e-06
sustainability,9.53e-06,9.51e-06,9.54e-06,1.016e-05,1.017e-05,1.051e-05,1.189e-05,1.254e-05,9.52e-06
cabinets,6.94e-06,7.45e-06,7.27e-06,6.82e-06,7.29e-06,6.7e-06,7.62e-06,7.34e-06,7.19e-06
tattoo,1.13e-06,9.5e-07,1.06e-06,9.1e-07,1.06e-06,1.07e-06,1.07e-06,1.07e-06,1.04e-06
shake,6.14e-06,5.71e-06,5.45e-06,5.46e-06,5.62e-06,5.48e-06,5.49e-06,4.89e-06,5.93e-06
algebra,8.347e-05,8.369e-05,8.348e-05,8.521e-05,8.394e-05,8.435e-05,8.384e-05,8.394e-05,8.358e-05
shadows,1.34e-05,1.363e-05,1.409e-05,1.44e-05,1.472e-05,1.386e-05,1.418e-05,1.407e-05,1.352e-05
holly,2.1e-06,1.9e-06,1.97e-06,1.82e-06,1.82e-06,1.83e-06,1.83e-06,2.14e-06,2e-06
formatting,1.711e-05,1.648e-05,1.667e-05,1.638e-05,1.639e-05,1.66e-05,1.631e-05,1.682e-05,1.68e-05
silly,1.45e-06,1.58e-06,1.67e-06,1.52e-06,1.52e-06,1.52e-06,1.52e-06,1.53e-06,1.51e-06
nutritional,1.13e-06,1.27e-06,1.21e-06,1.06e-06,1.06e-06,1.07e-06,1.07e-06,1.07e-06,1.2e-06
yea,1.6e-07,1.6e-07,1.5e-07,1.5e-07,1.5e-07,1.5e-07,0.0,0.0,1.6e-07
mercy,1.61e-06,1.58e-06,1.52e-06,1.52e-06,1.52e-06,1.52e-06,1.52e-06,1.53e-06,1.59e-06
hartford,9.7e-07,9.5e-07,1.21e-06,1.06e-06,1.21e-06,1.22e-06,1.37e-06,1.22e-06,9.6e-07
freely,6.829e-05,6.72e-05,6.636e-05,6.489e-05,6.527e-05,6.578e-05,6.448e-05,6.391e-05,6.774e-05
marcus,8.72e-06,8.56e-06,8.48e-06,8.34e-06,8.2e-06,7.92e-06,7.77e-06,7.64e-06,8.64e-06
sunrise,3.23e-06,3.33e-06,3.33e-06,3.18e-06,3.19e-06,3.35e-06,3.2e-06,2.9e-06,3.28e-06
wrapping,4.36e-06,4.91e-06,5e-06,5.31e-06,5.46e-06,5.18e-06,5.64e-06,5.66e-06,4.63e-06
mild,1.61e-06,1.43e-06,1.67e-06,1.67e-06,1.82e-06,1.83e-06,1.83e-06,1.83e-06,1.52e-06
fur,2.1e-06,2.06e-06,2.12e-06,1.97e-06,1.97e-06,2.13e-06,1.98e-06,1.99e-06,2.08e-06
nicaragua,9.7e-07,7.9e-07,7.6e-07,9.1e-07,9.1e-07,7.6e-07,7.6e-07,7.6e-07,8.8e-07
weblogs,2.26e-06,2.06e-06,1.97e-06,1.97e-06,1.82e-06,1.83e-06,1.83e-06,1.68e-06,2.16e-06
timeline,1.857e-05,1.823e-05,1.818e-05,1.895e-05,1.821e-05,1.797e-05,1.768e-05,1.926e-05,1.84e-05
tar,4.2e-06,4.28e-06,4.24e-06,3.94e-06,3.95e-06,4.11e-06,3.81e-06,3.82e-06,4.24e-06
belongs,2.486e-05,2.425e-05,2.333e-05,2.274e-05,2.246e-05,2.177e-05,2.241e-05,2.293e-05,2.455e-05
rj,2.42e-06,2.38e-06,2.27e-06,2.27e-06,2.28e-06,2.44e-06,2.59e-06,2.6e-06,2.4e-06
readily,1.179e-05,1.094e-05,1.151e-05,1.122e-05,1.108e-05,1.157e-05,1.128e-05,1.116e-05,1.137e-05
affiliation,3.23e-06,3.33e-06,3.79e-06,3.34e-06,3.64e-06,3.35e-06,3.35e-06,3.21e-06,3.28e-06
soc,3.503e-05,3.487e-05,3.394e-05,3.351e-05,3.324e-05,3.243e-05,3.033e-05,3.027e-05,3.495e-05
fence,2.42e-06,2.38e-06,2.27e-06,2.43e-06,2.58e-06,2.59e-06,2.59e-06,3.06e-06,2.4e-06
nudist,0.0,0.0,0.0,0.0,0.0,0.0,0.0,0.0,0.0
infinite,6.652e-05,6.403e-05,6.378e-05,6.626e-05,6.648e-05,6.745e-05,6.692e-05,6.88e-05,6.528e-05
diana,2.42e-06,2.69e-06,2.58e-06,2.58e-06,2.43e-06,2.44e-06,2.29e-06,2.14e-06,2.56e-06
ensures,2.115e-05,2.187e-05,2.06e-05,2.092e-05,2.019e-05,1.995e-05,2.104e-05,2.186e-05,2.151e-05
relatives,1.94e-06,1.9e-06,2.12e-06,2.88e-06,2.43e-06,2.13e-06,1.98e-06,2.14e-06,1.92e-06
lindsay,3.07e-06,3.33e-06,3.64e-06,3.79e-06,3.64e-06,3.65e-06,3.66e-06,3.67e-06,3.2e-06
clan,3.39e-06,3.33e-06,3.33e-06,3.34e-06,3.49e-06,3.81e-06,3.51e-06,3.52e-06,3.36e-06
legally,1.033e-05,1.094e-05,1.182e-05,1.213e-05,1.229e-05,1.127e-05,1.174e-05,1.223e-05,1.063e-05
shame,6.5e-07,4.8e-07,4.5e-07,4.5e-07,6.1e-07,9.1e-07,1.07e-06,9.2e-07,5.6e-07
satisfactory,2.91e-06,3.17e-06,3.18e-06,2.88e-06,2.73e-06,3.35e-06,3.05e-06,2.9e-06,3.04e-06
revolutionary,1.146e-05,1.094e-05,1.076e-05,1.077e-05,1.047e-05,9.59e-06,9.91e-06,1.07e-05,1.12e-05
bracelets,3.2e-07,3.2e-07,3e-07,3e-07,3e-07,3e-07,3e-07,1.5e-07,3.2e-07
sync,1.647e-05,1.601e-05,1.621e-05,1.592e-05,1.609e-05,1.614e-05,1.677e-05,1.682e-05,1.624e-05
civilian,1.162e-05,1.189e-05,1.045e-05,1.107e-05,1.169e-05,1.142e-05,1.128e-05,1.147e-05,1.176e-05
telephony,3.439e-05,3.297e-05,3.182e-05,3.23e-05,3.279e-05,3.258e-05,3.216e-05,3.348e-05,3.368e-05
mesa,6.14e-06,6.34e-06,6.36e-06,6.37e-06,6.53e-06,6.85e-06,7.16e-06,7.49e-06,6.24e-06
fatal,4.2e-06,4.12e-06,5.45e-06,5.46e-06,5.62e-06,6.4e-06,6.55e-06,6.42e-06,4.16e-06
remedy,2.91e-06,2.69e-06,2.88e-06,3.03e-06,3.19e-06,3.65e-06,3.81e-06,3.67e-06,2.8e-06
realtors,6.5e-07,6.3e-07,6.1e-07,6.1e-07,6.1e-07,6.1e-07,6.1e-07,7.6e-07,6.4e-07
breathing,2.42e-06,2.38e-06,2.42e-06,2.27e-06,2.28e-06,2.13e-06,2.59e-06,2.75e-06,2.4e-06
briefly,1.954e-05,1.918e-05,1.818e-05,1.88e-05,1.867e-05,1.919e-05,1.89e-05,1.926e-05,1.936e-05
thickness,1.324e-05,1.331e-05,1.182e-05,1.107e-05,1.002e-05,9.9e-06,9.91e-06,9.63e-06,1.328e-05
adjustments,5e-06,4.75e-06,4.55e-06,4.85e-06,5.01e-06,5.18e-06,4.57e-06,4.43e-06,4.87e-06
graphical,0.00017291,0.0001726,0.00017226,0.00017285,0.00017486,0.00017617,0.00017819,0.00017827,0.00017275
genius,1.001e-05,9.03e-06,8.18e-06,8.04e-06,7.59e-06,7.16e-06,6.25e-06,6.12e-06,9.52e-06
discussing,1.211e-05,1.157e-05,1.121e-05,1.107e-05,1.062e-05,1.127e-05,1.082e-05,9.78e-06,1.184e-05
aerospace,2.745e-05,3.011e-05,3.121e-05,3.002e-05,2.975e-05,3e-05,3.033e-05,3.073e-05,2.878e-05
fighter,2.228e-05,2.171e-05,2.394e-05,2.38e-05,2.778e-05,2.756e-05,2.835e-05,2.844e-05,2.2e-05
meaningful,1.647e-05,1.633e-05,1.667e-05,1.592e-05,1.487e-05,1.538e-05,1.54e-05,1.559e-05,1.64e-05
flesh,1.78e-06,1.58e-06,2.42e-06,2.58e-06,2.43e-06,2.59e-06,2.59e-06,2.6e-06,1.68e-06
retreat,1.78e-06,1.74e-06,1.82e-06,1.82e-06,1.97e-06,1.67e-06,1.83e-06,1.68e-06,1.76e-06
adapted,3.923e-05,3.947e-05,4.045e-05,4.079e-05,4.296e-05,4.294e-05,4.268e-05,4.296e-05,3.935e-05
barely,2.26e-06,2.22e-06,2.27e-06,2.43e-06,2.28e-06,2.74e-06,3.05e-06,2.75e-06,2.24e-06
wherever,4.36e-06,4.12e-06,4.39e-06,4.4e-06,3.95e-06,4.72e-06,4.27e-06,3.82e-06,4.24e-06
estates,1.29e-06,1.27e-06,1.67e-06,1.67e-06,1.52e-06,1.52e-06,1.07e-06,1.07e-06,1.28e-06
rug,1.6e-07,1.6e-07,6.1e-07,7.6e-07,6.1e-07,9.1e-07,7.6e-07,9.2e-07,1.6e-07
democrat,3.07e-06,3.49e-06,3.64e-06,3.18e-06,3.04e-06,2.89e-06,3.05e-06,3.21e-06,3.28e-06
borough,3.23e-06,3.17e-06,2.73e-06,2.73e-06,3.49e-06,3.2e-06,3.2e-06,3.36e-06,3.2e-06
maintains,5.166e-05,5.167e-05,5.151e-05,5.413e-05,5.358e-05,5.405e-05,5.32e-05,5.244e-05,5.167e-05
failing,8.72e-06,9.51e-06,9.54e-06,9.55e-06,9.11e-06,9.59e-06,9.45e-06,9.33e-06,9.11e-06
shortcuts,7.43e-06,7.61e-06,7.88e-06,7.88e-06,7.74e-06,7.31e-06,7.47e-06,8.1e-06,7.52e-06
ka,4.68e-06,4.44e-06,4.7e-06,4.7e-06,4.86e-06,4.42e-06,4.42e-06,4.43e-06,4.56e-06
retained,1.905e-05,1.823e-05,1.864e-05,1.789e-05,1.928e-05,2.01e-05,2.012e-05,2.064e-05,1.864e-05
voyeurweb,0.0,0.0,0.0,0.0,0.0,0.0,0.0,0.0,0.0
pamela,3.07e-06,3.49e-06,3.79e-06,3.79e-06,4.25e-06,4.72e-06,4.42e-06,3.98e-06,3.28e-06
andrews,1.066e-05,9.67e-06,9.39e-06,9.4e-06,9.26e-06,9.14e-06,8.99e-06,8.56e-06,1.017e-05
marble,4.68e-06,5.07e-06,4.7e-06,5e-06,5.16e-06,5.33e-06,5.49e-06,5.5e-06,4.87e-06
extending,2.163e-05,2.171e-05,2.151e-05,2.198e-05,2.262e-05,2.223e-05,2.271e-05,2.278e-05,2.167e-05
jesse,6.78e-06,6.82e-06,7.27e-06,7.13e-06,7.13e-06,7e-06,7.16e-06,7.03e-06,6.8e-06
specifies,3.907e-05,3.851e-05,3.924e-05,3.866e-05,3.931e-05,4.035e-05,4.085e-05,4.021e-05,3.879e-05
hull,1.372e-05,1.363e-05,1.454e-05,1.577e-05,1.609e-05,1.523e-05,1.524e-05,1.559e-05,1.368e-05
logitech,1.179e-05,1.141e-05,1.015e-05,8.95e-06,9.41e-06,9.14e-06,8.99e-06,8.41e-06,1.16e-05
surrey,5.49e-06,5.23e-06,5.15e-06,5e-06,4.86e-06,4.57e-06,4.42e-06,4.28e-06,5.36e-06
briefing,3.55e-06,3.49e-06,3.03e-06,3.03e-06,3.04e-06,2.89e-06,3.05e-06,2.9e-06,3.52e-06
belkin,3.23e-06,3.01e-06,2.88e-06,3.03e-06,2.73e-06,2.13e-06,2.13e-06,1.83e-06,3.12e-06
dem,4.36e-06,4.6e-06,4.39e-06,3.94e-06,3.95e-06,4.11e-06,4.12e-06,4.13e-06,4.48e-06
accreditation,1.082e-05,1.125e-05,1.03e-05,1.092e-05,1.002e-05,9.59e-06,9.76e-06,1.055e-05,1.104e-05
wav,3.07e-06,3.01e-06,2.73e-06,2.73e-06,3.04e-06,2.74e-06,2.74e-06,2.75e-06,3.04e-06
blackberry,3.035e-05,3.297e-05,3.106e-05,3.32e-05,3.339e-05,2.923e-05,2.652e-05,2.584e-05,3.166e-05
highland,1.45e-06,1.27e-06,1.21e-06,1.06e-06,1.06e-06,9.1e-07,9.1e-07,9.2e-07,1.36e-06
meditation,1.29e-06,1.27e-06,1.36e-06,1.36e-06,1.37e-06,1.37e-06,1.37e-06,1.53e-06,1.28e-06
modular,5.764e-05,5.595e-05,5.409e-05,5.534e-05,5.525e-05,5.497e-05,5.381e-05,5.504e-05,5.68e-05
microphone,1.356e-05,1.395e-05,1.394e-05,1.41e-05,1.381e-05,1.401e-05,1.448e-05,1.422e-05,1.375e-05
macedonia,1.61e-06,2.06e-06,1.97e-06,1.97e-06,1.82e-06,1.83e-06,1.83e-06,1.99e-06,1.84e-06
combining,4.698e-05,4.596e-05,4.591e-05,4.579e-05,4.538e-05,4.675e-05,4.74e-05,4.77e-05,4.647e-05
brandon,2.58e-06,3.01e-06,3.18e-06,3.18e-06,2.88e-06,2.89e-06,3.2e-06,2.9e-06,2.79e-06
instrumental,1.469e-05,1.474e-05,1.47e-05,1.486e-05,1.503e-05,1.431e-05,1.402e-05,1.422e-05,1.472e-05
giants,3.55e-06,3.33e-06,3.33e-06,3.79e-06,3.04e-06,3.05e-06,2.9e-06,2.45e-06,3.44e-06
organizing,2.615e-05,2.694e-05,2.621e-05,2.669e-05,2.596e-05,2.467e-05,2.454e-05,2.492e-05,2.654e-05
shed,3.55e-06,3.33e-06,3.18e-06,3.49e-06,3.19e-06,2.89e-06,2.9e-06,2.75e-06,3.44e-06
balloon,3.55e-06,3.96e-06,4.55e-06,5e-06,4.86e-06,4.57e-06,4.42e-06,4.59e-06,3.76e-06
moderators,3.39e-06,3.65e-06,3.64e-06,3.03e-06,3.34e-06,3.2e-06,3.2e-06,3.21e-06,3.52e-06
winston,4.68e-06,4.44e-06,4.39e-06,4.4e-06,4.55e-06,4.57e-06,4.57e-06,4.43e-06,4.56e-06
memo,8.56e-06,8.56e-06,8.64e-06,8.49e-06,9.11e-06,9.29e-06,8.69e-06,8.71e-06,8.56e-06
ham,3.87e-06,3.96e-06,3.64e-06,3.64e-06,3.34e-06,3.35e-06,3.35e-06,3.36e-06,3.92e-06
solved,6.167e-05,6.166e-05,5.939e-05,6.05e-05,5.965e-05,6.151e-05,5.899e-05,5.886e-05,6.166e-05
tide,2.91e-06,3.01e-06,3.33e-06,3.49e-06,3.49e-06,3.35e-06,3.51e-06,3.52e-06,2.96e-06
kazakhstan,3.07e-06,2.85e-06,3.64e-06,3.49e-06,3.49e-06,3.65e-06,3.81e-06,3.67e-06,2.96e-06
hawaiian,1.29e-06,1.43e-06,1.21e-06,1.52e-06,1.67e-06,1.67e-06,1.37e-06,1.38e-06,1.36e-06
standings,3.2e-07,3.2e-07,3e-07,3e-07,3e-07,3e-07,3e-07,3.1e-07,3.2e-07
partition,5.344e-05,5.199e-05,5.182e-05,5.261e-05,5.328e-05,5.375e-05,5.35e-05,5.412e-05,5.271e-05
invisible,1.227e-05,1.141e-05,1.151e-05,1.167e-05,1.154e-05,1.218e-05,1.158e-05,1.131e-05,1.184e-05
gratuit,0.0,0.0,0.0,0.0,0.0,0.0,0.0,0.0,0.0
consoles,6.555e-05,6.625e-05,6.878e-05,7.308e-05,7.665e-05,7.826e-05,7.713e-05,7.843e-05,6.59e-05
funk,1.13e-06,7.9e-07,1.36e-06,1.52e-06,1.97e-06,1.83e-06,1.68e-06,1.83e-06,9.6e-07
fbi,2.406e-05,2.615e-05,2.53e-05,2.426e-05,2.246e-05,2.132e-05,2.164e-05,2.14e-05,2.51e-05
qatar,8.72e-06,7.92e-06,8.64e-06,6.82e-06,7.44e-06,7.46e-06,7.01e-06,7.34e-06,8.32e-06
magnet,6.46e-06,6.02e-06,5.91e-06,5.61e-06,5.62e-06,5.48e-06,5.49e-06,5.35e-06,6.24e-06
translations,2.309e-05,2.251e-05,2.197e-05,2.259e-05,2.201e-05,2.056e-05,2.073e-05,2.079e-05,2.28e-05
porsche,6.5e-07,6.3e-07,6.1e-07,6.1e-07,6.1e-07,6.1e-07,6.1e-07,6.1e-07,6.4e-07
cayman,1.61e-06,1.9e-06,1.82e-06,2.12e-06,2.12e-06,2.13e-06,1.98e-06,2.29e-06,1.76e-06
jaguar,1.146e-05,1.617e-05,1.879e-05,1.804e-05,1.837e-05,1.858e-05,1.951e-05,1.926e-05,1.381e-05
reel,4.52e-06,4.6e-06,4.24e-06,4.25e-06,4.25e-06,4.11e-06,4.27e-06,4.13e-06,4.56e-06
sheer,1.94e-06,1.58e-06,1.52e-06,1.52e-06,1.52e-06,1.37e-06,1.22e-06,1.22e-06,1.76e-06
commodity,1.55e-05,1.617e-05,1.621e-05,1.531e-05,1.503e-05,1.462e-05,1.494e-05,1.452e-05,1.584e-05
posing,2.58e-06,2.38e-06,1.97e-06,2.88e-06,3.04e-06,3.2e-06,3.05e-06,3.06e-06,2.48e-06
wang,3.148e-05,3.281e-05,3.197e-05,3.063e-05,2.899e-05,2.908e-05,2.85e-05,2.997e-05,3.214e-05
kilometers,3.07e-06,2.85e-06,2.73e-06,2.43e-06,2.58e-06,2.59e-06,2.74e-06,2.9e-06,2.96e-06
rp,5.81e-06,5.39e-06,5.15e-06,4.7e-06,4.71e-06,4.87e-06,4.73e-06,4.74e-06,5.6e-06
bind,8.56e-06,7.61e-06,7.73e-06,7.88e-06,7.29e-06,7e-06,7.01e-06,7.34e-06,8.08e-06
thanksgiving,1.29e-06,2.06e-06,1.97e-06,1.82e-06,1.67e-06,1.83e-06,1.83e-06,1.83e-06,1.68e-06
rand,1.259e-05,1.268e-05,1.227e-05,1.258e-05,1.275e-05,1.309e-05,1.341e-05,1.345e-05,1.264e-05
hopkins,1.437e-05,1.458e-05,1.485e-05,1.425e-05,1.396e-05,1.401e-05,1.372e-05,1.376e-05,1.447e-05
urgent,2.91e-06,2.69e-06,1.82e-06,1.97e-06,2.28e-06,2.28e-06,2.59e-06,2.6e-06,2.8e-06
guarantees,1.776e-05,1.839e-05,1.864e-05,1.774e-05,1.806e-05,1.812e-05,1.753e-05,1.789e-05,1.807e-05
infants,8.1e-07,6.3e-07,4.5e-07,4.5e-07,4.6e-07,4.6e-07,4.6e-07,4.6e-07,7.2e-07
gothic,3.23e-06,3.49e-06,3.33e-06,3.94e-06,3.95e-06,4.11e-06,4.42e-06,4.59e-06,3.36e-06
cylinder,8.56e-06,8.4e-06,8.18e-06,8.19e-06,8.35e-06,8.53e-06,8.08e-06,8.1e-06,8.48e-06
witch,2.74e-06,2.38e-06,2.73e-06,2.88e-06,2.88e-06,3.05e-06,3.05e-06,3.21e-06,2.56e-06
buck,1.61e-06,2.06e-06,1.97e-06,2.12e-06,2.12e-06,1.67e-06,1.68e-06,1.53e-06,1.84e-06
indication,1.033e-05,1.03e-05,1.015e-05,1.046e-05,1.017e-05,1.02e-05,1.037e-05,9.48e-06,1.031e-05
eh,6.5e-07,1.43e-06,1.06e-06,1.06e-06,6.1e-07,6.1e-07,6.1e-07,6.1e-07,1.04e-06
congratulations,3.2e-07,3.2e-07,3e-07,4.5e-07,4.6e-07,6.1e-07,6.1e-07,6.1e-07,3.2e-07
tba,0.0,0.0,0.0,3e-07,3e-07,4.6e-07,4.6e-07,3.1e-07,0.0
cohen,2.228e-05,2.203e-05,2.167e-05,2.108e-05,2.14e-05,2.101e-05,2.043e-05,2.018e-05,2.216e-05
sie,6.5e-07,4.8e-07,6.1e-07,4.5e-07,4.6e-07,6.1e-07,4.6e-07,4.6e-07,5.6e-07
usgs,2.74e-06,2.69e-06,2.58e-06,2.58e-06,2.58e-06,2.59e-06,2.74e-06,2.75e-06,2.72e-06
puppy,2.26e-06,2.22e-06,2.12e-06,1.82e-06,1.82e-06,1.83e-06,1.83e-06,1.83e-06,2.24e-06
kathy,1.61e-06,1.9e-06,2.12e-06,2.12e-06,2.43e-06,2.59e-06,2.59e-06,2.6e-06,1.76e-06
acre,1.78e-06,1.74e-06,1.97e-06,1.82e-06,1.67e-06,1.67e-06,1.52e-06,1.53e-06,1.76e-06
graphs,0.00018938,0.00018687,0.00018802,0.00018801,0.0001873,0.00018637,0.00018901,0.00019218,0.00018813
surround,6.14e-06,5.86e-06,5.91e-06,6.06e-06,6.22e-06,6.24e-06,5.79e-06,5.2e-06,6e-06
cigarettes,1.6e-07,3.2e-07,3e-07,3e-07,3e-07,3e-07,3e-07,3.1e-07,2.4e-07
revenge,1.001e-05,1.046e-05,1.151e-05,1.046e-05,1.093e-05,1.066e-05,1.097e-05,1.101e-05,1.023e-05
expires,2.1e-06,1.9e-06,1.82e-06,2.27e-06,2.28e-06,2.13e-06,2.13e-06,1.99e-06,2e-06
enemies,2.502e-05,2.615e-05,2.939e-05,3.108e-05,3.157e-05,3.228e-05,3.445e-05,3.7e-05,2.558e-05
lows,1.6e-07,3.2e-07,3e-07,3e-07,1.5e-07,1.5e-07,1.5e-07,1.5e-07,2.4e-07
controllers,6.684e-05,6.498e-05,6.5e-05,6.414e-05,6.405e-05,6.258e-05,6.265e-05,6.314e-05,6.591e-05
aqua,2.1e-06,2.06e-06,1.97e-06,1.97e-06,2.12e-06,2.28e-06,2.59e-06,2.6e-06,2.08e-06
chen,2.793e-05,2.599e-05,2.636e-05,2.775e-05,2.656e-05,2.619e-05,2.667e-05,2.691e-05,2.696e-05
emma,2.58e-06,2.38e-06,2.12e-06,2.12e-06,2.12e-06,2.59e-06,2.44e-06,2.45e-06,2.48e-06
consultancy,1.437e-05,1.458e-05,1.439e-05,1.41e-05,1.412e-05,1.37e-05,1.341e-05,1.3e-05,1.447e-05
finances,3.23e-06,3.17e-06,3.33e-06,2.73e-06,2.73e-06,2.59e-06,2.74e-06,2.75e-06,3.2e-06
accepts,1.663e-05,1.728e-05,1.636e-05,1.744e-05,1.73e-05,1.721e-05,1.707e-05,1.621e-05,1.695e-05
enjoying,8.1e-07,7.9e-07,7.6e-07,7.6e-07,9.1e-07,6.1e-07,7.6e-07,7.6e-07,8e-07
conventions,2.196e-05,2.171e-05,2.136e-05,2.153e-05,2.231e-05,2.223e-05,2.225e-05,2.293e-05,2.184e-05
eva,4.2e-06,4.28e-06,3.94e-06,3.64e-06,3.64e-06,3.96e-06,3.96e-06,3.67e-06,4.24e-06
patrol,5.33e-06,6.02e-06,5.91e-06,6.82e-06,7.44e-06,7.46e-06,7.47e-06,7.03e-06,5.67e-06
smell,3.55e-06,3.33e-06,3.03e-06,2.88e-06,2.88e-06,3.05e-06,3.05e-06,3.06e-06,3.44e-06
pest,6.5e-07,7.9e-07,7.6e-07,7.6e-07,9.1e-07,9.1e-07,9.1e-07,9.2e-07,7.2e-07
hc,2.26e-06,2.22e-06,2.12e-06,3.03e-06,2.88e-06,2.59e-06,2.74e-06,1.68e-06,2.24e-06
italiano,1.78e-06,1.74e-06,1.82e-06,1.82e-06,1.82e-06,1.83e-06,1.83e-06,1.83e-06,1.76e-06
coordinates,5.086e-05,5.119e-05,5.182e-05,5.322e-05,5.464e-05,5.588e-05,5.457e-05,5.397e-05,5.103e-05
rca,1.114e-05,1.141e-05,1.394e-05,1.365e-05,1.366e-05,1.325e-05,1.326e-05,1.345e-05,1.127e-05
fp,4.52e-06,4.44e-06,3.94e-06,3.79e-06,4.55e-06,4.57e-06,4.27e-06,4.43e-06,4.48e-06
carnival,1.45e-06,1.27e-06,1.52e-06,1.67e-06,1.52e-06,1.22e-06,1.22e-06,1.22e-06,1.36e-06
roughly,4.198e-05,4.168e-05,4.227e-05,4.109e-05,4.159e-05,4.187e-05,4.146e-05,4.22e-05,4.183e-05
sticker,1.94e-06,1.74e-06,1.36e-06,1.82e-06,1.82e-06,1.83e-06,1.68e-06,1.68e-06,1.84e-06
promises,5.65e-06,6.02e-06,6.06e-06,5.91e-06,5.77e-06,5.48e-06,4.57e-06,4.59e-06,5.84e-06
responding,7.1e-06,7.92e-06,8.03e-06,8.04e-06,7.74e-06,7.77e-06,8.23e-06,8.87e-06,7.51e-06
reef,1.29e-06,1.27e-06,1.36e-06,1.21e-06,1.21e-06,1.22e-06,9.1e-07,9.2e-07,1.28e-06
physically,4.149e-05,4.327e-05,4.242e-05,4.245e-05,4.144e-05,4.065e-05,4.192e-05,4.25e-05,4.238e-05
divide,2.551e-05,2.377e-05,2.379e-05,2.396e-05,2.398e-05,2.421e-05,2.439e-05,2.416e-05,2.464e-05
stakeholders,1.469e-05,1.553e-05,1.621e-05,1.698e-05,1.594e-05,1.644e-05,1.661e-05,1.667e-05,1.511e-05
hydrocodone,0.0,0.0,0.0,0.0,0.0,0.0,0.0,0.0,0.0
gst,1.94e-06,1.9e-06,1.82e-06,1.82e-06,2.12e-06,1.83e-06,1.83e-06,1.83e-06,1.92e-06
consecutive,1.728e-05,1.633e-05,1.742e-05,1.819e-05,1.791e-05,1.827e-05,1.875e-05,1.957e-05,1.68e-05
cornell,2.955e-05,2.9e-05,2.985e-05,2.987e-05,2.884e-05,2.817e-05,2.698e-05,2.599e-05,2.928e-05
satin,0.0,0.0,0.0,0.0,0.0,0.0,0.0,0.0,0.0
bon,6.5e-07,4.8e-07,4.5e-07,4.5e-07,4.6e-07,4.6e-07,4.6e-07,4.6e-07,5.6e-07
deserve,8.1e-07,4.8e-07,4.5e-07,4.5e-07,4.6e-07,4.6e-07,7.6e-07,7.6e-07,6.4e-07
attempting,2.761e-05,2.805e-05,2.757e-05,2.744e-05,2.762e-05,2.71e-05,2.683e-05,2.691e-05,2.783e-05
mailto,1.6e-07,1.6e-07,1.5e-07,1.5e-07,1.5e-07,1.5e-07,1.5e-07,1.5e-07,1.6e-07
promo,1.29e-06,6.3e-07,6.1e-07,6.1e-07,6.1e-07,6.1e-07,6.1e-07,4.6e-07,9.6e-07
jj,1.78e-06,1.58e-06,1.52e-06,1.52e-06,1.21e-06,1.22e-06,1.22e-06,1.22e-06,1.68e-06
representations,5.344e-05,5.421e-05,5.409e-05,5.322e-05,5.419e-05,5.421e-05,5.259e-05,5.412e-05,5.383e-05
chan,8.72e-06,7.45e-06,7.88e-06,7.73e-06,7.29e-06,7.16e-06,7.01e-06,6.73e-06,8.08e-06
worried,3.2e-07,4.8e-07,3e-07,1.5e-07,1.5e-07,3e-07,1.5e-07,1.5e-07,4e-07
tunes,3.07e-06,3.17e-06,3.64e-06,3.49e-06,3.64e-06,3.65e-06,3.66e-06,3.52e-06,3.12e-06
garbage,1.647e-05,1.728e-05,1.773e-05,1.804e-05,1.761e-05,1.781e-05,1.753e-05,1.728e-05,1.688e-05
competing,3.035e-05,3.122e-05,3.015e-05,3.093e-05,3.127e-05,3.152e-05,3.094e-05,3.119e-05,3.078e-05
combines,6.264e-05,6.102e-05,6.045e-05,6.08e-05,6.208e-05,6.258e-05,6.204e-05,6.268e-05,6.183e-05
mas,1.78e-06,1.9e-06,1.67e-06,1.67e-06,1.97e-06,1.98e-06,1.98e-06,2.14e-06,1.84e-06
beth,1.94e-06,2.06e-06,2.58e-06,2.43e-06,2.43e-06,2.44e-06,2.74e-06,2.6e-06,2e-06
bradford,5e-06,4.91e-06,4.85e-06,4.85e-06,5.01e-06,5.18e-06,5.03e-06,4.59e-06,4.95e-06
len,3.71e-06,3.17e-06,2.73e-06,2.88e-06,2.88e-06,2.89e-06,3.2e-06,3.06e-06,3.44e-06
phrases,1.679e-05,1.759e-05,1.864e-05,1.789e-05,1.746e-05,1.781e-05,1.738e-05,1.697e-05,1.719e-05
kai,4.84e-06,4.75e-06,4.85e-06,5e-06,4.71e-06,4.87e-06,4.88e-06,4.74e-06,4.8e-06
peninsula,3.39e-06,4.28e-06,4.24e-06,4.09e-06,3.95e-06,3.81e-06,3.96e-06,3.98e-06,3.83e-06
chelsea,3.07e-06,3.01e-06,3.33e-06,3.03e-06,2.88e-06,3.05e-06,2.9e-06,2.9e-06,3.04e-06
boring,8.1e-07,7.9e-07,1.21e-06,1.36e-06,1.37e-06,1.37e-06,1.22e-06,1.22e-06,8e-07
reynolds,1.13e-05,1.078e-05,1.03e-05,1.046e-05,1.047e-05,1.02e-05,1.021e-05,1.04e-05,1.104e-05
dom,1.066e-05,1.078e-05,1.045e-05,1.031e-05,1.002e-05,9.9e-06,1.037e-05,1.07e-05,1.072e-05
jill,3.87e-06,3.8e-06,3.94e-06,3.49e-06,3.64e-06,3.81e-06,3.96e-06,4.74e-06,3.83e-06
accurately,2.196e-05,2.14e-05,2.227e-05,2.259e-05,2.231e-05,2.269e-05,2.241e-05,2.263e-05,2.168e-05
speeches,2.74e-06,2.85e-06,3.03e-06,3.18e-06,2.88e-06,2.74e-06,2.29e-06,1.99e-06,2.79e-06
reaches,1.647e-05,1.601e-05,1.561e-05,1.501e-05,1.487e-05,1.37e-05,1.326e-05,1.345e-05,1.624e-05
schema,5.473e-05,5.563e-05,5.242e-05,5.246e-05,5.161e-05,5.131e-05,5.091e-05,4.954e-05,5.518e-05
considers,2.276e-05,2.314e-05,2.197e-05,2.153e-05,2.079e-05,2.025e-05,2.027e-05,1.926e-05,2.295e-05
sofa,1.29e-06,1.27e-06,1.36e-06,1.36e-06,1.37e-06,1.37e-06,9.1e-07,1.07e-06,1.28e-06
catalogs,8.23e-06,8.24e-06,7.88e-06,8.04e-06,8.65e-06,8.37e-06,8.69e-06,8.71e-06,8.24e-06
ministries,5.81e-06,5.07e-06,4.7e-06,4.7e-06,4.86e-06,4.87e-06,4.88e-06,4.59e-06,5.44e-06
vacancies,4.8e-07,3.2e-07,3e-07,3e-07,3e-07,3e-07,3e-07,3.1e-07,4e-07
quizzes,1.78e-06,1.9e-06,1.82e-06,1.82e-06,1.82e-06,1.67e-06,1.98e-06,1.83e-06,1.84e-06
parliamentary,6.14e-06,6.34e-06,6.82e-06,7.28e-06,7.44e-06,7.46e-06,7.32e-06,7.03e-06,6.24e-06
obj,2.91e-06,2.85e-06,2.58e-06,2.27e-06,2.28e-06,2.28e-06,2.13e-06,1.99e-06,2.88e-06
prefix,3.681e-05,3.693e-05,3.742e-05,3.897e-05,3.916e-05,3.868e-05,3.887e-05,3.945e-05,3.687e-05
lucia,9.7e-07,9.5e-07,1.06e-06,1.06e-06,1.21e-06,1.37e-06,1.37e-06,1.38e-06,9.6e-07
savannah,2.58e-06,2.38e-06,1.67e-06,1.67e-06,1.67e-06,1.67e-06,1.68e-06,1.68e-06,2.48e-06
barrel,4.84e-06,4.75e-06,4.39e-06,4.55e-06,4.4e-06,4.42e-06,4.42e-06,4.43e-06,4.8e-06
typing,3.116e-05,3.011e-05,2.803e-05,2.881e-05,2.869e-05,3.167e-05,3.079e-05,3.058e-05,3.064e-05
nerve,7.27e-06,7.13e-06,7.27e-06,7.73e-06,7.74e-06,8.22e-06,7.93e-06,7.95e-06,7.2e-06
dans,6.5e-07,9.5e-07,9.1e-07,1.06e-06,1.21e-06,1.22e-06,1.22e-06,1.22e-06,8e-07
planets,1.469e-05,1.458e-05,1.379e-05,1.304e-05,1.29e-05,1.294e-05,1.28e-05,1.3e-05,1.463e-05
deficit,1.45e-06,1.74e-06,1.82e-06,1.82e-06,1.52e-06,1.52e-06,1.37e-06,1.68e-06,1.59e-06
boulder,9.36e-06,9.51e-06,9.39e-06,9.7e-06,1.002e-05,1.02e-05,1.037e-05,1.009e-05,9.44e-06
pointing,2.131e-05,2.013e-05,1.909e-05,1.865e-05,1.943e-05,1.888e-05,1.951e-05,1.865e-05,2.072e-05
renew,1.45e-06,1.43e-06,1.67e-06,1.82e-06,1.67e-06,1.83e-06,1.83e-06,1.83e-06,1.44e-06
coupled,4.036e-05,4.058e-05,3.848e-05,3.897e-05,3.84e-05,4.111e-05,4.177e-05,4.143e-05,4.047e-05
viii,3.39e-06,3.33e-06,3.48e-06,3.94e-06,4.25e-06,4.11e-06,3.96e-06,3.98e-06,3.36e-06
myanmar,5e-06,5.07e-06,5.45e-06,5.31e-06,5.31e-06,5.48e-06,6.25e-06,6.27e-06,5.04e-06
metadata,7.959e-05,8.321e-05,7.909e-05,7.975e-05,7.711e-05,7.537e-05,7.637e-05,7.553e-05,8.14e-05
harold,1.292e-05,1.3e-05,1.242e-05,1.258e-05,1.214e-05,1.233e-05,1.235e-05,1.223e-05,1.296e-05
circuits,0.000103,0.00010492,0.00010272,0.00010143,0.00010276,0.00010354,0.00010335,0.00010488,0.00010396
floppy,6.975e-05,6.641e-05,6.197e-05,6.323e-05,6.329e-05,6.365e-05,6.295e-05,6.299e-05,6.808e-05
texture,4.585e-05,4.676e-05,4.379e-05,4.367e-05,4.371e-05,4.4e-05,4.436e-05,4.357e-05,4.63e-05
handbags,0.0,0.0,1.5e-07,1.5e-07,1.5e-07,1.5e-07,1.5e-07,1.5e-07,0.0
jar,2.1e-06,2.06e-06,1.97e-06,1.97e-06,1.97e-06,2.28e-06,2.29e-06,2.45e-06,2.08e-06
ev,3.07e-06,2.85e-06,3.48e-06,3.18e-06,3.49e-06,3.5e-06,3.51e-06,3.36e-06,2.96e-06
somerset,2.26e-06,2.85e-06,2.73e-06,2.58e-06,2.43e-06,2.59e-06,2.13e-06,1.99e-06,2.56e-06
incurred,2.91e-06,3.01e-06,2.73e-06,2.73e-06,2.73e-06,2.74e-06,3.05e-06,3.06e-06,2.96e-06
acknowledge,2.74e-06,3.17e-06,3.03e-06,2.73e-06,2.58e-06,3.05e-06,3.05e-06,3.36e-06,2.96e-06
thoroughly,3.71e-06,3.49e-06,3.33e-06,3.64e-06,3.95e-06,3.5e-06,3.66e-06,3.82e-06,3.6e-06
antigua,3.2e-07,3.2e-07,3e-07,3e-07,3e-07,3e-07,3e-07,3.1e-07,3.2e-07
nottingham,5.65e-06,5.55e-06,5.61e-06,5.76e-06,5.77e-06,5.63e-06,5.64e-06,6.27e-06,5.6e-06
thunder,3.71e-06,4.44e-06,4.55e-06,4.85e-06,4.55e-06,5.02e-06,4.57e-06,4.74e-06,4.07e-06
tent,6.5e-07,6.3e-07,7.6e-07,6.1e-07,7.6e-07,7.6e-07,7.6e-07,7.6e-07,6.4e-07
caution,4.8e-07,1.6e-07,6.1e-07,4.5e-07,6.1e-07,6.1e-07,1.22e-06,9.2e-07,3.2e-07
identifies,2.583e-05,2.615e-05,2.636e-05,2.638e-05,2.656e-05,2.558e-05,2.561e-05,2.492e-05,2.599e-05
questionnaire,3.07e-06,2.85e-06,2.73e-06,2.73e-06,2.88e-06,2.74e-06,2.74e-06,2.75e-06,2.96e-06
qualification,8.88e-06,8.72e-06,8.79e-06,8.79e-06,8.8e-06,8.53e-06,8.84e-06,9.02e-06,8.8e-06
locks,1.55e-05,1.601e-05,1.485e-05,1.41e-05,1.351e-05,1.386e-05,1.418e-05,1.452e-05,1.576e-05
modelling,6.684e-05,6.863e-05,6.787e-05,6.914e-05,7.043e-05,7.035e-05,7.012e-05,7.048e-05,6.774e-05
namely,2.906e-05,2.9e-05,2.954e-05,2.941e-05,2.945e-05,2.878e-05,2.82e-05,2.798e-05,2.903e-05
miniature,5.97e-06,6.34e-06,6.06e-06,5.76e-06,5.46e-06,5.18e-06,5.49e-06,5.35e-06,6.15e-06
dept,7.27e-06,6.97e-06,5.76e-06,5.31e-06,5.16e-06,4.72e-06,4.42e-06,4.43e-06,7.12e-06
hack,2.858e-05,2.916e-05,3.045e-05,3.108e-05,3.203e-05,3.167e-05,3.14e-05,3.073e-05,2.887e-05
dare,1.78e-06,2.06e-06,2.42e-06,2.43e-06,2.43e-06,2.44e-06,2.29e-06,2.29e-06,1.92e-06
euros,4.84e-06,4.28e-06,4.39e-06,3.64e-06,3.49e-06,3.5e-06,3.66e-06,4.59e-06,4.56e-06
interstate,2.1e-06,2.69e-06,2.58e-06,2.58e-06,2.58e-06,2.59e-06,2.59e-06,2.6e-06,2.39e-06
pirates,7.91e-06,7.45e-06,6.51e-06,6.67e-06,6.83e-06,7e-06,7.16e-06,7.19e-06,7.68e-06
aerial,1.066e-05,1.125e-05,1.288e-05,1.289e-05,1.351e-05,1.34e-05,1.341e-05,1.345e-05,1.095e-05
hawk,3.71e-06,3.49e-06,3.64e-06,3.94e-06,4.25e-06,4.26e-06,5.64e-06,5.66e-06,3.6e-06
consequence,2.115e-05,2.029e-05,1.939e-05,1.956e-05,1.943e-05,1.919e-05,1.905e-05,1.911e-05,2.072e-05
rebel,6.46e-06,6.18e-06,6.51e-06,6.67e-06,6.83e-06,7.31e-06,7.16e-06,7.49e-06,6.32e-06
systematic,2.583e-05,2.599e-05,2.742e-05,2.593e-05,2.596e-05,2.558e-05,2.561e-05,2.599e-05,2.591e-05
perceived,2.809e-05,2.869e-05,2.833e-05,2.805e-05,2.854e-05,2.878e-05,2.881e-05,2.89e-05,2.839e-05
origins,2.357e-05,2.393e-05,2.485e-05,2.487e-05,2.52e-05,2.451e-05,2.561e-05,2.614e-05,2.375e-05
hired,1.889e-05,1.965e-05,1.924e-05,1.85e-05,1.882e-05,1.797e-05,1.768e-05,1.789e-05,1.927e-05
makeup,4.36e-06,4.12e-06,5.76e-06,5.61e-06,5.46e-06,5.33e-06,5.03e-06,5.05e-06,4.24e-06
textile,2.58e-06,2.54e-06,3.18e-06,3.18e-06,3.04e-06,3.05e-06,3.2e-06,3.36e-06,2.56e-06
lamb,1.78e-06,2.22e-06,2.27e-06,2.12e-06,1.97e-06,1.67e-06,1.68e-06,1.53e-06,2e-06
madagascar,1.45e-06,1.43e-06,1.67e-06,1.52e-06,1.52e-06,1.37e-06,1.37e-06,1.38e-06,1.44e-06
nathan,6.94e-06,7.61e-06,7.73e-06,7.73e-06,7.59e-06,7.46e-06,7.62e-06,7.34e-06,7.27e-06
tobago,1.78e-06,1.74e-06,1.67e-06,1.67e-06,1.67e-06,1.67e-06,1.68e-06,1.68e-06,1.76e-06
presenting,1.824e-05,1.791e-05,1.848e-05,1.789e-05,1.715e-05,1.781e-05,1.768e-05,1.743e-05,1.807e-05
cos,5e-06,4.91e-06,4.7e-06,4.25e-06,4.55e-06,3.81e-06,3.96e-06,3.82e-06,4.95e-06
troubleshooting,7.43e-06,7.29e-06,6.51e-06,6.22e-06,6.22e-06,5.94e-06,6.1e-06,5.66e-06,7.36e-06
uzbekistan,2.1e-06,1.9e-06,1.67e-06,2.12e-06,1.97e-06,2.74e-06,2.74e-06,2.6e-06,2e-06
indexes,2.067e-05,2.029e-05,1.97e-05,2.001e-05,1.988e-05,1.979e-05,1.951e-05,1.957e-05,2.048e-05
pac,1.162e-05,1.189e-05,1.379e-05,1.547e-05,1.579e-05,1.553e-05,1.616e-05,1.651e-05,1.176e-05
rl,2.42e-06,1.9e-06,1.97e-06,2.43e-06,2.43e-06,2.74e-06,2.9e-06,2.9e-06,2.16e-06
erp,1.195e-05,1.316e-05,1.364e-05,1.395e-05,1.381e-05,1.386e-05,1.326e-05,1.315e-05,1.256e-05
centuries,1.017e-05,1.062e-05,1.151e-05,1.152e-05,1.078e-05,1.096e-05,1.067e-05,1.101e-05,1.039e-05
gl,4.52e-06,4.44e-06,4.7e-06,4.7e-06,4.71e-06,4.57e-06,4.88e-06,4.89e-06,4.48e-06
magnitude,2.244e-05,2.362e-05,2.273e-05,2.335e-05,2.262e-05,2.223e-05,2.18e-05,2.14e-05,2.303e-05
ui,2.099e-05,2.235e-05,2.303e-05,2.38e-05,2.429e-05,2.436e-05,2.424e-05,2.446e-05,2.167e-05
richardson,5.97e-06,6.18e-06,6.21e-06,6.22e-06,6.37e-06,5.94e-06,6.4e-06,6.42e-06,6.08e-06
hindu,2.1e-06,2.38e-06,2.58e-06,1.97e-06,2.43e-06,2.59e-06,2.44e-06,2.45e-06,2.24e-06
dh,3.23e-06,2.85e-06,2.73e-06,2.58e-06,3.04e-06,3.05e-06,3.81e-06,3.98e-06,3.04e-06
fragrances,0.0,0.0,0.0,0.0,0.0,0.0,0.0,0.0,0.0
vocabulary,2.276e-05,2.33e-05,2.257e-05,2.198e-05,2.231e-05,2.238e-05,2.317e-05,2.263e-05,2.303e-05
licking,0.0,0.0,0.0,0.0,0.0,0.0,0.0,0.0,0.0
earthquake,5.33e-06,5.39e-06,5.15e-06,5.16e-06,5.16e-06,5.02e-06,5.18e-06,5.05e-06,5.36e-06
vpn,3.181e-05,3.233e-05,3.273e-05,3.214e-05,3.203e-05,3.274e-05,3.247e-05,3.195e-05,3.207e-05
fundraising,3.71e-06,3.49e-06,3.48e-06,3.49e-06,3.79e-06,3.65e-06,3.51e-06,3.82e-06,3.6e-06
fcc,1.728e-05,1.664e-05,1.682e-05,1.713e-05,1.776e-05,1.69e-05,1.692e-05,1.712e-05,1.696e-05
markers,8.72e-06,8.4e-06,8.18e-06,8.19e-06,8.2e-06,8.53e-06,8.54e-06,8.41e-06,8.56e-06
weights,2.018e-05,2.06e-05,2.303e-05,2.411e-05,2.368e-05,2.406e-05,2.424e-05,2.431e-05,2.039e-05
albania,1.13e-06,1.11e-06,1.06e-06,1.06e-06,1.06e-06,1.37e-06,1.37e-06,1.38e-06,1.12e-06
geological,8.23e-06,8.24e-06,1.076e-05,1.061e-05,1.123e-05,1.142e-05,1.143e-05,1.116e-05,8.24e-06
assessing,8.72e-06,8.88e-06,8.79e-06,8.95e-06,9.11e-06,9.14e-06,9.6e-06,9.33e-06,8.8e-06
lasting,8.72e-06,9.35e-06,9.39e-06,8.95e-06,9.41e-06,1.02e-05,1.006e-05,1.07e-05,9.04e-06
wicked,2.26e-06,2.22e-06,1.97e-06,1.82e-06,1.52e-06,1.52e-06,1.52e-06,1.53e-06,2.24e-06
eds,3.423e-05,3.519e-05,3.409e-05,3.305e-05,3.309e-05,3.304e-05,3.247e-05,3.348e-05,3.471e-05
introduces,2.648e-05,2.552e-05,2.651e-05,2.729e-05,2.626e-05,2.573e-05,2.607e-05,2.507e-05,2.6e-05
kills,2.26e-06,2.38e-06,1.97e-06,2.27e-06,2.12e-06,2.28e-06,2.44e-06,1.99e-06,2.32e-06
roommate,1.13e-06,9.5e-07,7.6e-07,7.6e-07,7.6e-07,7.6e-07,7.6e-07,7.6e-07,1.04e-06
webcams,4.68e-06,4.12e-06,5e-06,5.16e-06,5.46e-06,5.94e-06,5.79e-06,5.81e-06,4.4e-06
pushed,1.066e-05,9.99e-06,1.045e-05,9.86e-06,9.11e-06,8.83e-06,8.84e-06,9.17e-06,1.033e-05
webmasters,3.39e-06,3.33e-06,3.18e-06,3.18e-06,3.04e-06,2.74e-06,2.44e-06,2.45e-06,3.36e-06
ro,7.27e-06,6.97e-06,7.27e-06,6.22e-06,6.07e-06,5.33e-06,4.73e-06,4.74e-06,7.12e-06
df,4.2e-06,3.96e-06,3.94e-06,3.64e-06,3.34e-06,3.35e-06,3.81e-06,3.82e-06,4.08e-06
computational,0.00052568,0.00053144,0.00053224,0.00053492,0.00053428,0.0005314,0.0005399,0.00054169,0.00052856
acdbentity,0.0,0.0,0.0,0.0,0.0,0.0,0.0,0.0,0.0
participated,1.857e-05,1.886e-05,1.97e-05,1.956e-05,1.958e-05,1.842e-05,1.921e-05,1.865e-05,1.871e-05
junk,2.58e-06,2.54e-06,2.73e-06,2.58e-06,2.58e-06,2.44e-06,2.44e-06,2.45e-06,2.56e-06
handhelds,3.39e-06,3.65e-06,3.18e-06,2.58e-06,2.43e-06,2.28e-06,2.29e-06,1.83e-06,3.52e-06
wax,2.42e-06,2.69e-06,2.42e-06,2.58e-06,1.21e-06,1.07e-06,1.07e-06,1.07e-06,2.56e-06
lucy,3.87e-06,3.96e-06,3.64e-06,3.79e-06,3.79e-06,3.81e-06,3.96e-06,4.28e-06,3.92e-06
answering,1.066e-05,1.062e-05,1.061e-05,1.046e-05,1.017e-05,1.005e-05,1.021e-05,1.04e-05,1.064e-05
hans,2.486e-05,2.552e-05,2.409e-05,2.289e-05,2.201e-05,2.193e-05,2.164e-05,2.202e-05,2.519e-05
impressed,2.42e-06,2.38e-06,2.12e-06,1.97e-06,1.97e-06,1.83e-06,1.83e-06,1.68e-06,2.4e-06
slope,7.91e-06,7.77e-06,7.27e-06,7.13e-06,6.83e-06,6.24e-06,6.1e-06,6.12e-06,7.84e-06
reggae,4.8e-07,6.3e-07,6.1e-07,6.1e-07,6.1e-07,6.1e-07,6.1e-07,6.1e-07,5.5e-07
failures,2.615e-05,2.473e-05,2.576e-05,2.502e-05,2.52e-05,2.543e-05,2.683e-05,2.706e-05,2.544e-05
poet,9.85e-06,1.078e-05,1.03e-05,9.86e-06,9.56e-06,9.44e-06,9.15e-06,9.17e-06,1.032e-05
conspiracy,9.2e-06,1.22e-05,1.454e-05,1.698e-05,1.867e-05,1.964e-05,2.058e-05,2.003e-05,1.07e-05
surname,2.26e-06,2.54e-06,2.42e-06,2.43e-06,2.43e-06,2.44e-06,2.44e-06,2.29e-06,2.4e-06
theology,3.55e-06,3.49e-06,3.48e-06,3.64e-06,3.64e-06,3.81e-06,3.81e-06,3.82e-06,3.52e-06
nails,4.8e-07,6.3e-07,7.6e-07,7.6e-07,4.6e-07,6.1e-07,6.1e-07,6.1e-07,5.5e-07
evident,5.65e-06,4.6e-06,5.15e-06,5.61e-06,6.22e-06,5.94e-06,6.55e-06,6.42e-06,5.13e-06
whats,1.29e-06,1.58e-06,9.1e-07,1.06e-06,6.1e-07,4.6e-07,4.6e-07,4.6e-07,1.43e-06
rides,2.26e-06,2.54e-06,2.42e-06,2.43e-06,2.58e-06,2.28e-06,2.29e-06,2.29e-06,2.4e-06
rehab,1.6e-07,1.6e-07,1.5e-07,1.5e-07,1.5e-07,1.5e-07,1.5e-07,1.5e-07,1.6e-07
epic,1.13e-05,1.22e-05,1.485e-05,1.638e-05,1.73e-05,1.751e-05,1.692e-05,1.682e-05,1.175e-05
saturn,2.809e-05,2.79e-05,2.788e-05,2.896e-05,2.929e-05,2.847e-05,2.881e-05,2.89e-05,2.799e-05
organizer,1.082e-05,1.109e-05,1.136e-05,1.137e-05,1.123e-05,1.142e-05,1.082e-05,1.07e-05,1.095e-05
nut,4.8e-07,4.8e-07,9.1e-07,1.67e-06,1.82e-06,2.13e-06,2.29e-06,2.6e-06,4.8e-07
allergy,1.13e-06,1.11e-06,1.06e-06,1.06e-06,1.06e-06,9.1e-07,9.1e-07,9.2e-07,1.12e-06
sake,2.91e-06,2.69e-06,2.58e-06,2.88e-06,2.73e-06,2.59e-06,2.74e-06,2.9e-06,2.8e-06
twisted,1.292e-05,1.347e-05,1.333e-05,1.334e-05,1.336e-05,1.325e-05,1.326e-05,1.361e-05,1.319e-05
combinations,2.551e-05,2.457e-05,2.485e-05,2.532e-05,2.459e-05,2.482e-05,2.53e-05,2.553e-05,2.504e-05
preceding,1.598e-05,1.569e-05,1.682e-05,1.638e-05,1.73e-05,1.751e-05,1.799e-05,1.804e-05,1.584e-05
merit,9.85e-06,8.72e-06,8.03e-06,8.04e-06,7.89e-06,8.07e-06,8.08e-06,7.95e-06,9.29e-06
enzyme,1.45e-06,1.74e-06,1.97e-06,1.82e-06,2.58e-06,2.59e-06,2.59e-06,2.6e-06,1.59e-06
cumulative,6.78e-06,7.13e-06,6.97e-06,7.13e-06,7.13e-06,7.16e-06,7.16e-06,6.88e-06,6.96e-06
zshops,0.0,0.0,0.0,0.0,0.0,0.0,0.0,0.0,0.0
planes,1.437e-05,1.426e-05,1.439e-05,1.41e-05,1.427e-05,1.431e-05,1.402e-05,1.483e-05,1.432e-05
edmonton,2.74e-06,2.38e-06,2.27e-06,2.27e-06,2.28e-06,2.13e-06,2.13e-06,2.14e-06,2.56e-06
tackle,5.33e-06,5.39e-06,5e-06,5.16e-06,4.71e-06,4.57e-06,4.73e-06,4.89e-06,5.36e-06
disks,5.683e-05,5.31e-05,5.015e-05,5.019e-05,4.994e-05,5.025e-05,4.984e-05,4.984e-05,5.496e-05
condo,0.0,0.0,0.0,0.0,0.0,0.0,0.0,0.0,0.0
pokemon,3.2e-07,3.2e-07,4.5e-07,3e-07,3e-07,3e-07,3e-07,3.1e-07,3.2e-07
amplifier,1.049e-05,9.99e-06,7.88e-06,7.73e-06,8.04e-06,7.77e-06,7.77e-06,7.64e-06,1.024e-05
ambien,0.0,0.0,0.0,0.0,0.0,0.0,0.0,0.0,0.0
arbitrary,8.315e-05,7.988e-05,7.757e-05,7.975e-05,7.817e-05,7.674e-05,7.621e-05,7.476e-05,8.151e-05
prominent,4.843e-05,4.898e-05,4.894e-05,4.761e-05,4.796e-05,4.705e-05,4.542e-05,4.648e-05,4.871e-05
retrieve,2.406e-05,2.362e-05,2.257e-05,2.274e-05,2.277e-05,2.421e-05,2.363e-05,2.4e-05,2.384e-05
lexington,1.45e-06,1.27e-06,1.21e-06,1.21e-06,1.06e-06,9.1e-07,9.1e-07,9.2e-07,1.36e-06
vernon,2.26e-06,2.85e-06,2.58e-06,2.43e-06,2.58e-06,2.59e-06,2.59e-06,2.6e-06,2.56e-06
sans,8.4e-06,8.08e-06,7.88e-06,7.28e-06,7.13e-06,7e-06,7.62e-06,7.8e-06,8.24e-06
worldcat,3.87e-06,3.8e-06,3.64e-06,3.34e-06,3.19e-06,3.05e-06,2.9e-06,2.75e-06,3.83e-06
titanium,2.91e-06,2.54e-06,3.03e-06,3.18e-06,3.49e-06,3.81e-06,4.42e-06,4.43e-06,2.73e-06
irs,2.74e-06,3.17e-06,3.64e-06,3.64e-06,4.1e-06,4.11e-06,4.42e-06,4.43e-06,2.96e-06
fairy,5.65e-06,5.55e-06,5.45e-06,5.61e-06,5.77e-06,5.94e-06,7.47e-06,7.49e-06,5.6e-06
builds,3.681e-05,3.772e-05,3.757e-05,3.851e-05,3.719e-05,3.548e-05,3.597e-05,3.516e-05,3.727e-05
contacted,2.42e-06,2.22e-06,2.27e-06,2.73e-06,2.28e-06,2.13e-06,2.13e-06,2.14e-06,2.32e-06
shaft,2.42e-06,2.38e-06,2.42e-06,2.27e-06,2.28e-06,2.44e-06,2.29e-06,2.29e-06,2.4e-06
lean,6.94e-06,6.66e-06,6.82e-06,6.52e-06,6.37e-06,6.4e-06,6.4e-06,6.88e-06,6.8e-06
bye,2.26e-06,1.58e-06,1.36e-06,1.52e-06,1.52e-06,1.52e-06,1.52e-06,1.53e-06,1.92e-06
cdt,4.8e-07,4.8e-07,4.5e-07,3e-07,3e-07,3e-07,3e-07,3.1e-07,4.8e-07
recorders,5.81e-06,5.55e-06,5e-06,5.61e-06,5.31e-06,5.33e-06,5.33e-06,5.66e-06,5.68e-06
occasional,9.04e-06,9.19e-06,9.24e-06,9.4e-06,9.11e-06,8.53e-06,8.23e-06,8.41e-06,9.11e-06
leslie,1.227e-05,1.252e-05,1.227e-05,1.183e-05,1.199e-05,1.233e-05,1.265e-05,1.254e-05,1.239e-05
casio,3.71e-06,4.12e-06,3.94e-06,3.94e-06,3.95e-06,4.11e-06,3.66e-06,3.21e-06,3.92e-06
deutsche,1.017e-05,9.51e-06,9.24e-06,9.55e-06,9.41e-06,9.29e-06,8.99e-06,8.71e-06,9.84e-06
ana,4.68e-06,4.6e-06,4.7e-06,4.85e-06,4.55e-06,4.26e-06,4.42e-06,4.43e-06,4.64e-06
postings,5.17e-06,5.07e-06,4.7e-06,4.55e-06,4.86e-06,4.87e-06,5.03e-06,5.2e-06,5.12e-06
innovations,2.406e-05,2.457e-05,2.379e-05,2.335e-05,2.368e-05,2.238e-05,2.347e-05,2.309e-05,2.432e-05
kitty,8.1e-07,7.9e-07,1.06e-06,7.6e-07,7.6e-07,9.1e-07,9.1e-07,9.2e-07,8e-07
postcards,1.13e-06,1.11e-06,9.1e-07,9.1e-07,9.1e-07,9.1e-07,9.1e-07,9.2e-07,1.12e-06
dude,3.2e-07,3.2e-07,3e-07,3e-07,3e-07,3e-07,3e-07,4.6e-07,3.2e-07
drain,2.42e-06,2.85e-06,2.42e-06,2.27e-06,2.28e-06,2.44e-06,2.29e-06,2.45e-06,2.64e-06
monte,2.858e-05,2.869e-05,2.757e-05,2.805e-05,2.854e-05,2.939e-05,2.927e-05,2.951e-05,2.863e-05
fires,3.55e-06,3.96e-06,3.64e-06,3.94e-06,3.49e-06,3.65e-06,3.51e-06,3.36e-06,3.76e-06
algeria,1.61e-06,1.9e-06,1.82e-06,1.67e-06,2.28e-06,2.44e-06,2.59e-06,2.75e-06,1.76e-06
blessed,1.6e-07,1.6e-07,1.5e-07,1.5e-07,1.5e-07,1.5e-07,1.5e-07,3.1e-07,1.6e-07
luis,6.78e-06,6.82e-06,6.97e-06,6.67e-06,6.53e-06,6.85e-06,6.55e-06,6.42e-06,6.8e-06
reviewing,6.62e-06,6.5e-06,6.97e-06,6.67e-06,6.68e-06,6.85e-06,5.79e-06,6.12e-06,6.56e-06
cardiff,3.39e-06,3.8e-06,3.79e-06,3.64e-06,3.19e-06,3.2e-06,3.05e-06,3.21e-06,3.6e-06
cornwall,1.29e-06,1.11e-06,1.06e-06,1.21e-06,1.21e-06,1.22e-06,1.22e-06,1.22e-06,1.2e-06
favors,2.42e-06,2.69e-06,2.58e-06,2.43e-06,2.28e-06,2.28e-06,2.29e-06,2.14e-06,2.56e-06
potato,2.91e-06,2.85e-06,2.88e-06,3.34e-06,3.19e-06,3.2e-06,2.59e-06,2.75e-06,2.88e-06
panic,5.49e-06,5.55e-06,5.45e-06,5.46e-06,5.46e-06,5.63e-06,5.64e-06,6.27e-06,5.52e-06
explicitly,4.036e-05,4.042e-05,3.924e-05,3.972e-05,3.779e-05,3.807e-05,3.795e-05,3.792e-05,4.039e-05
sticks,5.49e-06,5.07e-06,4.85e-06,5e-06,5.31e-06,5.63e-06,5.79e-06,5.81e-06,5.28e-06
leone,1.13e-06,9.5e-07,9.1e-07,9.1e-07,9.1e-07,9.1e-07,9.1e-07,7.6e-07,1.04e-06
transsexual,0.0,0.0,1.5e-07,1.5e-07,1.5e-07,1.5e-07,1.5e-07,1.5e-07,0.0
ez,1.29e-06,1.27e-06,1.06e-06,7.6e-07,6.1e-07,4.6e-07,3e-07,4.6e-07,1.28e-06
citizenship,4.68e-06,5.55e-06,5.45e-06,5.61e-06,6.07e-06,6.09e-06,5.79e-06,5.96e-06,5.12e-06
excuse,8.1e-07,7.9e-07,7.6e-07,7.6e-07,7.6e-07,6.1e-07,7.6e-07,4.6e-07,8e-07
reforms,1.61e-06,1.58e-06,1.97e-06,2.43e-06,2.43e-06,2.59e-06,2.59e-06,2.6e-06,1.59e-06
basement,3.87e-06,3.8e-06,3.94e-06,3.49e-06,3.19e-06,3.2e-06,3.2e-06,3.21e-06,3.83e-06
onion,9.85e-06,1.03e-05,1.076e-05,1.122e-05,1.062e-05,1.035e-05,1.052e-05,1.055e-05,1.008e-05
strand,2.42e-06,3.33e-06,3.48e-06,3.79e-06,3.79e-06,3.81e-06,3.66e-06,3.67e-06,2.88e-06
pf,3.71e-06,3.8e-06,4.09e-06,3.79e-06,3.79e-06,3.81e-06,3.35e-06,3.36e-06,3.76e-06
sandwich,2.58e-06,3.01e-06,2.88e-06,2.88e-06,2.73e-06,2.89e-06,2.9e-06,2.9e-06,2.79e-06
uw,2.58e-06,2.85e-06,2.12e-06,2.43e-06,2.28e-06,1.98e-06,1.98e-06,1.99e-06,2.71e-06
lawsuit,1.792e-05,1.696e-05,1.682e-05,1.622e-05,1.821e-05,1.888e-05,2.058e-05,2.003e-05,1.744e-05
alto,3.019e-05,2.948e-05,2.818e-05,2.835e-05,2.762e-05,2.726e-05,2.774e-05,2.783e-05,2.984e-05
informative,6.46e-06,6.66e-06,6.36e-06,6.37e-06,6.37e-06,6.55e-06,7.01e-06,7.19e-06,6.56e-06
girlfriend,3.71e-06,3.33e-06,3.79e-06,3.64e-06,3.64e-06,3.81e-06,3.51e-06,3.67e-06,3.52e-06
bloomberg,1.695e-05,1.553e-05,1.636e-05,1.577e-05,1.746e-05,1.492e-05,1.433e-05,1.345e-05,1.624e-05
cheque,1.29e-06,1.27e-06,1.21e-06,1.52e-06,1.37e-06,1.37e-06,1.37e-06,1.22e-06,1.28e-06
hierarchy,5.312e-05,5.341e-05,5.182e-05,5.14e-05,5.085e-05,5.192e-05,5.198e-05,5.183e-05,5.326e-05
influenced,4.375e-05,4.47e-05,4.575e-05,4.549e-05,4.629e-05,4.796e-05,4.817e-05,5e-05,4.423e-05
banners,3.87e-06,4.12e-06,3.94e-06,3.94e-06,3.79e-06,3.65e-06,3.51e-06,3.36e-06,3.99e-06
reject,5.33e-06,5.71e-06,5.61e-06,5.46e-06,5.77e-06,6.09e-06,6.4e-06,5.96e-06,5.52e-06
eau,3.2e-07,3.2e-07,3e-07,3e-07,3e-07,3e-07,3e-07,3.1e-07,3.2e-07
abandoned,2.131e-05,2.219e-05,2.257e-05,2.274e-05,2.277e-05,2.406e-05,2.561e-05,2.63e-05,2.175e-05
bd,6.46e-06,5.71e-06,5.91e-06,6.37e-06,6.53e-06,7.31e-06,7.16e-06,7.34e-06,6.09e-06
circles,1.873e-05,1.965e-05,1.909e-05,1.789e-05,1.776e-05,1.781e-05,1.844e-05,1.835e-05,1.919e-05
italic,1.13e-06,9.5e-07,7.6e-07,7.6e-07,7.6e-07,1.07e-06,1.07e-06,1.07e-06,1.04e-06
beats,6.3e-06,6.18e-06,6.51e-06,5.76e-06,5.01e-06,4.72e-06,5.18e-06,5.05e-06,6.24e-06
merry,8.1e-07,7.9e-07,7.6e-07,7.6e-07,7.6e-07,7.6e-07,9.1e-07,9.2e-07,8e-07
mil,1.76e-05,1.633e-05,1.454e-05,1.456e-05,1.412e-05,1.34e-05,1.357e-05,1.3e-05,1.697e-05
scuba,1.13e-06,9.5e-07,1.06e-06,1.06e-06,1.06e-06,9.1e-07,7.6e-07,6.1e-07,1.04e-06
gore,5e-06,3.8e-06,4.09e-06,4.09e-06,4.1e-06,3.81e-06,3.96e-06,4.13e-06,4.4e-06
complement,3.923e-05,3.788e-05,3.636e-05,3.639e-05,3.719e-05,3.593e-05,3.689e-05,3.654e-05,3.855e-05
cult,1.744e-05,1.854e-05,1.848e-05,1.865e-05,2.004e-05,2.132e-05,2.134e-05,2.186e-05,1.799e-05
dash,1.275e-05,1.331e-05,1.364e-05,1.471e-05,1.457e-05,1.416e-05,1.357e-05,1.391e-05,1.303e-05
passive,2.664e-05,2.647e-05,2.621e-05,2.562e-05,2.596e-05,2.604e-05,2.622e-05,2.645e-05,2.655e-05
mauritius,2.26e-06,2.22e-06,1.97e-06,1.97e-06,2.28e-06,2.28e-06,2.13e-06,1.99e-06,2.24e-06
valued,3.503e-05,3.804e-05,3.894e-05,3.942e-05,3.977e-05,3.959e-05,4.085e-05,4.097e-05,3.654e-05
cage,3.07e-06,3.65e-06,3.64e-06,3.18e-06,3.04e-06,3.2e-06,3.05e-06,3.06e-06,3.36e-06
checklist,2.1e-06,1.9e-06,1.67e-06,1.67e-06,1.82e-06,2.44e-06,2.44e-06,2.45e-06,2e-06
bangbus,0.0,0.0,0.0,0.0,0.0,0.0,0.0,0.0,0.0
requesting,7.27e-06,7.77e-06,7.58e-06,7.88e-06,7.74e-06,7.92e-06,7.62e-06,7.49e-06,7.52e-06
courage,9.7e-07,7.9e-07,7.6e-07,1.21e-06,1.06e-06,1.37e-06,1.52e-06,1.38e-06,8.8e-07
verde,1.94e-06,1.9e-06,1.82e-06,1.82e-06,1.67e-06,1.67e-06,1.68e-06,1.68e-06,1.92e-06
lauderdale,1.13e-06,1.11e-06,1.21e-06,1.21e-06,1.21e-06,1.22e-06,1.22e-06,1.22e-06,1.12e-06
scenarios,2.89e-05,2.837e-05,2.742e-05,2.82e-05,2.823e-05,2.923e-05,3.14e-05,3.211e-05,2.863e-05
gazette,1.76e-05,1.775e-05,1.727e-05,1.759e-05,1.7e-05,1.842e-05,1.6e-05,1.651e-05,1.768e-05
hitachi,1.647e-05,1.601e-05,1.621e-05,1.607e-05,1.563e-05,1.614e-05,1.616e-05,1.575e-05,1.624e-05
divx,3.07e-06,3.01e-06,2.73e-06,2.88e-06,2.88e-06,2.89e-06,2.9e-06,2.75e-06,3.04e-06
extraction,3.148e-05,3.011e-05,2.712e-05,2.669e-05,2.641e-05,2.665e-05,2.728e-05,2.706e-05,3.079e-05
batman,1.695e-05,1.585e-05,2.515e-05,2.729e-05,2.671e-05,2.71e-05,2.698e-05,2.737e-05,1.64e-05
elevation,1.13e-05,1.141e-05,1.121e-05,1.122e-05,1.123e-05,1.081e-05,1.067e-05,1.024e-05,1.135e-05
hearings,2.1e-06,1.58e-06,1.67e-06,1.67e-06,1.82e-06,2.13e-06,2.13e-06,1.83e-06,1.84e-06
coleman,3.55e-06,3.65e-06,3.64e-06,3.94e-06,3.64e-06,4.11e-06,3.81e-06,4.13e-06,3.6e-06
hugh,1.066e-05,1.109e-05,1.061e-05,1.031e-05,1.032e-05,1.02e-05,1.006e-05,1.009e-05,1.088e-05
lap,3.07e-06,3.49e-06,3.18e-06,3.18e-06,3.49e-06,3.05e-06,2.9e-06,3.06e-06,3.28e-06
utilization,1.372e-05,1.426e-05,1.379e-05,1.395e-05,1.366e-05,1.37e-05,1.402e-05,1.407e-05,1.399e-05
beverages,9.7e-07,7.9e-07,7.6e-07,7.6e-07,9.1e-07,1.07e-06,1.07e-06,1.22e-06,8.8e-07
calibration,1.114e-05,1.062e-05,1.015e-05,1.107e-05,1.093e-05,1.127e-05,1.158e-05,1.116e-05,1.088e-05
jake,7.59e-06,7.77e-06,7.88e-06,7.28e-06,7.44e-06,7.46e-06,7.16e-06,7.19e-06,7.68e-06
eval,1.94e-06,2.22e-06,2.42e-06,2.27e-06,2.43e-06,2.59e-06,2.59e-06,2.75e-06,2.08e-06
efficiently,6.071e-05,6.07e-05,6.03e-05,5.974e-05,6.026e-05,6.045e-05,5.96e-05,6.009e-05,6.07e-05
anaheim,1.45e-06,1.58e-06,1.52e-06,1.52e-06,1.37e-06,1.22e-06,1.37e-06,1.38e-06,1.51e-06
ping,1.308e-05,1.347e-05,1.348e-05,1.349e-05,1.396e-05,1.34e-05,1.357e-05,1.407e-05,1.328e-05
textbook,2.422e-05,2.441e-05,2.515e-05,2.608e-05,2.626e-05,2.619e-05,2.637e-05,2.569e-05,2.432e-05
dried,6.5e-07,7.9e-07,6.1e-07,6.1e-07,6.1e-07,7.6e-07,7.6e-07,7.6e-07,7.2e-07
entertaining,3.07e-06,3.33e-06,3.48e-06,3.79e-06,3.64e-06,3.81e-06,4.12e-06,3.98e-06,3.2e-06
prerequisite,3.23e-06,3.17e-06,3.33e-06,3.34e-06,3.64e-06,3.65e-06,3.81e-06,3.67e-06,3.2e-06
luther,1.13e-06,1.43e-06,1.67e-06,1.67e-06,1.82e-06,1.83e-06,1.83e-06,1.83e-06,1.28e-06
frontier,2.293e-05,2.393e-05,2.454e-05,2.426e-05,2.353e-05,2.528e-05,2.607e-05,2.523e-05,2.343e-05
settle,4.52e-06,3.8e-06,4.24e-06,4.25e-06,4.25e-06,3.81e-06,4.27e-06,3.98e-06,4.16e-06
stopping,1.049e-05,1.014e-05,9.7e-06,9.55e-06,9.26e-06,9.14e-06,8.99e-06,9.48e-06,1.031e-05
refugees,1.13e-06,1.11e-06,9.1e-07,9.1e-07,9.1e-07,9.1e-07,9.1e-07,9.2e-07,1.12e-06
knights,5e-06,4.75e-06,4.55e-06,4.4e-06,4.25e-06,4.26e-06,5.03e-06,5.2e-06,4.87e-06
hypothesis,2.018e-05,2.029e-05,1.924e-05,1.986e-05,2.004e-05,1.964e-05,1.905e-05,1.774e-05,2.023e-05
palmer,8.56e-06,7.77e-06,7.58e-06,7.13e-06,7.59e-06,7.46e-06,7.62e-06,7.64e-06,8.17e-06
medicines,9.7e-07,7.9e-07,1.21e-06,1.97e-06,1.82e-06,1.98e-06,1.98e-06,1.99e-06,8.8e-07
flux,1.663e-05,1.633e-05,1.636e-05,1.713e-05,1.715e-05,1.675e-05,1.661e-05,1.697e-05,1.648e-05
derby,1.94e-06,1.9e-06,1.97e-06,1.97e-06,2.12e-06,2.13e-06,1.98e-06,1.83e-06,1.92e-06
sao,9.7e-07,6.3e-07,6.1e-07,9.1e-07,7.6e-07,6.1e-07,7.6e-07,7.6e-07,8e-07
peaceful,1.13e-06,1.27e-06,1.36e-06,1.21e-06,1.52e-06,1.52e-06,1.52e-06,1.68e-06,1.2e-06
altered,1.711e-05,1.918e-05,1.894e-05,2.062e-05,1.928e-05,1.903e-05,1.982e-05,1.942e-05,1.814e-05
pontiac,1.6e-07,3.2e-07,3e-07,3e-07,1.5e-07,1.5e-07,1.5e-07,1.5e-07,2.4e-07
regression,3.116e-05,3.122e-05,3.076e-05,3.108e-05,3.142e-05,3.228e-05,3.17e-05,3.195e-05,3.119e-05
doctrine,4.04e-06,3.96e-06,3.94e-06,3.94e-06,4.25e-06,3.96e-06,3.96e-06,3.98e-06,4e-06
scenic,4.8e-07,4.8e-07,4.5e-07,4.5e-07,6.1e-07,4.6e-07,4.6e-07,4.6e-07,4.8e-07
trainers,2.26e-06,2.22e-06,2.42e-06,2.43e-06,2.43e-06,2.28e-06,2.29e-06,2.29e-06,2.24e-06
muze,0.0,0.0,0.0,1.5e-07,0.0,0.0,0.0,0.0,0.0
enhancements,1.97e-05,1.902e-05,1.833e-05,1.865e-05,1.867e-05,1.873e-05,2.027e-05,1.957e-05,1.936e-05
renewable,3.39e-06,3.49e-06,3.94e-06,4.25e-06,3.95e-06,3.65e-06,3.81e-06,3.67e-06,3.44e-06
intersection,4.085e-05,3.962e-05,4.454e-05,4.442e-05,4.493e-05,4.751e-05,4.695e-05,4.755e-05,4.023e-05
passwords,3.245e-05,3.487e-05,3.53e-05,3.351e-05,3.43e-05,3.411e-05,3.506e-05,3.516e-05,3.366e-05
sewing,1.13e-06,1.11e-06,1.21e-06,1.21e-06,1.21e-06,1.22e-06,1.22e-06,1.22e-06,1.12e-06
consistency,3.407e-05,3.328e-05,3.773e-05,3.7e-05,3.688e-05,3.67e-05,3.613e-05,3.669e-05,3.367e-05
collectors,6.46e-06,6.66e-06,6.97e-06,6.67e-06,6.83e-06,6.55e-06,6.4e-06,6.42e-06,6.56e-06
conclude,2.91e-06,2.85e-06,3.18e-06,3.49e-06,2.88e-06,3.2e-06,3.05e-06,3.21e-06,2.88e-06
recognised,1.453e-05,1.49e-05,1.515e-05,1.577e-05,1.563e-05,1.477e-05,1.509e-05,1.498e-05,1.472e-05
munich,1.921e-05,2.029e-05,2.045e-05,2.032e-05,2.14e-05,2.116e-05,2.043e-05,2.079e-05,1.975e-05
oman,3.39e-06,3.33e-06,3.79e-06,3.34e-06,3.34e-06,3.2e-06,2.74e-06,2.9e-06,3.36e-06
celebs,1.6e-07,1.6e-07,0.0,1.5e-07,0.0,0.0,0.0,0.0,1.6e-07
gmc,9.7e-07,9.5e-07,9.1e-07,9.1e-07,7.6e-07,7.6e-07,9.1e-07,1.07e-06,9.6e-07
propose,5.33e-06,5.55e-06,6.06e-06,6.37e-06,6.53e-06,6.7e-06,7.01e-06,6.88e-06,5.44e-06
hh,8.1e-07,7.9e-07,1.06e-06,6.1e-07,6.1e-07,6.1e-07,6.1e-07,6.1e-07,8e-07
azerbaijan,3.39e-06,3.65e-06,3.79e-06,3.64e-06,3.49e-06,3.81e-06,3.51e-06,3.52e-06,3.52e-06
lighter,7.91e-06,8.24e-06,7.73e-06,7.88e-06,8.04e-06,7.92e-06,8.08e-06,8.26e-06,8.07e-06
rage,7.1e-06,6.82e-06,7.42e-06,8.19e-06,7.59e-06,7.77e-06,7.77e-06,8.1e-06,6.96e-06
adsl,9.04e-06,8.08e-06,7.73e-06,7.13e-06,6.53e-06,6.24e-06,6.25e-06,6.27e-06,8.56e-06
uh,8.1e-07,7.9e-07,9.1e-07,9.1e-07,7.6e-07,7.6e-07,7.6e-07,7.6e-07,8e-07
prix,4.84e-06,4.44e-06,5e-06,5.16e-06,5.01e-06,5.18e-06,4.88e-06,5.05e-06,4.64e-06
astrology,1.61e-06,1.58e-06,1.67e-06,1.52e-06,1.37e-06,1.37e-06,1.37e-06,1.38e-06,1.59e-06
advisors,7.1e-06,6.34e-06,6.06e-06,5.61e-06,5.31e-06,6.09e-06,6.1e-06,5.96e-06,6.72e-06
pavilion,8.07e-06,7.92e-06,7.73e-06,7.28e-06,7.13e-06,7.46e-06,7.01e-06,7.03e-06,8e-06
tactics,1.614e-05,1.585e-05,1.712e-05,1.744e-05,1.685e-05,1.721e-05,1.844e-05,1.85e-05,1.599e-05
trusts,3.23e-06,3.33e-06,3.18e-06,2.88e-06,3.04e-06,3.5e-06,3.66e-06,3.82e-06,3.28e-06
occurring,1.776e-05,1.854e-05,1.742e-05,1.759e-05,1.791e-05,1.797e-05,1.799e-05,1.758e-05,1.815e-05
supplemental,3.87e-06,3.8e-06,3.94e-06,3.94e-06,4.1e-06,4.26e-06,3.81e-06,3.82e-06,3.83e-06
travelling,9.04e-06,9.35e-06,9.39e-06,8.79e-06,8.2e-06,8.37e-06,8.23e-06,8.26e-06,9.19e-06
talented,2.42e-06,2.85e-06,2.27e-06,2.43e-06,2.43e-06,2.44e-06,2.59e-06,2.45e-06,2.64e-06
annie,4.36e-06,4.75e-06,4.39e-06,4.25e-06,4.1e-06,4.26e-06,4.57e-06,3.52e-06,4.55e-06
pillow,1.94e-06,1.9e-06,1.82e-06,1.82e-06,1.67e-06,1.67e-06,1.37e-06,1.22e-06,1.92e-06
induction,1.631e-05,1.569e-05,1.682e-05,1.698e-05,1.7e-05,1.766e-05,1.768e-05,1.789e-05,1.6e-05
derek,6.94e-06,6.82e-06,7.12e-06,7.28e-06,6.98e-06,7.31e-06,7.62e-06,7.64e-06,6.88e-06
precisely,2.777e-05,2.742e-05,2.788e-05,2.866e-05,2.96e-05,2.878e-05,2.85e-05,2.874e-05,2.759e-05
shorter,1.954e-05,1.918e-05,1.773e-05,1.865e-05,1.852e-05,1.873e-05,1.814e-05,1.789e-05,1.936e-05
harley,1.78e-06,1.43e-06,1.67e-06,1.67e-06,1.82e-06,1.83e-06,1.83e-06,1.68e-06,1.6e-06
spreading,1.405e-05,1.458e-05,1.485e-05,1.501e-05,1.472e-05,1.477e-05,1.54e-05,1.498e-05,1.431e-05
provinces,3.07e-06,3.01e-06,3.03e-06,3.18e-06,3.19e-06,3.2e-06,3.35e-06,3.36e-06,3.04e-06
relying,1.808e-05,1.807e-05,1.727e-05,1.744e-05,1.791e-05,1.842e-05,1.89e-05,1.911e-05,1.807e-05
finals,3.07e-06,3.17e-06,3.03e-06,3.34e-06,3.04e-06,3.05e-06,3.35e-06,2.9e-06,3.12e-06
paraguay,1.29e-06,1.27e-06,1.21e-06,1.36e-06,1.37e-06,1.22e-06,1.22e-06,1.22e-06,1.28e-06
steal,1.082e-05,1.046e-05,1.045e-05,1.077e-05,1.062e-05,1.066e-05,1.097e-05,1.116e-05,1.064e-05
parcel,8.4e-06,8.4e-06,8.64e-06,8.49e-06,7.74e-06,7.61e-06,8.08e-06,8.26e-06,8.4e-06
refined,1.082e-05,1.078e-05,1.136e-05,1.077e-05,1.138e-05,1.188e-05,1.219e-05,1.208e-05,1.08e-05
fd,4.04e-06,3.96e-06,4.7e-06,4.09e-06,4.1e-06,4.11e-06,4.42e-06,4.74e-06,4e-06
bo,4.52e-06,4.75e-06,4.39e-06,4.55e-06,5.01e-06,3.96e-06,3.96e-06,4.28e-06,4.64e-06
fifteen,9.04e-06,8.56e-06,8.79e-06,8.79e-06,8.65e-06,7.77e-06,7.77e-06,7.95e-06,8.8e-06
widespread,5.376e-05,5.452e-05,5.666e-05,5.762e-05,5.616e-05,5.558e-05,5.64e-05,5.947e-05,5.414e-05
incidence,6.62e-06,6.82e-06,6.97e-06,6.67e-06,6.83e-06,6.7e-06,6.86e-06,6.73e-06,6.72e-06
fears,2.74e-06,2.69e-06,2.73e-06,2.88e-06,2.73e-06,2.28e-06,2.29e-06,2.29e-06,2.72e-06
predict,3.358e-05,3.313e-05,3.379e-05,3.533e-05,3.537e-05,3.593e-05,3.582e-05,3.578e-05,3.336e-05
boutique,2.91e-06,2.69e-06,2.58e-06,2.27e-06,2.28e-06,2.28e-06,1.52e-06,1.53e-06,2.8e-06
acrylic,1.13e-06,9.5e-07,1.06e-06,9.1e-07,1.06e-06,9.1e-07,9.1e-07,9.2e-07,1.04e-06
rolled,7.27e-06,7.92e-06,8.18e-06,8.04e-06,7.29e-06,7.77e-06,8.38e-06,8.71e-06,7.6e-06
tuner,6.62e-06,6.18e-06,5.61e-06,5.46e-06,5.62e-06,5.33e-06,5.03e-06,5.05e-06,6.4e-06
avon,6.5e-07,6.3e-07,6.1e-07,6.1e-07,6.1e-07,6.1e-07,6.1e-07,6.1e-07,6.4e-07
incidents,1.13e-05,1.236e-05,1.258e-05,1.198e-05,1.214e-05,1.249e-05,1.158e-05,1.208e-05,1.183e-05
peterson,7.59e-06,7.61e-06,7.42e-06,7.43e-06,7.89e-06,7.92e-06,8.23e-06,7.49e-06,7.6e-06
rays,1.421e-05,1.426e-05,1.394e-05,1.41e-05,1.351e-05,1.309e-05,1.28e-05,1.315e-05,1.424e-05
asn,8.07e-06,6.66e-06,7.88e-06,7.88e-06,7.59e-06,7.92e-06,7.62e-06,7.64e-06,7.36e-06
shannon,3.423e-05,3.408e-05,3.242e-05,3.457e-05,3.537e-05,3.365e-05,3.414e-05,3.639e-05,3.416e-05
toddler,8.1e-07,7.9e-07,7.6e-07,3e-07,3e-07,1.5e-07,1.5e-07,1.5e-07,8e-07
enhancing,1.243e-05,1.268e-05,1.288e-05,1.258e-05,1.275e-05,1.325e-05,1.25e-05,1.422e-05,1.256e-05
flavor,2.91e-06,2.69e-06,3.03e-06,2.88e-06,3.04e-06,3.05e-06,3.05e-06,3.06e-06,2.8e-06
alike,8.4e-06,8.24e-06,9.24e-06,9.1e-06,8.65e-06,9.59e-06,9.3e-06,9.02e-06,8.32e-06
walt,1.485e-05,1.664e-05,1.788e-05,1.683e-05,1.67e-05,1.66e-05,1.677e-05,1.621e-05,1.574e-05
homeless,1.45e-06,1.58e-06,1.06e-06,1.67e-06,1.06e-06,1.22e-06,1.22e-06,1.22e-06,1.51e-06
horrible,9.7e-07,1.11e-06,9.1e-07,9.1e-07,9.1e-07,9.1e-07,9.1e-07,9.2e-07,1.04e-06
hungry,2.1e-06,2.54e-06,2.58e-06,2.73e-06,2.88e-06,2.74e-06,2.9e-06,2.75e-06,2.32e-06
metallic,3.07e-06,3.49e-06,3.79e-06,3.49e-06,3.49e-06,3.5e-06,3.2e-06,3.21e-06,3.28e-06
acne,0.0,0.0,1.5e-07,1.5e-07,1.5e-07,0.0,3e-07,3.1e-07,0.0
blocked,1.937e-05,1.902e-05,1.894e-05,1.986e-05,1.852e-05,1.934e-05,2.073e-05,2.003e-05,1.92e-05
interference,3.487e-05,3.645e-05,3.606e-05,3.533e-05,3.612e-05,3.639e-05,3.658e-05,3.715e-05,3.566e-05
warriors,5.97e-06,6.66e-06,6.36e-06,6.52e-06,6.98e-06,7e-06,6.86e-06,7.03e-06,6.31e-06
palestine,1.45e-06,1.9e-06,2.58e-06,3.18e-06,3.19e-06,3.05e-06,2.74e-06,2.6e-06,1.68e-06
listprice,0.0,0.0,0.0,0.0,0.0,0.0,0.0,0.0,0.0
libs,3.2e-07,3.2e-07,4.5e-07,4.5e-07,3e-07,0.0,0.0,0.0,3.2e-07
undo,6.46e-06,7.61e-06,7.27e-06,6.22e-06,6.07e-06,6.24e-06,6.1e-06,6.12e-06,7.03e-06
cadillac,0.0,0.0,1.5e-07,1.5e-07,0.0,0.0,0.0,0.0,0.0
atmospheric,3.148e-05,3.154e-05,3.303e-05,3.29e-05,3.309e-05,3.304e-05,3.369e-05,3.379e-05,3.151e-05
malawi,3.71e-06,3.65e-06,4.09e-06,3.49e-06,3.49e-06,3.5e-06,3.66e-06,3.67e-06,3.68e-06
wm,2.58e-06,2.38e-06,2.12e-06,1.97e-06,1.97e-06,1.98e-06,1.98e-06,1.99e-06,2.48e-06
pk,3.55e-06,4.12e-06,4.09e-06,3.94e-06,5.16e-06,3.35e-06,3.2e-06,3.21e-06,3.83e-06
sagem,1.6e-07,1.6e-07,1.5e-07,1.5e-07,1.5e-07,1.5e-07,1.5e-07,1.5e-07,1.6e-07
knowledgestorm,0.0,0.0,0.0,0.0,0.0,0.0,0.0,0.0,0.0
dana,8.4e-06,8.88e-06,8.33e-06,8.34e-06,8.5e-06,8.22e-06,8.23e-06,8.56e-06,8.64e-06
halo,9.85e-06,9.67e-06,1.303e-05,1.258e-05,1.472e-05,1.477e-05,1.57e-05,1.575e-05,9.76e-06
ppm,3.87e-06,3.8e-06,3.48e-06,3.64e-06,3.49e-06,3.5e-06,3.51e-06,3.52e-06,3.83e-06
curtis,7.43e-06,7.13e-06,6.82e-06,6.82e-06,6.68e-06,6.85e-06,7.01e-06,6.73e-06,7.28e-06
parental,5e-06,5.39e-06,5.61e-06,5.61e-06,5.77e-06,6.24e-06,6.25e-06,6.42e-06,5.2e-06
referenced,2.422e-05,2.298e-05,2.06e-05,2.092e-05,2.019e-05,2.01e-05,1.982e-05,2.003e-05,2.36e-05
strikes,3.71e-06,3.8e-06,3.79e-06,3.94e-06,4.1e-06,3.81e-06,4.12e-06,4.28e-06,3.76e-06
lesser,2.018e-05,1.981e-05,2.03e-05,2.017e-05,1.882e-05,1.919e-05,1.951e-05,1.911e-05,2e-05
publicity,7.75e-06,7.29e-06,7.27e-06,6.97e-06,6.98e-06,7e-06,7.01e-06,7.64e-06,7.52e-06
marathon,5.49e-06,5.55e-06,6.21e-06,6.82e-06,6.22e-06,5.94e-06,5.49e-06,5.35e-06,5.52e-06
ant,7.91e-06,8.08e-06,8.64e-06,8.34e-06,8.8e-06,8.83e-06,8.69e-06,7.95e-06,8e-06
proposition,8.72e-06,8.72e-06,9.09e-06,9.1e-06,8.04e-06,8.37e-06,7.62e-06,7.8e-06,8.72e-06
gays,1.6e-07,1.6e-07,1.5e-07,1.5e-07,1.5e-07,1.5e-07,1.5e-07,1.5e-07,1.6e-07
pressing,1.34e-05,1.252e-05,1.182e-05,1.243e-05,1.245e-05,1.294e-05,1.341e-05,1.315e-05,1.296e-05
gasoline,2.42e-06,2.22e-06,2.12e-06,2.12e-06,2.12e-06,2.13e-06,2.13e-06,2.14e-06,2.32e-06
apt,5e-06,4.6e-06,5.91e-06,5.91e-06,5.77e-06,5.94e-06,6.1e-06,6.42e-06,4.8e-06
dressed,1.29e-06,1.74e-06,1.82e-06,1.67e-06,1.82e-06,1.83e-06,1.98e-06,1.99e-06,1.51e-06
scout,5.49e-06,5.23e-06,5.3e-06,5.16e-06,5.46e-06,5.63e-06,5.79e-06,5.81e-06,5.36e-06
belfast,2.1e-06,2.85e-06,3.94e-06,3.79e-06,3.95e-06,4.11e-06,4.12e-06,4.13e-06,2.48e-06
exec,6.3e-06,5.86e-06,5.45e-06,5.31e-06,5.16e-06,5.63e-06,5.33e-06,5.2e-06,6.08e-06
dealt,8.4e-06,8.56e-06,8.33e-06,7.58e-06,7.44e-06,7.46e-06,7.62e-06,7.8e-06,8.48e-06
niagara,1.13e-06,1.11e-06,1.36e-06,1.36e-06,1.37e-06,1.37e-06,1.37e-06,1.38e-06,1.12e-06
inf,4.36e-06,4.6e-06,4.09e-06,4.09e-06,3.95e-06,3.96e-06,3.66e-06,3.67e-06,4.48e-06
eos,3.23e-06,3.65e-06,3.18e-06,3.34e-06,2.88e-06,3.2e-06,3.2e-06,3.52e-06,3.44e-06
warcraft,5.17e-06,5.86e-06,6.06e-06,6.06e-06,6.37e-06,5.79e-06,5.94e-06,6.12e-06,5.51e-06
charms,4.8e-07,7.9e-07,7.6e-07,7.6e-07,7.6e-07,6.1e-07,4.6e-07,4.6e-07,6.3e-07
catalyst,7.27e-06,8.24e-06,8.94e-06,8.95e-06,8.65e-06,8.22e-06,7.77e-06,8.41e-06,7.75e-06
trader,5.33e-06,5.07e-06,4.55e-06,4.4e-06,4.4e-06,4.11e-06,4.57e-06,4.59e-06,5.2e-06
bucks,4.8e-07,4.8e-07,4.5e-07,6.1e-07,6.1e-07,6.1e-07,6.1e-07,6.1e-07,4.8e-07
allowance,9.7e-07,9.5e-07,1.21e-06,1.21e-06,1.37e-06,1.22e-06,1.37e-06,1.22e-06,9.6e-07
vcr,2.26e-06,2.06e-06,2.12e-06,1.82e-06,1.67e-06,1.52e-06,1.52e-06,1.38e-06,2.16e-06
denial,2.422e-05,2.457e-05,2.56e-05,2.487e-05,2.55e-05,2.634e-05,2.591e-05,2.553e-05,2.439e-05
uri,1.049e-05,1.141e-05,1.106e-05,1.213e-05,1.214e-05,1.218e-05,1.204e-05,1.238e-05,1.095e-05
designation,1.582e-05,1.553e-05,1.5e-05,1.547e-05,1.548e-05,1.553e-05,1.631e-05,1.559e-05,1.568e-05
thrown,3.55e-06,3.33e-06,3.79e-06,3.18e-06,3.04e-06,3.35e-06,3.51e-06,3.67e-06,3.44e-06
prepaid,5e-06,4.91e-06,5e-06,5e-06,5.01e-06,5.02e-06,4.88e-06,4.74e-06,4.95e-06
raises,9.36e-06,8.08e-06,7.73e-06,7.73e-06,7.44e-06,7e-06,7.47e-06,7.34e-06,8.72e-06
gem,1.566e-05,1.331e-05,1.318e-05,1.304e-05,1.336e-05,1.309e-05,1.143e-05,1.147e-05,1.448e-05
duplicate,1.195e-05,1.157e-05,1.227e-05,1.228e-05,1.154e-05,1.172e-05,1.113e-05,1.086e-05,1.176e-05
electro,1.243e-05,1.22e-05,1.227e-05,1.167e-05,1.245e-05,1.279e-05,1.25e-05,1.238e-05,1.231e-05
criterion,2.228e-05,2.251e-05,2.212e-05,2.198e-05,2.231e-05,2.269e-05,2.241e-05,2.217e-05,2.239e-05
badge,2.42e-06,2.22e-06,2.12e-06,2.43e-06,2.58e-06,2.59e-06,2.59e-06,3.06e-06,2.32e-06
wrist,2.74e-06,3.01e-06,2.27e-06,2.27e-06,2.28e-06,2.44e-06,2.44e-06,2.45e-06,2.88e-06
civilization,1.792e-05,1.712e-05,1.712e-05,1.85e-05,1.928e-05,1.919e-05,1.905e-05,1.911e-05,1.752e-05
analyzed,2.535e-05,2.631e-05,2.576e-05,2.638e-05,2.732e-05,2.741e-05,2.774e-05,2.783e-05,2.583e-05
vietnamese,9.69e-06,1.062e-05,1.061e-05,1.198e-05,1.305e-05,1.37e-05,1.418e-05,1.361e-05,1.016e-05
heath,6.94e-06,6.34e-06,5.15e-06,5e-06,4.86e-06,5.02e-06,4.57e-06,4.59e-06,6.64e-06
tremendous,3.23e-06,3.17e-06,2.88e-06,2.73e-06,2.88e-06,3.05e-06,3.35e-06,3.21e-06,3.2e-06
ballot,3.71e-06,3.96e-06,3.94e-06,3.34e-06,3.19e-06,3.65e-06,3.35e-06,3.36e-06,3.83e-06
lexus,1.13e-06,7.9e-07,7.6e-07,7.6e-07,7.6e-07,7.6e-07,7.6e-07,7.6e-07,9.6e-07
varying,3.616e-05,3.582e-05,3.576e-05,3.563e-05,3.688e-05,3.761e-05,3.75e-05,3.776e-05,3.599e-05
remedies,1.45e-06,1.27e-06,1.36e-06,1.36e-06,1.06e-06,7.6e-07,7.6e-07,7.6e-07,1.36e-06
validity,1.34e-05,1.363e-05,1.258e-05,1.319e-05,1.321e-05,1.431e-05,1.357e-05,1.315e-05,1.352e-05
trustee,5.17e-06,4.91e-06,4.55e-06,4.7e-06,4.25e-06,4.26e-06,4.88e-06,4.74e-06,5.04e-06
maui,2.58e-06,2.54e-06,2.12e-06,2.12e-06,2.43e-06,2.74e-06,2.29e-06,2.6e-06,2.56e-06
handjobs,0.0,0.0,0.0,0.0,0.0,0.0,0.0,0.0,0.0
weighted,2.955e-05,2.9e-05,2.894e-05,2.896e-05,2.899e-05,2.969e-05,3.003e-05,2.997e-05,2.928e-05
angola,1.29e-06,1.27e-06,1.21e-06,1.21e-06,9.1e-07,9.1e-07,7.6e-07,7.6e-07,1.28e-06
squirt,3.2e-07,1.6e-07,1.5e-07,1.5e-07,1.5e-07,1.5e-07,1.5e-07,3.1e-07,2.4e-07
performs,5.36e-05,5.436e-05,5.303e-05,5.246e-05,5.267e-05,5.223e-05,5.152e-05,5.259e-05,5.398e-05
plastics,3.55e-06,3.49e-06,3.33e-06,3.18e-06,3.19e-06,3.2e-06,3.35e-06,3.36e-06,3.52e-06
realm,1.501e-05,1.537e-05,1.591e-05,1.638e-05,1.715e-05,1.721e-05,1.753e-05,1.835e-05,1.519e-05
corrected,1.114e-05,1.03e-05,9.85e-06,9.55e-06,9.87e-06,1.035e-05,9.76e-06,9.48e-06,1.072e-05
jenny,1.61e-06,1.58e-06,1.67e-06,1.52e-06,1.67e-06,1.67e-06,1.68e-06,1.68e-06,1.59e-06
helmet,3.07e-06,2.22e-06,2.27e-06,1.97e-06,1.97e-06,1.98e-06,2.29e-06,2.14e-06,2.65e-06
salaries,4.8e-07,6.3e-07,4.5e-07,4.5e-07,4.6e-07,4.6e-07,4.6e-07,4.6e-07,5.5e-07
postcard,8.1e-07,7.9e-07,7.6e-07,7.6e-07,7.6e-07,7.6e-07,7.6e-07,6.1e-07,8e-07
elephant,5.97e-06,5.86e-06,5.61e-06,5.46e-06,5.92e-06,5.94e-06,5.94e-06,5.96e-06,5.92e-06
yemen,8.1e-07,7.9e-07,7.6e-07,7.6e-07,7.6e-07,7.6e-07,9.1e-07,1.07e-06,8e-07
encountered,1.663e-05,1.759e-05,1.621e-05,1.638e-05,1.609e-05,1.584e-05,1.6e-05,1.559e-05,1.711e-05
tsunami,1.94e-06,1.9e-06,2.27e-06,2.73e-06,2.73e-06,2.89e-06,2.9e-06,2.75e-06,1.92e-06
scholar,4.617e-05,4.581e-05,4.575e-05,4.685e-05,4.523e-05,4.385e-05,4.497e-05,4.526e-05,4.599e-05
nickel,2.42e-06,2.06e-06,2.27e-06,2.27e-06,2.28e-06,2.44e-06,2.29e-06,2.14e-06,2.24e-06
internationally,3.52e-05,3.503e-05,3.409e-05,3.396e-05,3.446e-05,3.35e-05,3.247e-05,3.394e-05,3.512e-05
surrounded,4.68e-06,4.75e-06,4.39e-06,4.55e-06,4.25e-06,3.96e-06,4.12e-06,4.13e-06,4.71e-06
psi,5.33e-06,5.39e-06,5e-06,4.85e-06,4.55e-06,6.09e-06,6.1e-06,5.96e-06,5.36e-06
buses,2.05e-05,1.965e-05,1.97e-05,2.062e-05,2.125e-05,2.116e-05,2.104e-05,2.232e-05,2.008e-05
expedia,4.36e-06,4.28e-06,3.94e-06,4.25e-06,4.25e-06,4.42e-06,4.42e-06,4.74e-06,4.32e-06
geology,5e-06,5.23e-06,5.3e-06,5.31e-06,5.16e-06,5.33e-06,4.57e-06,4.43e-06,5.12e-06
pct,1.13e-06,1.11e-06,1.21e-06,1.21e-06,1.06e-06,1.07e-06,1.07e-06,7.6e-07,1.12e-06
wb,1.94e-06,1.9e-06,1.67e-06,1.67e-06,1.67e-06,1.67e-06,1.98e-06,1.83e-06,1.92e-06
creatures,1.728e-05,1.712e-05,1.651e-05,1.698e-05,1.624e-05,1.599e-05,1.494e-05,1.483e-05,1.72e-05
coating,2.42e-06,2.38e-06,2.58e-06,2.58e-06,2.43e-06,2.44e-06,2.44e-06,2.6e-06,2.4e-06
commented,8.88e-06,8.88e-06,8.48e-06,7.88e-06,7.59e-06,7.77e-06,7.62e-06,7.95e-06,8.88e-06
wallet,9.69e-06,8.88e-06,8.33e-06,8.19e-06,8.5e-06,9.29e-06,8.99e-06,9.17e-06,9.29e-06
cleared,4.2e-06,4.28e-06,4.09e-06,3.79e-06,3.49e-06,3.81e-06,3.51e-06,3.06e-06,4.24e-06
smilies,8.1e-07,7.9e-07,7.6e-07,3e-07,3e-07,3e-07,3e-07,3.1e-07,8e-07
vids,3.2e-07,3.2e-07,4.5e-07,3e-07,3e-07,3e-07,3e-07,3.1e-07,3.2e-07
accomplish,1.485e-05,1.474e-05,1.454e-05,1.456e-05,1.396e-05,1.401e-05,1.357e-05,1.345e-05,1.479e-05
boating,1.6e-07,1.6e-07,4.5e-07,4.5e-07,6.1e-07,6.1e-07,6.1e-07,6.1e-07,1.6e-07
drainage,3.55e-06,3.49e-06,3.33e-06,3.49e-06,2.73e-06,3.05e-06,2.74e-06,2.75e-06,3.52e-06
shakira,1.6e-07,1.6e-07,0.0,0.0,0.0,0.0,0.0,0.0,1.6e-07
corners,1.195e-05,1.157e-05,1.167e-05,1.092e-05,1.078e-05,1.081e-05,1.082e-05,1.116e-05,1.176e-05
broader,2.341e-05,2.409e-05,2.56e-05,2.623e-05,2.702e-05,2.71e-05,2.805e-05,2.813e-05,2.375e-05
vegetarian,9.7e-07,6.3e-07,7.6e-07,9.1e-07,9.1e-07,9.1e-07,9.1e-07,7.6e-07,8e-07
rouge,1.61e-06,1.58e-06,1.67e-06,1.52e-06,1.52e-06,1.52e-06,1.37e-06,1.38e-06,1.59e-06
yeast,8.1e-07,7.9e-07,9.1e-07,9.1e-07,9.1e-07,9.1e-07,9.1e-07,1.07e-06,8e-07
yale,2.551e-05,2.552e-05,2.5e-05,2.578e-05,2.52e-05,2.467e-05,2.53e-05,2.431e-05,2.552e-05
newfoundland,1.29e-06,1.43e-06,1.52e-06,1.52e-06,1.52e-06,1.37e-06,1.37e-06,1.38e-06,1.36e-06
sn,4.52e-06,4.12e-06,3.94e-06,4.09e-06,3.79e-06,4.11e-06,4.12e-06,4.13e-06,4.32e-06
qld,6.5e-07,4.8e-07,4.5e-07,4.5e-07,4.6e-07,4.6e-07,4.6e-07,4.6e-07,5.6e-07
pas,2.58e-06,2.38e-06,2.58e-06,2.43e-06,2.28e-06,2.28e-06,2.29e-06,2.45e-06,2.48e-06
clearing,7.75e-06,8.08e-06,7.58e-06,7.73e-06,7.89e-06,7.92e-06,7.93e-06,7.34e-06,7.92e-06
investigated,1.405e-05,1.411e-05,1.348e-05,1.319e-05,1.321e-05,1.279e-05,1.235e-05,1.269e-05,1.408e-05
dk,5.49e-06,5.07e-06,5.3e-06,4.7e-06,4.25e-06,3.35e-06,3.35e-06,3.21e-06,5.28e-06
ambassador,3.71e-06,4.12e-06,4.24e-06,4.25e-06,4.1e-06,4.11e-06,3.96e-06,3.36e-06,3.92e-06
coated,4.04e-06,3.8e-06,3.64e-06,3.49e-06,3.49e-06,3.35e-06,3.35e-06,3.36e-06,3.92e-06
intend,5.33e-06,5.71e-06,5.76e-06,5.91e-06,5.77e-06,5.94e-06,6.25e-06,6.42e-06,5.52e-06
stephanie,5.33e-06,4.91e-06,5.45e-06,5.16e-06,5.62e-06,5.94e-06,6.4e-06,6.27e-06,5.12e-06
contacting,1.29e-06,7.9e-07,7.6e-07,7.6e-07,9.1e-07,1.07e-06,1.07e-06,9.2e-07,1.04e-06
vegetation,3.87e-06,3.96e-06,3.48e-06,3.49e-06,3.49e-06,3.81e-06,3.66e-06,3.82e-06,3.92e-06
doom,2.729e-05,2.821e-05,2.651e-05,2.835e-05,2.945e-05,3.152e-05,3.323e-05,3.425e-05,2.775e-05
findarticles,9.7e-07,9.5e-07,9.1e-07,9.1e-07,7.6e-07,6.1e-07,6.1e-07,6.1e-07,9.6e-07
louise,3.07e-06,3.01e-06,3.18e-06,3.03e-06,3.04e-06,3.35e-06,3.35e-06,3.36e-06,3.04e-06
kenny,2.74e-06,2.85e-06,2.58e-06,2.43e-06,1.82e-06,1.83e-06,1.98e-06,1.99e-06,2.79e-06
specially,2.115e-05,2.14e-05,2.045e-05,2.017e-05,1.988e-05,1.979e-05,1.966e-05,1.988e-05,2.127e-05
owen,5.49e-06,5.55e-06,5.15e-06,5.61e-06,5.62e-06,5.18e-06,5.03e-06,5.05e-06,5.52e-06
routines,2.502e-05,2.504e-05,2.485e-05,2.487e-05,2.474e-05,2.512e-05,2.53e-05,2.507e-05,2.503e-05
hitting,4.36e-06,4.12e-06,4.09e-06,4.25e-06,3.95e-06,3.96e-06,4.27e-06,4.28e-06,4.24e-06
yukon,3.2e-07,3.2e-07,3e-07,3e-07,3e-07,3e-07,3e-07,3.1e-07,3.2e-07
beings,9.2e-06,8.88e-06,8.03e-06,8.49e-06,8.35e-06,9.14e-06,9.3e-06,9.33e-06,9.04e-06
bite,6.5e-07,7.9e-07,7.6e-07,6.1e-07,4.6e-07,4.6e-07,4.6e-07,3.1e-07,7.2e-07
issn,1.146e-05,1.173e-05,1.106e-05,1.077e-05,9.87e-06,9.59e-06,8.84e-06,8.41e-06,1.159e-05
aquatic,2.74e-06,2.54e-06,3.33e-06,3.34e-06,3.49e-06,3.5e-06,3.51e-06,3.52e-06,2.64e-06
reliance,7.75e-06,7.92e-06,8.33e-06,8.79e-06,9.11e-06,8.53e-06,9.6e-06,9.17e-06,7.84e-06
habits,4.2e-06,5.07e-06,5.15e-06,5e-06,4.71e-06,4.57e-06,4.42e-06,4.59e-06,4.63e-06
striking,2.74e-06,3.01e-06,2.88e-06,2.58e-06,2.73e-06,2.74e-06,2.74e-06,2.6e-06,2.88e-06
myth,5.65e-06,5.07e-06,6.36e-06,5.91e-06,5.62e-06,6.09e-06,5.79e-06,5.81e-06,5.36e-06
infectious,5e-06,4.6e-06,5.15e-06,4.85e-06,5.16e-06,5.18e-06,5.64e-06,5.5e-06,4.8e-06
podcasts,8.23e-06,9.19e-06,1.03e-05,1.213e-05,1.351e-05,1.416e-05,1.387e-05,1.468e-05,8.71e-06
singh,6.14e-06,7.29e-06,7.27e-06,7.28e-06,7.59e-06,7.61e-06,7.32e-06,7.49e-06,6.71e-06
gig,7.91e-06,8.72e-06,8.18e-06,8.64e-06,8.8e-06,8.68e-06,8.54e-06,8.71e-06,8.32e-06
gilbert,1.066e-05,1.173e-05,1.136e-05,1.152e-05,1.123e-05,1.157e-05,1.128e-05,1.177e-05,1.12e-05
sas,1.324e-05,1.284e-05,1.227e-05,1.258e-05,1.26e-05,1.264e-05,1.387e-05,1.376e-05,1.304e-05
ferrari,2.26e-06,2.22e-06,1.82e-06,1.97e-06,1.97e-06,2.13e-06,2.13e-06,1.99e-06,2.24e-06
continuity,1.679e-05,1.743e-05,1.545e-05,1.471e-05,1.548e-05,1.614e-05,1.661e-05,1.575e-05,1.711e-05
brook,7.91e-06,8.08e-06,8.33e-06,7.28e-06,7.44e-06,7.31e-06,7.62e-06,7.49e-06,8e-06
fu,7.59e-06,7.29e-06,7.88e-06,8.49e-06,9.71e-06,1.005e-05,9.91e-06,1.04e-05,7.44e-06
outputs,4.408e-05,4.343e-05,4.409e-05,4.291e-05,4.341e-05,4.34e-05,4.39e-05,4.403e-05,4.376e-05
phenomenon,4.747e-05,4.882e-05,4.924e-05,4.822e-05,4.918e-05,4.964e-05,4.801e-05,4.77e-05,4.814e-05
ensemble,2.212e-05,1.934e-05,2.015e-05,1.986e-05,1.958e-05,2.086e-05,2.073e-05,2.095e-05,2.073e-05
insulin,1.13e-06,1.11e-06,9.1e-07,9.1e-07,9.1e-07,9.1e-07,9.1e-07,9.2e-07,1.12e-06
assured,5.17e-06,5.23e-06,5.61e-06,4.85e-06,4.71e-06,4.57e-06,3.81e-06,4.13e-06,5.2e-06
biblical,3.07e-06,3.17e-06,3.18e-06,3.34e-06,3.34e-06,3.35e-06,3.35e-06,3.36e-06,3.12e-06
weed,2.26e-06,2.06e-06,1.97e-06,1.97e-06,1.97e-06,1.98e-06,1.68e-06,1.68e-06,2.16e-06
conscious,7.91e-06,8.24e-06,8.03e-06,7.88e-06,9.26e-06,1.005e-05,1.006e-05,1.024e-05,8.07e-06
accent,5.65e-06,6.02e-06,5.91e-06,5.76e-06,5.62e-06,5.94e-06,6.25e-06,6.27e-06,5.84e-06
mysimon,1.6e-07,1.6e-07,1.5e-07,1.5e-07,1.5e-07,1.5e-07,1.5e-07,1.5e-07,1.6e-07
eleven,1.13e-05,1.189e-05,1.197e-05,1.258e-05,1.275e-05,1.203e-05,1.219e-05,1.193e-05,1.159e-05
wives,8.1e-07,9.5e-07,7.6e-07,9.1e-07,7.6e-07,7.6e-07,7.6e-07,9.2e-07,8.8e-07
ambient,1.534e-05,1.553e-05,1.576e-05,1.577e-05,1.548e-05,1.629e-05,1.616e-05,1.667e-05,1.543e-05
utilize,2.196e-05,2.314e-05,2.348e-05,2.35e-05,2.231e-05,2.33e-05,2.408e-05,2.462e-05,2.255e-05
mileage,9.7e-07,9.5e-07,9.1e-07,9.1e-07,1.06e-06,1.07e-06,1.07e-06,1.07e-06,9.6e-07
oecd,5e-06,5.23e-06,4.7e-06,4.4e-06,4.71e-06,4.72e-06,4.73e-06,5.5e-06,5.12e-06
prostate,1.13e-06,1.11e-06,7.6e-07,7.6e-07,1.06e-06,1.07e-06,1.07e-06,1.07e-06,1.12e-06
adaptor,4.04e-06,3.8e-06,3.94e-06,3.79e-06,3.49e-06,3.5e-06,3.35e-06,2.9e-06,3.92e-06
auburn,3.87e-06,4.6e-06,3.94e-06,3.64e-06,3.64e-06,3.5e-06,3.51e-06,3.52e-06,4.24e-06
unlock,7.43e-06,6.82e-06,7.58e-06,8.04e-06,8.8e-06,9.9e-06,1.037e-05,9.78e-06,7.13e-06
hyundai,3.71e-06,3.8e-06,4.7e-06,4.55e-06,4.71e-06,3.05e-06,3.81e-06,3.67e-06,3.76e-06
pledge,3.55e-06,3.01e-06,2.88e-06,3.18e-06,3.04e-06,3.05e-06,3.2e-06,3.21e-06,3.28e-06
vampire,5e-06,5.07e-06,5.61e-06,5.16e-06,5.31e-06,5.79e-06,5.79e-06,5.96e-06,5.04e-06
angela,3.07e-06,3.65e-06,3.64e-06,3.94e-06,4.1e-06,4.42e-06,4.42e-06,4.59e-06,3.36e-06
relates,1.582e-05,1.553e-05,1.454e-05,1.395e-05,1.457e-05,1.492e-05,1.509e-05,1.483e-05,1.568e-05
nitrogen,2.42e-06,2.69e-06,2.27e-06,2.88e-06,2.88e-06,2.74e-06,2.59e-06,2.29e-06,2.56e-06
xerox,3.826e-05,3.519e-05,3.5e-05,3.427e-05,3.354e-05,3.441e-05,3.552e-05,3.562e-05,3.672e-05
dice,9.36e-06,8.4e-06,8.18e-06,8.19e-06,9.26e-06,9.14e-06,8.08e-06,8.71e-06,8.88e-06
merger,3.084e-05,2.9e-05,2.848e-05,2.987e-05,3.051e-05,3.304e-05,3.231e-05,3.226e-05,2.992e-05
softball,0.0,0.0,0.0,0.0,0.0,0.0,0.0,0.0,0.0
referrals,1.61e-06,1.43e-06,1.06e-06,1.06e-06,1.06e-06,1.07e-06,1.07e-06,1.07e-06,1.52e-06
quad,1.485e-05,1.442e-05,1.485e-05,1.531e-05,1.518e-05,1.462e-05,1.494e-05,1.483e-05,1.463e-05
dock,6.3e-06,6.34e-06,6.21e-06,5.76e-06,5.77e-06,5.63e-06,5.94e-06,6.12e-06,6.32e-06
differently,1.857e-05,1.87e-05,1.894e-05,1.956e-05,1.912e-05,1.888e-05,1.951e-05,1.835e-05,1.864e-05
firewire,6.14e-06,5.55e-06,5.45e-06,5.31e-06,5.16e-06,5.02e-06,4.73e-06,4.74e-06,5.84e-06
mods,7.91e-06,8.72e-06,8.33e-06,8.79e-06,8.65e-06,8.53e-06,8.84e-06,8.87e-06,8.32e-06
nextel,1.61e-06,1.58e-06,1.67e-06,1.67e-06,1.82e-06,1.67e-06,1.68e-06,1.68e-06,1.59e-06
framing,8.4e-06,8.24e-06,9.09e-06,9.25e-06,9.41e-06,1.035e-05,9.76e-06,9.33e-06,8.32e-06
organised,1.437e-05,1.49e-05,1.53e-05,1.516e-05,1.487e-05,1.568e-05,1.6e-05,1.59e-05,1.463e-05
musician,1.695e-05,1.68e-05,1.651e-05,1.653e-05,1.715e-05,1.644e-05,1.524e-05,1.559e-05,1.687e-05
blocking,2.777e-05,2.663e-05,2.712e-05,2.866e-05,2.823e-05,2.726e-05,2.759e-05,2.721e-05,2.72e-05
rwanda,9.7e-07,9.5e-07,1.06e-06,7.6e-07,7.6e-07,7.6e-07,6.1e-07,7.6e-07,9.6e-07
sorts,1.292e-05,1.236e-05,1.167e-05,1.213e-05,1.199e-05,1.127e-05,1.158e-05,1.116e-05,1.264e-05
integrating,2.664e-05,2.71e-05,2.773e-05,2.759e-05,2.778e-05,2.665e-05,2.698e-05,2.706e-05,2.687e-05
vsnet,0.0,0.0,0.0,0.0,0.0,0.0,0.0,0.0,0.0
limiting,1.776e-05,1.854e-05,1.833e-05,1.789e-05,1.791e-05,1.766e-05,1.844e-05,1.881e-05,1.815e-05
dispatch,1.582e-05,1.601e-05,1.606e-05,1.592e-05,1.579e-05,1.584e-05,1.555e-05,1.559e-05,1.591e-05
revisions,1.405e-05,1.347e-05,1.409e-05,1.456e-05,1.487e-05,1.477e-05,1.54e-05,1.529e-05,1.376e-05
papua,9.7e-07,1.11e-06,1.06e-06,1.06e-06,1.37e-06,1.52e-06,1.37e-06,1.22e-06,1.04e-06
restored,6.3e-06,7.29e-06,7.73e-06,7.43e-06,8.35e-06,8.68e-06,8.84e-06,9.02e-06,6.8e-06
hint,2.91e-06,3.01e-06,2.73e-06,2.58e-06,2.58e-06,2.74e-06,2.74e-06,2.75e-06,2.96e-06
armor,3.87e-06,4.28e-06,5e-06,5.31e-06,5.31e-06,5.18e-06,5.49e-06,5.5e-06,4.07e-06
riders,1.94e-06,1.74e-06,1.67e-06,1.67e-06,1.37e-06,1.83e-06,1.83e-06,1.83e-06,1.84e-06
chargers,1.29e-06,1.27e-06,1.06e-06,1.36e-06,1.52e-06,1.52e-06,1.68e-06,1.68e-06,1.28e-06
remark,1.13e-06,1.27e-06,1.36e-06,1.36e-06,1.37e-06,1.37e-06,1.22e-06,1.22e-06,1.2e-06
dozens,1.711e-05,1.648e-05,1.606e-05,1.653e-05,1.624e-05,1.614e-05,1.57e-05,1.514e-05,1.68e-05
varies,2.519e-05,2.488e-05,2.424e-05,2.441e-05,2.611e-05,2.604e-05,2.561e-05,2.569e-05,2.504e-05
msie,3.2e-07,3.2e-07,3e-07,3e-07,3e-07,3e-07,3e-07,3.1e-07,3.2e-07
reasoning,6.91e-05,6.704e-05,7.136e-05,7.066e-05,7.179e-05,7.217e-05,7.317e-05,7.186e-05,6.807e-05
wn,1.6e-07,3.2e-07,4.5e-07,4.5e-07,7.6e-07,6.1e-07,6.1e-07,6.1e-07,2.4e-07
liz,1.94e-06,2.54e-06,2.42e-06,2.27e-06,2.43e-06,2.44e-06,2.44e-06,2.45e-06,2.24e-06
rendered,3.907e-05,3.851e-05,4.091e-05,4.245e-05,4.25e-05,4.355e-05,4.298e-05,4.342e-05,3.879e-05
picking,6.14e-06,6.82e-06,7.42e-06,7.58e-06,7.74e-06,7.61e-06,7.62e-06,7.95e-06,6.48e-06
charitable,7.59e-06,7.29e-06,7.12e-06,7.43e-06,7.59e-06,7.16e-06,7.16e-06,7.34e-06,7.44e-06
guards,7.75e-06,7.45e-06,7.42e-06,7.28e-06,6.53e-06,4.72e-06,5.03e-06,5.2e-06,7.6e-06
annotated,1.259e-05,1.252e-05,1.212e-05,1.213e-05,1.214e-05,1.188e-05,1.204e-05,1.238e-05,1.256e-05
ccd,7.43e-06,6.18e-06,6.21e-06,6.22e-06,5.62e-06,6.85e-06,6.1e-06,5.81e-06,6.81e-06
sv,3.23e-06,2.85e-06,2.88e-06,2.73e-06,2.58e-06,2.89e-06,2.59e-06,2.45e-06,3.04e-06
convinced,4.84e-06,4.75e-06,5e-06,4.7e-06,5.16e-06,4.87e-06,4.73e-06,5.05e-06,4.8e-06
openings,3.23e-06,2.85e-06,2.88e-06,2.73e-06,2.88e-06,2.74e-06,2.59e-06,2.75e-06,3.04e-06
buys,6.94e-06,6.18e-06,5.45e-06,5.61e-06,5.92e-06,5.63e-06,5.33e-06,4.13e-06,6.56e-06
burlington,3.55e-06,3.65e-06,3.48e-06,3.18e-06,3.19e-06,3.5e-06,3.51e-06,3.36e-06,3.6e-06
replacing,4.278e-05,4.184e-05,4.166e-05,4.367e-05,4.447e-05,4.416e-05,4.527e-05,4.602e-05,4.231e-05
researcher,0.00011334,0.00011824,0.0001206,0.00012024,0.00012021,0.00011953,0.00012027,0.00011925,0.00011579
watershed,3.87e-06,3.8e-06,3.64e-06,3.64e-06,3.79e-06,3.96e-06,3.96e-06,4.28e-06,3.83e-06
councils,3.55e-06,3.65e-06,3.79e-06,3.49e-06,3.19e-06,3.35e-06,3.35e-06,3.52e-06,3.6e-06
occupations,1.45e-06,1.58e-06,2.58e-06,2.43e-06,1.97e-06,1.67e-06,1.52e-06,1.83e-06,1.51e-06
acknowledged,1.162e-05,1.062e-05,1.167e-05,1.213e-05,1.229e-05,1.264e-05,1.296e-05,1.269e-05,1.112e-05
nudity,2.26e-06,2.38e-06,2.42e-06,2.58e-06,2.43e-06,2.59e-06,2.44e-06,2.29e-06,2.32e-06
kruger,1.29e-06,1.27e-06,1.67e-06,1.82e-06,1.67e-06,1.67e-06,1.68e-06,1.68e-06,1.28e-06
pockets,1.29e-06,1.27e-06,1.36e-06,1.36e-06,1.37e-06,1.37e-06,1.52e-06,1.53e-06,1.28e-06
granny,3.2e-07,3.2e-07,3e-07,3e-07,3e-07,3e-07,6.1e-07,6.1e-07,3.2e-07
pork,3.2e-07,3.2e-07,4.5e-07,3e-07,4.6e-07,4.6e-07,3e-07,3.1e-07,3.2e-07
zu,1.45e-06,1.11e-06,1.36e-06,1.52e-06,1.52e-06,1.67e-06,1.83e-06,1.99e-06,1.28e-06
equilibrium,1.437e-05,1.363e-05,1.394e-05,1.516e-05,1.457e-05,1.447e-05,1.509e-05,1.529e-05,1.4e-05
viral,2.341e-05,2.599e-05,2.591e-05,2.669e-05,2.778e-05,2.695e-05,2.698e-05,2.737e-05,2.47e-05
inquire,3.2e-07,3.2e-07,3e-07,1.5e-07,1.5e-07,1.5e-07,1.5e-07,1.5e-07,3.2e-07
pipes,8.56e-06,8.24e-06,8.03e-06,8.34e-06,8.5e-06,8.53e-06,8.38e-06,9.02e-06,8.4e-06
characterized,3.503e-05,3.439e-05,3.515e-05,3.487e-05,3.279e-05,3.304e-05,3.384e-05,3.471e-05,3.471e-05
laden,9.7e-07,7.9e-07,7.6e-07,7.6e-07,9.1e-07,1.22e-06,9.1e-07,9.2e-07,8.8e-07
aruba,1.78e-06,2.54e-06,2.27e-06,1.97e-06,1.97e-06,1.83e-06,2.13e-06,1.83e-06,2.16e-06
cottages,8.1e-07,7.9e-07,6.1e-07,4.5e-07,3e-07,3e-07,3e-07,3.1e-07,8e-07
realtor,9.7e-07,1.11e-06,1.06e-06,1.06e-06,9.1e-07,7.6e-07,7.6e-07,7.6e-07,1.04e-06
merge,2.26e-05,2.219e-05,2.076e-05,1.971e-05,2.019e-05,2.223e-05,2.21e-05,2.232e-05,2.239e-05
privilege,1.534e-05,1.49e-05,1.424e-05,1.531e-05,1.396e-05,1.431e-05,1.433e-05,1.345e-05,1.512e-05
edgar,7.43e-06,7.29e-06,7.27e-06,6.97e-06,6.53e-06,6.55e-06,5.94e-06,6.42e-06,7.36e-06
develops,6.135e-05,6.261e-05,6.272e-05,6.429e-05,6.345e-05,6.228e-05,6.295e-05,6.238e-05,6.198e-05
qualifying,3.07e-06,3.33e-06,3.18e-06,3.34e-06,3.49e-06,3.65e-06,3.66e-06,3.52e-06,3.2e-06
chassis,1.518e-05,1.506e-05,1.576e-05,1.547e-05,1.533e-05,1.492e-05,1.387e-05,1.422e-05,1.512e-05
dubai,7.27e-06,7.77e-06,8.64e-06,8.49e-06,8.2e-06,7.46e-06,6.71e-06,6.73e-06,7.52e-06
estimation,3.697e-05,3.756e-05,3.682e-05,3.669e-05,3.628e-05,3.685e-05,3.78e-05,3.761e-05,3.727e-05
barn,4.8e-07,4.8e-07,4.5e-07,4.5e-07,4.6e-07,4.6e-07,4.6e-07,6.1e-07,4.8e-07
pushing,6.46e-06,6.5e-06,6.67e-06,6.37e-06,6.37e-06,5.79e-06,5.79e-06,5.96e-06,6.48e-06
llp,1.45e-06,1.58e-06,1.36e-06,1.36e-06,1.52e-06,1.37e-06,1.37e-06,1.22e-06,1.51e-06
fleece,0.0,0.0,0.0,0.0,0.0,0.0,0.0,0.0,0.0
pediatric,2.58e-06,2.54e-06,2.12e-06,2.12e-06,2.28e-06,1.83e-06,1.83e-06,1.83e-06,2.56e-06
boc,3.87e-06,4.8e-07,4.5e-07,4.5e-07,4.6e-07,4.6e-07,4.6e-07,3.1e-07,2.17e-06
fare,2.74e-06,2.38e-06,1.97e-06,1.82e-06,2.28e-06,2.44e-06,2.9e-06,3.21e-06,2.56e-06
dg,3.39e-06,2.85e-06,3.18e-06,2.12e-06,2.43e-06,2.44e-06,2.44e-06,2.45e-06,3.12e-06
asus,1.437e-05,1.458e-05,1.394e-05,1.38e-05,1.442e-05,1.386e-05,1.357e-05,1.33e-05,1.447e-05
pierce,5.81e-06,5.39e-06,5.15e-06,5.16e-06,5.01e-06,5.33e-06,5.18e-06,5.2e-06,5.6e-06
allan,1.033e-05,9.83e-06,9.7e-06,9.55e-06,9.56e-06,9.59e-06,9.6e-06,9.48e-06,1.008e-05
dressing,1.6e-07,1.6e-07,1.5e-07,1.5e-07,4.6e-07,4.6e-07,4.6e-07,6.1e-07,1.6e-07
techrepublic,1.78e-06,1.58e-06,1.52e-06,1.52e-06,1.21e-06,9.1e-07,7.6e-07,6.1e-07,1.68e-06
sperm,3.2e-07,3.2e-07,3e-07,3e-07,3e-07,3e-07,3e-07,3.1e-07,3.2e-07
vg,2.58e-06,2.54e-06,2.12e-06,2.58e-06,1.67e-06,1.67e-06,2.13e-06,2.14e-06,2.56e-06
bald,8.1e-07,6.3e-07,7.6e-07,6.1e-07,6.1e-07,6.1e-07,7.6e-07,6.1e-07,7.2e-07
filme,3.2e-07,3.2e-07,3e-07,3e-07,3e-07,3e-07,3e-07,3.1e-07,3.2e-07
craps,0.0,0.0,0.0,0.0,0.0,0.0,0.0,0.0,0.0
fuji,2.58e-06,2.85e-06,2.73e-06,3.03e-06,3.19e-06,3.05e-06,2.74e-06,2.9e-06,2.71e-06
frost,6.3e-06,6.34e-06,6.36e-06,6.82e-06,5.77e-06,5.63e-06,5.64e-06,4.59e-06,6.32e-06
leon,7.27e-06,7.29e-06,6.97e-06,7.28e-06,6.83e-06,7.31e-06,7.16e-06,7.49e-06,7.28e-06
institutes,2.373e-05,2.536e-05,2.47e-05,2.411e-05,2.444e-05,2.436e-05,2.439e-05,2.4e-05,2.455e-05
mold,2.42e-06,2.38e-06,2.12e-06,2.12e-06,1.97e-06,1.83e-06,1.52e-06,1.53e-06,2.4e-06
dame,4.2e-06,4.91e-06,4.39e-06,4.25e-06,4.55e-06,4.57e-06,4.12e-06,4.13e-06,4.55e-06
fo,3.07e-06,3.17e-06,2.88e-06,3.03e-06,3.04e-06,2.89e-06,3.05e-06,2.9e-06,3.12e-06
sally,3.23e-06,3.49e-06,3.33e-06,3.64e-06,3.79e-06,3.81e-06,4.42e-06,4.13e-06,3.36e-06
yacht,6.5e-07,6.3e-07,9.1e-07,9.1e-07,9.1e-07,1.22e-06,1.07e-06,9.2e-07,6.4e-07
tracy,2.26e-06,2.22e-06,2.27e-06,2.27e-06,2.28e-06,2.13e-06,2.13e-06,2.14e-06,2.24e-06
prefers,3.07e-06,2.85e-06,2.42e-06,2.58e-06,2.58e-06,2.59e-06,2.44e-06,3.06e-06,2.96e-06
drilling,1.29e-06,1.27e-06,1.21e-06,1.21e-06,1.21e-06,1.22e-06,1.52e-06,1.53e-06,1.28e-06
brochures,1.13e-06,1.27e-06,1.52e-06,1.67e-06,1.67e-06,1.22e-06,1.22e-06,1.22e-06,1.2e-06
herb,1.94e-06,2.06e-06,2.58e-06,2.58e-06,2.43e-06,2.44e-06,2.44e-06,2.45e-06,2e-06
tmp,9.7e-07,1.11e-06,1.06e-06,1.21e-06,1.06e-06,1.07e-06,1.07e-06,1.07e-06,1.04e-06
alot,0.0,0.0,0.0,0.0,0.0,0.0,0.0,0.0,0.0
ate,6.5e-07,6.3e-07,9.1e-07,1.06e-06,1.06e-06,1.22e-06,1.22e-06,1.22e-06,6.4e-07
breach,1.97e-05,1.997e-05,2.06e-05,2.062e-05,2.079e-05,2.147e-05,2.18e-05,2.171e-05,1.984e-05
whale,2.42e-06,2.85e-06,2.58e-06,2.73e-06,2.58e-06,2.74e-06,2.74e-06,2.9e-06,2.64e-06
traveller,2.1e-06,2.06e-06,3.03e-06,3.03e-06,3.19e-06,3.05e-06,3.35e-06,3.21e-06,2.08e-06
appropriations,8.1e-07,7.9e-07,6.1e-07,7.6e-07,7.6e-07,7.6e-07,7.6e-07,7.6e-07,8e-07
suspected,8.72e-06,9.35e-06,8.79e-06,8.64e-06,7.74e-06,7.31e-06,7.77e-06,7.34e-06,9.04e-06
tomatoes,2.1e-06,2.06e-06,1.82e-06,2.27e-06,2.43e-06,2.74e-06,2.29e-06,2.29e-06,2.08e-06
benchmark,3.455e-05,3.392e-05,3.591e-05,3.518e-05,3.43e-05,3.365e-05,3.46e-05,3.394e-05,3.424e-05
beginners,7.43e-06,7.45e-06,7.27e-06,6.67e-06,6.83e-06,7.16e-06,7.47e-06,7.64e-06,7.44e-06
instructors,1.78e-06,1.58e-06,1.82e-06,1.82e-06,1.67e-06,1.67e-06,1.83e-06,1.83e-06,1.68e-06
highlighted,7.27e-06,8.08e-06,8.18e-06,7.88e-06,8.65e-06,8.68e-06,8.99e-06,9.94e-06,7.68e-06
bedford,2.42e-06,2.22e-06,2.27e-06,2.12e-06,1.97e-06,2.13e-06,1.83e-06,1.68e-06,2.32e-06
stationery,8.1e-07,6.3e-07,6.1e-07,6.1e-07,6.1e-07,6.1e-07,9.1e-07,6.1e-07,7.2e-07
idle,1.711e-05,1.617e-05,1.561e-05,1.592e-05,1.594e-05,1.523e-05,1.509e-05,1.468e-05,1.664e-05
mustang,3.2e-07,3.2e-07,3e-07,3e-07,3e-07,4.6e-07,4.6e-07,4.6e-07,3.2e-07
unauthorized,2.293e-05,2.377e-05,2.364e-05,2.38e-05,2.474e-05,2.558e-05,2.591e-05,2.584e-05,2.335e-05
clusters,4.117e-05,4.184e-05,3.969e-05,3.836e-05,3.825e-05,3.776e-05,3.719e-05,3.639e-05,4.151e-05
antibody,1.13e-06,4.8e-07,4.5e-07,4.5e-07,4.6e-07,4.6e-07,4.6e-07,4.6e-07,8e-07
competent,1.29e-06,1.58e-06,1.67e-06,1.67e-06,1.52e-06,2.28e-06,1.98e-06,1.99e-06,1.43e-06
momentum,1.066e-05,9.67e-06,1e-05,1.077e-05,1.062e-05,1.005e-05,1.113e-05,1.086e-05,1.017e-05
fin,8.1e-07,1.27e-06,1.06e-06,1.06e-06,1.06e-06,1.07e-06,1.22e-06,1.22e-06,1.04e-06
wiring,1.647e-05,1.617e-05,1.47e-05,1.531e-05,1.579e-05,1.599e-05,1.6e-05,1.514e-05,1.632e-05
io,2.793e-05,2.932e-05,3.015e-05,2.729e-05,2.747e-05,2.649e-05,2.82e-05,2.737e-05,2.862e-05
pastor,1.61e-06,1.58e-06,1.82e-06,1.82e-06,1.82e-06,1.67e-06,1.68e-06,1.53e-06,1.59e-06
mud,5.17e-06,5.39e-06,5.15e-06,4.85e-06,4.55e-06,4.72e-06,4.42e-06,4.28e-06,5.28e-06
calvin,3.71e-06,3.01e-06,3.18e-06,3.18e-06,3.19e-06,3.2e-06,3.2e-06,3.21e-06,3.36e-06
uni,7.75e-06,7.77e-06,6.67e-06,6.67e-06,6.22e-06,5.63e-06,5.33e-06,5.05e-06,7.76e-06
shark,6.94e-06,7.45e-06,7.12e-06,7.13e-06,7.29e-06,7.46e-06,6.71e-06,6.27e-06,7.19e-06
contributor,2.406e-05,2.457e-05,2.485e-05,2.441e-05,2.52e-05,2.558e-05,2.515e-05,2.462e-05,2.432e-05
demonstrates,8.56e-06,8.88e-06,7.88e-06,7.28e-06,7.13e-06,7.31e-06,7.01e-06,7.49e-06,8.72e-06
phases,2.067e-05,2.076e-05,2.091e-05,2.108e-05,2.125e-05,2.223e-05,2.21e-05,2.14e-05,2.072e-05
grateful,3.2e-07,3.2e-07,3e-07,3e-07,3e-07,4.6e-07,4.6e-07,4.6e-07,3.2e-07
emerald,3.07e-06,3.33e-06,3.48e-06,3.34e-06,3.49e-06,2.44e-06,3.2e-06,3.21e-06,3.2e-06
gradually,2.099e-05,2.219e-05,2.318e-05,2.244e-05,2.155e-05,2.223e-05,2.256e-05,2.217e-05,2.159e-05
laughing,1.78e-06,1.58e-06,1.36e-06,1.67e-06,1.82e-06,1.67e-06,1.68e-06,1.22e-06,1.68e-06
grows,1.211e-05,1.109e-05,1.015e-05,1.031e-05,1.062e-05,1.035e-05,9.91e-06,9.94e-06,1.16e-05
cliff,7.43e-06,7.61e-06,6.82e-06,5.46e-06,5.16e-06,5.18e-06,5.18e-06,4.89e-06,7.52e-06
desirable,1.582e-05,1.522e-05,1.5e-05,1.516e-05,1.442e-05,1.477e-05,1.479e-05,1.498e-05,1.552e-05
tract,2.58e-06,2.54e-06,2.42e-06,2.27e-06,2.28e-06,2.28e-06,2.29e-06,2.14e-06,2.56e-06
ul,8.1e-07,1.58e-06,1.52e-06,1.52e-06,1.52e-06,1.52e-06,1.68e-06,1.53e-06,1.19e-06
ballet,3.2e-07,3.2e-07,4.5e-07,4.5e-07,4.6e-07,6.1e-07,6.1e-07,6.1e-07,3.2e-07
ol,3.2e-07,3.2e-07,6.1e-07,6.1e-07,6.1e-07,7.6e-07,6.1e-07,4.6e-07,3.2e-07
journalist,3.471e-05,3.566e-05,3.757e-05,3.654e-05,3.658e-05,3.67e-05,3.689e-05,3.7e-05,3.518e-05
abraham,6.78e-06,6.66e-06,6.36e-06,5.76e-06,6.07e-06,5.94e-06,5.94e-06,6.42e-06,6.72e-06
js,1.97e-05,2.14e-05,2.348e-05,2.289e-05,2.337e-05,2.162e-05,2.104e-05,2.156e-05,2.055e-05
bumper,4.8e-07,4.8e-07,4.5e-07,4.5e-07,6.1e-07,6.1e-07,6.1e-07,6.1e-07,4.8e-07
afterwards,1.372e-05,1.347e-05,1.303e-05,1.334e-05,1.29e-05,1.264e-05,1.25e-05,1.269e-05,1.36e-05
webpage,1.873e-05,1.728e-05,1.515e-05,1.471e-05,1.457e-05,1.431e-05,1.418e-05,1.468e-05,1.801e-05
religions,2.58e-06,2.38e-06,1.97e-06,1.97e-06,1.82e-06,1.67e-06,1.83e-06,1.68e-06,2.48e-06
garlic,2.1e-06,2.06e-06,2.12e-06,1.97e-06,1.97e-06,1.98e-06,1.98e-06,1.99e-06,2.08e-06
hostels,0.0,0.0,0.0,0.0,0.0,0.0,0.0,0.0,0.0
shine,3.23e-06,3.01e-06,3.18e-06,3.03e-06,1.52e-06,2.13e-06,2.13e-06,2.14e-06,3.12e-06
senegal,1.29e-06,1.27e-06,1.21e-06,1.21e-06,1.21e-06,1.22e-06,1.07e-06,1.07e-06,1.28e-06
explosion,9.04e-06,9.51e-06,9.39e-06,9.25e-06,8.96e-06,9.29e-06,9.6e-06,9.63e-06,9.28e-06
pn,7.1e-06,6.66e-06,5.76e-06,5.76e-06,4.25e-06,4.11e-06,4.12e-06,4.13e-06,6.88e-06
banned,1.259e-05,1.284e-05,1.136e-05,1.289e-05,1.351e-05,1.477e-05,1.585e-05,1.621e-05,1.271e-05
wendy,2.74e-06,3.01e-06,3.18e-06,3.03e-06,3.04e-06,3.05e-06,3.05e-06,2.9e-06,2.88e-06
briefs,1.45e-06,1.43e-06,1.36e-06,1.36e-06,1.52e-06,1.37e-06,1.37e-06,1.53e-06,1.44e-06
signatures,2.825e-05,3.043e-05,2.863e-05,2.881e-05,2.854e-05,2.847e-05,2.866e-05,2.798e-05,2.934e-05
diffs,4.8e-07,4.8e-07,4.5e-07,4.5e-07,4.6e-07,4.6e-07,4.6e-07,3.1e-07,4.8e-07
cove,1.61e-06,1.9e-06,1.97e-06,2.27e-06,2.73e-06,2.74e-06,2.59e-06,2.9e-06,1.76e-06
mumbai,9.85e-06,1.014e-05,1.151e-05,1.152e-05,1.123e-05,1.051e-05,1.006e-05,9.94e-06,1e-05
ozone,1.94e-06,1.58e-06,1.52e-06,1.97e-06,1.97e-06,1.98e-06,2.13e-06,1.99e-06,1.76e-06
disciplines,4.149e-05,4.264e-05,4.242e-05,4.291e-05,4.356e-05,4.294e-05,4.222e-05,4.311e-05,4.206e-05
casa,2.42e-06,2.38e-06,2.12e-06,2.12e-06,2.43e-06,2.59e-06,2.44e-06,2.6e-06,2.4e-06
mu,8.23e-06,8.4e-06,7.73e-06,7.43e-06,7.13e-06,7.46e-06,7.62e-06,7.64e-06,8.32e-06
daughters,2.58e-06,2.54e-06,2.73e-06,3.03e-06,3.19e-06,3.2e-06,3.35e-06,3.21e-06,2.56e-06
conversations,1.808e-05,1.854e-05,1.909e-05,2.032e-05,2.019e-05,1.979e-05,1.997e-05,1.926e-05,1.831e-05
radios,1.098e-05,1.205e-05,1.197e-05,1.183e-05,1.184e-05,1.157e-05,1.113e-05,1.131e-05,1.152e-05
tariff,2.91e-06,2.85e-06,1.52e-06,1.82e-06,1.82e-06,1.67e-06,1.68e-06,1.53e-06,2.88e-06
nvidia,5.554e-05,5.674e-05,6.151e-05,6.292e-05,6.269e-05,6.395e-05,6.493e-05,6.666e-05,5.614e-05
opponent,6.94e-06,8.08e-06,9.39e-06,9.25e-06,9.11e-06,7e-06,7.47e-06,7.64e-06,7.51e-06
pasta,1.94e-06,1.9e-06,1.67e-06,1.67e-06,1.52e-06,1.52e-06,1.52e-06,1.68e-06,1.92e-06
simplified,4.149e-05,3.899e-05,4e-05,3.927e-05,3.901e-05,3.959e-05,3.933e-05,4.021e-05,4.024e-05
muscles,6.3e-06,6.18e-06,5.91e-06,5.61e-06,5.62e-06,6.24e-06,6.25e-06,6.27e-06,6.24e-06
serum,3.2e-07,3.2e-07,3e-07,3e-07,4.6e-07,4.6e-07,4.6e-07,4.6e-07,3.2e-07
wrapped,5.97e-06,5.55e-06,5.3e-06,5.16e-06,5.16e-06,5.02e-06,5.03e-06,5.2e-06,5.76e-06
swift,1.437e-05,1.49e-05,1.818e-05,1.835e-05,1.791e-05,1.812e-05,1.982e-05,1.957e-05,1.463e-05
motherboard,3.164e-05,3.408e-05,3.151e-05,3.169e-05,3.187e-05,3.182e-05,3.079e-05,2.981e-05,3.286e-05
runtime,7.378e-05,7.56e-05,7.257e-05,7.505e-05,7.635e-05,7.842e-05,8.002e-05,8.18e-05,7.469e-05
inbox,3.07e-06,3.33e-06,3.03e-06,3.03e-06,2.58e-06,2.74e-06,2.9e-06,2.9e-06,3.2e-06
focal,8.4e-06,8.72e-06,8.64e-06,8.34e-06,8.35e-06,8.53e-06,8.38e-06,8.1e-06,8.56e-06
bibliographic,1.598e-05,1.553e-05,1.515e-05,1.547e-05,1.548e-05,1.507e-05,1.524e-05,1.529e-05,1.576e-05
vagina,1.45e-06,1.27e-06,1.21e-06,1.06e-06,1.06e-06,1.07e-06,9.1e-07,9.2e-07,1.36e-06
eden,5.65e-06,5.55e-06,6.06e-06,6.06e-06,5.92e-06,5.79e-06,5.03e-06,5.2e-06,5.6e-06
distant,1.146e-05,1.173e-05,1.167e-05,1.137e-05,1.154e-05,1.142e-05,1.113e-05,1.147e-05,1.159e-05
incl,4.8e-07,6.3e-07,6.1e-07,7.6e-07,7.6e-07,7.6e-07,7.6e-07,7.6e-07,5.5e-07
champagne,1.6e-07,1.6e-07,1.5e-07,1.5e-07,1.5e-07,1.5e-07,1.5e-07,1.5e-07,1.6e-07
ala,1.61e-06,1.11e-06,1.06e-06,1.06e-06,1.06e-06,1.07e-06,9.1e-07,9.2e-07,1.36e-06
decimal,4.02e-05,4.184e-05,4.121e-05,3.972e-05,3.916e-05,3.989e-05,4.024e-05,4.006e-05,4.102e-05
hq,3.23e-06,3.17e-06,4.39e-06,4.7e-06,4.86e-06,5.33e-06,4.73e-06,4.28e-06,3.2e-06
deviation,7.1e-06,6.97e-06,6.36e-06,6.37e-06,6.53e-06,6.55e-06,6.25e-06,6.12e-06,7.03e-06
superintendent,6.5e-07,7.9e-07,7.6e-07,7.6e-07,7.6e-07,7.6e-07,7.6e-07,7.6e-07,7.2e-07
propecia,0.0,0.0,0.0,0.0,0.0,0.0,0.0,0.0,0.0
dip,6.3e-06,7.13e-06,6.97e-06,7.13e-06,7.13e-06,7.46e-06,6.86e-06,6.88e-06,6.72e-06
nbc,1.179e-05,1.157e-05,1.273e-05,1.228e-05,1.245e-05,1.172e-05,1.189e-05,1.193e-05,1.168e-05
samba,3.71e-06,3.65e-06,3.48e-06,3.49e-06,3.64e-06,3.65e-06,4.27e-06,4.43e-06,3.68e-06
hostel,3.2e-07,3.2e-07,4.5e-07,3e-07,3e-07,4.6e-07,4.6e-07,6.1e-07,3.2e-07
housewives,0.0,0.0,0.0,1.5e-07,1.5e-07,1.5e-07,1.5e-07,1.5e-07,0.0
employ,2.696e-05,2.679e-05,2.651e-05,2.744e-05,2.778e-05,2.863e-05,2.866e-05,2.89e-05,2.687e-05
mongolia,2.74e-06,2.54e-06,2.42e-06,2.27e-06,2.28e-06,2.59e-06,2.59e-06,2.75e-06,2.64e-06
penguin,7.59e-06,7.77e-06,8.03e-06,7.88e-06,7.74e-06,7.77e-06,7.77e-06,7.8e-06,7.68e-06
magical,7.1e-06,7.45e-06,7.73e-06,8.19e-06,8.04e-06,8.53e-06,8.54e-06,8.56e-06,7.27e-06
influences,1.114e-05,1.173e-05,1.182e-05,1.137e-05,1.154e-05,1.233e-05,1.235e-05,1.223e-05,1.143e-05
inspections,2.26e-06,1.74e-06,1.97e-06,1.97e-06,1.67e-06,1.67e-06,1.83e-06,1.83e-06,2e-06
irrigation,3.23e-06,3.49e-06,3.33e-06,3.34e-06,3.04e-06,3.2e-06,3.2e-06,3.21e-06,3.36e-06
miracle,2.74e-06,2.69e-06,2.58e-06,2.43e-06,2.28e-06,2.28e-06,2.29e-06,2.45e-06,2.72e-06
manually,3.729e-05,3.582e-05,3.5e-05,3.472e-05,3.491e-05,3.395e-05,3.43e-05,3.562e-05,3.655e-05
reprint,2.91e-06,2.69e-06,2.73e-06,2.58e-06,2.88e-06,2.89e-06,2.9e-06,2.9e-06,2.8e-06
reid,3.71e-06,3.65e-06,3.94e-06,3.79e-06,4.4e-06,4.26e-06,4.12e-06,4.43e-06,3.68e-06
wt,1.13e-06,9.5e-07,1.82e-06,1.82e-06,9.1e-07,1.22e-06,1.22e-06,1.22e-06,1.04e-06
hydraulic,4.68e-06,4.6e-06,5e-06,4.85e-06,5.31e-06,5.48e-06,5.49e-06,5.5e-06,4.64e-06
centered,3.439e-05,3.408e-05,3.424e-05,3.502e-05,3.476e-05,3.456e-05,3.491e-05,3.364e-05,3.424e-05
robertson,7.91e-06,7.92e-06,7.88e-06,7.58e-06,7.59e-06,7.92e-06,7.47e-06,7.19e-06,7.92e-06
flex,1.534e-05,1.617e-05,1.53e-05,1.38e-05,1.396e-05,1.386e-05,1.372e-05,1.376e-05,1.576e-05
yearly,1.292e-05,1.331e-05,1.258e-05,1.274e-05,1.245e-05,1.233e-05,1.265e-05,1.3e-05,1.311e-05
penetration,1.76e-05,1.728e-05,1.803e-05,1.789e-05,1.882e-05,1.919e-05,1.921e-05,1.896e-05,1.744e-05
wound,3.39e-06,3.33e-06,3.48e-06,3.03e-06,3.79e-06,3.81e-06,3.66e-06,3.67e-06,3.36e-06
belle,1.61e-06,1.58e-06,1.82e-06,1.82e-06,1.52e-06,1.37e-06,1.52e-06,1.53e-06,1.59e-06
rosa,5.81e-06,5.71e-06,5.45e-06,5.46e-06,5.31e-06,5.48e-06,5.33e-06,5.35e-06,5.76e-06
conviction,4.52e-06,4.6e-06,4.7e-06,5.16e-06,5.16e-06,5.48e-06,5.94e-06,6.27e-06,4.56e-06
hash,9.057e-05,8.781e-05,8.575e-05,8.582e-05,8.561e-05,8.572e-05,8.597e-05,8.745e-05,8.919e-05
omissions,1.45e-06,1.11e-06,1.36e-06,1.52e-06,1.52e-06,1.52e-06,1.52e-06,1.53e-06,1.28e-06
writings,1.033e-05,1.046e-05,9.7e-06,1.001e-05,9.71e-06,9.74e-06,9.91e-06,1.024e-05,1.039e-05
hamburg,9.53e-06,9.03e-06,9.54e-06,9.4e-06,8.65e-06,8.37e-06,8.54e-06,7.49e-06,9.28e-06
lazy,1.534e-05,1.633e-05,1.47e-05,1.425e-05,1.396e-05,1.386e-05,1.311e-05,1.361e-05,1.584e-05
mv,4.84e-06,4.75e-06,4.55e-06,4.09e-06,3.79e-06,4.26e-06,3.96e-06,3.82e-06,4.8e-06
mpg,1.78e-06,1.74e-06,1.52e-06,1.36e-06,1.37e-06,1.37e-06,1.37e-06,1.53e-06,1.76e-06
retrieval,7.782e-05,7.861e-05,7.954e-05,7.657e-05,7.665e-05,7.781e-05,7.667e-05,7.644e-05,7.821e-05
qualities,9.04e-06,9.19e-06,9.09e-06,8.79e-06,8.35e-06,8.53e-06,8.69e-06,8.71e-06,9.11e-06
cindy,1.78e-06,1.58e-06,1.52e-06,1.67e-06,1.52e-06,1.52e-06,1.37e-06,1.38e-06,1.68e-06
lolita,1.45e-06,1.43e-06,1.36e-06,1.36e-06,1.37e-06,1.37e-06,1.37e-06,1.38e-06,1.44e-06
fathers,3.23e-06,3.49e-06,3.48e-06,3.94e-06,3.79e-06,3.81e-06,3.81e-06,3.67e-06,3.36e-06
carb,0.0,0.0,0.0,0.0,0.0,0.0,0.0,0.0,0.0
charging,1.388e-05,1.411e-05,1.47e-05,1.41e-05,1.412e-05,1.431e-05,1.479e-05,1.468e-05,1.4e-05
cas,1.211e-05,1.173e-05,1.167e-05,1.243e-05,1.29e-05,1.325e-05,1.326e-05,1.315e-05,1.192e-05
marvel,1.889e-05,1.902e-05,2.197e-05,2.32e-05,2.262e-05,2.284e-05,2.317e-05,2.37e-05,1.896e-05
lined,1.94e-06,2.06e-06,2.27e-06,2.27e-06,2.28e-06,2.13e-06,1.83e-06,1.68e-06,2e-06
cio,7.1e-06,6.97e-06,6.97e-06,6.97e-06,6.37e-06,5.94e-06,5.79e-06,5.66e-06,7.03e-06
dow,5e-06,4.75e-06,5.45e-06,5.16e-06,5.01e-06,5.48e-06,5.03e-06,5.05e-06,4.87e-06
prototype,5.005e-05,4.913e-05,5.045e-05,4.928e-05,4.903e-05,4.796e-05,4.817e-05,4.862e-05,4.959e-05
importantly,6.78e-06,7.45e-06,6.97e-06,6.97e-06,6.68e-06,6.7e-06,6.55e-06,6.57e-06,7.12e-06
rb,9.7e-07,7.9e-07,1.21e-06,1.52e-06,1.67e-06,1.52e-06,1.37e-06,1.53e-06,8.8e-07
petite,9.7e-07,7.9e-07,7.6e-07,7.6e-07,7.6e-07,7.6e-07,7.6e-07,1.5e-07,8.8e-07
apparatus,7.1e-06,7.13e-06,6.51e-06,7.13e-06,7.13e-06,6.55e-06,6.25e-06,6.57e-06,7.12e-06
upc,6.62e-06,6.5e-06,6.36e-06,6.22e-06,6.07e-06,5.94e-06,5.94e-06,6.12e-06,6.56e-06
terrain,1.501e-05,1.426e-05,1.5e-05,1.486e-05,1.503e-05,1.462e-05,1.479e-05,1.498e-05,1.464e-05
dui,1.6e-07,1.6e-07,1.5e-07,1.5e-07,1.5e-07,1.5e-07,1.5e-07,1.5e-07,1.6e-07
pens,2.58e-06,2.54e-06,2.27e-06,2.12e-06,2.12e-06,2.13e-06,2.13e-06,2.14e-06,2.56e-06
explaining,1.066e-05,9.83e-06,1.121e-05,1.107e-05,1.062e-05,1.066e-05,9.76e-06,1.009e-05,1.025e-05
yen,6.14e-06,6.34e-06,6.36e-06,6.37e-06,6.07e-06,6.55e-06,7.16e-06,6.12e-06,6.24e-06
strips,9.2e-06,8.88e-06,9.09e-06,8.19e-06,8.2e-06,8.37e-06,8.38e-06,8.1e-06,9.04e-06
gossip,4.68e-06,4.44e-06,4.55e-06,4.55e-06,4.86e-06,4.11e-06,3.96e-06,4.13e-06,4.56e-06
rangers,2.1e-06,2.06e-06,2.42e-06,2.88e-06,2.58e-06,2.44e-06,2.44e-06,2.45e-06,2.08e-06
nomination,6.62e-06,6.66e-06,6.67e-06,7.13e-06,6.83e-06,6.85e-06,7.93e-06,7.34e-06,6.64e-06
empirical,2.567e-05,2.504e-05,2.47e-05,2.562e-05,2.535e-05,2.558e-05,2.607e-05,2.492e-05,2.536e-05
mh,1.13e-06,1.11e-06,1.36e-06,1.36e-06,1.37e-06,1.37e-06,1.37e-06,1.22e-06,1.12e-06
rotary,2.91e-06,2.85e-06,2.73e-06,2.58e-06,2.88e-06,2.59e-06,2.59e-06,2.45e-06,2.88e-06
worm,4.601e-05,4.485e-05,4.394e-05,4.503e-05,4.356e-05,4.294e-05,4.177e-05,4.113e-05,4.543e-05
dependence,1.566e-05,1.617e-05,1.5e-05,1.516e-05,1.503e-05,1.507e-05,1.418e-05,1.407e-05,1.591e-05
discrete,0.00014127,0.00014281,0.0001456,0.00014434,0.00014146,0.00014115,0.00014267,0.00014509,0.00014204
beginner,3.07e-06,3.49e-06,3.33e-06,3.34e-06,3.19e-06,3.35e-06,3.51e-06,3.21e-06,3.28e-06
boxed,1.78e-06,1.9e-06,1.82e-06,1.82e-06,1.82e-06,1.83e-06,1.98e-06,2.14e-06,1.84e-06
lid,1.78e-06,2.22e-06,3.18e-06,3.18e-06,2.28e-06,1.83e-06,1.68e-06,1.53e-06,2e-06
sexuality,2.74e-06,3.01e-06,3.33e-06,3.03e-06,3.04e-06,2.74e-06,2.9e-06,2.75e-06,2.88e-06
polyester,3.2e-07,3.2e-07,3e-07,3e-07,3e-07,3e-07,3e-07,3.1e-07,3.2e-07
cubic,1.114e-05,1.03e-05,1.015e-05,1.031e-05,1.047e-05,1.035e-05,1.021e-05,1.04e-05,1.072e-05
deaf,3.71e-06,3.65e-06,3.79e-06,3.64e-06,3.64e-06,3.65e-06,3.66e-06,3.67e-06,3.68e-06
commitments,2.1e-06,2.54e-06,2.58e-06,2.58e-06,3.04e-06,3.05e-06,2.9e-06,2.6e-06,2.32e-06
suggesting,7.43e-06,7.92e-06,8.94e-06,8.79e-06,8.8e-06,8.22e-06,8.23e-06,8.41e-06,7.68e-06
sapphire,4.2e-06,4.91e-06,5.76e-06,5.61e-06,6.22e-06,5.94e-06,5.94e-06,5.81e-06,4.55e-06
kinase,1.6e-07,1.6e-07,1.5e-07,1.5e-07,1.5e-07,1.5e-07,1.5e-07,3.1e-07,1.6e-07
skirts,0.0,1.6e-07,1.5e-07,1.5e-07,4.6e-07,4.6e-07,6.1e-07,6.1e-07,8e-08
mats,8.1e-07,7.9e-07,7.6e-07,7.6e-07,6.1e-07,7.6e-07,7.6e-07,7.6e-07,8e-07
remainder,1.162e-05,1.125e-05,1.106e-05,1.061e-05,9.87e-06,9.9e-06,9.45e-06,9.63e-06,1.144e-05
crawford,2.26e-06,3.01e-06,3.18e-06,2.27e-06,2.28e-06,2.44e-06,2.29e-06,2.6e-06,2.64e-06
labeled,2.696e-05,2.821e-05,2.757e-05,2.744e-05,2.671e-05,2.665e-05,2.728e-05,2.798e-05,2.759e-05
privileges,1.485e-05,1.474e-05,1.424e-05,1.683e-05,1.351e-05,1.309e-05,1.296e-05,1.193e-05,1.479e-05
televisions,1.227e-05,1.284e-05,1.197e-05,1.198e-05,1.214e-05,1.218e-05,1.189e-05,1.223e-05,1.256e-05
specializing,4.391e-05,4.913e-05,5.439e-05,5.428e-05,5.297e-05,5.207e-05,5.228e-05,5.229e-05,4.652e-05
marking,1.033e-05,1.078e-05,1.091e-05,1.077e-05,1.078e-05,1.157e-05,1.265e-05,1.254e-05,1.055e-05
commodities,4.04e-06,3.96e-06,3.64e-06,3.79e-06,3.64e-06,3.96e-06,3.66e-06,3.67e-06,4e-06
pvc,4.8e-07,4.8e-07,3e-07,3e-07,3e-07,6.1e-07,6.1e-07,6.1e-07,4.8e-07
serbia,9.85e-06,1.03e-05,1e-05,1.016e-05,1.032e-05,1.035e-05,1.052e-05,1.162e-05,1.008e-05
sheriff,2.42e-06,2.22e-06,2.12e-06,2.43e-06,2.73e-06,2.89e-06,2.74e-06,2.75e-06,2.32e-06
griffin,1.94e-06,1.27e-06,1.97e-06,1.82e-06,2.12e-06,1.98e-06,1.83e-06,1.83e-06,1.6e-06
declined,8.88e-06,9.67e-06,9.85e-06,9.7e-06,1.017e-05,1.005e-05,1.113e-05,1.162e-05,9.28e-06
guyana,6.5e-07,4.8e-07,4.5e-07,4.5e-07,6.1e-07,6.1e-07,6.1e-07,7.6e-07,5.6e-07
spies,4.52e-06,4.12e-06,4.09e-06,3.79e-06,4.1e-06,4.11e-06,4.27e-06,4.28e-06,4.32e-06
blah,1.6e-07,1.6e-07,1.5e-07,1.5e-07,1.5e-07,1.5e-07,1.5e-07,0.0,1.6e-07
mime,8.23e-06,8.08e-06,8.33e-06,8.64e-06,8.65e-06,8.37e-06,7.93e-06,7.8e-06,8.16e-06
neighbor,2.228e-05,2.156e-05,1.985e-05,2.062e-05,2.201e-05,2.208e-05,2.149e-05,2.171e-05,2.192e-05
motorcycles,8.1e-07,7.9e-07,7.6e-07,7.6e-07,9.1e-07,9.1e-07,9.1e-07,9.2e-07,8e-07
elect,2.42e-06,2.22e-06,2.12e-06,2.88e-06,2.12e-06,1.98e-06,1.83e-06,1.83e-06,2.32e-06
highways,2.42e-06,2.54e-06,2.58e-06,2.58e-06,2.58e-06,2.74e-06,3.05e-06,2.9e-06,2.48e-06
thinkpad,8.56e-06,8.24e-06,1.273e-05,1.243e-05,1.336e-05,1.325e-05,1.326e-05,1.284e-05,8.4e-06
concentrate,5.49e-06,5.39e-06,5.3e-06,5.16e-06,5.16e-06,5.18e-06,5.18e-06,5.35e-06,5.44e-06
intimate,2.26e-06,2.38e-06,2.73e-06,2.43e-06,2.12e-06,1.98e-06,2.13e-06,2.14e-06,2.32e-06
reproductive,2.1e-06,2.22e-06,1.97e-06,2.73e-06,2.73e-06,2.59e-06,2.9e-06,2.6e-06,2.16e-06
preston,2.74e-06,2.69e-06,2.58e-06,2.73e-06,2.73e-06,2.74e-06,2.44e-06,2.45e-06,2.72e-06
deadly,6.14e-06,5.86e-06,5.76e-06,5.46e-06,5.46e-06,5.33e-06,5.33e-06,5.2e-06,6e-06
cunt,0.0,0.0,0.0,0.0,0.0,0.0,0.0,0.0,0.0
feof,0.0,0.0,0.0,0.0,0.0,0.0,0.0,0.0,0.0
bunny,3.07e-06,2.54e-06,2.42e-06,3.03e-06,3.49e-06,2.89e-06,2.9e-06,2.9e-06,2.8e-06
chevy,3.2e-07,3.2e-07,3e-07,3e-07,4.6e-07,4.6e-07,4.6e-07,4.6e-07,3.2e-07
molecules,3.471e-05,3.455e-05,3.424e-05,3.502e-05,3.4e-05,3.487e-05,3.384e-05,3.364e-05,3.463e-05
rounds,1.97e-05,1.886e-05,1.879e-05,1.88e-05,1.867e-05,1.888e-05,2.027e-05,2.003e-05,1.928e-05
longest,2.68e-05,2.694e-05,2.757e-05,2.835e-05,2.793e-05,2.832e-05,2.896e-05,2.981e-05,2.687e-05
refrigerator,1.45e-06,1.43e-06,1.36e-06,1.06e-06,1.06e-06,9.1e-07,9.1e-07,9.2e-07,1.44e-06
tions,0.0,0.0,0.0,0.0,0.0,0.0,0.0,0.0,0.0
intervals,1.921e-05,1.886e-05,1.864e-05,1.835e-05,1.867e-05,1.934e-05,1.966e-05,2.018e-05,1.903e-05
sentences,2.519e-05,2.583e-05,2.591e-05,2.547e-05,2.565e-05,2.726e-05,2.744e-05,2.645e-05,2.551e-05
dentists,6.5e-07,6.3e-07,3e-07,3e-07,3e-07,3e-07,3e-07,3.1e-07,6.4e-07
usda,1.61e-06,1.74e-06,1.97e-06,1.97e-06,1.82e-06,1.67e-06,1.68e-06,1.38e-06,1.68e-06
exclusion,1.259e-05,1.22e-05,1.121e-05,1.092e-05,1.108e-05,1.051e-05,1.067e-05,1.086e-05,1.239e-05
workstation,4.553e-05,4.565e-05,4.53e-05,4.549e-05,4.538e-05,4.553e-05,4.588e-05,4.724e-05,4.559e-05
holocaust,3.87e-06,3.96e-06,4.09e-06,3.94e-06,3.95e-06,3.96e-06,3.96e-06,4.13e-06,3.92e-06
keen,8.07e-06,8.4e-06,8.18e-06,7.73e-06,7.89e-06,8.37e-06,8.38e-06,8.41e-06,8.23e-06
flyer,1.78e-06,2.22e-06,2.27e-06,1.36e-06,1.37e-06,1.67e-06,1.83e-06,1.68e-06,2e-06
peas,0.0,0.0,0.0,0.0,0.0,1.5e-07,0.0,0.0,0.0
dosage,9.7e-07,9.5e-07,9.1e-07,7.6e-07,7.6e-07,7.6e-07,7.6e-07,7.6e-07,9.6e-07
receivers,2.067e-05,2.14e-05,2.015e-05,2.032e-05,2.064e-05,2.01e-05,1.936e-05,1.942e-05,2.103e-05
urls,1.049e-05,1.094e-05,1.121e-05,1.077e-05,1.062e-05,1.02e-05,9.91e-06,1.009e-05,1.071e-05
customise,8.1e-07,7.9e-07,6.1e-07,6.1e-07,6.1e-07,6.1e-07,6.1e-07,6.1e-07,8e-07
disposition,1.13e-06,1.11e-06,1.06e-06,9.1e-07,9.1e-07,9.1e-07,1.07e-06,1.07e-06,1.12e-06
variance,1.243e-05,1.316e-05,1.318e-05,1.213e-05,1.214e-05,1.218e-05,1.235e-05,1.269e-05,1.279e-05
navigator,1.195e-05,1.205e-05,1.121e-05,1.122e-05,1.138e-05,1.127e-05,1.113e-05,1.116e-05,1.2e-05
investigators,8.23e-06,8.88e-06,9.7e-06,9.1e-06,8.96e-06,8.68e-06,8.38e-06,7.8e-06,8.56e-06
cameroon,1.13e-06,1.27e-06,1.36e-06,1.06e-06,1.06e-06,1.22e-06,9.1e-07,9.2e-07,1.2e-06
baking,3.2e-07,1.6e-07,1.5e-07,3e-07,1.5e-07,1.5e-07,1.5e-07,1.5e-07,2.4e-07
marijuana,2.26e-06,3.01e-06,3.03e-06,2.88e-06,2.88e-06,2.44e-06,2.44e-06,2.29e-06,2.64e-06
adaptive,6.684e-05,6.784e-05,6.833e-05,6.884e-05,6.891e-05,6.852e-05,6.874e-05,6.849e-05,6.734e-05
computed,5.199e-05,5.199e-05,5.106e-05,5.216e-05,5.252e-05,5.162e-05,5.167e-05,5.122e-05,5.199e-05
needle,1.29e-06,1.43e-06,1.36e-06,1.21e-06,1.52e-06,1.52e-06,1.68e-06,1.53e-06,1.36e-06
baths,1.6e-07,1.6e-07,1.5e-07,1.5e-07,1.5e-07,1.5e-07,1.5e-07,1.5e-07,1.6e-07
enb,4.8e-07,4.8e-07,4.5e-07,4.5e-07,4.6e-07,4.6e-07,4.6e-07,4.6e-07,4.8e-07
gg,2.1e-06,2.06e-06,1.67e-06,1.67e-06,1.52e-06,1.67e-06,1.52e-06,1.83e-06,2.08e-06
cathedral,2.58e-06,2.85e-06,2.42e-06,2.43e-06,2.43e-06,2.44e-06,2.59e-06,2.6e-06,2.71e-06
brakes,1.6e-07,1.6e-07,1.5e-07,1.5e-07,1.5e-07,1.5e-07,1.5e-07,1.5e-07,1.6e-07
og,1.13e-06,1.11e-06,1.36e-06,1.36e-06,1.52e-06,1.22e-06,1.22e-06,1.22e-06,1.12e-06
nirvana,0.0,0.0,0.0,0.0,0.0,0.0,0.0,0.0,0.0
ko,1.78e-06,1.9e-06,1.82e-06,2.73e-06,3.04e-06,2.89e-06,2.44e-06,2.29e-06,1.84e-06
fairfield,1.45e-06,1.43e-06,1.36e-06,1.36e-06,1.37e-06,1.37e-06,1.37e-06,1.38e-06,1.44e-06
owns,2.422e-05,2.362e-05,2.5e-05,2.532e-05,2.444e-05,2.467e-05,2.363e-05,2.446e-05,2.392e-05
til,8.1e-07,7.9e-07,1.06e-06,1.21e-06,1.21e-06,1.07e-06,9.1e-07,9.2e-07,8e-07
invision,0.0,0.0,1.5e-07,1.5e-07,1.5e-07,1.5e-07,1.5e-07,1.5e-07,0.0
sticky,4.04e-06,4.12e-06,3.94e-06,3.94e-06,3.49e-06,3.35e-06,3.66e-06,2.75e-06,4.08e-06
destiny,6.62e-06,6.97e-06,6.67e-06,7.28e-06,6.83e-06,6.7e-06,7.16e-06,7.03e-06,6.8e-06
generous,1.13e-06,1.11e-06,7.6e-07,7.6e-07,7.6e-07,6.1e-07,9.1e-07,1.07e-06,1.12e-06
madness,5.17e-06,5.71e-06,5.45e-06,5.61e-06,5.46e-06,6.09e-06,6.4e-06,6.42e-06,5.44e-06
emacs,2.083e-05,1.918e-05,1.697e-05,1.622e-05,1.563e-05,1.477e-05,1.418e-05,1.407e-05,2e-05
climb,2.1e-06,2.54e-06,2.88e-06,3.03e-06,3.04e-06,3.2e-06,3.51e-06,3.52e-06,2.32e-06
blowing,2.1e-06,2.54e-06,2.42e-06,1.97e-06,2.28e-06,2.59e-06,2.29e-06,2.14e-06,2.32e-06
fascinating,9.7e-07,7.9e-07,6.1e-07,7.6e-07,9.1e-07,6.1e-07,6.1e-07,6.1e-07,8.8e-07
landscapes,5.33e-06,5.55e-06,5.61e-06,5.76e-06,5.77e-06,5.63e-06,6.25e-06,6.12e-06,5.44e-06
heated,2.26e-06,2.22e-06,2.12e-06,2.27e-06,2.28e-06,2.44e-06,2.44e-06,2.45e-06,2.24e-06
lafayette,1.94e-06,2.22e-06,2.42e-06,2.58e-06,2.73e-06,2.74e-06,2.74e-06,2.45e-06,2.08e-06
jackie,3.87e-06,3.8e-06,3.64e-06,4.4e-06,4.25e-06,4.11e-06,4.57e-06,4.43e-06,3.83e-06
wto,6.5e-07,4.8e-07,4.5e-07,7.6e-07,9.1e-07,1.07e-06,1.07e-06,1.22e-06,5.6e-07
computation,0.0002002,0.00020129,0.00019878,0.00019923,0.00019823,0.00019855,0.00019633,0.00019906,0.00020075
hay,3.55e-06,3.33e-06,3.03e-06,2.88e-06,2.73e-06,2.74e-06,2.74e-06,2.75e-06,3.44e-06
cardiovascular,2.1e-06,2.06e-06,2.27e-06,2.12e-06,2.28e-06,2.59e-06,2.29e-06,2.14e-06,2.08e-06
ww,1.61e-06,1.58e-06,1.52e-06,1.67e-06,1.67e-06,1.83e-06,1.83e-06,1.83e-06,1.59e-06
sparc,2.083e-05,2.092e-05,2.015e-05,2.062e-05,2.095e-05,2.071e-05,2.088e-05,2.079e-05,2.087e-05
cardiac,6.62e-06,6.34e-06,6.36e-06,6.37e-06,6.68e-06,7e-06,6.86e-06,6.88e-06,6.48e-06
salvation,1.29e-06,1.27e-06,1.52e-06,1.67e-06,1.67e-06,1.83e-06,1.52e-06,1.83e-06,1.28e-06
dover,2.42e-06,2.06e-06,1.97e-06,1.97e-06,1.97e-06,1.83e-06,1.83e-06,1.83e-06,2.24e-06
adrian,9.69e-06,9.83e-06,8.79e-06,8.64e-06,8.65e-06,8.37e-06,8.69e-06,8.56e-06,9.76e-06
predictions,2.212e-05,2.124e-05,2.121e-05,2.168e-05,2.171e-05,2.238e-05,2.317e-05,2.309e-05,2.168e-05
accompanying,1.372e-05,1.316e-05,1.364e-05,1.41e-05,1.396e-05,1.294e-05,1.25e-05,1.223e-05,1.344e-05
vatican,1.94e-06,2.69e-06,2.73e-06,2.73e-06,2.88e-06,3.05e-06,3.05e-06,2.9e-06,2.31e-06
brutal,9.7e-07,6.3e-07,7.6e-07,7.6e-07,9.1e-07,9.1e-07,7.6e-07,7.6e-07,8e-07
learners,6.3e-06,6.5e-06,6.67e-06,6.22e-06,6.07e-06,6.4e-06,6.55e-06,6.88e-06,6.4e-06
gd,4.04e-06,4.12e-06,4.09e-06,3.94e-06,3.79e-06,4.11e-06,3.81e-06,2.45e-06,4.08e-06
selective,1.308e-05,1.316e-05,1.273e-05,1.198e-05,1.184e-05,1.172e-05,1.204e-05,1.193e-05,1.312e-05
arbitration,4.84e-06,5.23e-06,5.61e-06,5.76e-06,5.62e-06,5.33e-06,5.03e-06,5.2e-06,5.04e-06
configuring,7.43e-06,7.13e-06,7.12e-06,6.37e-06,6.37e-06,6.09e-06,6.25e-06,6.12e-06,7.28e-06
token,3.552e-05,3.645e-05,3.576e-05,3.442e-05,3.446e-05,3.563e-05,3.658e-05,3.593e-05,3.599e-05
editorials,2.91e-06,3.17e-06,3.18e-06,2.88e-06,3.04e-06,3.05e-06,2.74e-06,2.45e-06,3.04e-06
zinc,4.8e-07,4.8e-07,7.6e-07,7.6e-07,7.6e-07,7.6e-07,6.1e-07,7.6e-07,4.8e-07
sacrifice,9.7e-07,1.58e-06,1.67e-06,1.82e-06,1.82e-06,1.83e-06,1.52e-06,1.38e-06,1.28e-06
seekers,2.42e-06,2.85e-06,2.88e-06,2.58e-06,2.73e-06,2.74e-06,2.44e-06,2.6e-06,2.64e-06
guru,4.68e-06,4.44e-06,4.55e-06,4.25e-06,4.25e-06,3.81e-06,3.81e-06,4.13e-06,4.56e-06
isa,3.39e-05,3.566e-05,4.091e-05,4.276e-05,4.311e-05,4.37e-05,4.405e-05,4.25e-05,3.478e-05
removable,1.614e-05,1.537e-05,1.591e-05,1.683e-05,1.609e-05,1.629e-05,1.6e-05,1.636e-05,1.576e-05
convergence,3.649e-05,3.677e-05,3.651e-05,3.669e-05,3.81e-05,3.715e-05,3.826e-05,4.082e-05,3.663e-05
yields,1.663e-05,1.617e-05,1.606e-05,1.622e-05,1.685e-05,1.614e-05,1.54e-05,1.559e-05,1.64e-05
gibraltar,2.1e-06,2.22e-06,2.27e-06,2.27e-06,2.12e-06,2.44e-06,2.74e-06,2.6e-06,2.16e-06
levy,8.4e-06,7.77e-06,7.42e-06,7.28e-06,7.13e-06,6.85e-06,6.86e-06,7.19e-06,8.08e-06
suited,3.132e-05,3.043e-05,3.076e-05,3.123e-05,3.051e-05,2.984e-05,2.942e-05,3.012e-05,3.087e-05
numeric,2.842e-05,2.821e-05,2.818e-05,2.775e-05,2.808e-05,2.832e-05,2.866e-05,2.935e-05,2.831e-05
anthropology,1.001e-05,9.99e-06,9.85e-06,1.031e-05,1.017e-05,9.74e-06,9.45e-06,9.17e-06,1e-05
skating,9.7e-07,1.11e-06,9.1e-07,7.6e-07,7.6e-07,6.1e-07,6.1e-07,6.1e-07,1.04e-06
kinda,0.0,0.0,0.0,0.0,1.5e-07,1.5e-07,1.5e-07,1.5e-07,0.0
aberdeen,4.84e-06,4.91e-06,4.85e-06,4.7e-06,4.55e-06,4.42e-06,4.73e-06,4.59e-06,4.87e-06
emperor,3.23e-06,3.17e-06,3.48e-06,3.49e-06,3.49e-06,3.96e-06,4.12e-06,4.13e-06,3.2e-06
grad,1.13e-06,1.11e-06,7.6e-07,7.6e-07,7.6e-07,7.6e-07,9.1e-07,9.2e-07,1.12e-06
malpractice,6.5e-07,3.2e-07,3e-07,3e-07,3e-07,6.1e-07,1.5e-07,1.5e-07,4.9e-07
dylan,6.14e-06,6.34e-06,6.51e-06,5.91e-06,6.07e-06,5.94e-06,5.64e-06,5.66e-06,6.24e-06
bras,4.8e-07,4.8e-07,1.21e-06,1.36e-06,1.37e-06,1.37e-06,1.5e-07,1.5e-07,4.8e-07
belts,2.1e-06,2.22e-06,2.12e-06,2.12e-06,2.12e-06,2.13e-06,2.13e-06,2.14e-06,2.16e-06
blacks,4.8e-07,6.3e-07,7.6e-07,1.06e-06,7.6e-07,7.6e-07,7.6e-07,7.6e-07,5.5e-07
educated,1.614e-05,1.585e-05,1.454e-05,1.395e-05,1.336e-05,1.157e-05,1.128e-05,1.101e-05,1.599e-05
rebates,6.5e-07,6.3e-07,1.5e-07,3e-07,4.6e-07,4.6e-07,1.5e-07,1.5e-07,6.4e-07
reporters,1.098e-05,1.062e-05,1.015e-05,1.031e-05,1.032e-05,1.035e-05,1.037e-05,1.04e-05,1.08e-05
burke,2.26e-06,2.69e-06,3.03e-06,2.88e-06,3.34e-06,3.35e-06,2.9e-06,2.75e-06,2.48e-06
proudly,1.6e-07,1.6e-07,1.5e-07,1.5e-07,1.5e-07,3e-07,3e-07,1.5e-07,1.6e-07
pix,3.07e-06,3.17e-06,2.73e-06,2.73e-06,2.73e-06,3.05e-06,3.05e-06,2.75e-06,3.12e-06
necessity,1.098e-05,1.078e-05,1.106e-05,1.107e-05,1.062e-05,1.066e-05,1.021e-05,9.63e-06,1.088e-05
rendering,0.00011802,0.00011776,0.00011636,0.00011538,0.00011687,0.00011648,0.00011889,0.00011987,0.00011789
mic,4.2e-06,4.28e-06,4.39e-06,4.4e-06,4.25e-06,4.11e-06,4.42e-06,4.28e-06,4.24e-06
inserted,2.018e-05,1.997e-05,1.985e-05,1.986e-05,2.019e-05,2.147e-05,2.058e-05,2.018e-05,2.008e-05
pulling,2.91e-06,2.85e-06,2.88e-06,2.58e-06,2.58e-06,2.44e-06,2.44e-06,2.45e-06,2.88e-06
basename,1.6e-07,1.6e-07,1.5e-07,1.5e-07,1.5e-07,1.5e-07,1.5e-07,1.5e-07,1.6e-07
kyle,3.39e-06,3.33e-06,3.48e-06,3.79e-06,3.95e-06,3.81e-06,3.96e-06,3.98e-06,3.36e-06
obesity,1.78e-06,1.74e-06,1.67e-06,1.36e-06,1.37e-06,1.37e-06,1.37e-06,1.53e-06,1.76e-06
curves,3.762e-05,3.851e-05,3.742e-05,3.791e-05,3.84e-05,3.791e-05,3.826e-05,3.929e-05,3.807e-05
suburban,2.91e-06,2.85e-06,2.73e-06,2.43e-06,2.73e-06,2.28e-06,2.29e-06,2.29e-06,2.88e-06
touring,2.26e-06,2.54e-06,2.12e-06,1.82e-06,1.67e-06,1.83e-06,1.83e-06,1.83e-06,2.4e-06
clara,2.325e-05,2.298e-05,2.227e-05,2.198e-05,2.201e-05,2.193e-05,2.21e-05,2.217e-05,2.311e-05
vertex,0.0001064,0.0001016,0.00010196,0.00010401,0.00010276,0.00010278,0.00010457,0.00010641,0.000104
bw,3.55e-06,3.65e-06,2.73e-06,3.03e-06,3.04e-06,2.59e-06,2.59e-06,2.6e-06,3.6e-06
hepatitis,1.6e-07,1.6e-07,1.5e-07,1.5e-07,1.5e-07,1.5e-07,1.5e-07,1.5e-07,1.6e-07
nationally,7.27e-06,6.97e-06,6.67e-06,6.52e-06,6.68e-06,6.55e-06,6.25e-06,6.42e-06,7.12e-06
tomato,2.91e-06,1.9e-06,2.27e-06,2.43e-06,2.43e-06,2.59e-06,2.59e-06,2.75e-06,2.4e-06
andorra,1.29e-06,1.27e-06,1.06e-06,1.06e-06,1.21e-06,1.07e-06,1.37e-06,1.38e-06,1.28e-06
waterproof,8.1e-07,7.9e-07,9.1e-07,9.1e-07,9.1e-07,9.1e-07,9.1e-07,9.2e-07,8e-07
expired,8.56e-06,9.19e-06,1.03e-05,1.077e-05,1.047e-05,1.096e-05,1.128e-05,1.147e-05,8.87e-06
mj,1.13e-06,1.27e-06,1.06e-06,4.5e-07,6.1e-07,6.1e-07,7.6e-07,7.6e-07,1.2e-06
travels,9.69e-06,1.062e-05,1.061e-05,1.046e-05,1.062e-05,1.081e-05,1.082e-05,1.116e-05,1.016e-05
flush,1.94e-06,1.58e-06,1.52e-06,1.52e-06,1.67e-06,1.67e-06,1.52e-06,1.38e-06,1.76e-06
waiver,2.74e-06,2.69e-06,2.58e-06,2.58e-06,2.58e-06,2.59e-06,2.59e-06,2.6e-06,2.72e-06
pale,2.1e-06,1.9e-06,1.82e-06,2.27e-06,2.28e-06,2.28e-06,2.59e-06,2.6e-06,2e-06
specialties,2.26e-06,2.22e-06,2.27e-06,2.27e-06,2.28e-06,2.28e-06,2.59e-06,2.45e-06,2.24e-06
hayes,6.62e-06,6.82e-06,7.58e-06,7.88e-06,7.89e-06,8.07e-06,8.08e-06,8.41e-06,6.72e-06
humanitarian,2.42e-06,2.85e-06,2.58e-06,2.73e-06,3.04e-06,2.89e-06,2.9e-06,2.75e-06,2.64e-06
invitations,2.58e-06,2.38e-06,2.58e-06,2.58e-06,2.43e-06,2.44e-06,2.29e-06,2.29e-06,2.48e-06
functioning,1.566e-05,1.617e-05,1.576e-05,1.547e-05,1.563e-05,1.568e-05,1.661e-05,1.682e-05,1.591e-05
delight,1.29e-06,1.27e-06,1.36e-06,1.06e-06,1.06e-06,9.1e-07,9.1e-07,9.2e-07,1.28e-06
survivor,3.23e-06,3.17e-06,3.18e-06,3.18e-06,3.19e-06,3.35e-06,3.51e-06,3.52e-06,3.2e-06
garcia,3.87e-06,4.28e-06,4.55e-06,4.85e-06,4.71e-06,4.72e-06,4.88e-06,5.05e-06,4.07e-06
cingular,8.1e-07,7.9e-07,7.6e-07,7.6e-07,7.6e-07,7.6e-07,6.1e-07,6.1e-07,8e-07
economies,5.17e-06,5.39e-06,5.45e-06,5.76e-06,6.07e-06,5.02e-06,5.33e-06,5.5e-06,5.28e-06
alexandria,3.39e-06,3.49e-06,3.48e-06,3.79e-06,3.79e-06,3.65e-06,3.66e-06,3.21e-06,3.44e-06
bacterial,4.68e-06,4.6e-06,4.85e-06,4.85e-06,4.86e-06,5.02e-06,5.33e-06,5.35e-06,4.64e-06
moses,5.97e-06,6.02e-06,5.61e-06,5.61e-06,5.62e-06,4.87e-06,4.73e-06,4.59e-06,5.99e-06
counted,5.33e-06,5.07e-06,4.85e-06,6.06e-06,5.77e-06,5.94e-06,5.49e-06,5.66e-06,5.2e-06
undertake,3.39e-06,3.8e-06,3.48e-06,3.34e-06,3.64e-06,3.5e-06,3.51e-06,3.36e-06,3.6e-06
declare,5.97e-06,6.34e-06,5.76e-06,5.76e-06,6.22e-06,5.48e-06,5.64e-06,5.5e-06,6.15e-06
continuously,3.374e-05,3.439e-05,3.485e-05,3.609e-05,3.643e-05,3.624e-05,3.521e-05,3.578e-05,3.406e-05
johns,1.146e-05,1.173e-05,1.182e-05,1.152e-05,1.169e-05,1.188e-05,1.174e-05,1.193e-05,1.159e-05
valves,2.74e-06,2.38e-06,2.27e-06,2.27e-06,2.28e-06,2.28e-06,2.44e-06,2.45e-06,2.56e-06
gaps,7.75e-06,7.13e-06,6.82e-06,6.37e-06,6.83e-06,6.24e-06,7.16e-06,7.03e-06,7.44e-06
impaired,8.88e-06,9.67e-06,9.39e-06,9.4e-06,9.56e-06,8.83e-06,9.3e-06,9.48e-06,9.28e-06
achievements,1.711e-05,1.68e-05,1.682e-05,1.744e-05,1.821e-05,1.751e-05,1.799e-05,1.804e-05,1.695e-05
donors,3.87e-06,4.12e-06,4.39e-06,4.4e-06,4.55e-06,4.11e-06,4.42e-06,4.43e-06,3.99e-06
tear,2.26e-06,2.22e-06,2.12e-06,2.58e-06,2.43e-06,2.44e-06,2.44e-06,2.45e-06,2.24e-06
jewel,1.29e-06,1.27e-06,1.82e-06,1.82e-06,1.82e-06,1.83e-06,1.83e-06,1.68e-06,1.28e-06
teddy,2.58e-06,2.38e-06,2.27e-06,2.27e-06,2.28e-06,2.13e-06,2.29e-06,1.99e-06,2.48e-06
lf,3.71e-06,3.49e-06,3.18e-06,3.03e-06,2.28e-06,2.13e-06,2.13e-06,2.29e-06,3.6e-06
convertible,4.04e-06,3.96e-06,3.64e-06,4.09e-06,4.4e-06,4.11e-06,3.66e-06,3.67e-06,4e-06
ata,2.535e-05,2.377e-05,2.015e-05,2.092e-05,2.034e-05,1.979e-05,1.997e-05,2.033e-05,2.456e-05
teaches,1.308e-05,1.331e-05,1.288e-05,1.274e-05,1.245e-05,1.142e-05,1.174e-05,1.04e-05,1.319e-05
ventures,3.051e-05,3.344e-05,3.288e-05,3.351e-05,3.233e-05,3.061e-05,3.247e-05,3.318e-05,3.197e-05
nil,2.1e-06,1.74e-06,1.67e-06,1.67e-06,1.67e-06,1.67e-06,1.68e-06,1.38e-06,1.92e-06
bufing,0.0,0.0,0.0,0.0,0.0,0.0,0.0,0.0,0.0
stranger,2.74e-06,2.54e-06,2.88e-06,2.58e-06,2.28e-06,2.74e-06,2.13e-06,2.14e-06,2.64e-06
tragedy,9.7e-07,1.11e-06,1.21e-06,9.1e-07,9.1e-07,9.1e-07,6.1e-07,4.6e-07,1.04e-06
julian,1.501e-05,1.648e-05,1.667e-05,1.516e-05,1.579e-05,1.568e-05,1.57e-05,1.605e-05,1.574e-05
nest,1.001e-05,9.35e-06,1.061e-05,1.061e-05,1.032e-05,1.035e-05,1.113e-05,1.131e-05,9.68e-06
pam,4.84e-06,5.71e-06,6.06e-06,6.06e-06,6.22e-06,6.4e-06,6.4e-06,6.42e-06,5.28e-06
dryer,4.8e-07,3.2e-07,3e-07,3e-07,3e-07,3e-07,4.6e-07,3.1e-07,4e-07
painful,8.1e-07,1.11e-06,1.06e-06,1.06e-06,1.21e-06,1.37e-06,1.22e-06,1.07e-06,9.6e-07
velvet,6.5e-07,6.3e-07,6.1e-07,6.1e-07,7.6e-07,7.6e-07,7.6e-07,7.6e-07,6.4e-07
tribunal,1.13e-06,1.27e-06,1.21e-06,1.21e-06,1.21e-06,1.22e-06,1.22e-06,1.38e-06,1.2e-06
ruled,8.23e-06,7.92e-06,8.33e-06,9.25e-06,1.047e-05,8.83e-06,9.3e-06,9.94e-06,8.07e-06
nato,1.469e-05,1.49e-05,1.439e-05,1.41e-05,1.396e-05,1.37e-05,1.357e-05,1.345e-05,1.479e-05
pensions,6.5e-07,4.8e-07,4.5e-07,6.1e-07,7.6e-07,7.6e-07,7.6e-07,7.6e-07,5.6e-07
prayers,0.0,0.0,1.5e-07,1.5e-07,1.5e-07,1.5e-07,1.5e-07,1.5e-07,0.0
funky,3.2e-07,3.2e-07,3e-07,3e-07,6.1e-07,4.6e-07,4.6e-07,3.1e-07,3.2e-07
secretariat,3.55e-06,3.8e-06,3.64e-06,3.49e-06,3.64e-06,3.65e-06,3.66e-06,3.36e-06,3.67e-06
nowhere,2.26e-06,2.38e-06,2.88e-06,2.73e-06,2.58e-06,2.89e-06,3.05e-06,3.36e-06,2.32e-06
cop,5e-06,4.75e-06,5e-06,4.85e-06,4.71e-06,4.87e-06,5.03e-06,5.05e-06,4.87e-06
paragraphs,4.04e-06,3.49e-06,3.64e-06,3.03e-06,3.04e-06,3.2e-06,3.2e-06,3.06e-06,3.77e-06
gale,7.43e-06,8.08e-06,7.58e-06,7.28e-06,7.29e-06,6.85e-06,7.16e-06,7.34e-06,7.75e-06
joins,1.082e-05,1.03e-05,1.076e-05,1.092e-05,1.047e-05,1.02e-05,1.067e-05,1.055e-05,1.056e-05
adolescent,9.7e-07,9.5e-07,1.21e-06,1.21e-06,1.37e-06,1.37e-06,1.52e-06,1.38e-06,9.6e-07
nominations,6.62e-06,7.29e-06,8.33e-06,9.4e-06,8.96e-06,9.29e-06,1.037e-05,1.04e-05,6.96e-06
wesley,1.857e-05,1.759e-05,1.712e-05,1.713e-05,1.624e-05,1.568e-05,1.54e-05,1.544e-05,1.808e-05
dim,1.61e-06,1.74e-06,2.12e-06,1.97e-06,1.97e-06,2.13e-06,2.13e-06,1.99e-06,1.68e-06
lately,2.91e-06,2.69e-06,2.27e-06,1.97e-06,1.67e-06,1.52e-06,1.52e-06,7.6e-07,2.8e-06
cancelled,2.309e-05,2.615e-05,2.682e-05,2.805e-05,2.854e-05,2.771e-05,2.942e-05,2.951e-05,2.462e-05
scary,9.7e-07,7.9e-07,6.1e-07,7.6e-07,6.1e-07,6.1e-07,7.6e-07,9.2e-07,8.8e-07
mattress,4.8e-07,4.8e-07,4.5e-07,4.5e-07,4.6e-07,4.6e-07,4.6e-07,4.6e-07,4.8e-07
mpegs,0.0,0.0,0.0,0.0,0.0,0.0,0.0,0.0,0.0
brunei,9.7e-07,9.5e-07,9.1e-07,1.06e-06,1.06e-06,6.1e-07,6.1e-07,6.1e-07,9.6e-07
likewise,1.049e-05,1.062e-05,9.7e-06,1.077e-05,1.154e-05,1.142e-05,1.128e-05,1.131e-05,1.055e-05
banana,3.55e-06,4.44e-06,4.7e-06,4.55e-06,4.25e-06,4.26e-06,4.27e-06,3.98e-06,3.99e-06
introductory,1.34e-05,1.3e-05,1.273e-05,1.258e-05,1.26e-05,1.264e-05,1.311e-05,1.284e-05,1.32e-05
slovak,5e-06,5.07e-06,5.15e-06,4.85e-06,4.86e-06,4.42e-06,4.73e-06,4.74e-06,5.04e-06
cakes,8.1e-07,7.9e-07,9.1e-07,9.1e-07,9.1e-07,7.6e-07,6.1e-07,9.2e-07,8e-07
stan,1.243e-05,1.316e-05,1.258e-05,1.304e-05,1.321e-05,1.264e-05,1.296e-05,1.315e-05,1.279e-05
reservoir,5.97e-06,5.39e-06,6.51e-06,6.37e-06,6.22e-06,6.85e-06,6.55e-06,6.27e-06,5.68e-06
occurrence,1.437e-05,1.426e-05,1.409e-05,1.365e-05,1.381e-05,1.401e-05,1.387e-05,1.391e-05,1.432e-05
idol,4.84e-06,4.44e-06,4.55e-06,4.55e-06,4.25e-06,4.57e-06,4.73e-06,4.43e-06,4.64e-06
bloody,1.13e-06,1.27e-06,1.21e-06,1.21e-06,1.21e-06,1.22e-06,1.52e-06,1.53e-06,1.2e-06
mixer,4.36e-06,4.12e-06,3.48e-06,3.79e-06,3.49e-06,3.35e-06,3.35e-06,3.36e-06,4.24e-06
remind,9.7e-07,7.9e-07,9.1e-07,1.06e-06,7.6e-07,9.1e-07,7.6e-07,9.2e-07,8.8e-07
wc,4.8e-07,4.8e-07,4.5e-07,4.5e-07,3e-07,6.1e-07,6.1e-07,6.1e-07,4.8e-07
worcester,3.55e-06,3.65e-06,3.18e-06,3.03e-06,3.04e-06,2.89e-06,2.9e-06,3.06e-06,3.6e-06
sbjct,0.0,0.0,0.0,0.0,0.0,0.0,0.0,0.0,0.0
demographic,8.07e-06,8.24e-06,8.79e-06,8.95e-06,8.35e-06,8.68e-06,9.15e-06,8.71e-06,8.16e-06
charming,6.5e-07,6.3e-07,4.5e-07,6.1e-07,6.1e-07,6.1e-07,6.1e-07,4.6e-07,6.4e-07
mai,2.1e-06,2.22e-06,2.27e-06,2.27e-06,2.28e-06,2.28e-06,2.13e-06,2.45e-06,2.16e-06
tooth,8.1e-07,1.11e-06,9.1e-07,1.06e-06,9.1e-07,7.6e-07,7.6e-07,7.6e-07,9.6e-07
disciplinary,9.36e-06,9.35e-06,8.79e-06,8.49e-06,8.04e-06,8.37e-06,7.62e-06,7.49e-06,9.36e-06
annoying,2.26e-06,2.06e-06,2.27e-06,1.97e-06,1.97e-06,1.98e-06,1.83e-06,1.83e-06,2.16e-06
respected,6.62e-06,6.34e-06,6.36e-06,5.91e-06,5.62e-06,5.79e-06,5.49e-06,5.2e-06,6.48e-06
stays,3.87e-06,4.12e-06,3.48e-06,3.49e-06,3.34e-06,3.5e-06,3.35e-06,3.21e-06,3.99e-06
disclose,4.52e-06,4.91e-06,4.85e-06,4.55e-06,4.4e-06,4.11e-06,4.42e-06,5.05e-06,4.71e-06
affair,2.1e-06,2.06e-06,2.12e-06,1.97e-06,2.28e-06,2.74e-06,2.74e-06,2.75e-06,2.08e-06
drove,3.71e-06,3.65e-06,3.33e-06,3.34e-06,3.19e-06,3.2e-06,3.35e-06,3.52e-06,3.68e-06
washer,1.6e-07,0.0,0.0,0.0,0.0,0.0,0.0,0.0,8e-08
upset,2.58e-06,2.38e-06,1.97e-06,1.97e-06,1.82e-06,1.83e-06,1.83e-06,1.83e-06,2.48e-06
restrict,1.082e-05,9.99e-06,9.39e-06,1.001e-05,1.032e-05,1.051e-05,1.052e-05,1.101e-05,1.04e-05
springer,8.105e-05,8.099e-05,8.227e-05,8.066e-05,7.893e-05,7.872e-05,7.743e-05,7.752e-05,8.102e-05
beside,5.49e-06,5.86e-06,5.45e-06,5.76e-06,5.62e-06,5.79e-06,5.79e-06,5.5e-06,5.67e-06
mines,6.3e-06,6.18e-06,6.36e-06,6.06e-06,6.07e-06,5.94e-06,6.1e-06,6.27e-06,6.24e-06
portraits,3.39e-06,3.65e-06,3.64e-06,3.79e-06,3.79e-06,3.81e-06,4.12e-06,3.67e-06,3.52e-06
rebound,1.6e-07,1.6e-07,3e-07,3e-07,3e-07,3e-07,3e-07,3.1e-07,1.6e-07
logan,3.07e-06,3.17e-06,3.94e-06,3.64e-06,3.79e-06,3.81e-06,3.81e-06,3.82e-06,3.12e-06
mentor,6.14e-06,6.5e-06,6.21e-06,6.82e-06,7.13e-06,7.31e-06,7.62e-06,7.49e-06,6.32e-06
interpreted,4.472e-05,4.485e-05,4.545e-05,4.549e-05,4.493e-05,4.598e-05,4.497e-05,4.587e-05,4.478e-05
evaluations,1.082e-05,9.83e-06,1.03e-05,1.001e-05,1.047e-05,1.051e-05,1.067e-05,1.055e-05,1.033e-05
fought,5.65e-06,5.55e-06,5.45e-06,5.61e-06,5.31e-06,5.79e-06,5.94e-06,6.42e-06,5.6e-06
baghdad,1.45e-06,1.43e-06,1.36e-06,1.21e-06,1.21e-06,1.07e-06,1.22e-06,1.22e-06,1.44e-06
elimination,1.695e-05,1.712e-05,1.651e-05,1.653e-05,1.624e-05,1.675e-05,1.692e-05,1.682e-05,1.703e-05
metres,2.74e-06,2.54e-06,2.58e-06,2.88e-06,2.58e-06,2.28e-06,1.98e-06,1.99e-06,2.64e-06
hypothetical,1.017e-05,1.062e-05,1.03e-05,1.046e-05,1.093e-05,1.112e-05,1.128e-05,1.101e-05,1.039e-05
immigrants,2.74e-06,2.85e-06,2.58e-06,3.03e-06,2.88e-06,3.05e-06,2.74e-06,3.36e-06,2.79e-06
complimentary,9.7e-07,1.11e-06,1.21e-06,1.21e-06,1.37e-06,1.37e-06,1.37e-06,1.38e-06,1.04e-06
helicopter,5.49e-06,5.55e-06,5.61e-06,5.46e-06,5.46e-06,5.48e-06,5.79e-06,5.5e-06,5.52e-06
pencil,5.65e-06,6.02e-06,6.21e-06,6.06e-06,5.92e-06,5.63e-06,5.94e-06,5.96e-06,5.84e-06
freeze,5.65e-06,5.39e-06,5.3e-06,5.16e-06,5.16e-06,5.33e-06,5.18e-06,5.35e-06,5.52e-06
hk,3.87e-06,3.33e-06,2.73e-06,3.03e-06,3.04e-06,2.44e-06,1.98e-06,1.68e-06,3.6e-06
performer,6.62e-06,6.18e-06,6.06e-06,6.06e-06,6.22e-06,6.4e-06,6.4e-06,5.96e-06,6.4e-06
abu,4.04e-06,4.12e-06,4.39e-06,4.4e-06,4.55e-06,4.42e-06,4.57e-06,4.59e-06,4.08e-06
titled,6.813e-05,6.958e-05,7.409e-05,7.445e-05,7.589e-05,7.994e-05,8.14e-05,8.378e-05,6.885e-05
commissions,2.1e-06,1.74e-06,1.82e-06,1.82e-06,2.12e-06,1.98e-06,2.13e-06,2.29e-06,1.92e-06
sphere,2.664e-05,2.742e-05,2.53e-05,2.653e-05,2.58e-05,2.726e-05,2.652e-05,2.66e-05,2.703e-05
powerseller,0.0,0.0,0.0,0.0,0.0,0.0,0.0,0.0,0.0
moss,3.71e-06,3.49e-06,3.64e-06,3.94e-06,3.95e-06,4.42e-06,4.42e-06,4.28e-06,3.6e-06
ratios,5.97e-06,6.02e-06,8.48e-06,6.67e-06,6.83e-06,6.7e-06,6.71e-06,6.73e-06,5.99e-06
concord,1.45e-06,1.43e-06,1.52e-06,1.21e-06,1.37e-06,9.1e-07,7.6e-07,7.6e-07,1.44e-06
graduated,4.101e-05,4.01e-05,3.879e-05,3.684e-05,3.612e-05,3.472e-05,3.384e-05,3.302e-05,4.056e-05
endorsed,8.4e-06,7.77e-06,7.73e-06,6.82e-06,5.92e-06,6.4e-06,6.1e-06,5.96e-06,8.08e-06
ty,1.29e-06,1.27e-06,1.21e-06,1.21e-06,1.21e-06,1.22e-06,1.22e-06,1.22e-06,1.28e-06
surprising,4.36e-06,3.65e-06,3.48e-06,3.94e-06,3.79e-06,3.96e-06,3.81e-06,3.82e-06,4e-06
walnut,8.1e-07,7.9e-07,6.1e-07,4.5e-07,4.6e-07,3e-07,6.1e-07,6.1e-07,8e-07
lance,5.17e-06,5.39e-06,5.76e-06,5.46e-06,5.92e-06,6.09e-06,5.79e-06,6.12e-06,5.28e-06
ladder,5.33e-06,5.39e-06,5.15e-06,5e-06,5.16e-06,5.02e-06,4.88e-06,4.89e-06,5.36e-06
italia,2.42e-06,2.38e-06,2.27e-06,2.43e-06,2.12e-06,2.13e-06,2.13e-06,2.29e-06,2.4e-06
unnecessary,1.421e-05,1.347e-05,1.288e-05,1.198e-05,1.199e-05,1.249e-05,1.341e-05,1.3e-05,1.384e-05
dramatically,1.275e-05,1.22e-05,1.182e-05,1.183e-05,1.199e-05,1.172e-05,1.128e-05,1.131e-05,1.247e-05
liberia,1.45e-06,1.27e-06,1.21e-06,1.21e-06,1.21e-06,1.07e-06,1.07e-06,1.07e-06,1.36e-06
sherman,3.07e-06,2.38e-06,2.42e-06,2.27e-06,2.28e-06,2.28e-06,2.13e-06,2.14e-06,2.73e-06
cork,2.91e-06,2.69e-06,2.58e-06,2.58e-06,2.43e-06,2.44e-06,2.59e-06,2.75e-06,2.8e-06
maximize,1.663e-05,1.585e-05,1.47e-05,1.501e-05,1.548e-05,1.538e-05,1.555e-05,1.498e-05,1.624e-05
cj,1.78e-06,1.43e-06,1.82e-06,1.82e-06,1.97e-06,1.67e-06,1.83e-06,1.99e-06,1.6e-06
hansen,6.14e-06,5.86e-06,5.45e-06,4.85e-06,4.86e-06,5.18e-06,5.33e-06,5.05e-06,6e-06
senators,1.13e-06,1.11e-06,1.06e-06,1.06e-06,1.21e-06,1.37e-06,1.22e-06,1.22e-06,1.12e-06
workout,1.6e-07,3.2e-07,3e-07,4.5e-07,4.6e-07,3e-07,1.5e-07,1.5e-07,2.4e-07
mali,2.58e-06,2.38e-06,2.42e-06,2.12e-06,2.12e-06,2.13e-06,1.98e-06,2.29e-06,2.48e-06
yugoslavia,4.2e-06,3.8e-06,3.79e-06,3.79e-06,3.79e-06,3.96e-06,3.96e-06,3.82e-06,4e-06
bleeding,1.61e-06,1.58e-06,1.52e-06,1.21e-06,1.21e-06,1.37e-06,1.37e-06,1.38e-06,1.59e-06
characterization,1.663e-05,1.696e-05,1.742e-05,1.713e-05,1.654e-05,1.721e-05,1.707e-05,1.728e-05,1.679e-05
colon,2.91e-06,3.17e-06,3.03e-06,2.58e-06,2.73e-06,2.59e-06,2.9e-06,2.9e-06,3.04e-06
likelihood,1.614e-05,1.664e-05,1.727e-05,1.713e-05,1.715e-05,1.69e-05,1.799e-05,1.774e-05,1.639e-05
lanes,5.97e-06,7.61e-06,7.58e-06,8.04e-06,7.74e-06,7.77e-06,7.47e-06,7.49e-06,6.79e-06
purse,9.7e-07,9.5e-07,9.1e-07,9.1e-07,9.1e-07,4.6e-07,3e-07,3.1e-07,9.6e-07
fundamentals,1.292e-05,1.284e-05,1.409e-05,1.334e-05,1.321e-05,1.325e-05,1.25e-05,1.238e-05,1.288e-05
contamination,1.78e-06,1.74e-06,1.97e-06,1.97e-06,1.97e-06,1.98e-06,1.98e-06,1.99e-06,1.76e-06
mtv,1.017e-05,9.83e-06,8.94e-06,8.79e-06,9.41e-06,1.005e-05,9.91e-06,9.63e-06,1e-05
endangered,3.87e-06,3.96e-06,4.85e-06,4.4e-06,4.71e-06,4.87e-06,4.57e-06,4.43e-06,3.92e-06
compromise,1.534e-05,1.537e-05,1.545e-05,1.562e-05,1.472e-05,1.462e-05,1.479e-05,1.452e-05,1.535e-05
masturbation,9.7e-07,6.3e-07,6.1e-07,1.06e-06,7.6e-07,7.6e-07,6.1e-07,6.1e-07,8e-07
optimize,2.502e-05,2.473e-05,2.409e-05,2.441e-05,2.474e-05,2.528e-05,2.607e-05,2.584e-05,2.488e-05
stating,1.728e-05,1.696e-05,1.757e-05,1.759e-05,1.761e-05,1.781e-05,1.875e-05,1.865e-05,1.712e-05
dome,2.1e-06,2.38e-06,2.42e-06,2.27e-06,2.73e-06,2.59e-06,2.74e-06,2.75e-06,2.24e-06
caroline,1.61e-06,1.9e-06,1.97e-06,2.43e-06,2.28e-06,2.89e-06,2.74e-06,2.75e-06,1.76e-06
leu,0.0,0.0,0.0,1.5e-07,1.5e-07,1.5e-07,1.5e-07,1.5e-07,0.0
expiration,2.58e-06,2.85e-06,2.42e-06,2.88e-06,3.04e-06,2.89e-06,2.9e-06,2.9e-06,2.71e-06
namespace,1.179e-05,1.157e-05,1.167e-05,1.213e-05,1.169e-05,1.172e-05,1.158e-05,1.162e-05,1.168e-05
align,6.3e-06,5.39e-06,5.91e-06,6.37e-06,6.53e-06,6.24e-06,6.1e-06,6.27e-06,5.84e-06
peripheral,4.827e-05,5.056e-05,4.954e-05,4.837e-05,4.979e-05,4.979e-05,5.198e-05,5.321e-05,4.942e-05
bless,3.2e-07,3.2e-07,3e-07,3e-07,3e-07,1.5e-07,1.5e-07,1.5e-07,3.2e-07
engaging,9.2e-06,8.88e-06,1e-05,1.001e-05,9.87e-06,9.9e-06,1.021e-05,1.101e-05,9.04e-06
negotiation,6.3e-06,5.86e-06,5.76e-06,5.61e-06,5.31e-06,5.33e-06,5.49e-06,5.5e-06,6.08e-06
crest,1.78e-06,1.58e-06,1.52e-06,1.36e-06,1.37e-06,1.67e-06,1.52e-06,1.53e-06,1.68e-06
opponents,1.13e-05,1.189e-05,1.167e-05,1.243e-05,1.245e-05,1.279e-05,1.311e-05,1.3e-05,1.159e-05
triumph,2.58e-06,2.54e-06,2.58e-06,2.88e-06,2.88e-06,3.05e-06,2.9e-06,2.9e-06,2.56e-06
nominated,2.535e-05,2.583e-05,2.515e-05,2.487e-05,2.55e-05,2.619e-05,2.667e-05,2.737e-05,2.559e-05
confidentiality,1.388e-05,1.411e-05,1.409e-05,1.349e-05,1.396e-05,1.431e-05,1.448e-05,1.544e-05,1.4e-05
electoral,4.84e-06,5.07e-06,5.15e-06,4.55e-06,5.16e-06,5.48e-06,6.25e-06,6.12e-06,4.95e-06
changelog,2.42e-06,2.06e-06,2.27e-06,2.27e-06,2.58e-06,1.83e-06,1.83e-06,1.38e-06,2.24e-06
welding,8.1e-07,7.9e-07,9.1e-07,6.1e-07,6.1e-07,6.1e-07,4.6e-07,4.6e-07,8e-07
orgasm,0.0,0.0,1.5e-07,1.5e-07,0.0,0.0,0.0,0.0,0.0
deferred,5.65e-06,5.39e-06,5.3e-06,5.31e-06,5.31e-06,5.33e-06,5.03e-06,5.2e-06,5.52e-06
alternatively,3.197e-05,3.217e-05,3.151e-05,3.123e-05,3.036e-05,3.045e-05,3.14e-05,3.18e-05,3.207e-05
heel,1.29e-06,1.27e-06,9.1e-07,9.1e-07,9.1e-07,9.1e-07,7.6e-07,7.6e-07,1.28e-06
alloy,4.84e-06,4.44e-06,4.24e-06,4.7e-06,5.01e-06,5.02e-06,4.88e-06,4.74e-06,4.64e-06
condos,3.2e-07,3.2e-07,3e-07,3e-07,3e-07,3e-07,3e-07,3.1e-07,3.2e-07
plots,1.082e-05,9.83e-06,1e-05,9.86e-06,9.56e-06,9.44e-06,1.037e-05,1.009e-05,1.033e-05
polished,2.26e-06,2.06e-06,2.42e-06,1.97e-06,1.67e-06,1.37e-06,1.37e-06,1.22e-06,2.16e-06
yang,9.85e-06,9.67e-06,9.24e-06,9.1e-06,9.56e-06,9.14e-06,8.84e-06,8.87e-06,9.76e-06
gently,4.8e-07,4.8e-07,6.1e-07,4.5e-07,4.6e-07,4.6e-07,4.6e-07,4.6e-07,4.8e-07
greensboro,4.8e-07,4.8e-07,4.5e-07,4.5e-07,4.6e-07,4.6e-07,4.6e-07,4.6e-07,4.8e-07
tulsa,6.5e-07,7.9e-07,4.5e-07,4.5e-07,4.6e-07,4.6e-07,3e-07,3.1e-07,7.2e-07
locking,1.469e-05,1.442e-05,1.409e-05,1.365e-05,1.381e-05,1.416e-05,1.433e-05,1.407e-05,1.455e-05
casey,2.1e-06,2.06e-06,1.82e-06,2.27e-06,2.43e-06,2.74e-06,2.59e-06,2.75e-06,2.08e-06
controversial,2.89e-05,2.916e-05,2.924e-05,2.896e-05,2.914e-05,2.893e-05,2.774e-05,2.92e-05,2.903e-05
draws,1.889e-05,1.918e-05,1.909e-05,1.91e-05,1.806e-05,1.812e-05,1.799e-05,1.712e-05,1.903e-05
fridge,0.0,0.0,0.0,0.0,0.0,1.5e-07,1.5e-07,1.5e-07,0.0
blanket,1.29e-06,1.43e-06,1.82e-06,1.97e-06,1.52e-06,1.67e-06,1.22e-06,1.38e-06,1.36e-06
bloom,4.52e-06,4.6e-06,5e-06,5.31e-06,5.46e-06,5.48e-06,5.49e-06,5.35e-06,4.56e-06
qc,2.42e-06,1.9e-06,1.67e-06,1.52e-06,1.82e-06,1.67e-06,1.52e-06,1.38e-06,2.16e-06
simpsons,4.68e-06,4.75e-06,4.39e-06,4.85e-06,4.86e-06,5.18e-06,5.03e-06,5.66e-06,4.71e-06
lou,3.71e-06,3.65e-06,3.33e-06,3.49e-06,2.88e-06,3.05e-06,2.9e-06,3.06e-06,3.68e-06
elliott,8.56e-06,9.51e-06,1.03e-05,1.061e-05,1.047e-05,1.035e-05,1.021e-05,1.024e-05,9.04e-06
recovered,1.033e-05,1.046e-05,1.03e-05,1.061e-05,1.138e-05,1.142e-05,1.128e-05,1.147e-05,1.039e-05
fraser,1.098e-05,1.046e-05,1.015e-05,1.016e-05,1.017e-05,1.005e-05,1.006e-05,9.78e-06,1.072e-05
justify,4.2e-06,3.96e-06,4.09e-06,3.94e-06,3.79e-06,3.5e-06,3.35e-06,3.52e-06,4.08e-06
upgrading,6.62e-06,6.34e-06,6.21e-06,6.22e-06,6.07e-06,5.94e-06,5.79e-06,5.96e-06,6.48e-06
blades,6.14e-06,6.02e-06,5.61e-06,5.61e-06,5.62e-06,5.79e-06,5.64e-06,5.66e-06,6.08e-06
pgp,8.72e-06,9.35e-06,9.09e-06,8.79e-06,8.8e-06,8.68e-06,8.69e-06,8.71e-06,9.04e-06
loops,3.035e-05,3.011e-05,2.924e-05,3.017e-05,3.051e-05,3.091e-05,3.079e-05,3.043e-05,3.023e-05
surge,7.1e-06,7.45e-06,6.82e-06,7.13e-06,6.83e-06,7.16e-06,6.55e-06,6.27e-06,7.27e-06
frontpage,2.58e-06,2.69e-06,2.42e-06,5.91e-06,2.28e-06,2.28e-06,2.29e-06,2.29e-06,2.64e-06
trauma,1.94e-06,2.06e-06,2.12e-06,2.12e-06,1.97e-06,2.13e-06,2.13e-06,2.45e-06,2e-06
aw,1.78e-06,1.9e-06,1.97e-06,1.97e-06,2.28e-06,2.28e-06,1.98e-06,1.83e-06,1.84e-06
tahoe,1.61e-06,1.58e-06,1.52e-06,1.52e-06,1.37e-06,1.37e-06,1.37e-06,1.38e-06,1.59e-06
advert,1.61e-06,2.06e-06,2.12e-06,2.12e-06,1.67e-06,1.22e-06,1.22e-06,1.22e-06,1.84e-06
possess,1.211e-05,1.22e-05,1.136e-05,1.122e-05,1.123e-05,1.081e-05,1.113e-05,1.131e-05,1.215e-05
demanding,1.066e-05,1.03e-05,1.045e-05,1.092e-05,9.87e-06,9.9e-06,9.6e-06,9.94e-06,1.048e-05
defensive,6.62e-06,6.5e-06,6.82e-06,6.52e-06,6.68e-06,6.85e-06,7.01e-06,7.19e-06,6.56e-06
sip,3.148e-05,2.932e-05,2.803e-05,2.775e-05,2.838e-05,2.817e-05,2.622e-05,2.66e-05,3.04e-05
flashers,0.0,0.0,0.0,0.0,0.0,0.0,0.0,0.0,0.0
subaru,3.2e-07,3.2e-07,1.5e-07,1.5e-07,1.5e-07,1.5e-07,1.5e-07,1.5e-07,3.2e-07
forbidden,1.13e-05,1.125e-05,1.061e-05,9.1e-06,8.65e-06,8.53e-06,8.38e-06,9.02e-06,1.127e-05
tf,4.36e-06,4.44e-06,4.09e-06,3.64e-06,3.04e-06,3.05e-06,3.05e-06,3.06e-06,4.4e-06
vanilla,3.23e-06,3.33e-06,3.79e-06,3.18e-06,3.19e-06,3.2e-06,2.59e-06,2.6e-06,3.28e-06
programmers,8.024e-05,7.972e-05,8e-05,8.021e-05,7.938e-05,8.009e-05,7.789e-05,7.69e-05,7.998e-05
pj,2.1e-06,2.22e-06,2.27e-06,2.27e-06,1.67e-06,1.67e-06,1.52e-06,1.53e-06,2.16e-06
monitored,9.2e-06,9.35e-06,9.85e-06,9.86e-06,9.71e-06,1.02e-05,1.067e-05,1.07e-05,9.28e-06
installations,2.05e-05,2.092e-05,2e-05,2.017e-05,2.019e-05,2.04e-05,2.027e-05,2.095e-05,2.071e-05
deutschland,1.78e-06,2.38e-06,2.27e-06,2.27e-06,2.28e-06,2.28e-06,2.74e-06,3.06e-06,2.08e-06
picnic,6.5e-07,6.3e-07,7.6e-07,7.6e-07,7.6e-07,4.6e-07,6.1e-07,6.1e-07,6.4e-07
souls,6.14e-06,6.18e-06,6.06e-06,6.22e-06,5.77e-06,5.79e-06,5.94e-06,6.42e-06,6.16e-06
arrivals,9.7e-07,1.27e-06,1.21e-06,1.21e-06,1.21e-06,1.22e-06,1.22e-06,1.22e-06,1.12e-06
spank,0.0,0.0,0.0,0.0,0.0,0.0,0.0,0.0,0.0
cw,2.91e-06,2.38e-06,2.73e-06,3.18e-06,3.19e-06,3.5e-06,3.35e-06,3.36e-06,2.65e-06
practitioner,4.52e-06,4.6e-06,4.55e-06,4.55e-06,4.71e-06,4.72e-06,4.42e-06,4.28e-06,4.56e-06
motivated,1.614e-05,1.633e-05,1.621e-05,1.668e-05,1.73e-05,1.766e-05,1.814e-05,1.789e-05,1.624e-05
wr,3.2e-07,3.2e-07,3e-07,4.5e-07,4.6e-07,3e-07,3e-07,3.1e-07,3.2e-07
dumb,4.04e-06,4.28e-06,3.94e-06,3.64e-06,3.95e-06,3.81e-06,4.12e-06,3.82e-06,4.16e-06
smithsonian,8.07e-06,8.4e-06,8.18e-06,7.73e-06,7.89e-06,7.92e-06,7.62e-06,7.64e-06,8.23e-06
hollow,2.1e-06,2.06e-06,2.42e-06,2.58e-06,2.43e-06,2.59e-06,2.74e-06,2.6e-06,2.08e-06
vault,9.53e-06,1.046e-05,1.121e-05,1.092e-05,1.108e-05,1.112e-05,1.067e-05,1.131e-05,1e-05
securely,1.356e-05,1.268e-05,1.212e-05,1.258e-05,1.29e-05,1.355e-05,1.402e-05,1.361e-05,1.312e-05
examining,8.23e-06,8.56e-06,8.79e-06,8.79e-06,9.26e-06,9.14e-06,9.6e-06,8.87e-06,8.4e-06
fioricet,0.0,0.0,0.0,0.0,0.0,0.0,0.0,0.0,0.0
groove,5.81e-06,6.02e-06,5.91e-06,5.91e-06,6.07e-06,4.57e-06,3.96e-06,3.82e-06,5.92e-06
revelation,4.68e-06,4.91e-06,5.45e-06,5.16e-06,5.31e-06,5.02e-06,4.57e-06,4.43e-06,4.79e-06
rg,1.94e-06,1.74e-06,2.12e-06,1.97e-06,2.12e-06,1.98e-06,1.98e-06,1.99e-06,1.84e-06
pursuit,1.146e-05,1.189e-05,1.197e-05,1.213e-05,1.214e-05,1.279e-05,1.235e-05,1.238e-05,1.167e-05
delegation,1.066e-05,9.99e-06,9.54e-06,9.4e-06,9.26e-06,9.74e-06,8.99e-06,8.71e-06,1.033e-05
wires,1.889e-05,1.934e-05,1.833e-05,1.759e-05,1.776e-05,1.766e-05,1.829e-05,1.85e-05,1.912e-05
bl,3.07e-06,2.69e-06,1.82e-06,1.97e-06,1.67e-06,1.67e-06,1.52e-06,1.53e-06,2.88e-06
dictionaries,1.97e-05,2.045e-05,2.091e-05,2.047e-05,1.973e-05,1.964e-05,1.951e-05,1.942e-05,2.008e-05
mails,9.2e-06,9.35e-06,8.94e-06,8.95e-06,8.35e-06,8.22e-06,8.23e-06,7.95e-06,9.28e-06
backing,7.75e-06,7.61e-06,7.27e-06,7.58e-06,7.74e-06,7.16e-06,7.47e-06,7.19e-06,7.68e-06
greenhouse,2.1e-06,2.06e-06,2.12e-06,2.27e-06,2.28e-06,2.13e-06,2.29e-06,2.45e-06,2.08e-06
sleeps,8.1e-07,1.11e-06,7.6e-07,7.6e-07,7.6e-07,6.1e-07,6.1e-07,6.1e-07,9.6e-07
vc,1.066e-05,1.094e-05,1.076e-05,1.061e-05,1.108e-05,1.035e-05,1.021e-05,1.024e-05,1.08e-05
blake,7.59e-06,7.29e-06,7.12e-06,7.13e-06,7.29e-06,6.85e-06,6.71e-06,6.73e-06,7.44e-06
transparency,3.1e-05,3.075e-05,3.121e-05,3.078e-05,3.096e-05,3.213e-05,3.155e-05,3.165e-05,3.088e-05
dee,3.55e-06,3.65e-06,3.64e-06,3.64e-06,3.34e-06,3.35e-06,3.35e-06,3.36e-06,3.6e-06
travis,4.2e-06,3.8e-06,4.24e-06,3.79e-06,3.49e-06,3.5e-06,3.51e-06,3.67e-06,4e-06
wx,3.2e-07,3.2e-07,3e-07,3e-07,3e-07,3e-07,4.6e-07,4.6e-07,3.2e-07
endless,7.91e-06,8.4e-06,7.73e-06,7.73e-06,8.35e-06,8.53e-06,7.77e-06,8.1e-06,8.15e-06
figured,1.45e-06,1.11e-06,7.6e-07,6.1e-07,6.1e-07,6.1e-07,6.1e-07,6.1e-07,1.28e-06
orbit,1.437e-05,1.458e-05,1.454e-05,1.456e-05,1.518e-05,1.584e-05,1.6e-05,1.59e-05,1.447e-05
currencies,1.033e-05,8.4e-06,7.73e-06,7.88e-06,8.04e-06,8.68e-06,8.54e-06,8.26e-06,9.36e-06
niger,4.8e-07,4.8e-07,4.5e-07,4.5e-07,4.6e-07,4.6e-07,4.6e-07,4.6e-07,4.8e-07
bacon,2.91e-06,2.54e-06,2.58e-06,2.88e-06,2.73e-06,2.74e-06,2.59e-06,2.6e-06,2.73e-06
survivors,5e-06,4.44e-06,4.24e-06,4.85e-06,4.71e-06,5.02e-06,4.88e-06,5.05e-06,4.72e-06
positioning,1.631e-05,1.601e-05,1.757e-05,1.653e-05,1.7e-05,1.721e-05,1.616e-05,1.621e-05,1.616e-05
heater,2.74e-06,2.22e-06,2.12e-06,2.12e-06,2.12e-06,2.13e-06,2.29e-06,2.29e-06,2.48e-06
colony,7.75e-06,8.4e-06,9.24e-06,9.25e-06,9.26e-06,9.59e-06,9.3e-06,9.33e-06,8.07e-06
cannon,8.72e-06,7.77e-06,8.03e-06,7.88e-06,7.74e-06,7.77e-06,7.77e-06,7.8e-06,8.24e-06
circus,3.55e-06,3.65e-06,3.79e-06,3.49e-06,3.64e-06,3.5e-06,3.51e-06,3.36e-06,3.6e-06
promoted,3.1e-05,3.075e-05,3.257e-05,3.154e-05,3.157e-05,3.198e-05,3.308e-05,3.272e-05,3.088e-05
forbes,3.859e-05,3.836e-05,4.045e-05,4.291e-05,3.84e-05,3.807e-05,3.46e-05,3.731e-05,3.848e-05
mae,2.91e-06,3.17e-06,3.03e-06,3.03e-06,3.19e-06,3.65e-06,3.66e-06,3.82e-06,3.04e-06
moldova,1.61e-06,1.74e-06,1.97e-06,1.82e-06,1.82e-06,1.98e-06,1.52e-06,1.53e-06,1.68e-06
mel,4.68e-06,4.91e-06,4.85e-06,4.4e-06,4.1e-06,3.81e-06,3.81e-06,3.98e-06,4.79e-06
descending,3.07e-06,3.01e-06,2.73e-06,2.73e-06,2.88e-06,2.89e-06,2.9e-06,2.75e-06,3.04e-06
paxil,1.6e-07,1.6e-07,1.5e-07,1.5e-07,1.5e-07,1.5e-07,1.5e-07,1.5e-07,1.6e-07
spine,4.2e-06,3.96e-06,3.79e-06,3.94e-06,4.55e-06,4.72e-06,4.73e-06,4.59e-06,4.08e-06
trout,9.7e-07,6.3e-07,6.1e-07,6.1e-07,6.1e-07,6.1e-07,6.1e-07,6.1e-07,8e-07
enclosed,6.94e-06,7.45e-06,7.12e-06,6.82e-06,6.98e-06,7e-06,6.71e-06,6.88e-06,7.19e-06
feat,1.13e-06,1.27e-06,1.06e-06,1.21e-06,1.82e-06,1.22e-06,1.22e-06,1.07e-06,1.2e-06
temporarily,1.437e-05,1.347e-05,1.409e-05,1.516e-05,1.518e-05,1.492e-05,1.54e-05,1.544e-05,1.392e-05
ntsc,7.43e-06,6.97e-06,6.36e-06,5.61e-06,5.92e-06,5.79e-06,6.1e-06,6.27e-06,7.2e-06
cooked,1.13e-06,1.11e-06,1.06e-06,1.06e-06,1.06e-06,9.1e-07,1.22e-06,1.22e-06,1.12e-06
thriller,6.46e-06,7.13e-06,7.58e-06,8.19e-06,8.65e-06,9.59e-06,9.76e-06,9.94e-06,6.8e-06
transmit,3.81e-05,3.931e-05,3.818e-05,3.881e-05,3.977e-05,3.928e-05,3.994e-05,3.945e-05,3.871e-05
apnic,4.8e-07,1.11e-06,1.06e-06,1.06e-06,7.6e-07,7.6e-07,7.6e-07,7.6e-07,8e-07
fatty,6.5e-07,7.9e-07,6.1e-07,6.1e-07,6.1e-07,6.1e-07,6.1e-07,6.1e-07,7.2e-07
gerald,9.04e-06,8.72e-06,9.24e-06,8.64e-06,8.35e-06,8.22e-06,8.54e-06,8.71e-06,8.88e-06
pressed,9.69e-06,9.99e-06,9.54e-06,9.1e-06,9.26e-06,9.44e-06,9.45e-06,9.33e-06,9.84e-06
frequencies,4.165e-05,4.295e-05,4.257e-05,4.154e-05,4.098e-05,4.05e-05,3.963e-05,4.021e-05,4.23e-05
scanned,2.034e-05,2.045e-05,2.015e-05,1.941e-05,2.049e-05,1.995e-05,1.982e-05,1.972e-05,2.039e-05
reflections,7.43e-06,7.45e-06,7.88e-06,7.88e-06,7.74e-06,7.92e-06,8.38e-06,8.1e-06,7.44e-06
hunger,1.13e-06,7.9e-07,9.1e-07,9.1e-07,7.6e-07,7.6e-07,7.6e-07,7.6e-07,9.6e-07
mariah,0.0,1.6e-07,1.5e-07,1.5e-07,1.5e-07,1.5e-07,0.0,0.0,8e-08
sic,2.26e-06,3.65e-06,3.48e-06,3.03e-06,2.88e-06,2.89e-06,3.51e-06,3.36e-06,2.96e-06
municipality,3.07e-06,3.17e-06,2.73e-06,2.88e-06,3.04e-06,2.89e-06,2.9e-06,2.75e-06,3.12e-06
usps,3.2e-07,3.2e-07,3e-07,4.5e-07,3e-07,3e-07,3e-07,3.1e-07,3.2e-07
joyce,6.62e-06,6.82e-06,6.36e-06,6.22e-06,6.37e-06,6.4e-06,6.4e-06,7.03e-06,6.72e-06
detective,7.27e-06,6.82e-06,7.73e-06,8.79e-06,8.96e-06,8.68e-06,8.84e-06,8.56e-06,7.04e-06
surgeon,2.1e-06,2.22e-06,2.12e-06,1.82e-06,1.82e-06,1.83e-06,2.29e-06,2.29e-06,2.16e-06
cement,8.1e-07,7.9e-07,9.1e-07,1.06e-06,9.1e-07,9.1e-07,1.07e-06,1.07e-06,8e-07
experiencing,5e-06,5.07e-06,5e-06,5.91e-06,6.07e-06,6.55e-06,7.16e-06,6.57e-06,5.04e-06
fireplace,0.0,0.0,0.0,0.0,0.0,0.0,0.0,0.0,0.0
endorsement,3.39e-06,3.01e-06,2.88e-06,2.58e-06,2.73e-06,2.89e-06,3.05e-06,2.9e-06,3.2e-06
bg,2.91e-06,3.01e-06,2.88e-06,2.88e-06,2.88e-06,2.89e-06,2.59e-06,2.6e-06,2.96e-06
planners,3.87e-06,3.96e-06,4.24e-06,4.25e-06,3.95e-06,3.96e-06,3.96e-06,3.98e-06,3.92e-06
disputes,6.14e-06,5.23e-06,5.61e-06,5.76e-06,5.92e-06,5.48e-06,6.25e-06,6.73e-06,5.68e-06
textiles,4.52e-06,4.44e-06,5.15e-06,4.4e-06,4.71e-06,4.11e-06,4.42e-06,4.28e-06,4.48e-06
missile,1.372e-05,1.49e-05,1.409e-05,1.395e-05,1.366e-05,1.37e-05,1.311e-05,1.3e-05,1.431e-05
intranet,9.36e-06,9.19e-06,9.54e-06,9.4e-06,9.41e-06,9.14e-06,9.6e-06,9.33e-06,9.28e-06
closes,3.23e-06,3.33e-06,2.88e-06,2.73e-06,2.88e-06,2.89e-06,2.59e-06,2.75e-06,3.28e-06
seq,4.68e-06,5.07e-06,4.7e-06,4.7e-06,4.71e-06,4.26e-06,4.12e-06,3.98e-06,4.87e-06
psychiatry,2.58e-06,2.54e-06,2.42e-06,2.58e-06,2.43e-06,2.59e-06,2.59e-06,2.29e-06,2.56e-06
persistent,3.181e-05,3.313e-05,3.182e-05,3.214e-05,3.263e-05,3.274e-05,3.216e-05,3.272e-05,3.247e-05
deborah,2.91e-06,3.8e-06,3.64e-06,3.34e-06,3.64e-06,3.96e-06,4.12e-06,4.13e-06,3.36e-06
conf,8.23e-06,7.77e-06,8.03e-06,7.43e-06,6.98e-06,6.09e-06,5.94e-06,5.81e-06,8e-06
marco,5e-06,4.75e-06,5.3e-06,5.31e-06,5.62e-06,5.63e-06,5.79e-06,5.5e-06,4.87e-06
assists,6.78e-06,6.82e-06,6.51e-06,7.13e-06,7.29e-06,7.31e-06,7.16e-06,6.88e-06,6.8e-06
summaries,6.46e-06,6.02e-06,6.21e-06,6.06e-06,6.07e-06,6.55e-06,6.25e-06,6.27e-06,6.24e-06
glow,1.29e-06,1.27e-06,1.21e-06,1.06e-06,1.06e-06,1.07e-06,1.07e-06,1.07e-06,1.28e-06
gabriel,5.97e-06,6.02e-06,6.06e-06,6.06e-06,6.07e-06,6.09e-06,6.1e-06,6.12e-06,5.99e-06
auditor,8.1e-07,1.43e-06,1.52e-06,1.06e-06,1.06e-06,1.07e-06,1.07e-06,9.2e-07,1.12e-06
wma,1.45e-06,1.58e-06,1.52e-06,1.52e-06,1.82e-06,1.52e-06,1.68e-06,1.68e-06,1.51e-06
aquarium,1.45e-06,1.27e-06,1.21e-06,1.21e-06,1.21e-06,1.22e-06,9.1e-07,9.2e-07,1.36e-06
violin,9.7e-07,9.5e-07,9.1e-07,9.1e-07,9.1e-07,7.6e-07,9.1e-07,1.22e-06,9.6e-07
prophet,3.39e-06,2.85e-06,2.88e-06,2.43e-06,2.28e-06,2.13e-06,2.13e-06,2.14e-06,3.12e-06
cir,3.71e-06,3.65e-06,4.09e-06,3.49e-06,3.04e-06,3.96e-06,3.96e-06,3.98e-06,3.68e-06
bracket,2.1e-06,1.58e-06,1.82e-06,2.43e-06,2.12e-06,1.98e-06,2.13e-06,1.83e-06,1.84e-06
looksmart,1.29e-06,1.43e-06,1.82e-06,1.82e-06,1.67e-06,1.67e-06,1.68e-06,1.68e-06,1.36e-06
isaac,1.437e-05,1.426e-05,1.485e-05,1.471e-05,1.533e-05,1.629e-05,1.631e-05,1.636e-05,1.432e-05
oxide,8.23e-06,8.88e-06,1.364e-05,1.304e-05,1.305e-05,1.249e-05,1.219e-05,1.208e-05,8.56e-06
oaks,2.26e-06,2.22e-06,2.42e-06,2.43e-06,2.43e-06,2.59e-06,2.44e-06,2.45e-06,2.24e-06
magnificent,1.6e-07,1.6e-07,1.5e-07,1.5e-07,1.5e-07,1.5e-07,1.5e-07,1.5e-07,1.6e-07
erik,1.356e-05,1.331e-05,1.394e-05,1.41e-05,1.381e-05,1.355e-05,1.387e-05,1.422e-05,1.343e-05
colleague,5.97e-06,6.18e-06,7.27e-06,7.58e-06,7.44e-06,7.61e-06,7.47e-06,7.49e-06,6.08e-06
naples,1.45e-06,1.43e-06,1.36e-06,1.36e-06,1.67e-06,1.52e-06,1.52e-06,1.53e-06,1.44e-06
promptly,6.5e-07,7.9e-07,9.1e-07,9.1e-07,7.6e-07,6.1e-07,4.6e-07,4.6e-07,7.2e-07
modems,2.842e-05,2.79e-05,2.818e-05,2.835e-05,2.838e-05,2.863e-05,2.759e-05,2.721e-05,2.816e-05
adaptation,3.616e-05,3.947e-05,4e-05,4.079e-05,4.159e-05,4.065e-05,4.146e-05,4.266e-05,3.782e-05
hu,7.91e-06,8.4e-06,8.03e-06,8.19e-06,8.8e-06,8.37e-06,8.23e-06,8.1e-06,8.15e-06
harmful,5.97e-06,6.18e-06,6.51e-06,6.52e-06,7.13e-06,7.61e-06,7.47e-06,7.34e-06,6.08e-06
paintball,1.45e-06,1.43e-06,1.52e-06,1.21e-06,1.21e-06,1.22e-06,1.22e-06,1.22e-06,1.44e-06
prozac,3.2e-07,3.2e-07,3e-07,3e-07,3e-07,3e-07,3e-07,3.1e-07,3.2e-07
sexually,3.55e-06,3.49e-06,4.24e-06,4.85e-06,4.71e-06,4.42e-06,4.57e-06,4.43e-06,3.52e-06
enclosure,1.259e-05,1.173e-05,1.106e-05,1.077e-05,1.093e-05,1.081e-05,1.082e-05,1.04e-05,1.216e-05
acm,0.00020892,0.000207,0.00020575,0.00020135,0.00019444,0.00019003,0.00019008,0.00018698,0.00020796
dividend,1.61e-06,1.58e-06,1.36e-06,1.36e-06,1.37e-06,1.37e-06,1.37e-06,1.53e-06,1.59e-06
newark,2.58e-06,2.22e-06,1.82e-06,1.67e-06,1.67e-06,1.83e-06,1.68e-06,1.68e-06,2.4e-06
kw,4.36e-06,4.44e-06,5e-06,4.85e-06,5.01e-06,5.18e-06,5.18e-06,5.2e-06,4.4e-06
paso,1.13e-06,1.11e-06,1.36e-06,1.21e-06,1.37e-06,1.37e-06,1.37e-06,1.22e-06,1.12e-06
glucose,8.1e-07,6.3e-07,6.1e-07,6.1e-07,6.1e-07,6.1e-07,6.1e-07,6.1e-07,7.2e-07
phantom,8.56e-06,8.88e-06,9.39e-06,9.7e-06,9.11e-06,9.14e-06,9.3e-06,8.71e-06,8.72e-06
norm,1.614e-05,1.601e-05,1.636e-05,1.713e-05,1.7e-05,1.644e-05,1.661e-05,1.697e-05,1.608e-05
playback,2.357e-05,2.346e-05,2.227e-05,2.365e-05,2.429e-05,2.421e-05,2.408e-05,2.355e-05,2.352e-05
supervisors,2.1e-06,2.06e-06,2.42e-06,2.58e-06,2.58e-06,2.59e-06,2.59e-06,2.45e-06,2.08e-06
westminster,3.23e-06,3.17e-06,2.88e-06,3.18e-06,3.19e-06,3.05e-06,3.05e-06,2.9e-06,3.2e-06
turtle,8.4e-06,8.4e-06,8.48e-06,8.34e-06,8.5e-06,8.68e-06,8.69e-06,8.56e-06,8.4e-06
ips,8.88e-06,8.72e-06,1e-05,1.046e-05,1.093e-05,1.112e-05,1.128e-05,1.147e-05,8.8e-06
distances,2.567e-05,2.615e-05,2.56e-05,2.562e-05,2.55e-05,2.573e-05,2.561e-05,2.645e-05,2.591e-05
absorption,1.082e-05,1.03e-05,1.03e-05,1.046e-05,1.047e-05,1.035e-05,9.91e-06,1.07e-05,1.056e-05
treasures,3.55e-06,3.8e-06,3.48e-06,3.18e-06,3.19e-06,3.2e-06,2.9e-06,2.9e-06,3.67e-06
dsc,3.71e-06,3.17e-06,3.64e-06,3.64e-06,3.79e-06,3.65e-06,3.66e-06,3.67e-06,3.44e-06
warned,3.71e-06,3.65e-06,3.18e-06,3.18e-06,3.04e-06,3.5e-06,3.2e-06,2.75e-06,3.68e-06
neural,9.122e-05,9.605e-05,9.984e-05,0.00010007,9.79e-05,0.00010095,0.00010304,0.00010259,9.364e-05
ware,3.07e-06,3.33e-06,3.18e-06,2.88e-06,2.88e-06,2.74e-06,2.59e-06,2.45e-06,3.2e-06
fossil,4.84e-06,4.91e-06,4.55e-06,5.46e-06,5.46e-06,5.48e-06,5.79e-06,5.66e-06,4.87e-06
mia,9.7e-07,9.5e-07,1.36e-06,1.52e-06,1.67e-06,1.83e-06,1.52e-06,1.53e-06,9.6e-07
hometown,2.26e-06,2.38e-06,2.42e-06,2.12e-06,1.97e-06,1.98e-06,2.13e-06,2.29e-06,2.32e-06
badly,2.74e-06,2.69e-06,2.58e-06,2.27e-06,2.12e-06,2.13e-06,2.13e-06,1.83e-06,2.72e-06
transcripts,5.49e-06,5.23e-06,5.45e-06,5.46e-06,5.46e-06,5.33e-06,5.33e-06,5.5e-06,5.36e-06
apollo,1.179e-05,1.062e-05,1.045e-05,1.077e-05,1.184e-05,1.172e-05,1.174e-05,1.208e-05,1.121e-05
wan,2.115e-05,2.045e-05,2.015e-05,2.001e-05,2.079e-05,2.025e-05,2.043e-05,1.957e-05,2.08e-05
disappointed,1.13e-06,1.27e-06,1.21e-06,1.36e-06,1.52e-06,1.22e-06,1.22e-06,1.38e-06,1.2e-06
persian,6.46e-06,8.24e-06,1.076e-05,1.016e-05,9.26e-06,9.14e-06,8.69e-06,9.02e-06,7.35e-06
continually,1.033e-05,1.014e-05,9.54e-06,9.7e-06,9.71e-06,1.005e-05,1.006e-05,1.009e-05,1.023e-05
communist,1.082e-05,9.19e-06,1.015e-05,1.061e-05,1.047e-05,9.59e-06,9.15e-06,9.02e-06,1e-05
collectible,3.39e-06,4.44e-06,4.7e-06,4.85e-06,5.62e-06,5.48e-06,5.49e-06,5.81e-06,3.91e-06
handmade,1.29e-06,1.43e-06,1.36e-06,1.21e-06,1.06e-06,9.1e-07,9.1e-07,9.2e-07,1.36e-06
greene,3.23e-06,3.17e-06,3.48e-06,3.34e-06,3.34e-06,3.35e-06,3.51e-06,3.52e-06,3.2e-06
entrepreneurs,1.308e-05,1.49e-05,1.454e-05,1.516e-05,1.412e-05,1.416e-05,1.341e-05,1.284e-05,1.399e-05
robots,7.088e-05,6.593e-05,6.894e-05,6.838e-05,6.937e-05,7.05e-05,7.103e-05,6.681e-05,6.841e-05
grenada,3.2e-07,3.2e-07,3e-07,3e-07,3e-07,3e-07,3e-07,3.1e-07,3.2e-07
creations,7.91e-06,7.92e-06,8.33e-06,8.34e-06,8.2e-06,8.53e-06,9.3e-06,9.63e-06,7.92e-06
jade,5.97e-06,5.86e-06,5.76e-06,5.46e-06,5.62e-06,5.33e-06,6.1e-06,5.81e-06,5.92e-06
scoop,2.74e-06,2.85e-06,1.82e-06,1.82e-06,1.82e-06,1.67e-06,1.52e-06,1.53e-06,2.79e-06
acquisitions,1.162e-05,1.205e-05,1.273e-05,1.228e-05,1.184e-05,1.112e-05,1.128e-05,1.131e-05,1.184e-05
foul,4.8e-07,4.8e-07,4.5e-07,4.5e-07,4.6e-07,4.6e-07,6.1e-07,6.1e-07,4.8e-07
keno,6.5e-07,6.3e-07,6.1e-07,6.1e-07,6.1e-07,6.1e-07,6.1e-07,6.1e-07,6.4e-07
gtk,1.146e-05,1.094e-05,1.121e-05,1.137e-05,1.275e-05,1.249e-05,1.219e-05,1.223e-05,1.12e-05
earning,1.162e-05,1.157e-05,1.121e-05,1.137e-05,1.138e-05,1.142e-05,1.158e-05,1.193e-05,1.159e-05
mailman,1.13e-06,1.11e-06,1.06e-06,1.06e-06,1.06e-06,9.1e-07,1.07e-06,1.07e-06,1.12e-06
sanyo,2.58e-06,2.38e-06,2.12e-06,2.27e-06,2.28e-06,2.44e-06,2.44e-06,2.14e-06,2.48e-06
nested,2.583e-05,2.536e-05,2.394e-05,2.35e-05,2.277e-05,2.345e-05,2.408e-05,2.477e-05,2.56e-05
biodiversity,9.04e-06,9.67e-06,9.24e-06,8.95e-06,9.56e-06,1.005e-05,1.037e-05,1.04e-05,9.36e-06
excitement,2.58e-06,2.54e-06,2.58e-06,2.58e-06,2.43e-06,2.59e-06,2.44e-06,2.45e-06,2.56e-06
somalia,6.5e-07,9.5e-07,1.21e-06,1.36e-06,1.37e-06,1.52e-06,1.37e-06,1.38e-06,8e-07
movers,4.8e-07,4.8e-07,3e-07,3e-07,3e-07,3e-07,3e-07,3.1e-07,4.8e-07
verbal,6.46e-06,6.5e-06,6.67e-06,6.22e-06,6.22e-06,6.09e-06,6.71e-06,6.57e-06,6.48e-06
blink,2.58e-06,3.65e-06,3.48e-06,3.18e-06,3.19e-06,3.35e-06,3.35e-06,4.28e-06,3.11e-06
presently,7.91e-06,7.77e-06,7.73e-06,7.28e-06,6.53e-06,6.4e-06,7.16e-06,7.19e-06,7.84e-06
seas,4.2e-06,4.28e-06,4.09e-06,4.09e-06,4.1e-06,3.96e-06,3.51e-06,3.82e-06,4.24e-06
carlo,3.116e-05,3.17e-05,3.091e-05,3.123e-05,3.218e-05,3.319e-05,3.353e-05,3.379e-05,3.143e-05
workflow,3.294e-05,3.392e-05,3.348e-05,3.305e-05,3.385e-05,3.35e-05,3.399e-05,3.348e-05,3.343e-05
mysterious,9.85e-06,9.67e-06,1.106e-05,1.077e-05,1.093e-05,1.142e-05,1.143e-05,1.131e-05,9.76e-06
novelty,6.14e-06,5.86e-06,5.76e-06,4.85e-06,5.16e-06,5.02e-06,4.73e-06,4.59e-06,6e-06
bryant,6.62e-06,6.5e-06,6.06e-06,6.06e-06,6.22e-06,6.24e-06,6.4e-06,6.27e-06,6.56e-06
tiles,9.36e-06,9.51e-06,9.24e-06,9.55e-06,9.56e-06,1.035e-05,1.067e-05,1.055e-05,9.44e-06
voyuer,0.0,0.0,0.0,0.0,0.0,0.0,0.0,0.0,0.0
librarian,8.72e-06,8.08e-06,7.12e-06,7.28e-06,7.29e-06,7.61e-06,6.86e-06,6.88e-06,8.4e-06
subsidiaries,1.356e-05,1.331e-05,1.576e-05,1.486e-05,1.442e-05,1.416e-05,1.463e-05,1.498e-05,1.343e-05
switched,5.909e-05,5.864e-05,5.878e-05,5.807e-05,5.844e-05,5.756e-05,5.716e-05,5.749e-05,5.886e-05
stockholm,1.921e-05,1.839e-05,1.803e-05,1.759e-05,1.67e-05,1.705e-05,1.707e-05,1.651e-05,1.88e-05
tamil,1.195e-05,1.141e-05,1.258e-05,1.167e-05,1.275e-05,1.203e-05,1.204e-05,1.208e-05,1.168e-05
garmin,1.13e-06,1.11e-06,1.06e-06,1.06e-06,1.06e-06,1.07e-06,1.07e-06,1.22e-06,1.12e-06
ru,1.776e-05,1.759e-05,1.636e-05,1.592e-05,1.457e-05,1.325e-05,1.372e-05,1.345e-05,1.767e-05
pose,1.195e-05,1.062e-05,1.106e-05,1.122e-05,1.229e-05,1.568e-05,1.661e-05,1.621e-05,1.129e-05
fuzzy,6.781e-05,6.974e-05,6.833e-05,6.277e-05,6.011e-05,6.075e-05,5.96e-05,6.467e-05,6.878e-05
indonesian,7.43e-06,7.13e-06,8.94e-06,8.95e-06,8.96e-06,8.22e-06,8.38e-06,8.71e-06,7.28e-06
grams,4.84e-06,4.91e-06,5e-06,5.16e-06,4.86e-06,5.02e-06,5.03e-06,4.74e-06,4.87e-06
therapist,2.58e-06,2.85e-06,2.58e-06,2.58e-06,2.58e-06,2.59e-06,2.59e-06,2.6e-06,2.71e-06
richards,4.52e-06,6.34e-06,6.06e-06,6.52e-06,7.13e-06,7.31e-06,7.16e-06,7.19e-06,5.43e-06
mrna,2.42e-06,2.22e-06,2.12e-06,2.27e-06,2.28e-06,2.13e-06,2.13e-06,2.14e-06,2.32e-06
budgets,1.78e-06,1.9e-06,2.12e-06,2.43e-06,2.58e-06,2.28e-06,2.44e-06,2.29e-06,1.84e-06
toolkit,4.698e-05,4.755e-05,4.606e-05,4.64e-05,4.614e-05,4.568e-05,4.603e-05,4.526e-05,4.727e-05
promising,1.017e-05,1.046e-05,9.7e-06,9.4e-06,9.41e-06,9.59e-06,1.037e-05,9.78e-06,1.031e-05
relaxation,9.69e-06,9.83e-06,9.7e-06,9.86e-06,9.71e-06,9.14e-06,9.3e-06,8.87e-06,9.76e-06
goat,1.45e-06,1.58e-06,1.82e-06,1.97e-06,1.21e-06,1.52e-06,1.68e-06,1.53e-06,1.51e-06
render,3.035e-05,3.091e-05,3.136e-05,3.093e-05,2.99e-05,2.969e-05,3.003e-05,2.951e-05,3.063e-05
carmen,8.1e-07,7.9e-07,7.6e-07,7.6e-07,1.21e-06,1.22e-06,1.22e-06,1.38e-06,8e-07
ira,2.58e-06,2.38e-06,2.27e-06,2.43e-06,2.73e-06,2.74e-06,2.74e-06,2.75e-06,2.48e-06
sen,4.68e-06,4.44e-06,4.55e-06,4.25e-06,4.71e-06,4.42e-06,4.88e-06,4.74e-06,4.56e-06
thereafter,1.469e-05,1.522e-05,1.47e-05,1.44e-05,1.442e-05,1.462e-05,1.494e-05,1.514e-05,1.495e-05
hardwood,0.0,0.0,0.0,0.0,0.0,1.5e-07,1.5e-07,1.5e-07,0.0
erotica,4.8e-07,4.8e-07,4.5e-07,4.5e-07,4.6e-07,4.6e-07,4.6e-07,4.6e-07,4.8e-07
temporal,4.343e-05,4.406e-05,4.712e-05,4.715e-05,4.356e-05,4.461e-05,4.436e-05,4.495e-05,4.375e-05
sail,2.26e-06,2.38e-06,3.18e-06,3.18e-06,3.19e-06,3.05e-06,3.05e-06,2.9e-06,2.32e-06
forge,4.36e-06,4.28e-06,4.39e-06,4.55e-06,4.71e-06,4.87e-06,4.42e-06,4.59e-06,4.32e-06
commissioners,4.8e-07,7.9e-07,6.1e-07,6.1e-07,6.1e-07,6.1e-07,6.1e-07,6.1e-07,6.3e-07
dense,1.388e-05,1.363e-05,1.394e-05,1.425e-05,1.412e-05,1.462e-05,1.372e-05,1.452e-05,1.375e-05
dts,1.78e-06,1.58e-06,1.67e-06,1.67e-06,1.67e-06,1.83e-06,1.83e-06,1.83e-06,1.68e-06
brave,2.58e-06,3.96e-06,3.79e-06,3.94e-06,4.1e-06,4.26e-06,4.73e-06,5.35e-06,3.27e-06
forwarding,2.583e-05,2.663e-05,2.697e-05,2.729e-05,2.702e-05,2.741e-05,2.728e-05,2.767e-05,2.623e-05
qt,1.954e-05,1.981e-05,1.97e-05,2.032e-05,1.988e-05,1.934e-05,1.951e-05,1.957e-05,1.967e-05
awful,8.1e-07,6.3e-07,7.6e-07,7.6e-07,6.1e-07,6.1e-07,7.6e-07,7.6e-07,7.2e-07
nightmare,1.61e-06,1.58e-06,1.67e-06,1.82e-06,1.67e-06,1.67e-06,1.22e-06,1.22e-06,1.59e-06
airplane,4.2e-06,4.12e-06,3.79e-06,3.34e-06,3.49e-06,3.35e-06,3.05e-06,3.52e-06,4.16e-06
reductions,1.598e-05,1.696e-05,1.545e-05,1.516e-05,1.533e-05,1.507e-05,1.494e-05,1.498e-05,1.647e-05
southampton,7.1e-06,6.97e-06,6.82e-06,6.67e-06,6.68e-06,6.24e-06,5.94e-06,5.96e-06,7.03e-06
istanbul,3.23e-06,3.33e-06,3.18e-06,2.88e-06,3.19e-06,3.65e-06,3.96e-06,3.82e-06,3.28e-06
impose,5.97e-06,5.39e-06,5.15e-06,5.16e-06,4.71e-06,4.57e-06,4.73e-06,4.59e-06,5.68e-06
organisms,1.631e-05,1.633e-05,1.682e-05,1.683e-05,1.715e-05,1.705e-05,1.692e-05,1.712e-05,1.632e-05
sega,0.0001043,0.00010635,0.00010742,0.00011326,0.0001231,0.00011968,0.00012148,0.00012323,0.00010532
telescope,1.308e-05,1.347e-05,1.379e-05,1.395e-05,1.412e-05,1.416e-05,1.418e-05,1.437e-05,1.328e-05
viewers,2.89e-05,2.9e-05,3.318e-05,3.381e-05,3.294e-05,3.35e-05,3.353e-05,3.364e-05,2.895e-05
asbestos,1.6e-07,1.6e-07,3e-07,3e-07,3e-07,1.5e-07,1.5e-07,1.5e-07,1.6e-07
portsmouth,1.13e-06,9.5e-07,1.06e-06,9.1e-07,9.1e-07,9.1e-07,1.07e-06,1.07e-06,1.04e-06
cdna,3.2e-07,3.2e-07,3e-07,3e-07,3e-07,3e-07,3e-07,3.1e-07,3.2e-07
meyer,1.275e-05,1.236e-05,1.167e-05,1.183e-05,1.078e-05,1.035e-05,1.067e-05,1.07e-05,1.256e-05
enters,9.2e-06,9.67e-06,9.39e-06,9.7e-06,8.2e-06,8.98e-06,8.69e-06,8.56e-06,9.44e-06
pod,3.71e-06,3.8e-06,3.48e-06,3.49e-06,3.64e-06,3.65e-06,3.81e-06,3.82e-06,3.76e-06
savage,5.17e-06,4.75e-06,5.76e-06,5.61e-06,5.62e-06,5.63e-06,5.49e-06,5.5e-06,4.96e-06
advancement,2.761e-05,2.805e-05,2.818e-05,2.79e-05,2.762e-05,2.619e-05,2.744e-05,2.981e-05,2.783e-05
wu,1.195e-05,1.157e-05,1.227e-05,1.167e-05,1.169e-05,1.127e-05,1.113e-05,1.131e-05,1.176e-05
harassment,5.33e-06,6.97e-06,9.09e-06,9.7e-06,1.002e-05,1.051e-05,1.128e-05,1.177e-05,6.15e-06
willow,3.71e-06,4.44e-06,3.64e-06,3.94e-06,4.1e-06,3.81e-06,3.96e-06,3.98e-06,4.07e-06
resumes,9.7e-07,7.9e-07,7.6e-07,7.6e-07,7.6e-07,6.1e-07,4.6e-07,6.1e-07,8.8e-07
bolt,7.43e-06,7.29e-06,8.18e-06,8.49e-06,8.65e-06,8.68e-06,8.84e-06,9.02e-06,7.36e-06
gage,4.68e-06,4.12e-06,4.24e-06,3.79e-06,3.49e-06,3.5e-06,3.51e-06,3.82e-06,4.4e-06
throwing,3.39e-06,2.85e-06,2.73e-06,2.73e-06,2.73e-06,2.59e-06,2.59e-06,2.9e-06,3.12e-06
existed,2.745e-05,2.869e-05,2.803e-05,2.881e-05,2.762e-05,2.847e-05,2.85e-05,2.935e-05,2.807e-05
whore,4.8e-07,0.0,1.5e-07,1.5e-07,1.5e-07,1.5e-07,1.5e-07,1.5e-07,2.4e-07
generators,3.148e-05,3.091e-05,3.06e-05,3.032e-05,3.127e-05,3.121e-05,2.85e-05,2.905e-05,3.12e-05
lu,1.033e-05,1.173e-05,1.03e-05,1.001e-05,8.96e-06,8.53e-06,8.54e-06,8.56e-06,1.103e-05
wagon,1.45e-06,1.58e-06,1.67e-06,1.36e-06,1.21e-06,1.22e-06,1.22e-06,1.07e-06,1.51e-06
barbie,1.13e-06,1.11e-06,1.21e-06,1.21e-06,1.37e-06,1.22e-06,1.22e-06,1.22e-06,1.12e-06
dat,3.39e-06,4.12e-06,4.39e-06,4.55e-06,4.55e-06,3.65e-06,3.66e-06,3.98e-06,3.76e-06
favour,1.049e-05,1.014e-05,9.09e-06,9.55e-06,9.87e-06,9.74e-06,1.021e-05,1.04e-05,1.031e-05
soa,1.308e-05,1.252e-05,1.182e-05,1.213e-05,1.138e-05,1.127e-05,1.158e-05,1.193e-05,1.28e-05
knock,2.42e-06,2.38e-06,2.42e-06,2.58e-06,2.73e-06,2.28e-06,2.44e-06,2.29e-06,2.4e-06
urge,1.13e-06,1.11e-06,1.06e-06,1.21e-06,1.37e-06,1.37e-06,1.37e-06,1.07e-06,1.12e-06
smtp,1.308e-05,1.22e-05,1.212e-05,1.274e-05,1.275e-05,1.294e-05,1.28e-05,1.3e-05,1.264e-05
generates,4.521e-05,4.311e-05,4.363e-05,4.382e-05,4.402e-05,4.309e-05,4.207e-05,4.204e-05,4.416e-05
potatoes,1.6e-07,3.2e-07,3e-07,3e-07,3e-07,3e-07,3e-07,3.1e-07,2.4e-07
thorough,5.17e-06,4.75e-06,4.55e-06,4.55e-06,4.4e-06,4.11e-06,4.27e-06,3.98e-06,4.96e-06
replication,2.196e-05,2.14e-05,2.06e-05,2.183e-05,2.186e-05,2.193e-05,2.149e-05,2.217e-05,2.168e-05
inexpensive,1.518e-05,1.601e-05,1.621e-05,1.562e-05,1.533e-05,1.431e-05,1.463e-05,1.483e-05,1.56e-05
kurt,7.1e-06,7.45e-06,6.97e-06,6.82e-06,6.68e-06,7e-06,7.32e-06,7.03e-06,7.27e-06
receptors,2.91e-06,2.85e-06,3.18e-06,2.88e-06,3.04e-06,2.89e-06,2.44e-06,2.45e-06,2.88e-06
peers,1.986e-05,2.013e-05,1.954e-05,2.001e-05,1.897e-05,1.949e-05,1.966e-05,1.988e-05,2e-05
roland,9.69e-06,9.51e-06,8.94e-06,8.95e-06,8.8e-06,8.83e-06,9.15e-06,8.87e-06,9.6e-06
optimum,1.421e-05,1.379e-05,1.409e-05,1.365e-05,1.396e-05,1.416e-05,1.402e-05,1.422e-05,1.4e-05
neon,4.52e-06,4.12e-06,4.55e-06,4.7e-06,5.01e-06,5.33e-06,5.33e-06,5.35e-06,4.32e-06
interventions,5.17e-06,5.23e-06,5.91e-06,5.46e-06,5.62e-06,5.63e-06,5.79e-06,6.12e-06,5.2e-06
quilt,6.5e-07,6.3e-07,6.1e-07,6.1e-07,6.1e-07,6.1e-07,6.1e-07,6.1e-07,6.4e-07
huntington,9.7e-07,1.43e-06,1.52e-06,1.36e-06,1.37e-06,1.37e-06,1.37e-06,1.38e-06,1.2e-06
creature,7.43e-06,7.61e-06,8.03e-06,8.19e-06,8.04e-06,8.53e-06,7.93e-06,7.34e-06,7.52e-06
ours,1.6e-07,1.6e-07,3e-07,4.5e-07,3e-07,3e-07,3e-07,3.1e-07,1.6e-07
mounts,2.91e-06,2.85e-06,2.88e-06,2.88e-06,2.88e-06,2.89e-06,2.9e-06,3.06e-06,2.88e-06
syracuse,3.87e-06,3.8e-06,3.79e-06,3.49e-06,3.49e-06,3.35e-06,3.51e-06,3.21e-06,3.83e-06
internship,1.61e-06,1.58e-06,1.52e-06,1.52e-06,1.06e-06,9.1e-07,1.07e-06,1.07e-06,1.59e-06
lone,5.33e-06,5.23e-06,5.3e-06,5.31e-06,5.62e-06,5.79e-06,5.49e-06,5.5e-06,5.28e-06
refresh,1.259e-05,1.363e-05,1.424e-05,1.334e-05,1.366e-05,1.355e-05,1.448e-05,1.376e-05,1.311e-05
aluminium,2.74e-06,2.69e-06,2.27e-06,2.12e-06,1.97e-06,1.98e-06,1.83e-06,1.68e-06,2.72e-06
snowboard,1.13e-06,9.5e-07,9.1e-07,9.1e-07,7.6e-07,7.6e-07,7.6e-07,9.2e-07,1.04e-06
beastality,0.0,0.0,0.0,0.0,0.0,0.0,0.0,0.0,0.0
webcast,3.23e-06,3.17e-06,3.18e-06,3.03e-06,3.04e-06,3.35e-06,3.05e-06,3.06e-06,3.2e-06
michel,1.13e-05,1.173e-05,1.197e-05,1.183e-05,1.229e-05,1.172e-05,1.204e-05,1.208e-05,1.152e-05
evanescence,0.0,0.0,0.0,0.0,0.0,0.0,1.5e-07,1.5e-07,0.0
subtle,7.43e-06,7.61e-06,7.88e-06,7.58e-06,6.98e-06,7.16e-06,7.16e-06,7.03e-06,7.52e-06
coordinated,1.841e-05,1.902e-05,1.848e-05,1.941e-05,2.019e-05,2.01e-05,1.997e-05,1.972e-05,1.871e-05
notre,2.58e-06,2.85e-06,2.42e-06,2.12e-06,2.28e-06,2.28e-06,1.83e-06,1.83e-06,2.71e-06
shipments,3.55e-06,3.17e-06,3.94e-06,4.25e-06,3.79e-06,3.5e-06,3.2e-06,3.36e-06,3.36e-06
maldives,1.45e-06,1.27e-06,1.52e-06,2.12e-06,2.12e-06,2.28e-06,2.13e-06,2.14e-06,1.36e-06
stripes,3.23e-06,4.12e-06,4.39e-06,4.4e-06,4.25e-06,4.26e-06,4.12e-06,4.28e-06,3.68e-06
firmware,5.425e-05,5.563e-05,5.53e-05,5.489e-05,5.373e-05,5.329e-05,5.137e-05,5.168e-05,5.494e-05
antarctica,2.1e-06,2.22e-06,1.82e-06,1.97e-06,1.97e-06,2.13e-06,2.29e-06,2.29e-06,2.16e-06
cope,8.72e-06,8.08e-06,8.79e-06,8.79e-06,8.65e-06,8.68e-06,8.23e-06,8.1e-06,8.4e-06
shepherd,8.1e-07,1.11e-06,1.06e-06,1.21e-06,1.21e-06,1.22e-06,1.22e-06,1.22e-06,9.6e-07
lm,4.68e-06,4.91e-06,4.85e-06,4.7e-06,4.71e-06,4.57e-06,4.42e-06,2.14e-06,4.79e-06
canberra,4.84e-06,4.6e-06,4.85e-06,4.85e-06,5.31e-06,5.02e-06,4.88e-06,4.74e-06,4.72e-06
cradle,2.1e-06,2.06e-06,1.97e-06,2.12e-06,1.97e-06,1.98e-06,1.98e-06,1.99e-06,2.08e-06
chancellor,1.582e-05,1.553e-05,1.485e-05,1.516e-05,1.533e-05,1.538e-05,1.509e-05,1.498e-05,1.568e-05
mambo,1.6e-07,1.6e-07,0.0,0.0,0.0,0.0,0.0,0.0,1.6e-07
lime,9.7e-07,1.11e-06,1.06e-06,1.21e-06,1.21e-06,1.37e-06,1.22e-06,1.38e-06,1.04e-06
kirk,3.87e-06,3.96e-06,3.79e-06,3.79e-06,3.79e-06,3.96e-06,3.96e-06,3.98e-06,3.92e-06
flour,0.0,0.0,0.0,0.0,0.0,0.0,0.0,0.0,0.0
controversy,2.89e-05,2.964e-05,3.121e-05,3.093e-05,3.112e-05,3.015e-05,3.033e-05,3.027e-05,2.927e-05
legendary,5.49e-06,5.86e-06,6.06e-06,5.76e-06,5.46e-06,5.18e-06,5.33e-06,5.5e-06,5.67e-06
bool,1.6e-07,1.6e-07,1.5e-07,1.5e-07,1.5e-07,1.5e-07,3e-07,3.1e-07,1.6e-07
sympathy,6.5e-07,6.3e-07,7.6e-07,7.6e-07,1.21e-06,1.37e-06,1.07e-06,9.2e-07,6.4e-07
choir,9.7e-07,9.5e-07,1.06e-06,9.1e-07,9.1e-07,9.1e-07,9.1e-07,9.2e-07,9.6e-07
avoiding,2.535e-05,2.615e-05,2.576e-05,2.759e-05,2.793e-05,2.71e-05,2.728e-05,2.706e-05,2.575e-05
beautifully,3.2e-07,3.2e-07,3e-07,3e-07,3e-07,1.5e-07,1.5e-07,1.5e-07,3.2e-07
blond,0.0,0.0,0.0,0.0,0.0,0.0,0.0,0.0,0.0
expects,2.91e-06,3.33e-06,3.18e-06,3.03e-06,3.19e-06,3.2e-06,3.05e-06,3.06e-06,3.12e-06
cho,2.58e-06,2.22e-06,2.27e-06,2.43e-06,2.58e-06,2.28e-06,1.83e-06,2.14e-06,2.4e-06
jumping,7.27e-06,7.61e-06,7.27e-06,8.04e-06,8.5e-06,8.22e-06,8.38e-06,8.87e-06,7.44e-06
fabrics,5.33e-06,5.39e-06,5.3e-06,5.16e-06,4.71e-06,3.5e-06,3.96e-06,3.67e-06,5.36e-06
antibodies,4.8e-07,6.3e-07,6.1e-07,6.1e-07,6.1e-07,6.1e-07,6.1e-07,7.6e-07,5.5e-07
polymer,4.2e-06,4.28e-06,4.09e-06,4.4e-06,4.25e-06,4.26e-06,3.81e-06,3.98e-06,4.24e-06
hygiene,4.8e-07,7.9e-07,9.1e-07,9.1e-07,9.1e-07,9.1e-07,9.1e-07,9.2e-07,6.3e-07
wit,3.55e-06,2.85e-06,3.03e-06,3.03e-06,1.82e-06,1.98e-06,1.83e-06,1.68e-06,3.2e-06
poultry,1.6e-07,1.6e-07,1.5e-07,0.0,0.0,0.0,0.0,0.0,1.6e-07
virtue,3.71e-06,3.33e-06,3.48e-06,3.34e-06,3.19e-06,3.05e-06,2.9e-06,3.06e-06,3.52e-06
burst,1.275e-05,1.141e-05,1.212e-05,1.228e-05,1.214e-05,1.233e-05,1.25e-05,1.208e-05,1.208e-05
examinations,4.2e-06,4.44e-06,4.39e-06,4.55e-06,4.86e-06,5.02e-06,4.73e-06,4.43e-06,4.32e-06
surgeons,2.1e-06,2.22e-06,2.27e-06,2.12e-06,2.28e-06,2.44e-06,2.29e-06,2.29e-06,2.16e-06
bouquet,9.7e-07,9.5e-07,9.1e-07,9.1e-07,9.1e-07,9.1e-07,9.1e-07,7.6e-07,9.6e-07
immunology,1.61e-06,1.74e-06,1.67e-06,1.82e-06,1.97e-06,1.98e-06,1.83e-06,1.83e-06,1.68e-06
promotes,2.196e-05,2.187e-05,2.167e-05,2.092e-05,2.064e-05,1.995e-05,1.966e-05,1.926e-05,2.191e-05
mandate,6.3e-06,6.82e-06,6.67e-06,7.28e-06,7.13e-06,6.7e-06,6.4e-06,6.42e-06,6.56e-06
wiley,3.374e-05,3.186e-05,2.909e-05,2.911e-05,2.854e-05,2.802e-05,2.667e-05,2.66e-05,3.28e-05
departmental,4.68e-06,4.44e-06,4.24e-06,4.4e-06,4.25e-06,4.26e-06,4.27e-06,4.28e-06,4.56e-06
bbs,4.036e-05,3.851e-05,4e-05,3.836e-05,3.81e-05,3.822e-05,3.811e-05,3.608e-05,3.944e-05
spas,1.6e-07,1.6e-07,1.5e-07,1.5e-07,1.5e-07,1.5e-07,1.5e-07,1.5e-07,1.6e-07
ind,1.61e-06,1.11e-06,7.6e-07,7.6e-07,7.6e-07,7.6e-07,7.6e-07,7.6e-07,1.36e-06
corpus,3.859e-05,3.836e-05,3.879e-05,3.897e-05,3.916e-05,4.005e-05,4.024e-05,3.99e-05,3.848e-05
johnston,2.58e-06,2.69e-06,2.73e-06,2.73e-06,3.04e-06,3.05e-06,3.05e-06,2.9e-06,2.64e-06
terminology,3.552e-05,3.693e-05,3.651e-05,3.715e-05,3.764e-05,3.852e-05,3.902e-05,3.838e-05,3.622e-05
gentleman,9.7e-07,9.5e-07,9.1e-07,1.06e-06,1.21e-06,1.22e-06,1.22e-06,1.07e-06,9.6e-07
fibre,4.052e-05,3.962e-05,3.818e-05,3.775e-05,3.764e-05,3.791e-05,3.734e-05,3.776e-05,4.007e-05
reproduce,1.243e-05,1.173e-05,1.091e-05,1.107e-05,1.108e-05,1.096e-05,1.113e-05,1.086e-05,1.208e-05
convicted,9.69e-06,1.03e-05,1.045e-05,1.167e-05,1.199e-05,1.249e-05,1.311e-05,1.422e-05,1e-05
shades,5.49e-06,5.07e-06,5.76e-06,5.46e-06,5.31e-06,5.02e-06,5.33e-06,5.2e-06,5.28e-06
jets,1.61e-06,1.43e-06,1.06e-06,9.1e-07,9.1e-07,9.1e-07,9.1e-07,1.07e-06,1.52e-06
indices,1.518e-05,1.585e-05,1.606e-05,1.622e-05,1.624e-05,1.644e-05,1.646e-05,1.667e-05,1.551e-05
roommates,1.45e-06,1.58e-06,1.52e-06,1.82e-06,1.82e-06,1.67e-06,1.68e-06,1.68e-06,1.51e-06
adware,7.27e-06,6.82e-06,6.97e-06,6.67e-06,6.98e-06,6.55e-06,6.55e-06,6.73e-06,7.04e-06
qui,9.7e-07,1.11e-06,1.06e-06,9.1e-07,9.1e-07,1.22e-06,1.07e-06,7.6e-07,1.04e-06
intl,2.1e-06,2.22e-06,1.52e-06,1.36e-06,1.37e-06,1.22e-06,9.1e-07,9.2e-07,2.16e-06
threatening,5e-06,5.07e-06,4.55e-06,4.55e-06,4.55e-06,4.11e-06,4.42e-06,4.13e-06,5.04e-06
spokesman,3.71e-06,3.65e-06,3.64e-06,3.34e-06,3.19e-06,2.74e-06,2.29e-06,2.29e-06,3.68e-06
zoloft,0.0,0.0,0.0,0.0,0.0,0.0,0.0,0.0,0.0
activists,1.356e-05,1.411e-05,1.5e-05,1.471e-05,1.396e-05,1.416e-05,1.448e-05,1.361e-05,1.384e-05
frankfurt,6.3e-06,7.13e-06,8.03e-06,8.34e-06,8.5e-06,8.07e-06,8.08e-06,7.95e-06,6.72e-06
prisoner,2.91e-06,2.85e-06,2.73e-06,2.43e-06,2.58e-06,2.59e-06,2.44e-06,2.6e-06,2.88e-06
daisy,8.88e-06,8.56e-06,8.48e-06,8.79e-06,8.5e-06,9.29e-06,9.15e-06,9.48e-06,8.72e-06
halifax,2.26e-06,2.85e-06,2.27e-06,2.12e-06,2.12e-06,1.98e-06,1.98e-06,2.45e-06,2.56e-06
encourages,1.582e-05,1.553e-05,1.545e-05,1.486e-05,1.381e-05,1.279e-05,1.28e-05,1.131e-05,1.568e-05
ultram,0.0,0.0,0.0,0.0,0.0,0.0,0.0,0.0,0.0
cursor,1.954e-05,1.87e-05,1.924e-05,1.956e-05,1.806e-05,1.751e-05,1.722e-05,1.728e-05,1.912e-05
assembled,1.986e-05,1.997e-05,1.909e-05,1.88e-05,1.821e-05,1.827e-05,1.814e-05,1.85e-05,1.992e-05
earliest,5.731e-05,5.595e-05,5.394e-05,5.625e-05,5.662e-05,5.71e-05,5.762e-05,5.81e-05,5.663e-05
donated,1.324e-05,1.284e-05,1.242e-05,1.167e-05,1.123e-05,1.127e-05,1.113e-05,1.101e-05,1.304e-05
stuffed,8.1e-07,7.9e-07,9.1e-07,9.1e-07,9.1e-07,9.1e-07,9.1e-07,9.2e-07,8e-07
restructuring,6.3e-06,6.66e-06,6.36e-06,6.22e-06,5.77e-06,5.94e-06,5.79e-06,5.35e-06,6.48e-06
insects,2.42e-06,2.38e-06,2.12e-06,2.43e-06,2.43e-06,2.44e-06,2.44e-06,2.45e-06,2.4e-06
terminals,5.053e-05,5.088e-05,4.985e-05,4.943e-05,4.963e-05,4.903e-05,5.015e-05,5.168e-05,5.07e-05
crude,3.23e-06,3.17e-06,3.18e-06,3.34e-06,3.79e-06,3.81e-06,3.51e-06,3.52e-06,3.2e-06
morrison,4.36e-06,4.28e-06,5.15e-06,5.31e-06,4.86e-06,4.72e-06,4.57e-06,4.59e-06,4.32e-06
maiden,2.58e-06,3.01e-06,2.88e-06,2.73e-06,2.12e-06,1.83e-06,1.83e-06,2.14e-06,2.79e-06
simulations,6.523e-05,6.609e-05,6.666e-05,6.793e-05,6.906e-05,7.019e-05,6.935e-05,7.308e-05,6.566e-05
cz,9.04e-06,8.08e-06,7.27e-06,6.97e-06,6.37e-06,6.55e-06,6.25e-06,5.81e-06,8.56e-06
sufficiently,1.97e-05,1.886e-05,1.864e-05,1.85e-05,1.882e-05,1.842e-05,1.86e-05,1.85e-05,1.928e-05
examines,7.43e-06,7.77e-06,7.88e-06,7.73e-06,7.44e-06,7e-06,6.71e-06,6.88e-06,7.6e-06
viking,2.1e-06,2.06e-06,2.73e-06,2.43e-06,2.43e-06,2.44e-06,2.44e-06,2.45e-06,2.08e-06
myrtle,0.0,0.0,0.0,0.0,0.0,0.0,0.0,0.0,0.0
bored,8.1e-07,7.9e-07,7.6e-07,7.6e-07,7.6e-07,6.1e-07,6.1e-07,6.1e-07,8e-07
cleanup,1.61e-06,1.58e-06,1.67e-06,1.52e-06,1.52e-06,1.37e-06,1.52e-06,1.53e-06,1.59e-06
yarn,8.1e-07,7.9e-07,9.1e-07,9.1e-07,9.1e-07,9.1e-07,9.1e-07,6.1e-07,8e-07
knit,1.29e-06,1.11e-06,1.06e-06,1.06e-06,1.06e-06,9.1e-07,9.1e-07,7.6e-07,1.2e-06
conditional,2.809e-05,2.821e-05,2.833e-05,2.775e-05,2.778e-05,2.786e-05,2.805e-05,2.783e-05,2.815e-05
mug,9.7e-07,4.8e-07,4.5e-07,4.5e-07,4.6e-07,4.6e-07,4.6e-07,4.6e-07,7.3e-07
crossword,2.58e-06,2.22e-06,2.12e-06,1.82e-06,1.67e-06,2.13e-06,2.13e-06,1.38e-06,2.4e-06
bother,4.8e-07,4.8e-07,3e-07,3e-07,3e-07,3e-07,1.5e-07,0.0,4.8e-07
budapest,8.72e-06,9.19e-06,8.94e-06,8.64e-06,8.65e-06,8.83e-06,8.38e-06,8.56e-06,8.95e-06
conceptual,3.584e-05,3.661e-05,3.666e-05,3.684e-05,3.597e-05,3.67e-05,3.567e-05,3.593e-05,3.622e-05
knitting,1.13e-06,1.11e-06,1.21e-06,1.21e-06,1.21e-06,1.07e-06,1.07e-06,1.07e-06,1.12e-06
attacked,8.88e-06,9.03e-06,8.33e-06,8.19e-06,7.74e-06,8.53e-06,8.99e-06,9.17e-06,8.95e-06
hl,5.97e-06,5.23e-06,3.03e-06,3.03e-06,2.58e-06,1.83e-06,1.07e-06,1.38e-06,5.6e-06
bhutan,1.94e-06,1.9e-06,1.67e-06,1.67e-06,1.52e-06,1.52e-06,1.52e-06,1.53e-06,1.92e-06
liechtenstein,8.1e-07,7.9e-07,7.6e-07,9.1e-07,7.6e-07,9.1e-07,1.07e-06,1.07e-06,8e-07
mating,2.1e-06,2.06e-06,1.82e-06,1.82e-06,1.97e-06,1.52e-06,1.68e-06,1.53e-06,2.08e-06
compute,7.475e-05,7.497e-05,7.469e-05,7.52e-05,7.574e-05,7.491e-05,7.332e-05,7.43e-05,7.486e-05
redhead,4.8e-07,4.8e-07,4.5e-07,4.5e-07,3e-07,3e-07,3e-07,3.1e-07,4.8e-07
arrives,6.94e-06,6.82e-06,6.21e-06,6.37e-06,6.22e-06,6.4e-06,6.4e-06,6.57e-06,6.88e-06
translator,1.921e-05,1.918e-05,1.909e-05,1.926e-05,1.988e-05,2.025e-05,2.073e-05,2.079e-05,1.92e-05
automobiles,4.04e-06,3.8e-06,3.79e-06,3.94e-06,3.79e-06,3.81e-06,4.12e-06,4.59e-06,3.92e-06
tractor,9.7e-07,7.9e-07,1.06e-06,1.06e-06,1.21e-06,1.07e-06,9.1e-07,9.2e-07,8.8e-07
allah,4.8e-07,4.8e-07,3e-07,6.1e-07,6.1e-07,6.1e-07,7.6e-07,1.07e-06,4.8e-07
continent,5e-06,4.6e-06,5.3e-06,5e-06,5.01e-06,4.87e-06,5.18e-06,5.2e-06,4.8e-06
ob,4.8e-07,4.8e-07,4.5e-07,3e-07,3e-07,3e-07,3e-07,3.1e-07,4.8e-07
unwrap,1.6e-07,1.6e-07,1.5e-07,1.5e-07,1.5e-07,1.5e-07,1.5e-07,1.5e-07,1.6e-07
fares,1.29e-06,1.27e-06,1.06e-06,9.1e-07,1.21e-06,1.22e-06,1.07e-06,1.22e-06,1.28e-06
longitude,5.81e-06,5.71e-06,5.61e-06,5.61e-06,5.62e-06,5.33e-06,5.33e-06,5.2e-06,5.76e-06
resist,4.04e-06,3.8e-06,4.24e-06,4.25e-06,4.1e-06,3.96e-06,4.12e-06,3.98e-06,3.92e-06
challenged,7.59e-06,6.82e-06,7.42e-06,7.73e-06,6.98e-06,7.16e-06,7.01e-06,6.88e-06,7.2e-06
telecharger,0.0,0.0,0.0,0.0,0.0,0.0,0.0,0.0,0.0
hoped,7.43e-06,7.13e-06,7.58e-06,8.04e-06,7.74e-06,7.16e-06,7.47e-06,7.34e-06,7.28e-06
pike,6.62e-06,6.97e-06,6.82e-06,6.52e-06,6.53e-06,6.4e-06,4.57e-06,4.13e-06,6.8e-06
safer,6.14e-06,6.5e-06,6.51e-06,6.06e-06,6.68e-06,6.4e-06,6.1e-06,6.27e-06,6.32e-06
insertion,1.518e-05,1.537e-05,1.515e-05,1.44e-05,1.396e-05,1.401e-05,1.402e-05,1.376e-05,1.527e-05
instrumentation,1.614e-05,1.68e-05,1.636e-05,1.607e-05,1.579e-05,1.599e-05,1.646e-05,1.728e-05,1.647e-05
ids,1.631e-05,1.585e-05,1.545e-05,1.622e-05,1.609e-05,1.584e-05,1.6e-05,1.575e-05,1.608e-05
hugo,1.405e-05,1.442e-05,1.5e-05,1.471e-05,1.487e-05,1.492e-05,1.524e-05,1.514e-05,1.423e-05
wagner,1.372e-05,1.411e-05,1.242e-05,1.289e-05,1.26e-05,1.02e-05,1.006e-05,9.48e-06,1.392e-05
constraint,5.57e-05,5.88e-05,5.788e-05,5.686e-05,5.616e-05,5.588e-05,5.64e-05,5.535e-05,5.725e-05
groundwater,5.97e-06,5.86e-06,5.15e-06,5.31e-06,5.46e-06,5.63e-06,5.64e-06,5.66e-06,5.92e-06
touched,3.39e-06,3.65e-06,3.48e-06,3.64e-06,3.79e-06,3.65e-06,3.66e-06,3.82e-06,3.52e-06
strengthening,2.58e-06,2.38e-06,2.27e-06,2.12e-06,1.97e-06,2.44e-06,2.13e-06,2.29e-06,2.48e-06
cologne,5.17e-06,4.75e-06,4.24e-06,4.85e-06,4.71e-06,4.87e-06,4.88e-06,4.89e-06,4.96e-06
gzip,3.87e-06,3.33e-06,3.03e-06,3.34e-06,3.34e-06,2.74e-06,2.9e-06,2.9e-06,3.6e-06
wishing,6.46e-06,6.5e-06,6.36e-06,6.22e-06,6.22e-06,5.79e-06,5.64e-06,5.66e-06,6.48e-06
ranger,5.81e-06,5.71e-06,5e-06,5.31e-06,5.46e-06,5.18e-06,5.18e-06,5.05e-06,5.76e-06
smallest,3.52e-05,3.392e-05,3.318e-05,3.366e-05,3.567e-05,3.502e-05,3.552e-05,3.593e-05,3.456e-05
insulation,9.7e-07,1.11e-06,9.1e-07,9.1e-07,9.1e-07,9.1e-07,9.1e-07,7.6e-07,1.04e-06
newman,1.146e-05,1.189e-05,1.242e-05,1.274e-05,1.214e-05,1.218e-05,1.326e-05,1.254e-05,1.167e-05
marsh,2.58e-06,3.01e-06,3.03e-06,3.03e-06,3.04e-06,2.89e-06,2.74e-06,2.75e-06,2.79e-06
ricky,1.29e-06,1.58e-06,1.52e-06,1.36e-06,1.37e-06,1.37e-06,1.52e-06,1.53e-06,1.43e-06
ctrl,2.74e-06,2.85e-06,2.42e-06,2.43e-06,2.58e-06,2.13e-06,1.98e-06,1.53e-06,2.79e-06
scared,1.6e-07,0.0,0.0,0.0,0.0,0.0,0.0,0.0,8e-08
theta,2.91e-06,2.85e-06,2.58e-06,3.03e-06,2.58e-06,3.35e-06,3.2e-06,3.06e-06,2.88e-06
infringement,1.695e-05,1.68e-05,1.727e-05,1.622e-05,1.67e-05,1.721e-05,1.722e-05,1.728e-05,1.687e-05
bent,5.17e-06,5.07e-06,4.7e-06,4.09e-06,4.25e-06,3.96e-06,4.27e-06,4.13e-06,5.12e-06
laos,6.5e-07,6.3e-07,7.6e-07,9.1e-07,9.1e-07,9.1e-07,9.1e-07,9.2e-07,6.4e-07
subjective,1.292e-05,1.3e-05,1.273e-05,1.274e-05,1.26e-05,1.233e-05,1.204e-05,1.254e-05,1.296e-05
monsters,1.663e-05,1.823e-05,1.803e-05,1.759e-05,1.746e-05,1.797e-05,1.814e-05,1.865e-05,1.743e-05
asylum,4.36e-06,4.91e-06,6.21e-06,5.31e-06,5.46e-06,5.48e-06,5.64e-06,5.66e-06,4.63e-06
lightbox,1.45e-06,1.43e-06,7.6e-07,1.06e-06,1.06e-06,1.07e-06,1.07e-06,1.07e-06,1.44e-06
robbie,1.45e-06,1.43e-06,1.67e-06,1.52e-06,1.52e-06,1.52e-06,1.52e-06,1.38e-06,1.44e-06
stake,1.582e-05,1.696e-05,1.833e-05,1.835e-05,2.019e-05,2.025e-05,2.073e-05,2.263e-05,1.639e-05
cocktail,2.26e-06,2.54e-06,2.73e-06,2.27e-06,1.97e-06,1.98e-06,2.13e-06,1.99e-06,2.4e-06
outlets,1.824e-05,1.934e-05,2.045e-05,2.077e-05,1.988e-05,1.995e-05,1.982e-05,1.988e-05,1.879e-05
swaziland,6.5e-07,4.8e-07,3e-07,3e-07,3e-07,4.6e-07,4.6e-07,4.6e-07,5.6e-07
varieties,1.082e-05,1.078e-05,1e-05,1.031e-05,1.002e-05,1.02e-05,9.76e-06,9.33e-06,1.08e-05
arbor,1.195e-05,1.141e-05,1.076e-05,1.031e-05,1.032e-05,8.68e-06,8.69e-06,8.41e-06,1.168e-05
mediawiki,9.2e-06,9.35e-06,9.39e-06,9.86e-06,1.062e-05,1.005e-05,9.76e-06,9.78e-06,9.28e-06
configurations,2.922e-05,2.932e-05,2.879e-05,2.911e-05,2.823e-05,3e-05,3.079e-05,3.15e-05,2.927e-05
poison,1.78e-06,2.06e-06,1.82e-06,1.82e-06,1.97e-06,1.98e-06,2.13e-06,2.14e-06,1.92e-06
