Word,2018-01-01,2019-01-01,2020-01-01,2021-01-01,2022-01-01,2023-01-01,2024-01-01,2025-01-01,f_star
the,0.07653709,0.0765354,0.07651235,0.07662508,0.07670541,0.07680838,0.07686232,0.07686239,0.07653625
of,0.05138886,0.05153262,0.05159079,0.05158568,0.05154301,0.05155748,0.0515222,0.05144293,0.05146074
and,0.03173423,0.03189148,0.03203642,0.03213268,0.03220315,0.03226129,0.03230714,0.0323868,0.03181286
to,0.02035085,0.02031737,0.02031817,0.02034868,0.02042935,0.0204686,0.02051158,0.02055932,0.02033411
a,0.03651814,0.0365536,0.03651929,0.03650955,0.03656172,0.03661291,0.03672437,0.03672887,0.03653587
in,0.032103,0.0321976,0.03223063,0.03222833,0.0323599,0.0323821,0.03239652,0.03231616,0.0321503
for,0.01138574,0.01141024,0.01143813,0.01144098,0.01146521,0.01146968,0.01147899,0.01150151,0.01139799
is,0.02662886,0.02663705,0.02666129,0.02671208,0.02678599,0.02678862,0.02678349,0.02673737,0.02663295
on,0.00712064,0.0071346,0.00712728,0.00712652,0.00713018,0.00712833,0.00711222,0.00712619,0.00712762
that,0.00895312,0.00886999,0.00885581,0.00888465,0.00890336,0.00894365,0.00895371,0.00896217,0.00891155
by,0.00916479,0.00913226,0.00917013,0.00917995,0.00920561,0.00925761,0.00924597,0.0092712,0.00914853
this,0.00385396,0.00380964,0.00373189,0.00371856,0.00371273,0.00369166,0.00365971,0.00366824,0.0038318
with,0.00672362,0.00672504,0.00677469,0.00678004,0.00679252,0.00682136,0.00683953,0.00686323,0.00672433
i,0.00094193,0.00092403,0.00091201,0.00089813,0.00087789,0.0008605,0.00085041,0.00083144,0.00093298
you,0.00011279,0.00010659,0.00010443,9.34e-05,8.492e-05,8.116e-05,7.929e-05,7.808e-05,0.00010969
it,0.00665063,0.00661048,0.00664339,0.00671111,0.00676162,0.00678869,0.00680452,0.00685393,0.00663055
not,0.00249725,0.00248087,0.00244246,0.00242887,0.0024405,0.00245679,0.00246534,0.00244845,0.00248906
or,0.00657829,0.00652949,0.0065357,0.00659425,0.00665153,0.00670383,0.00675406,0.00677647,0.00655389
be,0.00572947,0.00567763,0.00563326,0.0056533,0.00569342,0.00572354,0.00572013,0.00572979,0.00570355
are,0.00698023,0.00693968,0.00690966,0.00696195,0.00700739,0.00704779,0.00705455,0.00707476,0.00695996
from,0.00498487,0.00500182,0.00498162,0.00496318,0.00497023,0.00495796,0.00493419,0.00491529,0.00499334
at,0.00570678,0.00578527,0.00585617,0.00579381,0.00575174,0.00570115,0.00567647,0.00563456,0.00574603
as,0.01000313,0.01000321,0.01006198,0.01016251,0.01022941,0.01029954,0.01036392,0.01040546,0.01000317
your,3.36e-05,3.357e-05,3.216e-05,2.957e-05,2.701e-05,2.568e-05,2.43e-05,2.499e-05,3.358e-05
all,0.0017854,0.00178218,0.00175765,0.00175527,0.00175497,0.00175717,0.00175952,0.00174963,0.00178379
have,0.00200414,0.00198361,0.00197771,0.00199163,0.00199869,0.00200558,0.00202006,0.00200474,0.00199387
new,0.00107077,0.00106251,0.00106489,0.0010466,0.00102421,0.00100988,0.00100323,0.00099752,0.00106664
more,0.00169209,0.00167874,0.00166156,0.00165636,0.00164917,0.0016608,0.0016553,0.00165647,0.00168542
an,0.00759128,0.00762305,0.0076757,0.00770183,0.00774593,0.00776487,0.00780528,0.00783142,0.00760716
was,0.00784896,0.00795813,0.00806127,0.00809685,0.00817444,0.00820478,0.00822482,0.0082524,0.00790355
we,0.00040686,0.00038732,0.00036847,0.00035057,0.00033376,0.00032875,0.00032089,0.00030366,0.00039709
will,0.00066262,0.00064561,0.00061744,0.00060854,0.0006045,0.00059874,0.00059646,0.00058273,0.00065412
home,0.0001145,0.00011099,0.00010688,0.00010421,0.00010334,0.00010089,9.845e-05,9.729e-05,0.00011275
can,0.00332254,0.00329832,0.00329482,0.00334067,0.00337631,0.00340072,0.0034245,0.00344576,0.00331043
us,0.0001922,0.00019324,0.00018973,0.00018782,0.00018295,0.00017937,0.00017877,0.0001729,0.00019272
about,0.00074909,0.00074821,0.00074731,0.00073784,0.00073137,0.00072654,0.00071963,0.00071266,0.00074865
if,0.00199879,0.00198004,0.00195939,0.00195472,0.00195429,0.00194928,0.00195662,0.00193534,0.00198942
page,0.00028851,0.00027486,0.00026546,0.00026369,0.00025846,0.00024985,0.00024262,0.00024334,0.00028168
my,3.617e-05,3.609e-05,3.563e-05,3.365e-05,3.479e-05,3.431e-05,3.213e-05,3.222e-05,3.613e-05
has,0.00314489,0.00314893,0.00312484,0.00311328,0.00310414,0.00310977,0.00310156,0.00309976,0.00314691
search,0.00025062,0.00024989,0.00025039,0.00025125,0.00025027,0.00025232,0.00025045,0.00025015,0.00025026
free,0.00042227,0.00041397,0.00041956,0.00041664,0.000415,0.00041833,0.00041336,0.00041541,0.00041812
but,0.00165549,0.00163384,0.00160089,0.00159212,0.00159474,0.00159444,0.00159393,0.00159326,0.00164467
our,8.754e-05,8.246e-05,7.654e-05,7.117e-05,6.814e-05,6.308e-05,5.952e-05,5.867e-05,8.5e-05
one,0.00316009,0.00313927,0.00311018,0.00311104,0.00309043,0.00308347,0.0030721,0.00304977,0.00314968
other,0.0020585,0.00203732,0.00202738,0.00204037,0.00206254,0.00207113,0.00207114,0.0020789,0.00204791
do,0.00034244,0.00033571,0.00033304,0.00033405,0.00033233,0.00033101,0.0003351,0.00033237,0.00033907
no,0.00088072,0.00086193,0.00086396,0.00085938,0.00084311,0.00083605,0.00083743,0.00083226,0.00087133
information,0.00096547,0.00095718,0.00096819,0.00097196,0.00097448,0.00098173,0.00097893,0.00097583,0.00096132
time,0.00163088,0.0016158,0.00160904,0.00160824,0.00161193,0.00160225,0.00160876,0.00160937,0.00162334
they,0.00131562,0.00129394,0.001299,0.00130233,0.0013107,0.0013187,0.00132968,0.00133319,0.00130478
site,0.00010166,0.00010239,0.00010138,0.00010054,9.945e-05,9.76e-05,9.454e-05,9.13e-05,0.00010202
he,0.00540586,0.00549467,0.00545452,0.00537329,0.00536457,0.00528795,0.00521038,0.00511546,0.00545027
up,0.00051366,0.00050713,0.00051117,0.00050127,0.00050402,0.0004997,0.00050172,0.00049742,0.00051039
may,0.00161097,0.00161433,0.00162023,0.00161129,0.00161479,0.00162731,0.00163821,0.00164036,0.00161265
what,0.0003433,0.00033403,0.00032653,0.00031834,0.00031125,0.00031026,0.00030709,0.000302,0.00033867
which,0.00436933,0.00436649,0.00435075,0.00436116,0.00437678,0.00438101,0.00436986,0.00438276,0.00436791
their,0.00126489,0.00126037,0.00127742,0.0012852,0.00128758,0.00129651,0.00131197,0.00132927,0.00126263
news,0.00010166,9.673e-05,8.794e-05,8.239e-05,7.387e-05,7.13e-05,7.023e-05,6.796e-05,9.92e-05
out,0.00039616,0.0003932,0.00038618,0.00037871,0.00037837,0.00037683,0.00037814,0.00037533,0.00039468
use,0.00109346,0.00108916,0.00108748,0.00109065,0.00109829,0.00109659,0.0010885,0.00109688,0.00109131
any,0.00126853,0.0012568,0.00124749,0.00124503,0.00123826,0.00123898,0.001244,0.00123404,0.00126267
there,0.00141043,0.00139864,0.00137513,0.0013627,0.00136104,0.00135178,0.00134677,0.00134063,0.00140454
see,0.00061104,0.00059399,0.0005757,0.00056103,0.00053881,0.00053833,0.0005219,0.00051435,0.00060251
only,0.00119234,0.00117623,0.00116016,0.00115978,0.00117114,0.00116336,0.00116141,0.00116236,0.00118428
so,0.00074031,0.00072827,0.00071983,0.00071072,0.00071377,0.0007064,0.00070274,0.00069531,0.00073429
his,0.00336705,0.00338707,0.00334266,0.00329723,0.00329241,0.00326017,0.00325747,0.0032237,0.00337706
when,0.00131005,0.00129625,0.00127498,0.00127052,0.00127694,0.00128644,0.00129384,0.00129746,0.00130315
contact,7.641e-05,7.239e-05,7.512e-05,7.566e-05,7.653e-05,7.787e-05,8.012e-05,8.077e-05,7.44e-05
here,0.00018791,0.00018527,0.00018057,0.00017681,0.00017476,0.00017321,0.00017054,0.00016835,0.00018659
business,0.00018385,0.00018422,0.00018281,0.00018354,0.00018397,0.00018143,0.00018083,0.00017951,0.00018403
who,0.00124199,0.00126352,0.00128719,0.00129295,0.00130743,0.00131336,0.00132412,0.0013208,0.00125275
web,0.00019498,0.00019597,0.00019054,0.0001919,0.00018888,0.00017753,0.00017836,0.0001731,0.00019548
also,0.00331183,0.00330524,0.00332963,0.00334189,0.00337365,0.00339332,0.00342059,0.00341251,0.00330854
now,0.00039102,0.00038438,0.00038536,0.00038319,0.00037326,0.0003721,0.0003664,0.0003617,0.0003877
help,9.931e-05,0.00010302,0.00010036,9.911e-05,9.761e-05,9.924e-05,9.927e-05,9.874e-05,0.00010116
get,7.705e-05,7.365e-05,7.573e-05,7.321e-05,7.285e-05,7.15e-05,7.064e-05,6.693e-05,7.535e-05
pm,1.498e-05,1.427e-05,1.344e-05,1.448e-05,1.494e-05,1.294e-05,1.174e-05,1.095e-05,1.462e-05
view,0.00014511,0.00013659,0.00014006,0.00014174,0.00013629,0.00013458,0.00013326,0.00013489,0.00014085
online,0.00016287,0.00016114,0.00016062,0.00016315,0.0001631,0.00016027,0.00015921,0.00015782,0.00016201
c,0.00091838,0.00089487,0.0008717,0.00086183,0.00084474,0.00082989,0.00079871,0.00078165,0.00090662
e,0.00128651,0.0012738,0.00125625,0.00124992,0.00124297,0.00122603,0.00121166,0.00119913,0.00128016
first,0.00190932,0.00191646,0.0019205,0.00192189,0.00193751,0.00194086,0.00193767,0.00194339,0.00191289
am,3.189e-05,3e-05,2.87e-05,2.692e-05,2.578e-05,2.527e-05,2.492e-05,2.458e-05,3.095e-05
been,0.00149604,0.00150585,0.00149626,0.00149485,0.00151452,0.00152314,0.00151484,0.00152158,0.00150095
would,0.00052393,0.00050881,0.00050567,0.00050127,0.0004944,0.00050052,0.00049348,0.00048977,0.00051637
how,0.00041564,0.00041208,0.00041264,0.00041073,0.00041296,0.00041217,0.00041151,0.00041417,0.00041386
were,0.00112171,0.00111308,0.00111904,0.00112001,0.00111916,0.00112104,0.00112393,0.00113034,0.00111739
me,2.782e-05,2.623e-05,2.524e-05,2.304e-05,2.435e-05,2.342e-05,2.163e-05,2.004e-05,2.702e-05
s,0.00563251,0.00558636,0.00555611,0.0055293,0.00552091,0.00549383,0.00545197,0.00544225,0.00560944
services,0.00014126,0.00014226,0.00015003,0.00014969,0.00014857,0.00014773,0.00014685,0.00015224,0.00014176
some,0.00152108,0.00150124,0.00148913,0.00148628,0.00148751,0.00149088,0.0014963,0.00148295,0.00151116
these,0.00121802,0.00121232,0.00119497,0.00121117,0.00119099,0.00119377,0.00119539,0.00121834,0.00121517
click,3.64e-06,3.99e-06,4.07e-06,3.87e-06,4.3e-06,4.11e-06,4.33e-06,4.34e-06,3.81e-06
its,0.00236991,0.00236002,0.00238037,0.0024199,0.00244542,0.00246378,0.00247729,0.00249989,0.00236497
like,0.00049911,0.00049412,0.00049448,0.00049556,0.0004985,0.00050196,0.00050625,0.00051787,0.00049661
service,0.00026475,0.00026164,0.00026118,0.00026226,0.00026398,0.00025745,0.00026013,0.0002578,0.0002632
x,0.00111015,0.00106314,0.00098407,0.00093443,0.00086316,0.00080688,0.00077668,0.00074984,0.00108665
than,0.00130235,0.00128534,0.00127436,0.00127358,0.001271,0.00126836,0.00126933,0.00126564,0.00129385
find,0.00019883,0.00019576,0.00019339,0.00019353,0.00019318,0.0001917,0.00019278,0.00019438,0.0001973
price,0.00012242,0.00011918,0.00011726,0.00011665,0.00011726,0.00011814,0.00011905,0.00011754,0.0001208
date,8.711e-05,8.875e-05,8.937e-05,8.81e-05,8.554e-05,8.486e-05,8.465e-05,8.614e-05,8.793e-05
back,0.00016929,0.000171,0.00016774,0.00016743,0.0001676,0.00016376,0.00016394,0.00016257,0.00017015
top,0.00014789,0.00014729,0.00014902,0.00014785,0.00014918,0.0001467,0.00014582,0.0001479,0.00014759
people,0.00028102,0.00028346,0.00029498,0.00028877,0.00028035,0.00027903,0.0002764,0.00027412,0.00028224
had,0.0005509,0.00055329,0.00054863,0.00054308,0.00054188,0.00054079,0.00053756,0.00054018,0.0005521
list,0.00042613,0.00042299,0.0004043,0.00039992,0.00039741,0.00039265,0.00038721,0.00038876,0.00042456
name,0.00070072,0.00069722,0.00068726,0.00070113,0.00070109,0.0006988,0.00069985,0.00069097,0.00069897
just,0.00020611,0.00020205,0.00020072,0.00019863,0.00019686,0.00019581,0.00019216,0.00019025,0.00020408
over,0.00106264,0.00106293,0.00106428,0.00106781,0.00106841,0.00106823,0.00107614,0.00107601,0.00106278
state,0.00083748,0.00085836,0.00086518,0.00085796,0.00085948,0.00085496,0.00085494,0.00085581,0.00084792
year,0.00036277,0.00036718,0.00036704,0.00037096,0.00037224,0.00037046,0.00036764,0.00036026,0.00036498
day,0.00016822,0.00016995,0.00016897,0.00016641,0.00016351,0.00016129,0.00016044,0.00015988,0.00016909
into,0.00108211,0.00107615,0.00108016,0.00108086,0.00108703,0.00109392,0.00109427,0.00110514,0.00107913
email,2.954e-05,2.895e-05,2.87e-05,2.875e-05,2.763e-05,2.753e-05,2.822e-05,2.789e-05,2.924e-05
two,0.00225476,0.00223392,0.00223116,0.00224941,0.00225633,0.00225317,0.00225424,0.00225986,0.00224434
health,0.0001526,0.0001645,0.00017914,0.00018395,0.00018663,0.00018389,0.00018063,0.00017889,0.00015855
n,0.00124199,0.00118966,0.00114225,0.00109575,0.00105634,0.00098933,0.00093403,0.00090931,0.00121583
world,0.00064443,0.00064393,0.00065041,0.00064607,0.00064543,0.00064147,0.00064115,0.00063045,0.00064418
re,8.668e-05,8.309e-05,8.245e-05,8.239e-05,7.919e-05,7.993e-05,8.074e-05,7.912e-05,8.489e-05
next,0.00012435,0.00012316,0.00012296,0.00012358,0.00012401,0.00012451,0.0001244,0.00012663,0.00012375
used,0.00304024,0.00303248,0.00304015,0.00307168,0.00309862,0.00310237,0.00311659,0.00313963,0.00303636
go,7.855e-05,7.721e-05,7.675e-05,7.688e-05,7.162e-05,7.027e-05,6.92e-05,6.817e-05,7.788e-05
b,0.00080367,0.00076583,0.00073612,0.00071275,0.00066118,0.00062339,0.00060573,0.0005945,0.00078475
work,0.00114718,0.00113909,0.0011396,0.00112715,0.00112878,0.00112001,0.00111672,0.00111836,0.00114313
last,0.00018256,0.00017939,0.00017568,0.00017722,0.00017496,0.00017239,0.00017156,0.0001731,0.00018097
most,0.00121096,0.00120036,0.00120372,0.00120669,0.0012004,0.0012022,0.00119869,0.00119789,0.00120566
products,0.00017871,0.00017625,0.00017629,0.00017946,0.00018029,0.00018225,0.00018413,0.00018364,0.00017748
music,0.00023885,0.00023688,0.00023452,0.00023595,0.0002339,0.00023362,0.00023418,0.00023569,0.00023787
buy,1.134e-05,1.112e-05,1.059e-05,1.081e-05,1.044e-05,9.25e-06,8.86e-06,8.88e-06,1.123e-05
data,0.00136399,0.0013829,0.00139366,0.00140185,0.00142407,0.00143623,0.00143534,0.00144371,0.00137345
make,0.00024656,0.0002436,0.00024266,0.00024064,0.00023983,0.00023875,0.00023685,0.00023879,0.00024508
them,0.00046979,0.00046223,0.00045783,0.00045845,0.00045716,0.00045717,0.00046073,0.00046003,0.00046601
should,0.00027267,0.00027276,0.00026159,0.00025512,0.00026234,0.00026053,0.00025601,0.00025139,0.00027271
product,0.00050146,0.00049475,0.00049183,0.00049332,0.00048458,0.00048963,0.00049513,0.00049184,0.0004981
system,0.00177449,0.00175302,0.00175439,0.0017565,0.00176152,0.00176251,0.00176796,0.00178578,0.00176376
post,0.00011729,0.00011603,0.0001138,0.00011216,0.00011091,0.00011054,0.00010875,0.00010783,0.00011666
her,0.00050874,0.00053545,0.00055148,0.00052758,0.00051753,0.00051573,0.00051778,0.00051332,0.00052209
city,0.00019177,0.00019324,0.00019319,0.00019394,0.00019379,0.00018883,0.00018413,0.00019108,0.0001925
t,0.00056824,0.00055203,0.00054252,0.00053451,0.00052101,0.00050854,0.00049019,0.0004842,0.00056014
add,5.821e-05,5.581e-05,5.374e-05,5.343e-05,5.3e-05,5.383e-05,5.293e-05,5.206e-05,5.701e-05
policy,9.246e-05,9.043e-05,9.161e-05,9.279e-05,9.291e-05,9.369e-05,9.371e-05,9.378e-05,9.145e-05
number,0.00251202,0.00250185,0.00246567,0.00248047,0.00247222,0.00246172,0.00246308,0.00246415,0.00250694
such,0.0024964,0.00249073,0.00247931,0.0025133,0.00254323,0.00255501,0.00256997,0.00258355,0.00249357
please,7.28e-06,6.71e-06,6.11e-06,5.71e-06,5.12e-06,4.73e-06,4.12e-06,3.92e-06,6.99e-06
available,0.00030434,0.00030151,0.00029498,0.00029775,0.00029345,0.00029731,0.00029555,0.0002925,0.00030293
copyright,2.162e-05,2.182e-05,2.036e-05,1.999e-05,1.903e-05,1.911e-05,2.018e-05,2.148e-05,2.172e-05
support,0.00022837,0.00022534,0.00022393,0.00022637,0.00022551,0.00023095,0.00023068,0.00023239,0.00022686
message,0.00014725,0.00014435,0.00013924,0.0001397,0.00013772,0.00013581,0.00013676,0.00013034,0.0001458
after,0.00126339,0.00126561,0.00126704,0.00126766,0.00128942,0.00128829,0.00129219,0.00129332,0.0012645
best,0.00039338,0.00039404,0.00038984,0.00038727,0.00039045,0.00038731,0.00039174,0.00039041,0.00039371
software,0.00061468,0.00061329,0.0006099,0.00061874,0.00061453,0.00061702,0.00061932,0.00062693,0.00061399
then,0.00128522,0.00128072,0.00126826,0.00124482,0.0012311,0.0012209,0.00122505,0.00121731,0.00128297
jan,5.864e-05,5.896e-05,5.578e-05,5.629e-05,5.341e-05,5.322e-05,5.149e-05,5.102e-05,5.88e-05
good,0.00016073,0.00015212,0.00015329,0.0001505,0.00014877,0.00014712,0.00014644,0.0001477,0.00015642
video,0.00017229,0.00017792,0.00018118,0.00018089,0.00018499,0.00018574,0.00018825,0.00018942,0.0001751
well,0.00081608,0.00081157,0.00080981,0.00081778,0.00081732,0.00082537,0.00081828,0.00082235,0.00081383
d,0.00104038,0.00102579,0.00098387,0.00094585,0.00091596,0.00087242,0.00083826,0.00081594,0.00103308
where,0.00171135,0.00171609,0.00170512,0.00170449,0.00171302,0.00171197,0.0017105,0.0017108,0.00171372
info,1.306e-05,1.301e-05,1.181e-05,1.183e-05,1.044e-05,1.027e-05,9.47e-06,9.5e-06,1.303e-05
rights,5.094e-05,5.099e-05,5.15e-05,5.16e-05,5.321e-05,5.445e-05,5.499e-05,4.958e-05,5.096e-05
public,0.00034694,0.00035102,0.00035483,0.00036117,0.00036344,0.00036347,0.00036393,0.0003584,0.00034898
books,0.00027952,0.00027591,0.00027136,0.00026899,0.00026398,0.000263,0.00025107,0.0002454,0.00027771
high,0.00051366,0.00051258,0.00051076,0.00050963,0.00048765,0.00049087,0.00049225,0.0004875,0.00051312
school,0.0005021,0.0005109,0.00051422,0.00050596,0.00051098,0.00050854,0.00050666,0.00049969,0.0005065
through,0.00060997,0.00061057,0.0006156,0.00061609,0.00061412,0.00062483,0.00063395,0.00063892,0.00061027
m,0.00091517,0.0008892,0.00085378,0.00082777,0.00079624,0.00077112,0.0007532,0.00074075,0.00090219
each,0.00126618,0.00125281,0.00125787,0.00125624,0.00125258,0.00125398,0.00126295,0.00126916,0.0012595
links,6.207e-05,6.253e-05,6.372e-05,6.22e-05,6.262e-05,6.267e-05,6.138e-05,6.218e-05,6.23e-05
she,0.00074631,0.00078178,0.00080208,0.00077863,0.00077496,0.0007814,0.00078512,0.00077422,0.00076405
review,0.00012777,0.0001196,0.00011746,0.00011318,0.00011091,0.00010684,0.00010319,0.00010308,0.00012369
years,0.0004822,0.00047922,0.00048206,0.00047701,0.00048315,0.00047772,0.00048421,0.00047841,0.00048071
order,0.00087301,0.00086948,0.00085623,0.00084776,0.00085272,0.0008566,0.00085576,0.00086139,0.00087124
very,0.00037026,0.00036298,0.00035279,0.00034771,0.00034747,0.00034416,0.0003388,0.00033485,0.00036662
privacy,2.954e-05,3.21e-05,3.542e-05,3.712e-05,3.909e-05,3.986e-05,3.954e-05,4.152e-05,3.082e-05
book,0.00057766,0.00057846,0.00057713,0.00057245,0.00056664,0.00056031,0.00055218,0.00054327,0.00057806
items,8.475e-05,8.623e-05,8.733e-05,8.606e-05,8.718e-05,8.753e-05,8.774e-05,8.841e-05,8.549e-05
company,0.00028423,0.00028724,0.00029152,0.00029428,0.00029365,0.00029362,0.00029535,0.0002925,0.00028574
r,0.00069922,0.00066533,0.00063759,0.00061752,0.0006045,0.00058374,0.00057422,0.00056083,0.00068227
read,9.674e-05,9.61e-05,9.649e-05,9.565e-05,9.516e-05,9.369e-05,8.918e-05,8.903e-05,9.642e-05
group,0.001172,0.00118693,0.00117624,0.00117732,0.00118833,0.0011909,0.00119169,0.00119376,0.00117947
sex,2.333e-05,2.266e-05,2.26e-05,2.223e-05,2.292e-05,2.342e-05,2.245e-05,2.396e-05,2.299e-05
need,0.00016501,0.00016198,0.00015675,0.00015397,0.0001543,0.00015924,0.000159,0.00015555,0.00016349
many,0.00121631,0.00120624,0.00120189,0.00120363,0.00121861,0.00121946,0.00121002,0.00121235,0.00121127
user,0.00020011,0.00020415,0.00020459,0.00020026,0.00019666,0.00019622,0.0001934,0.00019376,0.00020213
said,0.00023436,0.0002287,0.00022922,0.00022841,0.0002251,0.00022355,0.00022717,0.00022516,0.00023153
de,0.00065941,0.00068127,0.00067973,0.00066605,0.00065955,0.00064949,0.00064589,0.00064057,0.00067034
does,0.00044881,0.00044565,0.00043463,0.00043173,0.00043219,0.00043621,0.00044014,0.00043834,0.00044723
set,0.00183035,0.0018382,0.00182971,0.00183318,0.00183498,0.00183299,0.00184479,0.00184011,0.00183427
under,0.00082956,0.00083402,0.00081938,0.00081003,0.00080422,0.00080071,0.00080386,0.00079756,0.00083179
general,0.00082036,0.00081933,0.0008149,0.00081472,0.00081794,0.00081736,0.00081952,0.00081718,0.00081985
research,0.0013794,0.00144836,0.00150705,0.00149791,0.00150654,0.0014954,0.00146644,0.00145651,0.00141388
university,0.00313227,0.00324041,0.00325798,0.00318547,0.00315755,0.00309395,0.00304759,0.00299483,0.00318634
january,0.00036213,0.00036907,0.00037987,0.00038034,0.00038595,0.00038957,0.00039503,0.00040054,0.0003656
mail,3.275e-05,3.231e-05,3.216e-05,2.835e-05,2.763e-05,2.815e-05,2.822e-05,2.789e-05,3.253e-05
full,0.00025747,0.00026143,0.00026281,0.0002592,0.00025887,0.00025643,0.00025951,0.00025491,0.00025945
map,0.0002624,0.00025786,0.00026078,0.00026369,0.00026316,0.00026875,0.00026981,0.00027143,0.00026013
reviews,5.8e-05,5.581e-05,5.761e-05,5.833e-05,6.016e-05,5.938e-05,5.89e-05,6.135e-05,5.69e-05
program,0.00038139,0.00038438,0.00038903,0.00038544,0.00038492,0.00038608,0.00038659,0.00038752,0.00038289
life,0.00030199,0.00029773,0.00029437,0.00029734,0.0002914,0.00029444,0.00029741,0.00029725,0.00029986
know,6.934e-05,6.756e-05,6.575e-05,6.444e-05,6.16e-05,6.226e-05,6.138e-05,5.949e-05,6.845e-05
games,0.00023393,0.00024213,0.00024225,0.0002488,0.00025682,0.00025827,0.0002593,0.00025201,0.00023803
way,0.00050895,0.00050482,0.00050181,0.00049923,0.00049747,0.00049436,0.00049533,0.00049514,0.00050688
days,6.271e-05,6.483e-05,6.209e-05,6.261e-05,6.282e-05,6.123e-05,6.158e-05,6.052e-05,6.377e-05
management,0.00031012,0.0003099,0.00031208,0.00032446,0.00026644,0.00026485,0.00026486,0.00026461,0.00031001
p,0.00135435,0.00132877,0.0012937,0.00125706,0.00123028,0.00120158,0.00116697,0.00114336,0.00134156
part,0.00058664,0.00058392,0.00068584,0.00068951,0.00059877,0.00059771,0.00060285,0.00059616,0.00058528
could,0.00031119,0.00029983,0.00029823,0.0002902,0.00029058,0.00028971,0.00028649,0.00029043,0.00030551
great,0.0002564,0.00025367,0.00025548,0.00025512,0.00025457,0.00025745,0.0002591,0.00025491,0.00025504
united,0.00051602,0.00051972,0.00052216,0.00052758,0.00046678,0.00046395,0.00046568,0.00046519,0.00051787
hotel,7.7e-06,8.81e-06,8.14e-06,8.36e-06,7.57e-06,7.4e-06,7.21e-06,7.44e-06,8.26e-06
real,0.00071035,0.00072072,0.00072248,0.00073315,0.00073956,0.00074544,0.00075423,0.00075253,0.00071553
f,0.00061404,0.00058455,0.00055046,0.00053696,0.00050627,0.00047155,0.00045414,0.00043751,0.0005993
item,6.763e-05,6.672e-05,6.514e-05,6.342e-05,6.241e-05,6.349e-05,6.302e-05,6.424e-05,6.717e-05
international,0.00061276,0.00062232,0.0006327,0.00063485,0.00064399,0.00063161,0.00062591,0.00062156,0.00061754
center,0.00034373,0.00034368,0.00034811,0.00035301,0.00035034,0.00036306,0.00036146,0.00036026,0.00034371
ebay,6.4e-07,6.3e-07,2e-07,2e-07,2e-07,4.1e-07,2.1e-07,2.1e-07,6.4e-07
must,0.00036299,0.00035375,0.00035035,0.00034812,0.0003485,0.00034704,0.00034375,0.00034187,0.00035837
store,5.351e-05,5.161e-05,5.354e-05,5.527e-05,5.28e-05,5.096e-05,5.19e-05,5.226e-05,5.256e-05
travel,3.938e-05,3.84e-05,4.153e-05,4.16e-05,4.195e-05,4.068e-05,4.078e-05,4.111e-05,3.889e-05
comments,1.498e-05,1.385e-05,1.405e-05,1.305e-05,1.289e-05,1.336e-05,1.277e-05,1.239e-05,1.442e-05
made,0.00058729,0.00058686,0.00058324,0.00057958,0.00058076,0.00057819,0.00058616,0.00058707,0.00058708
development,0.00045716,0.0004616,0.00047351,0.00047925,0.00048213,0.00048285,0.00048071,0.00048316,0.00045938
report,8.711e-05,8.54e-05,8.428e-05,8.402e-05,8.165e-05,8.075e-05,7.909e-05,7.767e-05,8.626e-05
off,0.00013655,0.0001347,0.00013334,0.00013133,0.00013158,0.00013273,0.00013161,0.00013303,0.00013563
member,0.00046208,0.00046768,0.00046333,0.00044947,0.00045634,0.00044689,0.00044405,0.00043359,0.00046488
details,7.32e-05,7.134e-05,7.023e-05,7.015e-05,6.896e-05,6.76e-05,6.57e-05,6.631e-05,7.227e-05
line,0.0006669,0.00065589,0.0006551,0.00065708,0.0006575,0.00065853,0.00066649,0.00066536,0.00066139
terms,0.00052329,0.00052496,0.00052583,0.00052452,0.00053022,0.00053607,0.00053282,0.0005346,0.00052413
before,0.00035914,0.00036109,0.00035625,0.00035566,0.00035668,0.00035937,0.00036002,0.00035778,0.00036011
hotels,4.71e-06,4.41e-06,5.09e-06,4.89e-06,4.3e-06,4.52e-06,4.53e-06,4.54e-06,4.56e-06
did,0.00016095,0.00015694,0.00014922,0.00014765,0.0001457,0.00014506,0.0001417,0.00014129,0.00015895
send,2.868e-05,2.707e-05,2.708e-05,2.774e-05,2.804e-05,2.753e-05,2.698e-05,2.685e-05,2.787e-05
right,0.00029921,0.00029248,0.00029131,0.00028857,0.00028363,0.00028396,0.00028093,0.00027721,0.00029584
type,0.0006104,0.00061057,0.00061255,0.00060875,0.00061596,0.00061374,0.00061273,0.00061351,0.00061049
because,0.00060676,0.00059021,0.00057794,0.00057408,0.00058506,0.00058867,0.0005839,0.00058294,0.00059848
local,0.00031761,0.00031829,0.00032002,0.00031712,0.00031903,0.00031457,0.00031656,0.00031522,0.00031795
those,0.0003677,0.00036907,0.00036175,0.00036321,0.00036425,0.00036389,0.00036208,0.00036087,0.00036838
using,0.00098837,0.00098824,0.00097817,0.00098664,0.0009931,0.00099467,0.00100385,0.0010095,0.00098831
results,0.00035892,0.00036361,0.00035971,0.00036158,0.0003663,0.00037067,0.00036661,0.00036893,0.00036126
office,0.00020653,0.0002031,0.00020805,0.00021617,0.00016289,0.00015985,0.00016044,0.00015761,0.00020482
education,0.0002594,0.00026479,0.00026933,0.00026736,0.00026603,0.00025869,0.00025848,0.00026131,0.0002621
national,0.00067076,0.0006882,0.0007064,0.00069399,0.00071459,0.00070846,0.0007085,0.00070027,0.00067948
car,3.253e-05,3.231e-05,3.196e-05,3.12e-05,3.008e-05,3.103e-05,3.048e-05,3.057e-05,3.242e-05
design,0.0005265,0.00052034,0.00053479,0.00054104,0.00053676,0.000541,0.00054291,0.00054451,0.00052342
take,0.00017764,0.00017331,0.00017528,0.0001762,0.00017476,0.00017588,0.0001761,0.0001731,0.00017547
posted,1.241e-05,1.28e-05,1.344e-05,1.264e-05,1.207e-05,1.294e-05,1.298e-05,1.239e-05,1.26e-05
internet,0.00017657,0.00017562,0.00018362,0.00017436,0.0001678,0.00016705,0.00016683,0.00016897,0.0001761
address,5.907e-05,6.106e-05,6.026e-05,6.261e-05,6.487e-05,6.328e-05,6.282e-05,6.3e-05,6.007e-05
community,0.00014704,0.00014918,0.00014922,0.00014765,0.00014427,0.00014239,0.00014005,0.00014047,0.00014811
within,0.00044689,0.00045509,0.00045946,0.00046212,0.00046678,0.00047463,0.00048133,0.00048998,0.00045099
states,0.00094792,0.00095487,0.00095476,0.00095585,0.00090306,0.00089852,0.00090314,0.00090126,0.0009514
area,0.00046636,0.00046139,0.00046822,0.00046436,0.00040273,0.00040703,0.00041068,0.00041562,0.00046387
want,2.269e-05,2.203e-05,2.076e-05,2.121e-05,2.046e-05,2.096e-05,2.163e-05,2.086e-05,2.236e-05
phone,3.895e-05,4.07e-05,3.909e-05,3.671e-05,3.622e-05,3.452e-05,3.357e-05,3.284e-05,3.982e-05
dvd,2.076e-05,1.972e-05,1.853e-05,1.815e-05,1.739e-05,1.644e-05,1.627e-05,1.611e-05,2.024e-05
shipping,3.64e-06,3.36e-06,3.26e-06,3.47e-06,3.27e-06,3.08e-06,2.88e-06,2.89e-06,3.5e-06
reserved,1.177e-05,1.238e-05,1.242e-05,1.244e-05,1.228e-05,1.212e-05,1.174e-05,1.177e-05,1.208e-05
subject,0.00020653,0.00020688,0.00020317,0.00020475,0.00021016,0.00020629,0.00020411,0.0002045,0.00020671
between,0.00132396,0.00132205,0.00132648,0.00133598,0.0013504,0.00136678,0.00136366,0.00136831,0.001323
forum,2.547e-05,2.623e-05,2.728e-05,2.549e-05,2.476e-05,2.466e-05,2.369e-05,2.272e-05,2.585e-05
family,0.00030798,0.00031389,0.00031086,0.00031284,0.00031391,0.00031724,0.00031883,0.00031729,0.00031094
l,0.00053742,0.00053335,0.00051341,0.0004976,0.00048765,0.00047525,0.00045867,0.00045466,0.00053538
long,0.00029343,0.00029206,0.0002905,0.00029326,0.00029406,0.00029526,0.00029185,0.00029167,0.00029275
based,0.00104937,0.0010474,0.0010541,0.00106067,0.00103362,0.00104337,0.0010469,0.00105308,0.00104838
w,0.00037454,0.00036193,0.00034994,0.000342,0.0003352,0.00032423,0.00031533,0.00031316,0.00036823
code,0.00044945,0.00044817,0.00044827,0.00044825,0.0004502,0.00045881,0.00045867,0.00046023,0.00044881
show,0.00015388,0.00015212,0.00014759,0.00014887,0.00015041,0.00014876,0.0001487,0.00014336,0.000153
o,0.00022837,0.00022492,0.00021823,0.00020679,0.00018704,0.00018348,0.00018454,0.00018426,0.00022665
even,0.0004212,0.00041753,0.00042262,0.00041848,0.00041685,0.00041895,0.00041419,0.00041314,0.00041936
black,0.00021167,0.00020835,0.00020948,0.00021209,0.00021221,0.00021081,0.00020658,0.00020616,0.00021001
check,5.329e-05,5.245e-05,4.926e-05,5.098e-05,5.055e-05,5.116e-05,5.128e-05,5.061e-05,5.287e-05
special,0.0004471,0.00045006,0.00044236,0.0004456,0.00044693,0.00044463,0.00044529,0.00044681,0.00044858
prices,3.788e-05,3.861e-05,3.664e-05,3.589e-05,3.704e-05,4.109e-05,4.099e-05,4.049e-05,3.824e-05
website,0.00011301,0.0001133,0.00011461,0.00011074,0.00010887,0.00010294,0.00010257,9.998e-05,0.00011316
index,0.00026261,0.00025556,0.00025508,0.00025023,0.0002515,0.00025088,0.0002523,0.00024891,0.00025908
being,0.00063737,0.00063805,0.0006323,0.00063159,0.00063847,0.00063284,0.00063065,0.000629,0.00063771
women,0.00011301,0.00012484,0.00013008,0.00012685,0.00012503,0.00012369,0.00012193,0.0001196,0.00011893
much,0.00030199,0.00029374,0.00028806,0.00029469,0.00029263,0.00029197,0.00028793,0.00028424,0.00029787
sign,0.00014853,0.00014939,0.00015044,0.0001501,0.00015041,0.00014917,0.00014809,0.00014501,0.00014896
file,0.00014982,0.00015317,0.00015003,0.0001503,0.00015041,0.00015184,0.00014953,0.00015369,0.00015149
link,0.00010059,9.694e-05,9.548e-05,9.646e-05,9.454e-05,9.369e-05,9.124e-05,9.358e-05,9.877e-05
open,0.00040301,0.00040159,0.00040368,0.00040848,0.0004105,0.00041217,0.00041501,0.00041438,0.0004023
today,0.00013548,0.00013239,0.00013619,0.00013337,0.00013301,0.0001276,0.00012522,0.00012435,0.00013394
technology,0.00047171,0.00047901,0.00048796,0.00048965,0.00049359,0.00048326,0.00047824,0.00047511,0.00047536
south,0.00023029,0.00023499,0.00023574,0.00023106,0.00023083,0.00022869,0.00022882,0.00022846,0.00023264
case,0.00072469,0.00072387,0.00071943,0.00073152,0.00073403,0.00073743,0.00073981,0.00073724,0.00072428
project,0.00031654,0.00031745,0.00031757,0.00031365,0.00031023,0.00030307,0.00030317,0.00030118,0.00031699
same,0.00097103,0.00096285,0.00095109,0.00095258,0.00095586,0.00095379,0.00094927,0.00094588,0.00096694
pages,0.0001267,0.00012316,0.00011828,0.00011706,0.00011112,0.00010849,0.0001071,0.00010452,0.00012493
uk,0.00016245,0.0001582,0.00015431,0.00014765,0.00013936,0.00012451,0.00012049,0.00012084,0.00016033
version,0.00038781,0.00039152,0.00039636,0.00039706,0.00039966,0.0004021,0.00040533,0.0004121,0.00038966
section,0.0001969,0.00019177,0.00019177,0.00019333,0.00019359,0.00019314,0.00019298,0.00018963,0.00019433
own,0.00021831,0.0002201,0.00021762,0.00021597,0.00021098,0.00021102,0.00021008,0.00020967,0.0002192
found,0.0003998,0.00039215,0.00039106,0.0003938,0.0003839,0.00038114,0.00037876,0.00037761,0.00039598
sports,5.03e-05,5.015e-05,4.906e-05,5.017e-05,5.034e-05,5.013e-05,5.005e-05,5.02e-05,5.023e-05
house,9.032e-05,9.001e-05,8.672e-05,8.402e-05,8.104e-05,8.034e-05,7.826e-05,7.808e-05,9.017e-05
related,0.00056481,0.00056378,0.00056451,0.00056918,0.00058097,0.00058333,0.00058513,0.00058603,0.0005643
security,0.00030905,0.00032291,0.00032592,0.00032711,0.00032988,0.0003308,0.00032933,0.00033753,0.00031598
both,0.00078098,0.0007801,0.00078375,0.00078801,0.00079317,0.00079907,0.00080448,0.00081181,0.00078054
g,0.00101555,0.00100481,0.00098488,0.00098215,0.00096384,0.00092954,0.00091694,0.00090374,0.00101018
county,5.137e-05,4.952e-05,5.211e-05,5.241e-05,5.239e-05,5.013e-05,5.293e-05,5.247e-05,5.044e-05
american,0.00123878,0.00128701,0.00131426,0.00131926,0.00132257,0.00132466,0.00133009,0.0013336,0.00126289
photo,1.734e-05,1.846e-05,1.873e-05,1.815e-05,1.719e-05,1.685e-05,1.668e-05,1.549e-05,1.79e-05
game,0.00046444,0.00047293,0.00048674,0.00048904,0.00049625,0.00049847,0.00049719,0.00049267,0.00046868
members,0.00016394,0.00016576,0.00016408,0.00016335,0.00016351,0.00016396,0.00016333,0.00016154,0.00016485
power,0.00041243,0.00041481,0.0004157,0.00041521,0.00041828,0.00042779,0.00042366,0.00042223,0.00041362
while,0.00065684,0.00065903,0.00066446,0.00066197,0.00066957,0.00066942,0.00067308,0.00068477,0.00065794
care,3.831e-05,4.007e-05,4.458e-05,4.446e-05,4.338e-05,4.274e-05,4.284e-05,4.235e-05,3.919e-05
network,0.00050895,0.00051426,0.00051219,0.00051596,0.0005161,0.00050997,0.00051264,0.00051167,0.00051161
down,0.00014746,0.00014498,0.00014291,0.00014174,0.00014038,0.00014054,0.00013882,0.00013654,0.00014622
computer,0.00152258,0.00153544,0.00157056,0.00157866,0.00158226,0.0015856,0.0015896,0.00158686,0.00152901
systems,0.00132867,0.0013359,0.00133198,0.00134618,0.00135838,0.0013637,0.00136778,0.00138649,0.00133228
three,0.00085225,0.00085374,0.00084869,0.00084552,0.00084024,0.00084468,0.00084794,0.00085333,0.000853
total,0.00024378,0.00023919,0.00024571,0.00024472,0.0002515,0.00025334,0.00025271,0.00025387,0.00024148
place,0.00019498,0.00019009,0.00018444,0.00018252,0.00018417,0.00018246,0.00018289,0.00018385,0.00019253
end,0.00025212,0.00025765,0.00025589,0.00025308,0.00025436,0.00025108,0.00025004,0.00025036,0.00025488
following,0.00045031,0.00044691,0.00044073,0.00044152,0.00044468,0.00044587,0.00045126,0.00045528,0.00044861
download,2.204e-05,2.098e-05,2.158e-05,2.121e-05,2.108e-05,1.993e-05,2.018e-05,1.942e-05,2.151e-05
h,0.0004608,0.00045111,0.00043585,0.00042704,0.00041541,0.00039697,0.00038762,0.00038009,0.00045595
him,0.00025597,0.00026227,0.00025467,0.00025247,0.00025743,0.00025293,0.00024983,0.00024871,0.00025912
without,0.00035892,0.00035648,0.00035462,0.00036076,0.000362,0.00036101,0.00035919,0.00036191,0.0003577
per,0.00028423,0.00028325,0.00028174,0.00028062,0.00028076,0.00027882,0.00027969,0.00028279,0.00028374
access,0.00015816,0.00015673,0.00015899,0.00016213,0.00016391,0.00016376,0.00016271,0.00016319,0.00015744
think,2.975e-05,2.791e-05,2.789e-05,2.753e-05,2.599e-05,2.63e-05,2.513e-05,2.52e-05,2.883e-05
north,0.00028144,0.00028262,0.00028358,0.00028286,0.00028383,0.00028478,0.00028443,0.00028362,0.00028203
resources,0.0001038,0.00010197,0.00010301,0.00010197,0.0001017,0.00010212,0.00010092,0.00010287,0.00010289
current,0.0002945,0.00029018,0.00029274,0.00028959,0.00028915,0.0002856,0.00028546,0.00027969,0.00029234
posts,8.13e-06,7.97e-06,8.14e-06,6.73e-06,6.96e-06,7.4e-06,7.41e-06,7.23e-06,8.05e-06
big,7.041e-05,7.05e-05,6.962e-05,6.954e-05,6.937e-05,6.719e-05,6.653e-05,6.486e-05,7.046e-05
media,0.00015838,0.00015925,0.00016489,0.00016865,0.00017087,0.00017198,0.00017424,0.00017352,0.00015882
law,0.00032468,0.00032375,0.00032551,0.00032201,0.00032374,0.00032546,0.00032562,0.00032245,0.00032421
control,0.00055069,0.0005642,0.00056227,0.00056837,0.0005736,0.00057716,0.00057813,0.00058872,0.00055744
water,0.00018107,0.00018107,0.00018281,0.00018191,0.00018254,0.00018492,0.00018269,0.00018199,0.00018107
history,0.00037925,0.00037641,0.00037294,0.00037524,0.00037224,0.00036923,0.00036785,0.00036211,0.00037783
pictures,4.473e-05,4.259e-05,4.153e-05,4.14e-05,4.154e-05,4.335e-05,4.469e-05,4.545e-05,4.366e-05
size,0.00034094,0.00033361,0.00033691,0.00033649,0.00033642,0.0003345,0.00033469,0.00034084,0.00033728
art,0.0002121,0.00021632,0.0002166,0.00021658,0.00021999,0.00021533,0.00021791,0.0002202,0.00021421
personal,8.732e-05,8.812e-05,8.774e-05,8.83e-05,9.086e-05,9.226e-05,9.392e-05,9.667e-05,8.772e-05
since,0.0008469,0.00084997,0.00085032,0.00084919,0.00084065,0.00084345,0.00083702,0.00083908,0.00084844
including,0.00067354,0.0006754,0.00069276,0.00070541,0.00070886,0.0007177,0.00072354,0.00074282,0.00067447
guide,5.8e-05,5.98e-05,6.026e-05,5.873e-05,5.73e-05,5.733e-05,5.643e-05,5.66e-05,5.89e-05
shop,1.199e-05,1.133e-05,9.98e-06,9.99e-06,1.126e-05,1.192e-05,1.153e-05,1.095e-05,1.166e-05
directory,2.954e-05,3e-05,2.993e-05,3.018e-05,2.865e-05,2.712e-05,2.76e-05,2.768e-05,2.977e-05
board,0.00015838,0.00016009,0.00016652,0.00016682,0.00016596,0.00016191,0.00016415,0.0001634,0.00015924
location,0.00013762,0.00013848,0.00014006,0.00014051,0.00013833,0.00014095,0.00013902,0.00014171,0.00013805
change,0.00030092,0.00030025,0.00029803,0.00029224,0.00029713,0.00029855,0.00030132,0.00030469,0.00030059
white,0.00023928,0.00024024,0.00024327,0.00023738,0.0002382,0.00024862,0.0002418,0.00023983,0.00023976
text,0.00022558,0.00022933,0.00023207,0.00023616,0.00023595,0.00023608,0.00023418,0.00023528,0.00022745
small,0.00036855,0.00035858,0.0003646,0.00036464,0.00036507,0.00036594,0.00036393,0.00036211,0.00036356
rating,1.905e-05,1.741e-05,1.853e-05,1.876e-05,1.965e-05,1.952e-05,1.977e-05,1.838e-05,1.823e-05
rate,0.00031697,0.00030507,0.0003078,0.00030774,0.00030962,0.00030718,0.00030544,0.00030428,0.00031102
government,0.00022173,0.00022513,0.00022943,0.00022861,0.00022919,0.00023239,0.00023212,0.000239,0.00022343
children,0.00012606,0.00012253,0.00011868,0.00011951,0.00011726,0.00011712,0.00011657,0.00011527,0.0001243
during,0.00051259,0.00051699,0.00052216,0.00052738,0.00053328,0.0005371,0.00054188,0.00054245,0.00051479
usa,6.956e-05,6.336e-05,5.965e-05,5.71e-05,5.423e-05,5.198e-05,5.046e-05,4.937e-05,6.646e-05
return,0.00011279,0.00010638,9.853e-05,0.00010136,0.0001013,0.0001015,0.00010071,0.00010122,0.00010958
students,0.00023115,0.0002308,0.00022413,0.00022494,0.00022633,0.00022273,0.00022429,0.00022185,0.00023098
v,0.00039616,0.00037998,0.00036175,0.00034282,0.00031985,0.00030122,0.00028628,0.00028052,0.00038807
shopping,4.07e-06,3.99e-06,4.28e-06,4.08e-06,3.68e-06,3.7e-06,3.71e-06,3.92e-06,4.03e-06
account,0.00010594,0.00010344,0.00010301,0.00010462,0.00010682,0.00010684,0.00010483,0.00010225,0.00010469
times,0.00029557,0.00029479,0.00029701,0.00029,0.00028445,0.00028416,0.00027743,0.00027536,0.00029518
sites,4.366e-05,4.511e-05,4.275e-05,4.344e-05,4.195e-05,4.109e-05,4.078e-05,4.09e-05,4.439e-05
level,0.00035015,0.00035144,0.00034607,0.00034832,0.0003532,0.00035217,0.00035961,0.00035943,0.00035079
digital,0.0003448,0.0003506,0.00034933,0.00034995,0.00035361,0.00035402,0.00035302,0.00035716,0.0003477
profile,8.176e-05,7.532e-05,7.39e-05,7.342e-05,7.203e-05,6.986e-05,7.126e-05,7.003e-05,7.854e-05
previous,0.00010188,0.00010155,0.00010749,0.00010625,0.00010723,0.0001089,0.00011019,0.00011279,0.00010171
form,0.00102818,0.00100985,0.001003,0.0010054,0.00100907,0.00101645,0.00101621,0.00100991,0.00101902
events,0.00013505,0.00013512,0.00013904,0.00013929,0.00014284,0.00014424,0.00014664,0.00014832,0.00013509
love,3.831e-05,3.777e-05,3.725e-05,3.426e-05,3.499e-05,3.431e-05,3.522e-05,3.264e-05,3.804e-05
old,0.00012135,0.0001219,0.0001197,0.00011787,0.0001193,0.00011547,0.00011637,0.00011506,0.00012162
john,0.00048648,0.00048908,0.00048715,0.00047843,0.00047762,0.00047648,0.0004735,0.00047036,0.00048778
main,0.00029364,0.00029647,0.00029457,0.00029652,0.00029959,0.00029485,0.00029391,0.00029374,0.00029506
call,8.668e-05,8.435e-05,8.285e-05,8.321e-05,8.165e-05,8.054e-05,7.868e-05,7.416e-05,8.552e-05
hours,3.681e-05,3.504e-05,3.379e-05,3.365e-05,3.254e-05,3.349e-05,3.337e-05,3.47e-05,3.593e-05
image,0.00034244,0.00034557,0.00034729,0.00034628,0.00034666,0.00034642,0.00034807,0.00035096,0.000344
department,0.00042591,0.00043936,0.00044806,0.00044091,0.00044386,0.0004432,0.00044096,0.00043545,0.00043264
title,0.00011322,0.00011855,0.00011909,0.00011828,0.00011869,0.00011856,0.00011946,0.00011506,0.00011589
description,0.00012478,0.0001219,0.00012174,0.00012522,0.00012483,0.00012431,0.00012131,0.00012126,0.00012334
non,0.00082978,0.00082731,0.00082874,0.00082288,0.00083001,0.00083667,0.00085371,0.00085416,0.00082854
k,0.0007095,0.00068757,0.00067668,0.00064974,0.00063438,0.00060326,0.00057319,0.00055546,0.00069853
y,0.00042484,0.00040201,0.00037396,0.00034873,0.00032415,0.00029731,0.00028402,0.00026813,0.00041343
insurance,6.763e-05,6.253e-05,6.494e-05,6.506e-05,6.61e-05,6.76e-05,6.797e-05,6.734e-05,6.508e-05
another,0.00047428,0.00046097,0.00045967,0.00046273,0.00045839,0.00045717,0.00045476,0.0004561,0.00046762
why,5.5e-05,5.35e-05,5.496e-05,5.465e-05,5.321e-05,5.301e-05,5.128e-05,5.02e-05,5.425e-05
shall,1.498e-05,1.553e-05,1.405e-05,1.407e-05,1.248e-05,1.171e-05,1.195e-05,1.033e-05,1.525e-05
property,0.00034886,0.00035165,0.00035401,0.00035424,0.00034809,0.00035464,0.00036043,0.00036067,0.00035025
class,0.0004563,0.00045069,0.00044969,0.00044499,0.00044386,0.00044854,0.00044838,0.00044743,0.00045349
cd,2.868e-05,2.728e-05,2.626e-05,2.61e-05,2.64e-05,2.651e-05,2.698e-05,2.644e-05,2.798e-05
still,0.00024592,0.00024234,0.00024083,0.00023901,0.00023861,0.0002328,0.00023418,0.00023156,0.00024413
money,5.5e-05,5.287e-05,5.008e-05,4.956e-05,5.136e-05,4.952e-05,4.778e-05,4.854e-05,5.394e-05
quality,0.00017464,0.00016869,0.00016978,0.00016988,0.00016903,0.00016807,0.00016662,0.00016773,0.00017166
every,0.00067011,0.00066386,0.00066772,0.00066952,0.00067612,0.00068195,0.00068008,0.00068725,0.00066698
listing,2.932e-05,2.854e-05,2.646e-05,2.672e-05,2.722e-05,2.733e-05,2.677e-05,2.582e-05,2.893e-05
content,0.00012114,0.00012127,0.00012642,0.00012583,0.00012258,0.00012431,0.00011987,0.00011754,0.0001212
country,0.00012499,0.00012484,0.00012886,0.00012746,0.00013117,0.00013232,0.00013408,0.00013613,0.00012492
private,8.968e-05,9.106e-05,9.303e-05,9.218e-05,9.209e-05,9.431e-05,9.495e-05,9.358e-05,9.037e-05
little,0.00010209,9.945e-05,9.69e-05,9.728e-05,9.741e-05,9.76e-05,9.845e-05,9.936e-05,0.00010077
visit,1.99e-05,1.846e-05,1.893e-05,1.856e-05,1.821e-05,1.788e-05,1.771e-05,1.735e-05,1.918e-05
save,2.675e-05,2.434e-05,2.382e-05,2.468e-05,2.353e-05,2.137e-05,2.142e-05,2.148e-05,2.555e-05
tools,0.00014811,0.00014477,0.00014372,0.00014398,0.00014263,0.00014177,0.00014355,0.00014604,0.00014644
low,0.00019755,0.00019639,0.00019991,0.00019802,0.00020034,0.00020156,0.00020081,0.00020285,0.00019697
reply,2.78e-06,3.15e-06,3.05e-06,3.06e-06,2.86e-06,2.88e-06,3.09e-06,3.1e-06,2.96e-06
customer,3.446e-05,3.399e-05,2.972e-05,2.998e-05,3.029e-05,2.938e-05,2.863e-05,2.768e-05,3.422e-05
december,0.00034694,0.00035942,0.00036399,0.00035954,0.00036732,0.00037539,0.00037979,0.00037843,0.00035318
compare,4.623e-05,4.469e-05,4.479e-05,4.262e-05,4.4e-05,4.479e-05,4.449e-05,4.441e-05,4.546e-05
movies,9.2e-06,9.65e-06,9.98e-06,1.04e-05,9.62e-06,9.66e-06,9.68e-06,9.71e-06,9.43e-06
include,0.00054512,0.00055182,0.00054944,0.00054492,0.00054843,0.00055497,0.00055836,0.00057033,0.00054847
college,0.00041564,0.00041942,0.00042058,0.00041582,0.00041378,0.00040868,0.00040018,0.00039145,0.00041753
value,0.00076129,0.00075408,0.00074569,0.00075232,0.00075225,0.00075633,0.00076349,0.00075996,0.00075768
article,0.00026775,0.00026332,0.00025039,0.00024472,0.0002429,0.00024286,0.00023727,0.00023693,0.00026554
york,0.00030734,0.0003078,0.00030454,0.00029469,0.00028711,0.00028231,0.00027681,0.00026709,0.00030757
man,0.0001145,0.00010764,0.00010586,0.00010645,0.00010436,0.00010417,0.00010483,0.00010514,0.00011107
card,7.234e-05,7.113e-05,7.064e-05,6.913e-05,7.019e-05,7.233e-05,7.353e-05,7.251e-05,7.174e-05
jobs,2.076e-05,1.972e-05,1.995e-05,1.754e-05,1.678e-05,1.746e-05,1.73e-05,1.715e-05,2.024e-05
provide,0.00022837,0.00022744,0.00022841,0.00022759,0.00022633,0.00022745,0.00022882,0.00023115,0.00022791
j,0.00072576,0.00070435,0.00067586,0.00064097,0.00061575,0.00060408,0.00058328,0.00057591,0.00071506
food,4.409e-05,4.448e-05,4.438e-05,4.65e-05,4.666e-05,4.561e-05,4.655e-05,4.854e-05,4.429e-05
source,0.00028209,0.00028052,0.00028683,0.00029142,0.0002914,0.00029218,0.00029226,0.00029519,0.0002813
author,0.00029429,0.00030591,0.00030862,0.00030162,0.00029857,0.00029937,0.00029164,0.00028982,0.0003001
different,0.00086616,0.00085563,0.00085908,0.0008604,0.00086807,0.00086872,0.00087327,0.00088143,0.00086089
press,0.00029578,0.00029584,0.00029152,0.00028286,0.00027646,0.00026999,0.00026589,0.00025945,0.00029581
u,0.00039702,0.00038984,0.00036684,0.00035444,0.00034215,0.00033656,0.00032521,0.00031873,0.00039343
learn,2.718e-05,2.749e-05,2.931e-05,2.957e-05,3.07e-05,2.979e-05,3.028e-05,2.933e-05,2.734e-05
sale,1.07e-05,1.238e-05,1.221e-05,1.244e-05,1.269e-05,1.253e-05,1.339e-05,1.384e-05,1.154e-05
around,0.00028829,0.00029018,0.00028785,0.00028714,0.00029284,0.00029526,0.00029391,0.00029849,0.00028923
print,6.785e-05,6.672e-05,6.413e-05,6.363e-05,6.385e-05,6.287e-05,6.179e-05,6.094e-05,6.728e-05
course,9.225e-05,9.211e-05,9.059e-05,9.055e-05,8.943e-05,8.712e-05,8.589e-05,8.407e-05,9.218e-05
job,3.959e-05,3.756e-05,3.685e-05,3.732e-05,3.806e-05,3.74e-05,3.728e-05,3.677e-05,3.858e-05
canada,0.0001404,0.00014079,0.00013477,0.00013337,0.00013608,0.00013253,0.00013058,0.00013117,0.0001406
process,0.00059713,0.00059189,0.00058955,0.00058774,0.00059058,0.00058641,0.00059131,0.00059884,0.00059451
teen,1.07e-06,1.47e-06,1.63e-06,1.43e-06,1.43e-06,1.44e-06,1.44e-06,1.65e-06,1.27e-06
room,5.543e-05,5.539e-05,5.313e-05,5.262e-05,5.443e-05,5.055e-05,5.067e-05,5.02e-05,5.541e-05
stock,4.987e-05,4.742e-05,4.601e-05,4.466e-05,4.522e-05,4.582e-05,4.819e-05,4.751e-05,4.865e-05
training,7.277e-05,7.197e-05,7.349e-05,7.403e-05,7.469e-05,7.459e-05,7.435e-05,7.767e-05,7.237e-05
too,7.684e-05,7.574e-05,7.614e-05,7.607e-05,7.694e-05,7.746e-05,7.888e-05,7.705e-05,7.629e-05
credit,4.045e-05,3.672e-05,3.725e-05,3.834e-05,3.847e-05,3.781e-05,3.893e-05,3.718e-05,3.858e-05
point,0.00104894,0.00104698,0.00105349,0.00105312,0.00105675,0.00105488,0.00105555,0.00105639,0.00104796
join,2.44e-05,2.392e-05,2.443e-05,2.427e-05,2.435e-05,2.548e-05,2.513e-05,2.479e-05,2.416e-05
science,0.00136099,0.00137493,0.00138674,0.00138554,0.00139337,0.00138568,0.00137787,0.00137389,0.00136796
men,4.623e-05,4.595e-05,4.641e-05,4.629e-05,4.584e-05,4.459e-05,4.346e-05,4.4e-05,4.609e-05
categories,0.00010145,0.00010155,9.751e-05,9.687e-05,9.945e-05,0.00010089,0.00010113,0.00010101,0.0001015
advanced,0.0001892,0.00018359,0.00019075,0.00018884,0.00018724,0.00018451,0.00018598,0.00018736,0.0001864
west,0.00020589,0.0002073,0.00020439,0.00020761,0.00020955,0.00020999,0.00020802,0.00020822,0.0002066
sales,3.938e-05,4.343e-05,4.397e-05,4.425e-05,4.379e-05,4.315e-05,4.243e-05,4.193e-05,4.141e-05
look,4.259e-05,4.07e-05,4.397e-05,4.221e-05,4.072e-05,4.007e-05,3.954e-05,3.904e-05,4.164e-05
english,0.00036748,0.00035837,0.00036236,0.00035933,0.00036037,0.00036306,0.00036125,0.00036542,0.00036292
left,0.00023521,0.00023248,0.00023268,0.00023473,0.00023533,0.00023773,0.00023685,0.00023363,0.00023384
team,0.00013034,0.00013491,0.00013823,0.0001397,0.00013895,0.00013972,0.00013985,0.0001384,0.00013262
estate,1.391e-05,1.406e-05,1.364e-05,1.346e-05,1.351e-05,1.253e-05,1.277e-05,1.198e-05,1.398e-05
box,8.925e-05,9.232e-05,8.957e-05,8.871e-05,8.697e-05,8.548e-05,8.897e-05,8.924e-05,9.078e-05
conditions,0.00023842,0.00024276,0.00024429,0.00024615,0.0002472,0.00024964,0.00025148,0.00025077,0.00024059
select,2.911e-05,2.854e-05,2.809e-05,2.855e-05,2.783e-05,2.774e-05,2.822e-05,2.851e-05,2.883e-05
windows,0.00017893,0.00017897,0.00017935,0.00018109,0.00018561,0.00019129,0.00019113,0.00019149,0.00017895
photos,6.85e-06,7.76e-06,7.53e-06,7.14e-06,6.96e-06,7.6e-06,7.83e-06,7.64e-06,7.31e-06
gay,9.42e-06,8.39e-06,7.53e-06,7.14e-06,6.55e-06,5.55e-06,5.56e-06,4.54e-06,8.91e-06
thread,1.413e-05,1.406e-05,1.344e-05,1.387e-05,1.31e-05,1.294e-05,1.153e-05,1.074e-05,1.409e-05
week,2.804e-05,2.77e-05,2.769e-05,2.692e-05,2.742e-05,2.671e-05,2.513e-05,2.582e-05,2.787e-05
category,0.00027674,0.00028367,0.00043829,0.00041664,0.00040702,0.00039224,0.00038061,0.00035096,0.00028021
note,0.00018556,0.00017771,0.00016835,0.00016254,0.00015921,0.00015739,0.000152,0.00015079,0.00018164
live,5.543e-05,5.518e-05,5.639e-05,5.731e-05,5.894e-05,5.876e-05,5.89e-05,5.867e-05,5.53e-05
large,0.00049782,0.00049831,0.00048165,0.00048312,0.00048397,0.00048717,0.00049204,0.00049432,0.00049807
gallery,1.755e-05,1.825e-05,1.914e-05,1.897e-05,1.842e-05,1.788e-05,1.792e-05,1.735e-05,1.79e-05
table,0.00014682,0.0001454,0.00014454,0.00014683,0.00013301,0.00013273,0.00013181,0.0001322,0.00014611
register,4.045e-05,3.945e-05,4.133e-05,4.079e-05,4.195e-05,4.171e-05,4.305e-05,4.668e-05,3.995e-05
however,0.00057637,0.0005707,0.00057326,0.00057204,0.00057421,0.0005712,0.00057504,0.00057426,0.00057354
june,0.00035207,0.00036067,0.00037071,0.00037341,0.00037612,0.00037683,0.00037814,0.00038484,0.00035637
october,0.00032746,0.00034011,0.00034913,0.0003471,0.00035423,0.00035526,0.00036125,0.00035984,0.00033379
november,0.00030755,0.00032039,0.00032857,0.00032752,0.00032947,0.00033491,0.0003388,0.00033939,0.00031397
market,0.00014704,0.00014351,0.00013945,0.00013827,0.00013588,0.00013992,0.00014273,0.00014129,0.00014527
library,0.00014169,0.00015044,0.0001539,0.00015601,0.0001545,0.00015328,0.00015076,0.00015018,0.00014607
really,1.776e-05,1.741e-05,1.608e-05,1.611e-05,1.535e-05,1.438e-05,1.565e-05,1.467e-05,1.759e-05
action,0.00018128,0.00018233,0.00018037,0.00018048,0.00018417,0.0001878,0.00019175,0.00019046,0.0001818
start,6.977e-05,7.05e-05,6.82e-05,6.852e-05,6.855e-05,6.513e-05,6.508e-05,6.507e-05,7.014e-05
series,0.00074738,0.00074233,0.00074284,0.0007464,0.00075368,0.00075345,0.00075464,0.00075811,0.00074485
model,0.00106264,0.00107804,0.00107527,0.00107861,0.00108233,0.0010933,0.00109612,0.0011134,0.00107034
features,0.00018449,0.00018464,0.0001824,0.00018415,0.00018683,0.00019047,0.00019278,0.00019459,0.00018456
air,0.00012585,0.00012715,0.00012845,0.00012807,0.00012994,0.00012698,0.00012625,0.00012683,0.0001265
industry,0.00013633,0.00013806,0.00013762,0.00013786,0.00014161,0.0001354,0.0001349,0.00013757,0.0001372
plan,4.687e-05,4.742e-05,4.703e-05,4.691e-05,4.809e-05,4.746e-05,4.943e-05,4.875e-05,4.714e-05
human,0.00031398,0.00031976,0.00032449,0.00032609,0.00032721,0.00032772,0.00032418,0.00032018,0.00031687
provided,0.00016266,0.00016282,0.00016347,0.00016478,0.00016391,0.00016355,0.00016415,0.00016629,0.00016274
tv,4.066e-05,4.091e-05,4.071e-05,4.099e-05,4.134e-05,4.068e-05,4.119e-05,4.069e-05,4.078e-05
yes,1.134e-05,1.07e-05,1.038e-05,1.06e-05,1.044e-05,1.048e-05,1.092e-05,1.053e-05,1.102e-05
required,0.00019562,0.00019345,0.00019441,0.000197,0.00019768,0.00019869,0.00019793,0.00019707,0.00019454
second,0.00052779,0.00053,0.00053132,0.0005337,0.00053001,0.00052888,0.00052355,0.00052055,0.00052889
hot,1.691e-05,1.574e-05,1.649e-05,1.693e-05,1.719e-05,1.767e-05,1.73e-05,1.673e-05,1.632e-05
accessories,3.64e-06,3.57e-06,3.46e-06,3.47e-06,3.89e-06,3.7e-06,3.71e-06,3.31e-06,3.61e-06
cost,0.00014918,0.00014813,0.00014454,0.00014745,0.0001457,0.00014814,0.0001485,0.00014687,0.00014866
movie,2.804e-05,2.665e-05,2.402e-05,2.386e-05,2.333e-05,1.973e-05,1.957e-05,2.045e-05,2.734e-05
forums,3.64e-06,4.2e-06,3.66e-06,3.47e-06,3.68e-06,3.49e-06,3.09e-06,2.89e-06,3.92e-06
march,0.00036085,0.000372,0.00037641,0.00039788,0.00039311,0.00039943,0.00039977,0.00039847,0.00036642
la,0.00012563,0.00013428,0.0001366,0.00013337,0.00013506,0.00013253,0.00013181,0.00012911,0.00012996
september,0.00032361,0.00032836,0.00033549,0.00033894,0.00034256,0.00034601,0.00035054,0.0003555,0.00032598
better,0.00014639,0.00014309,0.00014352,0.00014235,0.00014325,0.00014876,0.00014767,0.00014873,0.00014474
say,9.524e-05,8.938e-05,8.55e-05,8.402e-05,8.206e-05,8.137e-05,7.868e-05,7.664e-05,9.231e-05
questions,7.919e-05,8.099e-05,7.838e-05,7.729e-05,7.817e-05,7.828e-05,7.868e-05,7.912e-05,8.009e-05
july,0.00033559,0.00033738,0.00034506,0.00034628,0.00035136,0.00035813,0.00036352,0.00037286,0.00033648
yahoo,1.092e-05,1.091e-05,1.12e-05,1.101e-05,1.146e-05,1.13e-05,1.133e-05,1.136e-05,1.091e-05
going,3.66e-05,3.693e-05,3.522e-05,3.61e-05,3.581e-05,3.637e-05,3.625e-05,3.594e-05,3.677e-05
medical,0.00011194,0.00011582,0.00011848,0.00011951,0.00012012,0.00011773,0.00011905,0.00011878,0.00011388
test,0.00027952,0.00028934,0.00028806,0.00029142,0.0002912,0.00029588,0.00029555,0.0002987,0.00028443
friend,3.36e-05,3.42e-05,3.42e-05,3.406e-05,3.377e-05,3.39e-05,3.295e-05,3.305e-05,3.39e-05
come,7.619e-05,7.553e-05,7.268e-05,7.24e-05,7.346e-05,7.376e-05,7.353e-05,7.313e-05,7.586e-05
dec,2.782e-05,2.728e-05,2.585e-05,2.366e-05,2.169e-05,2.096e-05,2.018e-05,2.086e-05,2.755e-05
server,9.075e-05,8.959e-05,8.957e-05,8.81e-05,8.677e-05,8.465e-05,8.444e-05,8.552e-05,9.017e-05
pc,3.489e-05,3.378e-05,3.257e-05,3.202e-05,3.09e-05,3.061e-05,2.904e-05,2.892e-05,3.434e-05
study,0.00060205,0.00060658,0.00060909,0.00060467,0.00060798,0.00060367,0.00059811,0.00059802,0.00060432
application,0.00033837,0.0003399,0.00034282,0.00034547,0.00035198,0.0003493,0.00035054,0.00035158,0.00033914
cart,1.71e-06,1.68e-06,1.63e-06,1.63e-06,1.84e-06,1.85e-06,1.85e-06,1.86e-06,1.69e-06
staff,7.577e-05,7.742e-05,7.858e-05,7.444e-05,7.367e-05,7.171e-05,7.25e-05,7.023e-05,7.659e-05
articles,0.00014383,0.00014708,0.00014698,0.000145,0.00014304,0.00014095,0.00013923,0.00013819,0.00014546
san,6.977e-05,7.092e-05,7.186e-05,6.975e-05,6.937e-05,6.76e-05,6.817e-05,6.569e-05,7.035e-05
feedback,7.427e-05,7.532e-05,7.206e-05,7.444e-05,7.653e-05,7.541e-05,7.826e-05,7.87e-05,7.48e-05
again,9.845e-05,9.61e-05,9.649e-05,9.483e-05,9.25e-05,9.328e-05,9.515e-05,9.378e-05,9.727e-05
play,0.00012328,0.00012568,0.00012886,0.00013133,0.00013138,0.00012862,0.00012667,0.00012601,0.00012448
looking,3.446e-05,3.483e-05,3.501e-05,3.589e-05,3.602e-05,3.472e-05,3.398e-05,3.408e-05,3.464e-05
issues,9.909e-05,9.694e-05,9.934e-05,9.667e-05,9.577e-05,9.513e-05,9.248e-05,9.275e-05,9.802e-05
april,0.00034437,0.00035375,0.00035503,0.00035648,0.00035791,0.00036039,0.00036476,0.00036397,0.00034906
never,9.289e-05,9.316e-05,9.405e-05,9.014e-05,9.27e-05,9.328e-05,9.124e-05,8.924e-05,9.302e-05
users,0.00015966,0.00016009,0.00016225,0.00016192,0.00016044,0.00015739,0.00015159,0.000151,0.00015987
complete,0.00028979,0.00028556,0.00028582,0.00028857,0.00029079,0.00029094,0.00029102,0.0002894,0.00028768
street,3.917e-05,3.798e-05,4.051e-05,3.977e-05,3.806e-05,3.842e-05,3.81e-05,3.883e-05,3.858e-05
topic,6.806e-05,6.756e-05,6.596e-05,6.485e-05,6.385e-05,6.37e-05,6.364e-05,6.052e-05,6.781e-05
comment,1.027e-05,9.02e-06,8.75e-06,8.97e-06,9e-06,9.04e-06,8.44e-06,8.06e-06,9.64e-06
financial,0.00013398,0.00013093,0.00013721,0.00013521,0.0001324,0.00013232,0.0001349,0.00013551,0.00013245
things,7.769e-05,7.868e-05,7.878e-05,7.709e-05,7.572e-05,7.417e-05,7.332e-05,7.354e-05,7.818e-05
working,0.00025983,0.0002629,0.00026403,0.00026573,0.00026746,0.00026999,0.0002694,0.00027081,0.00026137
against,0.00015602,0.00015484,0.00015431,0.00015418,0.00015471,0.00015801,0.00015777,0.00016112,0.00015543
standard,0.00055561,0.00055496,0.00055209,0.00055532,0.00056848,0.00056566,0.00056516,0.00056889,0.00055528
tax,2.269e-05,2.245e-05,2.239e-05,2.223e-05,2.149e-05,2.096e-05,2.018e-05,2.086e-05,2.257e-05
person,0.00012756,0.00012421,0.00012581,0.00012358,0.00012606,0.00012595,0.00012522,0.00012663,0.00012589
below,0.00026111,0.00025451,0.00025039,0.00025125,0.0002382,0.00023259,0.00023191,0.00023177,0.00025781
mobile,8.861e-05,8.854e-05,9.242e-05,9.177e-05,9.352e-05,8.979e-05,9.062e-05,9.192e-05,8.857e-05
less,0.00031547,0.00030549,0.00029742,0.00029734,0.0002869,0.00028642,0.00028175,0.00028321,0.00031048
got,2.718e-05,2.644e-05,2.606e-05,2.427e-05,2.292e-05,2.26e-05,2.369e-05,2.231e-05,2.681e-05
blog,2.162e-05,2.035e-05,2.097e-05,1.917e-05,1.658e-05,1.582e-05,1.421e-05,1.508e-05,2.098e-05
party,0.00010059,0.00010197,0.00010749,0.00010727,0.00010539,0.00010705,0.00010916,0.00010948,0.00010128
payment,2.611e-05,2.434e-05,2.463e-05,2.447e-05,2.435e-05,2.445e-05,2.492e-05,2.438e-05,2.522e-05
equipment,6.464e-05,6.42e-05,6.433e-05,6.608e-05,6.794e-05,6.78e-05,6.838e-05,7.003e-05,6.442e-05
login,4.28e-06,4.41e-06,4.07e-06,4.08e-06,4.3e-06,4.93e-06,4.94e-06,4.96e-06,4.34e-06
student,0.00014725,0.00014498,0.00014494,0.00014235,0.00014406,0.00014013,0.00013944,0.00013613,0.00014611
let,0.00018085,0.00017688,0.00016693,0.00016417,0.00015982,0.00015718,0.00015591,0.00015327,0.00017887
programs,0.00016865,0.00017037,0.00017365,0.00017355,0.00017005,0.00016951,0.00017095,0.00017042,0.00016951
offers,4.174e-05,3.882e-05,4.071e-05,4.14e-05,4.175e-05,4.192e-05,4.366e-05,4.648e-05,4.028e-05
legal,5.607e-05,5.686e-05,5.761e-05,5.955e-05,5.853e-05,5.979e-05,6.076e-05,6.197e-05,5.646e-05
above,0.00024335,0.00023919,0.00023757,0.00023514,0.00023411,0.00023074,0.00023047,0.00022723,0.00024127
recent,0.00012799,0.00012484,0.00011889,0.00011889,0.00010846,0.00011075,0.00011204,0.00010989,0.00012642
park,6.849e-05,7.658e-05,7.899e-05,7.627e-05,7.531e-05,7.623e-05,7.641e-05,7.581e-05,7.254e-05
stores,1.948e-05,2.14e-05,2.097e-05,2.223e-05,2.251e-05,2.24e-05,2.286e-05,2.231e-05,2.044e-05
side,0.00018214,0.00018002,0.00018118,0.0001815,0.00018131,0.00018246,0.0001798,0.0001857,0.00018108
act,7.919e-05,7.847e-05,7.899e-05,8.015e-05,7.838e-05,8.034e-05,8.362e-05,8.469e-05,7.883e-05
problem,0.00110587,0.00110133,0.00110336,0.00111145,0.00111384,0.00111898,0.00112228,0.00112229,0.0011036
red,0.00023671,0.00023311,0.0002339,0.00023045,0.00023083,0.00023321,0.00022367,0.00022599,0.00023491
give,0.00014019,0.00013785,0.00013517,0.0001348,0.00013506,0.00013335,0.00013387,0.0001322,0.00013902
memory,0.00019305,0.00019723,0.00020072,0.00020128,0.00020239,0.000203,0.00020369,0.00020388,0.00019514
performance,0.00022644,0.00022744,0.00022617,0.00022861,0.00022919,0.00023054,0.00023479,0.00023755,0.00022694
social,0.0003037,0.00030759,0.00031554,0.00030876,0.0002826,0.00028683,0.00029143,0.00029271,0.00030565
q,0.00024613,0.00023227,0.00022271,0.00021841,0.00021119,0.0001991,0.00019546,0.00019293,0.0002392
august,0.00033238,0.00034221,0.00034831,0.00034791,0.00034973,0.000353,0.00035796,0.00036542,0.0003373
quote,1.691e-05,1.741e-05,1.73e-05,1.713e-05,1.617e-05,1.582e-05,1.483e-05,1.363e-05,1.716e-05
language,0.00058065,0.00058371,0.00057428,0.00058264,0.00058465,0.000586,0.00058101,0.00058252,0.00058218
story,7.684e-05,7.658e-05,7.593e-05,7.403e-05,7.613e-05,7.602e-05,7.662e-05,7.395e-05,7.671e-05
sell,1.22e-05,1.322e-05,1.364e-05,1.366e-05,1.33e-05,1.294e-05,1.256e-05,1.239e-05,1.271e-05
options,3.852e-05,3.84e-05,3.725e-05,3.814e-05,3.683e-05,3.657e-05,3.728e-05,3.677e-05,3.846e-05
experience,6.72e-05,6.462e-05,6.575e-05,6.383e-05,6.405e-05,6.472e-05,6.22e-05,6.176e-05,6.591e-05
rates,7.277e-05,7.092e-05,7.145e-05,7.219e-05,7.306e-05,7.253e-05,7.291e-05,7.457e-05,7.185e-05
create,0.00014083,0.00013932,0.00014006,0.00013949,0.00013854,0.0001389,0.00014149,0.00014026,0.00014007
key,0.00051858,0.0005109,0.00050262,0.00050087,0.00050607,0.00051038,0.00050852,0.00050774,0.00051474
body,0.00024463,0.00024192,0.00024632,0.00024024,0.00024352,0.00024923,0.00024942,0.00025181,0.00024327
young,0.00011151,0.00011057,0.00011176,0.0001138,0.00011623,0.00011691,0.00011554,0.00011919,0.00011104
america,0.00016202,0.00016219,0.00015919,0.00015927,0.00014632,0.00014691,0.00014623,0.00014687,0.00016211
important,0.00052971,0.00052244,0.00051809,0.0005184,0.00051835,0.00051388,0.00051572,0.00051477,0.00052607
field,0.00116965,0.00117476,0.0011793,0.00118385,0.00120122,0.00120713,0.00121105,0.00121111,0.0011722
few,0.00016651,0.00016114,0.00016204,0.00015805,0.00015757,0.0001578,0.00015962,0.00015947,0.00016382
east,0.00019027,0.00018883,0.00018525,0.00018762,0.00018786,0.0001878,0.00018887,0.00018777,0.00018955
paper,0.00034373,0.0003399,0.00033854,0.00033649,0.00033827,0.00033779,0.00033469,0.00033939,0.00034181
single,0.00044004,0.00042635,0.00042872,0.00042888,0.00043035,0.0004358,0.00043664,0.0004371,0.00043319
ii,0.00020953,0.0002138,0.00021172,0.00021046,0.00021364,0.00021328,0.00021523,0.00021462,0.00021166
age,0.00016908,0.00017247,0.00017344,0.00017559,0.00017783,0.0001767,0.0001796,0.00018199,0.00017078
activities,8.176e-05,8.015e-05,8.082e-05,7.872e-05,7.899e-05,7.808e-05,7.744e-05,7.56e-05,8.095e-05
club,3.061e-05,3.105e-05,3.216e-05,3.1e-05,3.254e-05,3.37e-05,3.419e-05,3.264e-05,3.083e-05
example,0.00110994,0.00110154,0.00108708,0.00108698,0.00108887,0.00110316,0.0011058,0.00111361,0.00110574
girls,2.076e-05,2.224e-05,2.117e-05,2.039e-05,2.149e-05,2.055e-05,2.121e-05,2.293e-05,2.15e-05
additional,0.00014575,0.00014393,0.00014617,0.00014377,0.00014222,0.00014301,0.00014355,0.00014832,0.00014484
password,5.179e-05,5.036e-05,5.028e-05,4.833e-05,4.891e-05,4.911e-05,4.84e-05,4.834e-05,5.107e-05
z,0.00022623,0.00021674,0.0002054,0.0001917,0.00018417,0.00016931,0.00016003,0.00015761,0.00022148
latest,2.183e-05,2.35e-05,2.361e-05,2.243e-05,2.271e-05,2.322e-05,2.369e-05,2.458e-05,2.267e-05
something,6.164e-05,5.812e-05,5.781e-05,5.547e-05,5.484e-05,5.404e-05,5.252e-05,5.288e-05,5.988e-05
road,3.51e-05,3.651e-05,3.664e-05,3.671e-05,3.581e-05,3.493e-05,3.419e-05,3.388e-05,3.581e-05
gift,9.42e-06,9.44e-06,9.36e-06,8.77e-06,9.41e-06,8.42e-06,8.24e-06,8.47e-06,9.43e-06
question,0.000119,0.00011876,0.00011624,0.00011604,0.00011685,0.0001163,0.00011699,0.00011733,0.00011888
changes,0.00016715,0.00016366,0.00016469,0.00016213,0.0001676,0.00016992,0.00016992,0.00017641,0.0001654
night,2.247e-05,2.14e-05,2.036e-05,2.203e-05,2.108e-05,2.075e-05,2.039e-05,2.045e-05,2.193e-05
ca,6.742e-05,6.462e-05,6.005e-05,5.833e-05,5.341e-05,5.096e-05,4.943e-05,4.854e-05,6.602e-05
hard,9.417e-05,9.316e-05,9.527e-05,9.422e-05,9.638e-05,9.883e-05,9.927e-05,9.915e-05,9.366e-05
texas,7.106e-05,7.721e-05,7.451e-05,7.26e-05,7.346e-05,7.027e-05,7.003e-05,7.003e-05,7.413e-05
oct,1.263e-05,1.175e-05,9.36e-06,9.18e-06,9e-06,8.63e-06,8.24e-06,8.47e-06,1.219e-05
pay,2.889e-05,2.895e-05,2.85e-05,2.774e-05,2.722e-05,2.527e-05,2.78e-05,2.747e-05,2.892e-05
four,0.00040536,0.0004018,0.00039941,0.0003991,0.00039925,0.00040334,0.00040533,0.00040487,0.00040358
poker,9.2e-06,9.65e-06,9.36e-06,9.38e-06,9.62e-06,8.63e-06,9.47e-06,9.71e-06,9.43e-06
status,4.666e-05,4.931e-05,5.089e-05,5.017e-05,4.891e-05,5.096e-05,5.17e-05,5.267e-05,4.798e-05
browse,3.42e-06,2.31e-06,2.44e-06,2.04e-06,1.84e-06,1.64e-06,1.44e-06,1.45e-06,2.86e-06
issue,0.0001083,0.00010722,0.00010464,0.00010401,0.00010416,0.00010273,0.0001036,0.00010225,0.00010776
range,0.00027245,0.00027528,0.00028134,0.0002851,0.00028588,0.00028786,0.00029143,0.00029271,0.00027386
building,0.00012456,0.00012568,0.00012784,0.00012848,0.00012647,0.00012945,0.00012996,0.000132,0.00012512
seller,3.85e-06,3.78e-06,3.66e-06,3.47e-06,3.68e-06,3.49e-06,3.71e-06,3.92e-06,3.81e-06
court,5.051e-05,4.973e-05,4.967e-05,4.996e-05,4.973e-05,5.137e-05,5.231e-05,5.206e-05,5.012e-05
february,0.00030092,0.00031053,0.00031187,0.00031161,0.00031412,0.00031848,0.00032315,0.00032596,0.00030572
always,0.00022537,0.00022073,0.00021701,0.0002178,0.00021712,0.00021574,0.00021379,0.0002107,0.00022305
result,0.00046529,0.00045761,0.00045234,0.0004509,0.00045757,0.0004621,0.00046362,0.00047015,0.00046145
audio,8.176e-05,7.994e-05,8.143e-05,8.137e-05,8.165e-05,8.034e-05,8.177e-05,8.036e-05,8.085e-05
light,0.00029835,0.00029227,0.00028744,0.00029306,0.00029591,0.00029341,0.00029143,0.00029519,0.00029531
write,7.063e-05,6.945e-05,6.616e-05,6.465e-05,6.16e-05,6.164e-05,6.055e-05,6.156e-05,7.004e-05
war,0.00026325,0.00026248,0.00026363,0.00026654,0.00026726,0.00026547,0.00026631,0.00026854,0.00026286
nov,1.541e-05,1.49e-05,1.323e-05,1.326e-05,1.228e-05,1.068e-05,1.05e-05,9.71e-06,1.515e-05
offer,3.745e-05,3.882e-05,3.929e-05,3.793e-05,3.724e-05,3.719e-05,3.687e-05,3.76e-05,3.813e-05
blue,0.00020097,0.0001966,0.00019136,0.00019313,0.00019236,0.00019273,0.00018619,0.0001886,0.00019878
groups,0.00047728,0.00048468,0.00048328,0.00048088,0.00048745,0.00048737,0.00048648,0.00049163,0.00048098
al,0.00031569,0.00033025,0.00032287,0.00031732,0.00031003,0.00030533,0.00029596,0.00030428,0.00032297
easy,7.534e-05,7.197e-05,7.084e-05,6.873e-05,6.773e-05,6.801e-05,6.714e-05,6.693e-05,7.365e-05
given,0.00111122,0.00110552,0.00109909,0.00110451,0.00111016,0.00110789,0.00111342,0.00110948,0.00110837
files,0.00010016,9.84e-05,9.67e-05,9.646e-05,9.72e-05,9.616e-05,9.557e-05,9.564e-05,9.928e-05
event,0.00012563,0.00012421,0.00012255,0.00012379,0.0001234,0.00012225,0.00012296,0.00012415,0.00012492
release,8.732e-05,8.686e-05,8.937e-05,8.932e-05,9.372e-05,9.493e-05,9.515e-05,9.523e-05,8.709e-05
analysis,0.00119705,0.00121652,0.00122449,0.00122728,0.00123928,0.00125028,0.00124833,0.00124333,0.00120679
request,3.061e-05,3.147e-05,3.033e-05,2.998e-05,3.008e-05,2.938e-05,2.966e-05,2.954e-05,3.104e-05
fax,5.56e-06,5.46e-06,5.5e-06,5.51e-06,5.32e-06,5.34e-06,4.94e-06,4.54e-06,5.51e-06
china,8.454e-05,8.414e-05,8.611e-05,8.504e-05,8.574e-05,8.383e-05,8.321e-05,8.18e-05,8.434e-05
making,0.00020632,0.00020772,0.00020866,0.00021046,0.00021119,0.00021595,0.00021502,0.00021731,0.00020702
picture,6.121e-05,5.812e-05,5.558e-05,5.69e-05,5.832e-05,5.753e-05,5.705e-05,5.722e-05,5.967e-05
needs,6.635e-05,6.63e-05,6.636e-05,6.485e-05,6.733e-05,6.493e-05,6.467e-05,6.548e-05,6.632e-05
possible,0.00048391,0.00047607,0.00047575,0.00047701,0.00048028,0.00047977,0.00048524,0.00048853,0.00047999
might,0.0001449,0.00014351,0.00014291,0.00013786,0.00013506,0.00013397,0.00013346,0.00013489,0.00014421
professional,9.139e-05,8.938e-05,8.855e-05,8.851e-05,8.881e-05,8.856e-05,8.918e-05,9.068e-05,9.039e-05
yet,7.577e-05,7.637e-05,7.654e-05,7.811e-05,7.756e-05,7.541e-05,7.27e-05,7.23e-05,7.607e-05
month,3.125e-05,2.979e-05,2.952e-05,2.998e-05,3.151e-05,3.082e-05,3.048e-05,2.954e-05,3.052e-05
major,0.00026432,0.00026584,0.00026241,0.00026756,0.00026848,0.00026793,0.00026981,0.00026833,0.00026508
star,0.00016352,0.00015589,0.00015818,0.00015887,0.00016187,0.00016253,0.00016415,0.00016484,0.00015971
areas,0.00036513,0.00036172,0.00037233,0.00041032,0.00030962,0.00031067,0.00030853,0.00031274,0.00036343
future,0.00013484,0.00013407,0.00013232,0.00013235,0.00013424,0.00013643,0.00013593,0.00014088,0.00013446
space,0.00152151,0.00150669,0.00150949,0.00152442,0.00152639,0.00153937,0.00155912,0.00157302,0.0015141
committee,0.00010765,0.00010722,0.00010911,0.00011033,0.00010907,0.00010767,0.00010834,0.00010535,0.00010743
hand,0.00017015,0.00016911,0.00016693,0.0001607,0.00016146,0.00016088,0.00016147,0.00016236,0.00016963
sun,9.845e-05,0.00010302,0.00010341,0.00010421,0.00010498,0.00010315,0.0001003,0.00010411,0.00010073
cards,5.308e-05,5.413e-05,5.273e-05,5.139e-05,5.116e-05,5.26e-05,5.314e-05,4.978e-05,5.36e-05
problems,0.00065492,0.00065631,0.00065673,0.00066238,0.00066712,0.00066654,0.0006599,0.00065751,0.00065562
london,0.00025426,0.00025535,0.00024795,0.00024268,0.0002429,0.00023773,0.00023129,0.00022681,0.0002548
washington,9.824e-05,9.945e-05,0.00010036,0.00010156,0.00010191,0.00010253,0.00010113,9.874e-05,9.884e-05
meeting,5.222e-05,5.099e-05,5.008e-05,4.874e-05,4.87e-05,4.87e-05,4.758e-05,4.751e-05,5.16e-05
rss,3.85e-06,3.57e-06,3.46e-06,3.47e-06,3.07e-06,2.88e-06,2.68e-06,2.48e-06,3.71e-06
become,0.00019027,0.00018883,0.00018322,0.00018538,0.00018438,0.00018307,0.00018413,0.00018343,0.00018955
interest,0.00024913,0.00024276,0.00023696,0.00023616,0.00024045,0.00024225,0.00024303,0.00024354,0.00024595
id,5.672e-05,5.413e-05,5.069e-05,4.915e-05,4.195e-05,3.185e-05,2.657e-05,2.603e-05,5.542e-05
child,4.709e-05,5.036e-05,4.764e-05,4.813e-05,4.809e-05,4.603e-05,4.469e-05,4.359e-05,4.872e-05
keep,3.895e-05,3.903e-05,3.786e-05,3.895e-05,3.868e-05,3.986e-05,4.057e-05,4.131e-05,3.899e-05
enter,2.333e-05,2.161e-05,2.199e-05,2.223e-05,2.026e-05,1.973e-05,1.957e-05,2.045e-05,2.247e-05
california,0.00023928,0.00024549,0.00024714,0.00023901,0.00023902,0.00023917,0.00023747,0.00023322,0.00024239
porn,8.6e-07,1.05e-06,1.43e-06,1.63e-06,1.64e-06,1.44e-06,1.44e-06,1.24e-06,9.5e-07
share,8.133e-05,8.099e-05,8.285e-05,8.545e-05,8.779e-05,8.732e-05,8.836e-05,8.614e-05,8.116e-05
similar,0.00044111,0.00044208,0.00043992,0.00043663,0.00044631,0.00044792,0.00044632,0.00044908,0.0004416
garden,1.391e-05,1.364e-05,1.384e-05,1.387e-05,1.392e-05,1.377e-05,1.401e-05,1.405e-05,1.377e-05
schools,6.314e-05,6.525e-05,6.555e-05,6.608e-05,6.692e-05,6.431e-05,6.467e-05,6.61e-05,6.419e-05
million,0.00010016,0.00010113,0.0001081,0.00010788,0.00010887,0.00010931,0.00010916,0.00010514,0.00010065
added,0.00012285,0.00011981,0.00011726,0.00012012,0.00012115,0.00011999,0.00011822,0.0001196,0.00012133
reference,0.00026411,0.00026437,0.00026648,0.00026838,0.00026869,0.00026875,0.00026734,0.00026647,0.00026424
companies,7.598e-05,7.595e-05,7.675e-05,7.77e-05,7.694e-05,7.664e-05,7.662e-05,7.726e-05,7.596e-05
listed,7.127e-05,7.176e-05,7.186e-05,7.423e-05,7.449e-05,7.068e-05,7.167e-05,7.354e-05,7.151e-05
baby,8.35e-06,9.65e-06,1.018e-05,9.58e-06,1.023e-05,1.068e-05,1.092e-05,1.074e-05,9e-06
learning,0.00024313,0.00025115,0.00026933,0.00027021,0.00027258,0.00027594,0.00028011,0.00028052,0.00024714
energy,0.00046979,0.00046097,0.00046048,0.00046885,0.00048008,0.00047998,0.00047659,0.00047903,0.00046538
run,0.00013633,0.00013638,0.00013619,0.00013582,0.00013424,0.00013417,0.00013511,0.00013654,0.00013636
delivery,1.755e-05,1.574e-05,1.669e-05,1.713e-05,1.698e-05,1.726e-05,1.73e-05,1.797e-05,1.665e-05
net,0.0001023,9.694e-05,9.873e-05,9.809e-05,9.516e-05,9.205e-05,8.959e-05,8.986e-05,9.962e-05
popular,0.00019434,0.00019156,0.00019054,0.00019027,0.00019379,0.00019561,0.00019443,0.00019128,0.00019295
term,0.00073646,0.00072869,0.0007178,0.00072295,0.00072564,0.0007288,0.0007256,0.00072567,0.00073258
film,0.00041842,0.00042362,0.00043422,0.0004507,0.00045327,0.00046251,0.00047515,0.00048337,0.00042102
stories,2.418e-05,2.287e-05,2.382e-05,2.488e-05,2.538e-05,2.322e-05,2.451e-05,2.479e-05,2.352e-05
put,7.812e-05,7.658e-05,7.532e-05,7.423e-05,7.203e-05,7.048e-05,6.982e-05,6.837e-05,7.735e-05
computers,0.00018171,0.00018779,0.00018953,0.00019598,0.00019788,0.00019746,0.00019752,0.00019831,0.00018475
journal,0.00061468,0.00060637,0.00060441,0.00059753,0.00059406,0.00058846,0.00057937,0.00057219,0.00061052
reports,5.286e-05,5.371e-05,5.15e-05,5.119e-05,5.198e-05,5.301e-05,5.108e-05,5.082e-05,5.329e-05
co,0.00030285,0.00031242,0.000319,0.00031263,0.00030696,0.00029937,0.00030132,0.00029581,0.00030764
try,2.119e-05,2.056e-05,2.097e-05,1.856e-05,1.821e-05,1.849e-05,1.854e-05,1.859e-05,2.087e-05
welcome,5.35e-06,5.67e-06,5.09e-06,4.69e-06,4.3e-06,4.11e-06,3.91e-06,3.72e-06,5.51e-06
central,0.00023051,0.00023625,0.00023309,0.00023534,0.00023431,0.00024019,0.00023974,0.00023838,0.00023338
images,0.00014639,0.00014519,0.00014555,0.00014683,0.00014488,0.00014403,0.0001452,0.00014398,0.00014579
president,0.00028551,0.00029542,0.00030292,0.00029713,0.00029488,0.0002932,0.00029308,0.00029333,0.00029047
notice,1.948e-05,1.93e-05,1.629e-05,1.693e-05,1.596e-05,1.644e-05,1.545e-05,1.549e-05,1.939e-05
god,4.837e-05,4.679e-05,4.723e-05,4.711e-05,4.584e-05,4.438e-05,4.511e-05,4.772e-05,4.758e-05
original,0.00041221,0.00040809,0.00040674,0.00041277,0.0004105,0.00041464,0.00042016,0.00041913,0.00041015
head,0.00016694,0.00016659,0.00017019,0.00016763,0.00016453,0.0001617,0.00015983,0.00015988,0.00016676
radio,0.00011322,0.0001133,0.00011319,0.00011318,0.00011542,0.00011527,0.00011554,0.00011588,0.00011326
until,0.00040344,0.00040788,0.00040328,0.000404,0.00040723,0.00040806,0.0004111,0.0004121,0.00040566
cell,0.000119,0.00011603,0.0001138,0.00011889,0.00011767,0.00011445,0.00011616,0.00011588,0.00011752
color,0.0005905,0.00057909,0.0005928,0.00059406,0.00059775,0.00058744,0.00059255,0.00059884,0.00058479
self,0.0001984,0.00020226,0.00019645,0.00020292,0.00020218,0.00019992,0.00019999,0.00020099,0.00020033
council,0.00011878,0.00011876,0.00012072,0.00011686,0.00011582,0.0001128,0.00011204,0.00011196,0.00011877
away,5.607e-05,5.728e-05,5.741e-05,5.731e-05,5.975e-05,6.123e-05,6.035e-05,6.094e-05,5.667e-05
includes,0.00020311,0.00020415,0.00020561,0.00021311,0.00021159,0.00021143,0.00021296,0.00021814,0.00020363
track,4.388e-05,4.364e-05,4.397e-05,4.507e-05,4.604e-05,4.664e-05,4.614e-05,4.586e-05,4.376e-05
australia,8.925e-05,9.316e-05,9.344e-05,9.32e-05,9.27e-05,9.041e-05,9.042e-05,8.882e-05,9.12e-05
discussion,4.816e-05,4.721e-05,4.764e-05,4.527e-05,4.522e-05,4.582e-05,4.387e-05,4.379e-05,4.769e-05
archive,4.58e-05,4.7e-05,4.723e-05,4.874e-05,4.809e-05,4.335e-05,4.243e-05,4.276e-05,4.64e-05
once,0.0001267,0.00012337,0.00012459,0.00012379,0.00012442,0.00012246,0.00012255,0.00012373,0.00012504
others,0.00021531,0.00021506,0.00021864,0.00021678,0.0002163,0.00021759,0.00021955,0.00021731,0.00021519
entertainment,2.29e-05,2.476e-05,2.361e-05,2.284e-05,2.394e-05,2.281e-05,2.43e-05,2.396e-05,2.383e-05
agreement,4.024e-05,3.924e-05,4.071e-05,4.14e-05,4.236e-05,4.13e-05,4.057e-05,4.007e-05,3.974e-05
format,0.00012563,0.00012778,0.00012825,0.00012522,0.0001236,0.00012534,0.0001244,0.00012663,0.00012671
least,0.00034972,0.00034494,0.00034139,0.00034037,0.00030675,0.00031005,0.00030832,0.00030985,0.00034733
society,0.00079446,0.00078954,0.00077459,0.00075864,0.00075225,0.00073537,0.00072992,0.0007232,0.000792
months,3.874e-05,3.861e-05,4.051e-05,3.956e-05,4.011e-05,3.904e-05,3.872e-05,3.883e-05,3.867e-05
log,7.298e-05,7.26e-05,7.023e-05,6.791e-05,6.385e-05,6.328e-05,6.179e-05,6.094e-05,7.279e-05
safety,5.565e-05,5.749e-05,5.7e-05,5.833e-05,5.689e-05,5.733e-05,5.643e-05,5.743e-05,5.657e-05
friends,2.654e-05,2.812e-05,2.789e-05,2.774e-05,2.844e-05,2.753e-05,2.78e-05,2.768e-05,2.733e-05
sure,1.156e-05,1.154e-05,1.099e-05,1.122e-05,1.023e-05,1.068e-05,1.05e-05,1.053e-05,1.155e-05
faq,6.21e-06,4.83e-06,4.48e-06,4.08e-06,3.27e-06,2.88e-06,2.68e-06,2.69e-06,5.52e-06
trade,6.849e-05,6.903e-05,7.125e-05,7.138e-05,7.121e-05,7.191e-05,7.023e-05,7.127e-05,6.876e-05
edition,0.00016416,0.00016513,0.00016388,0.0001607,0.00016391,0.00015821,0.00015612,0.00015121,0.00016464
cars,9.85e-06,1.07e-05,1.14e-05,1.285e-05,1.289e-05,1.253e-05,1.339e-05,1.322e-05,1.027e-05
messages,8.112e-05,8.12e-05,7.939e-05,8.096e-05,8.124e-05,8.095e-05,8.218e-05,8.304e-05,8.116e-05
marketing,4.259e-05,4.133e-05,4.255e-05,4.038e-05,4.031e-05,4.068e-05,4.016e-05,3.842e-05,4.196e-05
tell,1.605e-05,1.553e-05,1.588e-05,1.509e-05,1.453e-05,1.541e-05,1.339e-05,1.301e-05,1.579e-05
further,0.00019733,0.00019849,0.00019808,0.00019945,0.00020259,0.00020567,0.00020864,0.00021173,0.00019791
updated,3.168e-05,3.147e-05,3.216e-05,3.324e-05,3.377e-05,3.37e-05,3.378e-05,3.47e-05,3.158e-05
association,0.00037069,0.00037641,0.00038373,0.00038177,0.00037981,0.00037334,0.00036949,0.00036335,0.00037355
able,0.00011151,0.00011162,0.00010606,0.0001089,0.00010887,0.00010561,0.00010586,0.00010514,0.00011156
having,0.00027053,0.00026982,0.00026688,0.00026267,0.00024004,0.00024204,0.00023912,0.00024024,0.00027017
provides,0.00025212,0.00025807,0.00025528,0.00025757,0.00025662,0.00026053,0.00025786,0.00025532,0.00025509
david,0.00027524,0.0002799,0.00027808,0.0002747,0.00027217,0.00026999,0.00027228,0.00027102,0.00027757
fun,7.92e-06,7.13e-06,6.72e-06,6.53e-06,6.55e-06,6.58e-06,6.8e-06,7.23e-06,7.52e-06
already,7.577e-05,7.847e-05,7.838e-05,7.729e-05,7.715e-05,7.952e-05,8.012e-05,7.912e-05,7.712e-05
green,0.00017058,0.0001689,0.00016591,0.00016437,0.00016228,0.00015718,0.00015179,0.00015431,0.00016974
studies,0.00029921,0.0003036,0.00029355,0.00028796,0.00028506,0.00029074,0.00028649,0.00028527,0.00030141
close,0.00012264,0.00012148,0.00012194,0.00011971,0.00012155,0.00012246,0.00012399,0.00012249,0.00012206
common,0.00048241,0.00048321,0.00048206,0.00049046,0.00049747,0.00051367,0.00051634,0.00051869,0.00048281
drive,3.66e-05,3.651e-05,3.501e-05,3.426e-05,3.458e-05,3.37e-05,3.44e-05,3.491e-05,3.656e-05
specific,0.00033024,0.0003399,0.00034343,0.00034098,0.00034338,0.00034498,0.0003489,0.00035592,0.00033507
several,0.00066434,0.00066512,0.00066385,0.00066116,0.00066302,0.00066675,0.00066216,0.00067362,0.00066473
gold,8.775e-05,9.001e-05,8.916e-05,8.647e-05,8.861e-05,9.02e-05,8.795e-05,8.676e-05,8.888e-05
feb,1.562e-05,1.448e-05,1.506e-05,1.366e-05,1.371e-05,1.336e-05,1.277e-05,1.239e-05,1.505e-05
living,5.158e-05,5.56e-05,5.313e-05,5.364e-05,5.402e-05,5.322e-05,5.273e-05,5.267e-05,5.359e-05
sep,6.42e-06,6.71e-06,5.7e-06,6.12e-06,5.93e-06,6.58e-06,6.59e-06,6.4e-06,6.57e-06
collection,0.0002091,0.00021254,0.00021131,0.00021107,0.00021098,0.00021389,0.00021152,0.00021194,0.00021082
called,0.00146822,0.00146305,0.00147061,0.00148363,0.0014959,0.00150896,0.00152617,0.00154224,0.00146563
short,0.00023179,0.00022513,0.0002339,0.0002433,0.0002425,0.00024225,0.00024633,0.00024499,0.00022846
arts,9.931e-05,9.673e-05,9.751e-05,9.565e-05,9.618e-05,9.842e-05,0.00010113,0.00010039,9.802e-05
lot,2.162e-05,2.056e-05,1.954e-05,1.672e-05,1.658e-05,1.623e-05,1.606e-05,1.611e-05,2.109e-05
ask,1.905e-05,1.867e-05,1.791e-05,1.733e-05,1.719e-05,1.726e-05,1.73e-05,1.673e-05,1.886e-05
display,8.647e-05,8.456e-05,8.876e-05,8.688e-05,8.533e-05,8.465e-05,8.609e-05,8.655e-05,8.552e-05
limited,0.00012114,0.00012085,0.00012235,0.00012624,0.00012585,0.00012246,0.00012049,0.00011857,0.00012099
powered,8.78e-06,8.6e-06,9.36e-06,9.38e-06,1.003e-05,1.027e-05,9.68e-06,1.053e-05,8.69e-06
solutions,0.00028123,0.00028346,0.00028989,0.00029265,0.00029488,0.00029752,0.00029617,0.00029622,0.00028235
means,0.00039274,0.00038082,0.00037417,0.00037361,0.00037346,0.0003758,0.00037279,0.00036976,0.00038678
director,0.00026047,0.00026836,0.00028561,0.00028612,0.00028915,0.00028827,0.00028896,0.00028713,0.00026441
daily,3.489e-05,3.504e-05,3.624e-05,3.447e-05,3.438e-05,3.472e-05,3.501e-05,3.388e-05,3.497e-05
beach,7.06e-06,6.92e-06,6.31e-06,6.32e-06,6.14e-06,6.16e-06,6.18e-06,6.82e-06,6.99e-06
past,9.845e-05,9.777e-05,9.446e-05,9.789e-05,9.782e-05,9.76e-05,9.536e-05,9.543e-05,9.811e-05
natural,0.00049782,0.00049978,0.00050303,0.00050698,0.00050873,0.00051285,0.00051078,0.00051146,0.0004988
whether,0.00023393,0.00023353,0.00023329,0.00023473,0.0002384,0.00023999,0.00023891,0.00024127,0.00023373
due,0.00034073,0.00033822,0.00033874,0.00034404,0.00035361,0.0003571,0.00036558,0.00036687,0.00033947
et,0.00021531,0.00021863,0.0002164,0.00021005,0.00020259,0.00019663,0.0001901,0.00018818,0.00021697
electronics,5.629e-05,5.623e-05,5.822e-05,5.792e-05,5.771e-05,5.65e-05,5.602e-05,5.619e-05,5.626e-05
five,0.0002014,0.00020142,0.00020703,0.00020475,0.00020914,0.00020752,0.0002109,0.00020698,0.00020141
upon,0.0001526,0.00015442,0.00015003,0.00014806,0.0001502,0.00015123,0.00015365,0.0001541,0.00015351
period,0.0002258,0.00022199,0.00022169,0.00021943,0.00022142,0.00022047,0.00022285,0.00022371,0.00022389
planning,7.106e-05,6.882e-05,6.983e-05,6.832e-05,6.896e-05,6.986e-05,7.106e-05,7.044e-05,6.994e-05
database,0.00011108,0.00011183,0.00011278,0.00011359,0.00011664,0.00011753,0.00011863,0.00011774,0.00011145
says,8.39e-05,8.12e-05,7.878e-05,7.79e-05,7.551e-05,7.623e-05,7.559e-05,7.54e-05,8.255e-05
official,0.00016523,0.00016764,0.00016795,0.00016641,0.00016821,0.00017054,0.00017259,0.00017579,0.00016643
weather,4.644e-05,4.679e-05,4.764e-05,4.792e-05,5.034e-05,5.198e-05,5.231e-05,5.247e-05,4.662e-05
mar,8.35e-06,8.39e-06,7.53e-06,7.14e-06,6.96e-06,7.19e-06,8.03e-06,8.26e-06,8.37e-06
land,7.748e-05,8.225e-05,8.143e-05,8.076e-05,7.817e-05,7.767e-05,7.765e-05,7.788e-05,7.986e-05
average,0.00018256,0.00018065,0.0001822,0.0001815,0.0001852,0.00018389,0.00018536,0.00018694,0.0001816
done,0.00013312,0.00013093,0.00013517,0.00013337,0.00013322,0.0001315,0.00013181,0.00013117,0.00013202
technical,0.00017828,0.00018044,0.00017833,0.00017885,0.00017803,0.0001765,0.00017321,0.00017145,0.00017936
window,4.559e-05,4.49e-05,4.601e-05,4.629e-05,4.707e-05,4.603e-05,4.469e-05,4.524e-05,4.525e-05
france,0.00013805,0.00013764,0.00013863,0.00013501,0.00013772,0.00013417,0.00013655,0.00013468,0.00013784
pro,3.424e-05,3.252e-05,3.278e-05,3.202e-05,3.336e-05,3.349e-05,3.46e-05,3.532e-05,3.338e-05
region,0.00016566,0.00016366,0.00016489,0.00016743,0.00017108,0.00017116,0.00017692,0.00018137,0.00016466
island,4.923e-05,4.952e-05,5.13e-05,5.078e-05,5.034e-05,5.075e-05,4.964e-05,4.875e-05,4.938e-05
record,7.919e-05,7.7e-05,7.736e-05,7.484e-05,7.776e-05,7.89e-05,7.641e-05,7.519e-05,7.81e-05
direct,0.00014511,0.00014226,0.00014393,0.00014806,0.00014959,0.00014835,0.00014644,0.00014625,0.00014369
microsoft,0.00013591,0.00013638,0.00014108,0.00014194,0.00014734,0.00014896,0.00014912,0.00014646,0.00013615
conference,0.00018877,0.00018779,0.00019177,0.0001917,0.00018847,0.00018924,0.00019628,0.00019397,0.00018828
environment,0.00013954,0.00014058,0.00013762,0.00013806,0.00013506,0.00013212,0.00013181,0.00013344,0.00014006
records,6.121e-05,5.896e-05,5.883e-05,5.894e-05,5.853e-05,5.938e-05,6.138e-05,5.97e-05,6.009e-05
st,0.00011943,0.00011834,0.00011868,0.00011624,0.00011337,0.00011013,0.00010628,0.00010721,0.00011888
district,2.975e-05,3.273e-05,3.522e-05,3.467e-05,3.397e-05,3.452e-05,3.563e-05,3.512e-05,3.124e-05
calendar,3.745e-05,3.861e-05,3.786e-05,3.589e-05,3.561e-05,3.472e-05,3.46e-05,3.408e-05,3.803e-05
costs,4.687e-05,4.679e-05,4.336e-05,4.283e-05,4.256e-05,4.192e-05,4.181e-05,4.111e-05,4.683e-05
style,0.0001098,0.00010365,0.00010301,0.00010503,0.0001058,0.00010561,0.00010442,0.00010514,0.00010673
url,1.156e-05,1.049e-05,9.57e-06,1.142e-05,1.187e-05,1.068e-05,1.05e-05,1.053e-05,1.103e-05
front,5.393e-05,5.434e-05,5.456e-05,5.384e-05,5.321e-05,5.342e-05,5.396e-05,5.515e-05,5.413e-05
statement,0.00016116,0.00016156,0.00015614,0.00015887,0.00015757,0.00015759,0.00015838,0.00015637,0.00016136
update,3.103e-05,3.231e-05,3.298e-05,3.283e-05,3.192e-05,3.349e-05,3.337e-05,3.284e-05,3.167e-05
parts,0.000177,0.00017436,0.00017324,0.00017355,0.00016985,0.00016848,0.00016765,0.00016711,0.00017568
aug,1.434e-05,1.364e-05,1.201e-05,1.162e-05,1.126e-05,1.048e-05,9.89e-06,9.71e-06,1.399e-05
ever,5.929e-05,5.707e-05,5.496e-05,5.404e-05,5.321e-05,5.281e-05,5.314e-05,5.247e-05,5.818e-05
downloads,5.78e-06,5.46e-06,5.5e-06,5.91e-06,5.93e-06,5.75e-06,5.35e-06,5.16e-06,5.62e-06
early,0.0004135,0.00040683,0.00040796,0.00041052,0.00041316,0.00041977,0.00042139,0.00042202,0.00041016
miles,1.477e-05,1.259e-05,1.303e-05,1.387e-05,1.412e-05,1.418e-05,1.504e-05,1.591e-05,1.368e-05
sound,0.00011686,0.00011582,0.00011848,0.00012236,0.0001234,0.00012102,0.0001209,0.00012291,0.00011634
resource,7.512e-05,7.176e-05,7.288e-05,7.382e-05,7.142e-05,7.253e-05,7.353e-05,7.581e-05,7.344e-05
present,0.00016865,0.00017247,0.00017222,0.00016967,0.00016944,0.00017321,0.00016992,0.00016691,0.00017056
applications,0.00058964,0.00059546,0.00059545,0.00060324,0.00060757,0.00060983,0.00061459,0.00062156,0.00059255
either,0.00036641,0.0003676,0.00036236,0.00036402,0.00036221,0.00035937,0.00036105,0.00036211,0.00036701
ago,1.327e-05,1.133e-05,1.221e-05,1.183e-05,1.207e-05,1.253e-05,1.256e-05,1.301e-05,1.23e-05
document,5.886e-05,5.623e-05,5.904e-05,5.71e-05,5.464e-05,5.363e-05,5.231e-05,5.288e-05,5.755e-05
word,0.00029322,0.00028976,0.00029029,0.00028755,0.00028711,0.00028478,0.0002799,0.00028135,0.00029149
works,0.00034522,0.00037138,0.00036989,0.00037075,0.00036896,0.0003719,0.00037011,0.00037141,0.0003583
material,0.00017657,0.0001731,0.00017446,0.00017681,0.00017353,0.00017177,0.00017301,0.0001729,0.00017484
bill,4.644e-05,4.616e-05,4.703e-05,4.65e-05,4.543e-05,4.541e-05,4.614e-05,4.627e-05,4.63e-05
apr,7.28e-06,6.5e-06,5.7e-06,4.69e-06,4.5e-06,4.52e-06,4.12e-06,3.92e-06,6.89e-06
written,0.00051281,0.00050461,0.00049773,0.00049658,0.00049133,0.00049066,0.00049183,0.00047387,0.00050871
talk,3.638e-05,3.924e-05,4.275e-05,3.977e-05,3.909e-05,3.863e-05,3.831e-05,3.822e-05,3.781e-05
federal,7.619e-05,7.931e-05,8.123e-05,8.157e-05,8.206e-05,8.28e-05,8.177e-05,8.139e-05,7.775e-05
hosting,8.78e-06,8.6e-06,8.55e-06,8.97e-06,9e-06,9.25e-06,9.47e-06,9.71e-06,8.69e-06
rules,0.00018684,0.00018359,0.00018322,0.00017763,0.00017681,0.0001765,0.00017486,0.00017579,0.00018521
final,0.00011729,0.00011582,0.00011644,0.00011665,0.0001191,0.00012205,0.00012152,0.00012229,0.00011655
adult,1.284e-05,1.427e-05,1.364e-05,1.407e-05,1.432e-05,1.5e-05,1.442e-05,1.446e-05,1.356e-05
tickets,3.21e-06,3.15e-06,3.05e-06,3.06e-06,3.07e-06,2.88e-06,2.88e-06,2.69e-06,3.18e-06
thing,2.954e-05,2.979e-05,2.87e-05,2.835e-05,2.783e-05,2.692e-05,2.677e-05,2.706e-05,2.967e-05
centre,0.00013719,0.00013974,0.00014209,0.00013786,0.00013813,0.00013808,0.00014005,0.00014129,0.00013846
requirements,6.87e-05,6.777e-05,6.962e-05,7.199e-05,7.06e-05,7.191e-05,7.229e-05,7.003e-05,6.823e-05
via,0.00016822,0.00017079,0.00016998,0.00017355,0.0001723,0.00017362,0.00017589,0.00018095,0.00016951
cheap,6.63e-06,6.5e-06,5.9e-06,5.3e-06,4.71e-06,4.73e-06,4.94e-06,5.16e-06,6.56e-06
nude,1.93e-06,1.89e-06,1.83e-06,1.84e-06,1.84e-06,2.26e-06,2.88e-06,2.89e-06,1.91e-06
kids,8.78e-06,8.81e-06,9.16e-06,8.97e-06,9.21e-06,9.04e-06,8.24e-06,7.44e-06,8.79e-06
finance,9.738e-05,9.756e-05,0.0001024,0.00010258,0.0001017,0.00010171,0.0001036,0.00010473,9.747e-05
true,0.00028209,0.0002778,0.00027767,0.0002849,0.00028424,0.00028683,0.00028834,0.00028796,0.00027994
minutes,3.831e-05,3.588e-05,3.481e-05,3.467e-05,3.54e-05,3.472e-05,3.522e-05,3.47e-05,3.709e-05
else,2.547e-05,2.371e-05,2.321e-05,2.304e-05,2.292e-05,2.281e-05,2.204e-05,2.334e-05,2.459e-05
mark,0.00016159,0.00016785,0.00017182,0.00016825,0.0001676,0.00016622,0.00016971,0.00016918,0.00016472
third,0.0001877,0.00019051,0.00019075,0.0001919,0.00018949,0.00018985,0.00018928,0.0001886,0.00018911
rock,3.681e-05,3.483e-05,3.4e-05,3.365e-05,3.417e-05,3.329e-05,3.295e-05,3.429e-05,3.582e-05
gifts,4.07e-06,4.2e-06,3.46e-06,3.26e-06,3.27e-06,2.88e-06,2.88e-06,3.1e-06,4.14e-06
europe,0.00012092,0.00012106,0.00012296,0.0001244,0.00012381,0.00012554,0.00012934,0.00013179,0.00012099
reading,4.901e-05,4.868e-05,4.764e-05,4.976e-05,4.952e-05,4.726e-05,4.758e-05,4.421e-05,4.884e-05
topics,0.00011964,0.00012316,0.00012174,0.00012114,0.00012196,0.00012266,0.00012152,0.00012126,0.0001214
bad,2.333e-05,2.266e-05,2.239e-05,2.08e-05,2.169e-05,2.055e-05,2.039e-05,1.983e-05,2.299e-05
individual,0.00019434,0.00019219,0.00019238,0.00019823,0.00019891,0.00019561,0.00019793,0.00019624,0.00019327
tips,3.64e-06,3.36e-06,3.46e-06,3.06e-06,3.27e-06,3.08e-06,3.5e-06,3.51e-06,3.5e-06
plus,8.839e-05,8.833e-05,8.916e-05,8.83e-05,6.773e-05,6.534e-05,6.241e-05,6.383e-05,8.836e-05
auto,1.327e-05,1.322e-05,1.364e-05,1.468e-05,1.473e-05,1.438e-05,1.38e-05,1.467e-05,1.324e-05
cover,0.00011664,0.00011162,0.00011074,0.0001089,0.00010866,0.00010993,0.00011142,0.00011093,0.00011413
usually,0.00052971,0.00052181,0.00051565,0.0005129,0.00051916,0.00051593,0.00051305,0.00051229,0.00052576
edit,1.092e-05,1.154e-05,1.262e-05,1.081e-05,1.085e-05,1.151e-05,1.174e-05,1.219e-05,1.123e-05
together,0.00027995,0.00028241,0.00027889,0.00027919,0.00027974,0.00027862,0.00027434,0.0002706,0.00028118
videos,1.049e-05,1.259e-05,1.466e-05,1.407e-05,1.473e-05,1.52e-05,1.586e-05,1.57e-05,1.154e-05
percent,2.547e-05,2.56e-05,2.626e-05,2.447e-05,2.456e-05,2.507e-05,2.41e-05,2.479e-05,2.553e-05
fast,9.417e-05,9.442e-05,9.1e-05,8.994e-05,8.861e-05,8.691e-05,8.671e-05,8.697e-05,9.429e-05
function,0.00180616,0.0017889,0.00178696,0.00179137,0.00180592,0.0018145,0.00183058,0.00180623,0.00179753
fact,0.00021381,0.00020856,0.00020785,0.00020679,0.00020914,0.00020567,0.00020617,0.00020388,0.00021118
unit,0.00042441,0.00041837,0.00042017,0.00042541,0.00042217,0.00042758,0.00043025,0.00043359,0.00042139
getting,1.776e-05,1.741e-05,1.751e-05,1.713e-05,1.637e-05,1.52e-05,1.462e-05,1.467e-05,1.759e-05
global,0.00021916,0.00022262,0.00022739,0.00022555,0.00022469,0.0002217,0.00022203,0.00021938,0.00022089
tech,2.633e-05,2.665e-05,2.626e-05,2.794e-05,2.742e-05,2.712e-05,2.842e-05,2.685e-05,2.649e-05
meet,5.779e-05,5.707e-05,5.68e-05,5.71e-05,5.566e-05,5.548e-05,5.602e-05,5.598e-05,5.743e-05
far,0.00010958,0.00010638,0.00010565,0.00010849,0.00010887,0.00010828,0.00010586,0.00010659,0.00010798
economic,0.00019904,0.00019849,0.00019869,0.00020067,0.00017722,0.00017588,0.00017568,0.00017083,0.00019876
en,6.357e-05,6.211e-05,5.924e-05,5.955e-05,5.566e-05,5.116e-05,4.84e-05,4.689e-05,6.284e-05
player,0.00014318,0.00014813,0.000148,0.00015152,0.00015061,0.00015184,0.00015179,0.00014646,0.00014566
projects,7.32e-05,7.176e-05,7.084e-05,7.301e-05,7.326e-05,7.5e-05,7.188e-05,7.147e-05,7.248e-05
lyrics,1.755e-05,1.72e-05,1.629e-05,1.693e-05,1.678e-05,1.87e-05,2.08e-05,2.169e-05,1.738e-05
often,0.00085632,0.00085039,0.00084768,0.0008549,0.00086357,0.00087406,0.00087389,0.00087544,0.00085336
subscribe,2.14e-06,1.89e-06,2.04e-06,2.24e-06,2.25e-06,2.26e-06,2.27e-06,2.27e-06,2.01e-06
submit,5.35e-06,5.46e-06,5.29e-06,5.51e-06,5.12e-06,5.34e-06,5.35e-06,4.96e-06,5.4e-06
germany,0.00011921,0.00012064,0.00012336,0.00011991,0.00011808,0.00011794,0.00011513,0.00011279,0.00011993
amount,0.00019198,0.00018569,0.00018322,0.00018191,0.00018724,0.00018184,0.00018125,0.00017992,0.00018883
watch,1.413e-05,1.532e-05,1.568e-05,1.468e-05,1.269e-05,1.192e-05,1.195e-05,1.157e-05,1.472e-05
included,0.00019583,0.00020058,0.00020357,0.00020801,0.00020627,0.00020588,0.00020575,0.00020843,0.00019821
feel,1.07e-05,9.44e-06,8.96e-06,9.18e-06,8.59e-06,8.84e-06,9.68e-06,1.033e-05,1.007e-05
though,0.0002151,0.00020877,0.00020479,0.00020801,0.00021057,0.00021287,0.00021132,0.00021504,0.00021194
bank,6.078e-05,6.232e-05,6.046e-05,5.833e-05,5.853e-05,5.897e-05,6.035e-05,5.887e-05,6.155e-05
risk,0.00017186,0.00017058,0.00017324,0.00017824,0.00017803,0.00018143,0.00018351,0.00018302,0.00017122
thanks,1.027e-05,9.65e-06,1.14e-05,1.203e-05,1.166e-05,1.11e-05,1.112e-05,1.074e-05,9.96e-06
everything,2.74e-05,2.686e-05,2.545e-05,2.488e-05,2.497e-05,2.383e-05,2.348e-05,2.376e-05,2.713e-05
deals,5.115e-05,5.581e-05,5.944e-05,5.955e-05,5.955e-05,5.918e-05,5.787e-05,5.743e-05,5.348e-05
various,0.00041542,0.00041753,0.00041936,0.00042623,0.00043281,0.00043703,0.00044199,0.00044722,0.00041648
words,0.00025704,0.00025073,0.00025121,0.0002539,0.00025559,0.00025458,0.00025724,0.00025635,0.00025389
linux,5.479e-05,5.644e-05,5.761e-05,5.853e-05,5.791e-05,5.856e-05,5.911e-05,5.949e-05,5.562e-05
jul,2.57e-06,2.31e-06,2.04e-06,2.04e-06,2.05e-06,1.64e-06,1.65e-06,2.07e-06,2.44e-06
production,0.00014511,0.0001454,0.00014189,0.00014459,0.00014672,0.00014691,0.00015179,0.00015451,0.00014526
commercial,8.754e-05,8.812e-05,8.916e-05,9.157e-05,9.045e-05,9.041e-05,9.062e-05,9.068e-05,8.783e-05
james,0.00017893,0.00017604,0.00017589,0.00017396,0.00017496,0.00017403,0.00017404,0.00017434,0.00017749
weight,0.00013698,0.00013386,0.0001313,0.00012909,0.00012974,0.00013068,0.00013037,0.00012993,0.00013542
town,3.788e-05,3.819e-05,3.827e-05,3.752e-05,3.663e-05,3.678e-05,3.707e-05,3.615e-05,3.803e-05
heart,4.345e-05,4.217e-05,4.255e-05,4.283e-05,4.461e-05,4.274e-05,4.387e-05,4.297e-05,4.281e-05
advertising,3.489e-05,3.462e-05,3.624e-05,3.916e-05,3.643e-05,3.637e-05,3.707e-05,3.615e-05,3.476e-05
received,0.00047514,0.00048698,0.00048145,0.0004768,0.00047987,0.00047361,0.00046238,0.00045879,0.00048106
choose,4.687e-05,4.679e-05,4.825e-05,4.813e-05,4.666e-05,4.644e-05,4.819e-05,4.792e-05,4.683e-05
treatment,7.063e-05,7.281e-05,7.003e-05,6.975e-05,7.019e-05,6.822e-05,7.003e-05,7.085e-05,7.172e-05
newsletter,1.712e-05,1.616e-05,1.547e-05,1.489e-05,1.392e-05,1.438e-05,1.421e-05,1.363e-05,1.664e-05
archives,1.734e-05,1.846e-05,1.832e-05,1.774e-05,1.862e-05,1.931e-05,1.957e-05,1.962e-05,1.79e-05
points,0.00062774,0.00062441,0.00062151,0.00062608,0.00062271,0.00062627,0.00063374,0.00064367,0.00062608
knowledge,0.00021895,0.00021359,0.0002109,0.00020965,0.00021037,0.00021574,0.00021255,0.00021524,0.00021627
magazine,8.518e-05,8.267e-05,8.041e-05,7.709e-05,7.735e-05,7.541e-05,7.497e-05,7.251e-05,8.392e-05
error,0.00023714,0.00024318,0.00024469,0.00024533,0.00025027,0.00024718,0.00024736,0.00024726,0.00024016
camera,4.109e-05,4.07e-05,4.051e-05,4.018e-05,3.99e-05,4.13e-05,4.263e-05,4.255e-05,4.09e-05
jun,9.42e-06,8.6e-06,8.14e-06,8.16e-06,7.37e-06,7.4e-06,7.41e-06,7.23e-06,9.01e-06
girl,1.584e-05,1.637e-05,1.405e-05,1.489e-05,1.514e-05,1.459e-05,1.524e-05,1.467e-05,1.611e-05
currently,0.00028059,0.00027591,0.00026811,0.00026695,0.00026173,0.0002556,0.00024592,0.00024189,0.00027825
construction,0.00019198,0.00019282,0.00019217,0.00019782,0.00020054,0.00020054,0.00020349,0.00020244,0.0001924
toys,9.63e-06,9.65e-06,1.018e-05,1.06e-05,1.064e-05,1.048e-05,1.03e-05,1.115e-05,9.64e-06
registered,2.868e-05,2.854e-05,2.87e-05,2.896e-05,2.906e-05,2.877e-05,2.945e-05,2.975e-05,2.861e-05
clear,5.137e-05,4.931e-05,4.906e-05,4.935e-05,4.911e-05,5.096e-05,4.984e-05,4.978e-05,5.034e-05
golf,2.14e-06,1.89e-06,1.63e-06,1.43e-06,6.1e-07,6.2e-07,6.2e-07,6.2e-07,2.01e-06
receive,4.773e-05,4.742e-05,4.967e-05,4.894e-05,5.014e-05,4.829e-05,4.902e-05,4.772e-05,4.758e-05
domain,0.0002624,0.00026563,0.00026851,0.00027123,0.00027953,0.00028642,0.00028567,0.00029147,0.00026401
methods,0.00061019,0.00060889,0.00061011,0.00061221,0.00061268,0.00061641,0.0006115,0.00061888,0.00060954
chapter,7.769e-05,7.889e-05,7.553e-05,7.688e-05,7.715e-05,7.643e-05,7.167e-05,7.065e-05,7.829e-05
makes,0.00015838,0.00015233,0.00014983,0.0001501,0.00014979,0.00015123,0.00014953,0.00014811,0.00015536
protection,4.923e-05,4.931e-05,5.008e-05,4.996e-05,5.014e-05,5.034e-05,4.922e-05,4.978e-05,4.927e-05
policies,3.168e-05,3.021e-05,2.972e-05,2.977e-05,3.09e-05,3.02e-05,3.069e-05,2.954e-05,3.095e-05
loan,1.413e-05,1.385e-05,1.384e-05,1.428e-05,1.351e-05,1.356e-05,1.277e-05,1.281e-05,1.399e-05
wide,0.00015453,0.00015883,0.00015899,0.00015764,0.00015941,0.00016253,0.00016518,0.00016711,0.00015668
beauty,1.306e-05,1.259e-05,1.181e-05,1.081e-05,1.064e-05,1.027e-05,1.03e-05,9.71e-06,1.283e-05
manager,4.045e-05,4.112e-05,4.153e-05,4.079e-05,4.154e-05,4.089e-05,4.181e-05,4.152e-05,4.078e-05
india,0.00013783,0.00013911,0.0001423,0.00014235,0.00014284,0.00014034,0.00013676,0.00013448,0.00013847
position,0.00028786,0.00028011,0.0002791,0.00028143,0.00028015,0.00027923,0.00028299,0.00028279,0.00028399
taken,0.00017058,0.00017184,0.00016958,0.00016927,0.00016719,0.00016602,0.00016621,0.00016939,0.00017121
sort,8.219e-05,8.393e-05,8.489e-05,8.708e-05,8.636e-05,8.589e-05,8.609e-05,8.593e-05,8.306e-05
listings,1.5e-06,1.47e-06,1.43e-06,1.22e-06,1.43e-06,1.64e-06,1.85e-06,1.65e-06,1.48e-06
models,0.00052501,0.00052286,0.00052705,0.00053268,0.00053144,0.0005371,0.00054168,0.00054865,0.00052394
michael,0.00015774,0.00015904,0.00015675,0.00015642,0.00015696,0.00015883,0.00016003,0.00015926,0.00015839
known,0.00191339,0.0019471,0.00198076,0.00201529,0.00204924,0.00205962,0.00207629,0.00208779,0.00193025
half,0.00021146,0.00020457,0.0002054,0.00020781,0.00020914,0.00020609,0.00020575,0.00020471,0.00020802
cases,0.00024485,0.00024192,0.00023981,0.00023983,0.0002425,0.00024471,0.00024715,0.00024726,0.00024338
step,0.0001434,0.00013953,0.00013741,0.00013766,0.00013588,0.00013828,0.00014046,0.00013819,0.00014146
engineering,0.00055689,0.00057616,0.00058324,0.00058978,0.00059877,0.00060161,0.00060552,0.00060277,0.00056653
florida,3.232e-05,3.441e-05,3.461e-05,3.345e-05,3.295e-05,3.288e-05,3.131e-05,3.016e-05,3.337e-05
simple,0.00037711,0.00037431,0.00037009,0.0003677,0.00036978,0.00037046,0.0003732,0.00037616,0.00037571
quick,1.969e-05,1.951e-05,1.873e-05,1.999e-05,1.965e-05,1.849e-05,1.812e-05,1.859e-05,1.96e-05
none,2.954e-05,2.916e-05,2.87e-05,2.855e-05,2.804e-05,2.774e-05,2.595e-05,2.52e-05,2.935e-05
wireless,4.559e-05,4.427e-05,4.397e-05,4.364e-05,4.379e-05,4.294e-05,4.366e-05,4.359e-05,4.493e-05
license,4.388e-05,4.364e-05,4.356e-05,4.466e-05,4.727e-05,4.644e-05,4.614e-05,4.73e-05,4.376e-05
paul,0.00018941,0.00018883,0.00018993,0.00018946,0.00018622,0.00018657,0.0001866,0.00018694,0.00018912
friday,5.78e-06,5.87e-06,5.09e-06,5.1e-06,5.12e-06,4.73e-06,4.12e-06,4.13e-06,5.82e-06
lake,1.477e-05,1.532e-05,1.588e-05,1.631e-05,1.555e-05,1.582e-05,1.565e-05,1.508e-05,1.504e-05
whole,0.00012777,0.0001261,0.00012642,0.00012726,0.00012688,0.00012554,0.00012625,0.00012642,0.00012694
annual,9.695e-05,9.819e-05,9.69e-05,9.442e-05,9.475e-05,9.431e-05,9.33e-05,9.254e-05,9.757e-05
published,0.00076621,0.00077422,0.00077907,0.00077373,0.00078233,0.00078448,0.00077894,0.00077773,0.00077022
later,0.0005158,0.00051762,0.00051606,0.00051677,0.00052162,0.00052579,0.00052788,0.00053646,0.00051671
basic,0.00025512,0.00025577,0.00025732,0.00025451,0.00025559,0.00025355,0.00025086,0.0002485,0.00025544
sony,1.092e-05,1.07e-05,1.262e-05,1.224e-05,1.187e-05,1.171e-05,1.277e-05,1.219e-05,1.081e-05
shows,0.00013034,0.0001303,0.00012642,0.00012991,0.00011685,0.00011712,0.00011554,0.00011444,0.00013032
corporate,2.119e-05,2.077e-05,2.178e-05,2.141e-05,2.087e-05,2.219e-05,2.307e-05,2.355e-05,2.098e-05
google,9.674e-05,9.463e-05,9.914e-05,9.748e-05,9.577e-05,9.267e-05,8.877e-05,9.275e-05,9.569e-05
church,7.619e-05,7.679e-05,7.797e-05,8.015e-05,8.063e-05,7.952e-05,7.847e-05,7.932e-05,7.649e-05
method,0.00090212,0.00089004,0.00088778,0.00088447,0.00088772,0.00089769,0.0008984,0.00089899,0.00089608
purchase,1.627e-05,1.511e-05,1.506e-05,1.611e-05,1.658e-05,1.644e-05,1.668e-05,1.694e-05,1.569e-05
customers,3.339e-05,3.189e-05,2.993e-05,3.018e-05,3.11e-05,2.979e-05,3.089e-05,3.078e-05,3.264e-05
active,0.00013013,0.00012988,0.00012845,0.0001293,0.0001324,0.00013088,0.00013511,0.00013158,0.00013
response,0.00015132,0.00015212,0.00014922,0.00014989,0.00015164,0.00015349,0.00015529,0.00015596,0.00015172
practice,0.00017229,0.00016995,0.00016673,0.00016804,0.00017026,0.00016992,0.00017054,0.00017145,0.00017112
hardware,0.00011836,0.00011813,0.00011848,0.00012195,0.0001234,0.00012513,0.00012605,0.00012725,0.00011825
figure,0.00014233,0.00013974,0.00013863,0.00014153,0.00014284,0.00014301,0.00014355,0.00013923,0.00014103
materials,0.00011707,0.00011771,0.00012011,0.00012134,0.00011971,0.00012061,0.00012131,0.00012373,0.00011739
fire,4.066e-05,3.861e-05,3.542e-05,3.447e-05,3.52e-05,3.575e-05,3.584e-05,3.594e-05,3.963e-05
holiday,3.85e-06,3.99e-06,4.07e-06,4.08e-06,4.09e-06,4.11e-06,4.12e-06,4.34e-06,3.92e-06
chat,1.006e-05,1.007e-05,1.059e-05,1.02e-05,1.044e-05,8.84e-06,8.86e-06,8.47e-06,1.006e-05
enough,8.839e-05,8.791e-05,8.713e-05,8.626e-05,8.39e-05,8.342e-05,8.259e-05,8.118e-05,8.815e-05
designed,0.0002838,0.00028661,0.00028521,0.00028347,0.00028322,0.00028457,0.00028567,0.00029043,0.00028521
along,0.00028037,0.00028157,0.0002848,0.00028592,0.0002914,0.00029505,0.00029576,0.00029374,0.00028097
among,0.00034843,0.00035228,0.00035564,0.00035587,0.00035464,0.00034991,0.0003491,0.00034993,0.00035036
death,0.00014746,0.0001517,0.00015125,0.00015173,0.00015286,0.00015205,0.00015323,0.00015162,0.00014958
writing,0.00013205,0.00013428,0.00013456,0.00013297,0.00013117,0.00013006,0.00013099,0.00013138,0.00013317
speed,0.00015495,0.00015694,0.00015716,0.00015683,0.00016084,0.00015801,0.0001588,0.00016236,0.00015594
html,0.00012478,0.00011078,9.873e-05,9.014e-05,6.446e-05,3.801e-05,3.398e-05,3.099e-05,0.00011778
countries,0.00014211,0.00014582,0.0001425,0.00014316,0.00014529,0.00014609,0.00014747,0.0001479,0.00014397
loss,9.246e-05,9.211e-05,0.00010118,0.00010013,0.00010273,0.00010376,0.00010092,0.00010081,9.229e-05
face,9.182e-05,9.253e-05,9.324e-05,9.32e-05,9.27e-05,9.349e-05,9.186e-05,8.903e-05,9.218e-05
brand,3.788e-05,3.672e-05,3.44e-05,3.569e-05,3.397e-05,3.616e-05,3.645e-05,3.677e-05,3.73e-05
discount,1.263e-05,1.196e-05,1.181e-05,1.203e-05,1.207e-05,1.233e-05,1.215e-05,1.239e-05,1.23e-05
higher,0.0003159,0.00031745,0.00031737,0.00031855,0.00032374,0.00032567,0.00032665,0.00032658,0.00031667
effects,0.00014318,0.00014666,0.00014617,0.00014989,0.00015409,0.0001541,0.00015529,0.00015596,0.00014492
created,0.00029386,0.00030318,0.00030108,0.00030203,0.00030511,0.00030615,0.00030853,0.00030861,0.00029852
remember,1.027e-05,9.86e-06,9.77e-06,9.38e-06,8.39e-06,8.84e-06,8.65e-06,8.06e-06,1.006e-05
standards,0.0001419,0.00013827,0.00014026,0.00014479,0.00014529,0.00014342,0.00014438,0.00014728,0.00014008
oil,4.045e-05,3.945e-05,3.888e-05,4.16e-05,4.072e-05,4.048e-05,4.16e-05,4.028e-05,3.995e-05
bit,0.00028851,0.00028451,0.00027157,0.0002694,0.00026828,0.00026916,0.00026795,0.00026771,0.00028651
yellow,8.625e-05,8.644e-05,8.428e-05,8.545e-05,8.656e-05,8.63e-05,8.218e-05,8.325e-05,8.635e-05
political,0.00012949,0.0001347,0.00013415,0.00013501,0.0001367,0.00013684,0.0001382,0.0001384,0.00013209
increase,9.631e-05,9.777e-05,9.955e-05,9.687e-05,9.761e-05,9.924e-05,9.783e-05,9.709e-05,9.704e-05
advertise,2.14e-06,2.31e-06,2.24e-06,2.45e-06,2.46e-06,2.47e-06,2.27e-06,2.69e-06,2.22e-06
kingdom,9.567e-05,9.631e-05,9.975e-05,9.993e-05,0.00010048,0.00010335,0.00010483,0.00010576,9.599e-05
base,0.00023607,0.00023583,0.0002339,0.00024024,0.00023799,0.00023218,0.00023376,0.00023384,0.00023595
near,0.00014318,0.00014435,0.00014433,0.00014439,0.0001412,0.00014136,0.00013841,0.0001384,0.00014377
environmental,7.662e-05,7.847e-05,8e-05,7.75e-05,7.776e-05,7.993e-05,8.197e-05,8.49e-05,7.754e-05
thought,0.00015752,0.00015484,0.00015695,0.00015846,0.0001588,0.00016006,0.00016085,0.00016236,0.00015618
stuff,1.71e-06,2.1e-06,2.04e-06,2.24e-06,2.05e-06,1.64e-06,1.65e-06,1.86e-06,1.9e-06
french,0.00033837,0.00034452,0.00035646,0.00035852,0.00036835,0.00036923,0.00037526,0.0003741,0.00034145
storage,9.203e-05,9.253e-05,9.283e-05,9.299e-05,9.209e-05,9.513e-05,9.598e-05,9.688e-05,9.228e-05
oh,8.99e-06,9.44e-06,9.57e-06,9.38e-06,8.39e-06,8.01e-06,7.41e-06,7.02e-06,9.21e-06
japan,8.839e-05,8.707e-05,8.835e-05,8.586e-05,8.308e-05,8.219e-05,8.135e-05,8.139e-05,8.773e-05
doing,3.852e-05,3.567e-05,3.522e-05,3.283e-05,3.192e-05,3.205e-05,3.192e-05,3.284e-05,3.709e-05
loans,3.21e-06,3.36e-06,3.26e-06,2.45e-06,2.25e-06,2.05e-06,2.68e-06,2.48e-06,3.28e-06
shoes,1.71e-06,1.47e-06,1.63e-06,1.43e-06,1.43e-06,1.23e-06,8.2e-07,8.3e-07,1.59e-06
entry,7.255e-05,7.365e-05,7.268e-05,7.301e-05,7.346e-05,7.438e-05,7.25e-05,7.354e-05,7.31e-05
stay,1.52e-05,1.469e-05,1.466e-05,1.448e-05,1.31e-05,1.336e-05,1.256e-05,1.322e-05,1.495e-05
nature,0.00017464,0.00017289,0.00017548,0.00017294,0.00017824,0.00017814,0.00017898,0.0001793,0.00017376
orders,5.693e-05,5.56e-05,5.476e-05,5.302e-05,5.28e-05,5.342e-05,5.458e-05,5.66e-05,5.627e-05
availability,1.948e-05,1.993e-05,2.076e-05,2.019e-05,2.046e-05,2.157e-05,2.101e-05,2.045e-05,1.971e-05
africa,6.699e-05,6.924e-05,7.206e-05,6.934e-05,6.794e-05,6.637e-05,6.714e-05,6.755e-05,6.811e-05
summary,1.926e-05,1.888e-05,1.751e-05,1.611e-05,1.637e-05,1.726e-05,1.709e-05,1.591e-05,1.907e-05
turn,0.00010787,0.00010617,0.00010606,0.00010727,0.00010703,0.00010602,0.00010751,0.00010907,0.00010702
mean,0.00026004,0.00025849,0.00025141,0.00025186,0.00025129,0.00025026,0.00024901,0.00025243,0.00025927
growth,0.0001038,0.00010449,0.00010341,0.00010462,0.0001058,0.00010746,0.00011101,0.00011175,0.00010414
notes,0.00012028,0.00011939,0.00011604,0.00011604,0.00011378,0.00011486,0.00010998,0.00010907,0.00011983
agency,8.861e-05,9.106e-05,9.507e-05,9.667e-05,9.884e-05,9.801e-05,9.845e-05,9.957e-05,8.983e-05
king,0.00010423,0.00010239,0.00010341,0.00010584,0.00010764,0.00011178,0.00010916,0.00010927,0.00010331
monday,4.07e-06,3.57e-06,3.66e-06,2.65e-06,2.46e-06,2.26e-06,2.27e-06,2.48e-06,3.82e-06
european,0.00019455,0.00020268,0.00019889,0.00020047,0.00020587,0.00020526,0.00020019,0.00019975,0.00019862
activity,9.439e-05,9.337e-05,9.771e-05,9.789e-05,9.659e-05,9.842e-05,9.845e-05,9.957e-05,9.388e-05
copy,5.137e-05,4.847e-05,4.865e-05,4.813e-05,4.686e-05,4.726e-05,4.737e-05,4.813e-05,4.992e-05
although,0.00037604,0.00037998,0.00037478,0.00037891,0.00038492,0.0003906,0.00038597,0.00038215,0.00037801
drug,2.526e-05,2.455e-05,2.524e-05,2.508e-05,2.538e-05,2.404e-05,2.369e-05,2.334e-05,2.49e-05
pics,4.3e-07,2.1e-07,2e-07,0.0,0.0,0.0,0.0,0.0,3.2e-07
western,9.974e-05,0.00010176,0.00010118,9.952e-05,0.00010089,0.00010479,0.00010463,0.00010659,0.00010075
income,5.222e-05,4.679e-05,4.58e-05,4.691e-05,5.484e-05,5.589e-05,5.561e-05,5.515e-05,4.95e-05
force,0.00026047,0.00025786,0.00025915,0.00026654,0.00026644,0.00026999,0.00026857,0.00026441,0.00025917
cash,4.024e-05,3.84e-05,3.746e-05,3.65e-05,3.602e-05,3.575e-05,3.645e-05,3.594e-05,3.932e-05
employment,1.776e-05,1.72e-05,1.853e-05,1.856e-05,1.842e-05,1.849e-05,1.874e-05,1.859e-05,1.748e-05
overall,6.635e-05,6.609e-05,6.535e-05,6.567e-05,6.692e-05,6.76e-05,6.714e-05,6.548e-05,6.622e-05
bay,9.2e-06,9.23e-06,9.16e-06,9.18e-06,9.62e-06,8.63e-06,9.27e-06,8.88e-06,9.21e-06
river,4.345e-05,4.259e-05,4.194e-05,4.058e-05,4.031e-05,4.048e-05,4.222e-05,4.276e-05,4.302e-05
commission,5.8e-05,5.917e-05,5.883e-05,6.179e-05,6.303e-05,6.185e-05,6.199e-05,6.28e-05,5.858e-05
ad,6.956e-05,6.861e-05,7.227e-05,7.403e-05,7.265e-05,7.089e-05,6.797e-05,7.065e-05,6.909e-05
package,5.479e-05,5.476e-05,5.476e-05,5.384e-05,5.28e-05,5.219e-05,5.17e-05,5.123e-05,5.478e-05
contents,2.996e-05,2.958e-05,2.83e-05,2.835e-05,2.844e-05,2.856e-05,2.945e-05,2.892e-05,2.977e-05
seen,0.00017079,0.00016492,0.00016306,0.00017069,0.00017353,0.00017609,0.00017857,0.00017765,0.00016786
players,9.546e-05,9.798e-05,9.894e-05,0.00010115,0.0001015,0.00010109,0.00010319,0.00010204,9.672e-05
engine,6.271e-05,6.127e-05,6.046e-05,6.159e-05,5.996e-05,5.856e-05,5.808e-05,5.825e-05,6.199e-05
port,3.66e-05,3.588e-05,3.481e-05,3.447e-05,3.377e-05,3.103e-05,3.131e-05,3.181e-05,3.624e-05
album,2.761e-05,2.497e-05,2.341e-05,2.366e-05,2.333e-05,2.322e-05,2.245e-05,2.293e-05,2.629e-05
regional,3.981e-05,3.987e-05,4.173e-05,4.099e-05,4.031e-05,3.986e-05,4.037e-05,4.111e-05,3.984e-05
stop,3.296e-05,3.294e-05,3.542e-05,3.283e-05,3.192e-05,3.082e-05,3.192e-05,3.284e-05,3.295e-05
supplies,8.78e-06,9.44e-06,8.75e-06,9.38e-06,9.82e-06,9.45e-06,9.47e-06,9.71e-06,9.11e-06
started,8.368e-05,8.498e-05,8.428e-05,8.239e-05,8.247e-05,8.157e-05,8.094e-05,8.015e-05,8.433e-05
administration,4.388e-05,4.406e-05,4.418e-05,4.446e-05,4.359e-05,4.212e-05,4.387e-05,4.276e-05,4.397e-05
bar,5.308e-05,5.099e-05,5.028e-05,4.976e-05,5.157e-05,5.157e-05,4.778e-05,4.978e-05,5.203e-05
institute,0.00074973,0.00076331,0.00078498,0.00076986,0.00077537,0.00076476,0.00075443,0.00074034,0.00075652
views,3.788e-05,3.63e-05,3.664e-05,3.793e-05,3.868e-05,3.986e-05,3.934e-05,3.904e-05,3.709e-05
plans,2.847e-05,2.854e-05,2.87e-05,2.672e-05,2.517e-05,2.651e-05,2.698e-05,2.685e-05,2.85e-05
double,0.00011729,0.00011393,0.00011278,0.00011074,0.00011337,0.00011445,0.00011245,0.00011423,0.00011561
dog,3.296e-05,3.189e-05,3.237e-05,3.447e-05,3.377e-05,3.452e-05,3.522e-05,3.429e-05,3.243e-05
build,4.602e-05,4.553e-05,4.458e-05,4.487e-05,4.441e-05,4.356e-05,4.263e-05,4.235e-05,4.578e-05
screen,4.088e-05,4.154e-05,4.295e-05,4.242e-05,4.236e-05,4.048e-05,3.975e-05,3.987e-05,4.121e-05
exchange,0.00011065,0.00011015,0.00011054,0.0001089,0.00011009,0.00011178,0.00011081,0.00010886,0.0001104
types,0.00029493,0.00029374,0.00029783,0.00029795,0.00029918,0.00030204,0.00030091,0.00030489,0.00029434
soon,3.81e-05,3.756e-05,3.624e-05,3.61e-05,3.643e-05,3.637e-05,3.604e-05,3.677e-05,3.783e-05
sponsored,2.14e-05,2.119e-05,2.219e-05,2.182e-05,2.19e-05,2.157e-05,2.183e-05,2.169e-05,2.129e-05
lines,0.00023907,0.00023982,0.00023553,0.00023677,0.00023492,0.00023875,0.00023994,0.00024437,0.00023944
electronic,0.00016694,0.00016659,0.00016428,0.00016335,0.00016166,0.00016232,0.00016188,0.00016381,0.00016676
continue,4.088e-05,4.028e-05,3.97e-05,4.038e-05,4.011e-05,4.027e-05,3.893e-05,3.801e-05,4.058e-05
across,0.00022366,0.00022429,0.0002223,0.00022922,0.00023308,0.00023506,0.00023788,0.00024375,0.00022398
benefits,2.932e-05,3.126e-05,3.094e-05,3.161e-05,3.07e-05,3.164e-05,3.337e-05,3.305e-05,3.029e-05
needed,0.00011643,0.00011456,0.0001138,0.00011482,0.00011112,0.00010993,0.00010936,0.00010948,0.00011549
season,2.162e-05,2.266e-05,2.158e-05,2.304e-05,2.435e-05,2.466e-05,2.657e-05,2.52e-05,2.214e-05
apply,6.892e-05,6.987e-05,6.779e-05,6.709e-05,6.651e-05,6.76e-05,6.817e-05,6.941e-05,6.939e-05
someone,1.969e-05,1.909e-05,1.914e-05,1.978e-05,1.903e-05,1.829e-05,1.751e-05,1.942e-05,1.939e-05
held,0.00023586,0.0002352,0.00023513,0.00023269,0.00023267,0.00023197,0.00023212,0.0002297,0.00023553
ny,1.798e-05,1.762e-05,1.771e-05,1.693e-05,1.576e-05,1.562e-05,1.627e-05,1.549e-05,1.78e-05
anything,3.467e-05,3.105e-05,3.094e-05,2.774e-05,2.763e-05,2.794e-05,2.78e-05,2.685e-05,3.286e-05
printer,1.006e-05,9.65e-06,9.36e-06,9.99e-06,9.82e-06,1.048e-05,1.112e-05,1.177e-05,9.85e-06
condition,0.00019904,0.00019429,0.00019339,0.00019537,0.00019522,0.00019314,0.00019154,0.00019252,0.00019667
effective,0.00010915,0.00010952,0.00010911,0.00011013,0.00010703,0.00010746,0.00010957,0.00010659,0.00010933
believe,2.718e-05,2.602e-05,2.545e-05,2.59e-05,2.538e-05,2.445e-05,2.492e-05,2.334e-05,2.66e-05
organization,0.00014297,0.00014792,0.00014942,0.0001505,0.00014898,0.00014773,0.0001485,0.00014646,0.00014545
effect,0.00022537,0.00022849,0.0002339,0.00023962,0.00024638,0.00024636,0.00024324,0.00024107,0.00022693
asked,3.061e-05,2.874e-05,2.728e-05,2.672e-05,2.619e-05,2.651e-05,2.595e-05,2.644e-05,2.967e-05
eur,3.64e-06,3.36e-06,3.26e-06,3.67e-06,3.48e-06,3.08e-06,2.88e-06,2.89e-06,3.5e-06
mind,6.785e-05,6.588e-05,6.494e-05,5.955e-05,6.18e-05,6.39e-05,6.117e-05,6.176e-05,6.686e-05
sunday,6.42e-06,6.29e-06,6.51e-06,7.14e-06,6.34e-06,6.58e-06,5.97e-06,5.37e-06,6.36e-06
selection,0.00010252,0.00010176,0.00010097,0.00010054,9.904e-05,0.00010027,9.927e-05,9.585e-05,0.00010214
casino,1.71e-06,2.73e-06,2.24e-06,2.24e-06,2.25e-06,2.47e-06,2.68e-06,2.27e-06,2.22e-06
pdf,0.00014019,0.0001326,0.00012194,0.00011257,0.0001103,9.636e-05,8.383e-05,7.788e-05,0.00013639
lost,6.87e-05,6.63e-05,6.474e-05,6.465e-05,6.323e-05,6.431e-05,6.529e-05,6.569e-05,6.75e-05
tour,1.455e-05,1.427e-05,1.445e-05,1.428e-05,1.432e-05,1.459e-05,1.462e-05,1.467e-05,1.441e-05
menu,7.49e-06,7.76e-06,7.74e-06,7.75e-06,7.78e-06,7.6e-06,7.41e-06,7.85e-06,7.63e-06
volume,0.00033602,0.0003334,0.00033019,0.00033038,0.00032742,0.00032505,0.00031986,0.00031688,0.00033471
cross,0.00017893,0.00017016,0.00017019,0.00017436,0.00017251,0.00017691,0.00017362,0.00017579,0.00017455
anyone,1.798e-05,1.783e-05,1.751e-05,1.713e-05,1.637e-05,1.644e-05,1.709e-05,1.694e-05,1.79e-05
mortgage,5.35e-06,5.46e-06,5.29e-06,5.3e-06,5.32e-06,5.55e-06,5.56e-06,5.58e-06,5.4e-06
hope,1.413e-05,1.28e-05,1.344e-05,1.224e-05,1.351e-05,1.336e-05,1.298e-05,1.301e-05,1.347e-05
silver,5.072e-05,5.141e-05,5.069e-05,4.915e-05,4.789e-05,4.705e-05,4.572e-05,4.483e-05,5.106e-05
corporation,6.442e-05,6.378e-05,6.474e-05,6.506e-05,6.569e-05,6.349e-05,6.467e-05,6.259e-05,6.41e-05
wish,1.52e-05,1.511e-05,1.547e-05,1.509e-05,1.453e-05,1.397e-05,1.38e-05,1.343e-05,1.515e-05
inside,8.775e-05,8.561e-05,8.428e-05,8.769e-05,8.779e-05,8.63e-05,8.527e-05,8.758e-05,8.668e-05
solution,0.00049055,0.00047649,0.0004727,0.00047435,0.0004764,0.00047381,0.00046959,0.00046519,0.00048352
mature,4.07e-06,4.2e-06,4.48e-06,4.28e-06,4.5e-06,4.52e-06,4.33e-06,4.34e-06,4.14e-06
role,0.00020268,0.000201,0.00020052,0.00020516,0.00021057,0.00021533,0.00021791,0.00022103,0.00020184
rather,0.00026732,0.00026206,0.00026139,0.00026287,0.00026562,0.00026197,0.00026178,0.00026193,0.00026469
weeks,1.755e-05,1.679e-05,1.853e-05,1.958e-05,2.005e-05,1.931e-05,1.854e-05,1.88e-05,1.717e-05
addition,0.00025276,0.00025325,0.00025121,0.00025839,0.00025846,0.0002593,0.00026219,0.00026379,0.000253
came,8.133e-05,8.12e-05,8.143e-05,8.015e-05,8.001e-05,7.828e-05,7.785e-05,7.994e-05,8.126e-05
supply,4.366e-05,4.259e-05,4.255e-05,4.323e-05,4.216e-05,4.15e-05,4.531e-05,4.627e-05,4.312e-05
nothing,3.938e-05,3.84e-05,3.786e-05,3.793e-05,3.806e-05,3.555e-05,3.44e-05,3.429e-05,3.889e-05
certain,0.00043511,0.00042803,0.00043056,0.00043499,0.00043772,0.00043888,0.00043952,0.0004402,0.00043157
usr,1.07e-06,1.05e-06,1.02e-06,8.2e-07,8.2e-07,8.2e-07,8.2e-07,8.3e-07,1.06e-06
executive,5.03e-05,5.35e-05,5.456e-05,5.731e-05,5.668e-05,5.63e-05,5.602e-05,5.825e-05,5.19e-05
running,7.662e-05,7.344e-05,7.593e-05,7.709e-05,7.674e-05,7.685e-05,7.621e-05,7.994e-05,7.503e-05
lower,0.00020397,0.00020037,0.00020276,0.00020149,0.000203,0.0002067,0.00020884,0.0002045,0.00020217
necessary,0.0001404,0.00013974,0.00014128,0.00013949,0.00014079,0.00014239,0.00014273,0.00014026,0.00014007
union,0.00018984,0.00018883,0.0001883,0.00018946,0.00019809,0.00020013,0.00019999,0.00020223,0.00018934
jewelry,5.35e-06,4.62e-06,4.68e-06,5.1e-06,4.5e-06,4.31e-06,4.33e-06,3.31e-06,4.98e-06
according,0.00029086,0.00029395,0.00029172,0.00028959,0.00029181,0.00029505,0.00029494,0.00029705,0.00029241
dc,2.825e-05,2.854e-05,2.87e-05,2.794e-05,2.599e-05,2.507e-05,2.492e-05,2.541e-05,2.84e-05
clothing,1.327e-05,1.364e-05,1.303e-05,1.366e-05,1.392e-05,1.336e-05,1.401e-05,1.322e-05,1.345e-05
mon,2.78e-06,3.36e-06,2.85e-06,1.02e-06,1.23e-06,1.23e-06,1.24e-06,1.45e-06,3.07e-06
com,0.00027823,0.00024926,0.00022963,0.00021699,0.00016944,0.00012965,0.00011863,0.00011361,0.00026375
particular,0.00054705,0.00054301,0.0005415,0.0005441,0.000547,0.00054881,0.0005528,0.00054803,0.00054503
fine,3.981e-05,3.798e-05,3.685e-05,3.834e-05,3.806e-05,3.924e-05,3.975e-05,4.028e-05,3.889e-05
names,0.00013398,0.00013051,0.00013212,0.00013704,0.00013506,0.00013438,0.00013532,0.00013675,0.00013224
robert,0.00020739,0.00021233,0.00021619,0.00021291,0.00021037,0.00021287,0.00021132,0.0002107,0.00020986
homepage,1.734e-05,1.616e-05,1.71e-05,1.631e-05,1.658e-05,1.685e-05,1.668e-05,1.611e-05,1.675e-05
hour,3.061e-05,2.958e-05,2.911e-05,2.937e-05,2.906e-05,2.897e-05,2.822e-05,2.83e-05,3.01e-05
gas,0.00010188,9.987e-05,9.873e-05,0.0001038,0.00010293,9.945e-05,0.00010257,0.00010225,0.00010087
skills,2.718e-05,2.623e-05,2.687e-05,2.794e-05,2.885e-05,2.897e-05,3.11e-05,3.326e-05,2.671e-05
six,0.00017079,0.00017058,0.00016876,0.00016947,0.00016862,0.00016828,0.00016683,0.00016691,0.00017069
bush,6.63e-06,6.29e-06,6.31e-06,5.91e-06,5.73e-06,5.75e-06,5.97e-06,5.99e-06,6.46e-06
islands,3.446e-05,3.441e-05,3.563e-05,3.569e-05,3.52e-05,3.452e-05,3.543e-05,3.512e-05,3.443e-05
advice,8.78e-06,9.23e-06,9.77e-06,9.58e-06,9.62e-06,9.04e-06,8.86e-06,8.68e-06,9e-06
career,0.00011643,0.00012002,0.00012194,0.00012277,0.00012196,0.00012102,0.00012296,0.00012291,0.00011823
military,0.00013655,0.00013659,0.0001368,0.00013623,0.00013833,0.00013335,0.00013511,0.00013613,0.00013657
rental,3.85e-06,3.99e-06,3.46e-06,3.47e-06,4.3e-06,4.31e-06,4.33e-06,4.34e-06,3.92e-06
decision,0.00022837,0.00022429,0.00021904,0.00021821,0.0002208,0.00022376,0.000228,0.00022619,0.00022633
leave,3.21e-05,3.105e-05,3.176e-05,3.406e-05,3.172e-05,3.02e-05,3.213e-05,3.037e-05,3.158e-05
british,0.00035914,0.00036592,0.00037294,0.000373,0.00037264,0.00037683,0.00037711,0.0003774,0.00036253
teens,2.35e-06,1.26e-06,1.22e-06,8.2e-07,8.2e-07,1.03e-06,1.03e-06,1.03e-06,1.81e-06
pre,9.567e-05,9.631e-05,9.894e-05,9.809e-05,9.72e-05,9.821e-05,9.66e-05,9.729e-05,9.599e-05
huge,2.076e-05,1.951e-05,1.954e-05,2.039e-05,2.026e-05,1.931e-05,1.874e-05,1.859e-05,2.014e-05
sat,1.948e-05,2.413e-05,2.606e-05,2.529e-05,2.681e-05,2.609e-05,2.575e-05,2.727e-05,2.18e-05
woman,5.158e-05,5.56e-05,5.659e-05,5.567e-05,5.587e-05,5.568e-05,5.561e-05,5.515e-05,5.359e-05
facilities,2.162e-05,2.161e-05,2.219e-05,2.203e-05,2.271e-05,2.26e-05,2.348e-05,2.499e-05,2.162e-05
zip,3.64e-06,3.57e-06,3.66e-06,3.67e-06,3.68e-06,4.11e-06,4.12e-06,3.92e-06,3.61e-06
bid,7.49e-06,7.34e-06,7.33e-06,6.73e-06,6.75e-06,6.58e-06,7.21e-06,6.61e-06,7.42e-06
kind,0.00016459,0.00016513,0.0001651,0.000166,0.00016514,0.00016705,0.00016539,0.00016463,0.00016486
sellers,3e-06,2.94e-06,3.46e-06,3.47e-06,3.48e-06,3.7e-06,3.71e-06,3.31e-06,2.97e-06
middle,0.00010723,0.00010722,0.0001081,0.00011074,0.00011091,0.00011445,0.00011431,0.00011217,0.00010722
move,0.00010616,0.00010365,0.00010382,0.00010462,0.00010314,0.00010191,0.0001003,0.00010122,0.0001049
cable,1.712e-05,1.72e-05,1.73e-05,1.733e-05,1.678e-05,1.603e-05,1.565e-05,1.673e-05,1.716e-05
opportunities,1.584e-05,1.595e-05,1.71e-05,1.713e-05,1.801e-05,1.705e-05,1.689e-05,1.735e-05,1.59e-05
taking,0.00013377,0.00013239,0.00012907,0.0001244,0.00012442,0.00012595,0.00012728,0.00012621,0.00013308
values,0.00049461,0.00048489,0.00048247,0.00048373,0.0004897,0.00049641,0.00050028,0.00050568,0.00048975
division,0.00016737,0.0001689,0.00017955,0.00017967,0.00017906,0.0001802,0.0001798,0.00018033,0.00016814
coming,2.526e-05,2.581e-05,2.748e-05,2.814e-05,2.763e-05,2.568e-05,2.513e-05,2.582e-05,2.553e-05
tuesday,4.28e-06,4.62e-06,4.68e-06,4.28e-06,4.5e-06,4.11e-06,4.33e-06,4.13e-06,4.45e-06
object,0.00043426,0.00043558,0.00044196,0.00044315,0.00044631,0.00045039,0.00045558,0.00045507,0.00043492
lesbian,1.28e-06,1.26e-06,8.1e-07,6.1e-07,6.1e-07,6.2e-07,6.2e-07,6.2e-07,1.27e-06
appropriate,7.512e-05,7.386e-05,7.349e-05,7.423e-05,7.592e-05,7.438e-05,7.456e-05,7.395e-05,7.449e-05
machine,0.00032446,0.0003334,0.00034363,0.00034424,0.00035443,0.00035834,0.00036084,0.00036687,0.00032893
logo,3.703e-05,3.861e-05,3.868e-05,4.16e-05,4.154e-05,4.253e-05,4.181e-05,4.214e-05,3.782e-05
length,0.00036256,0.0003634,0.00035849,0.00035791,0.00035975,0.0003606,0.00036558,0.00037038,0.00036298
actually,8.989e-05,8.833e-05,8.57e-05,8.504e-05,8.513e-05,8.219e-05,7.991e-05,7.912e-05,8.911e-05
nice,1.627e-05,1.867e-05,1.934e-05,1.774e-05,1.883e-05,1.829e-05,1.792e-05,1.776e-05,1.747e-05
score,6.464e-05,6.546e-05,6.494e-05,6.75e-05,6.569e-05,6.575e-05,6.735e-05,7.209e-05,6.505e-05
statistics,0.00075251,0.0007715,0.00079699,0.00078576,0.00079215,0.00077955,0.00076782,0.00076513,0.00076201
client,4.302e-05,4.322e-05,4.316e-05,4.568e-05,4.727e-05,4.52e-05,4.531e-05,4.648e-05,4.312e-05
ok,1.71e-06,1.47e-06,2.24e-06,2.24e-06,2.25e-06,2.47e-06,2.47e-06,2.69e-06,1.59e-06
returns,4.923e-05,4.826e-05,4.764e-05,4.813e-05,4.768e-05,5.013e-05,5.087e-05,5.144e-05,4.875e-05
capital,8.261e-05,8.099e-05,7.939e-05,8.117e-05,8.247e-05,8.239e-05,8.321e-05,8.738e-05,8.18e-05
follow,5.864e-05,5.665e-05,5.558e-05,5.608e-05,5.505e-05,5.733e-05,5.911e-05,5.701e-05,5.765e-05
sample,0.00017486,0.00017499,0.0001769,0.00017416,0.00017926,0.00017732,0.00017692,0.00017496,0.00017492
investment,5.929e-05,5.77e-05,5.517e-05,5.364e-05,5.382e-05,5.383e-05,5.602e-05,5.453e-05,5.85e-05
sent,5.736e-05,5.812e-05,5.334e-05,5.282e-05,5.321e-05,5.342e-05,5.396e-05,5.226e-05,5.774e-05
shown,0.00016566,0.00016156,0.0001653,0.00016274,0.00016514,0.00016438,0.00016497,0.00016154,0.00016361
saturday,5.14e-06,5.25e-06,4.89e-06,4.89e-06,4.3e-06,4.31e-06,4.33e-06,4.96e-06,5.2e-06
christmas,8.78e-06,8.81e-06,8.75e-06,8.97e-06,9.21e-06,9.04e-06,8.65e-06,8.26e-06,8.79e-06
england,0.00011279,0.00011603,0.00011604,0.00011787,0.00011848,0.00011712,0.00011451,0.00011113,0.00011441
culture,7.405e-05,7.428e-05,8.061e-05,7.953e-05,8.247e-05,8.137e-05,7.909e-05,8.242e-05,7.417e-05
band,6.699e-05,7.155e-05,7.044e-05,7.24e-05,7.387e-05,7.294e-05,7.229e-05,7.127e-05,6.927e-05
flash,2.14e-05,2.077e-05,1.934e-05,1.611e-05,1.576e-05,1.479e-05,1.483e-05,1.508e-05,2.108e-05
ms,2.483e-05,2.476e-05,2.382e-05,2.508e-05,2.456e-05,2.486e-05,2.307e-05,2.623e-05,2.48e-05
lead,9.524e-05,9.631e-05,9.771e-05,0.00010238,0.00010293,0.00010212,0.00010483,0.0001068,9.578e-05
george,0.00018342,0.00018359,0.00018749,0.00018844,0.00018561,0.00018492,0.00018145,0.00018281,0.0001835
choice,0.00016138,0.00016387,0.0001598,0.00016335,0.00015921,0.00015924,0.00015983,0.00016402,0.00016263
went,8.069e-05,8.12e-05,7.797e-05,7.403e-05,7.019e-05,6.904e-05,6.55e-05,6.114e-05,8.094e-05
starting,0.00012285,0.00012274,0.00012438,0.00012726,0.00012606,0.00012451,0.00012625,0.00012663,0.0001228
registration,1.691e-05,1.741e-05,1.914e-05,2.06e-05,2.169e-05,2.034e-05,2.06e-05,2.128e-05,1.716e-05
fri,0.0,0.0,0.0,0.0,0.0,0.0,0.0,4.1e-07,0.0
thursday,3.21e-06,3.36e-06,3.05e-06,2.65e-06,3.07e-06,2.88e-06,2.68e-06,2.69e-06,3.28e-06
courses,4.516e-05,4.532e-05,4.479e-05,4.262e-05,4.338e-05,4.233e-05,4.14e-05,4.441e-05,4.524e-05
consumer,3.981e-05,3.777e-05,3.848e-05,3.895e-05,3.868e-05,3.863e-05,4.16e-05,4.193e-05,3.879e-05
hi,6.85e-06,6.5e-06,6.51e-06,6.12e-06,6.14e-06,6.58e-06,6.59e-06,6.61e-06,6.67e-06
airport,9.42e-06,9.23e-06,9.57e-06,9.58e-06,9.62e-06,9.45e-06,9.89e-06,9.5e-06,9.32e-06
foreign,5.8e-05,5.56e-05,5.374e-05,5.302e-05,5.198e-05,5.198e-05,5.314e-05,5.102e-05,5.68e-05
artist,8.54e-05,8.623e-05,8.489e-05,8.463e-05,8.533e-05,8.65e-05,8.897e-05,8.924e-05,8.582e-05
outside,0.00010209,0.00010407,0.00010464,0.00010421,0.00010846,0.0001089,0.00010792,0.00010514,0.00010308
furniture,6.42e-06,6.29e-06,6.92e-06,6.73e-06,6.34e-06,6.37e-06,6.59e-06,6.82e-06,6.36e-06
levels,0.00011643,0.00011771,0.00011665,0.00011604,0.00011582,0.00011506,0.00011699,0.00011774,0.00011707
channel,0.00012114,0.00012505,0.0001252,0.00012746,0.00013076,0.00013417,0.00013367,0.00013344,0.00012309
letter,0.00013184,0.00012883,0.00012255,0.00012073,0.00012155,0.00012349,0.00012481,0.00012601,0.00013034
mode,6.057e-05,6.169e-05,6.474e-05,6.567e-05,6.651e-05,6.801e-05,6.755e-05,6.61e-05,6.113e-05
phones,2.012e-05,1.972e-05,1.873e-05,1.876e-05,1.985e-05,1.911e-05,1.854e-05,1.838e-05,1.992e-05
ideas,0.00012092,0.00012211,0.00012072,0.00011787,0.00011644,0.00011527,0.00011802,0.00011836,0.00012152
wednesday,2.57e-06,2.31e-06,2.24e-06,1.63e-06,1.64e-06,1.23e-06,1.24e-06,1.65e-06,2.44e-06
structure,0.0005158,0.00051195,0.00051972,0.00052207,0.00052817,0.00052867,0.00053241,0.00053212,0.00051388
fund,3.831e-05,3.735e-05,3.501e-05,3.569e-05,3.786e-05,3.801e-05,3.79e-05,3.718e-05,3.783e-05
summer,4.345e-05,4.217e-05,4.092e-05,4.16e-05,4.338e-05,4.438e-05,4.325e-05,3.925e-05,4.281e-05
allow,0.00014083,0.000141,0.00013904,0.00014072,0.00013895,0.00013787,0.00013964,0.00013551,0.00014092
degree,0.00046872,0.00048405,0.00048389,0.00047701,0.00045184,0.00045203,0.00044941,0.00043772,0.00047638
contract,2.675e-05,2.602e-05,2.565e-05,2.59e-05,2.578e-05,2.671e-05,2.719e-05,2.685e-05,2.638e-05
button,1.156e-05,1.112e-05,1.201e-05,1.244e-05,1.207e-05,1.212e-05,1.215e-05,1.157e-05,1.134e-05
releases,2.033e-05,2.077e-05,2.076e-05,2.019e-05,2.005e-05,2.014e-05,2.08e-05,2.107e-05,2.055e-05
wed,8.6e-07,8.4e-07,6.1e-07,4.1e-07,4.1e-07,4.1e-07,4.1e-07,4.1e-07,8.5e-07
homes,5.56e-06,5.46e-06,5.7e-06,5.1e-06,4.71e-06,4.93e-06,4.94e-06,4.54e-06,5.51e-06
super,3.467e-05,3.966e-05,4.255e-05,4.058e-05,4.318e-05,4.315e-05,4.552e-05,4.462e-05,3.717e-05
male,1.841e-05,1.783e-05,2.076e-05,2.06e-05,1.903e-05,1.89e-05,1.792e-05,1.653e-05,1.812e-05
matter,0.00010402,0.00010323,0.00010484,0.00010686,0.00010805,0.00010746,0.00010607,0.00010886,0.00010362
custom,2.376e-05,2.35e-05,2.504e-05,2.447e-05,2.435e-05,2.425e-05,2.451e-05,2.334e-05,2.363e-05
virginia,3.232e-05,3.462e-05,3.725e-05,3.977e-05,3.806e-05,3.822e-05,3.851e-05,3.739e-05,3.347e-05
almost,0.00016437,0.0001668,0.00016469,0.00016621,0.0001631,0.00016355,0.00016209,0.00015926,0.00016558
took,0.00010444,0.00010239,9.934e-05,9.401e-05,9.475e-05,9.267e-05,9.371e-05,9.089e-05,0.00010341
located,9.717e-05,9.903e-05,9.833e-05,0.00010074,9.884e-05,0.0001013,9.989e-05,9.957e-05,9.81e-05
multiple,0.00029343,0.00029164,0.00029294,0.00029856,0.00030327,0.00030861,0.00031409,0.0003175,0.00029254
asian,1.819e-05,1.93e-05,1.853e-05,1.917e-05,1.903e-05,1.973e-05,2.039e-05,2.024e-05,1.875e-05
distribution,0.00044903,0.00044544,0.00045193,0.00045172,0.00045143,0.00044772,0.00045249,0.00045156,0.00044724
editor,0.00021296,0.00021674,0.00021579,0.0002174,0.00021671,0.0002178,0.00021502,0.00021235,0.00021485
inn,2.57e-06,2.52e-06,2.24e-06,2.24e-06,1.64e-06,1.64e-06,1.44e-06,1.45e-06,2.55e-06
industrial,0.00012264,0.0001261,0.00012418,0.0001242,0.00012831,0.00012698,0.00012728,0.0001289,0.00012437
cause,7.898e-05,7.679e-05,8.102e-05,8.035e-05,7.879e-05,7.972e-05,8.012e-05,8.118e-05,7.789e-05
potential,0.00020632,0.0002052,0.000205,0.00019945,0.00019891,0.0001952,0.00019587,0.00019748,0.00020576
song,8.689e-05,8.665e-05,8.204e-05,7.811e-05,7.756e-05,7.685e-05,7.724e-05,7.932e-05,8.677e-05
cnet,3.64e-06,2.1e-06,2.24e-06,2.45e-06,2.46e-06,2.26e-06,1.85e-06,1.65e-06,2.87e-06
ltd,2.611e-05,2.707e-05,2.626e-05,2.61e-05,2.681e-05,2.527e-05,2.554e-05,2.438e-05,2.659e-05
los,5.115e-05,5.266e-05,5.456e-05,5.425e-05,5.321e-05,5.219e-05,5.252e-05,5.102e-05,5.19e-05
hp,2.097e-05,1.972e-05,1.954e-05,2.019e-05,1.924e-05,1.87e-05,1.854e-05,1.838e-05,2.035e-05
focus,9.845e-05,0.00010071,0.0001024,0.00010503,0.00010498,0.00010767,0.00010751,0.00010804,9.958e-05
late,0.0001556,0.00015904,0.00015757,0.00015744,0.00016044,0.00016232,0.00016703,0.0001634,0.00015732
fall,5.971e-05,5.812e-05,5.639e-05,5.588e-05,5.832e-05,5.856e-05,5.602e-05,5.557e-05,5.892e-05
featured,5.65e-05,5.56e-05,5.639e-05,5.649e-05,5.648e-05,5.548e-05,5.582e-05,5.784e-05,5.605e-05
idea,0.00017507,0.00017646,0.0001769,0.00017722,0.00018069,0.00017753,0.00017857,0.00017662,0.00017576
rooms,1.199e-05,1.259e-05,1.221e-05,1.264e-05,1.228e-05,1.171e-05,1.174e-05,1.198e-05,1.229e-05
female,4.773e-05,5.078e-05,5.415e-05,5.364e-05,5.3e-05,5.281e-05,5.231e-05,4.958e-05,4.926e-05
responsible,7.277e-05,7.553e-05,7.593e-05,7.607e-05,7.776e-05,7.623e-05,7.476e-05,7.457e-05,7.415e-05
inc,9.139e-05,8.875e-05,9.12e-05,8.81e-05,8.861e-05,8.938e-05,9e-05,8.965e-05,9.007e-05
communications,0.00013484,0.00013051,0.00013069,0.0001295,0.00013035,0.00013376,0.00013387,0.00013489,0.00013268
win,3.874e-05,3.714e-05,3.807e-05,3.487e-05,3.377e-05,3.452e-05,3.419e-05,3.47e-05,3.794e-05
associated,0.00031933,0.00032018,0.0003192,0.00032283,0.00032681,0.00032834,0.00033118,0.00033361,0.00031976
thomas,0.00013826,0.00013554,0.000137,0.00013725,0.00013813,0.00013438,0.00013161,0.00013448,0.0001369
primary,0.00013912,0.00013953,0.00013802,0.00013868,0.00014325,0.00014342,0.00014191,0.00014398,0.00013932
cancer,5.329e-05,5.602e-05,5.781e-05,5.792e-05,5.812e-05,5.774e-05,5.89e-05,5.99e-05,5.465e-05
numbers,0.00111465,0.0010923,0.00108565,0.00110125,0.00110504,0.0011122,0.00111383,0.00112538,0.00110348
reason,7.641e-05,7.721e-05,7.634e-05,7.852e-05,7.613e-05,7.52e-05,7.25e-05,7.065e-05,7.681e-05
tool,0.0001449,0.00014519,0.00014454,0.00014724,0.00014611,0.00014444,0.00014561,0.00014666,0.00014505
browser,3.66e-05,3.609e-05,3.583e-05,3.528e-05,3.581e-05,3.493e-05,3.501e-05,3.532e-05,3.635e-05
spring,4.773e-05,4.805e-05,4.682e-05,4.629e-05,4.543e-05,4.479e-05,4.366e-05,4.193e-05,4.789e-05
foundation,0.00015453,0.00015505,0.00016001,0.00015662,0.00015982,0.00016027,0.00015694,0.00015844,0.00015479
answer,5.993e-05,6.064e-05,5.924e-05,6.077e-05,5.934e-05,5.918e-05,5.746e-05,5.701e-05,6.028e-05
voice,6.014e-05,6.274e-05,6.168e-05,6.179e-05,6.303e-05,6.061e-05,6.055e-05,6.073e-05,6.144e-05
eg,2.78e-06,2.94e-06,2.44e-06,2.45e-06,2.25e-06,8.2e-07,1.03e-06,8.3e-07,2.86e-06
friendly,1.819e-05,1.909e-05,1.832e-05,1.795e-05,1.842e-05,1.829e-05,1.812e-05,1.756e-05,1.864e-05
schedule,2.311e-05,2.308e-05,2.26e-05,2.243e-05,2.108e-05,2.096e-05,2.08e-05,2.128e-05,2.31e-05
documents,6.1e-05,6.001e-05,6.087e-05,6.24e-05,6.487e-05,6.349e-05,6.323e-05,6.259e-05,6.051e-05
communication,0.00017636,0.0001817,0.00018301,0.0001813,0.00018479,0.00018472,0.00018619,0.00018694,0.00017903
purpose,0.00012264,0.00012316,0.00012255,0.0001242,0.00012524,0.00012657,0.00012564,0.00012766,0.0001229
feature,0.00013633,0.00013827,0.00014108,0.00013929,0.0001369,0.00013684,0.00013532,0.00013716,0.0001373
bed,8.99e-06,9.23e-06,8.55e-06,8.97e-06,7.98e-06,8.01e-06,7.83e-06,8.88e-06,9.11e-06
comes,9.503e-05,9.463e-05,9.466e-05,9.381e-05,9.393e-05,9.308e-05,9.515e-05,9.461e-05,9.483e-05
police,2.269e-05,2.329e-05,2.748e-05,2.794e-05,2.906e-05,2.979e-05,2.842e-05,2.706e-05,2.299e-05
everyone,1.049e-05,1.07e-05,1.059e-05,1.081e-05,1.146e-05,1.212e-05,1.256e-05,1.219e-05,1.059e-05
independent,0.00027952,0.00027633,0.00028195,0.00028449,0.00028608,0.00028601,0.00028505,0.00028279,0.00027792
ip,3.51e-05,3.42e-05,3.359e-05,3.283e-05,3.315e-05,3.329e-05,3.131e-05,3.078e-05,3.465e-05
approach,0.00027053,0.00026877,0.00026444,0.00026226,0.0002646,0.00026341,0.00026548,0.00027019,0.00026965
cameras,1.776e-05,1.741e-05,1.751e-05,1.754e-05,1.596e-05,1.582e-05,1.545e-05,1.549e-05,1.759e-05
brown,9.01e-05,9.085e-05,9.242e-05,9.096e-05,9.188e-05,8.794e-05,8.815e-05,8.697e-05,9.047e-05
physical,0.00035807,0.00037096,0.00037722,0.00037912,0.00037408,0.0003756,0.00037711,0.00038153,0.00036451
operating,0.00016116,0.00015967,0.00016143,0.00016335,0.00016187,0.0001617,0.00015983,0.00016112,0.00016042
hill,7.598e-05,7.49e-05,7.471e-05,7.199e-05,7.019e-05,6.842e-05,6.817e-05,6.775e-05,7.544e-05
maps,0.00015367,0.00015463,0.0001541,0.00015356,0.00015389,0.0001541,0.00015653,0.00015741,0.00015415
medicine,7.598e-05,7.973e-05,8.143e-05,8.117e-05,8.165e-05,8.095e-05,8.032e-05,7.994e-05,7.785e-05
deal,4.366e-05,4.133e-05,4.071e-05,4.058e-05,4.154e-05,4.048e-05,4.181e-05,4.152e-05,4.249e-05
hold,8.989e-05,8.98e-05,8.896e-05,8.79e-05,9.127e-05,9.164e-05,9.433e-05,9.296e-05,8.984e-05
ratings,1.049e-05,1.007e-05,1.099e-05,1.122e-05,1.085e-05,1.048e-05,9.89e-06,9.71e-06,1.028e-05
chicago,9.289e-05,9.253e-05,9.344e-05,9.177e-05,9.004e-05,8.876e-05,8.609e-05,8.428e-05,9.271e-05
forms,0.00039488,0.00038795,0.00038658,0.00038992,0.00039229,0.00039019,0.000394,0.00039289,0.00039141
glass,3.617e-05,3.525e-05,3.501e-05,3.406e-05,3.397e-05,3.267e-05,3.048e-05,3.078e-05,3.571e-05
happy,1.07e-05,1.028e-05,1.099e-05,1.162e-05,1.085e-05,1.11e-05,1.133e-05,1.095e-05,1.049e-05
tue,2.1e-07,2.1e-07,2e-07,2e-07,2e-07,2.1e-07,2.1e-07,2.1e-07,2.1e-07
smith,0.00010273,0.0001026,0.00010891,0.00010564,9.925e-05,9.78e-05,9.721e-05,9.647e-05,0.00010266
wanted,1.327e-05,1.28e-05,1.242e-05,1.142e-05,1.207e-05,1.171e-05,1.071e-05,1.033e-05,1.303e-05
developed,0.00061104,0.00062148,0.00062395,0.00062853,0.00063478,0.00063552,0.0006358,0.00063933,0.00061626
thank,6.4e-07,6.3e-07,6.1e-07,6.1e-07,6.1e-07,6.2e-07,4.1e-07,4.1e-07,6.4e-07
safe,2.44e-05,2.455e-05,2.402e-05,2.488e-05,2.435e-05,2.383e-05,2.389e-05,2.334e-05,2.447e-05
unique,0.00017529,0.00017709,0.00018118,0.00018211,0.00018295,0.00018595,0.00018907,0.00019128,0.00017619
survey,0.00012242,0.00012295,0.00012398,0.00012318,0.00012401,0.00011938,0.00011657,0.00011671,0.00012269
prior,0.0001068,0.00010386,0.00010484,0.00010441,0.00010396,0.00010273,0.00010319,0.00010163,0.00010533
telephone,9.182e-05,9.064e-05,8.937e-05,8.749e-05,8.902e-05,8.856e-05,8.98e-05,8.944e-05,9.123e-05
sport,1.049e-05,1.07e-05,1.079e-05,1.142e-05,1.064e-05,1.027e-05,1.092e-05,1.074e-05,1.059e-05
ready,1.177e-05,1.07e-05,1.059e-05,1.122e-05,1.085e-05,1.11e-05,1.092e-05,1.074e-05,1.124e-05
feed,9.2e-06,9.65e-06,9.36e-06,9.58e-06,8.19e-06,8.63e-06,8.44e-06,8.68e-06,9.43e-06
animal,4.73e-05,4.721e-05,4.845e-05,4.568e-05,4.686e-05,4.541e-05,4.511e-05,4.565e-05,4.725e-05
sources,9.781e-05,0.00010008,9.934e-05,9.809e-05,9.966e-05,0.00010294,0.00010257,0.00010266,9.894e-05
mexico,4.174e-05,4.406e-05,4.479e-05,4.16e-05,4.154e-05,4.294e-05,4.16e-05,4.111e-05,4.29e-05
population,0.00023436,0.00023898,0.00024001,0.00023922,0.00020996,0.00021143,0.00020946,0.00021215,0.00023667
pa,2.119e-05,2.014e-05,2.219e-05,2.325e-05,2.128e-05,1.952e-05,1.998e-05,2.086e-05,2.066e-05
regular,0.00027995,0.00027696,0.00027421,0.00027613,0.00028035,0.00028437,0.00028278,0.00028321,0.00027845
secure,0.00011001,0.00011393,0.00011319,0.00011482,0.00011603,0.00011773,0.0001174,0.00011795,0.00011197
navigation,6.678e-05,6.693e-05,6.799e-05,6.934e-05,6.978e-05,6.986e-05,6.92e-05,7.044e-05,6.685e-05
operations,0.0003037,0.00031074,0.0003192,0.00032365,0.00032619,0.00032978,0.00033613,0.00033939,0.00030722
therefore,0.00024463,0.00023583,0.0002335,0.00023167,0.00023349,0.00023506,0.00023438,0.00022826,0.00024023
ass,6.4e-07,6.3e-07,6.1e-07,8.2e-07,6.1e-07,1.03e-06,1.03e-06,1.03e-06,6.4e-07
simply,0.00019648,0.00019219,0.00018668,0.00018925,0.00019215,0.00019376,0.00019443,0.00019417,0.00019433
evidence,8.026e-05,7.889e-05,8.123e-05,7.974e-05,8.042e-05,8.013e-05,7.909e-05,7.932e-05,7.957e-05
station,4.088e-05,4.259e-05,4.133e-05,4.018e-05,4.072e-05,3.945e-05,3.851e-05,3.925e-05,4.173e-05
christian,6.399e-05,6.253e-05,6.046e-05,6.138e-05,6.057e-05,6.102e-05,6.096e-05,6.156e-05,6.326e-05
round,6.464e-05,6.504e-05,6.372e-05,6.159e-05,6.078e-05,6.185e-05,6.199e-05,6.404e-05,6.484e-05
paypal,8.6e-07,8.4e-07,8.1e-07,8.2e-07,8.2e-07,6.2e-07,4.1e-07,4.1e-07,8.5e-07
favorite,8.78e-06,9.23e-06,9.16e-06,8.36e-06,8.59e-06,8.01e-06,8.03e-06,7.23e-06,9e-06
understand,6.292e-05,6.483e-05,6.168e-05,5.914e-05,6.282e-05,6.287e-05,6.302e-05,6.342e-05,6.387e-05
option,3.36e-05,3.567e-05,3.481e-05,3.691e-05,3.581e-05,3.555e-05,3.501e-05,3.532e-05,3.463e-05
master,0.00013205,0.00013659,0.00013497,0.00013317,0.00012872,0.00012698,0.00012522,0.00012435,0.00013432
valley,1.862e-05,1.888e-05,1.751e-05,1.713e-05,1.658e-05,1.664e-05,1.606e-05,1.694e-05,1.875e-05
recently,9.867e-05,9.652e-05,9.609e-05,9.646e-05,8.39e-05,8.219e-05,7.971e-05,7.87e-05,9.76e-05
probably,5.286e-05,4.973e-05,4.743e-05,4.568e-05,4.686e-05,4.52e-05,4.49e-05,4.338e-05,5.13e-05
thu,8.6e-07,8.4e-07,8.1e-07,8.2e-07,8.2e-07,8.2e-07,8.2e-07,8.3e-07,8.5e-07
rentals,0.0,0.0,0.0,0.0,2e-07,2.1e-07,2.1e-07,2.1e-07,0.0
sea,7.855e-05,7.407e-05,7.451e-05,7.382e-05,7.285e-05,7.089e-05,7.106e-05,7.168e-05,7.631e-05
built,0.00010787,0.00010889,0.00011095,0.00011441,0.00011398,0.00011424,0.00011451,0.00011733,0.00010838
publications,0.00011622,0.00011666,0.00011685,0.00011482,0.00011255,0.00011116,0.00010916,0.00010989,0.00011644
blood,3.446e-05,3.63e-05,3.868e-05,3.977e-05,3.949e-05,3.945e-05,4.037e-05,4.111e-05,3.538e-05
cut,8.047e-05,7.91e-05,8.204e-05,8.382e-05,8.411e-05,8.424e-05,8.506e-05,8.283e-05,7.978e-05
worldwide,5.607e-05,5.665e-05,5.802e-05,5.914e-05,5.853e-05,5.876e-05,5.767e-05,5.66e-05,5.636e-05
improve,6.485e-05,6.378e-05,6.372e-05,6.628e-05,6.753e-05,6.822e-05,6.9e-05,7.023e-05,6.432e-05
connection,0.0001511,0.00015254,0.00015492,0.00015377,0.00015061,0.00014835,0.00014747,0.00014666,0.00015182
publisher,2.483e-05,2.623e-05,2.402e-05,2.488e-05,2.394e-05,2.425e-05,2.41e-05,2.334e-05,2.553e-05
hall,8.09e-05,8.141e-05,8.306e-05,8.423e-05,8.472e-05,8.445e-05,8.218e-05,8.097e-05,8.115e-05
larger,0.00016287,0.00016093,0.00016327,0.00016437,0.00016535,0.00016273,0.00016724,0.00017001,0.0001619
anti,6.057e-05,6.294e-05,6.392e-05,6.485e-05,6.385e-05,6.637e-05,7.394e-05,6.796e-05,6.176e-05
networks,0.00031612,0.00031514,0.00032266,0.00031834,0.00031269,0.00030944,0.00031141,0.00031109,0.00031563
earth,0.00025041,0.00024989,0.00025284,0.00025288,0.00025539,0.00025869,0.00026054,0.00026565,0.00025015
parents,2.804e-05,2.56e-05,2.463e-05,2.508e-05,2.599e-05,2.712e-05,2.76e-05,2.727e-05,2.682e-05
nokia,9.63e-06,8.6e-06,7.94e-06,8.16e-06,7.98e-06,7.6e-06,7.21e-06,7.23e-06,9.11e-06
impact,9.824e-05,9.756e-05,9.894e-05,9.728e-05,9.945e-05,9.945e-05,9.968e-05,0.0001006,9.79e-05
transfer,0.00011964,0.00012085,0.00012235,0.00011951,0.00012217,0.00011856,0.00011781,0.00011919,0.00012024
introduction,0.00016651,0.00016827,0.00016876,0.00016335,0.00016412,0.00016006,0.00015653,0.00015658,0.00016739
kitchen,1.93e-06,2.31e-06,2.04e-06,2.24e-06,2.46e-06,2.47e-06,2.68e-06,2.69e-06,2.12e-06
strong,0.00012649,0.00012568,0.00012805,0.00012277,0.00012278,0.00012369,0.00012502,0.00012559,0.00012609
tel,1.755e-05,1.93e-05,1.914e-05,1.897e-05,1.821e-05,1.829e-05,1.895e-05,1.797e-05,1.843e-05
carolina,4.045e-05,4.217e-05,4.295e-05,4.283e-05,4.031e-05,4.048e-05,3.893e-05,3.512e-05,4.131e-05
wedding,8.13e-06,8.39e-06,7.94e-06,7.34e-06,7.57e-06,7.4e-06,6.8e-06,6.82e-06,8.26e-06
properties,0.00042291,0.00041628,0.00042241,0.00042663,0.00042974,0.00043765,0.00044034,0.0004404,0.00041959
hospital,1.819e-05,1.846e-05,1.853e-05,1.897e-05,1.985e-05,1.89e-05,1.751e-05,1.797e-05,1.832e-05
ground,7.405e-05,7.386e-05,7.614e-05,7.627e-05,7.674e-05,7.726e-05,7.641e-05,7.808e-05,7.396e-05
overview,2.633e-05,2.455e-05,2.341e-05,2.182e-05,2.19e-05,2.157e-05,2.245e-05,2.19e-05,2.544e-05
ship,4.452e-05,4.532e-05,4.56e-05,4.67e-05,4.625e-05,4.644e-05,4.675e-05,4.71e-05,4.492e-05
accommodation,2.57e-06,2.52e-06,2.44e-06,2.45e-06,2.46e-06,2.47e-06,2.47e-06,2.48e-06,2.55e-06
owners,1.177e-05,1.196e-05,1.201e-05,1.203e-05,1.228e-05,1.233e-05,1.256e-05,1.281e-05,1.187e-05
disease,5.244e-05,5.308e-05,5.476e-05,5.445e-05,5.587e-05,5.527e-05,5.52e-05,5.536e-05,5.276e-05
tx,4.07e-06,3.99e-06,3.26e-06,3.47e-06,3.68e-06,3.7e-06,3.5e-06,3.1e-06,4.03e-06
excellent,1.648e-05,1.574e-05,1.466e-05,1.428e-05,1.371e-05,1.274e-05,1.215e-05,1.219e-05,1.611e-05
paid,3.103e-05,2.791e-05,2.85e-05,2.794e-05,2.742e-05,2.589e-05,2.472e-05,2.479e-05,2.947e-05
italy,5.993e-05,6.106e-05,6.433e-05,6.24e-05,6.385e-05,6.328e-05,6.179e-05,6.156e-05,6.049e-05
perfect,0.00012863,0.00012673,0.00012683,0.00012868,0.00013015,0.00013006,0.00012873,0.00012911,0.00012768
hair,3.382e-05,3.378e-05,3.359e-05,3.222e-05,3.397e-05,3.329e-05,3.028e-05,2.871e-05,3.38e-05
opportunity,1.584e-05,1.637e-05,1.771e-05,1.733e-05,1.678e-05,1.644e-05,1.627e-05,1.508e-05,1.611e-05
kit,1.177e-05,1.154e-05,1.16e-05,1.162e-05,1.207e-05,1.212e-05,1.256e-05,1.198e-05,1.165e-05
classic,6.977e-05,6.84e-05,6.779e-05,6.669e-05,6.876e-05,6.719e-05,6.694e-05,6.693e-05,6.909e-05
basis,0.00027845,0.00027318,0.0002736,0.00027185,0.00027708,0.00027615,0.00028114,0.00028052,0.00027582
command,5.5e-05,5.497e-05,5.659e-05,5.731e-05,5.771e-05,5.65e-05,5.582e-05,5.391e-05,5.499e-05
cities,3.168e-05,3.294e-05,3.583e-05,3.426e-05,3.356e-05,3.246e-05,3.172e-05,3.222e-05,3.231e-05
william,0.00021531,0.00021884,0.00022169,0.00022066,0.00022265,0.00022293,0.00022058,0.00022144,0.00021708
express,5.244e-05,5.182e-05,5.211e-05,5.078e-05,5.157e-05,5.363e-05,5.499e-05,5.536e-05,5.213e-05
anal,5.78e-06,5.67e-06,4.89e-06,5.51e-06,5.12e-06,5.14e-06,5.35e-06,5.37e-06,5.73e-06
award,0.00031933,0.00033634,0.00033569,0.0003263,0.00032803,0.00032402,0.00031924,0.00031605,0.00032784
distance,0.0003448,0.00034326,0.00034913,0.00035913,0.00036057,0.00036265,0.00036496,0.00036666,0.00034403
tree,0.00021189,0.00020625,0.00020927,0.00020985,0.00020934,0.00020609,0.00020926,0.00021029,0.00020907
peter,0.00014704,0.00015233,0.00014881,0.00014948,0.00014775,0.00014794,0.00014747,0.00014522,0.00014968
assessment,5.479e-05,5.602e-05,5.558e-05,5.69e-05,5.73e-05,5.63e-05,5.52e-05,5.805e-05,5.541e-05
ensure,3.917e-05,4.112e-05,4.01e-05,4.018e-05,4.113e-05,4.376e-05,4.346e-05,4.462e-05,4.015e-05
thus,0.00041607,0.00040662,0.0004047,0.00040094,0.00039986,0.00039594,0.00039503,0.00039207,0.00041135
wall,5.137e-05,4.91e-05,5.293e-05,5.221e-05,5.218e-05,5.116e-05,5.067e-05,5.02e-05,5.023e-05
ie,4.49e-06,4.83e-06,5.5e-06,5.3e-06,3.89e-06,3.9e-06,3.71e-06,4.34e-06,4.66e-06
involved,0.00011985,0.00011876,0.00011807,0.00011889,0.00011951,0.00011794,0.00012152,0.00012208,0.0001193
el,2.418e-05,2.371e-05,2.484e-05,2.304e-05,2.128e-05,2.26e-05,2.286e-05,2.272e-05,2.395e-05
extra,5.222e-05,4.91e-05,4.825e-05,4.711e-05,4.748e-05,4.931e-05,4.902e-05,4.834e-05,5.066e-05
especially,0.00026689,0.00027045,0.0002734,0.00027409,0.0002734,0.00027368,0.00027537,0.00027391,0.00026867
interface,0.00010594,0.00010827,0.00011278,0.00010931,0.00010846,0.00010767,0.00010607,0.00010638,0.0001071
pussy,2.1e-07,2.1e-07,2e-07,2e-07,2e-07,0.0,0.0,0.0,2.1e-07
partners,2.975e-05,3e-05,2.952e-05,3.059e-05,3.07e-05,2.959e-05,2.863e-05,2.789e-05,2.988e-05
budget,7.769e-05,7.469e-05,7.491e-05,8.606e-05,3.356e-05,3.411e-05,3.46e-05,3.429e-05,7.619e-05
rated,7.92e-06,7.97e-06,7.74e-06,6.32e-06,5.53e-06,6.16e-06,5.97e-06,7.02e-06,7.94e-06
guides,7.28e-06,7.76e-06,7.74e-06,7.95e-06,7.78e-06,8.22e-06,8.86e-06,8.68e-06,7.52e-06
success,5.265e-05,5.329e-05,5.415e-05,5.364e-05,5.607e-05,5.691e-05,5.993e-05,6.011e-05,5.297e-05
maximum,0.00019155,0.00019366,0.00019197,0.00019292,0.00019686,0.00019622,0.00019504,0.00019583,0.0001926
ma,3.831e-05,3.756e-05,3.542e-05,3.732e-05,3.622e-05,3.452e-05,3.419e-05,3.284e-05,3.793e-05
operation,0.00023307,0.00023059,0.00022678,0.00022841,0.0002296,0.00023218,0.00023212,0.00023115,0.00023183
existing,7.063e-05,7.05e-05,6.962e-05,6.893e-05,6.917e-05,6.739e-05,6.838e-05,7.168e-05,7.056e-05
quite,5.736e-05,5.539e-05,5.11e-05,5.037e-05,4.768e-05,4.931e-05,4.778e-05,4.668e-05,5.638e-05
selected,8.946e-05,9.211e-05,9.201e-05,9.075e-05,8.881e-05,8.958e-05,9.186e-05,9.358e-05,9.078e-05
boy,1.883e-05,1.888e-05,1.751e-05,1.672e-05,1.678e-05,1.767e-05,1.751e-05,1.735e-05,1.886e-05
amazon,8.99e-06,9.23e-06,1.038e-05,9.79e-06,1.085e-05,1.048e-05,1.05e-05,1.115e-05,9.11e-06
patients,1.156e-05,1.133e-05,1.14e-05,1.162e-05,1.187e-05,1.151e-05,1.071e-05,1.074e-05,1.144e-05
restaurants,3.64e-06,4.41e-06,4.28e-06,4.49e-06,4.71e-06,4.52e-06,4.33e-06,4.34e-06,4.02e-06
beautiful,1.327e-05,1.343e-05,1.283e-05,1.203e-05,1.146e-05,1.027e-05,9.68e-06,9.5e-06,1.335e-05
warning,1.605e-05,1.574e-05,1.486e-05,1.387e-05,1.31e-05,1.336e-05,1.359e-05,1.343e-05,1.589e-05
wine,1.027e-05,1.049e-05,1.079e-05,9.79e-06,1.064e-05,1.027e-05,1.112e-05,1.115e-05,1.038e-05
locations,5.629e-05,5.623e-05,5.578e-05,5.792e-05,5.689e-05,5.671e-05,5.664e-05,5.722e-05,5.626e-05
horse,2.119e-05,2.119e-05,2.158e-05,2.141e-05,2.21e-05,2.219e-05,2.142e-05,2.107e-05,2.119e-05
vote,1.776e-05,1.741e-05,1.69e-05,1.652e-05,1.658e-05,1.726e-05,1.812e-05,1.797e-05,1.759e-05
forward,6.442e-05,6.336e-05,6.29e-05,6.322e-05,6.323e-05,6.164e-05,6.447e-05,6.3e-05,6.389e-05
flowers,1.798e-05,1.804e-05,1.791e-05,1.672e-05,1.637e-05,1.705e-05,1.751e-05,1.611e-05,1.801e-05
stars,0.00010359,0.00010281,0.00010179,0.00010258,0.00010539,0.00010623,0.00010669,0.00010948,0.0001032
significant,0.00017657,0.00017876,0.00017731,0.00017987,0.00018499,0.00018636,0.00019072,0.00019211,0.00017767
lists,6.613e-05,6.672e-05,6.799e-05,6.73e-05,6.753e-05,6.554e-05,6.508e-05,6.59e-05,6.643e-05
technologies,7.577e-05,7.826e-05,8.326e-05,8.321e-05,8.452e-05,8.548e-05,8.465e-05,8.635e-05,7.701e-05
owner,2.376e-05,2.266e-05,2.199e-05,2.325e-05,2.415e-05,2.445e-05,2.513e-05,2.561e-05,2.321e-05
retail,7.92e-06,8.81e-06,8.75e-06,8.36e-06,8.59e-06,8.22e-06,8.65e-06,7.64e-06,8.37e-06
animals,5.65e-05,5.665e-05,5.639e-05,5.894e-05,6.016e-05,5.959e-05,6.096e-05,5.908e-05,5.657e-05
useful,0.00021595,0.00021611,0.00021151,0.00021128,0.00021344,0.00021636,0.00021729,0.0002169,0.00021603
directly,0.00012927,0.00012904,0.00012784,0.0001297,0.0001281,0.00012945,0.00012975,0.00013055,0.00012915
manufacturer,1.755e-05,1.616e-05,1.649e-05,1.693e-05,1.801e-05,1.788e-05,1.874e-05,1.776e-05,1.686e-05
ways,0.00015346,0.00015107,0.00015044,0.00015173,0.00015307,0.00015616,0.00015632,0.00015513,0.00015227
est,7.49e-06,7.55e-06,9.57e-06,9.99e-06,9.82e-06,8.84e-06,8.86e-06,8.68e-06,7.52e-06
son,0.00010209,0.00010008,9.894e-05,9.85e-05,9.884e-05,0.0001013,0.00010154,9.709e-05,0.00010108
providing,7.684e-05,7.679e-05,7.715e-05,7.729e-05,8.063e-05,7.828e-05,7.888e-05,8.242e-05,7.682e-05
rule,0.00023008,0.0002266,0.00022678,0.000228,0.00022919,0.00023197,0.00023356,0.00023074,0.00022834
mac,0.00010123,9.987e-05,9.67e-05,9.503e-05,9.516e-05,9.513e-05,9.66e-05,9.605e-05,0.00010055
housing,5.99e-06,7.76e-06,6.31e-06,6.32e-06,6.34e-06,7.19e-06,7e-06,6.4e-06,6.88e-06
takes,0.00014511,0.0001389,0.00014026,0.00013929,0.00014079,0.00013869,0.00014026,0.00013881,0.00014201
iii,6.164e-05,6.253e-05,6.128e-05,6.057e-05,5.955e-05,5.918e-05,6.055e-05,5.99e-05,6.208e-05
gmt,1.5e-06,1.47e-06,1.02e-06,6.1e-07,8.2e-07,8.2e-07,6.2e-07,6.2e-07,1.48e-06
bring,3.039e-05,3.168e-05,2.911e-05,2.916e-05,2.967e-05,2.877e-05,2.904e-05,2.851e-05,3.104e-05
catalog,1.413e-05,2.119e-05,2.26e-05,2.264e-05,2.149e-05,2.116e-05,2.121e-05,2.128e-05,1.766e-05
searches,1.755e-05,1.741e-05,1.791e-05,1.795e-05,1.924e-05,2.055e-05,1.936e-05,1.88e-05,1.748e-05
max,6.314e-05,6.441e-05,6.494e-05,6.526e-05,6.405e-05,6.39e-05,6.447e-05,6.466e-05,6.377e-05
trying,2.226e-05,2.308e-05,2.199e-05,2.203e-05,2.149e-05,2.116e-05,2.08e-05,2.045e-05,2.267e-05
mother,4.43e-05,4.238e-05,4.051e-05,4.038e-05,4.195e-05,4.335e-05,4.263e-05,4.255e-05,4.334e-05
authority,4.709e-05,5.266e-05,5.415e-05,5.384e-05,5.484e-05,5.486e-05,5.582e-05,5.743e-05,4.987e-05
considered,0.00040558,0.0004062,0.00041183,0.0004144,0.00041869,0.00042368,0.00042922,0.00043297,0.00040589
told,1.348e-05,1.385e-05,1.303e-05,1.285e-05,1.126e-05,1.089e-05,1.174e-05,1.157e-05,1.366e-05
xml,2.376e-05,2.371e-05,2.28e-05,2.203e-05,2.231e-05,2.199e-05,2.204e-05,1.983e-05,2.374e-05
traffic,0.00010359,0.00010575,0.0001026,0.00010421,0.00010436,0.00010232,9.927e-05,0.00010287,0.00010467
programme,2.996e-05,2.958e-05,3.155e-05,3.12e-05,3.192e-05,3.082e-05,3.151e-05,3.202e-05,2.977e-05
joined,0.00012456,0.0001219,0.00011848,0.00011441,0.00011255,0.00010993,0.00010648,0.00010328,0.00012323
input,0.0002945,0.00028724,0.00028622,0.00028429,0.00028445,0.00028437,0.00028834,0.00028775,0.00029087
strategy,9.075e-05,9.232e-05,8.978e-05,9.157e-05,9.25e-05,9.534e-05,9.68e-05,9.605e-05,9.153e-05
feet,1.905e-05,1.741e-05,1.649e-05,2.019e-05,2.046e-05,1.952e-05,1.998e-05,2.004e-05,1.823e-05
agent,7.191e-05,7.155e-05,7.349e-05,7.464e-05,7.449e-05,7.356e-05,7.147e-05,7.106e-05,7.173e-05
valid,8.689e-05,8.477e-05,8.306e-05,8.28e-05,8.226e-05,8.301e-05,8.362e-05,8.469e-05,8.583e-05
bin,1.755e-05,1.637e-05,1.506e-05,1.57e-05,1.432e-05,1.356e-05,1.483e-05,1.591e-05,1.696e-05
modern,0.00038161,0.00037704,0.00037315,0.00038054,0.00038574,0.00038587,0.00039009,0.00039764,0.00037933
senior,8.411e-05,9.358e-05,9.649e-05,9.565e-05,9.434e-05,9.452e-05,9.474e-05,9.337e-05,8.884e-05
ireland,6.036e-05,6.294e-05,6.27e-05,6.322e-05,6.262e-05,6.164e-05,6.055e-05,5.908e-05,6.165e-05
sexy,8.6e-07,1.05e-06,1.63e-06,1.63e-06,1.64e-06,1.64e-06,1.65e-06,1.86e-06,9.5e-07
teaching,0.00012927,0.00012694,0.00012316,0.00012134,0.00012299,0.0001204,0.00011781,0.0001196,0.0001281
door,6.42e-06,6.71e-06,7.53e-06,7.14e-06,6.14e-06,5.96e-06,6.59e-06,6.61e-06,6.57e-06
grand,3.125e-05,3.21e-05,3.216e-05,3.181e-05,3.131e-05,3.144e-05,3.295e-05,3.243e-05,3.167e-05
testing,0.00011557,0.00011582,0.00011828,0.00011951,0.00012033,0.00012246,0.0001244,0.00012621,0.00011569
trial,2.247e-05,2.287e-05,2.585e-05,2.59e-05,2.681e-05,2.507e-05,2.451e-05,2.417e-05,2.267e-05
charge,0.00011493,0.00011393,0.0001142,0.00011787,0.00011767,0.00011588,0.00011657,0.00011712,0.00011443
units,0.0002198,0.00022157,0.00021558,0.00021801,0.00020914,0.00020752,0.00021193,0.00021029,0.00022069
instead,0.00020504,0.00020457,0.00020215,0.00020394,0.00020812,0.0002141,0.0002177,0.00021586,0.00020481
canadian,0.00013291,0.00013764,0.00013965,0.00014643,0.00014529,0.00014527,0.00014438,0.0001477,0.00013527
cool,4.71e-06,4.62e-06,5.29e-06,5.71e-06,5.12e-06,5.34e-06,4.74e-06,4.34e-06,4.67e-06
normal,0.00025597,0.00024884,0.00025386,0.0002539,0.00024966,0.00025006,0.00024859,0.00024664,0.00025241
wrote,0.00018984,0.00019009,0.00018566,0.00018252,0.00018479,0.00018615,0.00019031,0.0001886,0.00018997
enterprise,3.895e-05,3.777e-05,3.786e-05,3.793e-05,3.847e-05,4.007e-05,3.934e-05,3.904e-05,3.836e-05
ships,2.418e-05,2.434e-05,2.443e-05,2.508e-05,2.374e-05,2.199e-05,2.163e-05,2.231e-05,2.426e-05
entire,0.00011151,0.00010889,0.00010525,0.00010584,0.00010641,0.00010643,0.00010648,0.00010762,0.0001102
educational,7.362e-05,7.742e-05,8.265e-05,8.443e-05,8.431e-05,8.568e-05,8.465e-05,8.655e-05,7.552e-05
md,8.35e-06,7.97e-06,8.96e-06,8.77e-06,8.59e-06,9.25e-06,8.65e-06,9.5e-06,8.16e-06
leading,0.00015303,0.00015526,0.00015655,0.00015519,0.00015655,0.00015801,0.00015859,0.00016112,0.00015415
metal,3.895e-05,4.154e-05,4.133e-05,4.119e-05,4.072e-05,4.027e-05,3.934e-05,3.78e-05,4.024e-05
positive,0.00039295,0.00039047,0.00038842,0.00039665,0.00039618,0.00040231,0.00040574,0.0003993,0.00039171
fl,1.348e-05,1.175e-05,1.16e-05,1.122e-05,1.085e-05,1.089e-05,1.05e-05,1.033e-05,1.262e-05
fitness,1.52e-05,1.595e-05,1.588e-05,1.611e-05,1.576e-05,1.582e-05,1.874e-05,1.88e-05,1.557e-05
chinese,0.00014511,0.00014037,0.000148,0.00014581,0.00014754,0.00014773,0.000145,0.00014708,0.00014274
opinion,3.018e-05,2.916e-05,2.85e-05,2.774e-05,2.865e-05,2.733e-05,2.739e-05,2.706e-05,2.967e-05
mb,5.78e-06,5.67e-06,5.7e-06,5.51e-06,5.53e-06,5.34e-06,5.35e-06,5.16e-06,5.73e-06
asia,6.699e-05,6.525e-05,6.698e-05,6.506e-05,6.507e-05,6.616e-05,6.673e-05,6.775e-05,6.612e-05
football,3.81e-05,3.798e-05,3.807e-05,4.038e-05,4.052e-05,3.945e-05,3.934e-05,4.028e-05,3.804e-05
abstract,0.00022366,0.00022324,0.00021518,0.00021372,0.00020996,0.00020835,0.00020555,0.00020987,0.00022345
uses,0.00035914,0.00035732,0.00036073,0.00036994,0.00036528,0.00037067,0.00036805,0.00036728,0.00035823
output,0.00023457,0.00022828,0.00022922,0.00022535,0.00022428,0.00022211,0.0002247,0.00022661,0.00023143
funds,2.932e-05,2.791e-05,2.748e-05,2.712e-05,2.763e-05,2.774e-05,2.698e-05,2.747e-05,2.861e-05
mr,2.526e-05,2.476e-05,2.504e-05,2.488e-05,2.497e-05,2.507e-05,2.554e-05,2.665e-05,2.501e-05
greater,0.00016287,0.00016345,0.00015858,0.00015846,0.00015675,0.00015739,0.00015797,0.00015596,0.00016316
likely,7.812e-05,7.574e-05,7.471e-05,7.566e-05,7.653e-05,7.664e-05,7.703e-05,7.932e-05,7.693e-05
develop,8.069e-05,8.015e-05,7.96e-05,7.892e-05,8.104e-05,8.116e-05,7.847e-05,8.015e-05,8.042e-05
employees,2.654e-05,2.56e-05,2.443e-05,2.468e-05,2.292e-05,2.24e-05,2.224e-05,2.128e-05,2.607e-05
artists,3.959e-05,3.966e-05,3.827e-05,4.018e-05,3.724e-05,3.781e-05,3.851e-05,3.883e-05,3.963e-05
alternative,0.00013419,0.00012904,0.00012947,0.00013358,0.00013342,0.00013438,0.00013758,0.00013675,0.00013161
processing,0.00029343,0.00029731,0.00030332,0.00030631,0.00030962,0.00031355,0.00031944,0.00031935,0.00029537
responsibility,1.584e-05,1.637e-05,1.649e-05,1.631e-05,1.698e-05,1.664e-05,1.709e-05,1.632e-05,1.611e-05
resolution,9.845e-05,9.924e-05,9.649e-05,9.952e-05,0.0001013,0.00010068,0.00010071,0.00010081,9.884e-05
java,4.002e-05,4.154e-05,4.316e-05,4.181e-05,3.929e-05,3.863e-05,3.687e-05,3.615e-05,4.078e-05
guest,1.498e-05,1.49e-05,1.384e-05,1.387e-05,1.412e-05,1.294e-05,1.318e-05,1.301e-05,1.494e-05
seems,3.617e-05,3.567e-05,3.583e-05,3.426e-05,3.295e-05,3.288e-05,3.048e-05,3.057e-05,3.592e-05
publication,8.903e-05,9.295e-05,9.161e-05,9.299e-05,9.413e-05,9.082e-05,9.206e-05,9.172e-05,9.099e-05
pass,5.736e-05,5.749e-05,5.72e-05,5.833e-05,5.832e-05,5.774e-05,5.787e-05,5.722e-05,5.742e-05
relations,0.00011022,0.00011477,0.00011298,0.00011461,0.00011664,0.00011773,0.00011472,0.00011692,0.00011249
trust,4.537e-05,4.637e-05,4.56e-05,4.568e-05,4.584e-05,4.582e-05,4.346e-05,4.441e-05,4.587e-05
van,0.00014361,0.00014247,0.0001427,0.00013725,0.00013506,0.00013294,0.00013387,0.00013344,0.00014304
contains,0.00023479,0.00023374,0.00023675,0.00023636,0.00023636,0.00023855,0.00023665,0.00023714,0.00023426
session,2.633e-05,2.602e-05,2.484e-05,2.549e-05,2.558e-05,2.568e-05,2.472e-05,2.541e-05,2.617e-05
multi,0.00013013,0.00013386,0.00013558,0.00013072,0.0001324,0.00013335,0.00013511,0.00013613,0.00013199
photography,2.697e-05,2.728e-05,2.769e-05,2.896e-05,2.783e-05,2.794e-05,2.78e-05,2.851e-05,2.713e-05
republic,9.374e-05,9.379e-05,9.425e-05,9.218e-05,9.27e-05,9.164e-05,9.227e-05,9.316e-05,9.376e-05
fees,1.306e-05,1.322e-05,1.181e-05,1.06e-05,1.044e-05,1.048e-05,1.092e-05,1.033e-05,1.314e-05
components,0.00020846,0.00020478,0.00020418,0.0002023,0.00020566,0.00020341,0.0002072,0.00020306,0.00020662
vacation,1.93e-06,2.52e-06,1.43e-06,1.43e-06,1.23e-06,1.23e-06,1.24e-06,1.45e-06,2.22e-06
century,0.00043469,0.00044754,0.00045112,0.00045641,0.00046043,0.00046272,0.00046877,0.00047242,0.00044112
academic,0.00021124,0.00021464,0.00022332,0.00022739,0.00022265,0.0002217,0.00022491,0.0002295,0.00021294
assistance,1.37e-05,1.343e-05,1.384e-05,1.407e-05,1.432e-05,1.397e-05,1.421e-05,1.384e-05,1.356e-05
completed,0.0001145,0.00012064,0.00012133,0.00011747,0.00011378,0.00011013,0.00010792,0.00010865,0.00011757
skin,2.675e-05,2.644e-05,2.687e-05,2.753e-05,2.742e-05,2.712e-05,2.698e-05,2.685e-05,2.659e-05
graphics,0.00010337,0.00010323,0.00010219,0.0001036,0.00010232,0.00010356,0.00010257,0.0001039,0.0001033
indian,0.00021852,0.00022345,0.00022637,0.00022922,0.00023165,0.00022992,0.00022985,0.00023363,0.00022098
prev,0.0,0.0,0.0,0.0,0.0,0.0,0.0,0.0,0.0
ads,8.99e-06,9.44e-06,9.16e-06,8.97e-06,6.75e-06,6.78e-06,7e-06,7.02e-06,9.21e-06
mary,4.666e-05,4.994e-05,5.089e-05,5.037e-05,5.014e-05,5.034e-05,5.108e-05,4.999e-05,4.83e-05
il,1.648e-05,1.616e-05,1.506e-05,1.448e-05,1.453e-05,1.356e-05,1.318e-05,1.343e-05,1.632e-05
expected,0.00012713,0.00012757,0.00012153,0.00012501,0.00012401,0.00012698,0.00012914,0.00012704,0.00012735
ring,0.00031761,0.00031472,0.00031594,0.0003161,0.00031637,0.00031683,0.00032212,0.00032369,0.00031616
grade,2.954e-05,3.147e-05,3.013e-05,3.039e-05,2.906e-05,2.959e-05,3.11e-05,2.871e-05,3.051e-05
dating,2.012e-05,1.993e-05,2.036e-05,1.958e-05,2.149e-05,2.219e-05,2.245e-05,2.293e-05,2.002e-05
pacific,6.464e-05,6.378e-05,6.555e-05,6.404e-05,6.405e-05,6.287e-05,6.323e-05,6.383e-05,6.421e-05
mountain,2.996e-05,3.084e-05,3.094e-05,2.937e-05,2.967e-05,3.164e-05,3.192e-05,3.16e-05,3.04e-05
organizations,6.442e-05,6.42e-05,6.392e-05,6.526e-05,6.855e-05,6.698e-05,6.673e-05,6.837e-05,6.431e-05
pop,1.52e-05,1.406e-05,1.445e-05,1.468e-05,1.392e-05,1.438e-05,1.627e-05,1.735e-05,1.463e-05
filter,0.00011536,0.00011771,0.00011461,0.00011502,0.00011828,0.00011897,0.00011781,0.00011754,0.00011653
mailing,3.64e-06,3.99e-06,4.28e-06,3.87e-06,4.09e-06,4.11e-06,4.12e-06,4.34e-06,3.81e-06
vehicle,5.565e-05,5.728e-05,5.822e-05,5.853e-05,5.853e-05,5.835e-05,5.643e-05,5.557e-05,5.646e-05
longer,9.781e-05,0.00010008,0.0001026,0.00010401,0.00010457,0.00010582,0.00010545,0.00010804,9.894e-05
consider,0.00010273,0.00010008,9.975e-05,9.748e-05,9.7e-05,9.698e-05,9.742e-05,9.481e-05,0.0001014
int,1.177e-05,1.049e-05,9.98e-06,1.081e-05,1.003e-05,8.84e-06,8.86e-06,8.26e-06,1.113e-05
northern,5.907e-05,5.686e-05,5.883e-05,5.873e-05,5.812e-05,5.815e-05,5.849e-05,5.825e-05,5.797e-05
behind,6.1e-05,6.19e-05,6.107e-05,6.281e-05,6.426e-05,6.205e-05,6.096e-05,6.032e-05,6.145e-05
panel,2.461e-05,2.413e-05,2.341e-05,2.284e-05,2.128e-05,2.178e-05,2.08e-05,2.19e-05,2.437e-05
floor,2.397e-05,2.245e-05,2.3e-05,2.264e-05,2.271e-05,2.26e-05,2.348e-05,2.355e-05,2.321e-05
german,0.0003739,0.00038564,0.00039778,0.00040155,0.00040395,0.00040128,0.00040677,0.00040673,0.00037977
buying,7.92e-06,8.18e-06,7.94e-06,8.36e-06,7.98e-06,7.81e-06,8.03e-06,7.64e-06,8.05e-06
match,4.131e-05,4.343e-05,4.519e-05,4.527e-05,4.482e-05,4.376e-05,4.511e-05,4.524e-05,4.237e-05
proposed,0.0002091,0.00021024,0.0002166,0.00021882,0.00022019,0.00021862,0.00022285,0.00022723,0.00020967
default,3.467e-05,3.441e-05,3.339e-05,3.324e-05,3.336e-05,3.39e-05,3.213e-05,2.995e-05,3.454e-05
require,0.00010958,0.00010386,0.0001024,0.00010421,0.00010436,0.00010664,0.00010834,0.00010804,0.00010672
iraq,8.99e-06,8.6e-06,9.57e-06,8.77e-06,9e-06,8.42e-06,8.24e-06,7.64e-06,8.79e-06
boys,9.42e-06,9.44e-06,9.98e-06,9.38e-06,9.21e-06,9.04e-06,9.27e-06,9.5e-06,9.43e-06
outdoor,6.85e-06,8.39e-06,8.75e-06,8.57e-06,8.59e-06,8.22e-06,8.03e-06,8.26e-06,7.62e-06
deep,6.143e-05,6.253e-05,6.433e-05,6.485e-05,6.426e-05,6.513e-05,6.776e-05,6.651e-05,6.198e-05
morning,9.42e-06,9.23e-06,8.55e-06,7.55e-06,7.57e-06,7.4e-06,7.41e-06,7.23e-06,9.32e-06
otherwise,9.225e-05,9.316e-05,9.324e-05,9.401e-05,9.557e-05,9.616e-05,9.412e-05,9.399e-05,9.271e-05
allows,0.00024549,0.000248,0.00025202,0.00025451,0.00026153,0.00026403,0.00026322,0.00026296,0.00024675
rest,6.806e-05,6.42e-05,6.107e-05,6.159e-05,6.139e-05,6.164e-05,5.993e-05,5.949e-05,6.613e-05
protein,0.00011022,0.00010785,0.00010708,0.00010686,0.00010559,0.00010684,0.00010648,0.00010742,0.00010904
plant,5.072e-05,5.539e-05,5.598e-05,5.649e-05,5.73e-05,5.774e-05,5.685e-05,5.867e-05,5.305e-05
reported,5.864e-05,5.938e-05,6.27e-05,6.036e-05,6.344e-05,6.267e-05,6.138e-05,6.114e-05,5.901e-05
hit,2.076e-05,1.972e-05,2.015e-05,1.999e-05,1.903e-05,1.931e-05,2.06e-05,1.983e-05,2.024e-05
transportation,3.467e-05,3.462e-05,3.563e-05,3.589e-05,3.54e-05,3.534e-05,3.501e-05,3.491e-05,3.464e-05
mm,2.311e-05,2.077e-05,2.219e-05,2.243e-05,2.108e-05,2.034e-05,2.101e-05,2.107e-05,2.194e-05
pool,1.434e-05,1.175e-05,1.099e-05,1.162e-05,1.105e-05,1.11e-05,1.03e-05,1.033e-05,1.304e-05
mini,4.28e-06,4.2e-06,3.66e-06,3.67e-06,3.89e-06,3.9e-06,3.71e-06,3.51e-06,4.24e-06
politics,2.718e-05,2.749e-05,2.667e-05,2.651e-05,2.742e-05,2.733e-05,2.78e-05,2.747e-05,2.734e-05
partner,2.055e-05,2.056e-05,2.056e-05,2.121e-05,2.087e-05,2.219e-05,2.204e-05,2.231e-05,2.056e-05
disclaimer,2.1e-07,4.2e-07,4.1e-07,4.1e-07,4.1e-07,4.1e-07,4.1e-07,4.1e-07,3.2e-07
authors,0.00011686,0.00011729,0.00011705,0.00011869,0.00012094,0.00012184,0.00012213,0.00012539,0.00011707
boards,2.14e-05,2.224e-05,2.097e-05,2.019e-05,1.944e-05,1.973e-05,1.936e-05,1.88e-05,2.182e-05
faculty,0.00025084,0.00025367,0.00025141,0.0002435,0.00023411,0.0002293,0.00022573,0.00021669,0.00025226
parties,3.831e-05,3.987e-05,3.99e-05,3.936e-05,3.949e-05,4.109e-05,4.099e-05,4.173e-05,3.909e-05
fish,2.461e-05,2.434e-05,2.463e-05,2.304e-05,2.353e-05,2.404e-05,2.286e-05,2.252e-05,2.447e-05
membership,3.831e-05,3.819e-05,3.644e-05,3.589e-05,3.683e-05,3.698e-05,3.79e-05,3.739e-05,3.825e-05
mission,4.045e-05,4.007e-05,3.97e-05,3.793e-05,3.724e-05,3.678e-05,3.81e-05,3.842e-05,4.026e-05
eye,6.378e-05,6.043e-05,6.392e-05,6.506e-05,6.589e-05,6.37e-05,6.261e-05,6.238e-05,6.211e-05
string,0.00016673,0.00016387,0.00016367,0.00016091,0.00016453,0.00016807,0.0001693,0.00017207,0.0001653
sense,0.00024292,0.00024339,0.00024062,0.00024228,0.00024147,0.00024163,0.00024056,0.00023941,0.00024315
modified,6.25e-05,6.19e-05,6.168e-05,6.302e-05,6.364e-05,6.349e-05,6.344e-05,6.404e-05,6.22e-05
pack,8.35e-06,9.02e-06,8.96e-06,8.97e-06,9.21e-06,9.66e-06,9.89e-06,8.88e-06,8.68e-06
released,0.00020418,0.00020394,0.00021558,0.00022311,0.00022715,0.00023403,0.00023994,0.00024644,0.00020406
stage,5.415e-05,5.12e-05,5.252e-05,4.976e-05,5.095e-05,5.137e-05,5.231e-05,5.309e-05,5.267e-05
internal,0.00011921,0.00011561,0.00011583,0.00011482,0.00011848,0.00011979,0.00012049,0.0001196,0.00011741
goods,3.424e-05,3.441e-05,3.461e-05,3.487e-05,3.581e-05,3.575e-05,3.666e-05,3.718e-05,3.432e-05
recommended,2.911e-05,2.958e-05,2.83e-05,2.977e-05,2.906e-05,2.918e-05,2.945e-05,2.954e-05,2.935e-05
born,0.0011018,0.00116826,0.00119701,0.00120465,0.00119283,0.00118371,0.00117109,0.00115761,0.00113503
unless,3.724e-05,3.756e-05,3.522e-05,3.548e-05,3.643e-05,3.575e-05,3.604e-05,3.553e-05,3.74e-05
richard,0.00016544,0.00016848,0.00016388,0.00016519,0.00016514,0.0001652,0.00016374,0.00016422,0.00016696
detailed,5.543e-05,5.518e-05,5.313e-05,5.588e-05,5.587e-05,5.691e-05,5.767e-05,5.66e-05,5.53e-05
japanese,0.00011921,0.00012106,0.00012255,0.00012114,0.00012278,0.00012534,0.00012419,0.00012745,0.00012014
race,2.526e-05,2.455e-05,2.504e-05,2.427e-05,2.476e-05,2.425e-05,2.389e-05,2.272e-05,2.49e-05
approved,2.568e-05,2.581e-05,2.708e-05,2.59e-05,2.497e-05,2.568e-05,2.616e-05,2.603e-05,2.574e-05
background,6.357e-05,5.938e-05,6.005e-05,5.812e-05,5.894e-05,6.02e-05,5.808e-05,5.887e-05,6.148e-05
target,8.604e-05,8.54e-05,8.794e-05,8.81e-05,8.595e-05,8.609e-05,8.465e-05,8.862e-05,8.572e-05
except,9.225e-05,9.232e-05,9.242e-05,9.218e-05,9.311e-05,9.431e-05,9.33e-05,9.358e-05,9.229e-05
character,0.00023928,0.00023541,0.00023309,0.00023657,0.00024352,0.00024862,0.00024695,0.00024933,0.00023734
usb,1.092e-05,1.07e-05,1.018e-05,9.99e-06,1.023e-05,1.007e-05,1.092e-05,1.012e-05,1.081e-05
maintenance,2.633e-05,2.455e-05,2.423e-05,2.366e-05,2.374e-05,2.383e-05,2.348e-05,2.293e-05,2.544e-05
ability,0.00011579,0.00011645,0.00011237,0.00011094,0.00011071,0.00011034,0.00011019,0.00010948,0.00011612
maybe,3.85e-06,3.57e-06,2.85e-06,3.06e-06,3.07e-06,3.08e-06,3.09e-06,3.31e-06,3.71e-06
functions,0.00097788,0.00098761,0.00099689,0.0010054,0.001006,0.00101235,0.00101806,0.00101735,0.00098275
ed,0.00013698,0.00013176,0.00012723,0.00012807,0.00012421,0.00012123,0.0001176,0.0001132,0.00013437
moving,0.00012906,0.00012799,0.0001254,0.00012562,0.00012381,0.00012493,0.00012275,0.00012477,0.00012852
brands,9.85e-06,1.007e-05,9.98e-06,9.58e-06,9.41e-06,9.04e-06,8.65e-06,7.64e-06,9.96e-06
places,5.286e-05,5.203e-05,5.191e-05,5.037e-05,5.239e-05,5.281e-05,5.293e-05,5.433e-05,5.245e-05
php,3.724e-05,3.63e-05,3.237e-05,3.141e-05,2.415e-05,1.459e-05,1.38e-05,1.343e-05,3.677e-05
pretty,4.92e-06,4.41e-06,4.89e-06,5.1e-06,4.91e-06,4.73e-06,4.74e-06,4.96e-06,4.67e-06
trademarks,3e-06,2.1e-06,2.44e-06,2.45e-06,2.25e-06,2.05e-06,2.06e-06,2.69e-06,2.55e-06
phentermine,0.0,0.0,0.0,0.0,0.0,0.0,0.0,0.0,0.0
spain,4.473e-05,4.553e-05,4.438e-05,4.283e-05,4.441e-05,4.274e-05,4.346e-05,4.235e-05,4.513e-05
southern,0.00013034,0.00012862,0.00012683,0.00012746,0.00012769,0.00012924,0.00012934,0.00012849,0.00012948
yourself,2.57e-06,2.52e-06,2.85e-06,2.65e-06,2.25e-06,2.05e-06,2.27e-06,2.27e-06,2.55e-06
etc,0.00017101,0.00017394,0.000171,0.00016804,0.00016637,0.00016294,0.00016065,0.00015493,0.00017248
winter,2.526e-05,2.476e-05,2.463e-05,2.386e-05,2.394e-05,2.466e-05,2.513e-05,2.541e-05,2.501e-05
rape,1.93e-06,1.89e-06,1.83e-06,1.63e-06,1.64e-06,1.64e-06,1.65e-06,1.65e-06,1.91e-06
battery,8.35e-06,8.39e-06,9.36e-06,9.38e-06,8.19e-06,7.19e-06,6.8e-06,7.02e-06,8.37e-06
youth,1.027e-05,9.86e-06,1.059e-05,9.79e-06,9e-06,9.25e-06,9.47e-06,9.3e-06,1.006e-05
pressure,0.00012756,0.00012652,0.00012784,0.00012889,0.00013486,0.00013479,0.00013387,0.0001353,0.00012704
submitted,2.226e-05,2.245e-05,2.3e-05,2.223e-05,2.21e-05,2.24e-05,2.266e-05,2.252e-05,2.235e-05
boston,4.516e-05,4.763e-05,5.008e-05,4.813e-05,4.748e-05,4.603e-05,4.593e-05,4.4e-05,4.64e-05
incest,2.1e-07,2.1e-07,2e-07,2e-07,2e-07,2.1e-07,0.0,0.0,2.1e-07
debt,2.097e-05,1.993e-05,1.873e-05,1.876e-05,1.821e-05,1.829e-05,1.854e-05,1.756e-05,2.045e-05
keywords,2.57e-06,2.52e-06,2.44e-06,2.45e-06,2.46e-06,2.47e-06,2.47e-06,2.27e-06,2.55e-06
medium,5.993e-05,5.728e-05,5.476e-05,5.588e-05,5.709e-05,5.794e-05,5.829e-05,5.825e-05,5.86e-05
television,9.139e-05,9.169e-05,9.059e-05,9.299e-05,9.352e-05,9.184e-05,9.371e-05,9.461e-05,9.154e-05
interested,5.736e-05,5.854e-05,5.7e-05,5.71e-05,5.566e-05,5.363e-05,5.252e-05,5.102e-05,5.795e-05
core,0.00014682,0.00014624,0.00014413,0.00014581,9.311e-05,9.41e-05,9.618e-05,9.771e-05,0.00014653
break,3.339e-05,3.21e-05,3.257e-05,3.345e-05,3.213e-05,3.164e-05,3.213e-05,3.057e-05,3.274e-05
purposes,6.464e-05,6.756e-05,7.125e-05,7.219e-05,7.428e-05,7.5e-05,7.579e-05,7.705e-05,6.61e-05
throughout,0.00010209,0.00010491,0.00010586,0.0001038,0.00010682,0.00011013,0.00011266,0.00011547,0.0001035
sets,0.00048584,0.00048237,0.00048715,0.00049148,0.00049972,0.00049949,0.00049781,0.00049886,0.0004841
dance,1.498e-05,1.448e-05,1.527e-05,1.53e-05,1.637e-05,1.582e-05,1.709e-05,1.756e-05,1.473e-05
wood,2.954e-05,3.084e-05,3.298e-05,3.263e-05,3.438e-05,3.39e-05,3.172e-05,3.181e-05,3.019e-05
msn,2.35e-06,2.31e-06,1.83e-06,2.24e-06,2.05e-06,2.05e-06,2.06e-06,2.07e-06,2.33e-06
itself,0.0002686,0.00027066,0.00026831,0.00026777,0.00026951,0.00026711,0.00027104,0.0002673,0.00026963
defined,0.00085353,0.00084892,0.00084605,0.00084858,0.00083308,0.00083996,0.00084361,0.0008428,0.00085122
papers,0.00020546,0.00020184,0.00020072,0.00019333,0.00019686,0.00019191,0.0001866,0.0001855,0.00020365
playing,4.345e-05,4.301e-05,4.356e-05,4.507e-05,4.645e-05,4.664e-05,4.634e-05,4.689e-05,4.323e-05
awards,8.775e-05,9.085e-05,8.448e-05,8.606e-05,8.513e-05,8.157e-05,8.074e-05,8.015e-05,8.93e-05
fee,1.092e-05,9.86e-06,9.57e-06,8.57e-06,9.21e-06,9.86e-06,1.009e-05,1.033e-05,1.039e-05
studio,2.697e-05,2.644e-05,2.687e-05,2.774e-05,2.783e-05,2.794e-05,2.822e-05,2.871e-05,2.671e-05
reader,3.039e-05,3.042e-05,2.85e-05,2.855e-05,2.783e-05,2.712e-05,2.698e-05,2.603e-05,3.04e-05
virtual,8.946e-05,8.854e-05,8.448e-05,8.688e-05,8.165e-05,8.239e-05,8.444e-05,8.469e-05,8.9e-05
device,0.00016523,0.00016261,0.00016632,0.00016845,0.00017067,0.00016869,0.00017095,0.00017042,0.00016392
established,0.00020439,0.00020772,0.00021497,0.00021332,0.0002163,0.00021965,0.00021935,0.00022041,0.00020606
answers,2.204e-05,2.224e-05,2.3e-05,2.223e-05,2.251e-05,2.301e-05,2.224e-05,2.086e-05,2.214e-05
rent,5.35e-06,5.46e-06,5.5e-06,5.51e-06,5.12e-06,5.14e-06,5.15e-06,5.16e-06,5.4e-06
las,6.42e-06,5.87e-06,6.72e-06,6.12e-06,5.73e-06,6.37e-06,6.38e-06,6.61e-06,6.14e-06
remote,4.152e-05,3.987e-05,4.092e-05,4.119e-05,4.256e-05,4.274e-05,4.202e-05,4.297e-05,4.07e-05
dark,5.607e-05,5.455e-05,5.659e-05,5.812e-05,5.914e-05,5.897e-05,5.89e-05,5.763e-05,5.531e-05
programming,0.00039659,0.00039047,0.00039249,0.00039502,0.00039863,0.00039347,0.00039091,0.00039083,0.00039353
external,8.433e-05,8.393e-05,8.509e-05,8.423e-05,8.37e-05,8.486e-05,8.486e-05,8.531e-05,8.413e-05
apple,0.00012628,0.00012211,0.00012723,0.00012726,0.00013076,0.00013314,0.0001347,0.0001351,0.0001242
le,6.421e-05,6.882e-05,6.698e-05,6.73e-05,6.671e-05,6.267e-05,6.179e-05,6.073e-05,6.651e-05
regarding,4.345e-05,4.532e-05,4.377e-05,4.303e-05,4.4e-05,4.479e-05,4.655e-05,4.73e-05,4.439e-05
instructions,3.531e-05,3.63e-05,3.563e-05,3.447e-05,3.397e-05,3.329e-05,3.522e-05,3.429e-05,3.581e-05
min,2.097e-05,2.077e-05,2.036e-05,2.019e-05,1.883e-05,1.911e-05,1.895e-05,1.838e-05,2.087e-05
offered,4.302e-05,4.364e-05,4.356e-05,4.283e-05,4.297e-05,4.274e-05,4.181e-05,4.214e-05,4.333e-05
theory,0.00327438,0.00329915,0.00333167,0.00333516,0.00335564,0.00336517,0.00336045,0.00336272,0.00328676
enjoy,3.64e-06,3.57e-06,3.66e-06,3.67e-06,3.27e-06,2.88e-06,2.27e-06,2.48e-06,3.61e-06
remove,2.14e-05,2.119e-05,2.117e-05,2.141e-05,2.19e-05,2.116e-05,2.163e-05,2.107e-05,2.129e-05
aid,3.574e-05,3.462e-05,3.339e-05,3.283e-05,3.458e-05,3.555e-05,3.398e-05,3.408e-05,3.518e-05
surface,0.00043961,0.00043285,0.00043402,0.00043397,0.00043567,0.00044422,0.00044446,0.00044453,0.00043623
minimum,0.00015774,0.00015694,0.00015594,0.00015846,0.00016023,0.00016211,0.00016168,0.00016133,0.00015734
visual,0.00010851,0.00010659,0.00011074,0.00011584,0.00011705,0.00012143,0.00012028,0.00012188,0.00010755
host,3.574e-05,3.567e-05,3.522e-05,3.548e-05,3.622e-05,3.74e-05,3.687e-05,3.698e-05,3.57e-05
variety,0.00022858,0.0002329,0.00023187,0.00023758,0.00024024,0.00024245,0.00024509,0.00024437,0.00023074
teachers,4.623e-05,4.343e-05,4.295e-05,4.14e-05,4.113e-05,4.068e-05,3.996e-05,3.904e-05,4.483e-05
isbn,3.42e-06,3.15e-06,3.26e-06,4.49e-06,4.71e-06,5.14e-06,6.18e-06,7.85e-06,3.28e-06
martin,0.00011793,0.00011792,0.00011766,0.00011767,0.00011664,0.0001163,0.00011637,0.00011754,0.00011793
manual,3.81e-05,3.882e-05,3.929e-05,3.834e-05,3.724e-05,3.616e-05,3.645e-05,3.594e-05,3.846e-05
block,0.00016908,0.00016576,0.00016571,0.00016437,0.00016166,0.00016314,0.00016333,0.00016608,0.00016742
subjects,5.244e-05,5.245e-05,5.13e-05,5.262e-05,5.177e-05,5.157e-05,5.149e-05,5.061e-05,5.245e-05
agents,4.965e-05,5.161e-05,5.537e-05,5.69e-05,5.709e-05,5.815e-05,5.87e-05,5.557e-05,5.063e-05
increased,5.008e-05,4.973e-05,5.273e-05,5.547e-05,5.382e-05,5.527e-05,5.561e-05,5.722e-05,4.991e-05
repair,4.92e-06,5.04e-06,4.89e-06,4.69e-06,4.71e-06,5.34e-06,4.94e-06,5.16e-06,4.98e-06
fair,6.036e-05,5.896e-05,6.474e-05,6.261e-05,6.405e-05,6.472e-05,6.426e-05,6.61e-05,5.966e-05
civil,7.726e-05,7.574e-05,7.634e-05,7.79e-05,7.735e-05,7.705e-05,7.662e-05,7.643e-05,7.65e-05
steel,1.134e-05,1.091e-05,1.181e-05,1.183e-05,1.105e-05,1.192e-05,1.174e-05,1.157e-05,1.112e-05
understanding,0.00012884,0.0001303,0.00012784,0.00012664,0.00012851,0.00012595,0.00012893,0.00012952,0.00012957
songs,2.825e-05,2.707e-05,2.83e-05,2.794e-05,2.844e-05,2.877e-05,2.945e-05,2.913e-05,2.766e-05
fixed,0.00030006,0.00029227,0.00028968,0.0002955,0.00029938,0.00029588,0.00029802,0.00030056,0.00029617
wrong,1.498e-05,1.553e-05,1.649e-05,1.57e-05,1.514e-05,1.418e-05,1.442e-05,1.529e-05,1.525e-05
beginning,0.00010658,0.00010386,0.00010158,9.87e-05,9.925e-05,0.00010068,0.0001003,0.00010101,0.00010522
hands,2.483e-05,2.476e-05,2.26e-05,2.162e-05,2.128e-05,2.116e-05,2.142e-05,2.024e-05,2.48e-05
associates,2.526e-05,2.455e-05,2.321e-05,2.366e-05,2.149e-05,2.157e-05,2.08e-05,2.128e-05,2.49e-05
finally,4.858e-05,4.91e-05,4.865e-05,4.609e-05,4.686e-05,4.685e-05,4.614e-05,4.503e-05,4.884e-05
az,1.5e-06,1.47e-06,1.43e-06,1.43e-06,1.84e-06,1.85e-06,1.65e-06,1.86e-06,1.48e-06
updates,2.44e-05,2.539e-05,2.402e-05,2.325e-05,2.435e-05,2.322e-05,2.451e-05,2.438e-05,2.489e-05
desktop,2.954e-05,3e-05,3.013e-05,3.181e-05,3.254e-05,3.308e-05,3.316e-05,3.284e-05,2.977e-05
classes,0.00016373,0.00016555,0.00016367,0.00016437,0.00016637,0.00016581,0.00016806,0.0001698,0.00016464
paris,0.00015667,0.00016219,0.00016082,0.00015907,0.00016125,0.00015924,0.00015838,0.00015431,0.00015943
ohio,4.152e-05,4.343e-05,4.194e-05,4.038e-05,3.99e-05,3.945e-05,3.975e-05,4.007e-05,4.248e-05
gets,2.333e-05,2.434e-05,2.585e-05,2.549e-05,2.456e-05,2.568e-05,2.616e-05,2.458e-05,2.383e-05
sector,3.039e-05,2.916e-05,3.094e-05,3.079e-05,3.029e-05,3e-05,2.925e-05,3.078e-05,2.977e-05
capacity,8.732e-05,8.791e-05,8.855e-05,8.994e-05,9.25e-05,9.246e-05,9.392e-05,9.42e-05,8.762e-05
requires,0.00012884,0.00012505,0.00012377,0.00012379,0.00012401,0.0001241,0.00012337,0.00012394,0.00012694
jersey,3.767e-05,3.798e-05,3.909e-05,3.895e-05,3.97e-05,3.781e-05,3.584e-05,3.512e-05,3.782e-05
un,3.275e-05,3.399e-05,3.4e-05,3.283e-05,2.701e-05,2.527e-05,2.595e-05,2.458e-05,3.337e-05
fat,1.284e-05,1.238e-05,1.221e-05,1.244e-05,1.228e-05,1.233e-05,1.236e-05,1.26e-05,1.261e-05
fully,7.32e-05,7.26e-05,7.308e-05,7.342e-05,7.449e-05,7.561e-05,7.579e-05,7.457e-05,7.29e-05
father,0.00010637,0.00010722,0.00010016,9.87e-05,0.00010252,9.801e-05,9.701e-05,9.543e-05,0.00010679
electric,0.00010808,0.00010931,0.00011115,0.00011318,0.00011214,0.00011034,0.00011163,0.00011175,0.00010869
saw,2.333e-05,2.392e-05,2.402e-05,2.468e-05,2.415e-05,2.466e-05,2.575e-05,2.582e-05,2.362e-05
instruments,6.742e-05,6.399e-05,6.331e-05,6.485e-05,6.446e-05,6.472e-05,6.467e-05,6.486e-05,6.57e-05
quotes,1.07e-05,1.154e-05,1.099e-05,1.081e-05,1.085e-05,9.04e-06,8.86e-06,8.26e-06,1.112e-05
officer,6.613e-05,6.756e-05,6.677e-05,6.567e-05,6.569e-05,6.657e-05,6.879e-05,6.858e-05,6.685e-05
driver,1.605e-05,1.553e-05,1.547e-05,1.407e-05,1.432e-05,1.438e-05,1.256e-05,1.322e-05,1.579e-05
businesses,1.734e-05,1.846e-05,1.873e-05,1.958e-05,2.005e-05,1.993e-05,1.998e-05,2.024e-05,1.79e-05
dead,2.29e-05,2.287e-05,2.239e-05,2.203e-05,2.19e-05,2.137e-05,2.163e-05,2.107e-05,2.289e-05
respect,0.00017593,0.00017394,0.00017507,0.0001764,0.0001766,0.00017753,0.00017939,0.0001793,0.00017494
unknown,8.154e-05,8.12e-05,8.163e-05,8.219e-05,8.145e-05,8.198e-05,8.321e-05,8.325e-05,8.137e-05
specified,0.00011579,0.00011477,0.00011624,0.00011686,0.00011808,0.00011897,0.00011802,0.00011712,0.00011528
restaurant,6.21e-06,6.29e-06,6.31e-06,5.91e-06,6.34e-06,6.58e-06,6.8e-06,7.44e-06,6.25e-06
mike,1.755e-05,1.825e-05,1.791e-05,1.713e-05,1.596e-05,1.808e-05,1.73e-05,1.715e-05,1.79e-05
trip,9.85e-06,1.007e-05,9.77e-06,9.58e-06,8.8e-06,9.04e-06,8.65e-06,8.47e-06,9.96e-06
pst,1.71e-06,1.68e-06,1.63e-06,1.43e-06,1.43e-06,1.44e-06,1.24e-06,1.24e-06,1.69e-06
worth,2.14e-05,2.014e-05,2.097e-05,2.121e-05,2.271e-05,2.137e-05,2.204e-05,2.128e-05,2.077e-05
mi,6.85e-06,5.87e-06,6.11e-06,6.32e-06,6.55e-06,6.78e-06,6.38e-06,5.78e-06,6.36e-06
procedures,4.495e-05,4.448e-05,4.356e-05,4.283e-05,4.359e-05,4.376e-05,4.346e-05,4.297e-05,4.472e-05
poor,3.403e-05,3.21e-05,2.993e-05,2.957e-05,3.11e-05,3.061e-05,3.151e-05,3.202e-05,3.306e-05
teacher,7.362e-05,7.616e-05,7.532e-05,7.525e-05,7.408e-05,7.52e-05,7.621e-05,7.519e-05,7.489e-05
xxx,6.4e-07,8.4e-07,6.1e-07,6.1e-07,6.1e-07,6.2e-07,6.2e-07,8.3e-07,7.4e-07
eyes,2.44e-05,2.413e-05,2.545e-05,2.508e-05,2.394e-05,2.24e-05,2.142e-05,2.024e-05,2.426e-05
relationship,0.00014083,0.00013869,0.00014128,0.00014174,0.00014304,0.00014239,0.00013985,0.00014212,0.00013976
workers,2.547e-05,2.623e-05,2.545e-05,2.57e-05,2.394e-05,2.486e-05,2.513e-05,2.458e-05,2.585e-05
farm,7.28e-06,8.18e-06,7.94e-06,7.95e-06,7.57e-06,7.4e-06,7.21e-06,6.82e-06,7.73e-06
fucking,0.0,0.0,0.0,0.0,0.0,0.0,0.0,0.0,0.0
georgia,3.788e-05,3.84e-05,3.868e-05,3.916e-05,3.909e-05,3.74e-05,3.913e-05,3.78e-05,3.814e-05
peace,2.269e-05,2.098e-05,2.219e-05,2.284e-05,2.333e-05,2.383e-05,2.307e-05,2.293e-05,2.184e-05
traditional,0.00014896,0.00014582,0.00014555,0.00014439,0.00014529,0.00014794,0.0001452,0.00014935,0.00014739
campus,2.119e-05,2.182e-05,2.26e-05,2.243e-05,2.312e-05,2.342e-05,2.369e-05,2.396e-05,2.15e-05
tom,3.66e-05,3.483e-05,3.461e-05,3.589e-05,3.438e-05,3.514e-05,3.44e-05,3.45e-05,3.571e-05
showing,6.185e-05,6.001e-05,6.189e-05,6.118e-05,6.119e-05,6.246e-05,6.241e-05,6.342e-05,6.093e-05
creative,2.354e-05,2.287e-05,2.28e-05,2.264e-05,2.292e-05,2.301e-05,2.369e-05,2.355e-05,2.32e-05
coast,2.376e-05,2.371e-05,2.361e-05,2.101e-05,2.128e-05,1.829e-05,1.854e-05,1.921e-05,2.374e-05
benefit,3.189e-05,3.021e-05,3.033e-05,3.039e-05,3.049e-05,3.246e-05,3.234e-05,3.264e-05,3.105e-05
progress,4.623e-05,4.721e-05,4.764e-05,4.874e-05,4.891e-05,4.931e-05,4.696e-05,4.71e-05,4.672e-05
funding,2.397e-05,2.434e-05,2.361e-05,2.366e-05,2.394e-05,2.363e-05,2.369e-05,2.334e-05,2.416e-05
devices,0.00013805,0.00014079,0.0001427,0.0001401,0.00014263,0.00014403,0.00014335,0.00014501,0.00013942
lord,3.874e-05,3.63e-05,3.298e-05,3.283e-05,3.274e-05,3.411e-05,3.192e-05,3.367e-05,3.752e-05
grant,2.055e-05,2.077e-05,2.036e-05,2.019e-05,2.087e-05,2.157e-05,2.204e-05,2.086e-05,2.066e-05
sub,8.176e-05,8.288e-05,8.448e-05,8.219e-05,7.94e-05,7.911e-05,7.929e-05,7.808e-05,8.232e-05
agree,1.948e-05,1.825e-05,1.832e-05,1.958e-05,2.046e-05,2.055e-05,2.08e-05,2.107e-05,1.886e-05
fiction,5.115e-05,4.847e-05,4.967e-05,4.935e-05,5.177e-05,5.26e-05,5.417e-05,5.433e-05,4.981e-05
hear,4.71e-06,4.41e-06,4.48e-06,4.49e-06,4.5e-06,4.31e-06,4.53e-06,4.13e-06,4.56e-06
sometimes,0.00050724,0.00050041,0.00049977,0.00050127,0.00050832,0.0005108,0.00051943,0.00052179,0.00050382
watches,2.57e-06,2.94e-06,3.26e-06,3.26e-06,3.07e-06,3.08e-06,3.3e-06,3.51e-06,2.75e-06
careers,7.49e-06,7.97e-06,8.75e-06,9.38e-06,9.21e-06,8.63e-06,8.65e-06,9.09e-06,7.73e-06
beyond,7.641e-05,7.49e-05,7.308e-05,7.24e-05,7.162e-05,7.315e-05,7.291e-05,7.478e-05,7.565e-05
goes,4.537e-05,4.679e-05,4.703e-05,4.507e-05,4.707e-05,4.829e-05,4.799e-05,4.751e-05,4.608e-05
families,5.094e-05,5.036e-05,5.11e-05,5.139e-05,5.239e-05,5.465e-05,5.417e-05,5.35e-05,5.065e-05
led,0.00014918,0.00015023,0.00015248,0.00015336,0.00015716,0.00015862,0.00015612,0.00015988,0.00014971
museum,7.084e-05,7.281e-05,7.451e-05,7.505e-05,7.387e-05,7.356e-05,7.209e-05,6.879e-05,7.182e-05
themselves,7.469e-05,7.281e-05,7.268e-05,7.117e-05,7.019e-05,7.068e-05,7.167e-05,7.333e-05,7.375e-05
fan,2.44e-05,2.35e-05,2.402e-05,2.406e-05,2.415e-05,2.404e-05,2.389e-05,2.355e-05,2.395e-05
transport,7.898e-05,7.931e-05,7.817e-05,7.852e-05,7.94e-05,7.931e-05,7.929e-05,8.118e-05,7.915e-05
interesting,4.388e-05,4.112e-05,4.01e-05,3.834e-05,3.806e-05,3.822e-05,3.81e-05,3.904e-05,4.25e-05
blogs,5.56e-06,5.25e-06,4.89e-06,4.69e-06,3.68e-06,2.67e-06,2.68e-06,2.89e-06,5.4e-06
wife,4.816e-05,4.847e-05,4.641e-05,4.629e-05,4.563e-05,4.479e-05,4.469e-05,4.276e-05,4.832e-05
evaluation,7.063e-05,7.05e-05,6.983e-05,6.995e-05,6.896e-05,6.945e-05,6.92e-05,7.003e-05,7.056e-05
accepted,6.656e-05,6.63e-05,6.494e-05,6.281e-05,6.201e-05,5.979e-05,5.705e-05,5.743e-05,6.643e-05
former,0.00016095,0.00016932,0.00017365,0.00017498,0.00017722,0.00017855,0.0001831,0.00018405,0.00016514
implementation,0.00012456,0.00012463,0.0001252,0.00012542,0.00012462,0.00012225,0.00012399,0.0001227,0.00012459
ten,8.989e-05,9.442e-05,9.568e-05,9.32e-05,9.434e-05,9.472e-05,9.557e-05,0.00010143,9.215e-05
hits,9.2e-06,9.65e-06,9.16e-06,9.18e-06,8.19e-06,7.81e-06,7.62e-06,7.64e-06,9.43e-06
zone,2.376e-05,2.434e-05,2.667e-05,2.753e-05,2.865e-05,2.877e-05,2.925e-05,2.871e-05,2.405e-05
complex,0.00069965,0.00071422,0.00072187,0.00073356,0.00074283,0.00074852,0.0007569,0.00076162,0.00070694
th,7.191e-05,7.197e-05,7.858e-05,7.505e-05,7.653e-05,7.849e-05,8.094e-05,7.912e-05,7.194e-05
cat,2.504e-05,2.581e-05,2.565e-05,2.427e-05,2.435e-05,2.466e-05,2.636e-05,2.665e-05,2.543e-05
galleries,2.57e-06,2.31e-06,2.24e-06,2.24e-06,2.46e-06,2.47e-06,2.47e-06,2.48e-06,2.44e-06
references,4.537e-05,4.385e-05,4.194e-05,4.099e-05,4.256e-05,4.274e-05,4.099e-05,4.111e-05,4.461e-05
die,4.58e-05,4.532e-05,4.56e-05,4.731e-05,4.748e-05,4.315e-05,4.14e-05,3.883e-05,4.556e-05
presented,0.00012606,0.00012568,0.00012336,0.00012236,0.00012401,0.00011999,0.00011657,0.0001165,0.00012587
jack,4.195e-05,4.364e-05,4.01e-05,4.058e-05,4.072e-05,4.068e-05,4.099e-05,4.131e-05,4.279e-05
flat,9.674e-05,9.295e-05,9.548e-05,9.422e-05,9.434e-05,9.554e-05,9.33e-05,9.502e-05,9.485e-05
flow,0.00022451,0.00023227,0.00023818,0.00023901,0.00024004,0.00024143,0.00024489,0.00024561,0.00022839
agencies,3.146e-05,3.021e-05,2.952e-05,2.977e-05,3.029e-05,3.164e-05,3.089e-05,3.14e-05,3.083e-05
literature,0.00010188,0.00010386,0.00010362,0.00010176,0.00010211,0.00010397,0.00010483,0.0001068,0.00010287
respective,2.547e-05,2.665e-05,2.83e-05,2.896e-05,2.844e-05,2.815e-05,2.883e-05,3.037e-05,2.606e-05
parent,1.99e-05,1.909e-05,1.873e-05,1.978e-05,1.985e-05,2.055e-05,2.204e-05,2.231e-05,1.949e-05
spanish,6.228e-05,7.071e-05,7.145e-05,7.015e-05,6.937e-05,6.945e-05,7.023e-05,7.023e-05,6.649e-05
michigan,7.084e-05,7.113e-05,6.962e-05,6.893e-05,6.651e-05,6.431e-05,6.282e-05,6.135e-05,7.098e-05
columbia,8.347e-05,8.351e-05,8.591e-05,8.341e-05,8.595e-05,8.548e-05,8.486e-05,8.366e-05,8.349e-05
setting,7.362e-05,7.616e-05,7.634e-05,7.79e-05,7.858e-05,8.095e-05,8.053e-05,8.159e-05,7.489e-05
dr,0.0001083,0.00011015,0.00010749,0.00010217,9.495e-05,8.774e-05,8.238e-05,7.519e-05,0.00010922
scale,0.00026368,0.00026353,0.00026892,0.00027715,0.00027953,0.00028026,0.00027846,0.0002768,0.0002636
stand,3.146e-05,3.105e-05,3.237e-05,3.263e-05,3.295e-05,3.226e-05,3.234e-05,3.388e-05,3.125e-05
economy,5.03e-05,4.994e-05,5.11e-05,5.241e-05,5.239e-05,5.096e-05,5.128e-05,4.937e-05,5.012e-05
highest,9.31e-05,9.442e-05,9.649e-05,9.809e-05,9.925e-05,9.883e-05,9.824e-05,0.00010081,9.376e-05
helpful,9.2e-06,9.44e-06,9.16e-06,8.57e-06,8.39e-06,8.63e-06,8.86e-06,8.68e-06,9.32e-06
monthly,4.281e-05,4.007e-05,3.827e-05,3.671e-05,3.663e-05,3.637e-05,3.563e-05,3.512e-05,4.144e-05
critical,0.0001374,0.00014016,0.00013538,0.00013582,0.00013486,0.00013725,0.00013408,0.00013737,0.00013878
frame,0.00011472,0.00011729,0.00011848,0.00012032,0.00012401,0.00012739,0.00012584,0.00012704,0.000116
musical,0.0001145,0.00011267,0.00011298,0.000114,0.00011337,0.00011404,0.00011472,0.00011444,0.00011359
definition,0.0003373,0.00033025,0.00033345,0.00033792,0.00033663,0.00033286,0.00033675,0.00033361,0.00033378
secretary,4.281e-05,4.364e-05,4.397e-05,3.977e-05,4.134e-05,4.068e-05,3.996e-05,4.007e-05,4.323e-05
angeles,3.66e-05,3.756e-05,3.888e-05,3.875e-05,3.786e-05,3.575e-05,3.604e-05,3.512e-05,3.708e-05
networking,3.382e-05,3.357e-05,3.501e-05,3.304e-05,3.295e-05,3.246e-05,3.295e-05,3.367e-05,3.369e-05
path,0.00019112,0.00018925,0.00018383,0.00018742,0.00018479,0.00018266,0.00018475,0.00018653,0.00019018
australian,0.00012114,0.00012967,0.00012947,0.00013031,0.0001322,0.00013191,0.00013181,0.00013324,0.0001254
employee,1.648e-05,1.658e-05,1.629e-05,1.795e-05,1.801e-05,1.767e-05,1.668e-05,1.591e-05,1.653e-05
chief,0.00017593,0.00018653,0.00018953,0.00019374,0.00019093,0.00019211,0.00019134,0.00019087,0.00018123
gives,0.00021788,0.00021569,0.00021497,0.0002123,0.00020914,0.00020855,0.00020596,0.00020492,0.00021678
kb,8.56e-06,7.55e-06,7.74e-06,7.75e-06,8.19e-06,8.42e-06,8.24e-06,7.85e-06,8.05e-06
bottom,5.072e-05,5.245e-05,5.252e-05,5.16e-05,4.952e-05,4.767e-05,4.902e-05,4.813e-05,5.159e-05
magazines,1.092e-05,1.049e-05,9.98e-06,9.99e-06,9.82e-06,9.66e-06,9.68e-06,9.92e-06,1.07e-05
packages,2.397e-05,2.413e-05,2.382e-05,2.406e-05,2.374e-05,2.466e-05,2.43e-05,2.417e-05,2.405e-05
detail,4.174e-05,4.28e-05,4.316e-05,4.119e-05,4.134e-05,4.048e-05,3.975e-05,4.049e-05,4.227e-05
francisco,2.954e-05,3.042e-05,2.993e-05,2.794e-05,2.742e-05,2.651e-05,2.677e-05,2.727e-05,2.998e-05
laws,9.267e-05,9.694e-05,9.527e-05,9.483e-05,9.25e-05,9.472e-05,9.618e-05,9.667e-05,9.48e-05
changed,6.464e-05,6.483e-05,6.535e-05,6.587e-05,6.876e-05,6.678e-05,6.879e-05,6.755e-05,6.474e-05
pet,6.85e-06,6.92e-06,6.51e-06,6.32e-06,6.14e-06,6.16e-06,6.38e-06,7.02e-06,6.88e-06
heard,9.2e-06,8.6e-06,9.16e-06,9.79e-06,9.62e-06,1.027e-05,9.06e-06,9.09e-06,8.9e-06
begin,2.29e-05,2.35e-05,2.361e-05,2.223e-05,2.149e-05,2.137e-05,2.08e-05,2.169e-05,2.32e-05
individuals,8.176e-05,8.498e-05,8.55e-05,8.463e-05,8.574e-05,8.609e-05,8.836e-05,8.965e-05,8.337e-05
colorado,2.483e-05,2.497e-05,2.423e-05,2.386e-05,2.415e-05,2.507e-05,2.472e-05,2.458e-05,2.49e-05
royal,0.00022494,0.00022555,0.00022474,0.0002229,0.00022428,0.00022211,0.00022141,0.00022185,0.00022525
clean,1.113e-05,1.217e-05,1.323e-05,1.326e-05,1.269e-05,1.171e-05,1.153e-05,1.136e-05,1.165e-05
switch,2.654e-05,2.686e-05,2.565e-05,2.468e-05,2.435e-05,2.404e-05,2.389e-05,2.417e-05,2.67e-05
russian,0.00022558,0.00025304,0.00025772,0.00025206,0.00025314,0.00025499,0.00025457,0.0002578,0.00023931
largest,0.000119,0.00011855,0.00012072,0.0001246,0.00012319,0.00012575,0.00012708,0.00014295,0.00011878
african,5.565e-05,5.854e-05,6.087e-05,5.425e-05,5.382e-05,5.404e-05,5.314e-05,5.267e-05,5.709e-05
guy,2.526e-05,2.329e-05,2.341e-05,2.284e-05,2.169e-05,2.096e-05,2.06e-05,2.045e-05,2.428e-05
titles,2.397e-05,2.287e-05,2.239e-05,2.101e-05,2.19e-05,2.26e-05,2.389e-05,2.272e-05,2.342e-05
relevant,7.041e-05,6.966e-05,6.942e-05,6.995e-05,7.06e-05,7.171e-05,7.209e-05,7.106e-05,7.004e-05
guidelines,1.734e-05,1.637e-05,1.568e-05,1.693e-05,1.698e-05,1.746e-05,1.833e-05,1.818e-05,1.686e-05
justice,3.703e-05,3.588e-05,3.563e-05,3.61e-05,3.479e-05,3.431e-05,3.357e-05,3.078e-05,3.646e-05
connect,2.611e-05,2.476e-05,2.687e-05,2.733e-05,2.783e-05,2.856e-05,3.048e-05,3.016e-05,2.543e-05
bible,8.99e-06,8.18e-06,7.74e-06,8.36e-06,8.8e-06,8.63e-06,8.86e-06,8.06e-06,8.58e-06
dev,1.5e-06,1.47e-06,1.22e-06,1.43e-06,1.64e-06,1.64e-06,1.65e-06,2.07e-06,1.48e-06
cup,2.547e-05,2.602e-05,2.463e-05,2.468e-05,2.517e-05,2.527e-05,2.472e-05,2.541e-05,2.574e-05
basket,4.92e-06,3.99e-06,4.28e-06,3.87e-06,3.89e-06,4.93e-06,5.15e-06,4.75e-06,4.46e-06
applied,0.00062025,0.00062966,0.00064614,0.00064688,0.0006487,0.00064805,0.00065042,0.0006509,0.00062495
weekly,1.22e-05,1.28e-05,1.221e-05,1.183e-05,1.085e-05,1.13e-05,1.112e-05,1.115e-05,1.25e-05
vol,0.00024099,0.00023457,0.00022332,0.0002074,0.00020054,0.00019643,0.00018969,0.00018385,0.00023778
installation,1.477e-05,1.406e-05,1.283e-05,1.305e-05,1.33e-05,1.294e-05,1.277e-05,1.343e-05,1.442e-05
described,0.00034972,0.00034809,0.00035299,0.0003575,0.00036303,0.00036306,0.0003664,0.00037327,0.0003489
demand,4.88e-05,4.847e-05,4.845e-05,5.017e-05,5.157e-05,5.178e-05,5.499e-05,5.536e-05,4.863e-05
pp,0.00038032,0.00037347,0.00036053,0.00034139,0.00033867,0.00033101,0.00031986,0.00031192,0.0003769
suite,4.152e-05,4.07e-05,4.112e-05,4.119e-05,4.134e-05,4.13e-05,4.057e-05,4.069e-05,4.111e-05
vegas,3.64e-06,3.78e-06,4.48e-06,4.28e-06,4.09e-06,4.11e-06,4.12e-06,4.54e-06,3.71e-06
na,1.263e-05,1.469e-05,1.506e-05,1.468e-05,1.126e-05,1.007e-05,9.89e-06,9.09e-06,1.366e-05
square,0.00038482,0.00038501,0.00038842,0.00039441,0.00039495,0.00039717,0.00039812,0.00040116,0.00038491
chris,2.397e-05,2.413e-05,2.341e-05,2.162e-05,2.21e-05,2.137e-05,2.121e-05,2.231e-05,2.405e-05
attention,5.929e-05,5.959e-05,5.883e-05,5.751e-05,5.628e-05,5.568e-05,5.643e-05,5.536e-05,5.944e-05
advance,2.804e-05,2.623e-05,2.565e-05,2.468e-05,2.578e-05,2.527e-05,2.451e-05,2.376e-05,2.714e-05
skip,7.06e-06,6.71e-06,6.31e-06,5.91e-06,5.93e-06,5.75e-06,4.12e-06,4.13e-06,6.89e-06
diet,3.42e-06,2.73e-06,4.28e-06,4.08e-06,4.09e-06,4.31e-06,4.53e-06,4.75e-06,3.08e-06
army,8.839e-05,8.938e-05,8.896e-05,8.994e-05,8.943e-05,8.979e-05,9.042e-05,9.089e-05,8.889e-05
auction,1.263e-05,1.427e-05,1.344e-05,1.468e-05,1.453e-05,1.418e-05,1.504e-05,1.508e-05,1.345e-05
gear,1.199e-05,1.133e-05,1.16e-05,1.305e-05,1.105e-05,1.151e-05,1.174e-05,1.136e-05,1.166e-05
lee,5.693e-05,5.686e-05,5.761e-05,5.792e-05,5.464e-05,5.486e-05,5.437e-05,5.391e-05,5.69e-05
os,9.267e-05,9.085e-05,8.876e-05,8.606e-05,8.554e-05,8.486e-05,8.836e-05,8.779e-05,9.176e-05
difference,0.00021638,0.00021968,0.0002168,0.00021943,0.00021896,0.00021944,0.00021873,0.00021855,0.00021803
allowed,9.246e-05,9.232e-05,9.201e-05,9.238e-05,9.045e-05,9.246e-05,9.371e-05,9.461e-05,9.239e-05
correct,0.00010423,0.00010134,0.00010118,9.87e-05,0.00010007,9.883e-05,9.907e-05,9.833e-05,0.00010278
charles,0.00015046,0.00015589,0.0001539,0.00015438,0.00015286,0.00015205,0.0001555,0.00015472,0.00015317
nation,3.81e-05,3.63e-05,3.705e-05,3.752e-05,3.581e-05,3.801e-05,3.728e-05,3.677e-05,3.72e-05
selling,1.905e-05,1.909e-05,1.893e-05,1.917e-05,1.76e-05,1.767e-05,1.833e-05,1.776e-05,1.907e-05
lots,3.42e-06,3.36e-06,3.26e-06,2.04e-06,2.25e-06,2.26e-06,2.27e-06,2.07e-06,3.39e-06
piece,7.684e-05,7.553e-05,7.858e-05,7.77e-05,7.756e-05,7.623e-05,7.435e-05,7.436e-05,7.619e-05
sheet,3.061e-05,3.189e-05,3.135e-05,3.141e-05,3.233e-05,3.164e-05,3.254e-05,3.181e-05,3.125e-05
firm,4.687e-05,4.7e-05,4.723e-05,4.629e-05,4.748e-05,4.541e-05,4.511e-05,4.545e-05,4.693e-05
seven,9.952e-05,9.798e-05,9.71e-05,9.993e-05,0.0001013,0.00010089,0.00010092,0.00010204,9.875e-05
older,6.164e-05,6.106e-05,6.087e-05,6.016e-05,6.057e-05,6.164e-05,5.829e-05,5.784e-05,6.135e-05
illinois,6.785e-05,6.693e-05,6.494e-05,6.383e-05,6.385e-05,6.411e-05,6.199e-05,6.135e-05,6.739e-05
regulations,1.798e-05,1.7e-05,1.69e-05,1.672e-05,1.698e-05,1.685e-05,1.689e-05,1.653e-05,1.749e-05
elements,0.00045951,0.00046621,0.00046048,0.00046232,0.00046412,0.00046662,0.00047412,0.00048254,0.00046286
species,0.00011814,0.00012778,0.00012418,0.00012318,0.00012442,0.0001241,0.00012172,0.00012249,0.00012296
jump,2.483e-05,2.392e-05,2.341e-05,2.264e-05,2.394e-05,2.445e-05,2.492e-05,2.479e-05,2.438e-05
cells,0.00010166,9.735e-05,9.853e-05,0.00010156,9.986e-05,0.00010109,0.0001003,0.00010163,9.951e-05
module,0.00011985,0.00011729,0.00012377,0.00012828,0.00012483,0.00012636,0.00012564,0.00012683,0.00011857
resort,4.71e-06,4.83e-06,4.68e-06,4.49e-06,4.3e-06,4.31e-06,4.33e-06,4.54e-06,4.77e-06
facility,2.376e-05,2.35e-05,2.361e-05,2.447e-05,2.353e-05,2.26e-05,2.204e-05,2.314e-05,2.363e-05
random,0.00043533,0.00043243,0.00043809,0.00043234,0.00043138,0.00043292,0.0004319,0.00043049,0.00043388
pricing,3.168e-05,3e-05,3.013e-05,3.059e-05,3.029e-05,2.979e-05,3.048e-05,3.078e-05,3.084e-05
dvds,3.85e-06,3.78e-06,3.66e-06,3.47e-06,3.48e-06,3.29e-06,3.3e-06,3.31e-06,3.81e-06
certificate,6.164e-05,6.211e-05,6.168e-05,6.159e-05,6.139e-05,6.144e-05,6.117e-05,6.218e-05,6.187e-05
minister,5.03e-05,4.973e-05,4.967e-05,4.915e-05,4.85e-05,5.013e-05,5.005e-05,5.123e-05,5.002e-05
motion,0.00022216,0.00022513,0.00022556,0.0002331,0.00023472,0.00023156,0.00023212,0.00023611,0.00022365
looks,3.018e-05,3e-05,2.85e-05,2.753e-05,2.538e-05,2.589e-05,2.616e-05,2.52e-05,3.009e-05
fashion,3.125e-05,2.937e-05,2.931e-05,2.937e-05,2.967e-05,2.835e-05,2.904e-05,2.975e-05,3.031e-05
directions,6.357e-05,6.274e-05,6.351e-05,6.281e-05,5.975e-05,5.959e-05,5.932e-05,5.949e-05,6.316e-05
visitors,8.13e-06,7.55e-06,8.35e-06,8.16e-06,7.98e-06,6.78e-06,7.41e-06,7.64e-06,7.84e-06
documentation,2.29e-05,2.476e-05,2.423e-05,2.345e-05,2.271e-05,2.137e-05,2.163e-05,2.148e-05,2.383e-05
monitor,2.247e-05,2.392e-05,2.199e-05,2.141e-05,2.108e-05,2.24e-05,2.348e-05,2.355e-05,2.32e-05
trading,4.537e-05,4.448e-05,4.438e-05,4.303e-05,4.256e-05,4.376e-05,4.325e-05,4.069e-05,4.493e-05
forest,2.633e-05,2.812e-05,2.728e-05,2.774e-05,2.742e-05,2.651e-05,2.739e-05,2.706e-05,2.722e-05
calls,5.458e-05,5.665e-05,5.781e-05,5.873e-05,5.832e-05,5.65e-05,5.623e-05,5.66e-05,5.562e-05
whose,0.00042934,0.00043516,0.00044297,0.0004456,0.00045143,0.00045635,0.0004597,0.00046251,0.00043225
coverage,2.654e-05,2.686e-05,2.626e-05,2.774e-05,2.66e-05,2.609e-05,2.595e-05,2.665e-05,2.67e-05
couple,1.327e-05,1.385e-05,1.425e-05,1.366e-05,1.289e-05,1.294e-05,1.298e-05,1.26e-05,1.356e-05
giving,7.298e-05,7.281e-05,7.023e-05,7.056e-05,7.019e-05,7.006e-05,7.023e-05,6.899e-05,7.289e-05
chance,3.317e-05,3.441e-05,3.725e-05,3.691e-05,3.745e-05,3.657e-05,3.645e-05,3.636e-05,3.379e-05
vision,7.876e-05,8.057e-05,8.204e-05,8.565e-05,8.513e-05,8.671e-05,8.815e-05,9.006e-05,7.967e-05
ball,7.555e-05,7.616e-05,7.899e-05,7.668e-05,7.51e-05,7.561e-05,7.703e-05,7.684e-05,7.585e-05
ending,1.969e-05,1.7e-05,1.71e-05,1.713e-05,1.678e-05,1.808e-05,1.771e-05,1.735e-05,1.835e-05
clients,2.204e-05,2.119e-05,2.015e-05,2.039e-05,2.026e-05,2.034e-05,2.08e-05,2.045e-05,2.161e-05
actions,5.586e-05,5.203e-05,5.211e-05,5.465e-05,5.464e-05,5.383e-05,5.623e-05,5.66e-05,5.394e-05
listen,2.78e-06,2.94e-06,2.65e-06,2.24e-06,2.25e-06,2.26e-06,2.27e-06,2.89e-06,2.86e-06
discuss,1.284e-05,1.322e-05,1.364e-05,1.387e-05,1.371e-05,1.397e-05,1.421e-05,1.467e-05,1.303e-05
accept,1.584e-05,1.49e-05,1.506e-05,1.489e-05,1.555e-05,1.603e-05,1.586e-05,1.632e-05,1.537e-05
automotive,1.113e-05,1.112e-05,1.079e-05,1.122e-05,1.207e-05,1.253e-05,1.195e-05,1.198e-05,1.112e-05
naked,6.85e-06,6.5e-06,6.92e-06,6.73e-06,6.96e-06,7.19e-06,7.83e-06,8.06e-06,6.67e-06
goal,0.00010295,0.00010554,0.00010708,0.00010768,0.00011132,0.00011095,0.00011019,0.0001101,0.00010424
successful,5.693e-05,5.581e-05,5.619e-05,5.527e-05,5.628e-05,5.527e-05,5.54e-05,5.515e-05,5.637e-05
sold,6.357e-05,6.378e-05,6.413e-05,6.383e-05,6.446e-05,6.431e-05,6.138e-05,6.135e-05,6.368e-05
wind,3.21e-05,3.126e-05,3.196e-05,3.243e-05,3.254e-05,3.246e-05,3.419e-05,3.408e-05,3.168e-05
communities,3.232e-05,3.483e-05,3.481e-05,3.426e-05,3.356e-05,3.493e-05,3.584e-05,3.574e-05,3.358e-05
clinical,3.317e-05,3.462e-05,3.685e-05,3.814e-05,3.99e-05,3.863e-05,3.831e-05,3.78e-05,3.389e-05
situation,6.506e-05,6.211e-05,6.026e-05,5.996e-05,5.648e-05,5.712e-05,5.643e-05,5.619e-05,6.359e-05
sciences,0.00055326,0.00057154,0.00058222,0.00057224,0.00057564,0.00057408,0.00057607,0.0005693,0.0005624
markets,4.238e-05,4.007e-05,3.909e-05,3.834e-05,3.786e-05,3.678e-05,3.666e-05,3.698e-05,4.122e-05
lowest,4.259e-05,4.238e-05,4.133e-05,4.119e-05,4.154e-05,4.212e-05,4.263e-05,4.379e-05,4.248e-05
highly,0.00012135,0.00011855,0.0001197,0.00011767,0.00011971,0.00012102,0.00011946,0.00011568,0.00011995
publishing,8.518e-05,8.561e-05,8.184e-05,8.3e-05,8.288e-05,8.198e-05,8.074e-05,8.056e-05,8.539e-05
appear,0.00013805,0.00014037,0.00013985,0.00014275,0.00014406,0.00014527,0.00014211,0.00014191,0.00013921
emergency,1.498e-05,1.616e-05,1.751e-05,1.876e-05,1.76e-05,1.767e-05,1.709e-05,1.694e-05,1.557e-05
developing,8.818e-05,9.022e-05,9.059e-05,9.177e-05,9.188e-05,9.143e-05,9.186e-05,9.296e-05,8.92e-05
lives,3.917e-05,3.882e-05,3.827e-05,3.63e-05,3.643e-05,3.514e-05,3.295e-05,3.14e-05,3.9e-05
currency,5.03e-05,5.182e-05,4.784e-05,4.568e-05,4.604e-05,4.479e-05,4.572e-05,4.483e-05,5.106e-05
leather,4.71e-06,5.04e-06,4.48e-06,4.69e-06,4.71e-06,4.31e-06,4.33e-06,4.13e-06,4.87e-06
determine,0.00014704,0.00014687,0.00014718,0.00014459,0.00014672,0.00014568,0.0001452,0.00014522,0.00014695
milf,0.0,0.0,0.0,0.0,0.0,0.0,0.0,0.0,0.0
temperature,0.00016994,0.00016785,0.00017243,0.00017233,0.00017947,0.00018143,0.00017795,0.00017951,0.00016889
palm,1.712e-05,1.679e-05,1.649e-05,1.591e-05,1.555e-05,1.603e-05,1.442e-05,1.446e-05,1.695e-05
announcements,4.71e-06,5.25e-06,5.09e-06,4.89e-06,4.91e-06,4.52e-06,4.53e-06,4.54e-06,4.98e-06
patient,1.691e-05,1.679e-05,1.751e-05,1.897e-05,1.965e-05,1.952e-05,1.957e-05,1.859e-05,1.685e-05
actual,9.695e-05,9.694e-05,9.67e-05,9.463e-05,9.7e-05,9.883e-05,9.515e-05,9.461e-05,9.695e-05
historical,0.00011022,0.0001091,0.00010973,0.00011074,0.00011357,0.00011404,0.00011287,0.00011258,0.00010966
stone,5.736e-05,5.56e-05,5.496e-05,5.547e-05,5.546e-05,5.404e-05,5.355e-05,5.371e-05,5.648e-05
bob,2.868e-05,2.833e-05,2.891e-05,2.937e-05,2.988e-05,3.205e-05,3.295e-05,3.14e-05,2.85e-05
commerce,2.311e-05,2.245e-05,2.199e-05,2.06e-05,1.985e-05,1.952e-05,1.874e-05,1.9e-05,2.278e-05
ringtones,4.3e-07,2.1e-07,2e-07,2e-07,2e-07,2.1e-07,2.1e-07,2.1e-07,3.2e-07
perhaps,5.308e-05,5.224e-05,4.804e-05,4.752e-05,4.707e-05,4.52e-05,4.469e-05,4.276e-05,5.266e-05
persons,1.883e-05,1.783e-05,1.771e-05,1.835e-05,1.821e-05,1.849e-05,1.833e-05,1.797e-05,1.833e-05
difficult,0.00010873,0.00010722,0.00010504,0.00010299,0.00010252,0.00010253,0.00010092,0.00010184,0.00010797
scientific,0.00039317,0.0004125,0.0004159,0.00041134,0.00041132,0.00041443,0.00041522,0.00041665,0.00040283
satellite,6.913e-05,7.071e-05,7.41e-05,7.097e-05,7.162e-05,7.027e-05,6.92e-05,7.168e-05,6.992e-05
fit,4.602e-05,4.679e-05,4.621e-05,4.65e-05,4.645e-05,4.603e-05,4.634e-05,4.689e-05,4.641e-05
tests,7.555e-05,7.805e-05,7.756e-05,7.566e-05,7.94e-05,7.952e-05,7.847e-05,7.746e-05,7.68e-05
village,2.076e-05,2.014e-05,1.975e-05,1.876e-05,1.924e-05,1.829e-05,1.73e-05,1.756e-05,2.045e-05
accounts,4.109e-05,4.343e-05,4.438e-05,4.262e-05,4.338e-05,4.233e-05,4.263e-05,4.297e-05,4.226e-05
amateur,1.948e-05,2.14e-05,2.158e-05,2.162e-05,2.21e-05,2.281e-05,2.327e-05,2.314e-05,2.044e-05
ex,2.076e-05,1.741e-05,1.69e-05,1.795e-05,1.617e-05,1.603e-05,1.648e-05,1.57e-05,1.909e-05
met,4.602e-05,4.364e-05,4.173e-05,4.221e-05,4.113e-05,4.171e-05,4.284e-05,4.193e-05,4.483e-05
pain,4.28e-06,4.2e-06,4.07e-06,3.67e-06,3.68e-06,3.29e-06,3.3e-06,3.31e-06,4.24e-06
xbox,6.42e-06,6.08e-06,8.75e-06,8.77e-06,9e-06,9.04e-06,9.27e-06,9.71e-06,6.25e-06
particularly,0.00024142,0.00024423,0.00024815,0.00025002,0.00025089,0.00025458,0.00025724,0.0002611,0.00024283
factors,0.00013441,0.00013428,0.00013354,0.0001348,0.00013199,0.00013417,0.00013655,0.00013386,0.00013435
coffee,1.027e-05,9.65e-06,1.018e-05,9.99e-06,9.82e-06,1.007e-05,9.68e-06,9.5e-06,9.96e-06
www,0.00036663,0.00033508,0.00029701,0.00027307,0.00019768,0.00012266,0.00011266,0.00010246,0.00035086
settings,2.847e-05,2.874e-05,2.85e-05,2.937e-05,3.029e-05,3.164e-05,3.11e-05,2.933e-05,2.861e-05
cum,7.06e-06,6.29e-06,6.92e-06,7.14e-06,6.75e-06,6.99e-06,7e-06,7.02e-06,6.67e-06
buyer,6.21e-06,5.67e-06,5.7e-06,5.71e-06,5.73e-06,6.16e-06,5.97e-06,6.82e-06,5.94e-06
cultural,4.901e-05,4.994e-05,5.191e-05,4.935e-05,4.911e-05,4.787e-05,5.108e-05,5.164e-05,4.947e-05
steve,2.269e-05,2.245e-05,2.199e-05,2.203e-05,2.19e-05,2.199e-05,2.163e-05,2.148e-05,2.257e-05
easily,8.989e-05,8.98e-05,8.815e-05,8.79e-05,8.861e-05,8.609e-05,8.65e-05,8.325e-05,8.984e-05
oral,9.42e-06,9.44e-06,9.77e-06,1.02e-05,1.003e-05,9.45e-06,8.86e-06,8.88e-06,9.43e-06
ford,3.232e-05,3.126e-05,3.196e-05,3.161e-05,3.192e-05,2.959e-05,2.986e-05,2.933e-05,3.179e-05
poster,4.92e-06,4.41e-06,4.07e-06,4.28e-06,4.3e-06,4.31e-06,5.15e-06,5.16e-06,4.67e-06
edge,0.00015688,0.00015904,0.00016734,0.00016743,0.00016719,0.00016828,0.00016971,0.00016959,0.00015796
functional,0.00025148,0.00025052,0.00025548,0.00025145,0.00025027,0.00025499,0.00025333,0.00025325,0.000251
root,0.00016309,0.00016513,0.00016673,0.00016641,0.0001678,0.00016664,0.00016683,0.00016773,0.00016411
au,2.354e-05,2.371e-05,2.3e-05,2.223e-05,2.046e-05,1.582e-05,1.565e-05,1.487e-05,2.363e-05
fi,2.055e-05,1.951e-05,1.893e-05,1.937e-05,1.862e-05,1.767e-05,1.771e-05,1.715e-05,2.003e-05
closed,0.00026047,0.00025975,0.0002622,0.00026124,0.00026337,0.00026362,0.00026651,0.00026689,0.00026011
holidays,2.14e-06,2.1e-06,2.24e-06,2.24e-06,2.25e-06,2.26e-06,2.47e-06,2.48e-06,2.12e-06
ice,2.718e-05,2.644e-05,2.626e-05,2.549e-05,2.558e-05,2.527e-05,2.616e-05,2.789e-05,2.681e-05
pink,1.734e-05,1.783e-05,1.791e-05,1.733e-05,1.842e-05,1.829e-05,1.812e-05,1.776e-05,1.759e-05
zealand,5.8e-05,6.148e-05,6.229e-05,6.281e-05,6.303e-05,6.37e-05,6.364e-05,6.486e-05,5.974e-05
balance,3.617e-05,3.609e-05,3.644e-05,3.548e-05,3.643e-05,3.801e-05,3.666e-05,3.76e-05,3.613e-05
monitoring,3.51e-05,3.588e-05,3.542e-05,3.467e-05,3.499e-05,3.472e-05,3.543e-05,3.656e-05,3.549e-05
graduate,0.00010337,0.00010344,0.0001028,9.952e-05,9.925e-05,9.595e-05,9.371e-05,9.027e-05,0.0001034
replies,1.5e-06,1.68e-06,1.63e-06,1.84e-06,1.43e-06,1.23e-06,1.24e-06,1.24e-06,1.59e-06
shot,2.44e-05,2.665e-05,2.728e-05,2.733e-05,2.701e-05,2.692e-05,2.636e-05,2.685e-05,2.553e-05
nc,5.56e-06,5.04e-06,5.7e-06,5.91e-06,5.93e-06,5.34e-06,5.15e-06,5.37e-06,5.3e-06
architecture,0.00012628,0.00012652,0.0001311,0.0001293,0.00013035,0.00013129,0.00013243,0.000132,0.0001264
initial,0.00017208,0.00017268,0.00017344,0.00017212,0.00017271,0.00017362,0.00017486,0.00017724,0.00017238
label,3.253e-05,3.126e-05,3.176e-05,3.161e-05,3.172e-05,3.185e-05,3.151e-05,3.14e-05,3.19e-05
thinking,4.409e-05,4.322e-05,4.275e-05,4.099e-05,4.031e-05,4.027e-05,4.057e-05,4.007e-05,4.366e-05
scott,6.121e-05,6.274e-05,6.209e-05,6.179e-05,6.098e-05,6.082e-05,6.055e-05,5.99e-05,6.198e-05
llc,6.21e-06,6.71e-06,7.53e-06,7.34e-06,7.57e-06,8.01e-06,7.21e-06,7.23e-06,6.46e-06
sec,6.63e-06,4.62e-06,4.28e-06,4.28e-06,3.89e-06,3.29e-06,3.5e-06,2.89e-06,5.62e-06
recommend,3e-06,3.36e-06,3.87e-06,4.08e-06,4.3e-06,4.52e-06,4.53e-06,4.96e-06,3.18e-06
canon,1.477e-05,1.448e-05,1.303e-05,1.326e-05,1.31e-05,1.315e-05,1.298e-05,1.26e-05,1.462e-05
hardcore,8.6e-07,1.05e-06,6.1e-07,6.1e-07,6.1e-07,6.2e-07,6.2e-07,6.2e-07,9.5e-07
league,3.81e-05,3.819e-05,3.563e-05,3.712e-05,3.602e-05,3.698e-05,3.707e-05,3.656e-05,3.814e-05
waste,1.22e-05,1.154e-05,1.201e-05,1.224e-05,1.228e-05,1.315e-05,1.236e-05,1.343e-05,1.187e-05
minute,2.183e-05,2.161e-05,2.015e-05,2.08e-05,1.944e-05,1.952e-05,2.08e-05,2.004e-05,2.172e-05
bus,1.134e-05,1.049e-05,1.079e-05,1.06e-05,1.126e-05,1.233e-05,1.256e-05,1.198e-05,1.091e-05
provider,2.055e-05,1.951e-05,1.975e-05,2.039e-05,1.985e-05,1.952e-05,1.895e-05,1.962e-05,2.003e-05
optional,1.113e-05,9.86e-06,9.98e-06,1.04e-05,1.085e-05,1.151e-05,1.174e-05,1.115e-05,1.05e-05
dictionary,0.00013462,0.00013197,0.00012703,0.00012603,0.00012319,0.00011547,0.00011493,0.00011403,0.0001333
cold,1.627e-05,1.637e-05,1.649e-05,1.652e-05,1.678e-05,1.746e-05,1.73e-05,1.611e-05,1.632e-05
accounting,2.697e-05,2.539e-05,2.585e-05,2.631e-05,2.722e-05,2.753e-05,2.822e-05,2.83e-05,2.618e-05
manufacturing,6.143e-05,6.378e-05,6.494e-05,6.587e-05,6.733e-05,6.904e-05,7.003e-05,7.003e-05,6.261e-05
sections,6.763e-05,6.861e-05,6.738e-05,6.873e-05,6.978e-05,6.863e-05,6.879e-05,6.899e-05,6.812e-05
chair,0.00017422,0.00017709,0.00018077,0.00018089,0.00018069,0.0001802,0.00017795,0.00017703,0.00017565
fishing,6.85e-06,6.5e-06,6.72e-06,6.32e-06,5.93e-06,5.55e-06,5.97e-06,5.58e-06,6.67e-06
effort,5.265e-05,5.245e-05,5.191e-05,5.323e-05,5.218e-05,5.219e-05,5.087e-05,5.102e-05,5.255e-05
phase,0.00016822,0.00016576,0.0001655,0.00016825,0.00016924,0.00016972,0.00017177,0.00017331,0.00016699
fields,0.00047064,0.00047922,0.00048104,0.00049006,0.00049502,0.00050032,0.00049987,0.00050258,0.00047493
bag,8.56e-06,8.6e-06,8.35e-06,8.36e-06,8.39e-06,8.01e-06,7.62e-06,8.26e-06,8.58e-06
fantasy,1.562e-05,1.427e-05,1.445e-05,1.468e-05,1.555e-05,1.479e-05,1.504e-05,1.529e-05,1.495e-05
po,4.92e-06,5.04e-06,5.7e-06,5.71e-06,5.73e-06,5.34e-06,5.35e-06,4.75e-06,4.98e-06
letters,0.00013783,0.00013806,0.00014067,0.0001401,0.00014018,0.00014013,0.00013902,0.00013964,0.00013794
motor,2.247e-05,2.245e-05,2.117e-05,2.162e-05,2.149e-05,2.014e-05,1.998e-05,1.983e-05,2.246e-05
va,3.85e-06,3.78e-06,3.46e-06,3.26e-06,3.48e-06,3.49e-06,3.3e-06,3.72e-06,3.81e-06
professor,0.00137126,0.00147018,0.0015329,0.00151728,0.00152168,0.00150855,0.00149898,0.00148998,0.00142072
context,0.00025619,0.00025765,0.00025671,0.00025879,0.0002605,0.00026444,0.00027043,0.00026998,0.00025692
install,4.49e-06,5.04e-06,5.09e-06,4.69e-06,5.12e-06,4.73e-06,5.35e-06,5.99e-06,4.77e-06
shirt,4.49e-06,3.99e-06,3.05e-06,3.06e-06,2.86e-06,2.88e-06,2.88e-06,2.89e-06,4.24e-06
apparel,2.14e-06,2.1e-06,1.83e-06,1.63e-06,1.84e-06,2.05e-06,2.06e-06,2.27e-06,2.12e-06
generally,0.00034201,0.00033864,0.00033569,0.00034057,0.00034645,0.00034848,0.00034869,0.00034993,0.00034033
continued,0.00010958,0.00010785,0.00010871,0.00010727,0.00010662,0.00010499,0.00010648,0.00010659,0.00010872
foot,1.22e-05,1.217e-05,1.283e-05,1.244e-05,1.269e-05,1.315e-05,1.298e-05,1.322e-05,1.218e-05
mass,0.00026475,0.00025954,0.00025996,0.00026083,0.00026255,0.00026362,0.00026486,0.00026152,0.00026214
crime,2.033e-05,2.056e-05,2.158e-05,2.304e-05,2.353e-05,2.301e-05,2.266e-05,2.045e-05,2.044e-05
count,5.329e-05,5.224e-05,5.211e-05,5.139e-05,5.095e-05,5.096e-05,4.943e-05,4.937e-05,5.277e-05
breast,4.28e-06,4.62e-06,4.48e-06,4.28e-06,4.71e-06,4.93e-06,5.35e-06,5.37e-06,4.45e-06
techniques,0.00023479,0.00023206,0.00023329,0.00023636,0.00023717,0.00023773,0.00023809,0.00024024,0.00023342
ibm,0.00010958,0.00011309,0.00011054,0.00011114,0.0001103,0.00010869,0.00010689,0.00010597,0.00011134
rd,5.56e-06,5.67e-06,6.51e-06,6.32e-06,5.32e-06,5.14e-06,4.53e-06,4.13e-06,5.61e-06
johnson,7.876e-05,7.889e-05,7.899e-05,8.259e-05,8.145e-05,8.137e-05,8.238e-05,7.788e-05,7.883e-05
sc,4.987e-05,5.644e-05,5.395e-05,5.404e-05,5.423e-05,5.198e-05,5.005e-05,4.772e-05,5.316e-05
quickly,5.565e-05,5.392e-05,5.334e-05,5.425e-05,5.464e-05,5.568e-05,5.623e-05,5.474e-05,5.478e-05
dollars,1.284e-05,1.175e-05,1.099e-05,8.97e-06,8.8e-06,8.01e-06,8.44e-06,8.68e-06,1.23e-05
websites,1.969e-05,1.783e-05,1.791e-05,1.897e-05,1.985e-05,2.075e-05,2.06e-05,2.045e-05,1.876e-05
religion,2.633e-05,2.434e-05,2.524e-05,2.529e-05,2.497e-05,2.527e-05,2.492e-05,2.396e-05,2.534e-05
claim,4.409e-05,4.385e-05,4.092e-05,4.058e-05,3.868e-05,4.068e-05,4.099e-05,4.049e-05,4.397e-05
driving,1.734e-05,1.804e-05,1.873e-05,1.876e-05,1.944e-05,1.87e-05,1.895e-05,1.9e-05,1.769e-05
permission,6.21e-06,6.29e-06,6.11e-06,5.71e-06,5.32e-06,5.55e-06,5.77e-06,5.99e-06,6.25e-06
surgery,1.562e-05,1.532e-05,1.669e-05,1.672e-05,1.678e-05,1.664e-05,1.586e-05,1.632e-05,1.547e-05
patch,1.584e-05,1.658e-05,1.568e-05,1.53e-05,1.555e-05,1.562e-05,1.565e-05,1.529e-05,1.621e-05
heat,0.00013377,0.00013491,0.00013904,0.00014296,0.00014672,0.00014588,0.00013985,0.00013985,0.00013434
wild,1.669e-05,1.448e-05,1.608e-05,1.57e-05,1.514e-05,1.623e-05,1.524e-05,1.529e-05,1.559e-05
measures,0.00016608,0.00016806,0.00016876,0.00016906,0.0001676,0.00016848,0.00016971,0.00017104,0.00016707
generation,0.00010059,0.00010176,0.00010321,0.00010156,9.986e-05,9.657e-05,9.639e-05,9.874e-05,0.00010118
kansas,1.691e-05,1.616e-05,1.588e-05,1.591e-05,1.555e-05,1.562e-05,1.462e-05,1.508e-05,1.654e-05
miss,5.99e-06,6.29e-06,6.72e-06,6.73e-06,6.75e-06,6.58e-06,6.8e-06,6.61e-06,6.14e-06
chemical,0.00017165,0.00016513,0.00016632,0.00016865,0.0001678,0.00016725,0.00016683,0.00016939,0.00016839
doctor,4.43e-05,5.099e-05,5.211e-05,5.078e-05,5.075e-05,5.034e-05,5.005e-05,4.813e-05,4.764e-05
task,7.577e-05,7.553e-05,7.573e-05,7.688e-05,7.592e-05,7.52e-05,7.435e-05,7.436e-05,7.565e-05
reduce,7.619e-05,7.49e-05,7.553e-05,7.505e-05,7.551e-05,7.705e-05,7.847e-05,7.891e-05,7.554e-05
brought,4.409e-05,4.322e-05,4.438e-05,4.283e-05,4.277e-05,4.15e-05,4.099e-05,4.028e-05,4.366e-05
himself,6.421e-05,6.336e-05,5.904e-05,5.771e-05,5.587e-05,5.281e-05,5.376e-05,5.226e-05,6.379e-05
nor,6.528e-05,6.315e-05,6.29e-05,6.424e-05,6.405e-05,6.411e-05,6.158e-05,6.135e-05,6.422e-05
component,0.0001526,0.00015547,0.00015919,0.00016009,0.00015818,0.00015862,0.00015612,0.00015575,0.00015404
enable,3.275e-05,3.252e-05,3.135e-05,3.263e-05,3.336e-05,3.349e-05,3.378e-05,3.408e-05,3.264e-05
exercise,1.477e-05,1.427e-05,1.405e-05,1.407e-05,1.555e-05,1.5e-05,1.524e-05,1.508e-05,1.452e-05
bug,1.434e-05,1.343e-05,1.405e-05,1.407e-05,1.432e-05,1.479e-05,1.524e-05,1.508e-05,1.389e-05
santa,3.317e-05,3.294e-05,3.4e-05,3.447e-05,3.479e-05,3.534e-05,3.357e-05,3.491e-05,3.306e-05
mid,6.656e-05,6.756e-05,6.698e-05,6.771e-05,6.651e-05,6.637e-05,6.9e-05,6.92e-05,6.706e-05
guarantee,2.418e-05,2.266e-05,2.3e-05,2.366e-05,2.271e-05,2.24e-05,2.121e-05,2.148e-05,2.342e-05
leader,5.393e-05,5.413e-05,5.354e-05,5.282e-05,5.239e-05,5.281e-05,5.293e-05,5.226e-05,5.403e-05
diamond,2.568e-05,2.602e-05,2.504e-05,2.549e-05,2.517e-05,2.568e-05,2.533e-05,2.603e-05,2.585e-05
israel,5.993e-05,6.085e-05,6.046e-05,6.159e-05,6.016e-05,5.959e-05,6.138e-05,6.135e-05,6.039e-05
se,1.413e-05,1.322e-05,1.364e-05,1.407e-05,1.289e-05,1.356e-05,1.38e-05,1.467e-05,1.368e-05
processes,0.00024056,0.00023961,0.00024184,0.00024574,0.00024495,0.0002443,0.00024262,0.00024561,0.00024008
soft,3.061e-05,3.042e-05,2.891e-05,2.896e-05,2.967e-05,2.815e-05,2.883e-05,2.913e-05,3.052e-05
servers,3.253e-05,3.357e-05,3.196e-05,3.181e-05,3.131e-05,3.123e-05,3.089e-05,3.099e-05,3.305e-05
alone,3.938e-05,4.049e-05,4.194e-05,4.16e-05,4.195e-05,4.212e-05,4.099e-05,4.028e-05,3.994e-05
meetings,2.204e-05,2.161e-05,2.239e-05,2.121e-05,2.21e-05,2.199e-05,2.163e-05,2.128e-05,2.183e-05
seconds,3.039e-05,3e-05,2.972e-05,3.039e-05,2.988e-05,2.733e-05,2.883e-05,2.913e-05,3.019e-05
jones,5.158e-05,5.476e-05,5.293e-05,5.18e-05,5.095e-05,5.178e-05,5.273e-05,5.35e-05,5.317e-05
arizona,1.905e-05,1.846e-05,1.934e-05,1.897e-05,1.965e-05,1.911e-05,1.915e-05,1.921e-05,1.875e-05
keyword,5.56e-06,5.04e-06,5.5e-06,5.91e-06,5.73e-06,5.75e-06,5.77e-06,4.96e-06,5.3e-06
interests,0.00010102,0.00010659,0.00010484,0.0001038,0.00010641,0.00010705,0.00010628,0.00010452,0.0001038
flight,4.259e-05,4.07e-05,4.051e-05,4.018e-05,4.154e-05,4.192e-05,4.202e-05,4.235e-05,4.164e-05
congress,0.00011386,0.00012295,0.00013253,0.00012909,0.00012974,0.00012842,0.00012543,0.00012208,0.00011841
fuel,3.275e-05,3.357e-05,3.155e-05,3.243e-05,3.377e-05,3.123e-05,3.131e-05,3.222e-05,3.316e-05
username,2.14e-06,1.68e-06,1.43e-06,1.63e-06,1.64e-06,1.64e-06,1.85e-06,1.86e-06,1.91e-06
walk,3.232e-05,3.189e-05,3.013e-05,2.916e-05,2.885e-05,2.938e-05,2.966e-05,3.037e-05,3.211e-05
fuck,4.3e-07,4.2e-07,4.1e-07,4.1e-07,4.1e-07,4.1e-07,4.1e-07,4.1e-07,4.3e-07
produced,0.00020268,0.00020016,0.00020296,0.00020169,0.00020034,0.00020198,0.00020164,0.00020182,0.00020142
italian,0.00015667,0.00016051,0.00016428,0.00016804,0.0001719,0.00017321,0.00017259,0.00017145,0.00015859
paperback,6.85e-06,7.34e-06,7.33e-06,6.93e-06,7.16e-06,6.99e-06,6.38e-06,5.99e-06,7.09e-06
classifieds,0.0,0.0,0.0,0.0,0.0,0.0,0.0,0.0,0.0
wait,8.13e-06,7.76e-06,8.55e-06,8.57e-06,8.59e-06,8.63e-06,7.62e-06,7.23e-06,7.94e-06
supported,8.047e-05,8.057e-05,7.96e-05,8.015e-05,7.797e-05,7.849e-05,7.971e-05,8.097e-05,8.052e-05
pocket,8.35e-06,8.39e-06,8.55e-06,1.101e-05,8.8e-06,9.04e-06,8.86e-06,8.68e-06,8.37e-06
saint,6.314e-05,6.294e-05,5.924e-05,5.812e-05,5.791e-05,5.527e-05,5.685e-05,5.639e-05,6.304e-05
rose,3.574e-05,3.462e-05,3.359e-05,3.263e-05,3.377e-05,3.288e-05,3.378e-05,3.45e-05,3.518e-05
freedom,6.378e-05,6.294e-05,6.555e-05,6.771e-05,6.753e-05,6.904e-05,7.064e-05,6.755e-05,6.336e-05
argument,0.00011065,0.00010281,0.00010077,0.00010176,0.00010559,0.00010643,0.00010669,0.00010762,0.00010673
competition,8.561e-05,8.98e-05,8.53e-05,8.749e-05,8.656e-05,8.753e-05,8.547e-05,8.779e-05,8.771e-05
creating,7.94e-05,7.994e-05,7.939e-05,8.015e-05,7.858e-05,7.869e-05,7.847e-05,8.159e-05,7.967e-05
jim,2.333e-05,2.308e-05,2.28e-05,2.345e-05,2.108e-05,2.116e-05,2.018e-05,2.004e-05,2.32e-05
drugs,1.07e-05,1.112e-05,1.059e-05,1.142e-05,1.126e-05,1.027e-05,1.03e-05,1.053e-05,1.091e-05
joint,0.00010466,0.00010113,0.00010118,9.993e-05,9.945e-05,9.801e-05,9.68e-05,9.709e-05,0.0001029
premium,1.434e-05,1.364e-05,1.364e-05,1.326e-05,1.289e-05,1.377e-05,1.256e-05,1.301e-05,1.399e-05
providers,1.263e-05,1.28e-05,1.16e-05,1.142e-05,1.146e-05,1.151e-05,1.195e-05,1.239e-05,1.271e-05
fresh,6.42e-06,6.29e-06,6.31e-06,5.3e-06,5.93e-06,6.58e-06,7e-06,6.82e-06,6.36e-06
characters,0.00013141,0.00012904,0.00012581,0.00012705,0.00012606,0.00012842,0.00012708,0.00012745,0.00013022
attorney,3.21e-06,2.94e-06,3.05e-06,3.06e-06,3.07e-06,2.88e-06,3.09e-06,3.1e-06,3.08e-06
upgrade,4.49e-06,4.2e-06,4.07e-06,4.08e-06,3.48e-06,3.7e-06,3.5e-06,3.51e-06,4.34e-06
di,4.709e-05,4.616e-05,4.764e-05,4.711e-05,4.645e-05,4.438e-05,4.408e-05,4.421e-05,4.662e-05
factor,0.00020375,0.00020436,0.00021192,0.00020944,0.00020627,0.00020609,0.00020369,0.00020492,0.00020405
growing,3.446e-05,3.378e-05,3.298e-05,3.324e-05,3.356e-05,3.329e-05,3.234e-05,3.222e-05,3.412e-05
thousands,2.996e-05,3.084e-05,3.074e-05,2.937e-05,3.131e-05,3.246e-05,3.151e-05,3.243e-05,3.04e-05
km,2.526e-05,2.224e-05,2.219e-05,2.162e-05,2.19e-05,2.014e-05,1.998e-05,1.797e-05,2.375e-05
stream,7.32e-05,7.344e-05,7.43e-05,7.586e-05,7.531e-05,7.602e-05,7.641e-05,7.767e-05,7.332e-05
apartments,1.07e-06,1.26e-06,8.1e-07,8.2e-07,8.2e-07,8.2e-07,8.2e-07,8.3e-07,1.16e-06
pick,1.498e-05,1.616e-05,1.608e-05,1.631e-05,1.596e-05,1.459e-05,1.524e-05,1.384e-05,1.557e-05
hearing,1.134e-05,1.133e-05,1.588e-05,1.631e-05,1.637e-05,1.644e-05,1.318e-05,1.322e-05,1.133e-05
eastern,3.81e-05,3.861e-05,3.929e-05,4.14e-05,4.175e-05,4.335e-05,4.243e-05,4.193e-05,3.835e-05
auctions,3.85e-06,3.15e-06,3.46e-06,3.47e-06,3.07e-06,2.67e-06,2.88e-06,2.89e-06,3.5e-06
therapy,9.42e-06,9.65e-06,9.77e-06,1.02e-05,1.003e-05,1.007e-05,1.112e-05,1.095e-05,9.53e-06
entries,6.613e-05,6.777e-05,6.433e-05,6.485e-05,6.753e-05,7.233e-05,7.394e-05,7.251e-05,6.695e-05
dates,4.516e-05,4.448e-05,4.255e-05,4.201e-05,4.154e-05,4.274e-05,4.408e-05,4.379e-05,4.482e-05
generated,0.00017122,0.00017016,0.00017344,0.00017559,0.00017763,0.00017691,0.00017816,0.00018075,0.00017069
signed,5.158e-05,5.371e-05,5.334e-05,5.486e-05,5.443e-05,5.383e-05,5.314e-05,5.226e-05,5.264e-05
upper,0.00013484,0.00013407,0.00013497,0.00013419,0.00013465,0.00013314,0.00013429,0.00013427,0.00013446
administrative,2.269e-05,2.308e-05,2.484e-05,2.549e-05,2.701e-05,2.63e-05,2.78e-05,2.83e-05,2.289e-05
serious,1.841e-05,1.846e-05,1.751e-05,1.672e-05,1.658e-05,1.726e-05,1.771e-05,1.797e-05,1.844e-05
prime,0.0003555,0.00035144,0.00033854,0.00033976,0.00033867,0.00033697,0.0003456,0.00034456,0.00035347
samsung,2.57e-06,2.73e-06,3.05e-06,3.26e-06,3.07e-06,3.08e-06,3.09e-06,3.1e-06,2.65e-06
limit,0.00019348,0.00019828,0.00020235,0.00020251,0.00020402,0.0002028,0.0002039,0.00020533,0.00019588
began,0.00013205,0.00013197,0.00013436,0.00013215,0.00013445,0.00013479,0.0001347,0.00013613,0.00013201
louis,8.732e-05,9.106e-05,9.1e-05,9.034e-05,9.045e-05,8.835e-05,9.103e-05,9.192e-05,8.919e-05
steps,6.892e-05,6.546e-05,6.494e-05,6.648e-05,6.507e-05,6.472e-05,6.591e-05,6.569e-05,6.719e-05
errors,0.00010316,0.00010323,0.00010179,0.00010136,0.00010396,0.00010623,0.00010689,0.00010927,0.00010319
shops,4.28e-06,4.2e-06,5.09e-06,5.1e-06,5.12e-06,4.93e-06,5.15e-06,4.75e-06,4.24e-06
bondage,2.1e-07,2.1e-07,2e-07,2e-07,2e-07,2.1e-07,2.1e-07,2.1e-07,2.1e-07
del,3.253e-05,3.21e-05,3.216e-05,3.243e-05,3.131e-05,3.103e-05,3.069e-05,3.14e-05,3.232e-05
efforts,3.831e-05,3.987e-05,4.071e-05,3.936e-05,3.929e-05,3.986e-05,4.016e-05,4.028e-05,3.909e-05
informed,8.78e-06,8.39e-06,8.96e-06,8.77e-06,8.8e-06,9.04e-06,9.89e-06,9.92e-06,8.58e-06
ga,5.14e-06,5.25e-06,4.89e-06,6.12e-06,4.3e-06,3.49e-06,2.88e-06,2.89e-06,5.2e-06
ac,4.944e-05,4.595e-05,4.153e-05,3.936e-05,3.52e-05,2.733e-05,2.513e-05,2.541e-05,4.769e-05
thoughts,7.7e-06,7.55e-06,7.74e-06,7.55e-06,6.96e-06,7.4e-06,6.59e-06,6.2e-06,7.63e-06
creek,1.07e-06,8.4e-07,8.1e-07,1.02e-06,1.02e-06,1.03e-06,8.2e-07,8.3e-07,9.5e-07
ft,9.63e-06,6.92e-06,7.33e-06,7.14e-06,6.75e-06,6.58e-06,6.59e-06,7.44e-06,8.27e-06
worked,0.00033645,0.00034536,0.00034953,0.00034526,0.0003442,0.00034334,0.00034292,0.0003396,0.00034091
quantity,0.00012264,0.00012232,0.00012601,0.00012787,0.00013138,0.00013129,0.00013326,0.0001322,0.00012248
urban,3.981e-05,3.861e-05,3.909e-05,3.997e-05,2.844e-05,2.856e-05,2.801e-05,2.954e-05,3.921e-05
practices,2.697e-05,3e-05,2.931e-05,2.896e-05,2.844e-05,2.959e-05,2.966e-05,3.264e-05,2.849e-05
sorted,2.804e-05,2.854e-05,2.85e-05,2.835e-05,2.865e-05,2.897e-05,2.925e-05,2.933e-05,2.829e-05
reporting,1.776e-05,1.846e-05,1.853e-05,1.835e-05,1.903e-05,1.89e-05,1.895e-05,1.859e-05,1.811e-05
essential,7.084e-05,6.819e-05,6.84e-05,6.893e-05,6.896e-05,6.842e-05,6.735e-05,6.817e-05,6.952e-05
myself,1.5e-06,1.26e-06,1.02e-06,8.2e-07,8.2e-07,6.2e-07,4.1e-07,6.2e-07,1.38e-06
tours,3.64e-06,3.57e-06,3.46e-06,3.06e-06,3.48e-06,3.29e-06,3.3e-06,3.51e-06,3.61e-06
platform,7.063e-05,7.239e-05,7.614e-05,7.933e-05,7.797e-05,7.89e-05,8.074e-05,8.18e-05,7.151e-05
load,4.773e-05,4.763e-05,4.601e-05,4.752e-05,4.809e-05,4.541e-05,4.819e-05,4.813e-05,4.768e-05
affiliate,5.56e-06,5.87e-06,6.11e-06,6.32e-06,6.55e-06,6.37e-06,6.38e-06,6.2e-06,5.72e-06
labor,2.847e-05,2.937e-05,2.931e-05,2.916e-05,3.008e-05,3e-05,3.089e-05,3.037e-05,2.892e-05
immediately,4.109e-05,4.154e-05,3.99e-05,3.916e-05,3.847e-05,3.904e-05,3.934e-05,3.842e-05,4.131e-05
admin,1.71e-06,1.26e-06,6.1e-07,6.1e-07,4.1e-07,2.1e-07,2.1e-07,4.1e-07,1.48e-06
nursing,6.21e-06,6.71e-06,6.51e-06,6.32e-06,6.34e-06,6.37e-06,6.38e-06,6.4e-06,6.46e-06
defense,4.109e-05,3.966e-05,4.092e-05,3.936e-05,3.847e-05,3.924e-05,4.14e-05,4.193e-05,4.038e-05
machines,0.0001282,0.00012967,0.00012336,0.00012257,0.00012299,0.00012636,0.00012667,0.00012745,0.00012893
designated,2.932e-05,3.189e-05,3.237e-05,3.304e-05,3.499e-05,3.534e-05,3.522e-05,3.636e-05,3.061e-05
tags,1.263e-05,1.301e-05,1.16e-05,1.183e-05,1.105e-05,1.11e-05,1.112e-05,1.136e-05,1.282e-05
heavy,2.504e-05,2.581e-05,2.565e-05,2.672e-05,2.64e-05,2.589e-05,2.616e-05,2.52e-05,2.543e-05
covered,4.024e-05,3.924e-05,3.949e-05,3.854e-05,4.031e-05,4.048e-05,4.119e-05,4.297e-05,3.974e-05
recovery,1.798e-05,1.867e-05,1.791e-05,1.835e-05,1.78e-05,1.808e-05,1.895e-05,1.818e-05,1.832e-05
joe,1.862e-05,1.951e-05,1.873e-05,1.856e-05,1.924e-05,1.829e-05,1.812e-05,1.673e-05,1.907e-05
guys,2.1e-07,0.0,0.0,4.1e-07,4.1e-07,6.2e-07,6.2e-07,6.2e-07,1.1e-07
integrated,8.005e-05,7.868e-05,8.041e-05,8.219e-05,8.247e-05,8.28e-05,8.403e-05,8.49e-05,7.936e-05
configuration,7.876e-05,7.344e-05,7.451e-05,7.525e-05,7.408e-05,7.397e-05,7.394e-05,7.478e-05,7.61e-05
cock,4.3e-07,6.3e-07,6.1e-07,6.1e-07,6.1e-07,4.1e-07,6.2e-07,6.2e-07,5.3e-07
merchant,1.07e-05,9.86e-06,8.96e-06,9.18e-06,8.8e-06,8.63e-06,8.24e-06,8.47e-06,1.028e-05
comprehensive,3.531e-05,3.567e-05,3.563e-05,3.589e-05,3.683e-05,3.698e-05,3.625e-05,3.739e-05,3.549e-05
expert,6.742e-05,7.008e-05,7.044e-05,6.913e-05,6.855e-05,6.719e-05,6.694e-05,6.817e-05,6.875e-05
universal,0.00014768,0.00014918,0.00015431,0.00015662,0.00015675,0.00015924,0.00015715,0.00015493,0.00014843
protect,2.954e-05,3.042e-05,2.931e-05,3.059e-05,3.029e-05,3.082e-05,2.986e-05,2.933e-05,2.998e-05
drop,2.097e-05,1.993e-05,2.036e-05,1.978e-05,1.883e-05,1.973e-05,1.977e-05,1.88e-05,2.045e-05
solid,0.00013591,0.00013785,0.00013802,0.00014663,0.00014918,0.00015102,0.00014973,0.0001541,0.00013688
cds,4.71e-06,4.62e-06,4.89e-06,4.89e-06,4.71e-06,4.73e-06,4.53e-06,4.13e-06,4.67e-06
presentation,3.831e-05,3.84e-05,3.97e-05,4.119e-05,4.134e-05,4.13e-05,4.078e-05,4.111e-05,3.835e-05
languages,0.00027117,0.0002629,0.00025854,0.00026185,0.00026644,0.00026793,0.0002626,0.00026379,0.00026703
became,0.00053827,0.00053587,0.00052257,0.00051759,0.00052305,0.00051943,0.00051552,0.0005032,0.00053707
orange,3.446e-05,3.462e-05,3.461e-05,3.487e-05,3.356e-05,3.308e-05,3.316e-05,3.574e-05,3.454e-05
compliance,1.712e-05,1.7e-05,1.629e-05,1.672e-05,1.658e-05,1.808e-05,1.977e-05,1.962e-05,1.706e-05
vehicles,3.424e-05,3.399e-05,3.379e-05,3.467e-05,3.377e-05,3.308e-05,3.295e-05,3.264e-05,3.411e-05
prevent,4.088e-05,4.112e-05,4.051e-05,4.099e-05,4.093e-05,4.048e-05,4.119e-05,4.193e-05,4.1e-05
theme,2.247e-05,2.35e-05,2.382e-05,2.304e-05,2.292e-05,2.178e-05,2.286e-05,2.19e-05,2.298e-05
rich,2.568e-05,2.644e-05,2.789e-05,2.774e-05,2.885e-05,2.856e-05,2.945e-05,2.83e-05,2.606e-05
im,1.605e-05,1.385e-05,1.303e-05,1.264e-05,1.269e-05,1.253e-05,1.256e-05,1.198e-05,1.495e-05
campaign,4.152e-05,4.637e-05,4.926e-05,4.996e-05,4.686e-05,4.541e-05,4.634e-05,4.606e-05,4.395e-05
marine,2.611e-05,2.749e-05,2.931e-05,2.896e-05,2.865e-05,2.815e-05,2.883e-05,2.913e-05,2.68e-05
improvement,3.168e-05,3.231e-05,3.115e-05,3.161e-05,3.254e-05,3.267e-05,3.213e-05,3.243e-05,3.2e-05
vs,2.782e-05,2.329e-05,2.321e-05,2.366e-05,2.333e-05,2.486e-05,2.41e-05,2.417e-05,2.556e-05
guitar,1.455e-05,1.511e-05,1.405e-05,1.448e-05,1.494e-05,1.459e-05,1.359e-05,1.363e-05,1.483e-05
finding,0.00016544,0.00016429,0.00016632,0.00016417,0.0001633,0.00016417,0.0001625,0.00016257,0.00016486
pennsylvania,6.934e-05,7.239e-05,7.064e-05,7.26e-05,7.326e-05,7.253e-05,7.003e-05,7.085e-05,7.087e-05
examples,0.00025576,0.00025388,0.00025162,0.00025145,0.00025252,0.00025499,0.00025601,0.00025821,0.00025482
ipod,3e-06,2.94e-06,4.48e-06,4.28e-06,3.89e-06,3.29e-06,3.5e-06,3.51e-06,2.97e-06
saying,2.718e-05,2.707e-05,2.667e-05,2.774e-05,2.722e-05,2.877e-05,2.76e-05,2.727e-05,2.713e-05
spirit,2.055e-05,1.888e-05,1.934e-05,1.999e-05,1.883e-05,1.829e-05,1.833e-05,1.818e-05,1.972e-05
ar,7.06e-06,7.34e-06,7.74e-06,8.16e-06,7.16e-06,6.99e-06,6.59e-06,7.02e-06,7.2e-06
claims,4.623e-05,4.364e-05,4.316e-05,4.221e-05,4.236e-05,4.5e-05,4.655e-05,4.668e-05,4.494e-05
porno,2.1e-07,2.1e-07,2e-07,2e-07,2e-07,2.1e-07,2.1e-07,2.1e-07,2.1e-07
challenge,3.681e-05,3.861e-05,3.725e-05,3.752e-05,3.868e-05,3.822e-05,3.81e-05,3.822e-05,3.771e-05
motorola,7.28e-06,6.08e-06,6.11e-06,5.1e-06,5.12e-06,5.34e-06,5.35e-06,5.78e-06,6.68e-06
acceptance,1.734e-05,1.679e-05,1.649e-05,1.55e-05,1.514e-05,1.438e-05,1.421e-05,1.363e-05,1.707e-05
strategies,4.452e-05,4.574e-05,4.621e-05,4.589e-05,4.748e-05,4.705e-05,4.84e-05,4.792e-05,4.513e-05
mo,5.78e-06,6.08e-06,5.7e-06,5.71e-06,5.32e-06,5.34e-06,5.15e-06,4.96e-06,5.93e-06
seem,2.055e-05,2.14e-05,2.097e-05,2.141e-05,2.067e-05,2.055e-05,1.957e-05,1.983e-05,2.098e-05
affairs,2.804e-05,2.833e-05,2.728e-05,2.692e-05,2.701e-05,2.609e-05,2.575e-05,2.499e-05,2.819e-05
touch,1.627e-05,1.574e-05,1.568e-05,1.468e-05,1.576e-05,1.541e-05,1.442e-05,1.467e-05,1.601e-05
intended,0.00012199,0.00011939,0.00012011,0.00012338,0.0001234,0.00012554,0.00012646,0.00012787,0.00012069
towards,8.154e-05,8.288e-05,8.346e-05,8.341e-05,8.104e-05,7.972e-05,8.032e-05,8.036e-05,8.221e-05
sa,1.798e-05,1.49e-05,1.466e-05,1.468e-05,1.617e-05,1.582e-05,1.545e-05,1.549e-05,1.644e-05
goals,3.574e-05,3.483e-05,3.501e-05,3.508e-05,3.54e-05,3.657e-05,3.543e-05,3.636e-05,3.528e-05
hire,3.42e-06,3.57e-06,3.66e-06,3.67e-06,3.27e-06,3.29e-06,3.5e-06,3.72e-06,3.49e-06
election,3.275e-05,3.273e-05,3.563e-05,3.61e-05,3.663e-05,3.719e-05,3.769e-05,3.698e-05,3.274e-05
suggest,2.247e-05,2.182e-05,2.239e-05,2.203e-05,2.231e-05,2.157e-05,2.039e-05,2.045e-05,2.214e-05
branch,0.00017015,0.00016617,0.00017019,0.00016988,0.0001721,0.000173,0.00017486,0.00017558,0.00016816
charges,3.103e-05,2.937e-05,3.013e-05,3.079e-05,3.049e-05,3e-05,2.945e-05,3.057e-05,3.02e-05
serve,4.088e-05,4.343e-05,4.356e-05,4.405e-05,4.502e-05,4.479e-05,4.778e-05,4.627e-05,4.216e-05
affiliates,1.93e-06,1.68e-06,1.43e-06,1.43e-06,1.43e-06,1.23e-06,1.24e-06,1.24e-06,1.81e-06
reasons,4.43e-05,4.427e-05,4.377e-05,4.242e-05,4.236e-05,4.356e-05,4.284e-05,4.276e-05,4.429e-05
magic,8.647e-05,8.707e-05,8.672e-05,8.565e-05,8.513e-05,8.568e-05,8.465e-05,8.469e-05,8.677e-05
mount,1.37e-05,1.511e-05,1.771e-05,1.815e-05,1.739e-05,1.767e-05,1.709e-05,1.776e-05,1.44e-05
smart,3.574e-05,3.546e-05,3.624e-05,3.528e-05,3.438e-05,3.37e-05,3.378e-05,3.388e-05,3.56e-05
talking,1.327e-05,1.301e-05,1.262e-05,1.162e-05,1.166e-05,1.13e-05,1.195e-05,1.198e-05,1.314e-05
gave,9.995e-05,0.00010218,0.00010077,9.993e-05,9.986e-05,9.821e-05,9.536e-05,9.275e-05,0.00010107
ones,8.411e-05,8.372e-05,8.306e-05,8.117e-05,8.206e-05,8.26e-05,8.589e-05,8.449e-05,8.391e-05
latin,0.00016608,0.00016534,0.00016245,0.00016294,0.00016166,0.00015616,0.00015591,0.00015637,0.00016571
multimedia,1.862e-05,1.825e-05,1.771e-05,1.835e-05,1.903e-05,1.911e-05,1.957e-05,1.921e-05,1.844e-05
xp,9.63e-06,9.02e-06,9.57e-06,9.18e-06,9.21e-06,9.66e-06,9.06e-06,8.88e-06,9.32e-06
tits,5.78e-06,6.5e-06,6.92e-06,6.93e-06,6.96e-06,6.99e-06,7e-06,7.44e-06,6.14e-06
avoid,4.944e-05,5.287e-05,5.15e-05,5.18e-05,5.3e-05,5.301e-05,5.376e-05,5.412e-05,5.116e-05
certified,1.284e-05,1.175e-05,1.181e-05,1.203e-05,1.126e-05,1.11e-05,1.133e-05,1.177e-05,1.23e-05
manage,1.99e-05,1.888e-05,1.832e-05,1.937e-05,1.924e-05,1.89e-05,1.915e-05,1.942e-05,1.939e-05
corner,3.317e-05,3.378e-05,3.176e-05,3.263e-05,3.151e-05,3.205e-05,3.213e-05,3.264e-05,3.348e-05
rank,0.00010937,0.00011561,0.00011746,0.00011828,0.0001193,0.00011958,0.0001209,0.00011981,0.00011249
computing,0.00041906,0.00042236,0.0004273,0.00043234,0.00043547,0.00043621,0.00043478,0.00043297,0.00042071
oregon,1.948e-05,2.203e-05,2.138e-05,2.162e-05,2.149e-05,2.199e-05,2.121e-05,2.086e-05,2.076e-05
element,0.00035164,0.00035459,0.00035442,0.00035118,0.0003575,0.00036286,0.00036702,0.00036769,0.00035311
birth,4.088e-05,5.539e-05,5.802e-05,5.792e-05,5.894e-05,5.835e-05,5.808e-05,5.722e-05,4.813e-05
virus,4.602e-05,4.742e-05,4.784e-05,4.711e-05,4.604e-05,4.479e-05,4.428e-05,4.338e-05,4.672e-05
abuse,1.027e-05,9.65e-06,9.57e-06,1.02e-05,1.003e-05,9.25e-06,9.27e-06,8.68e-06,9.96e-06
interactive,5.586e-05,5.896e-05,6.046e-05,5.751e-05,5.668e-05,5.589e-05,5.417e-05,5.35e-05,5.741e-05
requests,1.113e-05,1.112e-05,1.079e-05,1.06e-05,1.044e-05,1.068e-05,1.133e-05,1.177e-05,1.112e-05
separate,9.802e-05,9.61e-05,9.201e-05,9.075e-05,9.188e-05,9.226e-05,9.289e-05,9.358e-05,9.706e-05
quarter,2.547e-05,2.392e-05,2.341e-05,2.284e-05,2.333e-05,2.157e-05,2.224e-05,2.252e-05,2.469e-05
procedure,9.631e-05,9.253e-05,9.934e-05,9.911e-05,9.864e-05,9.76e-05,9.68e-05,9.647e-05,9.442e-05
leadership,3.061e-05,3.21e-05,3.216e-05,3.181e-05,3.11e-05,3.02e-05,3.048e-05,2.995e-05,3.136e-05
tables,7.041e-05,6.819e-05,6.86e-05,6.832e-05,6.835e-05,6.801e-05,6.776e-05,6.796e-05,6.93e-05
define,0.00015474,0.00015422,0.00015105,0.00015275,0.00015245,0.00015451,0.00015159,0.00015203,0.00015448
racing,6.21e-06,6.08e-06,5.9e-06,5.51e-06,5.53e-06,5.96e-06,6.59e-06,6.4e-06,6.14e-06
religious,4.109e-05,4.007e-05,4.234e-05,4.16e-05,3.745e-05,3.924e-05,3.851e-05,3.925e-05,4.058e-05
facts,2.526e-05,2.707e-05,2.606e-05,2.508e-05,2.558e-05,2.589e-05,2.492e-05,2.479e-05,2.616e-05
breakfast,4.28e-06,4.2e-06,4.07e-06,4.08e-06,4.09e-06,3.9e-06,3.71e-06,3.72e-06,4.24e-06
kong,2.611e-05,2.434e-05,2.382e-05,2.57e-05,2.517e-05,2.609e-05,2.719e-05,2.809e-05,2.522e-05
column,9.396e-05,9.337e-05,9.263e-05,9.279e-05,9.168e-05,9.534e-05,9.721e-05,9.605e-05,9.366e-05
plants,3.553e-05,3.483e-05,3.298e-05,3.283e-05,3.274e-05,3.472e-05,3.419e-05,3.636e-05,3.518e-05
faith,1.413e-05,1.427e-05,1.384e-05,1.407e-05,1.392e-05,1.438e-05,1.483e-05,1.467e-05,1.42e-05
chain,0.0001312,0.00013072,0.00012764,0.00012644,0.00012954,0.00012986,0.0001349,0.0001353,0.00013096
developer,3.168e-05,3.483e-05,3.624e-05,3.691e-05,3.622e-05,3.472e-05,3.481e-05,3.594e-05,3.325e-05
identify,7.769e-05,7.721e-05,7.919e-05,8.178e-05,8.063e-05,7.89e-05,8.197e-05,8.366e-05,7.745e-05
avenue,2.14e-06,2.31e-06,2.65e-06,1.84e-06,1.64e-06,1.85e-06,1.85e-06,1.86e-06,2.22e-06
missing,2.568e-05,2.539e-05,2.708e-05,2.651e-05,2.64e-05,2.568e-05,2.513e-05,2.438e-05,2.553e-05
died,0.00018642,0.0001838,0.00017955,0.00018028,0.00018131,0.00018081,0.00018392,0.00018529,0.00018511
approximately,9.653e-05,9.777e-05,9.71e-05,0.00010095,0.00010211,0.00010068,0.00010113,0.00010246,9.715e-05
domestic,1.092e-05,1.301e-05,1.242e-05,1.264e-05,1.351e-05,1.418e-05,1.462e-05,1.467e-05,1.197e-05
sitemap,2.1e-07,2.1e-07,2e-07,2e-07,2e-07,2.1e-07,2.1e-07,2.1e-07,2.1e-07
recommendations,1.092e-05,1.175e-05,1.12e-05,1.142e-05,1.085e-05,1.089e-05,1.092e-05,1.115e-05,1.133e-05
moved,0.00014383,0.00013953,0.00012988,0.00012522,0.00012299,0.00011691,0.00011534,0.00011051,0.00014168
houston,9.85e-06,1.07e-05,1.099e-05,1.244e-05,1.085e-05,1.068e-05,1.174e-05,1.157e-05,1.027e-05
reach,3.36e-05,3.357e-05,3.501e-05,3.61e-05,3.561e-05,3.472e-05,3.501e-05,3.512e-05,3.358e-05
comparison,9.139e-05,8.98e-05,9.079e-05,8.871e-05,9.147e-05,9.184e-05,9.268e-05,9.254e-05,9.06e-05
mental,5.714e-05,5.665e-05,5.985e-05,5.914e-05,5.934e-05,5.938e-05,5.808e-05,5.743e-05,5.69e-05
viewed,8.005e-05,7.889e-05,8e-05,8.137e-05,8.165e-05,8.732e-05,8.877e-05,8.717e-05,7.947e-05
moment,0.00010016,9.966e-05,9.731e-05,9.585e-05,9.495e-05,9.678e-05,9.742e-05,9.564e-05,9.991e-05
extended,0.00016887,0.00016764,0.00016754,0.0001711,0.00017435,0.00017629,0.0001763,0.000176,0.00016825
sequence,0.00056588,0.00055203,0.00055494,0.00055409,0.00055989,0.00056874,0.00057278,0.0005788,0.00055896
inch,1.434e-05,1.427e-05,1.364e-05,1.224e-05,1.228e-05,1.212e-05,1.195e-05,1.239e-05,1.43e-05
attack,0.0001297,0.00012589,0.00012438,0.0001244,0.00012442,0.00012739,0.00012852,0.00012869,0.00012779
sorry,8.6e-07,8.4e-07,8.1e-07,8.2e-07,6.1e-07,6.2e-07,6.2e-07,6.2e-07,8.5e-07
centers,4.473e-05,4.49e-05,4.56e-05,4.527e-05,4.441e-05,4.541e-05,4.469e-05,4.462e-05,4.481e-05
opening,2.333e-05,2.455e-05,2.443e-05,2.366e-05,2.251e-05,2.178e-05,2.224e-05,2.107e-05,2.394e-05
damage,2.547e-05,2.497e-05,2.545e-05,2.549e-05,2.558e-05,2.568e-05,2.554e-05,2.479e-05,2.522e-05
lab,3.895e-05,3.504e-05,3.766e-05,3.712e-05,3.663e-05,3.616e-05,3.707e-05,3.78e-05,3.7e-05
reserve,1.969e-05,1.909e-05,1.954e-05,1.815e-05,1.842e-05,1.767e-05,1.709e-05,1.756e-05,1.939e-05
recipes,2.14e-06,2.1e-06,2.24e-06,2.45e-06,2.46e-06,2.05e-06,1.85e-06,1.86e-06,2.12e-06
cvs,1.71e-06,1.68e-06,1.43e-06,1.43e-06,1.43e-06,1.44e-06,1.44e-06,6.2e-07,1.69e-06
gamma,5.308e-05,5.203e-05,5.232e-05,5.384e-05,5.546e-05,5.568e-05,5.582e-05,5.66e-05,5.256e-05
plastic,1.52e-05,1.511e-05,1.608e-05,1.631e-05,1.658e-05,1.726e-05,1.833e-05,1.797e-05,1.515e-05
produce,0.0001389,0.00013575,0.00013599,0.00013888,0.00013915,0.00013746,0.00013717,0.0001384,0.00013732
snow,1.648e-05,1.574e-05,1.568e-05,1.509e-05,1.617e-05,1.623e-05,1.648e-05,1.735e-05,1.611e-05
placed,8.754e-05,8.54e-05,8.367e-05,8.504e-05,8.533e-05,8.404e-05,8.424e-05,8.49e-05,8.647e-05
truth,9.588e-05,9.043e-05,8.631e-05,9.034e-05,8.963e-05,8.856e-05,9.103e-05,9.213e-05,9.315e-05
counter,2.954e-05,2.979e-05,3.074e-05,3.018e-05,3.11e-05,3.123e-05,2.986e-05,2.975e-05,2.967e-05
failure,5.308e-05,5.203e-05,4.967e-05,5.078e-05,5.3e-05,5.075e-05,5.211e-05,4.916e-05,5.256e-05
follows,0.00017764,0.00017604,0.00017507,0.00017416,0.00017292,0.00017136,0.00017218,0.0001698,0.00017684
eu,1.926e-05,2.014e-05,1.853e-05,1.876e-05,1.801e-05,1.726e-05,1.606e-05,1.508e-05,1.97e-05
weekend,8.6e-07,1.26e-06,1.22e-06,1.63e-06,1.23e-06,1.23e-06,1.44e-06,1.45e-06,1.06e-06
dollar,1.691e-05,1.762e-05,1.751e-05,1.591e-05,1.903e-05,1.829e-05,1.977e-05,1.983e-05,1.726e-05
camp,1.841e-05,1.762e-05,1.69e-05,1.652e-05,1.698e-05,1.644e-05,1.606e-05,1.632e-05,1.802e-05
ontario,2.269e-05,2.455e-05,2.3e-05,2.427e-05,2.394e-05,2.301e-05,2.142e-05,2.107e-05,2.362e-05
automatically,4.345e-05,4.28e-05,4.356e-05,4.344e-05,4.379e-05,4.479e-05,4.408e-05,4.441e-05,4.312e-05
des,0.00011493,0.00011876,0.00011644,0.000114,0.00011255,0.0001089,0.0001071,0.00010576,0.00011684
minnesota,3.895e-05,4.049e-05,3.786e-05,3.487e-05,3.356e-05,3.246e-05,3.234e-05,3.284e-05,3.972e-05
films,5.843e-05,6.169e-05,6.25e-05,6.546e-05,6.467e-05,6.698e-05,6.797e-05,6.817e-05,6.006e-05
bridge,3.446e-05,3.483e-05,3.298e-05,3.283e-05,3.377e-05,3.493e-05,3.337e-05,3.346e-05,3.464e-05
native,6.399e-05,6.232e-05,6.168e-05,6.098e-05,6.119e-05,6.185e-05,6.282e-05,6.197e-05,6.316e-05
fill,2.461e-05,2.371e-05,2.26e-05,2.366e-05,2.251e-05,2.219e-05,2.307e-05,2.396e-05,2.416e-05
williams,3.617e-05,3.651e-05,3.664e-05,3.63e-05,3.54e-05,3.411e-05,3.419e-05,3.491e-05,3.634e-05
movement,9.738e-05,9.526e-05,9.446e-05,9.361e-05,9.291e-05,9.369e-05,9.618e-05,9.915e-05,9.632e-05
printing,3.938e-05,3.882e-05,3.97e-05,3.997e-05,3.929e-05,3.863e-05,4.016e-05,3.883e-05,3.91e-05
baseball,3.403e-05,3.357e-05,3.257e-05,3.161e-05,2.967e-05,3.082e-05,2.966e-05,2.83e-05,3.38e-05
owned,2.675e-05,2.581e-05,2.769e-05,2.794e-05,2.885e-05,2.959e-05,3.089e-05,3.037e-05,2.628e-05
approval,1.07e-05,9.86e-06,9.98e-06,1.02e-05,9.41e-06,1.048e-05,1.009e-05,9.92e-06,1.028e-05
draft,1.477e-05,1.49e-05,1.405e-05,1.203e-05,1.105e-05,1.151e-05,1.092e-05,1.033e-05,1.483e-05
chart,4.666e-05,4.364e-05,4.255e-05,4.344e-05,4.379e-05,4.315e-05,4.14e-05,4.111e-05,4.515e-05
played,0.00010894,0.00010931,0.00010708,0.00010605,0.00010784,0.00010725,0.00010566,0.00010514,0.00010912
contacts,1.134e-05,1.154e-05,1.099e-05,1.203e-05,1.453e-05,1.5e-05,1.648e-05,1.776e-05,1.144e-05
cc,9.85e-06,9.02e-06,7.94e-06,7.95e-06,6.96e-06,6.58e-06,6.59e-06,6.61e-06,9.44e-06
jesus,1.348e-05,1.427e-05,1.384e-05,1.346e-05,1.412e-05,1.294e-05,1.298e-05,1.239e-05,1.388e-05
readers,1.413e-05,1.469e-05,1.364e-05,1.305e-05,1.31e-05,1.315e-05,1.442e-05,1.508e-05,1.441e-05
clubs,4.71e-06,4.83e-06,4.48e-06,4.69e-06,4.5e-06,4.93e-06,4.94e-06,4.54e-06,4.77e-06
lcd,4.07e-06,3.99e-06,4.07e-06,4.08e-06,4.3e-06,4.11e-06,3.5e-06,3.51e-06,4.03e-06
wa,7.7e-06,9.02e-06,7.33e-06,5.91e-06,5.32e-06,4.93e-06,4.74e-06,5.37e-06,8.36e-06
jackson,2.782e-05,2.791e-05,2.667e-05,2.631e-05,2.66e-05,2.712e-05,2.451e-05,2.582e-05,2.786e-05
equal,0.00034694,0.00034872,0.00035299,0.00035383,0.00035607,0.00035464,0.00035405,0.00035509,0.00034783
adventure,1.348e-05,1.364e-05,1.527e-05,1.489e-05,1.596e-05,1.603e-05,1.627e-05,1.632e-05,1.356e-05
matching,7.641e-05,7.7e-05,8.285e-05,8.402e-05,8.431e-05,8.424e-05,8.424e-05,8.511e-05,7.67e-05
offering,1.413e-05,1.511e-05,1.506e-05,1.53e-05,1.412e-05,1.356e-05,1.401e-05,1.425e-05,1.462e-05
shirts,4.71e-06,4.62e-06,4.48e-06,4.08e-06,4.3e-06,4.11e-06,4.12e-06,4.13e-06,4.67e-06
profit,5.415e-05,5.308e-05,5.11e-05,4.854e-05,4.829e-05,4.993e-05,4.881e-05,5.04e-05,5.362e-05
leaders,1.562e-05,1.574e-05,1.669e-05,1.591e-05,1.617e-05,1.541e-05,1.524e-05,1.446e-05,1.568e-05
posters,2.78e-06,2.73e-06,2.65e-06,2.86e-06,3.27e-06,2.88e-06,3.3e-06,3.31e-06,2.75e-06
institutions,4.409e-05,4.532e-05,4.804e-05,4.752e-05,4.707e-05,4.787e-05,4.634e-05,4.813e-05,4.47e-05
assistant,9.524e-05,9.4e-05,9.812e-05,9.442e-05,9.229e-05,8.774e-05,8.547e-05,8.118e-05,9.462e-05
variable,0.00035657,0.0003527,0.00035014,0.00034832,0.00034666,0.0003493,0.00035302,0.00035592,0.00035464
ave,8.6e-07,8.4e-07,6.1e-07,4.1e-07,4.1e-07,6.2e-07,6.2e-07,6.2e-07,8.5e-07
dj,1.5e-06,1.26e-06,1.22e-06,1.02e-06,4.1e-07,2.1e-07,2.1e-07,2.1e-07,1.38e-06
advertisement,4.28e-06,4.83e-06,4.68e-06,4.49e-06,5.12e-06,4.52e-06,4.33e-06,4.34e-06,4.55e-06
expect,1.434e-05,1.553e-05,1.445e-05,1.346e-05,1.351e-05,1.356e-05,1.421e-05,1.343e-05,1.493e-05
parking,3e-06,2.94e-06,3.26e-06,3.26e-06,3.07e-06,3.08e-06,3.09e-06,2.89e-06,2.97e-06
headlines,4.3e-07,4.2e-07,6.1e-07,6.1e-07,8.2e-07,8.2e-07,8.2e-07,6.2e-07,4.3e-07
yesterday,8.6e-07,8.4e-07,8.1e-07,8.2e-07,8.2e-07,8.2e-07,8.2e-07,8.3e-07,8.5e-07
compared,0.00010915,0.00010889,0.00011258,0.00011216,0.00011153,0.00011095,0.00010998,0.00011113,0.00010902
determined,0.00013612,0.00013449,0.00013232,0.00013154,0.00013076,0.00012924,0.00012873,0.00012435,0.00013531
wholesale,3.42e-06,2.52e-06,2.24e-06,2.24e-06,2.25e-06,2.47e-06,2.27e-06,1.65e-06,2.97e-06
workshop,2.697e-05,2.812e-05,2.687e-05,2.651e-05,2.64e-05,2.548e-05,2.616e-05,2.623e-05,2.755e-05
russia,5.821e-05,5.896e-05,5.781e-05,5.649e-05,5.709e-05,5.712e-05,5.54e-05,5.515e-05,5.858e-05
gone,1.113e-05,1.049e-05,9.36e-06,8.57e-06,9e-06,9.04e-06,9.89e-06,9.3e-06,1.081e-05
codes,0.0002198,0.0002117,0.00021986,0.00022107,0.00021773,0.00022067,0.00022161,0.00022123,0.00021575
kinds,6.1e-05,5.98e-05,5.802e-05,5.955e-05,6.057e-05,6.02e-05,6.117e-05,6.218e-05,6.04e-05
extension,0.00018513,0.00018653,0.00018607,0.00018823,0.00019052,0.00019191,0.00019113,0.00019004,0.00018583
seattle,1.477e-05,1.427e-05,1.364e-05,1.326e-05,1.289e-05,1.212e-05,1.153e-05,1.177e-05,1.452e-05
statements,6.827e-05,6.462e-05,6.25e-05,6.465e-05,6.487e-05,6.493e-05,6.653e-05,6.755e-05,6.644e-05
golden,6.442e-05,6.504e-05,6.535e-05,6.24e-05,6.262e-05,6.308e-05,6.364e-05,6.383e-05,6.473e-05
completely,9.139e-05,9.106e-05,8.978e-05,8.769e-05,8.943e-05,8.876e-05,8.877e-05,8.924e-05,9.123e-05
teams,4.623e-05,4.511e-05,4.621e-05,4.405e-05,4.584e-05,4.582e-05,4.552e-05,4.441e-05,4.567e-05
fort,8.56e-06,8.6e-06,8.14e-06,7.75e-06,7.16e-06,6.78e-06,6.8e-06,7.02e-06,8.58e-06
cm,2.376e-05,2.287e-05,2.158e-05,2.162e-05,2.026e-05,2.034e-05,2.018e-05,2.004e-05,2.331e-05
wi,7.92e-06,7.97e-06,7.53e-06,8.36e-06,8.39e-06,9.45e-06,1.071e-05,1.115e-05,7.94e-06
lighting,1.455e-05,1.532e-05,1.425e-05,1.509e-05,1.596e-05,1.603e-05,1.442e-05,1.508e-05,1.493e-05
senate,1.177e-05,1.217e-05,1.079e-05,1.122e-05,1.146e-05,1.11e-05,1.05e-05,1.074e-05,1.197e-05
forces,0.00012906,0.0001282,0.00012825,0.00012726,0.00012954,0.0001315,0.00012975,0.00013014,0.00012863
funny,1.28e-06,1.68e-06,1.43e-06,1.22e-06,8.2e-07,1.03e-06,1.03e-06,1.24e-06,1.48e-06
brother,4.965e-05,5.078e-05,4.743e-05,4.813e-05,4.891e-05,4.849e-05,4.881e-05,4.772e-05,5.021e-05
gene,7.298e-05,7.281e-05,7.491e-05,7.688e-05,7.306e-05,7.335e-05,7.518e-05,7.581e-05,7.289e-05
turned,4.002e-05,3.714e-05,3.542e-05,3.385e-05,3.233e-05,2.918e-05,2.904e-05,2.892e-05,3.858e-05
portable,1.948e-05,1.909e-05,1.914e-05,1.876e-05,1.842e-05,1.87e-05,1.833e-05,1.838e-05,1.928e-05
tried,1.391e-05,1.469e-05,1.425e-05,1.387e-05,1.453e-05,1.418e-05,1.339e-05,1.384e-05,1.43e-05
electrical,0.00018513,0.00018632,0.00018973,0.00018986,0.00019093,0.00019109,0.00019134,0.00019025,0.00018573
applicable,4.345e-05,4.385e-05,4.377e-05,4.283e-05,4.359e-05,4.459e-05,4.428e-05,4.462e-05,4.365e-05
disc,3.125e-05,3.021e-05,2.952e-05,2.916e-05,2.947e-05,2.979e-05,3.007e-05,2.913e-05,3.073e-05
returned,7.213e-05,6.84e-05,6.555e-05,6.281e-05,6.303e-05,6.205e-05,6.302e-05,6.197e-05,7.026e-05
pattern,0.00017101,0.00017016,0.00016815,0.00016376,0.00016637,0.00016561,0.00016724,0.00016918,0.00017059
ct,2.376e-05,2.35e-05,2.361e-05,2.304e-05,2.21e-05,2.301e-05,2.163e-05,2.272e-05,2.363e-05
hentai,0.0,0.0,0.0,0.0,0.0,0.0,0.0,0.0,0.0
boat,1.37e-05,1.091e-05,1.14e-05,1.162e-05,1.576e-05,1.5e-05,1.401e-05,1.363e-05,1.23e-05
named,0.00082207,0.00082731,0.00083119,0.00083328,0.00084208,0.00084735,0.00084814,0.00085168,0.00082469
theatre,1.263e-05,1.28e-05,1.283e-05,1.264e-05,1.289e-05,1.274e-05,1.256e-05,1.301e-05,1.271e-05
laser,2.996e-05,2.916e-05,3.135e-05,3.161e-05,3.213e-05,3.164e-05,3.172e-05,3.078e-05,2.956e-05
earlier,0.00012713,0.00012778,0.00012275,0.00012501,0.00012667,0.00012472,0.00012337,0.00012229,0.00012746
manufacturers,1.948e-05,1.888e-05,1.832e-05,1.897e-05,1.924e-05,1.911e-05,1.833e-05,1.756e-05,1.918e-05
sponsor,3e-06,2.52e-06,2.04e-06,2.45e-06,2.66e-06,2.26e-06,2.47e-06,2.27e-06,2.76e-06
classical,0.0003418,0.00033948,0.00034098,0.00034384,0.00034277,0.00034889,0.00034663,0.00034869,0.00034064
icon,1.327e-05,1.385e-05,1.445e-05,1.428e-05,1.33e-05,1.253e-05,1.359e-05,1.446e-05,1.356e-05
warranty,4.3e-07,4.2e-07,6.1e-07,4.1e-07,4.1e-07,4.1e-07,4.1e-07,4.1e-07,4.3e-07
dedicated,5.971e-05,6.064e-05,5.904e-05,5.975e-05,6.078e-05,5.979e-05,6.076e-05,6.156e-05,6.017e-05
indiana,2.547e-05,2.56e-05,2.646e-05,2.733e-05,2.681e-05,2.712e-05,2.657e-05,2.644e-05,2.553e-05
direction,0.00021552,0.00021506,0.00021782,0.00022066,0.00021753,0.00021698,0.00022079,0.0002233,0.00021529
harry,3.168e-05,3.147e-05,2.993e-05,2.998e-05,3.11e-05,3.144e-05,3.254e-05,3.222e-05,3.158e-05
basketball,1.391e-05,1.448e-05,1.568e-05,1.489e-05,1.514e-05,1.5e-05,1.462e-05,1.467e-05,1.42e-05
objects,0.00035057,0.00034913,0.00035238,0.00034934,0.00035382,0.00035813,0.00036022,0.00036026,0.00034985
ends,4.516e-05,4.406e-05,4.173e-05,4.242e-05,4.011e-05,3.904e-05,3.954e-05,3.966e-05,4.461e-05
delete,4.28e-06,4.41e-06,4.28e-06,4.28e-06,3.89e-06,4.11e-06,4.33e-06,4.75e-06,4.34e-06
evening,6.21e-06,5.67e-06,6.31e-06,6.32e-06,6.34e-06,7.4e-06,7.41e-06,7.64e-06,5.94e-06
assembly,5.094e-05,4.91e-05,5.558e-05,5.527e-05,4.809e-05,4.726e-05,4.84e-05,4.813e-05,5.002e-05
nuclear,7.106e-05,7.134e-05,7.369e-05,7.362e-05,7.449e-05,7.602e-05,7.312e-05,7.457e-05,7.12e-05
taxes,8.78e-06,9.02e-06,8.55e-06,8.77e-06,7.98e-06,8.42e-06,8.24e-06,7.85e-06,8.9e-06
mouse,2.932e-05,2.854e-05,2.891e-05,3.569e-05,3.561e-05,3.637e-05,3.481e-05,3.512e-05,2.893e-05
signal,0.00039017,0.00039341,0.00039127,0.00038564,0.00039229,0.00039512,0.00039586,0.00039558,0.00039179
criminal,1.092e-05,1.049e-05,1.099e-05,1.264e-05,1.432e-05,1.479e-05,1.359e-05,1.446e-05,1.07e-05
issued,4.259e-05,4.217e-05,4.255e-05,4.303e-05,4.236e-05,4.397e-05,4.531e-05,4.524e-05,4.238e-05
brain,7.448e-05,7.344e-05,7.329e-05,6.771e-05,6.978e-05,6.822e-05,6.55e-05,6.466e-05,7.396e-05
sexual,1.562e-05,1.658e-05,1.69e-05,1.57e-05,1.596e-05,1.603e-05,1.606e-05,1.57e-05,1.61e-05
wisconsin,3.596e-05,3.567e-05,3.379e-05,3.202e-05,3.11e-05,3.103e-05,3.028e-05,2.892e-05,3.582e-05
powerful,5.179e-05,5.245e-05,5.211e-05,4.996e-05,5.075e-05,5.116e-05,4.943e-05,4.792e-05,5.212e-05
dream,2.162e-05,2.119e-05,2.117e-05,2.284e-05,2.312e-05,2.281e-05,2.41e-05,2.417e-05,2.14e-05
obtained,0.00025854,0.00025786,0.00025019,0.00024656,0.0002472,0.00024697,0.00024674,0.00024354,0.0002582
false,8.454e-05,8.351e-05,8.57e-05,8.851e-05,8.574e-05,8.732e-05,8.836e-05,8.8e-05,8.402e-05
da,3.125e-05,3.084e-05,3.135e-05,3.018e-05,2.926e-05,2.897e-05,2.945e-05,2.892e-05,3.104e-05
cast,2.675e-05,2.812e-05,2.891e-05,3.059e-05,3.192e-05,3.226e-05,3.192e-05,3.326e-05,2.743e-05
flower,1.669e-05,1.574e-05,1.629e-05,1.672e-05,1.698e-05,1.664e-05,1.524e-05,1.632e-05,1.621e-05
felt,1.263e-05,1.28e-05,1.303e-05,1.244e-05,1.187e-05,1.253e-05,1.256e-05,1.157e-05,1.271e-05
personnel,1.605e-05,1.637e-05,1.669e-05,1.591e-05,1.596e-05,1.562e-05,1.606e-05,1.591e-05,1.621e-05
passed,3.21e-05,3.21e-05,3.318e-05,3.406e-05,3.356e-05,3.39e-05,3.295e-05,3.388e-05,3.21e-05
supplied,1.755e-05,1.679e-05,1.71e-05,1.733e-05,1.678e-05,1.603e-05,1.586e-05,1.57e-05,1.717e-05
identified,7.876e-05,7.826e-05,8.021e-05,8.157e-05,8.042e-05,7.952e-05,7.991e-05,8.036e-05,7.851e-05
falls,2.226e-05,2.392e-05,2.28e-05,2.366e-05,2.374e-05,2.383e-05,2.245e-05,2.355e-05,2.309e-05
pic,1.93e-06,1.89e-06,1.63e-06,1.84e-06,2.25e-06,2.47e-06,2.47e-06,2.48e-06,1.91e-06
soul,1.284e-05,1.385e-05,1.262e-05,1.285e-05,1.269e-05,1.171e-05,1.071e-05,1.136e-05,1.335e-05
aids,8.35e-06,9.02e-06,1.038e-05,1.081e-05,1.064e-05,1.13e-05,1.092e-05,1.053e-05,8.68e-06
opinions,7.28e-06,8.39e-06,8.14e-06,8.36e-06,8.59e-06,8.63e-06,8.65e-06,7.85e-06,7.83e-06
promote,3.489e-05,3.441e-05,3.583e-05,3.589e-05,3.622e-05,3.698e-05,3.748e-05,3.801e-05,3.465e-05
stated,0.00011686,0.0001154,0.00011441,0.00011543,0.00011439,0.00011465,0.00011534,0.00011568,0.00011613
stats,5.35e-06,5.04e-06,5.29e-06,5.1e-06,4.09e-06,4.11e-06,4.33e-06,4.34e-06,5.2e-06
hawaii,1.284e-05,1.322e-05,1.323e-05,1.264e-05,1.187e-05,1.11e-05,1.092e-05,1.136e-05,1.303e-05
professionals,1.862e-05,1.741e-05,1.751e-05,1.774e-05,1.801e-05,1.746e-05,1.874e-05,2.19e-05,1.802e-05
appears,0.00014875,0.00014603,0.00014474,0.00014255,0.0001457,0.00014732,0.00014561,0.0001446,0.00014739
carry,4.923e-05,4.595e-05,4.56e-05,4.752e-05,4.768e-05,4.829e-05,4.902e-05,4.834e-05,4.759e-05
flag,0.00037754,0.00038229,0.00039127,0.00038564,0.00038779,0.00039203,0.00038556,0.00038855,0.00037991
decided,2.226e-05,2.35e-05,2.28e-05,2.325e-05,2.128e-05,2.157e-05,2.266e-05,2.252e-05,2.288e-05
nj,1.22e-05,1.175e-05,1.12e-05,1.04e-05,1.003e-05,9.45e-06,8.65e-06,9.3e-06,1.197e-05
covers,6.742e-05,6.777e-05,6.433e-05,6.302e-05,6.16e-05,6.164e-05,6.261e-05,6.3e-05,6.759e-05
hr,5.78e-06,5.46e-06,4.89e-06,4.69e-06,4.09e-06,4.52e-06,4.94e-06,4.96e-06,5.62e-06
em,1.049e-05,1.049e-05,1.038e-05,8.77e-06,9.41e-06,8.63e-06,8.86e-06,8.88e-06,1.049e-05
advantage,7.298e-05,7.155e-05,7.166e-05,7.097e-05,6.978e-05,6.822e-05,6.982e-05,6.961e-05,7.227e-05
hello,4.92e-06,5.46e-06,5.5e-06,5.51e-06,5.12e-06,4.73e-06,4.94e-06,4.54e-06,5.19e-06
designs,7.32e-05,7.407e-05,7.369e-05,7.301e-05,7.326e-05,7.397e-05,7.188e-05,7.168e-05,7.364e-05
maintain,3.189e-05,3.231e-05,3.115e-05,3.222e-05,3.295e-05,3.37e-05,3.44e-05,3.408e-05,3.21e-05
tourism,4.92e-06,5.67e-06,6.11e-06,6.12e-06,5.93e-06,5.96e-06,5.77e-06,5.78e-06,5.3e-06
priority,2.868e-05,2.749e-05,2.687e-05,2.692e-05,2.578e-05,2.589e-05,2.616e-05,2.644e-05,2.808e-05
newsletters,1.71e-06,1.68e-06,1.83e-06,1.84e-06,1.84e-06,1.23e-06,1.44e-06,1.45e-06,1.69e-06
adults,8.99e-06,7.97e-06,8.55e-06,8.36e-06,8.19e-06,8.42e-06,8.24e-06,8.26e-06,8.48e-06
clips,2.35e-06,2.52e-06,2.65e-06,2.65e-06,2.66e-06,2.67e-06,2.68e-06,2.48e-06,2.43e-06
savings,6.85e-06,6.71e-06,6.92e-06,7.14e-06,6.75e-06,6.78e-06,7e-06,7.23e-06,6.78e-06
iv,3.489e-05,3.336e-05,3.339e-05,3.222e-05,3.049e-05,3.061e-05,3.028e-05,2.933e-05,3.413e-05
graphic,3.831e-05,3.777e-05,3.888e-05,3.956e-05,4.011e-05,3.924e-05,4.037e-05,4.028e-05,3.804e-05
atom,5.458e-05,5.602e-05,5.517e-05,5.629e-05,5.853e-05,5.835e-05,5.787e-05,5.949e-05,5.53e-05
payments,1.755e-05,1.741e-05,1.669e-05,1.611e-05,1.658e-05,1.644e-05,1.606e-05,1.591e-05,1.748e-05
rw,3.42e-06,3.78e-06,3.05e-06,3.06e-06,3.07e-06,2.88e-06,2.88e-06,2.89e-06,3.6e-06
estimated,5.094e-05,5.203e-05,5.211e-05,5.017e-05,4.993e-05,5.137e-05,5.231e-05,5.123e-05,5.148e-05
binding,2.654e-05,2.518e-05,2.565e-05,2.57e-05,2.619e-05,2.671e-05,2.636e-05,2.665e-05,2.586e-05
brief,3.21e-05,3.021e-05,2.931e-05,2.896e-05,2.967e-05,2.979e-05,2.883e-05,2.871e-05,3.116e-05
ended,2.269e-05,2.308e-05,2.28e-05,2.406e-05,2.497e-05,2.671e-05,2.657e-05,2.789e-05,2.289e-05
winning,4.923e-05,5.078e-05,5.028e-05,4.711e-05,4.584e-05,4.726e-05,4.675e-05,4.441e-05,5e-05
eight,9.01e-05,8.833e-05,8.815e-05,8.708e-05,8.84e-05,8.938e-05,9.062e-05,8.944e-05,8.921e-05
anonymous,2.996e-05,2.937e-05,2.85e-05,2.774e-05,2.701e-05,2.651e-05,2.657e-05,2.623e-05,2.967e-05
iron,2.076e-05,2.14e-05,2.178e-05,2.162e-05,2.231e-05,2.157e-05,2.121e-05,2.169e-05,2.108e-05
straight,6.335e-05,6.19e-05,6.413e-05,6.322e-05,6.18e-05,6.164e-05,6.508e-05,6.59e-05,6.262e-05
script,4.816e-05,5.015e-05,5.008e-05,5.18e-05,5.28e-05,5.075e-05,4.881e-05,5.02e-05,4.915e-05
served,0.00020418,0.00021066,0.00022047,0.00022331,0.0002337,0.00023588,0.00024139,0.00024251,0.00020742
wants,1.134e-05,1.07e-05,1.12e-05,1.162e-05,1.207e-05,1.233e-05,1.215e-05,1.198e-05,1.102e-05
miscellaneous,6.21e-06,4.2e-06,3.87e-06,4.49e-06,4.3e-06,4.52e-06,4.53e-06,4.34e-06,5.21e-06
prepared,2.162e-05,2.098e-05,2.097e-05,1.999e-05,1.924e-05,1.87e-05,1.957e-05,1.838e-05,2.13e-05
void,6.63e-06,6.5e-06,6.11e-06,6.32e-06,4.5e-06,4.73e-06,4.94e-06,4.75e-06,6.56e-06
dining,3.85e-06,2.94e-06,2.65e-06,2.65e-06,3.07e-06,3.08e-06,3.09e-06,3.1e-06,3.4e-06
alert,5.56e-06,6.08e-06,8.35e-06,8.57e-06,8.59e-06,8.84e-06,8.86e-06,9.09e-06,5.82e-06
integration,0.00013077,0.00012799,0.00012764,0.00013052,0.00010825,0.00010869,0.00010792,0.00010927,0.00012938
atlanta,7.92e-06,7.76e-06,7.94e-06,8.36e-06,7.78e-06,5.75e-06,5.97e-06,5.99e-06,7.84e-06
dakota,5.78e-06,6.5e-06,5.9e-06,6.32e-06,5.53e-06,5.14e-06,5.35e-06,5.99e-06,6.14e-06
tag,1.113e-05,1.07e-05,8.75e-06,9.58e-06,7.98e-06,8.84e-06,9.06e-06,8.88e-06,1.091e-05
interview,2.247e-05,2.371e-05,2.28e-05,2.243e-05,2.169e-05,2.096e-05,1.977e-05,1.818e-05,2.309e-05
mix,1.605e-05,1.783e-05,1.791e-05,1.835e-05,1.883e-05,1.911e-05,1.895e-05,1.88e-05,1.694e-05
framework,0.0001205,0.00012148,0.00012072,0.00012297,0.00012237,0.00012164,0.00012522,0.00012849,0.00012099
disk,0.00010851,0.00010764,0.00010464,0.00010666,0.00010539,0.00010561,0.00010463,0.00010556,0.00010808
installed,2.247e-05,2.371e-05,2.341e-05,2.304e-05,2.415e-05,2.486e-05,2.369e-05,2.272e-05,2.309e-05
queen,5.244e-05,5.12e-05,4.845e-05,4.813e-05,4.625e-05,4.315e-05,4.408e-05,4.214e-05,5.182e-05
vhs,1.71e-06,1.68e-06,1.43e-06,1.63e-06,8.2e-07,8.2e-07,8.2e-07,8.3e-07,1.69e-06
credits,7.92e-06,7.76e-06,7.53e-06,8.16e-06,7.78e-06,7.4e-06,7e-06,7.64e-06,7.84e-06
clearly,3.103e-05,2.979e-05,2.972e-05,2.916e-05,2.865e-05,2.774e-05,2.677e-05,2.623e-05,3.041e-05
fix,1.477e-05,1.448e-05,1.242e-05,1.244e-05,1.187e-05,1.151e-05,1.195e-05,1.239e-05,1.462e-05
handle,3.917e-05,3.693e-05,3.685e-05,3.712e-05,3.643e-05,3.637e-05,3.604e-05,3.615e-05,3.805e-05
sweet,8.13e-06,7.34e-06,7.13e-06,6.93e-06,7.98e-06,7.4e-06,6.59e-06,6.61e-06,7.73e-06
desk,7.06e-06,7.13e-06,6.51e-06,5.91e-06,5.93e-06,5.96e-06,5.35e-06,5.58e-06,7.1e-06
criteria,5.971e-05,5.308e-05,5.435e-05,5.486e-05,5.546e-05,5.568e-05,5.808e-05,5.97e-05,5.64e-05
pubmed,3.42e-06,3.36e-06,3.26e-06,3.26e-06,3.48e-06,3.49e-06,3.5e-06,3.31e-06,3.39e-06
dave,9.85e-06,9.86e-06,8.96e-06,8.77e-06,8.8e-06,8.22e-06,8.24e-06,8.47e-06,9.85e-06
massachusetts,8.561e-05,9.169e-05,9.324e-05,9.177e-05,9.209e-05,9.061e-05,9.124e-05,8.862e-05,8.865e-05
diego,2.611e-05,2.874e-05,2.993e-05,2.855e-05,2.865e-05,2.815e-05,2.78e-05,2.685e-05,2.742e-05
hong,2.418e-05,2.392e-05,2.463e-05,2.447e-05,2.353e-05,2.404e-05,2.43e-05,2.438e-05,2.405e-05
vice,0.00010316,0.0001091,0.00011054,0.00010951,0.00011112,0.00010869,0.00011039,0.00011258,0.00010613
associate,0.00010744,0.0001196,0.00012784,0.00012746,0.00012667,0.00012123,0.00011905,0.00011465,0.00011352
ne,5.14e-06,5.04e-06,5.29e-06,4.89e-06,4.91e-06,4.73e-06,4.12e-06,4.34e-06,5.09e-06
truck,4.71e-06,4.62e-06,5.09e-06,5.3e-06,4.3e-06,4.73e-06,4.94e-06,4.96e-06,4.67e-06
behavior,0.00016844,0.00017541,0.0001767,0.00017661,0.00017701,0.00017753,0.00018248,0.0001855,0.00017193
enlarge,4.3e-07,8.4e-07,8.1e-07,8.2e-07,8.2e-07,8.2e-07,8.2e-07,8.3e-07,6.4e-07
ray,8.561e-05,8.183e-05,8.713e-05,8.932e-05,9.045e-05,9.102e-05,9.062e-05,9.213e-05,8.372e-05
frequently,0.00011172,0.00010827,0.00011074,0.00010951,0.00010948,0.00011178,0.00011122,0.00010762,0.00010999
revenue,1.948e-05,1.867e-05,1.914e-05,1.897e-05,1.965e-05,2.075e-05,2.08e-05,2.024e-05,1.907e-05
measure,0.00044582,0.00045153,0.0004501,0.00045253,0.00045429,0.00045491,0.00045229,0.00045218,0.00044867
changing,6.1e-05,5.959e-05,5.985e-05,5.996e-05,5.955e-05,6.041e-05,6.014e-05,6.238e-05,6.029e-05
votes,6.85e-06,8.18e-06,8.75e-06,8.97e-06,8.59e-06,9.04e-06,9.06e-06,9.5e-06,7.52e-06
du,4.345e-05,4.847e-05,4.723e-05,4.772e-05,4.85e-05,4.561e-05,4.572e-05,4.462e-05,4.596e-05
duty,1.027e-05,1.049e-05,8.75e-06,8.77e-06,8.8e-06,8.84e-06,9.68e-06,1.012e-05,1.038e-05
looked,8.35e-06,7.76e-06,7.53e-06,7.55e-06,7.78e-06,7.4e-06,7.62e-06,7.23e-06,8.05e-06
discussions,1.734e-05,1.679e-05,1.669e-05,1.774e-05,1.658e-05,1.644e-05,1.689e-05,1.838e-05,1.707e-05
bear,3.339e-05,3.357e-05,3.379e-05,3.304e-05,3.233e-05,3.144e-05,3.172e-05,3.181e-05,3.348e-05
gain,7.063e-05,6.882e-05,6.636e-05,6.934e-05,7.08e-05,7.068e-05,7.003e-05,6.899e-05,6.973e-05
festival,1.755e-05,1.7e-05,1.71e-05,1.733e-05,1.698e-05,1.788e-05,1.812e-05,1.838e-05,1.727e-05
laboratory,0.00013184,0.00013596,0.00013843,0.00014031,0.00013977,0.00013725,0.00013552,0.00013468,0.0001339
ocean,0.0002823,0.0002757,0.00027157,0.00027123,0.0002736,0.00027327,0.00027516,0.00027556,0.000279
flights,8.6e-07,1.05e-06,1.02e-06,1.02e-06,1.02e-06,8.2e-07,8.2e-07,8.3e-07,9.5e-07
experts,3.21e-05,3.252e-05,3.257e-05,3.202e-05,3.131e-05,3.185e-05,3.069e-05,3.202e-05,3.231e-05
signs,4.452e-05,4.679e-05,4.601e-05,4.589e-05,4.543e-05,4.5e-05,4.593e-05,4.524e-05,4.565e-05
lack,4.495e-05,4.553e-05,4.519e-05,4.568e-05,4.686e-05,4.603e-05,4.572e-05,4.668e-05,4.524e-05
depth,5.436e-05,5.497e-05,5.619e-05,5.812e-05,5.73e-05,5.712e-05,5.87e-05,5.763e-05,5.466e-05
iowa,2.29e-05,2.224e-05,2.443e-05,2.406e-05,2.251e-05,2.24e-05,2.286e-05,2.376e-05,2.257e-05
whatever,1.241e-05,1.154e-05,1.16e-05,1.183e-05,1.166e-05,1.151e-05,1.153e-05,1.053e-05,1.197e-05
logged,1.28e-06,1.26e-06,1.22e-06,1.43e-06,1.23e-06,1.44e-06,1.44e-06,1.24e-06,1.27e-06
laptop,3.85e-06,3.57e-06,3.46e-06,4.08e-06,3.68e-06,3.9e-06,3.91e-06,4.13e-06,3.71e-06
vintage,1.71e-06,1.68e-06,1.63e-06,1.22e-06,1.43e-06,1.64e-06,1.65e-06,1.65e-06,1.69e-06
train,1.712e-05,1.762e-05,1.832e-05,1.795e-05,1.842e-05,1.87e-05,1.977e-05,1.776e-05,1.737e-05
exactly,0.0001511,0.00015002,0.00014861,0.00015152,0.00015286,0.00015677,0.00015653,0.00015265,0.00015056
dry,1.348e-05,1.301e-05,1.283e-05,1.224e-05,1.228e-05,1.356e-05,1.318e-05,1.281e-05,1.324e-05
explore,1.669e-05,1.658e-05,1.73e-05,1.631e-05,1.658e-05,1.623e-05,1.648e-05,1.776e-05,1.663e-05
maryland,3.959e-05,3.945e-05,3.888e-05,3.854e-05,3.724e-05,3.74e-05,3.748e-05,3.636e-05,3.952e-05
spa,2.35e-06,2.1e-06,2.04e-06,1.84e-06,2.25e-06,2.67e-06,2.47e-06,2.27e-06,2.22e-06
concept,0.00042356,0.00042509,0.00042689,0.00042949,0.00043301,0.0004319,0.00043643,0.00044392,0.00042433
nearly,7.106e-05,7.05e-05,7.105e-05,7.179e-05,7.06e-05,7.048e-05,7.044e-05,7.065e-05,7.078e-05
eligible,6.63e-06,6.92e-06,7.13e-06,7.34e-06,7.57e-06,7.19e-06,6.8e-06,7.23e-06,6.78e-06
checkout,6.4e-07,6.3e-07,6.1e-07,6.1e-07,8.2e-07,6.2e-07,6.2e-07,6.2e-07,6.4e-07
reality,4.687e-05,4.868e-05,4.967e-05,4.976e-05,5.055e-05,5.055e-05,4.902e-05,5.082e-05,4.777e-05
forgot,0.0,0.0,0.0,0.0,0.0,0.0,0.0,2.1e-07,0.0
handling,2.226e-05,2.245e-05,2.178e-05,2.182e-05,2.108e-05,2.096e-05,2.142e-05,2.169e-05,2.235e-05
origin,0.00012906,0.00013009,0.00012866,0.00013235,0.00013547,0.00013581,0.00013326,0.00013365,0.00012957
knew,8.35e-06,8.81e-06,9.36e-06,9.38e-06,8.8e-06,8.01e-06,7.41e-06,7.44e-06,8.58e-06
gaming,1.177e-05,1.238e-05,1.14e-05,9.38e-06,9e-06,8.63e-06,9.27e-06,8.88e-06,1.208e-05
feeds,4.49e-06,4.2e-06,4.07e-06,4.08e-06,3.68e-06,3.7e-06,3.71e-06,3.31e-06,4.34e-06
billion,3.81e-05,3.777e-05,3.685e-05,3.528e-05,3.499e-05,3.514e-05,3.543e-05,3.636e-05,3.793e-05
destination,2.333e-05,2.371e-05,2.178e-05,2.141e-05,2.108e-05,2.157e-05,2.204e-05,2.148e-05,2.352e-05
scotland,4.409e-05,4.385e-05,4.601e-05,4.446e-05,4.482e-05,4.376e-05,4.263e-05,4.214e-05,4.397e-05
faster,5.95e-05,6.043e-05,6.087e-05,6.138e-05,6.139e-05,6.267e-05,6.385e-05,6.362e-05,5.996e-05
intelligence,0.00024121,0.00025346,0.00025711,0.000259,0.00026009,0.00026136,0.00025621,0.000258,0.00024734
dallas,3.85e-06,3.99e-06,4.07e-06,4.49e-06,4.5e-06,4.52e-06,4.33e-06,4.96e-06,3.92e-06
bought,1.027e-05,1.07e-05,1.14e-05,1.183e-05,1.269e-05,1.274e-05,1.236e-05,1.198e-05,1.048e-05
con,3.85e-06,3.57e-06,3.87e-06,3.67e-06,3.68e-06,3.9e-06,3.91e-06,3.92e-06,3.71e-06
ups,4.71e-06,4.62e-06,4.48e-06,4.08e-06,4.09e-06,3.9e-06,3.91e-06,4.13e-06,4.67e-06
nations,4.88e-05,4.931e-05,4.804e-05,5.098e-05,4.952e-05,4.89e-05,4.819e-05,4.896e-05,4.905e-05
route,2.269e-05,2.434e-05,2.423e-05,2.488e-05,2.578e-05,2.301e-05,2.307e-05,2.272e-05,2.352e-05
followed,9.503e-05,9.547e-05,9.833e-05,9.891e-05,0.0001015,0.00010273,0.00010051,0.00010039,9.525e-05
specifications,2.911e-05,2.791e-05,2.789e-05,2.651e-05,2.763e-05,2.733e-05,2.595e-05,2.789e-05,2.851e-05
broken,3.81e-05,3.84e-05,3.848e-05,3.752e-05,3.704e-05,3.76e-05,3.748e-05,3.636e-05,3.825e-05
tripadvisor,0.0,0.0,0.0,0.0,0.0,0.0,0.0,0.0,0.0
frank,6.763e-05,6.756e-05,6.942e-05,6.934e-05,6.855e-05,6.739e-05,6.797e-05,6.796e-05,6.759e-05
alaska,1.177e-05,1.091e-05,1.14e-05,1.142e-05,1.105e-05,1.089e-05,1.133e-05,1.136e-05,1.134e-05
zoom,2.57e-06,2.31e-06,2.44e-06,3.26e-06,3.27e-06,3.08e-06,2.47e-06,2.07e-06,2.44e-06
blow,4.71e-06,4.41e-06,4.07e-06,4.28e-06,4.3e-06,4.93e-06,4.94e-06,4.75e-06,4.56e-06
battle,3.489e-05,3.294e-05,3.196e-05,3.222e-05,3.192e-05,3.267e-05,3.275e-05,3.264e-05,3.392e-05
residential,8.56e-06,8.81e-06,7.94e-06,7.75e-06,7.78e-06,7.4e-06,7.41e-06,7.44e-06,8.68e-06
anime,7.7e-06,7.13e-06,6.72e-06,6.53e-06,6.75e-06,6.16e-06,6.18e-06,5.99e-06,7.42e-06
speak,1.541e-05,1.595e-05,1.547e-05,1.468e-05,1.412e-05,1.356e-05,1.359e-05,1.363e-05,1.568e-05
decisions,5.736e-05,5.686e-05,5.334e-05,5.323e-05,5.361e-05,5.507e-05,5.685e-05,5.846e-05,5.711e-05
industries,2.418e-05,2.581e-05,2.626e-05,2.814e-05,2.804e-05,2.815e-05,2.925e-05,2.913e-05,2.5e-05
protocol,0.00015709,0.0001582,0.00015573,0.00015519,0.00015818,0.00016129,0.00016044,0.00016319,0.00015764
query,3.917e-05,3.903e-05,3.888e-05,3.936e-05,3.99e-05,4.048e-05,4.016e-05,4.007e-05,3.91e-05
clip,3.42e-06,3.57e-06,3.46e-06,3.26e-06,3.48e-06,3.29e-06,3.09e-06,2.89e-06,3.49e-06
partnership,1.134e-05,1.133e-05,1.506e-05,1.407e-05,1.432e-05,1.459e-05,1.442e-05,1.425e-05,1.133e-05
editorial,4.345e-05,4.511e-05,4.418e-05,4.283e-05,4.379e-05,4.233e-05,4.099e-05,4.069e-05,4.428e-05
nt,9.63e-06,9.65e-06,9.57e-06,9.58e-06,9.82e-06,1.151e-05,1.153e-05,1.074e-05,9.64e-06
expression,0.00014853,0.00015149,0.00015044,0.00015112,0.00014816,0.00014958,0.00014973,0.00015203,0.00015001
es,9.85e-06,9.65e-06,9.57e-06,9.58e-06,9.21e-06,8.42e-06,8.86e-06,8.88e-06,9.75e-06
equity,2.397e-05,2.329e-05,2.199e-05,2.325e-05,2.374e-05,2.301e-05,2.204e-05,2.21e-05,2.363e-05
provisions,3.42e-06,4.2e-06,3.46e-06,3.47e-06,3.68e-06,3.7e-06,4.33e-06,3.92e-06,3.81e-06
speech,6.763e-05,6.819e-05,7.145e-05,7.158e-05,7.203e-05,7.109e-05,7.167e-05,7.147e-05,6.791e-05
wire,1.969e-05,2.14e-05,2.3e-05,2.243e-05,2.312e-05,2.301e-05,2.307e-05,2.024e-05,2.055e-05
principles,0.00010787,0.00010931,0.00010708,0.00010564,0.00010907,0.00010828,0.00010916,0.00010783,0.00010859
suggestions,4.07e-06,3.78e-06,3.66e-06,3.26e-06,3.68e-06,3.7e-06,3.5e-06,3.31e-06,3.92e-06
rural,6.21e-06,6.08e-06,6.92e-06,6.93e-06,7.16e-06,7.81e-06,8.03e-06,7.64e-06,6.14e-06
shared,7.17e-05,7.26e-05,7.227e-05,7.321e-05,7.49e-05,7.274e-05,7.332e-05,7.189e-05,7.215e-05
sounds,1.819e-05,1.783e-05,1.934e-05,1.937e-05,1.801e-05,1.644e-05,1.545e-05,1.57e-05,1.801e-05
replacement,3.489e-05,3.714e-05,3.827e-05,3.834e-05,3.806e-05,3.904e-05,3.851e-05,3.987e-05,3.601e-05
tape,3.745e-05,3.693e-05,3.705e-05,3.773e-05,3.827e-05,3.781e-05,3.831e-05,3.822e-05,3.719e-05
strategic,2.697e-05,2.602e-05,2.626e-05,2.712e-05,2.742e-05,2.815e-05,2.883e-05,2.83e-05,2.65e-05
judge,1.755e-05,1.679e-05,1.71e-05,1.672e-05,1.739e-05,1.746e-05,1.771e-05,1.9e-05,1.717e-05
spam,8.13e-06,7.97e-06,7.13e-06,6.12e-06,6.75e-06,6.78e-06,7e-06,7.23e-06,8.05e-06
economics,0.00022473,0.00022534,0.00022535,0.00022637,0.00022817,0.00021965,0.00022038,0.00022061,0.00022504
acid,4.088e-05,4.322e-05,4.397e-05,4.527e-05,4.175e-05,4.192e-05,4.099e-05,4.338e-05,4.205e-05
bytes,2.397e-05,2.329e-05,2.382e-05,2.447e-05,2.681e-05,2.794e-05,2.698e-05,2.685e-05,2.363e-05
cent,7.06e-06,7.76e-06,7.94e-06,9.38e-06,9.41e-06,9.66e-06,1.009e-05,8.68e-06,7.41e-06
forced,2.119e-05,1.972e-05,1.934e-05,1.958e-05,1.862e-05,1.993e-05,1.977e-05,2.086e-05,2.045e-05
compatible,4.88e-05,4.658e-05,4.804e-05,4.894e-05,4.952e-05,4.89e-05,4.819e-05,4.834e-05,4.769e-05
fight,1.177e-05,1.259e-05,1.181e-05,1.224e-05,1.248e-05,1.438e-05,1.339e-05,1.405e-05,1.218e-05
apartment,3.42e-06,3.99e-06,3.87e-06,3.87e-06,3.27e-06,3.29e-06,3.3e-06,3.31e-06,3.71e-06
height,7.255e-05,7.448e-05,7.227e-05,7.015e-05,6.671e-05,6.822e-05,6.817e-05,6.982e-05,7.352e-05
,5.607e-05,5.686e-05,5.904e-05,5.955e-05,6.139e-05,6.082e-05,6.158e-05,6.176e-05,5.646e-05
zero,0.00042698,0.00042614,0.00041712,0.00042011,0.00042831,0.00042265,0.00042799,0.00042966,0.00042656
speaker,8.133e-05,8.959e-05,9.751e-05,9.687e-05,9.495e-05,9.369e-05,9.165e-05,9.006e-05,8.546e-05
filed,8.78e-06,9.02e-06,8.96e-06,8.57e-06,7.78e-06,7.6e-06,8.03e-06,8.26e-06,8.9e-06
gb,6.63e-06,6.5e-06,9.16e-06,8.77e-06,7.98e-06,6.78e-06,7e-06,7.23e-06,6.56e-06
netherlands,5.351e-05,5.413e-05,5.395e-05,5.486e-05,5.464e-05,5.404e-05,5.52e-05,5.495e-05,5.382e-05
obtain,7.512e-05,7.595e-05,7.512e-05,7.525e-05,7.326e-05,7.438e-05,7.497e-05,7.498e-05,7.554e-05
bc,6.207e-05,5.917e-05,5.741e-05,5.812e-05,5.832e-05,5.774e-05,5.19e-05,5.371e-05,6.062e-05
consulting,1.948e-05,2.098e-05,1.893e-05,1.693e-05,1.739e-05,1.788e-05,1.771e-05,1.673e-05,2.023e-05
recreation,1.71e-06,1.68e-06,2.24e-06,2.04e-06,1.84e-06,1.64e-06,1.65e-06,1.65e-06,1.69e-06
offices,1.862e-05,1.762e-05,1.812e-05,1.774e-05,1.801e-05,1.89e-05,1.936e-05,2.004e-05,1.812e-05
designer,4.216e-05,4.238e-05,4.316e-05,4.242e-05,4.338e-05,3.637e-05,3.707e-05,3.78e-05,4.227e-05
remain,5.329e-05,5.161e-05,5.069e-05,5.098e-05,5.259e-05,5.198e-05,5.376e-05,5.371e-05,5.245e-05
managed,2.633e-05,2.644e-05,2.524e-05,2.508e-05,2.394e-05,2.507e-05,2.554e-05,2.644e-05,2.638e-05
pr,1.049e-05,9.65e-06,7.94e-06,7.95e-06,7.57e-06,6.78e-06,7e-06,6.4e-06,1.007e-05
failed,1.948e-05,1.951e-05,1.853e-05,1.835e-05,1.924e-05,1.87e-05,1.812e-05,1.776e-05,1.95e-05
marriage,2.226e-05,2.35e-05,2.341e-05,2.264e-05,2.067e-05,2.014e-05,2.08e-05,2.066e-05,2.288e-05
roll,1.883e-05,1.762e-05,1.812e-05,1.713e-05,1.739e-05,1.849e-05,1.792e-05,1.756e-05,1.823e-05
korea,2.333e-05,2.245e-05,2.382e-05,2.203e-05,2.292e-05,2.466e-05,2.575e-05,2.665e-05,2.289e-05
banks,2.504e-05,2.476e-05,2.423e-05,2.304e-05,2.353e-05,2.281e-05,2.327e-05,2.19e-05,2.49e-05
fr,2.162e-05,1.762e-05,1.751e-05,1.733e-05,1.535e-05,1.11e-05,1.03e-05,9.71e-06,1.962e-05
participants,4.495e-05,4.784e-05,4.804e-05,4.548e-05,4.686e-05,4.849e-05,4.799e-05,4.978e-05,4.64e-05
secret,8.39e-05,8.078e-05,7.878e-05,7.892e-05,7.735e-05,7.705e-05,7.662e-05,7.622e-05,8.234e-05
bath,1.134e-05,1.133e-05,1.099e-05,1.06e-05,1.064e-05,1.089e-05,1.071e-05,1.033e-05,1.133e-05
aa,8.13e-06,8.18e-06,7.94e-06,7.95e-06,7.98e-06,8.42e-06,9.27e-06,9.3e-06,8.15e-06
kelly,1.776e-05,1.804e-05,1.608e-05,1.448e-05,1.33e-05,1.356e-05,1.236e-05,1.136e-05,1.79e-05
leads,6.357e-05,6.504e-05,6.657e-05,6.506e-05,6.426e-05,6.328e-05,6.22e-05,6.362e-05,6.431e-05
negative,0.00025127,0.00025094,0.00024999,0.00025533,0.000256,0.00025992,0.00026239,0.00025821,0.00025111
austin,2.782e-05,2.854e-05,2.708e-05,2.753e-05,2.783e-05,2.753e-05,2.78e-05,2.809e-05,2.818e-05
favorites,8.6e-07,8.4e-07,8.1e-07,8.2e-07,8.2e-07,8.2e-07,8.2e-07,8.3e-07,8.5e-07
toronto,4.816e-05,4.826e-05,4.743e-05,4.548e-05,4.666e-05,4.561e-05,4.449e-05,4.338e-05,4.821e-05
theater,4.71e-06,3.99e-06,5.09e-06,5.1e-06,5.53e-06,5.55e-06,5.77e-06,5.99e-06,4.35e-06
springs,4.49e-06,4.41e-06,4.07e-06,4.08e-06,4.09e-06,3.9e-06,3.5e-06,3.72e-06,4.45e-06
missouri,1.413e-05,1.469e-05,1.506e-05,1.509e-05,1.432e-05,1.438e-05,1.215e-05,1.239e-05,1.441e-05
andrew,5.714e-05,5.707e-05,5.558e-05,5.384e-05,5.484e-05,5.507e-05,5.479e-05,5.288e-05,5.711e-05
var,7.28e-06,7.34e-06,7.53e-06,7.75e-06,7.57e-06,7.6e-06,8.24e-06,8.06e-06,7.31e-06
perform,9.182e-05,9.19e-05,9.548e-05,9.789e-05,9.904e-05,9.945e-05,0.00010113,0.0001006,9.186e-05
healthy,4.28e-06,4.41e-06,4.48e-06,3.67e-06,4.09e-06,4.73e-06,4.94e-06,4.75e-06,4.34e-06
translation,0.00011622,0.00012002,0.0001199,0.00011747,0.00011828,0.00011773,0.00011863,0.00011692,0.00011812
estimates,5.672e-05,6.106e-05,5.904e-05,5.975e-05,5.873e-05,6.041e-05,5.932e-05,5.97e-05,5.889e-05
font,1.049e-05,1.049e-05,9.77e-06,9.38e-06,1.023e-05,9.66e-06,9.89e-06,9.92e-06,1.049e-05
assets,3.981e-05,3.882e-05,3.766e-05,3.814e-05,3.765e-05,3.822e-05,3.81e-05,3.636e-05,3.931e-05
injury,8.56e-06,9.23e-06,8.96e-06,9.18e-06,9.21e-06,9.04e-06,8.86e-06,9.3e-06,8.89e-06
mt,7.06e-06,7.13e-06,6.72e-06,5.91e-06,5.93e-06,4.52e-06,4.53e-06,4.75e-06,7.1e-06
joseph,0.00011921,0.0001219,0.00012092,0.00012093,0.00012033,0.00011938,0.00011925,0.0001194,0.00012056
ministry,3.467e-05,3.504e-05,3.522e-05,3.528e-05,3.499e-05,3.493e-05,3.44e-05,3.367e-05,3.486e-05
drivers,8.78e-06,8.6e-06,7.94e-06,7.95e-06,7.78e-06,7.6e-06,6.38e-06,7.02e-06,8.69e-06
lawyer,1.413e-05,1.301e-05,1.303e-05,1.346e-05,1.392e-05,1.397e-05,1.421e-05,1.446e-05,1.357e-05
figures,7.427e-05,7.574e-05,7.593e-05,7.668e-05,7.756e-05,7.664e-05,7.621e-05,7.726e-05,7.501e-05
married,6.314e-05,6.127e-05,5.883e-05,5.833e-05,5.689e-05,5.527e-05,5.643e-05,5.391e-05,6.22e-05
protected,1.819e-05,1.825e-05,1.791e-05,1.815e-05,1.903e-05,2.014e-05,2.08e-05,2.107e-05,1.822e-05
proposal,2.097e-05,2.035e-05,2.056e-05,2.121e-05,2.108e-05,2.034e-05,2.08e-05,2.024e-05,2.066e-05
sharing,4.537e-05,4.7e-05,4.764e-05,4.792e-05,4.789e-05,5.034e-05,5.087e-05,5.288e-05,4.618e-05
philadelphia,2.119e-05,2.161e-05,2.138e-05,2.203e-05,2.292e-05,2.301e-05,2.327e-05,2.293e-05,2.14e-05
portal,1.027e-05,1.007e-05,1.16e-05,1.06e-05,1.044e-05,1.007e-05,1.009e-05,9.3e-06,1.017e-05
waiting,1.734e-05,1.783e-05,1.425e-05,1.428e-05,1.392e-05,1.274e-05,1.277e-05,1.26e-05,1.759e-05
birthday,3.703e-05,3.609e-05,3.522e-05,3.487e-05,3.561e-05,3.575e-05,3.46e-05,3.346e-05,3.656e-05
beta,5.094e-05,5.057e-05,4.988e-05,4.833e-05,4.748e-05,4.829e-05,4.861e-05,4.999e-05,5.075e-05
fail,2.825e-05,2.791e-05,2.626e-05,2.61e-05,2.558e-05,2.609e-05,2.554e-05,2.541e-05,2.808e-05
gratis,4.3e-07,4.2e-07,4.1e-07,4.1e-07,4.1e-07,2.1e-07,2.1e-07,2.1e-07,4.3e-07
banking,1.049e-05,9.86e-06,9.77e-06,9.18e-06,9.41e-06,9.04e-06,8.24e-06,8.26e-06,1.017e-05
officials,1.092e-05,1.112e-05,1.038e-05,9.38e-06,9.41e-06,9.86e-06,9.89e-06,9.92e-06,1.102e-05
brian,2.932e-05,2.812e-05,2.952e-05,2.957e-05,2.967e-05,2.815e-05,2.698e-05,2.727e-05,2.872e-05
toward,4.002e-05,3.777e-05,3.786e-05,3.834e-05,3.847e-05,3.904e-05,3.79e-05,3.822e-05,3.889e-05
won,0.00014939,0.00015317,0.00014678,0.00014479,0.00014345,0.00014218,0.00013758,0.00013592,0.00015128
slightly,6.078e-05,6.315e-05,6.066e-05,6.098e-05,6.119e-05,6.205e-05,6.096e-05,6.114e-05,6.197e-05
assist,1.455e-05,1.385e-05,1.384e-05,1.428e-05,1.453e-05,1.459e-05,1.442e-05,1.425e-05,1.42e-05
conduct,1.455e-05,1.616e-05,1.466e-05,1.489e-05,1.432e-05,1.5e-05,1.462e-05,1.508e-05,1.536e-05
contained,8.176e-05,7.994e-05,8.184e-05,8.28e-05,8.452e-05,8.424e-05,8.238e-05,8.345e-05,8.085e-05
lingerie,0.0,0.0,0.0,0.0,0.0,2.1e-07,2.1e-07,2.1e-07,0.0
shemale,0.0,0.0,0.0,0.0,0.0,0.0,0.0,0.0,0.0
legislation,1.07e-05,1.049e-05,1.079e-05,1.06e-05,9.62e-06,1.007e-05,1.03e-05,1.033e-05,1.059e-05
calling,2.376e-05,2.476e-05,2.606e-05,2.59e-05,2.742e-05,2.815e-05,2.657e-05,2.706e-05,2.426e-05
parameters,0.00018577,0.00018401,0.00018525,0.00018477,0.00018295,0.00018348,0.00018248,0.00018302,0.00018489
jazz,8.78e-06,8.81e-06,8.55e-06,7.95e-06,8.19e-06,8.01e-06,8.24e-06,8.26e-06,8.79e-06
serving,4.174e-05,4.28e-05,4.499e-05,4.487e-05,4.85e-05,4.849e-05,4.716e-05,4.586e-05,4.227e-05
bags,1.71e-06,1.26e-06,1.43e-06,1.43e-06,1.64e-06,1.85e-06,1.65e-06,1.65e-06,1.48e-06
profiles,1.562e-05,1.448e-05,1.384e-05,1.428e-05,1.494e-05,1.5e-05,1.483e-05,1.301e-05,1.505e-05
miami,8.99e-06,7.76e-06,7.94e-06,8.57e-06,7.98e-06,9.66e-06,9.27e-06,9.3e-06,8.38e-06
comics,3.81e-05,3.966e-05,3.99e-05,4.038e-05,4.011e-05,3.986e-05,4.037e-05,4.049e-05,3.888e-05
matters,1.541e-05,1.741e-05,1.669e-05,1.672e-05,1.678e-05,1.623e-05,1.524e-05,1.425e-05,1.641e-05
houses,1.263e-05,1.238e-05,1.283e-05,1.468e-05,1.432e-05,1.377e-05,1.339e-05,1.322e-05,1.25e-05
doc,6.42e-06,7.34e-06,6.51e-06,7.55e-06,6.55e-06,5.34e-06,4.94e-06,4.96e-06,6.88e-06
postal,4.71e-06,4.2e-06,5.5e-06,5.91e-06,5.53e-06,5.34e-06,5.56e-06,5.37e-06,4.45e-06
relationships,6.613e-05,6.567e-05,6.759e-05,6.873e-05,6.794e-05,6.965e-05,7.044e-05,7.168e-05,6.59e-05
tennessee,9.63e-06,9.23e-06,9.77e-06,1.02e-05,9.62e-06,9.45e-06,9.47e-06,9.5e-06,9.43e-06
wear,1.627e-05,1.49e-05,1.486e-05,1.57e-05,1.494e-05,1.5e-05,1.462e-05,1.425e-05,1.559e-05
controls,3.061e-05,3.147e-05,3.257e-05,3.365e-05,3.499e-05,3.349e-05,3.44e-05,3.491e-05,3.104e-05
breaking,4.987e-05,4.847e-05,4.641e-05,4.609e-05,4.666e-05,4.459e-05,4.49e-05,4.503e-05,4.917e-05
combined,0.0001205,0.00011456,0.0001142,0.00012522,9.495e-05,9.534e-05,9.742e-05,9.998e-05,0.00011753
ultimate,1.776e-05,1.888e-05,1.934e-05,1.917e-05,1.883e-05,1.89e-05,1.977e-05,2.066e-05,1.832e-05
wales,3.489e-05,3.63e-05,3.807e-05,3.834e-05,3.929e-05,3.986e-05,4.037e-05,4.028e-05,3.56e-05
representative,3.767e-05,3.609e-05,3.501e-05,3.528e-05,3.622e-05,3.678e-05,3.831e-05,3.863e-05,3.688e-05
frequency,0.0002472,0.00024611,0.00024368,0.0002435,0.00024679,0.00024882,0.0002521,0.00025305,0.00024666
introduced,0.00060248,0.00059714,0.00059647,0.00060283,0.00060614,0.00061106,0.00061623,0.00061909,0.00059981
minor,4.794e-05,4.679e-05,5.028e-05,5.078e-05,4.809e-05,4.767e-05,4.655e-05,4.606e-05,4.736e-05
finish,9.63e-06,9.44e-06,9.98e-06,1.02e-05,9.82e-06,1.068e-05,1.092e-05,9.71e-06,9.53e-06
departments,2.954e-05,2.77e-05,2.667e-05,2.855e-05,2.763e-05,2.774e-05,2.739e-05,2.685e-05,2.862e-05
residents,4.71e-06,5.25e-06,5.29e-06,5.91e-06,5.73e-06,5.55e-06,5.15e-06,5.37e-06,4.98e-06
noted,0.00010616,0.00010701,0.00010403,0.00010197,0.00010089,0.0001013,9.968e-05,9.915e-05,0.00010658
displayed,3.724e-05,3.903e-05,3.929e-05,3.997e-05,3.97e-05,3.863e-05,3.934e-05,3.904e-05,3.813e-05
mom,1.71e-06,1.47e-06,1.43e-06,1.63e-06,1.64e-06,1.64e-06,1.65e-06,1.65e-06,1.59e-06
reduced,9.053e-05,8.917e-05,8.957e-05,8.953e-05,9.025e-05,9.164e-05,8.98e-05,9.192e-05,8.985e-05
physics,0.00065513,0.0006584,0.00065998,0.00066075,0.00066323,0.00066058,0.00066463,0.00065978,0.00065676
rare,3.296e-05,3.231e-05,3.155e-05,3.079e-05,2.988e-05,3.041e-05,3.028e-05,3.037e-05,3.264e-05
spent,7.084e-05,7.071e-05,6.921e-05,6.852e-05,6.937e-05,6.76e-05,6.591e-05,6.528e-05,7.077e-05
performed,0.00010273,0.00010239,0.00010077,9.993e-05,9.823e-05,9.883e-05,9.845e-05,9.709e-05,0.00010256
extreme,4.773e-05,4.931e-05,4.784e-05,4.425e-05,4.461e-05,4.479e-05,4.449e-05,4.4e-05,4.852e-05
samples,6.506e-05,6.399e-05,6.575e-05,6.546e-05,6.548e-05,6.431e-05,6.364e-05,6.404e-05,6.453e-05
davis,3.81e-05,3.903e-05,3.868e-05,3.814e-05,3.745e-05,3.637e-05,3.645e-05,3.553e-05,3.856e-05
daniel,6.271e-05,6.651e-05,6.657e-05,6.628e-05,6.692e-05,6.698e-05,6.653e-05,6.651e-05,6.461e-05
bars,1.306e-05,1.301e-05,1.344e-05,1.387e-05,1.473e-05,1.5e-05,1.462e-05,1.529e-05,1.303e-05
reviewed,7.684e-05,7.805e-05,8.102e-05,8.096e-05,8.185e-05,8.239e-05,8.341e-05,8.325e-05,7.745e-05
row,7.983e-05,7.658e-05,7.715e-05,7.688e-05,7.735e-05,8.321e-05,8.197e-05,8.407e-05,7.821e-05
oz,5.56e-06,5.25e-06,5.5e-06,4.89e-06,5.12e-06,5.14e-06,5.15e-06,5.99e-06,5.4e-06
forecast,1.862e-05,1.804e-05,1.629e-05,1.652e-05,1.678e-05,1.788e-05,1.73e-05,1.818e-05,1.833e-05
removed,5.907e-05,5.959e-05,6.25e-05,6.281e-05,6.303e-05,6.596e-05,6.426e-05,6.424e-05,5.933e-05
helps,3.039e-05,2.958e-05,3.135e-05,3.079e-05,3.049e-05,3.123e-05,3.151e-05,3.346e-05,2.998e-05
singles,2.14e-06,2.52e-06,2.24e-06,2.65e-06,2.46e-06,2.26e-06,2.47e-06,2.69e-06,2.33e-06
administrator,2.012e-05,2.14e-05,2.178e-05,2.243e-05,2.292e-05,2.404e-05,2.41e-05,2.293e-05,2.076e-05
cycle,0.00010273,9.903e-05,0.00010484,0.00010788,0.00010866,0.00011116,0.00011431,0.00011485,0.00010088
amounts,3.788e-05,3.987e-05,4.01e-05,3.977e-05,4.011e-05,3.986e-05,3.872e-05,3.801e-05,3.888e-05
contain,0.0001175,0.00011834,0.00011604,0.0001138,0.00011112,0.00011424,0.00011534,0.00011692,0.00011792
accuracy,7.512e-05,7.616e-05,7.919e-05,7.79e-05,7.756e-05,7.993e-05,7.929e-05,8.077e-05,7.564e-05
dual,0.00016822,0.00016576,0.00016734,0.000166,0.00016371,0.00016643,0.00016703,0.00016587,0.00016699
rise,6.999e-05,6.861e-05,6.799e-05,6.709e-05,6.773e-05,6.883e-05,7.003e-05,7.003e-05,6.93e-05
usd,3e-06,2.52e-06,2.44e-06,2.04e-06,3.48e-06,2.88e-06,2.88e-06,1.65e-06,2.76e-06
sleep,1.455e-05,1.259e-05,1.181e-05,1.285e-05,1.248e-05,1.212e-05,1.195e-05,1.343e-05,1.357e-05
mg,3.64e-06,3.57e-06,3.46e-06,3.47e-06,3.68e-06,3.7e-06,3.5e-06,3.92e-06,3.61e-06
bird,2.782e-05,2.916e-05,2.87e-05,2.957e-05,2.926e-05,2.774e-05,2.719e-05,2.685e-05,2.849e-05
pharmacy,2.57e-06,2.73e-06,2.85e-06,2.86e-06,2.86e-06,3.29e-06,3.09e-06,2.89e-06,2.65e-06
brazil,2.804e-05,3.021e-05,2.952e-05,2.835e-05,2.824e-05,2.918e-05,2.822e-05,2.706e-05,2.912e-05
creation,8.176e-05,8.015e-05,7.838e-05,7.729e-05,7.899e-05,7.869e-05,8.115e-05,8.139e-05,8.095e-05
static,5.586e-05,5.455e-05,5.374e-05,5.343e-05,5.3e-05,5.527e-05,5.52e-05,5.433e-05,5.52e-05
scene,2.226e-05,2.203e-05,2.239e-05,2.223e-05,2.128e-05,2.137e-05,2.101e-05,2.128e-05,2.214e-05
hunter,1.969e-05,1.72e-05,1.71e-05,1.611e-05,1.535e-05,1.562e-05,1.565e-05,1.529e-05,1.845e-05
addresses,3.018e-05,3.126e-05,3.135e-05,3.12e-05,3.172e-05,3.144e-05,3.192e-05,3.16e-05,3.072e-05
lady,1.434e-05,1.574e-05,1.608e-05,1.652e-05,1.637e-05,1.644e-05,1.668e-05,1.797e-05,1.504e-05
crystal,4.066e-05,4.007e-05,4.153e-05,4.099e-05,4.195e-05,4.109e-05,4.243e-05,4.049e-05,4.036e-05
famous,0.00011921,0.00011666,0.0001142,0.00011196,0.00010866,0.00010623,0.00010257,0.00010328,0.00011794
writer,8.625e-05,8.917e-05,8.876e-05,8.749e-05,8.922e-05,9e-05,9.351e-05,9.234e-05,8.771e-05
chairman,5.094e-05,5.141e-05,5.191e-05,5.058e-05,5.034e-05,5.178e-05,5.19e-05,5.04e-05,5.117e-05
violence,6.42e-06,6.92e-06,7.33e-06,7.34e-06,7.57e-06,7.4e-06,7.21e-06,7.02e-06,6.67e-06
fans,1.413e-05,1.448e-05,1.466e-05,1.407e-05,1.473e-05,1.459e-05,1.421e-05,1.405e-05,1.43e-05
oklahoma,1.498e-05,1.511e-05,1.466e-05,1.448e-05,1.412e-05,1.438e-05,1.339e-05,1.363e-05,1.504e-05
speakers,1.969e-05,1.888e-05,1.893e-05,1.754e-05,1.78e-05,1.664e-05,1.648e-05,1.653e-05,1.928e-05
drink,5.99e-06,6.29e-06,6.31e-06,5.71e-06,5.73e-06,4.73e-06,4.33e-06,4.54e-06,6.14e-06
academy,0.00035015,0.00035585,0.00035299,0.00034159,0.00035198,0.00034745,0.00034828,0.00034352,0.000353
dynamic,0.00014297,0.0001433,0.00014189,0.00014194,0.000141,0.00014362,0.00014561,0.00014336,0.00014313
gender,1.156e-05,1.301e-05,1.568e-05,1.53e-05,1.576e-05,1.623e-05,1.565e-05,1.632e-05,1.229e-05
eat,4.28e-06,4.62e-06,4.28e-06,4.49e-06,4.3e-06,4.11e-06,3.91e-06,4.34e-06,4.45e-06
permanent,3.446e-05,3.336e-05,3.583e-05,3.508e-05,3.458e-05,3.493e-05,3.501e-05,3.574e-05,3.391e-05
agriculture,2.44e-05,2.665e-05,2.545e-05,2.386e-05,2.415e-05,2.404e-05,2.41e-05,2.438e-05,2.553e-05
dell,8.35e-06,8.18e-06,8.35e-06,9.38e-06,9.82e-06,9.45e-06,9.89e-06,1.012e-05,8.26e-06
cleaning,2.35e-06,2.31e-06,2.24e-06,2.24e-06,2.46e-06,2.47e-06,2.68e-06,2.48e-06,2.33e-06
constitutes,1.477e-05,1.574e-05,1.568e-05,1.611e-05,1.678e-05,1.603e-05,1.606e-05,1.591e-05,1.525e-05
portfolio,5.158e-05,5.015e-05,4.641e-05,4.731e-05,4.768e-05,4.767e-05,4.819e-05,4.854e-05,5.086e-05
practical,0.00013013,0.00012757,0.00012947,0.00012991,0.00012872,0.00012924,0.00013078,0.00013138,0.00012885
delivered,2.44e-05,2.455e-05,2.321e-05,2.162e-05,2.21e-05,2.137e-05,2.039e-05,1.962e-05,2.447e-05
collectibles,1.07e-06,8.4e-07,8.1e-07,8.2e-07,8.2e-07,8.2e-07,8.2e-07,8.3e-07,9.5e-07
infrastructure,4.195e-05,4.406e-05,4.234e-05,4.364e-05,4.461e-05,4.644e-05,4.614e-05,4.668e-05,4.3e-05
exclusive,1.862e-05,1.825e-05,1.791e-05,1.999e-05,2.005e-05,2.075e-05,2.204e-05,2.148e-05,1.844e-05
seat,7.7e-06,7.97e-06,8.14e-06,7.95e-06,7.78e-06,8.22e-06,7.83e-06,7.64e-06,7.84e-06
concerns,6.699e-05,7.029e-05,7.532e-05,7.301e-05,7.551e-05,7.664e-05,7.662e-05,7.85e-05,6.864e-05
colour,9.46e-05,9.777e-05,9.466e-05,9.789e-05,9.761e-05,0.00010273,9.989e-05,9.605e-05,9.618e-05
vendor,5.78e-06,5.04e-06,5.29e-06,5.1e-06,4.71e-06,4.73e-06,4.94e-06,5.16e-06,5.41e-06
originally,0.00025062,0.00024863,0.000251,0.00025349,0.00025682,0.00025725,0.00025745,0.00026048,0.00024963
intel,3.531e-05,4.112e-05,3.848e-05,3.814e-05,3.643e-05,3.801e-05,3.831e-05,3.883e-05,3.821e-05
utilities,1.327e-05,1.259e-05,1.303e-05,1.244e-05,1.351e-05,1.397e-05,1.442e-05,1.301e-05,1.293e-05
philosophy,0.0003495,0.00033759,0.00033345,0.0003314,0.0003352,0.00034026,0.00033942,0.00033381,0.00034355
regulation,2.183e-05,1.993e-05,1.975e-05,1.835e-05,1.842e-05,1.89e-05,1.915e-05,1.942e-05,2.088e-05
officers,1.327e-05,1.385e-05,1.506e-05,1.652e-05,1.719e-05,1.644e-05,1.545e-05,1.549e-05,1.356e-05
reduction,9.182e-05,9.421e-05,9.405e-05,9.218e-05,9.27e-05,9.452e-05,9.33e-05,9.068e-05,9.302e-05
aim,4.687e-05,4.511e-05,4.499e-05,4.589e-05,4.686e-05,4.623e-05,4.593e-05,4.648e-05,4.599e-05
bids,2.78e-06,2.52e-06,2.65e-06,2.45e-06,2.05e-06,2.05e-06,2.06e-06,2.07e-06,2.65e-06
referred,0.00025811,0.00025472,0.00025752,0.00026124,0.00026767,0.00026916,0.00026692,0.00027205,0.00025641
supports,5.393e-05,5.35e-05,5.537e-05,5.69e-05,5.668e-05,5.589e-05,5.458e-05,5.453e-05,5.371e-05
nutrition,4.07e-06,3.99e-06,4.48e-06,4.49e-06,5.12e-06,4.73e-06,4.74e-06,4.75e-06,4.03e-06
recording,3.039e-05,2.916e-05,2.809e-05,2.774e-05,2.701e-05,2.733e-05,2.76e-05,2.706e-05,2.977e-05
regions,9.588e-05,9.568e-05,9.405e-05,9.442e-05,9.761e-05,9.945e-05,9.783e-05,9.977e-05,9.578e-05
junior,1.712e-05,1.7e-05,1.69e-05,1.631e-05,1.473e-05,1.541e-05,1.545e-05,1.529e-05,1.706e-05
toll,6.42e-06,6.29e-06,6.11e-06,6.12e-06,6.34e-06,6.37e-06,6.18e-06,5.78e-06,6.36e-06
les,4.066e-05,4.196e-05,3.685e-05,3.569e-05,3.54e-05,3.493e-05,3.584e-05,3.429e-05,4.131e-05
cape,1.22e-05,1.259e-05,1.262e-05,1.244e-05,1.248e-05,1.274e-05,1.277e-05,1.322e-05,1.239e-05
ann,2.782e-05,3.063e-05,3.013e-05,2.957e-05,2.906e-05,2.856e-05,2.822e-05,2.851e-05,2.923e-05
rings,0.00011814,0.00011918,0.00011685,0.00011849,0.00011951,0.00012369,0.00012564,0.0001258,0.00011866
meaning,0.00023457,0.0002329,0.00023207,0.00023351,0.00023595,0.00024122,0.00024077,0.00024602,0.00023373
tip,7.92e-06,8.6e-06,9.77e-06,9.58e-06,9.82e-06,8.84e-06,8.86e-06,8.68e-06,8.26e-06
secondary,5.971e-05,6.42e-05,6.535e-05,6.138e-05,6.18e-05,6.185e-05,6.241e-05,6.156e-05,6.195e-05
wonderful,3.21e-06,3.36e-06,3.46e-06,3.67e-06,3.48e-06,3.49e-06,3.5e-06,3.51e-06,3.28e-06
mine,5.35e-06,5.67e-06,5.9e-06,6.12e-06,5.93e-06,5.34e-06,5.97e-06,5.37e-06,5.51e-06
ladies,3e-06,3.36e-06,3.46e-06,3.47e-06,3.48e-06,3.29e-06,3.5e-06,3.31e-06,3.18e-06
henry,9.117e-05,9.463e-05,9.263e-05,9.177e-05,9.311e-05,9.02e-05,8.939e-05,8.903e-05,9.29e-05
ticket,6.85e-06,6.92e-06,6.51e-06,6.53e-06,6.55e-06,6.37e-06,6.18e-06,6.2e-06,6.88e-06
announced,6.742e-05,6.924e-05,7.084e-05,7.015e-05,7.08e-05,7.212e-05,7.167e-05,7.519e-05,6.833e-05
guess,9.63e-06,9.86e-06,9.98e-06,9.18e-06,1.003e-05,9.66e-06,1.009e-05,1.033e-05,9.74e-06
agreed,1.627e-05,1.72e-05,1.608e-05,1.672e-05,1.658e-05,1.562e-05,1.545e-05,1.549e-05,1.674e-05
prevention,8.78e-06,9.44e-06,1.038e-05,1.02e-05,1.064e-05,1.048e-05,1.092e-05,1.033e-05,9.11e-06
whom,4.88e-05,5.245e-05,4.926e-05,4.813e-05,4.686e-05,4.787e-05,4.655e-05,4.71e-05,5.062e-05
ski,2.35e-06,1.89e-06,1.63e-06,1.84e-06,1.84e-06,1.64e-06,1.65e-06,1.65e-06,2.12e-06
soccer,4.92e-06,5.46e-06,4.28e-06,3.47e-06,3.07e-06,3.29e-06,2.47e-06,2.07e-06,5.19e-06
math,0.00023757,0.00023038,0.00021721,0.00020903,0.0002032,0.00019376,0.00018887,0.00018426,0.00023397
import,6.42e-06,5.87e-06,6.11e-06,6.12e-06,5.93e-06,5.55e-06,5.77e-06,5.16e-06,6.14e-06
posting,4.07e-06,3.99e-06,3.87e-06,3.67e-06,3.89e-06,3.7e-06,3.3e-06,3.1e-06,4.03e-06
presence,6.763e-05,6.504e-05,6.575e-05,6.444e-05,6.426e-05,6.534e-05,6.55e-05,6.693e-05,6.633e-05
instant,2.376e-05,2.287e-05,2.199e-05,2.203e-05,2.333e-05,2.322e-05,2.266e-05,2.376e-05,2.331e-05
mentioned,4.43e-05,4.427e-05,4.255e-05,4.201e-05,4.154e-05,4.13e-05,4.099e-05,4.152e-05,4.429e-05
automatic,6.271e-05,6.42e-05,6.311e-05,6.322e-05,6.323e-05,6.328e-05,6.199e-05,6.259e-05,6.345e-05
healthcare,9.85e-06,1.049e-05,1.262e-05,1.326e-05,1.392e-05,1.336e-05,1.298e-05,1.281e-05,1.017e-05
viewing,1.99e-05,1.972e-05,1.832e-05,1.937e-05,1.903e-05,1.89e-05,1.874e-05,1.818e-05,1.981e-05
maintained,4.366e-05,4.301e-05,4.295e-05,4.405e-05,4.461e-05,4.603e-05,4.758e-05,4.772e-05,4.334e-05
ch,2.654e-05,2.56e-05,2.402e-05,2.243e-05,2.108e-05,1.973e-05,1.998e-05,1.983e-05,2.607e-05
increasing,9.289e-05,9.043e-05,8.937e-05,8.953e-05,8.963e-05,9e-05,9.021e-05,9.006e-05,9.166e-05
majority,3.745e-05,3.609e-05,3.705e-05,3.814e-05,3.97e-05,3.924e-05,3.996e-05,3.863e-05,3.677e-05
connected,0.0002198,0.00021821,0.00021884,0.00021862,0.00022408,0.00022602,0.00022903,0.00023301,0.00021901
christ,1.734e-05,1.825e-05,1.893e-05,1.897e-05,1.903e-05,1.849e-05,1.833e-05,1.818e-05,1.78e-05
dan,2.418e-05,2.266e-05,2.26e-05,2.182e-05,2.128e-05,2.199e-05,2.142e-05,2.086e-05,2.342e-05
dogs,1.027e-05,1.007e-05,1.038e-05,1.162e-05,1.248e-05,1.212e-05,1.215e-05,1.157e-05,1.017e-05
sd,5.35e-06,6.5e-06,6.31e-06,5.71e-06,5.32e-06,6.37e-06,6.38e-06,6.61e-06,5.93e-06
directors,1.648e-05,1.658e-05,1.669e-05,1.713e-05,1.678e-05,1.644e-05,1.812e-05,1.818e-05,1.653e-05
aspects,0.000116,0.00011561,0.00011665,0.00011543,0.0001148,0.00011445,0.00011637,0.00011588,0.0001158
austria,3.574e-05,3.504e-05,3.481e-05,3.528e-05,3.54e-05,3.472e-05,3.44e-05,3.388e-05,3.539e-05
ahead,1.284e-05,1.196e-05,1.181e-05,1.162e-05,1.166e-05,1.294e-05,1.256e-05,1.26e-05,1.24e-05
moon,6.421e-05,6.232e-05,6.453e-05,6.22e-05,6.139e-05,6.144e-05,6.302e-05,6.528e-05,6.326e-05
participation,1.627e-05,1.595e-05,1.568e-05,1.591e-05,1.617e-05,1.623e-05,1.586e-05,1.57e-05,1.611e-05
scheme,0.00017186,0.00017834,0.0001767,0.00017763,0.00017701,0.00017342,0.00017362,0.00017476,0.0001751
utility,7.726e-05,7.302e-05,6.921e-05,7.117e-05,6.999e-05,7.191e-05,7.476e-05,7.664e-05,7.514e-05
preview,1.156e-05,1.154e-05,1.14e-05,1.04e-05,1.064e-05,9.86e-06,8.65e-06,8.68e-06,1.155e-05
fly,1.627e-05,1.595e-05,1.893e-05,1.876e-05,1.862e-05,1.911e-05,1.854e-05,1.9e-05,1.611e-05
manner,6.635e-05,6.504e-05,6.453e-05,6.465e-05,6.589e-05,6.513e-05,6.632e-05,6.528e-05,6.57e-05
matrix,0.00061661,0.00061686,0.00062863,0.00062649,0.00063069,0.00064004,0.00065516,0.00064139,0.00061673
containing,0.00012991,0.00012925,0.00012988,0.00012909,0.00012892,0.00012965,0.00013017,0.00013055,0.00012958
combination,0.00011493,0.00011582,0.00011644,0.00011889,0.00012094,0.00012308,0.00012728,0.00012373,0.00011537
devel,0.0,0.0,0.0,0.0,0.0,2.1e-07,2.1e-07,2.1e-07,0.0
amendment,1.027e-05,8.18e-06,7.53e-06,7.95e-06,8.19e-06,8.63e-06,8.86e-06,9.09e-06,9.23e-06
despite,6.934e-05,6.966e-05,6.983e-05,6.995e-05,7.224e-05,7.438e-05,7.6e-05,7.664e-05,6.95e-05
strength,8.026e-05,7.994e-05,8.163e-05,8.137e-05,8.083e-05,8.239e-05,8.238e-05,8.18e-05,8.01e-05
guaranteed,2.14e-05,1.909e-05,2.076e-05,2.06e-05,2.19e-05,2.116e-05,2.204e-05,2.19e-05,2.025e-05
turkey,1.434e-05,1.658e-05,1.669e-05,1.672e-05,1.678e-05,1.685e-05,1.648e-05,1.611e-05,1.546e-05
libraries,3.51e-05,3.546e-05,3.522e-05,3.65e-05,3.602e-05,3.74e-05,3.769e-05,3.842e-05,3.528e-05
proper,0.00011236,0.00011288,0.0001142,0.00011482,0.00011316,0.00011219,0.0001106,0.00011072,0.00011262
distributed,0.00018941,0.00018548,0.00018545,0.00018477,0.00018642,0.00018266,0.00018289,0.00018178,0.00018745
degrees,0.00012842,0.00012547,0.00012642,0.00012787,0.00012565,0.00012862,0.00012893,0.00012497,0.00012694
singapore,2.74e-05,2.623e-05,3.257e-05,2.896e-05,2.926e-05,2.794e-05,2.883e-05,2.975e-05,2.681e-05
enterprises,7.28e-06,7.76e-06,7.74e-06,8.57e-06,7.98e-06,7.6e-06,7.62e-06,7.64e-06,7.52e-06
delta,3.767e-05,3.651e-05,3.909e-05,4.058e-05,4.072e-05,4.13e-05,4.016e-05,4.049e-05,3.709e-05
fear,6.42e-06,6.5e-06,5.5e-06,5.71e-06,5.93e-06,7.19e-06,7.21e-06,7.02e-06,6.46e-06
seeking,1.734e-05,1.7e-05,1.771e-05,1.652e-05,1.576e-05,1.685e-05,1.751e-05,1.756e-05,1.717e-05
inches,1.006e-05,7.97e-06,7.94e-06,7.14e-06,5.73e-06,5.96e-06,5.77e-06,5.99e-06,9.02e-06
phoenix,4.28e-06,4.41e-06,4.48e-06,4.49e-06,4.91e-06,4.52e-06,4.74e-06,4.34e-06,4.34e-06
rs,1.027e-05,1.007e-05,1.099e-05,1.081e-05,1.064e-05,1.068e-05,1.092e-05,1.053e-05,1.017e-05
convention,5.5e-05,5.371e-05,5.334e-05,5.364e-05,5.28e-05,5.548e-05,5.582e-05,5.515e-05,5.436e-05
shares,2.761e-05,2.707e-05,2.85e-05,2.835e-05,2.844e-05,2.938e-05,3.007e-05,3.057e-05,2.734e-05
principal,0.00014297,0.0001454,0.00014494,0.00014418,0.00014672,0.00014403,0.00014294,0.00014171,0.00014419
daughter,3.745e-05,3.798e-05,3.522e-05,3.467e-05,3.377e-05,3.267e-05,3.46e-05,3.367e-05,3.772e-05
standing,3.189e-05,3.189e-05,3.237e-05,3.304e-05,3.315e-05,3.39e-05,3.254e-05,3.181e-05,3.189e-05
voyeur,0.0,0.0,0.0,0.0,0.0,0.0,0.0,0.0,0.0
comfort,2.57e-06,2.52e-06,2.44e-06,2.45e-06,2.25e-06,2.26e-06,2.27e-06,2.07e-06,2.55e-06
colors,0.00018278,0.00017918,0.00017813,0.00017804,0.00017865,0.00018184,0.00017589,0.00017703,0.00018098
wars,1.584e-05,1.49e-05,1.466e-05,1.611e-05,1.678e-05,1.726e-05,1.668e-05,1.694e-05,1.537e-05
cisco,8.13e-06,7.55e-06,7.13e-06,7.34e-06,6.96e-06,5.96e-06,5.77e-06,5.37e-06,7.84e-06
ordering,5.714e-05,5.644e-05,5.822e-05,5.71e-05,5.771e-05,5.691e-05,5.643e-05,5.474e-05,5.679e-05
kept,2.718e-05,2.623e-05,2.524e-05,2.529e-05,2.497e-05,2.363e-05,2.245e-05,2.169e-05,2.671e-05
alpha,4.216e-05,4.091e-05,4.071e-05,4.14e-05,4.175e-05,4.15e-05,4.078e-05,4.111e-05,4.154e-05
appeal,1.156e-05,1.217e-05,1.12e-05,1.162e-05,1.166e-05,1.171e-05,1.339e-05,1.363e-05,1.186e-05
cruise,3.85e-06,4.41e-06,4.07e-06,4.08e-06,4.09e-06,4.31e-06,4.53e-06,4.13e-06,4.13e-06
bonus,1.93e-06,1.68e-06,1.63e-06,2.04e-06,2.05e-06,2.26e-06,2.06e-06,2.07e-06,1.81e-06
certification,4.216e-05,4.406e-05,4.499e-05,4.487e-05,4.502e-05,4.644e-05,4.819e-05,4.916e-05,4.311e-05
previously,0.0001098,0.00011309,0.00011787,0.00012195,0.00012688,0.00012986,0.00013058,0.00013572,0.00011145
hey,8.6e-07,1.05e-06,1.02e-06,1.02e-06,8.2e-07,8.2e-07,1.03e-06,1.03e-06,9.5e-07
bookmark,6.4e-07,6.3e-07,6.1e-07,8.2e-07,8.2e-07,8.2e-07,8.2e-07,8.3e-07,6.4e-07
buildings,3.296e-05,3.294e-05,3.461e-05,3.712e-05,3.683e-05,3.555e-05,3.687e-05,3.698e-05,3.295e-05
specials,1.71e-06,1.68e-06,1.63e-06,1.43e-06,1.64e-06,1.64e-06,2.06e-06,2.07e-06,1.69e-06
beat,1.027e-05,1.196e-05,1.16e-05,1.224e-05,1.289e-05,1.212e-05,1.05e-05,9.3e-06,1.112e-05
disney,4.388e-05,4.301e-05,4.214e-05,4.364e-05,4.42e-05,4.459e-05,4.387e-05,4.421e-05,4.345e-05
household,1.07e-05,1.154e-05,1.201e-05,1.183e-05,1.187e-05,1.253e-05,1.174e-05,1.239e-05,1.112e-05
batteries,4.71e-06,4.83e-06,4.89e-06,5.3e-06,4.09e-06,4.52e-06,4.53e-06,4.75e-06,4.77e-06
adobe,1.113e-05,1.133e-05,1.16e-05,1.162e-05,1.166e-05,1.151e-05,1.133e-05,1.136e-05,1.123e-05
smoking,4.71e-06,4.83e-06,5.29e-06,4.89e-06,5.32e-06,5.55e-06,5.56e-06,5.58e-06,4.77e-06
bbc,3.424e-05,3.294e-05,3.155e-05,3.1e-05,3.131e-05,3.061e-05,3.028e-05,2.892e-05,3.359e-05
becomes,9.824e-05,9.526e-05,9.548e-05,9.442e-05,9.536e-05,9.739e-05,9.536e-05,9.667e-05,9.675e-05
drives,1.841e-05,1.783e-05,1.812e-05,1.754e-05,1.698e-05,1.767e-05,1.812e-05,1.88e-05,1.812e-05
arms,0.0002091,0.0002094,0.00020927,0.00020944,0.0002118,0.00021081,0.0002109,0.00020801,0.00020925
alabama,6.85e-06,6.08e-06,6.72e-06,6.73e-06,6.75e-06,6.78e-06,7e-06,6.82e-06,6.46e-06
tea,4.49e-06,4.2e-06,4.07e-06,3.47e-06,3.48e-06,4.11e-06,4.12e-06,4.13e-06,4.34e-06
improved,6.271e-05,6.336e-05,6.433e-05,6.281e-05,6.016e-05,6.123e-05,6.22e-05,6.342e-05,6.303e-05
trees,7.791e-05,7.91e-05,8.285e-05,8.28e-05,8.452e-05,8.589e-05,8.712e-05,8.697e-05,7.851e-05
avg,1.07e-06,1.05e-06,1.02e-06,1.02e-06,1.02e-06,8.2e-07,8.2e-07,8.3e-07,1.06e-06
achieve,6.613e-05,6.735e-05,6.575e-05,6.608e-05,6.61e-05,6.657e-05,6.611e-05,6.61e-05,6.674e-05
positions,0.00011472,0.00011477,0.00011441,0.00011339,0.00011194,0.0001091,0.00010854,0.00011113,0.00011474
dress,7.49e-06,7.76e-06,8.14e-06,7.95e-06,7.57e-06,7.19e-06,6.38e-06,5.99e-06,7.63e-06
subscription,1.199e-05,1.217e-05,1.303e-05,1.326e-05,1.371e-05,1.397e-05,1.339e-05,1.405e-05,1.208e-05
dealer,3e-06,3.15e-06,3.87e-06,3.67e-06,3.68e-06,3.29e-06,3.3e-06,3.31e-06,3.08e-06
contemporary,5.779e-05,5.833e-05,5.924e-05,5.812e-05,5.832e-05,5.959e-05,5.623e-05,5.639e-05,5.806e-05
sky,4.452e-05,4.238e-05,4.275e-05,4.283e-05,4.359e-05,4.418e-05,4.325e-05,4.379e-05,4.345e-05
utah,1.99e-05,1.972e-05,1.853e-05,1.856e-05,1.76e-05,1.788e-05,1.833e-05,1.715e-05,1.981e-05
nearby,1.948e-05,2.056e-05,2.036e-05,2.019e-05,1.985e-05,2.014e-05,1.998e-05,2.107e-05,2.002e-05
rom,1.37e-05,1.343e-05,1.262e-05,1.244e-05,1.269e-05,1.294e-05,1.298e-05,1.322e-05,1.356e-05
carried,6.292e-05,6.315e-05,6.229e-05,6.098e-05,6.16e-05,6.144e-05,6.096e-05,6.114e-05,6.303e-05
happen,2.097e-05,1.993e-05,2.056e-05,2.039e-05,2.067e-05,2.116e-05,2.06e-05,2.107e-05,2.045e-05
exposure,2.44e-05,2.434e-05,2.606e-05,2.57e-05,2.619e-05,2.692e-05,2.533e-05,2.52e-05,2.437e-05
panasonic,6.4e-07,6.3e-07,6.1e-07,6.1e-07,4.1e-07,4.1e-07,4.1e-07,4.1e-07,6.4e-07
hide,7.49e-06,7.34e-06,6.72e-06,7.14e-06,6.55e-06,6.37e-06,6.59e-06,7.02e-06,7.42e-06
permalink,1.5e-06,1.05e-06,1.02e-06,1.02e-06,8.2e-07,6.2e-07,6.2e-07,6.2e-07,1.28e-06
signature,0.00010573,0.00010386,0.00010077,9.87e-05,9.823e-05,0.00010109,0.00010133,9.936e-05,0.0001048
gambling,8.35e-06,8.81e-06,8.35e-06,6.73e-06,6.55e-06,6.58e-06,6.18e-06,5.78e-06,8.58e-06
refer,0.00017721,0.00017499,0.00017426,0.00016967,0.00017026,0.00017177,0.00016971,0.00017042,0.0001761
miller,3.66e-05,3.651e-05,3.705e-05,3.63e-05,3.52e-05,3.472e-05,3.11e-05,2.913e-05,3.656e-05
provision,5.99e-06,6.08e-06,5.7e-06,5.51e-06,5.32e-06,5.34e-06,5.35e-06,5.37e-06,6.04e-06
outdoors,2.57e-06,2.52e-06,2.24e-06,2.45e-06,2.25e-06,2.05e-06,1.85e-06,1.86e-06,2.55e-06
clothes,5.78e-06,5.25e-06,4.89e-06,4.49e-06,4.3e-06,3.9e-06,3.91e-06,3.92e-06,5.51e-06
caused,6.25e-05,6.462e-05,6.331e-05,6.444e-05,6.385e-05,6.349e-05,6.488e-05,6.651e-05,6.356e-05
luxury,1.93e-06,1.89e-06,1.83e-06,2.04e-06,2.25e-06,2.05e-06,2.06e-06,2.07e-06,1.91e-06
babes,1.07e-06,1.05e-06,1.02e-06,1.02e-06,1.02e-06,1.03e-06,1.03e-06,1.03e-06,1.06e-06
frames,4.131e-05,4.175e-05,4.112e-05,4.099e-05,4.175e-05,4.15e-05,4.099e-05,4.111e-05,4.153e-05
viagra,4.3e-07,4.2e-07,4.1e-07,2e-07,2e-07,2.1e-07,2.1e-07,0.0,4.3e-07
certainly,1.177e-05,1.091e-05,1.038e-05,1.02e-05,1.064e-05,1.048e-05,9.89e-06,9.09e-06,1.134e-05
indeed,4.88e-05,4.784e-05,4.662e-05,4.507e-05,4.482e-05,4.5e-05,4.593e-05,4.462e-05,4.832e-05
newspaper,1.755e-05,1.637e-05,1.669e-05,1.733e-05,1.678e-05,1.705e-05,1.709e-05,1.694e-05,1.696e-05
toy,1.541e-05,1.595e-05,1.69e-05,1.733e-05,1.76e-05,1.808e-05,1.792e-05,1.838e-05,1.568e-05
circuit,9.439e-05,9.274e-05,9.466e-05,9.585e-05,9.741e-05,9.554e-05,9.557e-05,9.481e-05,9.356e-05
layer,7.791e-05,7.91e-05,7.899e-05,7.953e-05,7.94e-05,7.972e-05,8.259e-05,7.788e-05,7.851e-05
printed,5.886e-05,5.665e-05,5.476e-05,5.364e-05,5.218e-05,5.239e-05,5.355e-05,5.329e-05,5.776e-05
slow,3.424e-05,3.378e-05,3.298e-05,3.222e-05,3.274e-05,3.37e-05,3.254e-05,3.284e-05,3.401e-05
removal,1.99e-05,1.888e-05,2.117e-05,2.325e-05,2.292e-05,2.281e-05,2.266e-05,2.334e-05,1.939e-05
easier,5.137e-05,4.889e-05,4.947e-05,4.915e-05,4.87e-05,4.787e-05,4.881e-05,4.854e-05,5.013e-05
src,4.3e-07,4.2e-07,4.1e-07,4.1e-07,4.1e-07,4.1e-07,4.1e-07,4.1e-07,4.3e-07
liability,8.56e-06,8.18e-06,8.35e-06,8.77e-06,7.37e-06,7.4e-06,7.62e-06,7.64e-06,8.37e-06
trademark,1.883e-05,1.93e-05,1.893e-05,1.591e-05,1.494e-05,1.5e-05,1.421e-05,1.425e-05,1.907e-05
hip,4.71e-06,4.41e-06,4.68e-06,4.89e-06,5.12e-06,4.73e-06,4.94e-06,5.16e-06,4.56e-06
printers,9.63e-06,9.65e-06,9.36e-06,9.18e-06,9.21e-06,9.04e-06,9.27e-06,9.09e-06,9.64e-06
faqs,6.4e-07,6.3e-07,6.1e-07,4.1e-07,4.1e-07,0.0,0.0,0.0,6.4e-07
nine,7.041e-05,6.84e-05,6.575e-05,6.526e-05,6.814e-05,6.863e-05,6.714e-05,6.693e-05,6.941e-05
adding,7.769e-05,7.616e-05,7.634e-05,7.688e-05,7.592e-05,7.623e-05,7.559e-05,7.726e-05,7.692e-05
kentucky,7.28e-06,7.55e-06,7.53e-06,7.34e-06,7.37e-06,6.58e-06,7e-06,7.02e-06,7.41e-06
mostly,7.748e-05,7.616e-05,7.491e-05,7.464e-05,7.51e-05,7.808e-05,7.765e-05,7.622e-05,7.682e-05
eric,4.281e-05,4.28e-05,4.234e-05,4.303e-05,4.359e-05,4.212e-05,4.099e-05,4.049e-05,4.28e-05
spot,2.055e-05,1.993e-05,1.934e-05,1.897e-05,1.821e-05,1.829e-05,1.833e-05,1.859e-05,2.024e-05
taylor,6.464e-05,6.63e-05,6.575e-05,6.608e-05,6.589e-05,6.452e-05,6.426e-05,6.424e-05,6.547e-05
trackback,0.0,0.0,0.0,0.0,0.0,0.0,0.0,0.0,0.0
prints,1.348e-05,1.301e-05,1.364e-05,1.326e-05,1.269e-05,1.171e-05,1.174e-05,1.095e-05,1.324e-05
spend,7.92e-06,7.76e-06,7.53e-06,7.55e-06,7.98e-06,7.6e-06,7.62e-06,8.26e-06,7.84e-06
factory,1.284e-05,1.238e-05,1.181e-05,1.162e-05,1.166e-05,1.212e-05,1.174e-05,1.219e-05,1.261e-05
interior,7.148e-05,7.05e-05,7.003e-05,7.24e-05,6.978e-05,7.006e-05,7.167e-05,7.065e-05,7.099e-05
revised,3.168e-05,3.105e-05,2.87e-05,3.895e-05,2.947e-05,2.959e-05,2.904e-05,2.995e-05,3.137e-05
grow,2.055e-05,1.993e-05,2.097e-05,2.039e-05,2.067e-05,2.055e-05,2.101e-05,2.19e-05,2.024e-05
americans,1.905e-05,1.972e-05,1.832e-05,2.019e-05,2.046e-05,1.808e-05,1.874e-05,1.818e-05,1.938e-05
optical,0.00012628,0.00012568,0.00012296,0.00012236,0.00012155,0.00012266,0.00012461,0.00012642,0.00012598
promotion,1.755e-05,1.741e-05,1.69e-05,1.652e-05,1.739e-05,1.726e-05,1.751e-05,1.673e-05,1.748e-05
relative,0.00019969,0.00020079,0.00020032,0.00020292,0.00020525,0.00020506,0.00021008,0.00021277,0.00020024
amazing,2.57e-06,2.31e-06,2.44e-06,2.24e-06,2.46e-06,2.67e-06,2.68e-06,2.89e-06,2.44e-06
clock,4.687e-05,4.784e-05,4.682e-05,4.629e-05,4.87e-05,4.829e-05,4.634e-05,4.772e-05,4.735e-05
dot,4.73e-05,4.511e-05,4.804e-05,4.385e-05,4.154e-05,4.089e-05,4.243e-05,4.4e-05,4.62e-05
hiv,2.57e-06,3.57e-06,4.07e-06,4.49e-06,4.3e-06,4.73e-06,4.74e-06,4.13e-06,3.07e-06
identity,0.00021167,0.00020793,0.00020744,0.00020312,0.00020361,0.00020609,0.00020926,0.00020884,0.0002098
suites,3.21e-06,3.15e-06,3.26e-06,3.47e-06,3.48e-06,3.9e-06,4.53e-06,3.92e-06,3.18e-06
conversion,4.045e-05,4.028e-05,3.949e-05,4.119e-05,4.175e-05,4.15e-05,4.222e-05,4.421e-05,4.036e-05
feeling,4.07e-06,3.99e-06,3.87e-06,3.47e-06,3.68e-06,3.49e-06,4.74e-06,4.13e-06,4.03e-06
hidden,5.329e-05,5.434e-05,5.639e-05,5.527e-05,5.464e-05,5.424e-05,5.458e-05,5.433e-05,5.381e-05
reasonable,2.14e-05,2.014e-05,1.995e-05,1.897e-05,1.842e-05,1.911e-05,1.998e-05,2.004e-05,2.077e-05
victoria,1.627e-05,1.72e-05,1.751e-05,1.754e-05,1.883e-05,1.89e-05,1.998e-05,2.004e-05,1.674e-05
serial,3.103e-05,3.21e-05,3.054e-05,3.161e-05,2.906e-05,3.123e-05,3.048e-05,3.14e-05,3.157e-05
relief,8.56e-06,9.44e-06,9.98e-06,9.18e-06,9.21e-06,9.04e-06,9.06e-06,9.3e-06,9e-06
revision,1.712e-05,1.616e-05,1.751e-05,1.733e-05,1.78e-05,1.685e-05,1.648e-05,1.88e-05,1.664e-05
broadband,5.14e-06,5.25e-06,4.68e-06,4.69e-06,4.5e-06,4.31e-06,4.33e-06,4.34e-06,5.2e-06
influence,8.647e-05,8.665e-05,8.611e-05,8.565e-05,8.574e-05,8.609e-05,8.527e-05,8.593e-05,8.656e-05
ratio,0.00038525,0.00038585,0.00038312,0.00037646,0.00037981,0.00038854,0.00038556,0.00038546,0.00038555
pda,3.42e-06,3.36e-06,3.26e-06,2.65e-06,2.66e-06,2.67e-06,2.47e-06,2.27e-06,3.39e-06
importance,8.818e-05,8.623e-05,8.448e-05,8.545e-05,8.656e-05,8.506e-05,8.65e-05,8.573e-05,8.721e-05
rain,8.56e-06,8.81e-06,9.16e-06,7.14e-06,7.37e-06,7.4e-06,7e-06,7.02e-06,8.68e-06
onto,7.255e-05,7.239e-05,7.39e-05,7.484e-05,7.346e-05,7.541e-05,7.785e-05,7.994e-05,7.247e-05
dsl,2.35e-06,2.52e-06,2.44e-06,2.45e-06,2.46e-06,2.47e-06,2.68e-06,2.69e-06,2.43e-06
planet,3.638e-05,3.525e-05,3.522e-05,3.63e-05,3.622e-05,3.555e-05,3.543e-05,3.512e-05,3.582e-05
webmaster,4.3e-07,6.3e-07,6.1e-07,8.2e-07,8.2e-07,4.1e-07,4.1e-07,4.1e-07,5.3e-07
copies,4.88e-05,4.595e-05,4.703e-05,4.67e-05,4.768e-05,4.808e-05,4.758e-05,4.772e-05,4.737e-05
recipe,4.28e-06,3.78e-06,3.66e-06,3.67e-06,3.68e-06,3.49e-06,3.5e-06,3.31e-06,4.03e-06
zum,1.07e-06,1.05e-06,1.02e-06,1.22e-06,1.23e-06,8.2e-07,8.2e-07,8.3e-07,1.06e-06
permit,8.78e-06,8.81e-06,7.94e-06,8.16e-06,7.57e-06,7.4e-06,7.21e-06,7.23e-06,8.79e-06
seeing,9.2e-06,9.65e-06,9.77e-06,1.02e-05,1.064e-05,1.027e-05,1.03e-05,1.012e-05,9.43e-06
proof,0.00040023,0.00039446,0.00039066,0.0003885,0.00039004,0.00039183,0.00039174,0.00038855,0.00039735
dna,8.754e-05,8.875e-05,9.344e-05,9.136e-05,9.372e-05,9.431e-05,9.289e-05,9.254e-05,8.815e-05
diff,6.85e-06,6.71e-06,6.31e-06,6.53e-06,6.55e-06,5.55e-06,5.56e-06,5.37e-06,6.78e-06
tennis,5.35e-06,6.08e-06,5.09e-06,3.87e-06,3.68e-06,3.7e-06,3.71e-06,3.92e-06,5.72e-06
bass,1.755e-05,1.762e-05,1.669e-05,1.733e-05,1.719e-05,1.808e-05,1.833e-05,1.9e-05,1.759e-05
prescription,2.35e-06,2.31e-06,2.65e-06,2.45e-06,2.66e-06,3.29e-06,3.5e-06,3.51e-06,2.33e-06
bedroom,4.3e-07,4.2e-07,4.1e-07,4.1e-07,6.1e-07,6.2e-07,6.2e-07,6.2e-07,4.3e-07
empty,7.94e-05,8.12e-05,8.224e-05,8.341e-05,8.452e-05,8.465e-05,8.506e-05,8.593e-05,8.03e-05
instance,0.00018856,0.00018863,0.00018301,0.0001815,0.00018274,0.00018287,0.00018166,0.00018302,0.0001886
hole,3.852e-05,3.777e-05,3.563e-05,3.548e-05,3.786e-05,3.801e-05,3.913e-05,3.76e-05,3.814e-05
pets,1.93e-06,2.31e-06,2.44e-06,2.24e-06,2.46e-06,2.26e-06,2.27e-06,2.27e-06,2.12e-06
ride,2.14e-06,2.1e-06,2.24e-06,2.24e-06,2.25e-06,2.67e-06,2.88e-06,2.48e-06,2.12e-06
licensed,1.99e-05,1.993e-05,1.995e-05,1.958e-05,1.965e-05,2.096e-05,2.08e-05,2.024e-05,1.992e-05
orlando,3.85e-06,3.78e-06,3.87e-06,3.47e-06,3.48e-06,3.29e-06,3.3e-06,3.72e-06,3.81e-06
specifically,0.00020418,0.00020877,0.00021457,0.0002178,0.00021773,0.00022088,0.00022511,0.00022723,0.00020647
tim,1.284e-05,1.322e-05,1.201e-05,1.162e-05,1.146e-05,1.068e-05,1.092e-05,1.136e-05,1.303e-05
bureau,7.063e-05,7.197e-05,7.451e-05,7.505e-05,7.449e-05,7.828e-05,7.806e-05,7.436e-05,7.13e-05
maine,6.85e-06,7.97e-06,8.35e-06,8.16e-06,7.78e-06,7.4e-06,7.41e-06,7.44e-06,7.41e-06
sql,1.027e-05,9.23e-06,8.96e-06,9.18e-06,9.41e-06,9.45e-06,9.68e-06,9.71e-06,9.75e-06
represent,0.00021317,0.00021401,0.00021925,0.0002229,0.00022715,0.00022786,0.00022903,0.00023012,0.00021359
conservation,4.024e-05,4.196e-05,4.214e-05,4.181e-05,4.216e-05,4.335e-05,4.325e-05,4.193e-05,4.11e-05
pair,0.00016758,0.00016785,0.00016673,0.0001711,0.00016862,0.00017074,0.00016992,0.00017001,0.00016771
ideal,0.00014447,0.00013785,0.00013639,0.00013929,0.00013854,0.00013931,0.00014191,0.0001446,0.00014116
specs,8.6e-07,8.4e-07,8.1e-07,8.2e-07,8.2e-07,8.2e-07,6.2e-07,6.2e-07,8.5e-07
recorded,5.821e-05,5.581e-05,5.517e-05,5.445e-05,5.321e-05,5.281e-05,5.231e-05,5.267e-05,5.701e-05
don,4.345e-05,4.322e-05,4.214e-05,4.425e-05,4.195e-05,4.192e-05,3.996e-05,3.987e-05,4.334e-05
pieces,7.491e-05,7.323e-05,7.308e-05,7.28e-05,7.408e-05,7.602e-05,7.662e-05,7.498e-05,7.407e-05
finished,2.29e-05,2.203e-05,2.178e-05,2.243e-05,2.21e-05,2.199e-05,2.163e-05,2.066e-05,2.247e-05
parks,6.63e-06,6.08e-06,6.31e-06,5.51e-06,5.73e-06,5.75e-06,5.77e-06,5.37e-06,6.36e-06
dinner,4.28e-06,3.78e-06,3.26e-06,3.06e-06,3.07e-06,2.88e-06,2.68e-06,2.69e-06,4.03e-06
lawyers,1.5e-06,1.89e-06,2.65e-06,2.45e-06,2.25e-06,2.47e-06,2.68e-06,2.69e-06,1.69e-06
sydney,2.975e-05,3.105e-05,2.972e-05,3.039e-05,3.029e-05,2.979e-05,3.007e-05,3.016e-05,3.04e-05
stress,6.014e-05,5.938e-05,5.985e-05,6.118e-05,6.057e-05,6.102e-05,5.932e-05,6.032e-05,5.976e-05
cream,5.14e-06,4.2e-06,4.68e-06,3.26e-06,3.27e-06,2.88e-06,2.88e-06,3.1e-06,4.67e-06
ss,7.92e-06,7.97e-06,7.74e-06,6.93e-06,7.37e-06,7.6e-06,6.59e-06,6.61e-06,7.94e-06
runs,6.292e-05,6.19e-05,5.924e-05,5.975e-05,5.996e-05,6.041e-05,5.932e-05,6.156e-05,6.241e-05
trends,2.14e-05,2.119e-05,2.321e-05,2.284e-05,2.251e-05,2.281e-05,2.224e-05,2.334e-05,2.129e-05
yeah,2.1e-07,2.1e-07,2e-07,2e-07,2e-07,2.1e-07,2.1e-07,2.1e-07,2.1e-07
discover,1.776e-05,1.783e-05,1.832e-05,1.795e-05,1.78e-05,1.664e-05,1.73e-05,1.653e-05,1.78e-05
sexo,0.0,0.0,0.0,0.0,0.0,0.0,0.0,0.0,0.0
ap,1.006e-05,9.65e-06,8.55e-06,8.57e-06,8.19e-06,8.63e-06,8.44e-06,8.47e-06,9.85e-06
patterns,0.0001312,0.00013554,0.00013578,0.00013562,0.00013608,0.00013602,0.00013573,0.00013654,0.00013337
boxes,2.932e-05,2.812e-05,2.87e-05,2.651e-05,2.619e-05,2.63e-05,2.616e-05,2.685e-05,2.872e-05
louisiana,1.049e-05,1.175e-05,1.201e-05,1.203e-05,1.187e-05,1.171e-05,1.153e-05,8.68e-06,1.112e-05
hills,8.99e-06,8.6e-06,7.53e-06,6.73e-06,6.75e-06,7.19e-06,6.8e-06,6.61e-06,8.79e-06
javascript,7.28e-06,7.76e-06,7.53e-06,7.95e-06,7.98e-06,8.42e-06,8.03e-06,7.85e-06,7.52e-06
fourth,7.555e-05,7.428e-05,7.39e-05,7.362e-05,7.367e-05,7.376e-05,7.373e-05,7.189e-05,7.491e-05
nm,1.841e-05,1.595e-05,1.547e-05,1.652e-05,1.637e-05,1.623e-05,1.545e-05,1.425e-05,1.718e-05
advisor,5.907e-05,6.043e-05,5.965e-05,5.649e-05,5.812e-05,5.774e-05,5.746e-05,5.619e-05,5.975e-05
mn,8.13e-06,7.13e-06,6.51e-06,6.93e-06,5.73e-06,5.75e-06,6.18e-06,6.2e-06,7.63e-06
marketplace,4.28e-06,4.2e-06,4.28e-06,4.08e-06,4.09e-06,3.9e-06,4.12e-06,4.13e-06,4.24e-06
nd,6.42e-06,6.08e-06,6.51e-06,5.91e-06,5.93e-06,6.37e-06,5.77e-06,5.99e-06,6.25e-06
evil,1.841e-05,1.637e-05,1.69e-05,1.754e-05,1.719e-05,1.664e-05,1.586e-05,1.549e-05,1.739e-05
aware,1.477e-05,1.532e-05,1.629e-05,1.57e-05,1.576e-05,1.582e-05,1.565e-05,1.529e-05,1.504e-05
wilson,4.174e-05,4.28e-05,4.071e-05,3.977e-05,4.072e-05,4.171e-05,4.16e-05,3.863e-05,4.227e-05
shape,0.00020268,0.00019576,0.00020154,0.00020271,0.00019747,0.0001954,0.00019649,0.00019521,0.00019922
evolution,0.00011536,0.0001154,0.00011543,0.00011543,0.00011644,0.00011671,0.00011616,0.00011588,0.00011538
irish,5.329e-05,5.518e-05,5.802e-05,5.894e-05,6.057e-05,6.102e-05,6.035e-05,6.073e-05,5.423e-05
certificates,3.36e-05,3.462e-05,3.664e-05,3.569e-05,3.602e-05,3.616e-05,3.522e-05,3.553e-05,3.411e-05
objectives,1.669e-05,1.825e-05,1.832e-05,1.835e-05,1.821e-05,1.829e-05,1.854e-05,1.9e-05,1.747e-05
stations,2.975e-05,3.147e-05,3.054e-05,3.12e-05,3.151e-05,3.144e-05,3.11e-05,3.016e-05,3.061e-05
suggested,7.191e-05,6.945e-05,6.962e-05,7.199e-05,7.08e-05,6.924e-05,6.858e-05,6.713e-05,7.068e-05
gps,8.176e-05,8.288e-05,8.326e-05,8.341e-05,8.288e-05,7.746e-05,7.435e-05,7.395e-05,8.232e-05
op,1.37e-05,1.364e-05,1.384e-05,1.326e-05,1.33e-05,1.315e-05,1.318e-05,1.363e-05,1.367e-05
remains,9.503e-05,9.379e-05,9.364e-05,9.544e-05,9.945e-05,0.00010232,0.00010628,0.00010618,9.441e-05
acc,8.6e-07,8.4e-07,8.1e-07,8.2e-07,8.2e-07,8.2e-07,1.03e-06,6.2e-07,8.5e-07
greatest,6.635e-05,6.567e-05,6.372e-05,6.383e-05,6.855e-05,7.048e-05,7.209e-05,7.54e-05,6.601e-05
firms,2.162e-05,2.035e-05,1.995e-05,2.039e-05,1.965e-05,2.116e-05,2.245e-05,2.169e-05,2.098e-05
concerned,7.362e-05,7.176e-05,7.145e-05,6.975e-05,7.183e-05,7.335e-05,7.579e-05,7.519e-05,7.269e-05
euro,1.413e-05,1.469e-05,1.344e-05,1.346e-05,1.371e-05,1.52e-05,1.483e-05,1.487e-05,1.441e-05
operator,0.00031012,0.00030612,0.00030841,0.0003057,0.0003045,0.00030861,0.00030791,0.00030985,0.00030812
structures,0.00024399,0.00023877,0.00024083,0.00024289,0.00024618,0.00024821,0.00025004,0.00025222,0.00024138
generic,5.693e-05,5.77e-05,5.68e-05,5.69e-05,5.668e-05,5.835e-05,5.89e-05,5.929e-05,5.732e-05
encyclopedia,6.934e-05,6.987e-05,7.003e-05,6.934e-05,6.835e-05,6.698e-05,6.55e-05,6.404e-05,6.96e-05
usage,7.769e-05,7.616e-05,7.878e-05,7.872e-05,7.776e-05,7.828e-05,7.703e-05,7.622e-05,7.692e-05
cap,1.862e-05,1.574e-05,1.73e-05,1.57e-05,1.617e-05,1.644e-05,1.668e-05,1.673e-05,1.718e-05
ink,1.306e-05,1.343e-05,1.384e-05,1.326e-05,1.351e-05,1.356e-05,1.359e-05,1.384e-05,1.324e-05
charts,3.253e-05,3.042e-05,2.952e-05,2.977e-05,2.967e-05,3e-05,2.842e-05,2.809e-05,3.147e-05
continuing,2.14e-05,2.077e-05,2.015e-05,1.937e-05,2.026e-05,2.055e-05,2.039e-05,2.045e-05,2.108e-05
mixed,6.399e-05,6.693e-05,7.003e-05,7.117e-05,6.876e-05,6.986e-05,7.25e-05,7.271e-05,6.546e-05
census,4.751e-05,4.973e-05,5.639e-05,5.364e-05,5.464e-05,5.918e-05,5.829e-05,5.288e-05,4.862e-05
interracial,8.6e-07,1.05e-06,1.02e-06,1.22e-06,1.02e-06,1.03e-06,1.03e-06,1.03e-06,9.5e-07
peak,3.21e-05,3.273e-05,3.42e-05,3.304e-05,3.377e-05,3.431e-05,3.44e-05,3.512e-05,3.242e-05
tn,3.64e-06,3.78e-06,4.68e-06,3.67e-06,3.27e-06,3.29e-06,3.3e-06,3.51e-06,3.71e-06
competitive,2.825e-05,2.728e-05,2.646e-05,2.712e-05,2.66e-05,2.753e-05,2.76e-05,2.851e-05,2.776e-05
exist,0.00018963,0.0001859,0.00018688,0.00018436,0.00018724,0.0001917,0.00019298,0.00019459,0.00018777
wheel,3.253e-05,3.336e-05,3.237e-05,3.283e-05,3.192e-05,3.144e-05,3.069e-05,3.14e-05,3.295e-05
transit,1.113e-05,1.049e-05,1.038e-05,1.101e-05,1.228e-05,1.212e-05,1.195e-05,1.239e-05,1.081e-05
dick,8.56e-06,9.44e-06,1.059e-05,7.95e-06,7.98e-06,8.01e-06,7.41e-06,7.44e-06,9e-06
suppliers,7.06e-06,6.71e-06,6.51e-06,6.53e-06,7.16e-06,7.4e-06,7.62e-06,7.64e-06,6.89e-06
salt,2.055e-05,2.119e-05,2.178e-05,2.203e-05,2.026e-05,2.116e-05,2.142e-05,2.107e-05,2.087e-05
compact,0.00020247,0.00020184,0.00019909,0.00019659,0.00019563,0.00019766,0.00019566,0.00019541,0.00020216
poetry,2.012e-05,2.014e-05,1.995e-05,1.999e-05,1.965e-05,1.911e-05,1.833e-05,1.838e-05,2.013e-05
lights,9.85e-06,1.07e-05,1.181e-05,1.183e-05,1.31e-05,1.253e-05,1.236e-05,1.177e-05,1.027e-05
tracking,3.489e-05,3.252e-05,3.155e-05,3.426e-05,3.52e-05,3.472e-05,3.604e-05,3.615e-05,3.371e-05
angel,1.027e-05,1.028e-05,1.079e-05,1.122e-05,1.064e-05,1.007e-05,1.009e-05,1.012e-05,1.027e-05
bell,7.127e-05,6.882e-05,7.023e-05,7.036e-05,6.917e-05,6.822e-05,6.735e-05,6.528e-05,7.004e-05
keeping,2.397e-05,2.35e-05,2.341e-05,2.427e-05,2.517e-05,2.425e-05,2.369e-05,2.396e-05,2.373e-05
preparation,1.434e-05,1.469e-05,1.466e-05,1.448e-05,1.371e-05,1.377e-05,1.318e-05,1.405e-05,1.451e-05
attempt,6.185e-05,6.253e-05,6.128e-05,5.873e-05,5.914e-05,6e-05,5.808e-05,5.763e-05,6.219e-05
receiving,3.917e-05,3.924e-05,3.827e-05,3.752e-05,3.622e-05,3.555e-05,3.501e-05,3.553e-05,3.921e-05
matches,2.183e-05,2.119e-05,2.036e-05,1.958e-05,1.965e-05,1.973e-05,1.998e-05,2.107e-05,2.151e-05
accordance,1.177e-05,1.133e-05,1.221e-05,1.264e-05,1.269e-05,1.356e-05,1.277e-05,1.239e-05,1.155e-05
width,5.201e-05,5.12e-05,5.232e-05,5.058e-05,5.382e-05,5.281e-05,5.314e-05,5.309e-05,5.16e-05
noise,0.00012884,0.0001282,0.00013171,0.0001293,0.00012994,0.00012883,0.00013099,0.00013014,0.00012852
engines,2.311e-05,2.371e-05,2.239e-05,2.325e-05,2.292e-05,2.322e-05,2.369e-05,2.334e-05,2.341e-05
forget,1.28e-06,1.26e-06,1.43e-06,1.43e-06,1.84e-06,2.05e-06,2.27e-06,2.07e-06,1.27e-06
array,8.154e-05,8.141e-05,8.163e-05,8.219e-05,8.226e-05,9.02e-05,9.124e-05,8.676e-05,8.147e-05
discussed,6.271e-05,6.085e-05,5.944e-05,6.118e-05,6.139e-05,6.02e-05,6.035e-05,6.114e-05,6.178e-05
accurate,8.026e-05,8.057e-05,8.163e-05,8.198e-05,8.083e-05,8.239e-05,8.321e-05,8.428e-05,8.041e-05
stephen,6.827e-05,6.798e-05,6.759e-05,6.771e-05,6.733e-05,6.801e-05,6.838e-05,6.817e-05,6.812e-05
elizabeth,2.761e-05,2.854e-05,3.196e-05,3.263e-05,3.295e-05,3.308e-05,3.337e-05,3.284e-05,2.808e-05
climate,5.244e-05,5.203e-05,5.598e-05,5.588e-05,5.668e-05,5.753e-05,6.014e-05,6.238e-05,5.224e-05
reservations,1.5e-06,1.47e-06,1.43e-06,1.84e-06,1.64e-06,1.44e-06,1.24e-06,1.24e-06,1.48e-06
pin,1.669e-05,1.762e-05,1.893e-05,1.937e-05,1.924e-05,1.89e-05,1.874e-05,1.735e-05,1.716e-05
playstation,8.13e-06,7.97e-06,7.94e-06,8.16e-06,7.98e-06,7.19e-06,8.03e-06,7.85e-06,8.05e-06
alcohol,1.22e-05,1.217e-05,1.283e-05,1.264e-05,1.126e-05,9.25e-06,9.47e-06,9.71e-06,1.218e-05
greek,0.00021938,0.00021674,0.00021273,0.00021209,0.00021466,0.00020917,0.00020967,0.00020843,0.00021806
instruction,3.852e-05,3.987e-05,3.888e-05,3.936e-05,4.011e-05,3.986e-05,4.222e-05,4.214e-05,3.919e-05
managing,3.168e-05,2.979e-05,3.155e-05,3.202e-05,3.172e-05,3.226e-05,3.254e-05,3.202e-05,3.074e-05
annotation,1.177e-05,1.175e-05,1.181e-05,1.203e-05,1.146e-05,1.171e-05,1.174e-05,1.157e-05,1.176e-05
sister,1.498e-05,1.616e-05,1.629e-05,1.672e-05,1.637e-05,1.603e-05,1.771e-05,1.715e-05,1.557e-05
raw,1.819e-05,1.783e-05,1.608e-05,1.713e-05,1.678e-05,1.767e-05,1.709e-05,1.797e-05,1.801e-05
differences,8.775e-05,8.875e-05,8.835e-05,8.667e-05,8.615e-05,8.589e-05,8.259e-05,8.428e-05,8.825e-05
walking,9.85e-06,9.44e-06,9.16e-06,9.18e-06,7.98e-06,7.81e-06,7.41e-06,7.23e-06,9.64e-06
explain,4.773e-05,4.952e-05,5.028e-05,5.098e-05,5.239e-05,5.301e-05,5.149e-05,5.206e-05,4.863e-05
smaller,0.00014019,0.00013848,0.00014026,0.00014133,0.00013956,0.00013992,0.00014046,0.00014295,0.00013933
newest,3e-06,2.52e-06,4.28e-06,4.08e-06,4.09e-06,4.11e-06,4.12e-06,3.92e-06,2.76e-06
establish,3.489e-05,3.504e-05,3.624e-05,3.732e-05,3.786e-05,3.74e-05,3.769e-05,3.842e-05,3.497e-05
gnu,3.039e-05,3.042e-05,3.054e-05,3.202e-05,3.008e-05,3.061e-05,3.028e-05,3.057e-05,3.04e-05
happened,1.263e-05,1.322e-05,1.323e-05,1.366e-05,1.351e-05,1.397e-05,1.38e-05,1.322e-05,1.292e-05
expressed,0.00019605,0.00019492,0.00019909,0.00019639,0.00020034,0.00020177,0.00020411,0.00020492,0.00019549
jeff,1.455e-05,1.364e-05,1.425e-05,1.407e-05,1.33e-05,1.52e-05,1.524e-05,1.343e-05,1.409e-05
extent,4.345e-05,4.091e-05,3.949e-05,3.895e-05,3.99e-05,3.924e-05,3.831e-05,3.883e-05,4.218e-05
sharp,3.489e-05,3.357e-05,3.379e-05,3.304e-05,3.172e-05,3.267e-05,2.986e-05,3.16e-05,3.423e-05
lesbians,0.0,0.0,0.0,0.0,0.0,0.0,0.0,0.0,0.0
ben,3.424e-05,3.84e-05,3.603e-05,3.671e-05,3.806e-05,3.76e-05,3.584e-05,3.636e-05,3.632e-05
lane,1.798e-05,1.846e-05,1.832e-05,1.795e-05,1.739e-05,1.829e-05,1.895e-05,1.818e-05,1.822e-05
paragraph,6.21e-06,7.55e-06,7.53e-06,7.55e-06,6.96e-06,6.99e-06,6.8e-06,7.02e-06,6.88e-06
kill,6.63e-06,7.34e-06,7.74e-06,7.55e-06,6.75e-06,6.58e-06,6.59e-06,6.4e-06,6.99e-06
mathematics,0.00327566,0.00333,0.00334816,0.00333231,0.0033495,0.00334113,0.00333841,0.00332823,0.00330283
aol,3.64e-06,3.78e-06,3.66e-06,3.26e-06,3.27e-06,3.08e-06,2.88e-06,3.31e-06,3.71e-06
compensation,9.42e-06,9.02e-06,1.018e-05,1.02e-05,9.82e-06,1.048e-05,1.05e-05,1.033e-05,9.22e-06
ce,4.002e-05,3.861e-05,3.705e-05,3.834e-05,3.806e-05,3.76e-05,3.584e-05,3.47e-05,3.931e-05
export,1.348e-05,1.301e-05,1.242e-05,1.264e-05,1.289e-05,1.315e-05,1.421e-05,1.549e-05,1.324e-05
managers,1.348e-05,1.364e-05,1.242e-05,1.305e-05,1.33e-05,1.356e-05,1.401e-05,1.384e-05,1.356e-05
aircraft,6.485e-05,6.232e-05,6.392e-05,6.444e-05,6.426e-05,6.472e-05,6.57e-05,6.631e-05,6.359e-05
modules,9.439e-05,9.547e-05,9.242e-05,9.218e-05,9.147e-05,9.041e-05,8.98e-05,9.213e-05,9.493e-05
sweden,3.403e-05,3.294e-05,3.359e-05,3.447e-05,3.213e-05,3.164e-05,3.131e-05,3.016e-05,3.348e-05
conflict,2.076e-05,2.077e-05,2.015e-05,2.039e-05,2.128e-05,2.199e-05,2.142e-05,2.272e-05,2.077e-05
conducted,4.452e-05,4.742e-05,4.723e-05,4.731e-05,4.809e-05,4.829e-05,4.799e-05,4.751e-05,4.597e-05
versions,0.00012842,0.00012862,0.00012947,0.00012726,0.00012913,0.00012842,0.00012893,0.00012911,0.00012852
employer,2.14e-06,3.36e-06,3.46e-06,3.06e-06,2.86e-06,2.67e-06,2.68e-06,2.89e-06,2.75e-06
occur,0.00012521,0.00012253,0.00012092,0.00012195,0.00012176,0.00012082,0.00012255,0.0001227,0.00012387
percentage,5.436e-05,5.329e-05,5.374e-05,5.16e-05,5.136e-05,5.116e-05,5.067e-05,5.144e-05,5.383e-05
knows,1.905e-05,1.762e-05,1.771e-05,1.652e-05,1.678e-05,1.788e-05,1.73e-05,1.715e-05,1.833e-05
mississippi,5.56e-06,5.67e-06,5.9e-06,7.34e-06,7.57e-06,8.22e-06,7.83e-06,8.26e-06,5.61e-06
describe,0.00020354,0.00020562,0.00019787,0.00019557,0.00019952,0.00020115,0.00020061,0.00020388,0.00020458
concern,2.697e-05,2.874e-05,2.85e-05,2.855e-05,2.926e-05,2.918e-05,2.966e-05,2.913e-05,2.786e-05
backup,6.42e-06,7.13e-06,6.51e-06,6.73e-06,6.55e-06,6.58e-06,6.59e-06,7.44e-06,6.78e-06
requested,6.63e-06,6.92e-06,7.33e-06,7.95e-06,7.78e-06,8.01e-06,7.83e-06,7.85e-06,6.78e-06
citizens,1.22e-05,1.259e-05,1.262e-05,1.224e-05,1.269e-05,1.356e-05,1.256e-05,1.177e-05,1.239e-05
connecticut,1.37e-05,1.448e-05,1.405e-05,1.428e-05,1.392e-05,1.397e-05,1.38e-05,1.301e-05,1.409e-05
heritage,2.269e-05,2.287e-05,2.3e-05,2.264e-05,2.292e-05,2.24e-05,2.286e-05,2.252e-05,2.278e-05
personals,0.0,0.0,0.0,0.0,0.0,0.0,0.0,0.0,0.0
immediate,2.097e-05,2.056e-05,2.056e-05,2.019e-05,2.149e-05,2.178e-05,2.121e-05,2.169e-05,2.077e-05
holding,3.81e-05,3.756e-05,3.807e-05,3.916e-05,3.929e-05,3.904e-05,3.893e-05,3.863e-05,3.783e-05
trouble,4.71e-06,4.62e-06,4.48e-06,5.1e-06,4.71e-06,4.73e-06,4.74e-06,4.54e-06,4.67e-06
spread,5.329e-05,5.266e-05,5.374e-05,5.588e-05,5.648e-05,5.733e-05,5.479e-05,5.619e-05,5.298e-05
coach,4.28e-06,3.78e-06,4.89e-06,5.3e-06,4.71e-06,4.73e-06,4.74e-06,4.54e-06,4.03e-06
kevin,1.413e-05,1.406e-05,1.425e-05,1.428e-05,1.351e-05,1.377e-05,1.462e-05,1.446e-05,1.409e-05
agricultural,2.097e-05,2.14e-05,2.219e-05,2.06e-05,2.067e-05,2.137e-05,2.163e-05,2.148e-05,2.119e-05
expand,1.177e-05,1.175e-05,1.283e-05,1.346e-05,1.31e-05,1.294e-05,1.318e-05,1.363e-05,1.176e-05
supporting,3.874e-05,3.987e-05,4.051e-05,4.201e-05,4.318e-05,4.253e-05,4.428e-05,4.462e-05,3.931e-05
audience,2.204e-05,2.203e-05,2.097e-05,2.203e-05,2.149e-05,2.096e-05,2.121e-05,2.024e-05,2.204e-05
assigned,6.913e-05,7.029e-05,6.86e-05,7.015e-05,6.855e-05,6.801e-05,6.838e-05,6.941e-05,6.971e-05
jordan,4.537e-05,4.616e-05,4.397e-05,4.385e-05,4.543e-05,4.5e-05,4.469e-05,4.565e-05,4.576e-05
collections,2.996e-05,2.958e-05,2.85e-05,2.875e-05,2.885e-05,2.877e-05,2.883e-05,2.892e-05,2.977e-05
ages,3.339e-05,3.21e-05,3.257e-05,3.141e-05,3.192e-05,3.308e-05,3.419e-05,3.491e-05,3.274e-05
participate,1.199e-05,1.217e-05,1.221e-05,1.244e-05,1.228e-05,1.212e-05,1.277e-05,1.26e-05,1.208e-05
plug,8.35e-06,8.39e-06,8.14e-06,8.16e-06,7.57e-06,7.4e-06,7.41e-06,7.64e-06,8.37e-06
specialist,1.926e-05,2.14e-05,2.199e-05,2.223e-05,2.271e-05,2.24e-05,2.266e-05,2.314e-05,2.033e-05
cook,2.654e-05,2.539e-05,2.382e-05,2.345e-05,2.394e-05,2.26e-05,2.266e-05,2.334e-05,2.596e-05
affect,3.831e-05,4.007e-05,4.275e-05,4.14e-05,4.338e-05,4.356e-05,4.408e-05,4.4e-05,3.919e-05
virgin,5.14e-06,6.29e-06,7.13e-06,7.14e-06,7.37e-06,6.99e-06,7e-06,6.82e-06,5.72e-06
experienced,1.605e-05,1.616e-05,1.466e-05,1.489e-05,1.473e-05,1.459e-05,1.38e-05,1.405e-05,1.611e-05
investigation,3.424e-05,3.525e-05,3.563e-05,3.569e-05,3.458e-05,3.452e-05,3.44e-05,3.388e-05,3.475e-05
raised,4.131e-05,4.175e-05,4.153e-05,4.079e-05,4.134e-05,4.171e-05,4.14e-05,4.111e-05,4.153e-05
hat,2.29e-05,2.287e-05,2.117e-05,2.141e-05,2.087e-05,1.767e-05,1.648e-05,1.653e-05,2.289e-05
institution,3.681e-05,3.693e-05,3.705e-05,3.65e-05,3.622e-05,3.452e-05,3.295e-05,3.243e-05,3.687e-05
directed,0.00018192,0.00018359,0.00018423,0.00018721,0.00019052,0.00019068,0.00019298,0.00019397,0.00018275
dealers,4.3e-07,4.2e-07,4.1e-07,4.1e-07,4.1e-07,4.1e-07,4.1e-07,6.2e-07,4.3e-07
searching,2.568e-05,2.539e-05,2.463e-05,2.447e-05,2.476e-05,2.507e-05,2.492e-05,2.52e-05,2.553e-05
sporting,7.92e-06,8.18e-06,8.14e-06,8.57e-06,8.39e-06,7.4e-06,7.21e-06,6.82e-06,8.05e-06
helping,1.37e-05,1.511e-05,1.527e-05,1.509e-05,1.637e-05,1.705e-05,1.874e-05,1.838e-05,1.44e-05
perl,1.156e-05,1.28e-05,1.181e-05,1.203e-05,1.146e-05,1.11e-05,1.092e-05,1.115e-05,1.218e-05
affected,3.253e-05,3.441e-05,3.563e-05,3.569e-05,3.581e-05,3.616e-05,3.563e-05,3.553e-05,3.347e-05
lib,1.07e-06,1.05e-06,1.02e-06,1.22e-06,1.23e-06,1.03e-06,1.03e-06,1.24e-06,1.06e-06
bike,1.71e-06,1.47e-06,1.63e-06,1.63e-06,1.43e-06,1.44e-06,1.44e-06,1.45e-06,1.59e-06
totally,3.981e-05,3.966e-05,3.705e-05,3.671e-05,3.602e-05,3.596e-05,3.46e-05,3.491e-05,3.973e-05
plate,3.959e-05,3.924e-05,3.888e-05,3.936e-05,3.868e-05,3.986e-05,4.016e-05,3.966e-05,3.942e-05
expenses,7.06e-06,7.34e-06,7.13e-06,5.51e-06,5.73e-06,5.96e-06,5.77e-06,5.99e-06,7.2e-06
indicate,8.689e-05,8.749e-05,8.998e-05,8.851e-05,8.922e-05,9.061e-05,8.877e-05,8.841e-05,8.719e-05
blonde,8.6e-07,8.4e-07,8.1e-07,8.2e-07,1.02e-06,3.08e-06,3.09e-06,2.89e-06,8.5e-07
ab,2.932e-05,2.728e-05,2.667e-05,2.631e-05,2.578e-05,2.671e-05,2.451e-05,2.438e-05,2.83e-05
proceedings,0.00010487,0.00010323,9.995e-05,9.626e-05,9.311e-05,9.041e-05,9.083e-05,9.027e-05,0.00010405
favourite,5.14e-06,4.41e-06,4.68e-06,4.69e-06,4.5e-06,4.52e-06,4.33e-06,4.34e-06,4.78e-06
transmission,8.903e-05,8.707e-05,8.55e-05,8.667e-05,8.984e-05,8.938e-05,9.042e-05,8.924e-05,8.805e-05
anderson,2.397e-05,2.308e-05,2.402e-05,2.529e-05,2.599e-05,2.527e-05,2.616e-05,2.376e-05,2.352e-05
utc,3.85e-06,3.99e-06,3.46e-06,3.47e-06,4.5e-06,3.49e-06,4.12e-06,4.13e-06,3.92e-06
characteristics,6.977e-05,7.176e-05,7.044e-05,7.036e-05,7.121e-05,7.171e-05,7.229e-05,7.374e-05,7.077e-05
der,0.00011878,0.00011687,0.00011461,0.00011706,0.00011726,0.00010828,0.00010607,0.00010618,0.00011783
lose,1.306e-05,1.238e-05,1.344e-05,1.346e-05,1.33e-05,1.233e-05,1.153e-05,1.136e-05,1.272e-05
organic,4.965e-05,4.973e-05,4.886e-05,4.752e-05,4.829e-05,4.972e-05,4.943e-05,5.02e-05,4.969e-05
seek,1.52e-05,1.553e-05,1.486e-05,1.468e-05,1.453e-05,1.541e-05,1.504e-05,1.487e-05,1.536e-05
experiences,1.798e-05,1.762e-05,1.751e-05,1.917e-05,1.903e-05,1.87e-05,1.895e-05,2.004e-05,1.78e-05
albums,3.42e-06,2.52e-06,2.65e-06,2.86e-06,2.86e-06,2.88e-06,3.09e-06,3.31e-06,2.97e-06
cheats,0.0,0.0,0.0,0.0,0.0,0.0,0.0,0.0,0.0
extremely,4.281e-05,4.175e-05,4.051e-05,3.977e-05,4.093e-05,4.192e-05,4.119e-05,4.09e-05,4.228e-05
verzeichnis,2.1e-07,2.1e-07,2e-07,2e-07,2e-07,2.1e-07,2.1e-07,2.1e-07,2.1e-07
contracts,1.712e-05,1.637e-05,1.588e-05,1.856e-05,1.944e-05,2.014e-05,2.018e-05,1.942e-05,1.674e-05
guests,4.07e-06,3.99e-06,5.7e-06,5.71e-06,5.93e-06,3.9e-06,3.71e-06,3.51e-06,4.03e-06
hosted,2.119e-05,2.392e-05,2.3e-05,2.345e-05,2.476e-05,2.466e-05,2.183e-05,2.272e-05,2.256e-05
diseases,2.162e-05,2.077e-05,2.26e-05,2.386e-05,2.353e-05,2.342e-05,2.163e-05,2.231e-05,2.119e-05
concerning,6.335e-05,6.399e-05,6.27e-05,6.404e-05,6.344e-05,6.37e-05,6.22e-05,6.176e-05,6.367e-05
developers,4.066e-05,3.987e-05,4.173e-05,4.283e-05,4.297e-05,4.294e-05,4.16e-05,4.255e-05,4.027e-05
equivalent,0.00032468,0.00033088,0.00032694,0.00033323,0.00033663,0.00033943,0.00034375,0.00034332,0.00032778
chemistry,0.00013719,0.00014163,0.00014311,0.00014316,0.00014529,0.00014896,0.00015056,0.00015245,0.00013941
tony,1.498e-05,1.532e-05,1.629e-05,1.591e-05,1.596e-05,1.582e-05,1.565e-05,1.508e-05,1.515e-05
neighborhood,3.831e-05,3.798e-05,3.725e-05,3.752e-05,3.683e-05,3.883e-05,3.893e-05,3.966e-05,3.814e-05
nevada,3.21e-06,3.78e-06,3.26e-06,3.06e-06,3.07e-06,3.49e-06,3.5e-06,3.72e-06,3.49e-06
kits,3.21e-06,3.15e-06,3.05e-06,3.67e-06,3.68e-06,3.08e-06,2.27e-06,2.27e-06,3.18e-06
thailand,5.78e-06,5.67e-06,5.29e-06,5.71e-06,5.93e-06,6.16e-06,6.59e-06,6.82e-06,5.73e-06
variables,0.00040922,0.00040411,0.0004043,0.000404,0.00040498,0.00040334,0.00040512,0.00040921,0.00040667
agenda,3.21e-06,3.78e-06,3.46e-06,3.26e-06,2.66e-06,2.88e-06,3.09e-06,3.51e-06,3.49e-06
anyway,6.4e-07,8.4e-07,6.1e-07,6.1e-07,6.1e-07,6.2e-07,6.2e-07,6.2e-07,7.4e-07
continues,4.024e-05,4.028e-05,4.071e-05,4.16e-05,4.359e-05,4.233e-05,4.181e-05,4.359e-05,4.026e-05
tracks,1.263e-05,1.301e-05,1.262e-05,1.264e-05,1.269e-05,1.336e-05,1.38e-05,1.487e-05,1.282e-05
advisory,3.168e-05,3.147e-05,2.891e-05,2.896e-05,2.926e-05,2.856e-05,2.883e-05,2.871e-05,3.158e-05
cam,1.306e-05,1.343e-05,1.344e-05,1.122e-05,1.126e-05,1.068e-05,1.05e-05,1.053e-05,1.324e-05
curriculum,5.137e-05,4.952e-05,4.703e-05,4.67e-05,4.482e-05,4.356e-05,4.202e-05,4.152e-05,5.044e-05
logic,0.00066583,0.0006605,0.00064818,0.00064505,0.0006532,0.00066099,0.00066937,0.00067259,0.00066316
template,1.22e-05,1.196e-05,1.283e-05,1.305e-05,1.207e-05,1.233e-05,1.174e-05,1.219e-05,1.208e-05
prince,1.52e-05,1.49e-05,1.506e-05,1.489e-05,1.494e-05,1.336e-05,1.339e-05,1.384e-05,1.505e-05
circle,0.00030798,0.00030864,0.00030923,0.00030855,0.00030818,0.00031026,0.00031079,0.00030799,0.00030831
soil,2.226e-05,2.266e-05,2.341e-05,2.325e-05,2.271e-05,2.219e-05,2.163e-05,2.293e-05,2.246e-05
grants,8.56e-06,9.65e-06,9.57e-06,9.18e-06,9.62e-06,9.25e-06,9.68e-06,9.09e-06,9.11e-06
anywhere,1.22e-05,1.175e-05,1.16e-05,1.122e-05,1.126e-05,1.089e-05,1.092e-05,1.095e-05,1.197e-05
psychology,0.00010252,0.0001026,0.00010504,0.00010054,0.00010232,0.00010232,0.0001036,0.00010556,0.00010256
responses,2.804e-05,2.707e-05,2.687e-05,2.733e-05,2.763e-05,2.733e-05,2.719e-05,2.623e-05,2.755e-05
atlantic,3.253e-05,3.231e-05,3.237e-05,3.202e-05,3.274e-05,3.205e-05,3.131e-05,3.057e-05,3.242e-05
wet,8.13e-06,8.6e-06,8.75e-06,7.95e-06,7.57e-06,7.81e-06,8.03e-06,7.85e-06,8.37e-06
circumstances,2.483e-05,2.56e-05,2.504e-05,2.529e-05,2.476e-05,2.404e-05,2.369e-05,2.376e-05,2.522e-05
edward,9.824e-05,9.84e-05,9.588e-05,9.646e-05,9.638e-05,9.431e-05,9.577e-05,9.461e-05,9.832e-05
investor,1.07e-05,1.091e-05,1.16e-05,1.142e-05,1.085e-05,1.048e-05,1.153e-05,1.198e-05,1.08e-05
identification,6.806e-05,6.609e-05,7.003e-05,7.117e-05,6.814e-05,6.719e-05,6.673e-05,6.466e-05,6.707e-05
ram,1.584e-05,1.595e-05,1.506e-05,1.509e-05,1.453e-05,1.623e-05,1.524e-05,1.508e-05,1.59e-05
leaving,3.082e-05,3.021e-05,2.931e-05,2.998e-05,3.029e-05,2.959e-05,2.966e-05,2.933e-05,3.052e-05
wildlife,3.85e-06,3.78e-06,4.07e-06,4.28e-06,4.09e-06,4.11e-06,4.12e-06,4.75e-06,3.81e-06
appliances,3.64e-06,4.2e-06,4.28e-06,4.49e-06,4.09e-06,4.11e-06,4.33e-06,4.54e-06,3.92e-06
matt,8.78e-06,8.39e-06,8.35e-06,8.97e-06,9.21e-06,9.25e-06,9.27e-06,8.68e-06,8.58e-06
elementary,0.00014404,0.00014918,0.00014372,0.00014357,0.00014202,0.00014609,0.00014603,0.00014418,0.00014661
cooking,8.6e-07,8.4e-07,1.22e-06,1.22e-06,1.43e-06,1.44e-06,1.44e-06,1.86e-06,8.5e-07
speaking,7.555e-05,7.344e-05,7.044e-05,7.015e-05,7.162e-05,7.109e-05,6.9e-05,6.837e-05,7.449e-05
sponsors,7.7e-06,8.18e-06,8.35e-06,8.57e-06,8.39e-06,8.22e-06,7.83e-06,7.02e-06,7.94e-06
fox,3.382e-05,3.399e-05,3.278e-05,3.181e-05,3.213e-05,3.185e-05,3.275e-05,3.222e-05,3.39e-05
unlimited,7.06e-06,7.55e-06,6.72e-06,6.93e-06,7.37e-06,7.6e-06,7.83e-06,7.02e-06,7.31e-06
respond,1.455e-05,1.343e-05,1.384e-05,1.448e-05,1.432e-05,1.315e-05,1.298e-05,1.322e-05,1.399e-05
sizes,5.458e-05,5.455e-05,5.578e-05,5.567e-05,5.607e-05,5.733e-05,5.705e-05,5.66e-05,5.457e-05
plain,1.905e-05,1.909e-05,1.914e-05,1.835e-05,1.842e-05,1.911e-05,1.833e-05,1.88e-05,1.907e-05
exit,8.78e-06,8.81e-06,8.14e-06,8.16e-06,8.59e-06,8.22e-06,9.27e-06,9.5e-06,8.79e-06
entered,3.852e-05,3.84e-05,3.786e-05,3.569e-05,3.561e-05,3.37e-05,3.295e-05,3.222e-05,3.846e-05
iran,1.648e-05,1.637e-05,1.832e-05,1.856e-05,1.76e-05,1.664e-05,1.668e-05,1.632e-05,1.642e-05
arm,1.798e-05,1.993e-05,1.995e-05,2.039e-05,2.067e-05,2.055e-05,2.224e-05,2.252e-05,1.896e-05
keys,0.0001068,0.00010218,9.792e-05,9.809e-05,9.802e-05,9.924e-05,9.824e-05,9.75e-05,0.00010449
launch,2.076e-05,2.077e-05,2.117e-05,1.978e-05,1.924e-05,2.014e-05,1.977e-05,1.962e-05,2.077e-05
wave,0.00015645,0.00015484,0.00015227,0.00015336,0.00015205,0.00015369,0.00016127,0.00016154,0.00015564
checking,3.146e-05,3.084e-05,2.931e-05,2.875e-05,2.865e-05,2.856e-05,2.945e-05,2.913e-05,3.115e-05
costa,1.006e-05,9.23e-06,1.018e-05,9.79e-06,9.41e-06,8.63e-06,8.44e-06,8.26e-06,9.64e-06
belgium,2.504e-05,2.518e-05,2.463e-05,2.631e-05,2.578e-05,2.568e-05,2.575e-05,2.644e-05,2.511e-05
printable,8.6e-07,8.4e-07,4.1e-07,4.1e-07,4.1e-07,4.1e-07,4.1e-07,6.2e-07,8.5e-07
holy,1.284e-05,1.385e-05,1.425e-05,1.672e-05,1.678e-05,1.726e-05,1.689e-05,1.632e-05,1.335e-05
acts,4.73e-05,4.679e-05,4.703e-05,4.752e-05,4.891e-05,5.116e-05,5.025e-05,4.999e-05,4.704e-05
guidance,2.761e-05,2.895e-05,2.708e-05,3.671e-05,2.497e-05,2.527e-05,2.533e-05,2.541e-05,2.828e-05
mesh,2.611e-05,2.476e-05,2.463e-05,2.508e-05,2.64e-05,2.692e-05,2.719e-05,2.685e-05,2.543e-05
trail,6.85e-06,6.71e-06,6.92e-06,6.53e-06,6.55e-06,6.78e-06,7e-06,7.02e-06,6.78e-06
enforcement,1.241e-05,1.322e-05,1.303e-05,1.285e-05,1.31e-05,1.315e-05,1.236e-05,1.219e-05,1.282e-05
symbol,0.00036406,0.00036067,0.00035646,0.00035607,0.00035607,0.00035834,0.00036702,0.00037038,0.00036237
crafts,5.14e-06,4.83e-06,4.48e-06,4.28e-06,4.09e-06,4.11e-06,4.33e-06,4.13e-06,4.99e-06
highway,5.35e-06,4.83e-06,4.68e-06,5.1e-06,4.71e-06,4.73e-06,5.15e-06,5.78e-06,5.09e-06
buddy,1.93e-06,1.89e-06,1.83e-06,1.84e-06,1.64e-06,1.64e-06,1.65e-06,1.65e-06,1.91e-06
hardcover,2.78e-06,2.52e-06,2.24e-06,2.24e-06,3.27e-06,3.29e-06,3.09e-06,3.1e-06,2.65e-06
observed,0.00011878,0.0001196,0.00011807,0.00011828,0.0001193,0.0001202,0.0001209,0.0001227,0.00011919
dean,5.672e-05,5.833e-05,6.189e-05,6.22e-05,6.18e-05,6.02e-05,5.973e-05,6.032e-05,5.753e-05
setup,9.2e-06,9.02e-06,9.36e-06,9.79e-06,1.003e-05,1.007e-05,9.89e-06,9.3e-06,9.11e-06
poll,8.56e-06,9.23e-06,9.16e-06,7.75e-06,7.78e-06,6.99e-06,7e-06,7.02e-06,8.89e-06
booking,8.6e-07,4.2e-07,4.1e-07,6.1e-07,6.1e-07,6.2e-07,6.2e-07,6.2e-07,6.4e-07
glossary,3.082e-05,2.916e-05,2.83e-05,3.059e-05,2.967e-05,2.938e-05,2.925e-05,2.954e-05,2.999e-05
fiscal,3.64e-06,3.99e-06,4.07e-06,4.28e-06,4.91e-06,5.14e-06,5.56e-06,5.78e-06,3.81e-06
celebrity,3.42e-06,3.57e-06,3.87e-06,4.28e-06,4.3e-06,4.11e-06,4.12e-06,4.54e-06,3.49e-06
styles,1.263e-05,1.28e-05,1.344e-05,1.305e-05,1.432e-05,1.377e-05,1.421e-05,1.508e-05,1.271e-05
denver,5.35e-06,5.25e-06,4.68e-06,5.51e-06,5.73e-06,5.55e-06,5.56e-06,5.78e-06,5.3e-06
unix,6.1e-05,5.959e-05,5.924e-05,5.996e-05,6.098e-05,6.041e-05,6.035e-05,6.114e-05,6.029e-05
filled,2.14e-05,2.119e-05,2.076e-05,2.121e-05,2.149e-05,2.219e-05,2.142e-05,2.128e-05,2.129e-05
bond,5.286e-05,5.497e-05,5.334e-05,5.486e-05,5.668e-05,5.815e-05,5.849e-05,5.784e-05,5.392e-05
channels,3.039e-05,3.042e-05,3.155e-05,3.263e-05,3.295e-05,3.39e-05,3.46e-05,3.594e-05,3.04e-05
ericsson,3.21e-06,3.36e-06,2.85e-06,3.06e-06,3.07e-06,3.08e-06,2.68e-06,2.69e-06,3.28e-06
appendix,1.22e-05,1.196e-05,1.079e-05,1.02e-05,1.064e-05,1.068e-05,1.03e-05,1.074e-05,1.208e-05
notify,0.0,0.0,2e-07,2e-07,2e-07,4.1e-07,4.1e-07,4.1e-07,0.0
blues,2.14e-06,2.1e-06,1.83e-06,1.84e-06,1.64e-06,1.64e-06,1.24e-06,1.24e-06,2.12e-06
chocolate,3.85e-06,3.99e-06,5.5e-06,4.89e-06,4.91e-06,5.14e-06,4.94e-06,4.96e-06,3.92e-06
pub,1.584e-05,1.574e-05,1.527e-05,1.57e-05,1.514e-05,1.356e-05,1.339e-05,1.301e-05,1.579e-05
portion,3.103e-05,3.294e-05,3.176e-05,3.181e-05,3.274e-05,3.288e-05,3.254e-05,3.16e-05,3.198e-05
scope,4.816e-05,4.616e-05,4.499e-05,4.629e-05,4.441e-05,4.376e-05,4.469e-05,4.483e-05,4.716e-05
hampshire,7.49e-06,7.76e-06,8.14e-06,7.55e-06,7.37e-06,6.78e-06,6.8e-06,7.02e-06,7.63e-06
supplier,4.92e-06,5.25e-06,4.89e-06,5.1e-06,6.14e-06,6.16e-06,6.18e-06,5.78e-06,5.08e-06
cables,6.63e-06,6.92e-06,6.92e-06,6.53e-06,6.75e-06,5.75e-06,5.77e-06,5.78e-06,6.78e-06
cotton,1.37e-05,1.343e-05,1.384e-05,1.468e-05,1.412e-05,1.438e-05,1.442e-05,1.425e-05,1.356e-05
bluetooth,3.85e-06,4.41e-06,4.28e-06,4.69e-06,4.3e-06,4.31e-06,4.12e-06,3.92e-06,4.13e-06
controlled,4.987e-05,5.078e-05,5.008e-05,4.894e-05,4.993e-05,4.89e-05,4.716e-05,4.792e-05,5.033e-05
requirement,3.959e-05,3.903e-05,4.214e-05,4.242e-05,3.806e-05,3.678e-05,3.769e-05,3.718e-05,3.931e-05
authorities,1.969e-05,1.888e-05,1.954e-05,2.101e-05,2.108e-05,2.096e-05,2.204e-05,2.148e-05,1.928e-05
biology,0.00019626,0.0002031,0.00020093,0.00019578,0.0001985,0.00020074,0.00019772,0.00019707,0.00019968
dental,4.71e-06,4.41e-06,4.48e-06,4.89e-06,5.12e-06,4.73e-06,4.53e-06,4.54e-06,4.56e-06
killed,1.819e-05,1.741e-05,1.649e-05,1.652e-05,1.719e-05,1.685e-05,1.586e-05,1.549e-05,1.78e-05
border,5.115e-05,5.245e-05,5.15e-05,5.037e-05,5.075e-05,5.157e-05,5.17e-05,5.247e-05,5.18e-05
ancient,0.00015453,0.00015317,0.00015614,0.0001554,0.00016207,0.00016232,0.0001623,0.00016278,0.00015385
debate,3.189e-05,3.294e-05,3.237e-05,3.222e-05,3.233e-05,3.329e-05,3.234e-05,3.264e-05,3.242e-05
representatives,1.883e-05,1.846e-05,1.893e-05,1.815e-05,1.842e-05,1.931e-05,1.812e-05,1.715e-05,1.865e-05
starts,3.339e-05,3.399e-05,3.522e-05,3.569e-05,3.458e-05,3.452e-05,3.543e-05,3.532e-05,3.369e-05
pregnancy,3.21e-06,3.36e-06,3.46e-06,4.08e-06,5.93e-06,6.16e-06,6.18e-06,5.99e-06,3.28e-06
causes,5.179e-05,5.057e-05,5.191e-05,5.18e-05,5.382e-05,5.404e-05,5.417e-05,5.371e-05,5.118e-05
arkansas,1.156e-05,1.133e-05,1.038e-05,1.04e-05,1.003e-05,1.007e-05,9.47e-06,9.92e-06,1.144e-05
biography,5.522e-05,5.329e-05,5.456e-05,5.098e-05,4.809e-05,4.685e-05,4.593e-05,4.421e-05,5.426e-05
leisure,1.5e-06,1.47e-06,1.43e-06,1.63e-06,1.64e-06,1.23e-06,1.24e-06,1.03e-06,1.48e-06
attractions,3e-06,2.73e-06,2.65e-06,2.65e-06,2.46e-06,2.47e-06,2.68e-06,2.69e-06,2.87e-06
learned,2.954e-05,2.958e-05,2.952e-05,2.916e-05,2.804e-05,2.815e-05,2.883e-05,2.871e-05,2.956e-05
transactions,6.1e-05,6.232e-05,6.148e-05,6.118e-05,6.078e-05,5.671e-05,5.582e-05,5.619e-05,6.166e-05
notebook,4.71e-06,4.41e-06,4.28e-06,5.1e-06,5.12e-06,5.14e-06,4.94e-06,5.37e-06,4.56e-06
explorer,2.076e-05,2.203e-05,2.117e-05,2.101e-05,2.169e-05,2.199e-05,2.08e-05,2.045e-05,2.14e-05
historic,1.948e-05,1.972e-05,1.914e-05,1.978e-05,2.026e-05,1.973e-05,1.936e-05,2.024e-05,1.96e-05
attached,4.794e-05,4.973e-05,4.743e-05,4.731e-05,4.727e-05,4.787e-05,4.778e-05,4.606e-05,4.884e-05
opened,2.526e-05,2.56e-05,2.504e-05,2.406e-05,2.394e-05,2.363e-05,2.451e-05,2.376e-05,2.543e-05
tm,7.06e-06,6.92e-06,6.72e-06,6.93e-06,6.75e-06,6.58e-06,6.59e-06,6.4e-06,6.99e-06
husband,1.862e-05,1.741e-05,1.629e-05,1.672e-05,1.576e-05,1.5e-05,1.524e-05,1.549e-05,1.802e-05
disabled,4.28e-06,4.41e-06,4.89e-06,4.28e-06,4.09e-06,4.73e-06,5.15e-06,5.16e-06,4.34e-06
authorized,6.85e-06,7.13e-06,7.33e-06,7.14e-06,7.78e-06,8.42e-06,8.24e-06,8.06e-06,6.99e-06
crazy,3.21e-06,2.73e-06,2.65e-06,2.45e-06,2.66e-06,2.67e-06,2.27e-06,2.27e-06,2.97e-06
upcoming,3.42e-06,3.78e-06,3.26e-06,4.08e-06,4.3e-06,4.11e-06,4.12e-06,3.31e-06,3.6e-06
britain,4.088e-05,4.112e-05,4.031e-05,3.997e-05,4.031e-05,3.986e-05,4.099e-05,3.945e-05,4.1e-05
concert,6.63e-06,6.71e-06,7.13e-06,8.77e-06,8.8e-06,8.63e-06,8.44e-06,7.64e-06,6.67e-06
retirement,6.271e-05,6.274e-05,6.209e-05,6.159e-05,6.323e-05,6.164e-05,6.117e-05,6.094e-05,6.272e-05
scores,4.066e-05,4.112e-05,4.071e-05,4.283e-05,4.072e-05,4.15e-05,4.222e-05,4.111e-05,4.089e-05
financing,4.07e-06,4.2e-06,4.07e-06,3.67e-06,3.68e-06,4.11e-06,3.91e-06,3.72e-06,4.14e-06
efficiency,8.047e-05,7.742e-05,8.041e-05,7.872e-05,7.756e-05,7.746e-05,7.785e-05,7.829e-05,7.894e-05
sp,1.52e-05,1.553e-05,1.588e-05,1.448e-05,1.351e-05,1.253e-05,1.256e-05,1.157e-05,1.536e-05
comedy,2.889e-05,2.791e-05,2.83e-05,2.814e-05,2.804e-05,2.815e-05,2.863e-05,2.933e-05,2.84e-05
adopted,0.0001145,0.00011435,0.0001142,0.00011889,0.00012012,0.00012616,0.00012708,0.00012807,0.00011443
efficient,0.00014297,0.000141,0.00014148,0.00014418,0.00014161,0.00014321,0.00014211,0.00014274,0.00014199
weblog,6.4e-07,6.3e-07,6.1e-07,6.1e-07,6.1e-07,4.1e-07,2.1e-07,2.1e-07,6.4e-07
linear,0.0008026,0.00081786,0.00081673,0.00081758,0.00082407,0.00082783,0.00083187,0.0008335,0.00081023
commitment,2.119e-05,2.056e-05,2.076e-05,2.243e-05,2.353e-05,2.342e-05,2.389e-05,2.169e-05,2.087e-05
specialty,5.78e-06,6.71e-06,7.13e-06,7.55e-06,7.57e-06,7.4e-06,7.41e-06,7.23e-06,6.25e-06
bears,2.076e-05,1.993e-05,2.015e-05,2.06e-05,2.026e-05,1.993e-05,1.874e-05,1.776e-05,2.035e-05
jean,9.867e-05,0.0001047,0.00010749,0.00010727,0.00010723,0.00010808,0.00010689,0.00010659,0.00010168
hop,8.13e-06,7.97e-06,8.75e-06,8.57e-06,8.8e-06,8.63e-06,8.86e-06,9.09e-06,8.05e-06
carrier,2.718e-05,2.749e-05,2.585e-05,2.57e-05,2.599e-05,2.548e-05,2.554e-05,2.582e-05,2.734e-05
edited,6.464e-05,6.357e-05,6.25e-05,6.179e-05,6.037e-05,5.938e-05,5.87e-05,5.681e-05,6.411e-05
constant,0.00041928,0.0004146,0.00041264,0.00041766,0.00041787,0.00042183,0.00042325,0.00042305,0.00041694
visa,2.78e-06,2.73e-06,3.05e-06,3.47e-06,3.27e-06,1.85e-06,1.85e-06,1.86e-06,2.75e-06
mouth,1.07e-05,1.112e-05,1.14e-05,1.101e-05,1.105e-05,1.13e-05,1.05e-05,1.053e-05,1.091e-05
jewish,6.078e-05,7.469e-05,7.227e-05,7.179e-05,6.835e-05,6.78e-05,6.858e-05,6.693e-05,6.774e-05
meter,2.376e-05,2.308e-05,2.239e-05,2.264e-05,2.21e-05,2.322e-05,2.348e-05,2.355e-05,2.342e-05
linked,6.314e-05,6.085e-05,6.148e-05,6.138e-05,5.034e-05,4.89e-05,4.84e-05,4.896e-05,6.199e-05
portland,8.78e-06,8.81e-06,9.16e-06,8.97e-06,8.39e-06,8.01e-06,7.62e-06,8.26e-06,8.79e-06
interviews,9.42e-06,9.02e-06,8.96e-06,7.75e-06,7.78e-06,7.6e-06,7.83e-06,7.64e-06,9.22e-06
concepts,0.00015517,0.0001538,0.00015105,0.0001501,0.00015123,0.00015328,0.00015468,0.00015761,0.00015448
nh,8.6e-07,6.3e-07,8.1e-07,1.22e-06,1.64e-06,1.64e-06,1.65e-06,2.27e-06,7.5e-07
gun,9.42e-06,9.23e-06,8.55e-06,8.97e-06,7.98e-06,7.81e-06,6.8e-06,6.61e-06,9.32e-06
reflect,2.847e-05,2.958e-05,3.013e-05,2.855e-05,2.947e-05,2.979e-05,3.007e-05,3.037e-05,2.903e-05
pure,0.00013612,0.00013512,0.0001366,0.00013582,0.00013281,0.00013397,0.00013449,0.00013613,0.00013562
deliver,1.177e-05,1.175e-05,1.12e-05,1.183e-05,1.166e-05,1.171e-05,1.215e-05,1.177e-05,1.176e-05
wonder,3e-06,2.94e-06,2.85e-06,2.24e-06,2.46e-06,2.67e-06,2.47e-06,2.48e-06,2.97e-06
hell,5.99e-06,5.87e-06,5.7e-06,5.1e-06,4.91e-06,4.93e-06,6.38e-06,5.37e-06,5.93e-06
lessons,7.28e-06,7.13e-06,7.13e-06,7.34e-06,6.96e-06,6.58e-06,6.18e-06,6.82e-06,7.2e-06
fruit,1.348e-05,1.28e-05,1.283e-05,1.264e-05,1.228e-05,1.315e-05,1.339e-05,1.281e-05,1.314e-05
begins,3.253e-05,3.126e-05,3.135e-05,3.1e-05,2.947e-05,2.918e-05,2.739e-05,2.706e-05,3.19e-05
qualified,1.648e-05,1.574e-05,1.547e-05,1.53e-05,1.473e-05,1.418e-05,1.504e-05,1.425e-05,1.611e-05
reform,1.541e-05,1.532e-05,1.547e-05,1.55e-05,1.535e-05,1.418e-05,1.504e-05,1.446e-05,1.536e-05
lens,3.574e-05,3.546e-05,3.481e-05,3.548e-05,3.356e-05,3.534e-05,3.666e-05,3.945e-05,3.56e-05
alerts,1.28e-06,1.89e-06,1.83e-06,1.84e-06,1.64e-06,1.64e-06,1.44e-06,1.45e-06,1.59e-06
treated,3.788e-05,3.651e-05,3.583e-05,3.569e-05,3.704e-05,3.904e-05,3.831e-05,3.904e-05,3.719e-05
discovery,9.738e-05,9.421e-05,9.649e-05,9.809e-05,9.679e-05,9.595e-05,9.577e-05,9.585e-05,9.58e-05
draw,3.531e-05,3.651e-05,3.583e-05,3.548e-05,3.581e-05,3.616e-05,3.666e-05,3.532e-05,3.591e-05
mysql,6.4e-07,6.3e-07,6.1e-07,6.1e-07,6.1e-07,4.1e-07,4.1e-07,4.1e-07,6.4e-07
classified,5.137e-05,5.161e-05,5.069e-05,5.037e-05,5.075e-05,5.034e-05,5.087e-05,5.247e-05,5.149e-05
relating,4.858e-05,4.889e-05,4.906e-05,4.915e-05,5.055e-05,4.87e-05,4.964e-05,4.978e-05,4.874e-05
assume,4.323e-05,4.091e-05,4.071e-05,3.895e-05,3.888e-05,3.924e-05,3.934e-05,3.698e-05,4.207e-05
confidence,2.633e-05,2.623e-05,2.728e-05,2.733e-05,2.804e-05,2.856e-05,2.739e-05,2.789e-05,2.628e-05
alliance,1.413e-05,1.427e-05,1.364e-05,1.346e-05,1.412e-05,1.356e-05,1.339e-05,1.322e-05,1.42e-05
fm,8.13e-06,7.55e-06,8.35e-06,8.16e-06,8.39e-06,8.63e-06,8.44e-06,8.68e-06,7.84e-06
confirm,7.06e-06,6.92e-06,6.72e-06,6.93e-06,6.75e-06,7.19e-06,6.8e-06,6.82e-06,6.99e-06
warm,8.13e-06,8.18e-06,8.14e-06,8.16e-06,8.19e-06,7.81e-06,8.44e-06,7.64e-06,8.15e-06
neither,4.987e-05,4.931e-05,4.865e-05,4.854e-05,4.891e-05,4.87e-05,4.614e-05,4.503e-05,4.959e-05
lewis,3.531e-05,3.714e-05,3.725e-05,4.018e-05,4.134e-05,4.15e-05,4.181e-05,4.09e-05,3.622e-05
howard,4.281e-05,4.238e-05,4.153e-05,3.977e-05,3.99e-05,3.966e-05,3.893e-05,3.863e-05,4.259e-05
offline,1.049e-05,1.091e-05,1.018e-05,9.99e-06,1.044e-05,1.048e-05,1.05e-05,1.115e-05,1.07e-05
leaves,3.831e-05,3.756e-05,3.603e-05,3.671e-05,3.847e-05,3.924e-05,3.81e-05,3.76e-05,3.793e-05
engineer,0.00011408,0.00011792,0.00012438,0.00012542,0.00012647,0.00012883,0.00013161,0.00013158,0.000116
lifestyle,3.21e-06,3.36e-06,2.65e-06,2.45e-06,2.86e-06,3.29e-06,4.12e-06,3.31e-06,3.28e-06
consistent,7.298e-05,7.092e-05,6.942e-05,6.873e-05,7.08e-05,7.294e-05,7.497e-05,7.932e-05,7.195e-05
replace,3.382e-05,3.336e-05,3.237e-05,3.304e-05,3.479e-05,3.452e-05,3.522e-05,3.553e-05,3.359e-05
clearance,2.57e-06,2.52e-06,4.07e-06,4.08e-06,4.09e-06,4.11e-06,4.12e-06,3.92e-06,2.55e-06
connections,6.699e-05,6.777e-05,6.718e-05,6.791e-05,6.999e-05,6.945e-05,7.044e-05,7.168e-05,6.738e-05
inventory,1.541e-05,1.574e-05,1.506e-05,1.53e-05,1.514e-05,1.52e-05,1.648e-05,1.591e-05,1.557e-05
converter,9.42e-06,9.02e-06,8.96e-06,8.77e-06,8.8e-06,8.84e-06,8.03e-06,8.47e-06,9.22e-06
suck,8.6e-07,8.4e-07,8.1e-07,8.2e-07,8.2e-07,8.2e-07,1.03e-06,8.3e-07,8.5e-07
organisation,3.21e-05,3.231e-05,3.298e-05,3.243e-05,3.417e-05,3.514e-05,3.501e-05,3.45e-05,3.221e-05
babe,8.6e-07,8.4e-07,8.1e-07,8.2e-07,8.2e-07,8.2e-07,8.2e-07,8.3e-07,8.5e-07
checks,7.28e-06,7.97e-06,7.53e-06,6.93e-06,6.75e-06,6.16e-06,6.59e-06,7.23e-06,7.62e-06
reached,3.81e-05,3.798e-05,3.949e-05,3.977e-05,3.929e-05,4.027e-05,3.954e-05,3.904e-05,3.804e-05
becoming,5.821e-05,5.812e-05,5.741e-05,5.751e-05,5.668e-05,5.486e-05,5.705e-05,5.639e-05,5.816e-05
blowjob,0.0,0.0,0.0,0.0,0.0,0.0,0.0,0.0,0.0
safari,2.57e-06,2.73e-06,2.85e-06,3.06e-06,3.68e-06,4.52e-06,4.12e-06,3.72e-06,2.65e-06
objective,8.026e-05,8.015e-05,8.061e-05,8.117e-05,8.145e-05,8.239e-05,8.28e-05,8.593e-05,8.02e-05
indicated,3.317e-05,3.168e-05,2.972e-05,2.896e-05,2.988e-05,2.733e-05,2.842e-05,2.727e-05,3.243e-05
sugar,9.2e-06,9.65e-06,8.75e-06,8.36e-06,7.57e-06,8.01e-06,8.24e-06,8.06e-06,9.43e-06
crew,1.156e-05,1.196e-05,1.14e-05,1.142e-05,1.064e-05,1.13e-05,1.215e-05,1.219e-05,1.176e-05
legs,9.85e-06,9.65e-06,9.77e-06,1.101e-05,1.187e-05,1.192e-05,1.153e-05,1.074e-05,9.75e-06
sam,2.097e-05,1.951e-05,1.893e-05,1.999e-05,1.985e-05,2.199e-05,2.183e-05,1.942e-05,2.024e-05
stick,9.42e-06,1.007e-05,9.16e-06,8.77e-06,8.39e-06,8.42e-06,9.06e-06,9.09e-06,9.74e-06
securities,1.113e-05,9.65e-06,8.96e-06,8.97e-06,9.21e-06,9.45e-06,9.06e-06,9.92e-06,1.039e-05
allen,3.253e-05,3.189e-05,3.074e-05,3.243e-05,3.295e-05,3.37e-05,3.501e-05,3.512e-05,3.221e-05
pdt,2.1e-07,2.1e-07,2e-07,2e-07,2e-07,0.0,0.0,0.0,2.1e-07
relation,0.00023393,0.00023499,0.00023452,0.00023881,0.00023799,0.00024389,0.00024283,0.0002421,0.00023446
enabled,2.675e-05,2.644e-05,2.667e-05,2.712e-05,2.783e-05,2.815e-05,2.801e-05,2.789e-05,2.659e-05
genre,1.263e-05,1.301e-05,1.16e-05,1.081e-05,1.146e-05,1.089e-05,1.153e-05,1.157e-05,1.282e-05
slide,1.52e-05,1.511e-05,1.568e-05,1.591e-05,1.658e-05,1.644e-05,1.689e-05,1.673e-05,1.515e-05
montana,7.06e-06,7.13e-06,6.51e-06,6.93e-06,6.75e-06,6.58e-06,7e-06,7.02e-06,7.1e-06
volunteer,6.42e-06,6.5e-06,6.92e-06,7.14e-06,6.96e-06,1.007e-05,9.27e-06,9.5e-06,6.46e-06
tested,2.889e-05,2.833e-05,2.85e-05,2.916e-05,2.947e-05,2.897e-05,2.863e-05,2.83e-05,2.861e-05
rear,7.7e-06,8.39e-06,8.55e-06,8.77e-06,8.8e-06,8.84e-06,8.24e-06,8.47e-06,8.05e-06
democratic,1.926e-05,1.972e-05,1.975e-05,1.876e-05,1.862e-05,1.89e-05,1.915e-05,1.921e-05,1.949e-05
enhance,1.669e-05,1.741e-05,1.791e-05,1.815e-05,1.739e-05,1.808e-05,1.854e-05,1.88e-05,1.705e-05
switzerland,3.81e-05,3.714e-05,3.44e-05,3.426e-05,3.52e-05,3.37e-05,3.275e-05,3.243e-05,3.762e-05
exact,0.0001327,0.00012904,0.0001313,0.00013011,0.00013097,0.0001315,0.00013099,0.00013076,0.00013087
bound,0.00014447,0.00014289,0.00014148,0.00014031,0.00014243,0.00014301,0.00014458,0.00014708,0.00014368
parameter,0.00014447,0.00014519,0.0001427,0.00013888,0.00013997,0.00014157,0.000145,0.00014646,0.00014483
adapter,1.5e-06,1.47e-06,1.63e-06,1.63e-06,1.43e-06,1.23e-06,1.24e-06,1.24e-06,1.48e-06
processor,4.516e-05,4.553e-05,4.56e-05,4.466e-05,4.338e-05,4.356e-05,4.346e-05,4.276e-05,4.535e-05
node,0.0001038,0.00010155,0.00010423,0.0001036,0.00010293,0.00010191,9.742e-05,9.791e-05,0.00010268
formal,0.00027117,0.00027318,0.00027177,0.00027531,0.00027994,0.00028067,0.00028299,0.00028548,0.00027217
dimensions,0.00019712,0.0001987,0.00019869,0.00019863,0.00019809,0.00019766,0.00019628,0.00019665,0.00019791
contribute,1.883e-05,1.867e-05,1.914e-05,2.039e-05,1.965e-05,2.075e-05,2.039e-05,2.004e-05,1.875e-05
lock,1.22e-05,1.322e-05,1.283e-05,1.326e-05,1.207e-05,1.151e-05,1.153e-05,1.115e-05,1.271e-05
hockey,7.92e-06,9.86e-06,9.36e-06,9.99e-06,1.085e-05,1.048e-05,1.03e-05,1.012e-05,8.89e-06
storm,1.027e-05,9.65e-06,9.77e-06,9.38e-06,1.023e-05,1.007e-05,1.009e-05,1.033e-05,9.96e-06
micro,1.755e-05,1.679e-05,1.71e-05,1.754e-05,1.637e-05,1.562e-05,1.586e-05,1.549e-05,1.717e-05
colleges,9.42e-06,8.81e-06,9.57e-06,1.04e-05,1.085e-05,1.068e-05,1.133e-05,1.136e-05,9.11e-06
laptops,1.5e-06,1.47e-06,2.04e-06,2.04e-06,2.05e-06,2.47e-06,2.68e-06,2.48e-06,1.48e-06
mile,5.78e-06,6.29e-06,6.31e-06,5.51e-06,6.14e-06,6.16e-06,6.18e-06,6.2e-06,6.03e-06
showed,0.00010316,0.00010197,0.00010158,9.952e-05,9.761e-05,9.657e-05,9.577e-05,9.523e-05,0.00010256
challenges,2.654e-05,2.602e-05,2.606e-05,2.692e-05,2.742e-05,2.856e-05,2.863e-05,2.789e-05,2.628e-05
editors,4.409e-05,4.28e-05,4.519e-05,4.691e-05,4.727e-05,4.746e-05,4.716e-05,4.668e-05,4.345e-05
mens,4.3e-07,8.4e-07,8.1e-07,6.1e-07,6.1e-07,4.1e-07,4.1e-07,4.1e-07,6.4e-07
threads,7.49e-06,7.76e-06,7.74e-06,8.36e-06,8.39e-06,8.84e-06,8.24e-06,8.26e-06,7.63e-06
bowl,7.28e-06,6.92e-06,6.31e-06,6.53e-06,6.34e-06,6.16e-06,6.18e-06,5.78e-06,7.1e-06
supreme,1.348e-05,1.427e-05,1.425e-05,1.407e-05,1.351e-05,1.294e-05,1.401e-05,1.363e-05,1.388e-05
brothers,2.162e-05,2.119e-05,1.954e-05,1.856e-05,1.883e-05,1.808e-05,1.854e-05,1.797e-05,2.14e-05
recognition,0.00010466,0.00010512,0.00010688,0.0001034,0.00010682,0.00010643,0.00010669,0.00010907,0.00010489
presents,2.825e-05,2.728e-05,2.484e-05,2.529e-05,2.517e-05,2.486e-05,2.595e-05,2.561e-05,2.776e-05
ref,2.526e-05,2.245e-05,2.219e-05,2.264e-05,2.333e-05,1.87e-05,1.792e-05,1.549e-05,2.386e-05
tank,1.006e-05,9.02e-06,9.98e-06,9.99e-06,9.62e-06,9.66e-06,1.009e-05,1.074e-05,9.54e-06
submission,5.78e-06,5.46e-06,4.68e-06,4.08e-06,3.48e-06,3.9e-06,3.71e-06,3.92e-06,5.62e-06
dolls,3.42e-06,3.99e-06,4.68e-06,4.69e-06,4.71e-06,4.73e-06,4.74e-06,4.75e-06,3.71e-06
estimate,8.454e-05,8.561e-05,8.652e-05,8.586e-05,8.758e-05,8.917e-05,9e-05,9.13e-05,8.507e-05
encourage,1.092e-05,1.07e-05,1.099e-05,1.06e-05,1.064e-05,1.089e-05,1.112e-05,1.239e-05,1.081e-05
navy,5.008e-05,4.931e-05,4.743e-05,4.894e-05,4.809e-05,4.705e-05,4.84e-05,4.751e-05,4.97e-05
kid,2.14e-06,1.89e-06,2.04e-06,2.04e-06,2.05e-06,2.47e-06,2.47e-06,2.07e-06,2.01e-06
regulatory,2.183e-05,2.119e-05,2.158e-05,2.141e-05,2.067e-05,2.075e-05,2.142e-05,2.128e-05,2.151e-05
inspection,1.541e-05,1.385e-05,1.384e-05,1.366e-05,1.351e-05,1.438e-05,1.339e-05,1.301e-05,1.463e-05
consumers,1.755e-05,1.825e-05,1.914e-05,1.958e-05,1.944e-05,1.973e-05,2.06e-05,2.045e-05,1.79e-05
cancel,5.99e-06,6.71e-06,6.11e-06,5.1e-06,4.91e-06,5.14e-06,5.15e-06,5.37e-06,6.35e-06
limits,5.907e-05,6.085e-05,6.209e-05,6.098e-05,6.262e-05,6.102e-05,6.158e-05,6.383e-05,5.996e-05
territory,5.351e-05,5.287e-05,5.171e-05,5.18e-05,3.049e-05,3.185e-05,3.131e-05,3.16e-05,5.319e-05
transaction,1.99e-05,1.762e-05,1.812e-05,1.835e-05,1.883e-05,2.055e-05,1.771e-05,1.673e-05,1.876e-05
manchester,2.911e-05,3.084e-05,3.094e-05,3.1e-05,3.049e-05,3e-05,2.904e-05,2.975e-05,2.998e-05
weapons,1.755e-05,1.72e-05,1.69e-05,1.693e-05,1.658e-05,1.705e-05,1.771e-05,1.776e-05,1.738e-05
paint,5.094e-05,5.287e-05,5.11e-05,4.915e-05,4.748e-05,4.746e-05,4.758e-05,4.462e-05,5.19e-05
delay,5.244e-05,4.952e-05,5.069e-05,5.221e-05,5.484e-05,5.055e-05,4.964e-05,4.916e-05,5.098e-05
pilot,1.498e-05,1.595e-05,1.588e-05,1.611e-05,1.33e-05,1.397e-05,1.401e-05,1.529e-05,1.547e-05
outlet,1.07e-06,1.05e-06,1.02e-06,1.02e-06,1.23e-06,1.23e-06,1.24e-06,1.24e-06,1.06e-06
contributions,0.0003647,0.00037242,0.00037478,0.00037646,0.00038717,0.00038813,0.00038885,0.00039455,0.00036856
continuous,0.00030092,0.00029878,0.00029823,0.00030284,0.00030798,0.00030944,0.00031306,0.00031316,0.00029985
db,2.097e-05,1.951e-05,1.791e-05,1.876e-05,1.903e-05,1.788e-05,1.751e-05,1.776e-05,2.024e-05
czech,4.923e-05,4.973e-05,5.028e-05,5.139e-05,5.075e-05,4.829e-05,4.861e-05,4.792e-05,4.948e-05
resulting,0.00013291,0.00013281,0.0001313,0.00013297,0.00013465,0.0001391,0.00014232,0.00014439,0.00013286
cambridge,0.0002823,0.00028178,0.00027767,0.00027715,0.00027155,0.0002593,0.00025271,0.00024809,0.00028204
initiative,3.467e-05,3.63e-05,3.725e-05,3.63e-05,3.643e-05,3.678e-05,3.625e-05,3.677e-05,3.549e-05
novel,8.732e-05,8.581e-05,8.672e-05,8.769e-05,9.004e-05,9e-05,9.145e-05,9.13e-05,8.656e-05
pan,2.033e-05,1.951e-05,2.158e-05,2.039e-05,2.128e-05,2.199e-05,2.039e-05,2.148e-05,1.992e-05
execution,4.366e-05,4.469e-05,4.621e-05,4.527e-05,4.563e-05,4.685e-05,4.758e-05,4.792e-05,4.418e-05
disability,2.35e-06,2.94e-06,3.26e-06,3.06e-06,2.86e-06,3.29e-06,3.3e-06,2.69e-06,2.65e-06
increases,6.549e-05,6.232e-05,6.372e-05,6.526e-05,6.528e-05,6.596e-05,6.405e-05,6.466e-05,6.391e-05
ultra,1.413e-05,1.427e-05,1.425e-05,1.326e-05,1.31e-05,1.233e-05,1.215e-05,1.219e-05,1.42e-05
winner,5.072e-05,4.973e-05,4.906e-05,4.833e-05,4.727e-05,4.685e-05,4.655e-05,4.586e-05,5.023e-05
idaho,4.71e-06,4.62e-06,5.29e-06,5.51e-06,5.32e-06,4.52e-06,4.74e-06,5.16e-06,4.67e-06
contractor,4.07e-06,3.36e-06,3.05e-06,3.26e-06,3.07e-06,3.49e-06,3.3e-06,3.31e-06,3.72e-06
ph,0.00034865,0.00035417,0.00033976,0.00032222,0.00031064,0.00029053,0.00028031,0.00026978,0.00035141
episode,2.761e-05,2.539e-05,2.443e-05,2.345e-05,2.394e-05,2.404e-05,2.43e-05,2.355e-05,2.65e-05
examination,2.012e-05,1.972e-05,1.934e-05,2.101e-05,1.985e-05,1.87e-05,1.895e-05,1.962e-05,1.992e-05
potter,6.21e-06,5.87e-06,5.09e-06,5.3e-06,4.91e-06,5.14e-06,5.15e-06,4.96e-06,6.04e-06
dish,2.14e-06,2.31e-06,2.24e-06,2.24e-06,2.66e-06,2.47e-06,2.47e-06,2.69e-06,2.22e-06
plays,5.479e-05,5.371e-05,5.496e-05,5.567e-05,5.525e-05,5.527e-05,5.685e-05,5.763e-05,5.425e-05
bulletin,4.109e-05,4.091e-05,4.071e-05,4.956e-05,3.663e-05,3.555e-05,3.481e-05,3.47e-05,4.1e-05
ia,8.56e-06,8.18e-06,7.94e-06,7.95e-06,7.98e-06,7.81e-06,8.03e-06,8.68e-06,8.37e-06
pt,5.56e-06,3.78e-06,5.09e-06,4.69e-06,4.5e-06,4.31e-06,4.74e-06,4.75e-06,4.67e-06
indicates,7.255e-05,7.344e-05,7.227e-05,7.199e-05,7.613e-05,7.52e-05,7.6e-05,7.581e-05,7.3e-05
modify,1.455e-05,1.49e-05,1.466e-05,1.407e-05,1.33e-05,1.274e-05,1.256e-05,1.26e-05,1.472e-05
oxford,0.00021317,0.00022052,0.00021538,0.00021189,0.00021057,0.00020198,0.00019669,0.0001919,0.00021685
adam,2.097e-05,2.056e-05,2.036e-05,2.121e-05,2.108e-05,2.075e-05,2.101e-05,2.128e-05,2.077e-05
truly,1.199e-05,1.259e-05,1.221e-05,1.305e-05,1.248e-05,1.212e-05,1.195e-05,1.281e-05,1.229e-05
epinions,0.0,0.0,0.0,0.0,0.0,0.0,0.0,0.0,0.0
painting,3.745e-05,3.84e-05,3.929e-05,3.936e-05,3.949e-05,3.842e-05,4.037e-05,3.966e-05,3.793e-05
committed,1.263e-05,1.28e-05,1.283e-05,1.142e-05,1.146e-05,1.089e-05,1.05e-05,1.012e-05,1.271e-05
extensive,5.607e-05,5.497e-05,5.598e-05,5.629e-05,5.75e-05,5.65e-05,5.664e-05,5.887e-05,5.552e-05
affordable,3.85e-06,3.57e-06,4.07e-06,3.87e-06,3.48e-06,3.49e-06,3.71e-06,3.72e-06,3.71e-06
universe,0.00010081,9.882e-05,0.00010016,9.972e-05,9.986e-05,0.00010294,9.824e-05,9.626e-05,9.982e-05
candidate,4.644e-05,4.889e-05,4.947e-05,4.854e-05,4.748e-05,4.849e-05,4.861e-05,4.896e-05,4.766e-05
databases,3.917e-05,3.903e-05,3.827e-05,3.875e-05,3.888e-05,3.924e-05,3.954e-05,4.028e-05,3.91e-05
patent,3.574e-05,3.63e-05,3.542e-05,3.385e-05,3.479e-05,3.534e-05,3.625e-05,3.553e-05,3.602e-05
slot,3.64e-06,3.36e-06,4.48e-06,4.69e-06,4.71e-06,4.73e-06,4.74e-06,4.54e-06,3.5e-06
psp,1.07e-06,4.2e-07,4.1e-07,4.1e-07,4.1e-07,4.1e-07,4.1e-07,4.1e-07,7.4e-07
outstanding,6.592e-05,7.113e-05,7.044e-05,6.954e-05,7.101e-05,6.801e-05,6.694e-05,6.445e-05,6.852e-05
ha,9.2e-06,1.238e-05,1.201e-05,1.122e-05,1.146e-05,1.048e-05,1.05e-05,1.053e-05,1.079e-05
eating,4.49e-06,4.41e-06,4.89e-06,5.1e-06,4.91e-06,5.34e-06,6.18e-06,6.4e-06,4.45e-06
perspective,6.078e-05,6.127e-05,6.107e-05,6.098e-05,5.914e-05,6.061e-05,6.055e-05,6.176e-05,6.102e-05
planned,1.948e-05,1.888e-05,1.751e-05,1.774e-05,1.78e-05,1.808e-05,1.874e-05,1.818e-05,1.918e-05
watching,3.21e-06,3.36e-06,3.26e-06,3.06e-06,2.86e-06,2.67e-06,2.88e-06,2.07e-06,3.28e-06
lodge,2.78e-06,2.73e-06,3.05e-06,3.06e-06,3.07e-06,2.26e-06,2.47e-06,2.48e-06,2.75e-06
messenger,8.99e-06,9.86e-06,1.079e-05,1.04e-05,1.064e-05,1.11e-05,1.05e-05,1.053e-05,9.43e-06
mirror,6.271e-05,5.896e-05,6.046e-05,6.098e-05,6.282e-05,6.431e-05,6.447e-05,6.507e-05,6.083e-05
tournament,1.348e-05,1.322e-05,1.344e-05,1.305e-05,1.33e-05,1.315e-05,1.298e-05,1.177e-05,1.335e-05
consideration,2.74e-05,2.707e-05,2.646e-05,2.61e-05,2.64e-05,2.63e-05,2.636e-05,2.685e-05,2.723e-05
ds,8.13e-06,7.97e-06,7.74e-06,7.34e-06,7.57e-06,8.63e-06,8.65e-06,8.68e-06,8.05e-06
discounts,8.6e-07,8.4e-07,1.02e-06,1.02e-06,8.2e-07,8.2e-07,8.2e-07,8.3e-07,8.5e-07
sterling,9.42e-06,1.007e-05,9.57e-06,9.38e-06,9.21e-06,9.66e-06,9.47e-06,9.5e-06,9.74e-06
sessions,8.35e-06,7.76e-06,7.53e-06,7.14e-06,7.78e-06,7.6e-06,7.41e-06,7.64e-06,8.05e-06
kernel,8.09e-05,8.162e-05,8.245e-05,8.341e-05,8.39e-05,8.671e-05,8.692e-05,8.738e-05,8.126e-05
boobs,0.0,0.0,0.0,0.0,0.0,0.0,0.0,0.0,0.0
stocks,1.027e-05,9.86e-06,1.018e-05,9.79e-06,9.62e-06,1.171e-05,1.153e-05,1.095e-05,1.006e-05
buyers,1.5e-06,8.4e-07,1.43e-06,1.43e-06,1.43e-06,1.44e-06,1.44e-06,1.65e-06,1.17e-06
journals,7.127e-05,7.113e-05,7.288e-05,7.199e-05,7.08e-05,6.698e-05,6.55e-05,6.445e-05,7.12e-05
gray,3.403e-05,3.399e-05,3.4e-05,3.487e-05,3.54e-05,3.596e-05,3.522e-05,3.491e-05,3.401e-05
catalogue,8.78e-06,9.44e-06,9.57e-06,1.02e-05,1.003e-05,1.027e-05,9.27e-06,9.3e-06,9.11e-06
ea,6.21e-06,5.67e-06,5.7e-06,5.71e-06,5.53e-06,5.55e-06,5.77e-06,5.99e-06,5.94e-06
jennifer,5.78e-06,7.55e-06,8.75e-06,8.77e-06,8.59e-06,9.04e-06,8.86e-06,8.68e-06,6.66e-06
antonio,1.562e-05,1.616e-05,1.629e-05,1.652e-05,1.678e-05,1.726e-05,1.771e-05,1.818e-05,1.589e-05
charged,3.103e-05,3.084e-05,2.972e-05,3.141e-05,3.192e-05,3.288e-05,3.378e-05,3.408e-05,3.094e-05
broad,4.987e-05,5.099e-05,5.273e-05,5.262e-05,5.505e-05,5.383e-05,5.458e-05,5.495e-05,5.043e-05
taiwan,1.605e-05,1.532e-05,1.588e-05,1.407e-05,1.494e-05,1.5e-05,1.627e-05,1.384e-05,1.568e-05
und,4.901e-05,4.889e-05,4.764e-05,4.854e-05,4.891e-05,4.52e-05,4.387e-05,4.297e-05,4.895e-05
chosen,0.00012735,0.00012736,0.00012357,0.00012501,0.0001234,0.00012595,0.00012975,0.00013034,0.00012736
demo,2.78e-06,2.73e-06,2.04e-06,2.04e-06,1.84e-06,1.44e-06,1.44e-06,1.45e-06,2.75e-06
greece,2.226e-05,2.266e-05,2.321e-05,2.243e-05,2.476e-05,2.425e-05,2.389e-05,2.293e-05,2.246e-05
lg,1.93e-06,1.89e-06,2.24e-06,2.24e-06,1.84e-06,1.64e-06,1.65e-06,1.24e-06,1.91e-06
swiss,5.714e-05,5.959e-05,6.005e-05,6.036e-05,6.119e-05,6.185e-05,6.302e-05,6.362e-05,5.837e-05
sarah,8.78e-06,1.07e-05,1.099e-05,1.081e-05,1.064e-05,1.13e-05,1.153e-05,1.115e-05,9.74e-06
clark,1.905e-05,2.077e-05,1.995e-05,1.978e-05,1.903e-05,1.829e-05,1.874e-05,1.9e-05,1.991e-05
labour,1.284e-05,1.364e-05,1.506e-05,1.489e-05,1.453e-05,1.274e-05,1.277e-05,1.384e-05,1.324e-05
hate,2.35e-06,1.89e-06,2.04e-06,2.65e-06,2.46e-06,2.88e-06,3.09e-06,2.48e-06,2.12e-06
terminal,4.195e-05,4.301e-05,4.397e-05,4.283e-05,4.318e-05,4.233e-05,4.263e-05,4.276e-05,4.248e-05
publishers,3.039e-05,2.854e-05,2.931e-05,2.977e-05,2.988e-05,2.877e-05,2.76e-05,2.747e-05,2.946e-05
nights,3.42e-06,3.99e-06,3.66e-06,3.06e-06,2.66e-06,2.67e-06,3.5e-06,3.51e-06,3.71e-06
behalf,1.776e-05,1.93e-05,2.015e-05,2.039e-05,2.046e-05,2.137e-05,2.08e-05,2.086e-05,1.853e-05
caribbean,1.113e-05,1.154e-05,1.201e-05,1.264e-05,1.269e-05,1.315e-05,1.277e-05,1.26e-05,1.133e-05
liquid,6.528e-05,6.588e-05,6.759e-05,6.913e-05,6.937e-05,6.986e-05,7.044e-05,7.003e-05,6.558e-05
rice,2.825e-05,2.854e-05,2.769e-05,2.753e-05,2.517e-05,2.404e-05,2.41e-05,2.355e-05,2.84e-05
nebraska,9.63e-06,9.44e-06,8.75e-06,8.77e-06,8.8e-06,8.22e-06,8.24e-06,8.47e-06,9.53e-06
loop,0.00010787,0.00010722,0.00010016,0.00010299,0.00010252,0.0001015,0.00010545,0.00010659,0.00010754
salary,4.28e-06,3.57e-06,3.46e-06,3.47e-06,3.48e-06,3.29e-06,3.09e-06,3.1e-06,3.92e-06
reservation,3.85e-06,3.57e-06,4.07e-06,3.47e-06,3.48e-06,3.49e-06,3.5e-06,3.51e-06,3.71e-06
foods,4.49e-06,3.99e-06,3.46e-06,3.26e-06,3.89e-06,3.7e-06,3.71e-06,3.92e-06,4.24e-06
gourmet,0.0,0.0,0.0,0.0,0.0,0.0,0.0,0.0,0.0
guard,1.648e-05,1.741e-05,1.669e-05,1.672e-05,1.658e-05,1.582e-05,1.668e-05,1.487e-05,1.695e-05
properly,2.932e-05,2.916e-05,2.85e-05,2.733e-05,2.763e-05,2.753e-05,2.533e-05,2.396e-05,2.924e-05
orleans,3.64e-06,4.2e-06,4.07e-06,4.08e-06,4.3e-06,3.9e-06,3.91e-06,3.92e-06,3.92e-06
saving,1.22e-05,1.091e-05,1.099e-05,1.101e-05,1.146e-05,1.151e-05,1.112e-05,1.095e-05,1.156e-05
nfl,4.71e-06,5.04e-06,4.89e-06,5.91e-06,5.73e-06,6.58e-06,6.59e-06,5.99e-06,4.87e-06
remaining,4.88e-05,4.679e-05,4.682e-05,4.772e-05,4.768e-05,4.808e-05,4.716e-05,4.545e-05,4.779e-05
empire,4.837e-05,5.078e-05,5.456e-05,5.547e-05,5.668e-05,5.918e-05,6.055e-05,5.846e-05,4.957e-05
resume,2.35e-06,1.26e-06,1.43e-06,1.02e-06,1.23e-06,1.44e-06,1.44e-06,1.45e-06,1.81e-06
twenty,4.174e-05,4.112e-05,4.051e-05,4.14e-05,4.154e-05,4.171e-05,4.202e-05,4.069e-05,4.143e-05
newly,2.547e-05,2.476e-05,2.565e-05,2.447e-05,2.517e-05,2.527e-05,2.533e-05,2.499e-05,2.511e-05
raise,1.327e-05,1.217e-05,1.283e-05,1.203e-05,1.207e-05,1.192e-05,1.153e-05,1.219e-05,1.272e-05
prepare,7.49e-06,7.13e-06,7.53e-06,7.55e-06,7.98e-06,8.42e-06,7.83e-06,8.06e-06,7.31e-06
avatar,2.35e-06,2.73e-06,2.44e-06,2.45e-06,2.86e-06,2.67e-06,2.68e-06,2.48e-06,2.54e-06
gary,1.134e-05,1.154e-05,1.038e-05,1.101e-05,1.064e-05,1.089e-05,1.153e-05,1.157e-05,1.144e-05
depending,0.00012371,0.00012043,0.00012255,0.00012705,0.0001279,0.00013027,0.00013078,0.00013344,0.00012207
illegal,1.134e-05,1.07e-05,1.038e-05,1.081e-05,1.064e-05,9.86e-06,9.47e-06,9.71e-06,1.102e-05
expansion,0.00010551,0.00010827,0.00010606,0.0001038,0.00010436,0.00010376,0.00010504,0.00010411,0.00010689
vary,6.036e-05,5.938e-05,6.026e-05,5.833e-05,5.832e-05,5.938e-05,6.199e-05,6.094e-05,5.987e-05
hundreds,2.825e-05,2.77e-05,2.728e-05,2.774e-05,2.742e-05,2.692e-05,2.822e-05,2.768e-05,2.797e-05
rome,4.195e-05,4.322e-05,4.173e-05,4.16e-05,4.297e-05,4.294e-05,4.057e-05,4.069e-05,4.258e-05
arab,2.59e-05,3.084e-05,3.196e-05,2.937e-05,2.906e-05,2.651e-05,2.327e-05,2.541e-05,2.837e-05
lincoln,1.498e-05,1.616e-05,1.527e-05,1.55e-05,1.555e-05,1.479e-05,1.442e-05,1.467e-05,1.557e-05
helped,5.286e-05,5.476e-05,5.639e-05,5.425e-05,5.525e-05,5.548e-05,5.602e-05,5.329e-05,5.381e-05
premier,8.56e-06,8.18e-06,7.53e-06,8.16e-06,7.98e-06,8.01e-06,8.03e-06,7.44e-06,8.37e-06
tomorrow,6.63e-06,6.29e-06,6.31e-06,5.91e-06,5.12e-06,5.34e-06,5.35e-06,5.37e-06,6.46e-06
purchased,1.648e-05,1.616e-05,1.588e-05,1.57e-05,1.617e-05,1.603e-05,1.606e-05,1.632e-05,1.632e-05
milk,5.99e-06,5.67e-06,5.5e-06,5.71e-06,5.93e-06,6.16e-06,5.97e-06,4.54e-06,5.83e-06
decide,2.504e-05,2.371e-05,2.341e-05,2.366e-05,2.374e-05,2.383e-05,2.327e-05,2.293e-05,2.438e-05
consent,3.85e-06,3.99e-06,4.07e-06,3.47e-06,3.48e-06,3.49e-06,3.09e-06,2.89e-06,3.92e-06
drama,3.082e-05,3.231e-05,3.237e-05,3.365e-05,3.438e-05,3.596e-05,3.687e-05,3.76e-05,3.157e-05
visiting,7.983e-05,8.015e-05,8.591e-05,8.3e-05,8.37e-05,8.054e-05,7.847e-05,7.395e-05,7.999e-05
performing,5.265e-05,5.371e-05,5.415e-05,5.323e-05,5.321e-05,5.445e-05,5.437e-05,5.557e-05,5.318e-05
downtown,1.93e-06,2.1e-06,2.24e-06,2.45e-06,2.05e-06,2.05e-06,1.65e-06,1.86e-06,2.02e-06
keyboard,2.29e-05,2.182e-05,2.178e-05,2.182e-05,2.046e-05,2.055e-05,1.998e-05,2.045e-05,2.236e-05
contest,2.568e-05,2.413e-05,2.158e-05,2.243e-05,2.312e-05,2.24e-05,2.266e-05,2.169e-05,2.49e-05
collected,4.816e-05,4.742e-05,4.743e-05,4.609e-05,4.727e-05,4.931e-05,4.799e-05,4.792e-05,4.779e-05
nw,1.71e-06,1.68e-06,1.63e-06,1.43e-06,1.43e-06,1.64e-06,1.65e-06,1.65e-06,1.69e-06
bands,2.761e-05,2.644e-05,2.646e-05,2.631e-05,2.497e-05,2.527e-05,2.492e-05,2.417e-05,2.702e-05
boot,1.434e-05,1.49e-05,1.445e-05,1.468e-05,1.494e-05,1.5e-05,1.483e-05,1.508e-05,1.462e-05
suitable,6.656e-05,6.798e-05,6.575e-05,6.506e-05,6.487e-05,6.472e-05,6.591e-05,6.693e-05,6.727e-05
ff,4.71e-06,4.62e-06,5.09e-06,3.47e-06,3.27e-06,3.29e-06,3.09e-06,3.1e-06,4.67e-06
absolutely,2.183e-05,2.098e-05,2.26e-05,2.162e-05,2.251e-05,2.178e-05,2.224e-05,2.128e-05,2.14e-05
millions,1.669e-05,1.679e-05,1.649e-05,1.754e-05,1.78e-05,1.746e-05,1.771e-05,1.776e-05,1.674e-05
lunch,7.28e-06,7.13e-06,6.92e-06,6.93e-06,6.96e-06,8.84e-06,8.86e-06,8.47e-06,7.2e-06
dildo,0.0,0.0,0.0,0.0,0.0,0.0,0.0,0.0,0.0
audit,7.28e-06,6.92e-06,7.13e-06,7.95e-06,7.57e-06,8.01e-06,7.41e-06,7.23e-06,7.1e-06
push,1.07e-05,1.07e-05,1.12e-05,1.142e-05,1.146e-05,1.151e-05,1.133e-05,1.239e-05,1.07e-05
chamber,1.092e-05,1.07e-05,9.16e-06,9.18e-06,8.19e-06,7.6e-06,7.41e-06,7.23e-06,1.081e-05
guinea,5.14e-06,5.25e-06,5.09e-06,5.1e-06,5.32e-06,5.34e-06,5.56e-06,5.37e-06,5.2e-06
findings,1.584e-05,1.637e-05,1.608e-05,1.509e-05,1.555e-05,1.52e-05,1.401e-05,1.487e-05,1.611e-05
muscle,5.56e-06,5.46e-06,5.7e-06,5.71e-06,6.34e-06,6.58e-06,6.8e-06,6.82e-06,5.51e-06
featuring,2.697e-05,2.812e-05,2.83e-05,2.937e-05,2.783e-05,2.794e-05,2.76e-05,2.83e-05,2.755e-05
iso,6.378e-05,6.525e-05,6.25e-05,6.424e-05,6.282e-05,6.513e-05,6.57e-05,6.466e-05,6.452e-05
implement,4.452e-05,4.511e-05,4.54e-05,4.548e-05,4.604e-05,4.541e-05,4.49e-05,4.441e-05,4.481e-05
clicking,1.93e-06,1.89e-06,2.24e-06,2.86e-06,2.86e-06,2.67e-06,2.68e-06,2.48e-06,1.91e-06
scheduled,9.85e-06,9.23e-06,9.77e-06,9.18e-06,9.62e-06,8.42e-06,7.83e-06,7.64e-06,9.54e-06
polls,6.63e-06,7.55e-06,7.94e-06,8.57e-06,8.8e-06,9.25e-06,8.86e-06,8.68e-06,7.09e-06
typical,9.61e-05,9.295e-05,9.344e-05,9.238e-05,9.168e-05,9.369e-05,9.351e-05,9.378e-05,9.453e-05
tower,2.568e-05,2.623e-05,2.524e-05,2.508e-05,2.497e-05,2.527e-05,2.389e-05,2.438e-05,2.596e-05
yours,6.4e-07,6.3e-07,6.1e-07,6.1e-07,6.1e-07,6.2e-07,6.2e-07,6.2e-07,6.4e-07
sum,0.00033902,0.00033529,0.0003306,0.00033445,0.00033335,0.00033101,0.00033551,0.00033815,0.00033716
misc,8.6e-07,6.3e-07,6.1e-07,6.1e-07,6.1e-07,6.2e-07,6.2e-07,6.2e-07,7.5e-07
calculator,3.531e-05,3.483e-05,3.461e-05,3.671e-05,3.643e-05,3.596e-05,3.769e-05,3.801e-05,3.507e-05
significantly,5.565e-05,5.56e-05,5.781e-05,5.69e-05,5.73e-05,5.753e-05,5.808e-05,6.094e-05,5.562e-05
chicken,8.35e-06,8.39e-06,7.94e-06,8.36e-06,7.98e-06,7.81e-06,7.83e-06,8.06e-06,8.37e-06
temporary,1.605e-05,1.511e-05,1.527e-05,1.509e-05,1.555e-05,1.52e-05,1.401e-05,1.467e-05,1.558e-05
attend,6.85e-06,6.29e-06,6.51e-06,5.91e-06,5.32e-06,5.55e-06,5.77e-06,5.16e-06,6.57e-06
shower,1.5e-06,1.47e-06,1.43e-06,1.22e-06,1.23e-06,1.23e-06,1.44e-06,1.45e-06,1.48e-06
alan,6.399e-05,7.155e-05,6.962e-05,6.811e-05,6.855e-05,6.76e-05,6.817e-05,6.796e-05,6.777e-05
sending,2.097e-05,2.035e-05,1.975e-05,2.06e-05,2.149e-05,2.178e-05,2.183e-05,2.19e-05,2.066e-05
jason,6.21e-06,6.29e-06,6.51e-06,6.73e-06,6.34e-06,6.99e-06,7.62e-06,7.44e-06,6.25e-06
tonight,1.5e-06,1.26e-06,1.22e-06,1.22e-06,1.23e-06,1.23e-06,1.24e-06,8.3e-07,1.38e-06
dear,1.5e-06,1.47e-06,1.63e-06,1.02e-06,8.2e-07,1.03e-06,1.03e-06,1.03e-06,1.48e-06
sufficient,8.433e-05,8.33e-05,8.428e-05,8.321e-05,8.411e-05,8.589e-05,8.65e-05,8.593e-05,8.381e-05
holdem,0.0,0.0,0.0,0.0,0.0,0.0,0.0,0.0,0.0
shell,2.954e-05,2.958e-05,2.891e-05,3.059e-05,3.029e-05,3.02e-05,2.945e-05,2.995e-05,2.956e-05
province,2.119e-05,2.413e-05,2.443e-05,2.57e-05,2.681e-05,2.753e-05,2.76e-05,2.851e-05,2.266e-05
catholic,2.911e-05,2.958e-05,2.891e-05,2.774e-05,2.804e-05,2.835e-05,2.883e-05,2.995e-05,2.935e-05
oak,7.49e-06,7.34e-06,7.53e-06,6.53e-06,6.55e-06,6.99e-06,6.59e-06,6.4e-06,7.42e-06
vat,1.71e-06,1.68e-06,1.83e-06,1.84e-06,1.84e-06,1.64e-06,1.85e-06,1.86e-06,1.69e-06
awareness,1.391e-05,1.469e-05,1.405e-05,1.489e-05,1.535e-05,1.685e-05,1.689e-05,1.653e-05,1.43e-05
vancouver,5.99e-06,8.39e-06,9.57e-06,8.97e-06,9.21e-06,8.84e-06,9.06e-06,9.09e-06,7.19e-06
governor,1.862e-05,1.846e-05,1.73e-05,1.795e-05,1.801e-05,1.808e-05,1.751e-05,1.776e-05,1.854e-05
beer,1.391e-05,1.469e-05,1.181e-05,1.224e-05,1.207e-05,1.089e-05,1.071e-05,1.053e-05,1.43e-05
seemed,4.71e-06,5.04e-06,5.7e-06,6.32e-06,5.32e-06,5.96e-06,5.56e-06,5.58e-06,4.87e-06
contribution,6.934e-05,6.777e-05,6.738e-05,6.771e-05,6.753e-05,6.616e-05,6.755e-05,6.734e-05,6.855e-05
measurement,0.00016737,0.00016596,0.0001651,0.00016763,0.00016903,0.00016848,0.00017259,0.00017517,0.00016666
swimming,4.92e-06,4.83e-06,4.28e-06,4.08e-06,4.09e-06,3.9e-06,4.12e-06,4.13e-06,4.87e-06
spyware,2.57e-06,2.73e-06,2.85e-06,3.47e-06,2.86e-06,2.88e-06,2.88e-06,2.89e-06,2.65e-06
formula,0.00035057,0.00034913,0.00034709,0.00034832,0.00035013,0.00035443,0.00035775,0.00036005,0.00034985
constitution,1.627e-05,1.637e-05,1.588e-05,1.591e-05,1.76e-05,1.767e-05,1.73e-05,1.632e-05,1.632e-05
packaging,1.092e-05,1.175e-05,1.14e-05,1.02e-05,9.62e-06,9.04e-06,8.65e-06,8.68e-06,1.133e-05
solar,5.179e-05,5.057e-05,5.069e-05,5.221e-05,5.464e-05,5.486e-05,5.376e-05,5.515e-05,5.118e-05
jose,6.21e-06,6.5e-06,6.72e-06,6.32e-06,5.93e-06,5.75e-06,5.97e-06,5.99e-06,6.35e-06
catch,7.28e-06,7.76e-06,7.74e-06,7.34e-06,6.75e-06,7.4e-06,7.21e-06,6.82e-06,7.52e-06
jane,9.42e-06,9.23e-06,9.98e-06,9.99e-06,1.003e-05,1.027e-05,9.68e-06,9.71e-06,9.32e-06
pakistan,2.461e-05,2.497e-05,2.504e-05,2.468e-05,2.476e-05,2.466e-05,2.554e-05,2.52e-05,2.479e-05
ps,1.07e-05,8.39e-06,7.94e-06,6.93e-06,6.55e-06,6.16e-06,6.18e-06,5.78e-06,9.54e-06
reliable,2.547e-05,2.665e-05,2.708e-05,2.814e-05,2.804e-05,2.815e-05,2.801e-05,2.706e-05,2.606e-05
consultation,3e-06,2.52e-06,2.85e-06,2.86e-06,2.66e-06,2.67e-06,2.27e-06,2.07e-06,2.76e-06
northwest,1.049e-05,1.007e-05,1.038e-05,8.97e-06,9.41e-06,9.66e-06,9.27e-06,9.3e-06,1.028e-05
sir,8.154e-05,8.267e-05,8.061e-05,8.035e-05,7.96e-05,7.972e-05,7.95e-05,8.056e-05,8.211e-05
doubt,7.7e-06,7.55e-06,7.74e-06,8.36e-06,8.19e-06,8.01e-06,7.83e-06,7.85e-06,7.63e-06
earn,1.776e-05,1.679e-05,1.608e-05,1.468e-05,1.392e-05,1.377e-05,1.462e-05,1.549e-05,1.727e-05
finder,4.92e-06,4.41e-06,4.28e-06,4.69e-06,4.91e-06,4.52e-06,4.53e-06,4.54e-06,4.67e-06
unable,1.691e-05,1.637e-05,1.791e-05,1.856e-05,1.719e-05,1.808e-05,1.771e-05,1.776e-05,1.664e-05
periods,4.473e-05,4.322e-05,4.316e-05,4.303e-05,4.318e-05,4.171e-05,4.181e-05,4.235e-05,4.397e-05
classroom,1.006e-05,1.007e-05,9.57e-06,9.18e-06,9.41e-06,9.25e-06,9.27e-06,9.3e-06,1.006e-05
tasks,6.335e-05,6.274e-05,6.27e-05,6.22e-05,6.057e-05,6.246e-05,6.344e-05,6.383e-05,6.304e-05
democracy,1.199e-05,1.259e-05,1.242e-05,1.162e-05,1.146e-05,1.13e-05,1.298e-05,1.363e-05,1.229e-05
attacks,6.892e-05,6.756e-05,6.494e-05,6.424e-05,6.528e-05,6.76e-05,7.003e-05,7.003e-05,6.824e-05
kim,1.348e-05,1.406e-05,1.608e-05,1.57e-05,1.617e-05,1.582e-05,1.504e-05,1.591e-05,1.377e-05
wallpaper,3.64e-06,5.04e-06,4.89e-06,4.89e-06,5.12e-06,4.11e-06,4.53e-06,5.37e-06,4.34e-06
merchandise,1.156e-05,1.112e-05,1.16e-05,1.162e-05,1.085e-05,1.13e-05,1.133e-05,1.198e-05,1.134e-05
const,4.3e-07,4.2e-07,4.1e-07,4.1e-07,4.1e-07,4.1e-07,4.1e-07,2.1e-07,4.3e-07
resistance,5.8e-05,5.728e-05,5.639e-05,5.731e-05,5.955e-05,5.979e-05,6.138e-05,5.99e-05,5.764e-05
doors,7.49e-06,7.13e-06,7.33e-06,7.14e-06,7.57e-06,7.4e-06,7.83e-06,7.64e-06,7.31e-06
symptoms,3.42e-06,3.57e-06,3.66e-06,3.67e-06,3.48e-06,4.31e-06,4.94e-06,4.96e-06,3.49e-06
resorts,1.71e-06,1.68e-06,1.63e-06,2.04e-06,2.05e-06,1.85e-06,1.85e-06,1.65e-06,1.69e-06
biggest,8.13e-06,7.34e-06,8.14e-06,8.16e-06,8.19e-06,8.84e-06,9.06e-06,8.06e-06,7.73e-06
memorial,3.938e-05,4.112e-05,4.133e-05,4.16e-05,4.175e-05,4.192e-05,3.831e-05,3.656e-05,4.025e-05
visitor,6.63e-06,6.29e-06,5.5e-06,5.1e-06,5.12e-06,5.14e-06,4.94e-06,4.96e-06,6.46e-06
twin,2.29e-05,2.329e-05,2.321e-05,2.203e-05,2.128e-05,2.281e-05,2.08e-05,2.024e-05,2.31e-05
forth,2.14e-05,2.014e-05,2.015e-05,1.999e-05,1.944e-05,2.014e-05,1.833e-05,1.88e-05,2.077e-05
insert,3.21e-06,3.36e-06,3.66e-06,3.47e-06,3.48e-06,3.7e-06,3.71e-06,4.13e-06,3.28e-06
baltimore,1.177e-05,1.175e-05,1.16e-05,1.142e-05,1.166e-05,1.048e-05,9.68e-06,1.033e-05,1.176e-05
gateway,4.07e-06,4.83e-06,4.48e-06,4.49e-06,4.5e-06,4.31e-06,4.33e-06,4.34e-06,4.45e-06
ky,8.99e-06,8.81e-06,8.14e-06,8.16e-06,8.39e-06,8.42e-06,8.44e-06,8.88e-06,8.9e-06
dont,1.71e-06,1.26e-06,8.1e-07,8.2e-07,6.1e-07,6.2e-07,8.2e-07,8.3e-07,1.48e-06
alumni,1.177e-05,1.133e-05,1.181e-05,1.142e-05,1.187e-05,1.11e-05,1.153e-05,1.136e-05,1.155e-05
drawing,8.026e-05,7.952e-05,8.021e-05,8.055e-05,8.022e-05,8.26e-05,8.465e-05,8.325e-05,7.989e-05
candidates,1.798e-05,1.909e-05,1.771e-05,1.754e-05,1.842e-05,1.911e-05,2.08e-05,2.128e-05,1.853e-05
charlotte,7.28e-06,8.6e-06,9.98e-06,9.58e-06,9.41e-06,9.04e-06,8.86e-06,8.88e-06,7.94e-06
ordered,0.00014597,0.00014456,0.0001423,0.00014112,0.0001412,0.00014177,0.00014355,0.00014233,0.00014526
biological,0.00012007,0.00012379,0.00012377,0.00012175,0.00012299,0.00012369,0.00012419,0.00012642,0.00012193
fighting,1.627e-05,1.72e-05,1.69e-05,1.754e-05,1.719e-05,1.829e-05,1.792e-05,1.797e-05,1.674e-05
transition,7.491e-05,7.7e-05,7.939e-05,8.015e-05,7.96e-05,7.767e-05,7.703e-05,7.808e-05,7.596e-05
happens,2.333e-05,2.203e-05,2.178e-05,2.121e-05,2.149e-05,2.24e-05,2.327e-05,2.314e-05,2.268e-05
preferences,2.825e-05,2.979e-05,2.87e-05,2.875e-05,2.824e-05,2.877e-05,2.883e-05,2.768e-05,2.902e-05
spy,4.28e-06,4.41e-06,4.48e-06,4.28e-06,4.3e-06,3.9e-06,4.33e-06,3.92e-06,4.34e-06
romance,7.06e-06,6.5e-06,6.72e-06,6.32e-06,6.14e-06,6.58e-06,6.8e-06,6.82e-06,6.78e-06
instrument,6.207e-05,6.274e-05,5.924e-05,5.873e-05,5.791e-05,5.671e-05,5.787e-05,5.619e-05,6.24e-05
bruce,2.418e-05,2.455e-05,2.524e-05,2.447e-05,2.476e-05,2.445e-05,2.492e-05,2.479e-05,2.437e-05
split,5.201e-05,4.91e-05,5.11e-05,5.017e-05,4.809e-05,4.87e-05,4.861e-05,4.916e-05,5.055e-05
themes,1.669e-05,1.616e-05,1.588e-05,1.713e-05,1.739e-05,1.746e-05,1.689e-05,1.756e-05,1.642e-05
powers,7.213e-05,7.323e-05,7.39e-05,7.321e-05,7.346e-05,7.356e-05,7.476e-05,7.705e-05,7.268e-05
heaven,6.21e-06,4.83e-06,5.29e-06,5.51e-06,5.53e-06,5.55e-06,5.35e-06,4.96e-06,5.52e-06
br,9.85e-06,7.34e-06,6.11e-06,4.89e-06,3.68e-06,3.7e-06,3.91e-06,3.92e-06,8.59e-06
bits,0.000174,0.00016659,0.00016286,0.0001607,0.00015921,0.00016314,0.00016394,0.00016278,0.00017029
pregnant,1.71e-06,1.68e-06,1.63e-06,1.63e-06,1.84e-06,1.85e-06,2.06e-06,2.07e-06,1.69e-06
twice,5.201e-05,5.182e-05,5.211e-05,5.139e-05,5.136e-05,5.322e-05,5.273e-05,5.185e-05,5.192e-05
classification,0.00011279,0.00011309,0.00011644,0.00011624,0.00012012,0.00011897,0.00011925,0.00011733,0.00011294
focused,6.057e-05,6.148e-05,6.311e-05,6.383e-05,6.63e-05,6.698e-05,6.735e-05,7.003e-05,6.102e-05
egypt,2.782e-05,2.623e-05,2.728e-05,2.692e-05,2.64e-05,2.568e-05,2.41e-05,2.417e-05,2.702e-05
physician,2.376e-05,2.455e-05,2.3e-05,2.304e-05,2.476e-05,2.507e-05,2.513e-05,2.458e-05,2.416e-05
hollywood,9.2e-06,9.65e-06,9.77e-06,1.081e-05,1.126e-05,1.068e-05,1.05e-05,1.115e-05,9.43e-06
bargain,1.5e-06,1.47e-06,1.43e-06,1.43e-06,1.43e-06,1.23e-06,1.44e-06,1.45e-06,1.48e-06
wikipedia,4.944e-05,5.036e-05,4.865e-05,4.752e-05,4.625e-05,4.808e-05,4.366e-05,4.359e-05,4.99e-05
cellular,8.24e-05,7.868e-05,7.736e-05,7.77e-05,7.817e-05,7.643e-05,7.703e-05,7.726e-05,8.054e-05
norway,2.526e-05,2.329e-05,2.463e-05,2.488e-05,2.476e-05,2.589e-05,2.533e-05,2.582e-05,2.428e-05
vermont,1.327e-05,1.196e-05,1.201e-05,1.162e-05,1.044e-05,1.048e-05,1.009e-05,1.053e-05,1.262e-05
asking,9.2e-06,9.02e-06,9.36e-06,8.36e-06,8.8e-06,8.63e-06,9.68e-06,1.033e-05,9.11e-06
blocks,7.127e-05,6.819e-05,6.82e-05,6.934e-05,7.183e-05,7.233e-05,7.126e-05,7.416e-05,6.973e-05
normally,6.464e-05,6.441e-05,6.331e-05,6.261e-05,6.241e-05,6.061e-05,5.89e-05,5.825e-05,6.453e-05
lo,3.21e-06,2.73e-06,2.44e-06,2.45e-06,2.46e-06,1.85e-06,2.27e-06,2.48e-06,2.97e-06
spiritual,9.42e-06,7.97e-06,7.33e-06,6.93e-06,7.16e-06,7.6e-06,7.62e-06,7.44e-06,8.7e-06
hunting,6.85e-06,7.34e-06,7.13e-06,6.93e-06,6.96e-06,6.58e-06,6.38e-06,6.61e-06,7.09e-06
diabetes,3.64e-06,4.62e-06,4.48e-06,4.69e-06,4.5e-06,4.52e-06,4.12e-06,4.13e-06,4.13e-06
suit,1.327e-05,1.322e-05,1.384e-05,1.366e-05,1.33e-05,1.397e-05,1.401e-05,1.322e-05,1.324e-05
ml,1.134e-05,1.154e-05,1.12e-05,1.081e-05,1.146e-05,1.089e-05,1.03e-05,1.343e-05,1.144e-05
shift,6.72e-05,6.336e-05,6.209e-05,6.383e-05,6.426e-05,6.431e-05,6.673e-05,6.734e-05,6.528e-05
chip,3.446e-05,3.525e-05,3.786e-05,3.487e-05,3.561e-05,3.596e-05,3.357e-05,3.429e-05,3.486e-05
res,8.99e-06,8.18e-06,7.33e-06,7.14e-06,6.55e-06,6.99e-06,7e-06,7.02e-06,8.58e-06
sit,7.28e-06,7.13e-06,7.33e-06,7.34e-06,6.96e-06,6.58e-06,5.97e-06,6.2e-06,7.2e-06
bodies,7.063e-05,6.903e-05,7.084e-05,7.158e-05,7.08e-05,6.924e-05,6.961e-05,7.209e-05,6.983e-05
photographs,1.627e-05,1.595e-05,1.588e-05,1.489e-05,1.473e-05,1.5e-05,1.462e-05,1.591e-05,1.611e-05
cutting,3.339e-05,3.315e-05,3.359e-05,3.385e-05,3.336e-05,3.37e-05,3.357e-05,3.408e-05,3.327e-05
wow,4.3e-07,4.2e-07,4.1e-07,4.1e-07,4.1e-07,4.1e-07,4.1e-07,4.1e-07,4.3e-07
simon,5.864e-05,5.938e-05,5.476e-05,5.629e-05,5.607e-05,5.589e-05,5.54e-05,5.495e-05,5.901e-05
writers,2.226e-05,2.245e-05,2.158e-05,1.978e-05,2.005e-05,2.034e-05,1.957e-05,1.962e-05,2.235e-05
marks,5.436e-05,5.329e-05,5.252e-05,5.384e-05,5.321e-05,5.342e-05,5.602e-05,5.391e-05,5.383e-05
flexible,2.825e-05,2.895e-05,2.809e-05,2.937e-05,3.008e-05,2.938e-05,2.966e-05,3.099e-05,2.86e-05
loved,2.57e-06,2.52e-06,2.44e-06,2.65e-06,2.86e-06,2.67e-06,2.27e-06,2.27e-06,2.55e-06
favourites,0.0,0.0,0.0,0.0,0.0,0.0,0.0,0.0,0.0
mapping,0.00013569,0.00013155,0.00013354,0.00013297,0.00013383,0.00013273,0.0001314,0.00013179,0.00013362
numerous,0.00011108,0.00011183,0.00011481,0.00011094,0.00011132,0.00011136,0.00011245,0.00011299,0.00011145
relatively,8.347e-05,8.456e-05,8.143e-05,8.157e-05,8.226e-05,8.178e-05,8.115e-05,8.036e-05,8.402e-05
birds,1.926e-05,1.93e-05,1.954e-05,2.039e-05,2.046e-05,2.116e-05,2.245e-05,2.148e-05,1.928e-05
satisfaction,1.477e-05,1.511e-05,1.547e-05,1.489e-05,1.473e-05,1.459e-05,1.442e-05,1.405e-05,1.494e-05
represents,0.00017807,0.00017918,0.00018383,0.00018313,0.00018438,0.00018184,0.00018598,0.00018488,0.00017863
char,2.57e-06,2.52e-06,2.24e-06,2.24e-06,2.05e-06,2.26e-06,2.06e-06,1.86e-06,2.55e-06
indexed,6.592e-05,5.602e-05,5.395e-05,5.282e-05,5.402e-05,5.383e-05,5.54e-05,5.515e-05,6.097e-05
pittsburgh,1.862e-05,1.93e-05,2.036e-05,2.019e-05,1.965e-05,1.89e-05,1.874e-05,1.838e-05,1.896e-05
superior,2.226e-05,2.35e-05,2.361e-05,2.447e-05,2.456e-05,2.466e-05,2.472e-05,2.355e-05,2.288e-05
preferred,3.767e-05,3.819e-05,3.786e-05,3.916e-05,3.765e-05,3.74e-05,3.728e-05,3.842e-05,3.793e-05
saved,1.263e-05,1.238e-05,1.16e-05,1.122e-05,1.044e-05,9.45e-06,1.009e-05,1.053e-05,1.25e-05
paying,9.2e-06,8.39e-06,8.14e-06,8.77e-06,8.59e-06,8.63e-06,8.44e-06,8.06e-06,8.79e-06
cartoon,4.174e-05,4.028e-05,3.888e-05,3.956e-05,3.888e-05,3.842e-05,3.769e-05,3.842e-05,4.101e-05
shots,5.14e-06,5.25e-06,5.09e-06,5.1e-06,4.71e-06,5.14e-06,5.15e-06,4.96e-06,5.2e-06
intellectual,3.061e-05,3.021e-05,3.033e-05,2.998e-05,3.09e-05,3e-05,2.883e-05,3.057e-05,3.041e-05
moore,5.372e-05,5.392e-05,5.456e-05,5.486e-05,5.464e-05,5.424e-05,5.355e-05,5.329e-05,5.382e-05
granted,2.397e-05,2.518e-05,2.585e-05,2.59e-05,2.64e-05,2.548e-05,2.492e-05,2.541e-05,2.458e-05
choices,2.954e-05,2.833e-05,2.952e-05,2.977e-05,3.029e-05,3.02e-05,3.213e-05,3.057e-05,2.893e-05
carbon,5.993e-05,5.917e-05,6.005e-05,6.302e-05,6.569e-05,6.719e-05,6.653e-05,6.424e-05,5.955e-05
spending,1.049e-05,1.049e-05,1.018e-05,1.122e-05,1.166e-05,1.13e-05,1.153e-05,1.115e-05,1.049e-05
comfortable,3e-06,2.73e-06,2.85e-06,2.65e-06,2.46e-06,2.67e-06,2.88e-06,3.1e-06,2.87e-06
magnetic,0.00012178,0.00012568,0.00012845,0.00012399,0.00012565,0.00012739,0.00013017,0.00012911,0.00012373
interaction,0.00010188,0.00010092,9.975e-05,0.00010074,0.00010068,0.00010171,0.00010277,0.00010143,0.0001014
listening,5.56e-06,6.08e-06,6.31e-06,6.53e-06,6.55e-06,6.16e-06,5.56e-06,5.58e-06,5.82e-06
effectively,3.959e-05,3.861e-05,3.766e-05,3.752e-05,3.765e-05,3.719e-05,3.728e-05,3.822e-05,3.91e-05
registry,1.263e-05,1.28e-05,1.425e-05,1.428e-05,1.514e-05,1.438e-05,1.462e-05,1.529e-05,1.271e-05
crisis,1.669e-05,1.532e-05,1.649e-05,1.733e-05,1.658e-05,1.685e-05,1.524e-05,1.549e-05,1.601e-05
outlook,5.35e-06,5.67e-06,5.5e-06,5.3e-06,5.32e-06,5.75e-06,5.97e-06,5.37e-06,5.51e-06
massive,2.204e-05,2.182e-05,2.423e-05,2.57e-05,2.578e-05,2.445e-05,2.369e-05,2.314e-05,2.193e-05
denmark,2.076e-05,2.077e-05,2.076e-05,1.958e-05,2.026e-05,2.055e-05,2.06e-05,2.004e-05,2.077e-05
employed,6.934e-05,6.966e-05,7.369e-05,7.301e-05,7.203e-05,7.171e-05,7.25e-05,7.271e-05,6.95e-05
bright,1.969e-05,1.972e-05,1.873e-05,1.815e-05,1.924e-05,1.993e-05,1.977e-05,1.983e-05,1.971e-05
treat,1.37e-05,1.28e-05,1.405e-05,1.326e-05,1.33e-05,1.336e-05,1.359e-05,1.301e-05,1.325e-05
header,1.07e-05,1.091e-05,1.018e-05,1.02e-05,1.023e-05,1.048e-05,1.009e-05,9.5e-06,1.08e-05
cs,2.354e-05,2.287e-05,2.3e-05,2.264e-05,2.087e-05,1.931e-05,1.709e-05,1.715e-05,2.32e-05
poverty,7.28e-06,7.34e-06,7.94e-06,8.36e-06,7.78e-06,8.01e-06,7.83e-06,7.44e-06,7.31e-06
formed,0.0001496,0.00014855,0.00014779,0.00014826,0.00014836,0.00014938,0.00014994,0.00014687,0.00014908
piano,1.969e-05,1.93e-05,1.873e-05,1.917e-05,1.842e-05,1.788e-05,1.895e-05,1.838e-05,1.95e-05
echo,1.006e-05,1.049e-05,1.059e-05,9.99e-06,9.82e-06,9.45e-06,9.68e-06,9.5e-06,1.027e-05
que,4.07e-06,4.41e-06,3.87e-06,3.87e-06,3.89e-06,3.49e-06,3.09e-06,3.31e-06,4.24e-06
grid,9.567e-05,9.526e-05,9.324e-05,9.361e-05,9.577e-05,9.616e-05,9.598e-05,9.957e-05,9.547e-05
sheets,1.134e-05,1.154e-05,1.221e-05,1.183e-05,1.269e-05,1.274e-05,1.277e-05,1.384e-05,1.144e-05
patrick,2.183e-05,2.287e-05,2.402e-05,2.447e-05,2.374e-05,2.363e-05,2.41e-05,2.438e-05,2.235e-05
experimental,0.00011129,0.00010994,0.00011135,0.00011094,0.00010784,0.00010808,0.00010875,0.00010969,0.00011061
puerto,7.49e-06,7.34e-06,8.96e-06,7.14e-06,5.73e-06,5.96e-06,5.97e-06,6.2e-06,7.42e-06
revolution,4.473e-05,4.574e-05,4.499e-05,4.507e-05,4.522e-05,4.561e-05,4.716e-05,4.586e-05,4.523e-05
consolidation,2.14e-06,2.1e-06,1.83e-06,2.04e-06,2.05e-06,2.05e-06,2.47e-06,2.89e-06,2.12e-06
displays,2.804e-05,2.791e-05,2.748e-05,2.794e-05,2.947e-05,2.938e-05,2.925e-05,2.933e-05,2.797e-05
plasma,1.734e-05,1.909e-05,2.036e-05,2.06e-05,2.149e-05,2.199e-05,2.163e-05,2.231e-05,1.822e-05
allowing,8.283e-05,8.141e-05,8.245e-05,8.545e-05,8.636e-05,8.691e-05,8.918e-05,9.172e-05,8.212e-05
earnings,1.584e-05,1.616e-05,1.344e-05,1.285e-05,1.31e-05,1.294e-05,1.318e-05,1.301e-05,1.6e-05
voip,9.63e-06,9.02e-06,9.36e-06,9.79e-06,9.82e-06,9.66e-06,9.47e-06,9.71e-06,9.32e-06
mystery,1.306e-05,1.196e-05,1.181e-05,1.101e-05,1.146e-05,1.171e-05,1.174e-05,1.012e-05,1.251e-05
landscape,1.648e-05,1.741e-05,1.832e-05,1.876e-05,1.883e-05,1.746e-05,1.915e-05,1.942e-05,1.695e-05
dependent,0.00010466,0.00010239,0.0001026,0.00010034,0.0001013,0.00010253,0.00010442,0.00010432,0.00010353
mechanical,0.00014425,0.00014414,0.00014779,0.00014826,0.00014652,0.0001467,0.00015015,0.00014749,0.0001442
journey,1.07e-05,1.028e-05,1.038e-05,9.79e-06,9.82e-06,9.86e-06,9.68e-06,9.5e-06,1.049e-05
delaware,5.35e-06,5.67e-06,5.29e-06,5.3e-06,4.91e-06,4.93e-06,4.53e-06,4.75e-06,5.51e-06
bidding,1.07e-06,1.26e-06,1.22e-06,1.63e-06,1.84e-06,1.85e-06,2.68e-06,2.48e-06,1.16e-06
consultants,6.42e-06,6.29e-06,5.7e-06,4.89e-06,4.71e-06,4.73e-06,4.33e-06,4.34e-06,6.36e-06
risks,2.183e-05,2.098e-05,2.158e-05,2.101e-05,2.149e-05,2.157e-05,2.224e-05,2.355e-05,2.14e-05
banner,1.776e-05,1.783e-05,1.71e-05,1.631e-05,1.617e-05,1.664e-05,1.709e-05,1.653e-05,1.78e-05
applicant,3.21e-06,3.57e-06,3.66e-06,3.67e-06,3.68e-06,3.7e-06,3.71e-06,3.72e-06,3.39e-06
charter,4.92e-06,4.83e-06,4.68e-06,4.49e-06,4.5e-06,4.52e-06,4.74e-06,4.96e-06,4.87e-06
fig,5.99e-06,6.08e-06,6.51e-06,6.12e-06,6.55e-06,5.96e-06,5.77e-06,5.37e-06,6.04e-06
barbara,1.776e-05,1.93e-05,1.893e-05,1.897e-05,1.862e-05,1.973e-05,1.915e-05,1.962e-05,1.853e-05
cooperation,2.418e-05,2.35e-05,2.402e-05,2.468e-05,2.558e-05,2.548e-05,2.513e-05,2.499e-05,2.384e-05
counties,1.883e-05,1.825e-05,1.832e-05,1.856e-05,8.59e-06,8.01e-06,7.83e-06,7.64e-06,1.854e-05
acquisition,1.99e-05,2.119e-05,1.954e-05,2.06e-05,2.21e-05,2.199e-05,2.327e-05,2.396e-05,2.055e-05
ports,1.37e-05,1.406e-05,1.364e-05,1.387e-05,1.33e-05,1.294e-05,1.318e-05,1.301e-05,1.388e-05
implemented,9.01e-05,9.295e-05,9.446e-05,9.565e-05,9.761e-05,9.76e-05,9.927e-05,9.874e-05,9.152e-05
sf,1.5e-06,1.26e-06,1.22e-06,1.22e-06,1.23e-06,1.44e-06,1.85e-06,1.65e-06,1.38e-06
directories,5.78e-06,5.67e-06,5.5e-06,5.51e-06,6.14e-06,5.55e-06,5.56e-06,6.2e-06,5.73e-06
recognized,7.855e-05,8.099e-05,8.021e-05,8.117e-05,8.226e-05,8.506e-05,8.321e-05,8.593e-05,7.977e-05
dreams,1.755e-05,1.658e-05,1.323e-05,1.366e-05,1.003e-05,9.45e-06,1.092e-05,1.157e-05,1.707e-05
blogger,2.78e-06,2.52e-06,2.85e-06,2.86e-06,2.46e-06,2.47e-06,2.47e-06,2.27e-06,2.65e-06
notification,2.78e-06,2.94e-06,3.05e-06,3.26e-06,3.07e-06,2.67e-06,2.47e-06,2.48e-06,2.86e-06
kg,1.734e-05,1.741e-05,1.914e-05,1.958e-05,2.108e-05,2.24e-05,2.41e-05,2.21e-05,1.738e-05
licensing,6.63e-06,6.71e-06,7.53e-06,7.75e-06,7.37e-06,7.4e-06,7.21e-06,7.23e-06,6.67e-06
stands,4.709e-05,4.532e-05,4.54e-05,4.507e-05,4.563e-05,4.582e-05,4.366e-05,4.483e-05,4.62e-05
teach,2.269e-05,2.287e-05,2.361e-05,2.304e-05,2.312e-05,2.363e-05,2.369e-05,2.334e-05,2.278e-05
occurred,2.825e-05,2.854e-05,2.748e-05,2.651e-05,2.701e-05,2.63e-05,2.822e-05,2.851e-05,2.84e-05
textbooks,5.736e-05,6.001e-05,5.924e-05,5.833e-05,5.689e-05,5.63e-05,5.602e-05,5.701e-05,5.868e-05
rapid,3.21e-05,3.21e-05,3.216e-05,3.345e-05,3.274e-05,3.267e-05,3.213e-05,3.284e-05,3.21e-05
pull,8.78e-06,8.81e-06,9.16e-06,8.97e-06,9.82e-06,9.45e-06,9.27e-06,9.3e-06,8.79e-06
hairy,3e-06,2.94e-06,2.65e-06,2.65e-06,2.86e-06,2.88e-06,2.27e-06,2.48e-06,2.97e-06
diversity,3.275e-05,3.336e-05,3.237e-05,2.977e-05,2.988e-05,2.815e-05,2.698e-05,2.706e-05,3.306e-05
cleveland,8.56e-06,8.39e-06,6.92e-06,7.34e-06,7.78e-06,7.4e-06,7.21e-06,7.44e-06,8.47e-06
ut,7.92e-06,6.71e-06,6.11e-06,4.89e-06,4.71e-06,4.31e-06,4.33e-06,4.54e-06,7.32e-06
reverse,5.351e-05,5.224e-05,5.211e-05,5.119e-05,5.116e-05,4.972e-05,5.108e-05,5.164e-05,5.287e-05
deposit,3.85e-06,3.57e-06,3.46e-06,3.67e-06,3.07e-06,2.88e-06,2.47e-06,2.69e-06,3.71e-06
seminar,1.905e-05,2.056e-05,2.138e-05,2.039e-05,1.883e-05,1.829e-05,1.812e-05,1.9e-05,1.98e-05
investments,1.327e-05,1.301e-05,1.344e-05,1.285e-05,1.207e-05,1.233e-05,1.215e-05,1.157e-05,1.314e-05
latina,6.4e-07,2.1e-07,4.1e-07,4.1e-07,4.1e-07,4.1e-07,4.1e-07,4.1e-07,4.3e-07
nasa,3.981e-05,4.049e-05,4.234e-05,4.058e-05,3.949e-05,3.966e-05,4.016e-05,3.904e-05,4.015e-05
wheels,1.327e-05,1.238e-05,1.181e-05,9.99e-06,1.003e-05,9.86e-06,9.89e-06,1.033e-05,1.283e-05
sexcam,0.0,0.0,0.0,0.0,0.0,0.0,0.0,0.0,0.0
specify,4.216e-05,4.175e-05,4.133e-05,4.283e-05,4.154e-05,4.171e-05,4.057e-05,4.069e-05,4.196e-05
accessibility,4.92e-06,5.25e-06,5.29e-06,6.32e-06,6.14e-06,6.58e-06,6.59e-06,6.82e-06,5.08e-06
dutch,0.00011172,0.00011414,0.00011644,0.00011787,0.00011889,0.00012102,0.00012275,0.00012353,0.00011293
sensitive,5.393e-05,5.539e-05,5.496e-05,5.384e-05,5.402e-05,5.219e-05,5.231e-05,5.226e-05,5.466e-05
templates,3.64e-06,4.41e-06,4.28e-06,4.49e-06,4.5e-06,4.31e-06,3.91e-06,3.92e-06,4.02e-06
formats,3.745e-05,3.861e-05,3.929e-05,4.16e-05,4.236e-05,4.315e-05,4.202e-05,4.297e-05,3.803e-05
tab,2.57e-06,1.47e-06,1.43e-06,1.43e-06,2.05e-06,1.85e-06,1.85e-06,2.07e-06,2.02e-06
depends,0.00011022,0.00011036,0.00011237,0.00011318,0.00011664,0.00011671,0.00011719,0.00011857,0.00011029
boots,6.4e-07,2.1e-07,2e-07,4.1e-07,4.1e-07,4.1e-07,2.1e-07,0.0,4.3e-07
holds,0.00014918,0.00014855,0.00015309,0.00015377,0.00015573,0.00015616,0.00015694,0.00015513,0.00014887
router,9.42e-06,9.44e-06,9.36e-06,9.38e-06,9.62e-06,7.81e-06,7.83e-06,7.02e-06,9.43e-06
concrete,3.51e-05,3.504e-05,3.501e-05,3.447e-05,3.438e-05,4.171e-05,4.222e-05,4.173e-05,3.507e-05
si,6.956e-05,6.798e-05,6.738e-05,6.893e-05,7.06e-05,6.719e-05,6.941e-05,6.879e-05,6.877e-05
editing,2.996e-05,3.042e-05,2.911e-05,2.855e-05,2.844e-05,2.753e-05,2.801e-05,2.954e-05,3.019e-05
poland,3.895e-05,3.903e-05,3.848e-05,3.793e-05,3.745e-05,3.801e-05,3.604e-05,3.615e-05,3.899e-05
folder,3.64e-06,3.57e-06,3.87e-06,3.67e-06,3.89e-06,3.7e-06,3.71e-06,4.34e-06,3.61e-06
womens,0.0,0.0,0.0,0.0,0.0,0.0,0.0,0.0,0.0
css,5.99e-06,6.29e-06,6.11e-06,6.32e-06,6.34e-06,6.37e-06,6.38e-06,6.61e-06,6.14e-06
completion,3.446e-05,3.504e-05,3.44e-05,3.406e-05,3.54e-05,3.616e-05,3.645e-05,3.698e-05,3.475e-05
upload,3e-06,2.94e-06,3.05e-06,2.86e-06,2.86e-06,2.88e-06,2.88e-06,2.89e-06,2.97e-06
pulse,2.975e-05,3.189e-05,3.155e-05,3.202e-05,3.192e-05,3.041e-05,3.028e-05,2.892e-05,3.082e-05
universities,5.907e-05,5.917e-05,6.026e-05,5.894e-05,5.771e-05,5.65e-05,5.623e-05,5.371e-05,5.912e-05
technique,0.00022408,0.0002222,0.00021843,0.00021862,0.00021692,0.00021574,0.00021688,0.00021752,0.00022314
contractors,5.14e-06,4.83e-06,3.66e-06,3.67e-06,3.68e-06,3.7e-06,3.71e-06,3.92e-06,4.99e-06
milfhunter,0.0,0.0,0.0,0.0,0.0,0.0,0.0,0.0,0.0
voting,2.675e-05,2.77e-05,2.911e-05,2.896e-05,2.885e-05,3.02e-05,3.11e-05,3.305e-05,2.722e-05
courts,3.64e-06,3.99e-06,4.07e-06,3.87e-06,4.09e-06,4.11e-06,4.12e-06,4.13e-06,3.81e-06
notices,2.247e-05,2.056e-05,1.914e-05,1.978e-05,1.985e-05,1.89e-05,1.792e-05,1.591e-05,2.151e-05
subscriptions,1.07e-06,6.3e-07,8.1e-07,8.2e-07,8.2e-07,8.2e-07,8.2e-07,8.3e-07,8.5e-07
calculate,7.255e-05,7.134e-05,6.942e-05,7.056e-05,6.999e-05,6.883e-05,6.92e-05,7.085e-05,7.195e-05
mc,5.78e-06,6.08e-06,5.7e-06,5.71e-06,5.53e-06,5.34e-06,5.35e-06,5.37e-06,5.93e-06
detroit,6.21e-06,6.5e-06,6.31e-06,6.53e-06,6.55e-06,6.58e-06,5.97e-06,6.2e-06,6.35e-06
alexander,9.674e-05,0.00010491,0.00010403,0.00010462,0.00010232,0.0001015,0.0001003,0.00010019,0.00010082
broadcast,3.125e-05,3.294e-05,3.318e-05,3.385e-05,3.356e-05,3.39e-05,3.275e-05,3.326e-05,3.209e-05
converted,3.467e-05,3.399e-05,3.298e-05,3.324e-05,3.254e-05,3.246e-05,3.234e-05,3.264e-05,3.433e-05
metro,9.85e-06,9.44e-06,1.079e-05,1.04e-05,1.023e-05,1.027e-05,1.03e-05,1.074e-05,9.64e-06
toshiba,1.5e-06,1.26e-06,1.83e-06,1.84e-06,1.84e-06,1.85e-06,1.65e-06,1.86e-06,1.38e-06
anniversary,1.605e-05,1.637e-05,1.588e-05,1.672e-05,1.698e-05,1.623e-05,1.586e-05,1.611e-05,1.621e-05
improvements,2.14e-05,2.119e-05,2.138e-05,2.162e-05,2.108e-05,2.116e-05,2.183e-05,2.293e-05,2.129e-05
strip,3.617e-05,3.798e-05,3.807e-05,3.712e-05,3.643e-05,3.966e-05,3.975e-05,4.09e-05,3.707e-05
specification,8.668e-05,8.707e-05,8.855e-05,8.3e-05,8.042e-05,7.849e-05,7.785e-05,7.684e-05,8.688e-05
pearl,9.2e-06,8.39e-06,9.36e-06,8.77e-06,8.19e-06,8.63e-06,8.86e-06,8.88e-06,8.79e-06
accident,1.134e-05,1.154e-05,1.201e-05,1.183e-05,1.207e-05,1.315e-05,1.256e-05,1.26e-05,1.144e-05
nick,9.2e-06,9.02e-06,9.16e-06,8.77e-06,8.19e-06,8.42e-06,9.06e-06,9.09e-06,9.11e-06
accessible,2.654e-05,2.581e-05,2.646e-05,2.733e-05,2.701e-05,2.63e-05,2.533e-05,2.561e-05,2.617e-05
accessory,1.93e-06,1.89e-06,1.63e-06,1.84e-06,1.84e-06,2.05e-06,2.06e-06,2.07e-06,1.91e-06
resident,1.199e-05,1.427e-05,1.486e-05,1.53e-05,1.576e-05,1.541e-05,1.524e-05,1.57e-05,1.313e-05
plot,4.409e-05,4.217e-05,4.255e-05,4.201e-05,4.379e-05,4.459e-05,4.655e-05,4.834e-05,4.313e-05
qty,0.0,0.0,0.0,0.0,0.0,0.0,0.0,0.0,0.0
possibly,8.839e-05,8.791e-05,8.794e-05,8.463e-05,8.513e-05,8.548e-05,8.65e-05,8.717e-05,8.815e-05
airline,2.57e-06,2.52e-06,2.44e-06,2.65e-06,2.66e-06,2.67e-06,2.88e-06,3.1e-06,2.55e-06
typically,0.00031226,0.000312,0.000319,0.00032528,0.00033213,0.00033224,0.00033716,0.00034559,0.00031213
representation,0.00034223,0.00034599,0.00034546,0.00034689,0.00034911,0.00034868,0.0003526,0.00034869,0.00034411
regard,2.226e-05,2.245e-05,2.239e-05,2.203e-05,2.19e-05,2.199e-05,2.327e-05,2.252e-05,2.235e-05
pump,6.42e-06,6.29e-06,6.11e-06,5.91e-06,6.55e-06,6.58e-06,6.59e-06,6.4e-06,6.36e-06
exists,0.00019648,0.00019387,0.00019584,0.00019639,0.00019707,0.00019807,0.00019813,0.00019831,0.00019518
arrangements,1.841e-05,1.741e-05,1.69e-05,1.57e-05,1.596e-05,1.582e-05,1.627e-05,1.859e-05,1.791e-05
smooth,0.00014982,0.00015317,0.00015207,0.00015275,0.00015818,0.00015944,0.00016127,0.00016195,0.00015149
conferences,4.623e-05,4.763e-05,4.845e-05,4.65e-05,4.666e-05,4.5e-05,4.572e-05,4.462e-05,4.693e-05
uniprotkb,0.0,0.0,0.0,0.0,0.0,0.0,0.0,0.0,0.0
beastiality,0.0,0.0,0.0,0.0,0.0,0.0,0.0,0.0,0.0
strike,1.241e-05,1.154e-05,1.181e-05,1.142e-05,9e-06,9.04e-06,8.24e-06,8.26e-06,1.197e-05
consumption,2.633e-05,2.728e-05,2.626e-05,2.651e-05,3.07e-05,3.185e-05,3.234e-05,3.326e-05,2.68e-05
birmingham,1.241e-05,1.217e-05,1.14e-05,1.142e-05,1.166e-05,1.151e-05,1.112e-05,1.115e-05,1.229e-05
flashing,2.1e-07,2.1e-07,2e-07,2e-07,2e-07,2.1e-07,2.1e-07,2.1e-07,2.1e-07
lp,2.354e-05,2.392e-05,2.402e-05,2.386e-05,2.333e-05,2.322e-05,2.266e-05,2.21e-05,2.373e-05
narrow,2.269e-05,2.35e-05,2.26e-05,2.019e-05,2.067e-05,2.055e-05,2.039e-05,2.004e-05,2.31e-05
afternoon,1.71e-06,1.89e-06,1.63e-06,1.43e-06,1.43e-06,1.23e-06,1.24e-06,1.24e-06,1.8e-06
threat,1.477e-05,1.553e-05,1.69e-05,1.672e-05,1.514e-05,1.562e-05,1.545e-05,1.529e-05,1.515e-05
surveys,4.495e-05,4.49e-05,4.58e-05,4.589e-05,4.563e-05,4.582e-05,4.572e-05,4.545e-05,4.493e-05
sitting,5.56e-06,5.46e-06,4.89e-06,5.1e-06,5.12e-06,5.96e-06,6.38e-06,5.78e-06,5.51e-06
putting,1.306e-05,1.196e-05,1.221e-05,1.162e-05,1.207e-05,1.192e-05,1.195e-05,1.239e-05,1.251e-05
consultant,2.29e-05,2.413e-05,2.463e-05,2.549e-05,2.497e-05,2.486e-05,2.451e-05,2.355e-05,2.352e-05
controller,3.275e-05,3.294e-05,3.196e-05,3.243e-05,3.254e-05,3.246e-05,3.357e-05,3.491e-05,3.285e-05
ownership,9.85e-06,9.23e-06,9.16e-06,9.99e-06,1.003e-05,1.048e-05,1.05e-05,1.033e-05,9.54e-06
committees,9.42e-06,9.44e-06,9.36e-06,9.38e-06,9.82e-06,9.04e-06,9.06e-06,8.88e-06,9.43e-06
penis,6.4e-07,4.2e-07,4.1e-07,4.1e-07,4.1e-07,4.1e-07,4.1e-07,4.1e-07,5.3e-07
legislative,5.35e-06,5.87e-06,6.11e-06,6.12e-06,5.93e-06,6.37e-06,6.38e-06,6.4e-06,5.61e-06
researchers,0.00011194,0.00011519,0.00011359,0.00011094,0.00011378,0.00011383,0.00011431,0.0001163,0.00011357
vietnam,1.755e-05,1.762e-05,1.425e-05,1.407e-05,1.432e-05,1.603e-05,1.504e-05,1.508e-05,1.759e-05
trailer,1.28e-06,1.47e-06,1.83e-06,2.04e-06,1.64e-06,1.64e-06,1.65e-06,1.65e-06,1.37e-06
anne,1.776e-05,2.098e-05,2.3e-05,2.264e-05,2.292e-05,2.322e-05,2.348e-05,2.334e-05,1.937e-05
castle,1.477e-05,1.511e-05,1.547e-05,1.55e-05,1.514e-05,1.562e-05,1.627e-05,1.57e-05,1.494e-05
gardens,3.85e-06,3.99e-06,4.07e-06,3.67e-06,3.68e-06,4.11e-06,4.33e-06,4.34e-06,3.92e-06
missed,3.42e-06,3.36e-06,3.66e-06,3.47e-06,3.68e-06,3.49e-06,3.5e-06,3.1e-06,3.39e-06
malaysia,6.42e-06,5.67e-06,6.92e-06,8.16e-06,8.39e-06,8.22e-06,9.06e-06,9.3e-06,6.05e-06
unsubscribe,0.0,0.0,0.0,0.0,0.0,0.0,0.0,0.0,0.0
antique,3.85e-06,3.99e-06,3.87e-06,4.08e-06,3.89e-06,4.11e-06,3.3e-06,3.31e-06,3.92e-06
labels,2.204e-05,2.518e-05,2.504e-05,2.59e-05,2.599e-05,2.466e-05,2.472e-05,2.396e-05,2.361e-05
willing,6.85e-06,5.67e-06,5.5e-06,5.51e-06,5.93e-06,5.55e-06,5.35e-06,5.37e-06,6.26e-06
bio,1.541e-05,1.49e-05,1.445e-05,1.489e-05,1.494e-05,1.438e-05,1.38e-05,1.363e-05,1.515e-05
molecular,0.00013398,0.00013722,0.00013823,0.00013806,0.00013915,0.00013787,0.00013738,0.00014047,0.0001356
upskirt,0.0,0.0,0.0,0.0,0.0,0.0,0.0,0.0,0.0
acting,5.393e-05,5.728e-05,5.68e-05,5.731e-05,5.791e-05,5.753e-05,5.643e-05,5.619e-05,5.561e-05
heads,2.269e-05,2.308e-05,2.117e-05,2.101e-05,2.149e-05,2.137e-05,2.08e-05,2.107e-05,2.289e-05
stored,6.271e-05,6.441e-05,6.433e-05,6.485e-05,6.262e-05,6.37e-05,6.344e-05,6.486e-05,6.356e-05
exam,8.13e-06,7.97e-06,7.53e-06,6.93e-06,6.75e-06,7.4e-06,7e-06,7.44e-06,8.05e-06
logos,1.327e-05,1.28e-05,1.14e-05,1.203e-05,1.289e-05,1.233e-05,1.153e-05,1.219e-05,1.303e-05
residence,1.092e-05,1.133e-05,1.059e-05,8.57e-06,9e-06,9.25e-06,9.89e-06,9.92e-06,1.112e-05
attorneys,1.07e-06,1.05e-06,1.02e-06,1.02e-06,1.02e-06,1.03e-06,1.24e-06,1.03e-06,1.06e-06
milfs,0.0,0.0,0.0,0.0,0.0,0.0,0.0,0.0,0.0
antiques,0.0,0.0,0.0,0.0,0.0,0.0,0.0,0.0,0.0
density,0.00022216,0.00022178,0.00022902,0.00022351,0.00022039,0.00022478,0.00022408,0.00023032,0.00022197
hundred,8.775e-05,8.561e-05,8.509e-05,8.443e-05,8.37e-05,8.363e-05,8.259e-05,8.263e-05,8.668e-05
ryan,7.7e-06,7.34e-06,7.53e-06,7.55e-06,7.57e-06,8.01e-06,8.24e-06,8.47e-06,7.52e-06
operators,0.00018898,0.00018967,0.00019482,0.00019537,0.00019522,0.00019746,0.00019834,0.00019851,0.00018933
strange,1.434e-05,1.343e-05,1.323e-05,1.244e-05,1.248e-05,1.253e-05,1.298e-05,1.281e-05,1.389e-05
sustainable,1.006e-05,1.091e-05,9.57e-06,1.101e-05,1.064e-05,1.11e-05,1.133e-05,1.074e-05,1.049e-05
philippines,1.755e-05,1.867e-05,2.015e-05,1.856e-05,1.883e-05,1.931e-05,1.957e-05,1.921e-05,1.811e-05
statistical,0.00082443,0.00082752,0.00084645,0.00086652,0.00072483,0.00071133,0.00070397,0.00070275,0.00082598
beds,3e-06,2.73e-06,3.05e-06,3.06e-06,2.25e-06,2.26e-06,2.27e-06,2.27e-06,2.87e-06
breasts,0.0,0.0,0.0,0.0,0.0,0.0,0.0,2.1e-07,0.0
mention,1.883e-05,1.972e-05,1.934e-05,1.958e-05,1.821e-05,1.788e-05,1.874e-05,1.818e-05,1.928e-05
innovation,3.168e-05,3.084e-05,3.155e-05,3.283e-05,3.315e-05,3.39e-05,3.44e-05,3.532e-05,3.126e-05
pcs,6.85e-06,6.71e-06,7.53e-06,7.34e-06,8.19e-06,8.22e-06,8.65e-06,8.88e-06,6.78e-06
employers,2.14e-06,2.1e-06,2.65e-06,2.65e-06,2.66e-06,2.67e-06,2.88e-06,2.69e-06,2.12e-06
grey,1.798e-05,1.511e-05,1.568e-05,1.428e-05,1.392e-05,1.356e-05,1.401e-05,1.363e-05,1.654e-05
parallel,0.00020118,0.00020457,0.00020887,0.00020801,0.00021221,0.00021061,0.00021482,0.00021524,0.00020287
honda,8.6e-07,8.4e-07,8.1e-07,8.2e-07,8.2e-07,8.2e-07,8.2e-07,8.3e-07,8.5e-07
amended,3.21e-06,3.15e-06,3.46e-06,3.47e-06,3.48e-06,3.49e-06,3.71e-06,3.51e-06,3.18e-06
operate,4.388e-05,4.385e-05,4.234e-05,4.221e-05,4.134e-05,4.253e-05,4.305e-05,4.338e-05,4.387e-05
bills,8.78e-06,8.6e-06,8.14e-06,8.77e-06,8.19e-06,7.81e-06,7.62e-06,7.64e-06,8.69e-06
bold,8.78e-06,8.39e-06,8.75e-06,8.97e-06,9e-06,9.04e-06,8.86e-06,9.5e-06,8.58e-06
bathroom,1.93e-06,1.89e-06,1.83e-06,1.84e-06,1.84e-06,1.85e-06,1.85e-06,1.86e-06,1.91e-06
stable,0.00011493,0.00011435,0.00011604,0.0001138,0.00011787,0.00011835,0.0001209,0.00011816,0.00011464
opera,1.734e-05,1.762e-05,1.751e-05,1.774e-05,1.821e-05,1.788e-05,1.833e-05,1.735e-05,1.748e-05
definitions,9.332e-05,9.211e-05,9.344e-05,9.748e-05,9.761e-05,9.821e-05,9.886e-05,0.00010019,9.271e-05
von,0.00016737,0.000171,0.00017243,0.00017314,0.00017374,0.00017321,0.00017218,0.00017083,0.00016919
doctors,2.78e-06,2.94e-06,3.46e-06,3.67e-06,3.27e-06,3.49e-06,3.5e-06,3.51e-06,2.86e-06
lesson,2.57e-06,2.52e-06,2.44e-06,2.45e-06,2.66e-06,2.67e-06,2.68e-06,2.69e-06,2.55e-06
cinema,7.49e-06,7.76e-06,8.35e-06,8.97e-06,9.21e-06,8.63e-06,8.86e-06,8.88e-06,7.63e-06
asset,4.259e-05,4.175e-05,4.153e-05,4.283e-05,4.297e-05,4.315e-05,4.408e-05,4.462e-05,4.217e-05
ag,5.14e-06,4.83e-06,5.29e-06,5.71e-06,5.12e-06,5.14e-06,4.94e-06,5.58e-06,4.99e-06
scan,1.541e-05,1.616e-05,1.669e-05,1.754e-05,1.78e-05,1.993e-05,2.039e-05,2.024e-05,1.578e-05
elections,1.07e-05,1.238e-05,1.262e-05,1.264e-05,1.371e-05,1.377e-05,1.483e-05,1.384e-05,1.154e-05
drinking,4.49e-06,4.62e-06,4.68e-06,4.69e-06,4.71e-06,4.31e-06,4.33e-06,4.54e-06,4.55e-06
blowjobs,0.0,0.0,0.0,0.0,0.0,0.0,0.0,0.0,0.0
reaction,8.39e-05,8.644e-05,8.448e-05,8.402e-05,8.165e-05,8.301e-05,8.3e-05,8.469e-05,8.517e-05
blank,6.85e-06,7.76e-06,7.94e-06,7.75e-06,7.78e-06,7.6e-06,7.21e-06,7.44e-06,7.31e-06
enhanced,2.14e-05,2.056e-05,2.158e-05,1.999e-05,1.965e-05,2.034e-05,2.101e-05,2.169e-05,2.098e-05
entitled,5.522e-05,5.35e-05,5.232e-05,5.139e-05,4.891e-05,4.561e-05,4.057e-05,3.78e-05,5.436e-05
severe,1.541e-05,1.553e-05,1.466e-05,1.407e-05,1.392e-05,1.438e-05,1.504e-05,1.508e-05,1.547e-05
generate,8.433e-05,8.204e-05,7.919e-05,7.994e-05,7.96e-05,7.869e-05,7.929e-05,7.932e-05,8.318e-05
stainless,1.28e-06,1.26e-06,1.43e-06,1.43e-06,1.64e-06,1.44e-06,1.44e-06,1.45e-06,1.27e-06
newspapers,9.85e-06,9.23e-06,8.75e-06,8.97e-06,7.98e-06,7.81e-06,8.86e-06,9.5e-06,9.54e-06
hospitals,4.92e-06,4.83e-06,5.29e-06,5.1e-06,4.71e-06,4.73e-06,4.74e-06,4.54e-06,4.87e-06
vi,2.119e-05,2.14e-05,2.178e-05,2.08e-05,2.21e-05,2.219e-05,2.121e-05,2.086e-05,2.129e-05
deluxe,1.71e-06,1.68e-06,1.63e-06,1.43e-06,2.05e-06,1.85e-06,1.85e-06,1.86e-06,1.69e-06
humor,8.56e-06,8.18e-06,7.53e-06,7.55e-06,7.37e-06,6.37e-06,6.59e-06,7.23e-06,8.37e-06
aged,1.734e-05,1.741e-05,1.608e-05,1.631e-05,1.678e-05,1.664e-05,1.648e-05,1.632e-05,1.738e-05
monitors,7.7e-06,7.76e-06,7.74e-06,7.75e-06,6.96e-06,6.99e-06,7.21e-06,6.82e-06,7.73e-06
exception,2.376e-05,2.329e-05,2.28e-05,2.345e-05,2.353e-05,2.342e-05,2.327e-05,2.334e-05,2.352e-05
lived,5.971e-05,5.959e-05,5.904e-05,5.731e-05,5.566e-05,5.63e-05,5.376e-05,5.453e-05,5.965e-05
duration,3.382e-05,3.294e-05,3.359e-05,3.304e-05,3.315e-05,3.267e-05,3.337e-05,3.326e-05,3.338e-05
bulk,2.097e-05,2.098e-05,2.036e-05,2.06e-05,2.149e-05,2.137e-05,2.101e-05,2.107e-05,2.098e-05
successfully,2.889e-05,2.958e-05,3.074e-05,2.998e-05,2.804e-05,2.856e-05,2.76e-05,2.644e-05,2.924e-05
indonesia,7.28e-06,7.76e-06,8.35e-06,7.34e-06,7.78e-06,8.01e-06,8.86e-06,8.88e-06,7.52e-06
pursuant,1.28e-06,1.05e-06,8.1e-07,8.2e-07,8.2e-07,8.2e-07,8.2e-07,8.3e-07,1.16e-06
sci,2.59e-05,2.413e-05,2.341e-05,2.243e-05,2.19e-05,2.137e-05,2.183e-05,2.128e-05,2.502e-05
fabric,1.306e-05,1.259e-05,1.303e-05,1.285e-05,1.248e-05,1.212e-05,1.236e-05,1.343e-05,1.283e-05
edt,4.3e-07,4.2e-07,2e-07,2e-07,2e-07,1.23e-06,1.85e-06,1.24e-06,4.3e-07
visits,9.85e-06,1.007e-05,1.059e-05,1.04e-05,9.82e-06,9.66e-06,9.27e-06,9.5e-06,9.96e-06
primarily,0.00012349,0.00012946,0.00012642,0.00012664,0.00012872,0.00012821,0.00013202,0.00013448,0.00012647
tight,1.199e-05,1.196e-05,1.221e-05,1.203e-05,1.146e-05,1.151e-05,1.153e-05,1.136e-05,1.197e-05
domains,6.121e-05,6.253e-05,6.29e-05,6.261e-05,6.405e-05,6.493e-05,6.488e-05,6.486e-05,6.187e-05
capabilities,3.574e-05,3.63e-05,3.746e-05,3.875e-05,3.909e-05,3.986e-05,4.14e-05,4.152e-05,3.602e-05
pmid,6.4e-07,4.2e-07,4.1e-07,4.1e-07,2e-07,2.1e-07,2.1e-07,2.1e-07,5.3e-07
contrast,0.00014126,0.00013911,0.00014087,0.00014275,0.00014713,0.00015184,0.00015344,0.0001541,0.00014019
recommendation,1.263e-05,1.322e-05,1.221e-05,1.224e-05,1.228e-05,1.377e-05,1.401e-05,1.446e-05,1.292e-05
flying,1.477e-05,1.511e-05,1.445e-05,1.428e-05,1.453e-05,1.377e-05,1.339e-05,1.343e-05,1.494e-05
recruitment,2.14e-06,1.89e-06,2.04e-06,1.84e-06,1.84e-06,2.26e-06,2.27e-06,1.86e-06,2.01e-06
sin,1.134e-05,1.049e-05,1.079e-05,1.04e-05,9.82e-06,9.04e-06,7.83e-06,7.02e-06,1.091e-05
berlin,9.867e-05,9.882e-05,0.00010525,0.00010176,9.864e-05,9.493e-05,9.248e-05,9.234e-05,9.875e-05
cute,1.93e-06,2.1e-06,2.65e-06,2.45e-06,2.25e-06,2.26e-06,2.27e-06,2.48e-06,2.02e-06
organized,5.329e-05,5.329e-05,5.639e-05,5.425e-05,5.546e-05,5.424e-05,5.623e-05,5.577e-05,5.329e-05
ba,1.948e-05,1.825e-05,1.853e-05,1.835e-05,1.78e-05,1.767e-05,1.854e-05,1.694e-05,1.886e-05
para,4.71e-06,4.41e-06,4.28e-06,4.08e-06,3.48e-06,3.29e-06,3.3e-06,3.31e-06,4.56e-06
siemens,5.56e-06,5.25e-06,5.09e-06,5.1e-06,4.91e-06,5.14e-06,4.74e-06,4.75e-06,5.4e-06
adoption,2.418e-05,2.329e-05,2.138e-05,2.284e-05,2.19e-05,2.178e-05,2.101e-05,2.004e-05,2.373e-05
improving,2.954e-05,3.168e-05,3.196e-05,3.1e-05,3.07e-05,3.144e-05,3.131e-05,3.057e-05,3.061e-05
cr,6.21e-06,7.34e-06,7.53e-06,8.16e-06,7.37e-06,6.58e-06,6.59e-06,6.4e-06,6.78e-06
expensive,2.804e-05,2.77e-05,2.687e-05,2.794e-05,2.926e-05,2.959e-05,2.78e-05,2.83e-05,2.787e-05
meant,3.489e-05,3.273e-05,3.379e-05,3.304e-05,3.254e-05,3.267e-05,3.213e-05,3.078e-05,3.381e-05
capture,3.51e-05,3.651e-05,3.563e-05,3.447e-05,3.295e-05,3.329e-05,3.337e-05,3.45e-05,3.581e-05
pounds,7.28e-06,7.55e-06,7.53e-06,7.95e-06,7.98e-06,6.58e-06,6.18e-06,5.99e-06,7.41e-06
buffalo,9.42e-06,9.65e-06,8.96e-06,8.57e-06,8.19e-06,8.63e-06,7.62e-06,7.44e-06,9.53e-06
organisations,1.691e-05,1.783e-05,1.812e-05,1.774e-05,1.739e-05,1.788e-05,1.771e-05,1.921e-05,1.737e-05
plane,0.00046037,0.00045299,0.0004556,0.00045885,0.0004633,0.00046847,0.00047041,0.00047965,0.00045668
pg,2.889e-05,2.644e-05,2.545e-05,2.427e-05,2.292e-05,2.157e-05,1.957e-05,2.024e-05,2.767e-05
explained,4.066e-05,4.091e-05,4.194e-05,3.956e-05,3.99e-05,3.945e-05,3.934e-05,3.863e-05,4.078e-05
seed,2.29e-05,2.182e-05,2.178e-05,2.101e-05,1.944e-05,1.952e-05,1.998e-05,1.962e-05,2.236e-05
programmes,7.49e-06,7.34e-06,8.35e-06,7.95e-06,7.57e-06,6.78e-06,6.59e-06,6.82e-06,7.42e-06
desire,1.22e-05,1.238e-05,1.201e-05,1.142e-05,1.166e-05,1.171e-05,1.236e-05,1.198e-05,1.229e-05
expertise,1.498e-05,1.532e-05,1.71e-05,1.754e-05,1.719e-05,1.767e-05,1.689e-05,1.735e-05,1.515e-05
mechanism,8.433e-05,8.12e-05,8.57e-05,8.545e-05,8.145e-05,8.157e-05,8.3e-05,8.531e-05,8.276e-05
camping,4.3e-07,4.2e-07,4.1e-07,4.1e-07,2e-07,0.0,0.0,0.0,4.3e-07
ee,6.63e-06,6.71e-06,6.31e-06,5.91e-06,5.93e-06,5.55e-06,5.97e-06,5.78e-06,6.67e-06
jewellery,1.5e-06,1.47e-06,1.43e-06,1.22e-06,1.23e-06,1.23e-06,1.24e-06,1.45e-06,1.48e-06
meets,1.883e-05,1.909e-05,1.812e-05,1.876e-05,1.842e-05,1.746e-05,1.709e-05,1.673e-05,1.896e-05
welfare,1.969e-05,1.93e-05,1.934e-05,1.937e-05,1.801e-05,1.808e-05,1.833e-05,1.549e-05,1.95e-05
peer,8.39e-05,8.456e-05,8.713e-05,8.769e-05,8.881e-05,9.061e-05,9.206e-05,9.151e-05,8.423e-05
caught,4.92e-06,4.41e-06,3.87e-06,3.47e-06,4.09e-06,4.52e-06,4.12e-06,3.92e-06,4.67e-06
eventually,8.368e-05,8.309e-05,8.265e-05,8.423e-05,8.431e-05,8.445e-05,8.362e-05,8.531e-05,8.339e-05
marked,3.895e-05,4.028e-05,3.848e-05,3.671e-05,3.765e-05,3.74e-05,3.913e-05,3.987e-05,3.961e-05
driven,4.837e-05,5.036e-05,5.293e-05,5.302e-05,5.321e-05,5.342e-05,5.231e-05,5.288e-05,4.936e-05
measured,0.00018021,0.00017394,0.00017426,0.00017661,0.0001543,0.00015287,0.00015159,0.000151,0.00017708
medline,4.3e-07,4.2e-07,4.1e-07,4.1e-07,4.1e-07,4.1e-07,4.1e-07,4.1e-07,4.3e-07
bottle,9.2e-06,1.007e-05,9.36e-06,9.38e-06,9.21e-06,9.04e-06,9.47e-06,9.92e-06,9.64e-06
agreements,3.85e-06,4.83e-06,4.68e-06,5.1e-06,5.73e-06,6.16e-06,6.18e-06,5.99e-06,4.34e-06
considering,4.602e-05,4.637e-05,4.54e-05,4.487e-05,4.42e-05,4.52e-05,4.428e-05,4.503e-05,4.62e-05
innovative,1.562e-05,1.616e-05,1.629e-05,1.815e-05,1.883e-05,1.767e-05,1.833e-05,1.838e-05,1.589e-05
marshall,1.798e-05,1.846e-05,2.117e-05,2.039e-05,1.965e-05,1.911e-05,1.874e-05,1.838e-05,1.822e-05
massage,0.0,0.0,0.0,0.0,0.0,4.1e-07,0.0,0.0,0.0
rubber,6.42e-06,6.08e-06,5.9e-06,5.91e-06,6.34e-06,5.96e-06,5.77e-06,5.99e-06,6.25e-06
conclusion,2.932e-05,2.874e-05,2.891e-05,2.896e-05,2.824e-05,2.856e-05,2.677e-05,2.644e-05,2.903e-05
closing,1.177e-05,1.238e-05,1.283e-05,1.264e-05,1.187e-05,1.212e-05,1.236e-05,1.26e-05,1.208e-05
tampa,1.71e-06,1.68e-06,1.63e-06,1.63e-06,1.64e-06,1.64e-06,1.85e-06,1.86e-06,1.69e-06
thousand,3.724e-05,3.588e-05,3.501e-05,3.324e-05,3.336e-05,3.431e-05,3.337e-05,3.47e-05,3.656e-05
meat,3e-06,2.94e-06,3.05e-06,3.26e-06,3.48e-06,2.88e-06,2.88e-06,3.1e-06,2.97e-06
legend,1.627e-05,1.7e-05,1.608e-05,1.489e-05,1.514e-05,1.377e-05,1.442e-05,1.363e-05,1.663e-05
grace,1.156e-05,1.133e-05,1.242e-05,1.183e-05,1.33e-05,1.294e-05,1.277e-05,1.157e-05,1.144e-05
susan,1.284e-05,1.238e-05,1.262e-05,1.203e-05,1.105e-05,1.048e-05,1.05e-05,1.012e-05,1.261e-05
ing,2.14e-06,2.31e-06,1.22e-06,1.43e-06,1.23e-06,1.44e-06,1.44e-06,1.45e-06,2.22e-06
ks,2.57e-06,2.52e-06,2.85e-06,2.86e-06,2.25e-06,2.05e-06,1.85e-06,2.07e-06,2.55e-06
adams,2.44e-05,2.518e-05,2.463e-05,2.406e-05,2.415e-05,2.404e-05,2.348e-05,2.355e-05,2.479e-05
python,2.247e-05,2.245e-05,2.423e-05,2.427e-05,2.538e-05,2.589e-05,2.533e-05,2.685e-05,2.246e-05
monster,1.413e-05,1.385e-05,1.364e-05,1.346e-05,1.289e-05,1.253e-05,1.215e-05,1.26e-05,1.399e-05
alex,1.348e-05,1.364e-05,1.344e-05,1.244e-05,1.187e-05,1.212e-05,1.174e-05,1.115e-05,1.356e-05
bang,1.284e-05,1.322e-05,1.283e-05,1.264e-05,1.228e-05,1.253e-05,1.174e-05,1.136e-05,1.303e-05
villa,4.92e-06,5.04e-06,4.89e-06,5.1e-06,5.32e-06,5.14e-06,4.94e-06,6.2e-06,4.98e-06
bone,1.22e-05,1.175e-05,1.201e-05,1.081e-05,1.044e-05,1.089e-05,1.03e-05,1.033e-05,1.197e-05
columns,4.773e-05,4.595e-05,4.56e-05,4.731e-05,4.727e-05,4.746e-05,4.799e-05,4.792e-05,4.684e-05
disorders,5.35e-06,5.87e-06,6.51e-06,6.93e-06,6.14e-06,5.96e-06,6.18e-06,6.82e-06,5.61e-06
bugs,1.241e-05,1.175e-05,1.16e-05,1.142e-05,1.085e-05,1.089e-05,1.05e-05,1.033e-05,1.208e-05
collaboration,5.372e-05,5.497e-05,5.822e-05,5.873e-05,6.016e-05,5.897e-05,5.787e-05,5.99e-05,5.434e-05
hamilton,4.002e-05,4.175e-05,4.071e-05,4.16e-05,4.052e-05,4.048e-05,4.099e-05,5.02e-05,4.088e-05
detection,7.063e-05,6.966e-05,7.288e-05,7.505e-05,7.613e-05,7.52e-05,7.27e-05,7.147e-05,7.015e-05
ftp,8.99e-06,8.81e-06,8.35e-06,8.36e-06,8.39e-06,8.22e-06,8.03e-06,8.06e-06,8.9e-06
cookies,3.85e-06,3.99e-06,4.48e-06,3.06e-06,3.07e-06,2.88e-06,2.88e-06,2.69e-06,3.92e-06
inner,7.94e-05,7.826e-05,7.98e-05,8.3e-05,8.595e-05,8.691e-05,8.774e-05,8.82e-05,7.883e-05
formation,5.115e-05,5.015e-05,5.049e-05,5.017e-05,5.116e-05,5.198e-05,5.149e-05,5.288e-05,5.065e-05
tutorial,6.21e-06,5.87e-06,5.7e-06,6.12e-06,5.53e-06,5.34e-06,4.94e-06,5.16e-06,6.04e-06
med,4.28e-06,4.2e-06,3.87e-06,3.06e-06,2.66e-06,2.67e-06,2.47e-06,2.27e-06,4.24e-06
engineers,6.913e-05,6.924e-05,7.145e-05,7.056e-05,6.917e-05,6.739e-05,6.529e-05,6.342e-05,6.918e-05
entity,3.467e-05,3.609e-05,3.501e-05,3.508e-05,3.458e-05,3.575e-05,3.645e-05,3.656e-05,3.538e-05
cruises,0.0,0.0,0.0,0.0,0.0,2.1e-07,2.1e-07,2.1e-07,0.0
gate,2.097e-05,2.245e-05,2.524e-05,2.631e-05,2.619e-05,2.897e-05,2.801e-05,2.83e-05,2.171e-05
holder,1.498e-05,1.385e-05,1.344e-05,1.387e-05,1.351e-05,1.356e-05,1.38e-05,1.425e-05,1.442e-05
proposals,8.78e-06,8.81e-06,9.57e-06,9.79e-06,1.064e-05,9.86e-06,1.05e-05,1.033e-05,8.79e-06
moderator,3e-06,2.94e-06,2.85e-06,3.06e-06,3.07e-06,3.08e-06,3.09e-06,3.31e-06,2.97e-06
sw,1.71e-06,1.68e-06,1.63e-06,1.63e-06,1.64e-06,1.64e-06,1.44e-06,1.65e-06,1.69e-06
tutorials,4.28e-06,4.83e-06,4.89e-06,4.49e-06,4.5e-06,4.52e-06,4.12e-06,4.13e-06,4.55e-06
settlement,5.99e-06,7.34e-06,6.31e-06,6.12e-06,6.55e-06,7.81e-06,8.03e-06,7.02e-06,6.66e-06
portugal,1.241e-05,1.238e-05,1.283e-05,1.346e-05,1.494e-05,1.562e-05,1.565e-05,1.673e-05,1.239e-05
lawrence,2.74e-05,2.812e-05,2.87e-05,2.753e-05,2.722e-05,2.548e-05,2.451e-05,2.396e-05,2.776e-05
roman,8.069e-05,7.805e-05,7.858e-05,7.994e-05,7.633e-05,7.787e-05,7.991e-05,7.85e-05,7.937e-05
duties,8.99e-06,9.23e-06,9.16e-06,8.97e-06,8.59e-06,8.01e-06,7.83e-06,8.26e-06,9.11e-06
valuable,1.948e-05,1.951e-05,1.975e-05,1.876e-05,1.924e-05,1.911e-05,1.915e-05,1.962e-05,1.95e-05
erotic,1.93e-06,2.1e-06,2.24e-06,2.45e-06,2.46e-06,2.26e-06,2.27e-06,2.48e-06,2.02e-06
tone,4.174e-05,4.259e-05,4.092e-05,4.099e-05,4.113e-05,4.007e-05,4.057e-05,4.007e-05,4.217e-05
collectables,4.3e-07,4.2e-07,4.1e-07,4.1e-07,4.1e-07,4.1e-07,4.1e-07,4.1e-07,4.3e-07
ethics,2.975e-05,2.833e-05,3.054e-05,3.1e-05,3.213e-05,3.144e-05,3.192e-05,3.243e-05,2.904e-05
forever,8.13e-06,7.55e-06,7.33e-06,7.75e-06,7.78e-06,8.01e-06,8.86e-06,8.47e-06,7.84e-06
dragon,1.883e-05,1.7e-05,1.71e-05,1.733e-05,1.78e-05,1.726e-05,1.854e-05,1.838e-05,1.792e-05
busy,4.71e-06,4.41e-06,4.28e-06,4.08e-06,3.89e-06,4.11e-06,3.71e-06,4.13e-06,4.56e-06
captain,1.99e-05,2.056e-05,1.934e-05,1.774e-05,1.535e-05,1.623e-05,1.627e-05,1.673e-05,2.023e-05
fantastic,2.35e-06,2.31e-06,2.04e-06,1.84e-06,1.84e-06,1.85e-06,2.06e-06,2.27e-06,2.33e-06
imagine,7.92e-06,7.55e-06,7.53e-06,6.53e-06,6.14e-06,5.96e-06,5.77e-06,5.58e-06,7.73e-06
brings,1.113e-05,1.133e-05,1.14e-05,1.122e-05,1.064e-05,1.027e-05,9.47e-06,9.3e-06,1.123e-05
heating,1.134e-05,1.196e-05,1.079e-05,1.101e-05,1.166e-05,1.192e-05,1.195e-05,1.157e-05,1.165e-05
leg,6.42e-06,6.08e-06,5.9e-06,5.71e-06,6.14e-06,5.96e-06,5.97e-06,6.4e-06,6.25e-06
neck,2.78e-06,3.57e-06,3.66e-06,3.87e-06,3.89e-06,3.9e-06,3.91e-06,4.13e-06,3.18e-06
hd,5.99e-06,6.29e-06,6.11e-06,5.91e-06,6.14e-06,5.34e-06,5.35e-06,5.16e-06,6.14e-06
wing,1.477e-05,1.532e-05,1.425e-05,1.407e-05,1.371e-05,1.438e-05,1.504e-05,1.549e-05,1.504e-05
governments,1.648e-05,1.741e-05,1.629e-05,1.652e-05,1.658e-05,1.623e-05,1.73e-05,1.694e-05,1.695e-05
purchasing,6.85e-06,7.13e-06,6.11e-06,6.73e-06,6.96e-06,6.78e-06,7e-06,6.61e-06,6.99e-06
scripts,1.883e-05,1.783e-05,2.076e-05,1.999e-05,1.924e-05,1.89e-05,1.936e-05,1.921e-05,1.833e-05
abc,2.654e-05,2.56e-05,2.463e-05,2.508e-05,2.517e-05,2.157e-05,2.039e-05,2.004e-05,2.607e-05
stereo,8.13e-06,7.76e-06,8.55e-06,8.97e-06,8.59e-06,8.22e-06,8.03e-06,8.06e-06,7.94e-06
appointed,0.00011472,0.00011519,0.00011095,0.00010605,0.00010477,0.00010479,0.00010422,0.00010266,0.00011495
taste,5.14e-06,5.46e-06,5.09e-06,4.89e-06,5.32e-06,4.73e-06,4.33e-06,4.75e-06,5.3e-06
dealing,2.975e-05,2.958e-05,2.931e-05,3.018e-05,3.029e-05,3.02e-05,3.089e-05,2.954e-05,2.967e-05
commit,6.85e-06,5.25e-06,5.09e-06,5.1e-06,5.73e-06,5.75e-06,5.56e-06,4.96e-06,6.05e-06
tiny,1.027e-05,1.07e-05,9.77e-06,1.162e-05,1.146e-05,1.171e-05,1.092e-05,1.095e-05,1.048e-05
operational,6.314e-05,6.567e-05,6.351e-05,6.363e-05,6.16e-05,6.267e-05,6.179e-05,6.837e-05,6.44e-05
rail,3.21e-06,3.78e-06,4.07e-06,4.08e-06,4.09e-06,4.31e-06,3.71e-06,3.51e-06,3.49e-06
airlines,4.92e-06,3.78e-06,3.87e-06,3.67e-06,3.89e-06,3.9e-06,4.12e-06,3.92e-06,4.35e-06
liberal,1.391e-05,1.364e-05,1.303e-05,1.203e-05,1.207e-05,1.212e-05,1.277e-05,1.281e-05,1.377e-05
livecam,0.0,0.0,0.0,0.0,0.0,0.0,0.0,0.0,0.0
jay,1.477e-05,1.448e-05,1.303e-05,1.326e-05,1.31e-05,1.253e-05,1.256e-05,1.281e-05,1.462e-05
trips,1.93e-06,2.73e-06,2.44e-06,2.65e-06,3.07e-06,3.08e-06,3.5e-06,3.31e-06,2.33e-06
gap,4.709e-05,4.868e-05,4.764e-05,4.548e-05,4.563e-05,4.5e-05,4.552e-05,4.586e-05,4.788e-05
sides,0.00010209,0.00010008,9.955e-05,9.932e-05,9.925e-05,9.945e-05,0.00010174,9.957e-05,0.00010108
tube,2.012e-05,2.077e-05,1.975e-05,1.958e-05,1.903e-05,1.973e-05,1.977e-05,2.004e-05,2.044e-05
turns,3.852e-05,3.861e-05,3.909e-05,3.977e-05,3.786e-05,3.904e-05,3.954e-05,3.863e-05,3.856e-05
corresponding,0.00021296,0.00021842,0.00021823,0.00021699,0.00022142,0.00022129,0.00022511,0.00022351,0.00021569
descriptions,2.932e-05,2.854e-05,2.769e-05,2.814e-05,2.783e-05,2.712e-05,2.883e-05,2.83e-05,2.893e-05
cache,1.948e-05,1.93e-05,2.036e-05,2.06e-05,2.005e-05,2.034e-05,2.142e-05,2.086e-05,1.939e-05
belt,8.78e-06,8.39e-06,8.35e-06,7.95e-06,7.57e-06,7.19e-06,7.62e-06,8.06e-06,8.58e-06
jacket,3.21e-06,3.57e-06,3.26e-06,3.26e-06,3.68e-06,3.7e-06,2.88e-06,2.89e-06,3.39e-06
determination,2.868e-05,2.937e-05,2.891e-05,2.957e-05,2.865e-05,2.835e-05,2.904e-05,2.913e-05,2.903e-05
animation,2.697e-05,2.602e-05,2.626e-05,2.692e-05,2.558e-05,2.507e-05,2.595e-05,2.727e-05,2.65e-05
oracle,3.275e-05,3.189e-05,3.196e-05,3.283e-05,3.254e-05,3.226e-05,2.986e-05,3.016e-05,3.232e-05
er,8.78e-06,8.6e-06,8.35e-06,8.16e-06,7.16e-06,6.78e-06,6.38e-06,6.82e-06,8.69e-06
matthew,1.862e-05,1.825e-05,1.873e-05,1.815e-05,1.862e-05,1.849e-05,1.771e-05,1.776e-05,1.844e-05
lease,1.93e-06,1.68e-06,1.63e-06,1.63e-06,1.64e-06,1.44e-06,1.03e-06,1.03e-06,1.81e-06
productions,2.14e-05,2.203e-05,2.199e-05,2.223e-05,2.251e-05,2.219e-05,2.266e-05,2.314e-05,2.171e-05
aviation,1.926e-05,1.909e-05,1.914e-05,1.958e-05,1.944e-05,2.075e-05,2.06e-05,2.107e-05,1.917e-05
hobbies,8.6e-07,6.3e-07,4.1e-07,4.1e-07,4.1e-07,2.1e-07,2.1e-07,4.1e-07,7.5e-07
proud,2.57e-06,2.31e-06,2.04e-06,1.84e-06,1.64e-06,1.03e-06,1.03e-06,1.24e-06,2.44e-06
excess,2.975e-05,2.916e-05,2.789e-05,2.835e-05,2.865e-05,3e-05,3.11e-05,3.057e-05,2.946e-05
disaster,7.49e-06,7.13e-06,7.94e-06,8.16e-06,8.39e-06,8.63e-06,8.86e-06,8.88e-06,7.31e-06
console,9.63e-06,1.049e-05,1.099e-05,1.02e-05,1.248e-05,1.274e-05,1.298e-05,1.301e-05,1.006e-05
commands,1.199e-05,1.196e-05,1.201e-05,1.162e-05,1.248e-05,1.274e-05,1.236e-05,1.26e-05,1.197e-05
jr,5.286e-05,5.413e-05,5.374e-05,5.16e-05,4.993e-05,5.157e-05,5.128e-05,5.267e-05,5.35e-05
telecommunications,3.788e-05,3.756e-05,3.909e-05,3.895e-05,3.949e-05,3.945e-05,3.954e-05,4.462e-05,3.772e-05
instructor,2.568e-05,2.581e-05,2.565e-05,2.468e-05,2.394e-05,2.342e-05,2.369e-05,2.293e-05,2.574e-05
giant,1.156e-05,1.133e-05,1.14e-05,1.162e-05,1.166e-05,1.11e-05,1.153e-05,1.219e-05,1.144e-05
achieved,6.592e-05,6.903e-05,6.311e-05,6.404e-05,6.63e-05,6.842e-05,6.92e-05,7.106e-05,6.748e-05
injuries,3.64e-06,4.41e-06,4.89e-06,4.69e-06,4.91e-06,4.93e-06,5.15e-06,5.16e-06,4.02e-06
shipped,5.35e-06,5.25e-06,5.5e-06,5.51e-06,5.53e-06,5.96e-06,5.97e-06,5.78e-06,5.3e-06
bestiality,0.0,0.0,0.0,0.0,0.0,0.0,0.0,2.1e-07,0.0
seats,4.71e-06,5.46e-06,6.11e-06,5.3e-06,5.12e-06,5.14e-06,4.94e-06,5.37e-06,5.08e-06
approaches,0.0001038,0.00010491,0.00010504,0.0001034,0.000106,0.00010664,0.00010607,0.00010886,0.00010435
biz,4.3e-07,2.1e-07,2e-07,2e-07,2e-07,2.1e-07,2.1e-07,2.1e-07,3.2e-07
alarm,5.78e-06,5.67e-06,4.48e-06,4.49e-06,4.3e-06,4.31e-06,3.91e-06,3.72e-06,5.73e-06
voltage,5.8e-05,5.875e-05,5.659e-05,5.853e-05,5.812e-05,5.897e-05,5.911e-05,5.846e-05,5.837e-05
anthony,2.697e-05,2.686e-05,2.667e-05,2.488e-05,2.456e-05,2.507e-05,2.513e-05,2.479e-05,2.692e-05
nintendo,1.156e-05,1.217e-05,1.344e-05,1.305e-05,1.453e-05,1.479e-05,1.565e-05,1.611e-05,1.186e-05
usual,8.005e-05,8.099e-05,7.736e-05,7.831e-05,7.817e-05,7.869e-05,7.703e-05,7.788e-05,8.052e-05
loading,1.049e-05,9.44e-06,9.98e-06,1.02e-05,1.003e-05,1.007e-05,1.05e-05,1.074e-05,9.97e-06
stamps,4.49e-06,4.62e-06,4.28e-06,4.28e-06,4.09e-06,4.31e-06,4.33e-06,4.34e-06,4.55e-06
appeared,0.00012521,0.00012484,0.00012153,0.00012542,0.00013056,0.00012821,0.00013058,0.00013034,0.00012503
franklin,2.483e-05,2.602e-05,2.504e-05,2.427e-05,2.517e-05,2.548e-05,2.513e-05,2.644e-05,2.543e-05
angle,0.00020204,0.0001903,0.00018749,0.00018558,0.00018602,0.00019006,0.00019381,0.00019769,0.00019617
rob,1.027e-05,1.007e-05,1.018e-05,9.79e-06,9e-06,8.63e-06,7.62e-06,7.64e-06,1.017e-05
vinyl,2.57e-06,2.52e-06,3.26e-06,3.26e-06,3.07e-06,3.49e-06,3.5e-06,3.51e-06,2.55e-06
highlights,5.99e-06,6.5e-06,6.11e-06,5.71e-06,5.73e-06,5.96e-06,5.97e-06,6.4e-06,6.25e-06
mining,4.388e-05,4.553e-05,4.54e-05,4.303e-05,4.461e-05,4.5e-05,4.511e-05,4.524e-05,4.47e-05
designers,2.397e-05,2.392e-05,2.341e-05,2.427e-05,2.333e-05,2.342e-05,2.43e-05,2.541e-05,2.395e-05
melbourne,2.204e-05,2.224e-05,2.3e-05,2.264e-05,2.271e-05,2.301e-05,2.245e-05,2.314e-05,2.214e-05
ongoing,1.819e-05,1.909e-05,1.791e-05,1.917e-05,1.944e-05,1.911e-05,1.936e-05,1.859e-05,1.864e-05
worst,3.146e-05,3.273e-05,3.563e-05,3.508e-05,3.438e-05,3.637e-05,3.687e-05,3.698e-05,3.209e-05
imaging,5.779e-05,5.623e-05,5.741e-05,5.71e-05,5.832e-05,5.979e-05,5.993e-05,6.094e-05,5.701e-05
betting,4.92e-06,2.31e-06,2.65e-06,2.24e-06,2.25e-06,2.05e-06,2.06e-06,2.69e-06,3.62e-06
scientists,9.888e-05,9.777e-05,9.853e-05,9.707e-05,9.904e-05,9.698e-05,9.927e-05,9.977e-05,9.832e-05
liberty,1.006e-05,9.44e-06,1.221e-05,1.203e-05,1.207e-05,1.253e-05,1.215e-05,1.239e-05,9.75e-06
wyoming,4.07e-06,3.99e-06,3.87e-06,3.87e-06,3.89e-06,3.7e-06,4.12e-06,4.34e-06,4.03e-06
blackjack,6.4e-07,6.3e-07,6.1e-07,6.1e-07,8.2e-07,8.2e-07,8.2e-07,6.2e-07,6.4e-07
argentina,1.327e-05,1.343e-05,1.344e-05,1.224e-05,1.228e-05,1.294e-05,1.256e-05,1.239e-05,1.335e-05
era,4.388e-05,4.448e-05,4.601e-05,4.466e-05,4.42e-05,4.438e-05,4.531e-05,4.606e-05,4.418e-05
convert,2.996e-05,2.937e-05,2.87e-05,2.937e-05,2.885e-05,3.082e-05,2.883e-05,2.83e-05,2.967e-05
possibility,4.366e-05,4.7e-05,4.641e-05,4.425e-05,4.461e-05,4.5e-05,4.572e-05,4.4e-05,4.533e-05
analyst,2.14e-05,2.245e-05,2.3e-05,2.304e-05,2.251e-05,2.26e-05,2.266e-05,2.252e-05,2.192e-05
commissioner,6.85e-06,7.76e-06,7.33e-06,7.55e-06,6.96e-06,7.4e-06,7.62e-06,7.44e-06,7.31e-06
dangerous,9.63e-06,9.02e-06,8.35e-06,7.55e-06,6.55e-06,6.16e-06,6.8e-06,6.82e-06,9.32e-06
garage,2.14e-06,2.1e-06,2.24e-06,2.24e-06,2.25e-06,2.05e-06,2.06e-06,2.07e-06,2.12e-06
exciting,1.93e-06,1.89e-06,2.04e-06,1.84e-06,2.05e-06,1.85e-06,1.65e-06,1.65e-06,1.91e-06
reliability,3.745e-05,3.903e-05,4.194e-05,4.446e-05,4.4e-05,4.459e-05,4.449e-05,4.441e-05,3.824e-05
thongs,0.0,2.1e-07,2e-07,2e-07,2e-07,2.1e-07,2.1e-07,2.1e-07,1.1e-07
gcc,3.85e-06,4.2e-06,3.87e-06,4.08e-06,3.27e-06,2.67e-06,2.68e-06,2.69e-06,4.02e-06
unfortunately,8.35e-06,7.55e-06,8.14e-06,8.16e-06,7.16e-06,6.78e-06,6.38e-06,5.78e-06,7.95e-06
respectively,0.00012884,0.00012799,0.00012845,0.00013174,0.00013342,0.00013417,0.00013676,0.00013778,0.00012841
volunteers,6.21e-06,6.08e-06,6.51e-06,6.32e-06,6.34e-06,6.37e-06,6.18e-06,6.2e-06,6.14e-06
attachment,9.42e-06,9.44e-06,1.099e-05,1.142e-05,1.044e-05,1.048e-05,1.071e-05,1.053e-05,9.43e-06
ringtone,1.5e-06,8.4e-07,8.1e-07,8.2e-07,1.02e-06,1.03e-06,1.03e-06,1.03e-06,1.17e-06
finland,2.397e-05,2.455e-05,2.443e-05,2.243e-05,2.128e-05,2.075e-05,1.977e-05,2.024e-05,2.426e-05
morgan,3.232e-05,3.252e-05,3.359e-05,3.365e-05,3.254e-05,3.205e-05,3.172e-05,3.243e-05,3.242e-05
derived,0.00020204,0.00020436,0.00020215,0.00020536,0.00020791,0.00020752,0.00020534,0.00021091,0.0002032
pleasure,3.42e-06,3.36e-06,3.26e-06,3.26e-06,3.48e-06,3.08e-06,2.88e-06,2.27e-06,3.39e-06
honor,6.913e-05,6.966e-05,6.901e-05,6.852e-05,6.876e-05,6.863e-05,6.797e-05,6.631e-05,6.939e-05
asp,8.78e-06,7.97e-06,6.92e-06,6.32e-06,5.73e-06,4.73e-06,4.53e-06,4.34e-06,8.38e-06
oriented,7.876e-05,8.12e-05,8.245e-05,8.239e-05,8.247e-05,8.034e-05,8.115e-05,8.139e-05,7.998e-05
eagle,1.306e-05,1.28e-05,1.201e-05,1.183e-05,1.31e-05,1.294e-05,1.195e-05,1.136e-05,1.293e-05
desktops,6.4e-07,4.2e-07,4.1e-07,6.1e-07,6.1e-07,6.2e-07,8.2e-07,1.03e-06,5.3e-07
pants,3.21e-06,2.94e-06,2.85e-06,2.86e-06,3.07e-06,3.08e-06,2.88e-06,2.89e-06,3.08e-06
columbus,5.78e-06,5.87e-06,6.11e-06,6.53e-06,6.75e-06,6.78e-06,7e-06,6.82e-06,5.82e-06
nurse,2.57e-06,2.52e-06,2.44e-06,2.65e-06,2.46e-06,2.05e-06,2.27e-06,2.07e-06,2.55e-06
prayer,6.42e-06,5.87e-06,5.29e-06,5.71e-06,5.32e-06,5.34e-06,5.35e-06,5.58e-06,6.14e-06
appointment,2.461e-05,2.497e-05,2.484e-05,2.366e-05,2.415e-05,2.281e-05,2.183e-05,2.086e-05,2.479e-05
workshops,1.862e-05,1.846e-05,1.812e-05,1.631e-05,1.698e-05,1.644e-05,1.668e-05,1.673e-05,1.854e-05
hurricane,2.35e-06,2.1e-06,2.44e-06,2.04e-06,2.46e-06,2.05e-06,2.27e-06,2.27e-06,2.22e-06
quiet,4.07e-06,3.99e-06,3.66e-06,3.47e-06,3.07e-06,3.08e-06,3.5e-06,3.72e-06,4.03e-06
luck,8.35e-06,8.18e-06,8.75e-06,8.36e-06,9e-06,7.81e-06,6.59e-06,6.61e-06,8.26e-06
postage,3e-06,2.94e-06,2.85e-06,2.86e-06,2.46e-06,2.67e-06,2.68e-06,2.89e-06,2.97e-06
producer,2.226e-05,2.182e-05,2.076e-05,2.182e-05,2.108e-05,2.096e-05,2.183e-05,2.21e-05,2.204e-05
represented,0.00021488,0.0002138,0.00021151,0.00021495,0.00021712,0.00021882,0.00021852,0.00021772,0.00021434
mortgages,1.5e-06,1.47e-06,1.43e-06,1.43e-06,1.43e-06,1.44e-06,1.44e-06,1.45e-06,1.48e-06
dial,1.284e-05,1.343e-05,1.364e-05,1.305e-05,1.289e-05,1.151e-05,1.133e-05,1.136e-05,1.314e-05
responsibilities,6.42e-06,6.08e-06,5.9e-06,5.51e-06,5.12e-06,5.14e-06,5.77e-06,5.78e-06,6.25e-06
cheese,1.5e-06,1.68e-06,2.04e-06,2.04e-06,1.43e-06,1.44e-06,1.85e-06,1.86e-06,1.59e-06
comic,5.094e-05,4.952e-05,4.845e-05,5.017e-05,4.87e-05,4.972e-05,4.881e-05,4.854e-05,5.023e-05
carefully,1.413e-05,1.217e-05,1.12e-05,1.06e-05,1.023e-05,1.007e-05,1.009e-05,9.92e-06,1.315e-05
jet,1.648e-05,1.783e-05,1.649e-05,1.713e-05,1.637e-05,1.664e-05,1.668e-05,1.694e-05,1.716e-05
productivity,1.605e-05,1.741e-05,1.669e-05,1.611e-05,1.698e-05,1.664e-05,1.689e-05,1.673e-05,1.673e-05
investors,1.584e-05,1.448e-05,1.425e-05,1.428e-05,1.432e-05,1.459e-05,1.565e-05,1.508e-05,1.516e-05
crown,3.317e-05,3.483e-05,3.624e-05,3.65e-05,3.765e-05,3.801e-05,3.872e-05,3.925e-05,3.4e-05
par,1.113e-05,1.091e-05,1.059e-05,1.101e-05,1.126e-05,1.007e-05,1.071e-05,1.033e-05,1.102e-05
underground,8.13e-06,8.18e-06,7.13e-06,7.14e-06,6.96e-06,7.19e-06,7.21e-06,7.44e-06,8.15e-06
diagnosis,1.156e-05,1.154e-05,1.221e-05,1.203e-05,1.207e-05,1.212e-05,1.277e-05,1.301e-05,1.155e-05
maker,2.226e-05,2.224e-05,2.097e-05,2.121e-05,2.149e-05,2.178e-05,2.183e-05,2.045e-05,2.225e-05
crack,6.42e-06,6.92e-06,1.018e-05,9.38e-06,9.41e-06,9.45e-06,9.89e-06,9.92e-06,6.67e-06
principle,0.00024078,0.0002415,0.00023838,0.00024289,0.00024516,0.00024964,0.00024592,0.00024706,0.00024114
picks,5.35e-06,6.29e-06,6.92e-06,6.73e-06,6.96e-06,6.78e-06,6.8e-06,6.82e-06,5.82e-06
vacations,2.1e-07,2.1e-07,2e-07,2e-07,2e-07,2.1e-07,2.1e-07,2.1e-07,2.1e-07
gang,6.63e-06,6.5e-06,5.9e-06,6.12e-06,5.73e-06,5.55e-06,5.35e-06,5.16e-06,6.56e-06
semester,3.85e-06,3.78e-06,3.87e-06,3.67e-06,3.48e-06,3.29e-06,3.3e-06,3.31e-06,3.81e-06
calculated,0.00010487,0.00010113,9.894e-05,9.87e-05,0.0001015,0.00010315,0.0001036,0.00010246,0.000103
cumshot,0.0,0.0,0.0,0.0,0.0,0.0,0.0,0.0,0.0
fetish,4.3e-07,4.2e-07,4.1e-07,8.2e-07,6.1e-07,6.2e-07,6.2e-07,6.2e-07,4.3e-07
applies,8.561e-05,8.54e-05,8.611e-05,8.667e-05,8.922e-05,9.02e-05,9.083e-05,9.027e-05,8.551e-05
casinos,4.3e-07,4.2e-07,4.1e-07,2e-07,2e-07,2.1e-07,2.1e-07,0.0,4.3e-07
appearance,6.078e-05,6.169e-05,6.331e-05,6.506e-05,6.426e-05,6.411e-05,6.447e-05,6.424e-05,6.124e-05
smoke,7.06e-06,6.92e-06,6.51e-06,6.93e-06,6.96e-06,5.55e-06,5.56e-06,5.58e-06,6.99e-06
apache,9.85e-06,1.154e-05,1.262e-05,1.285e-05,1.228e-05,1.233e-05,1.174e-05,1.177e-05,1.07e-05
filters,6.892e-05,7.05e-05,6.921e-05,6.811e-05,7.06e-05,7.15e-05,7.332e-05,7.127e-05,6.971e-05
incorporated,3.66e-05,3.672e-05,3.603e-05,3.589e-05,3.663e-05,3.657e-05,3.748e-05,3.842e-05,3.666e-05
nv,1.71e-06,1.68e-06,2.24e-06,2.24e-06,3.07e-06,2.88e-06,2.27e-06,3.31e-06,1.69e-06
craft,1.092e-05,1.112e-05,1.079e-05,1.06e-05,1.085e-05,9.25e-06,9.06e-06,8.88e-06,1.102e-05
cake,2.954e-05,2.895e-05,3.644e-05,3.732e-05,3.827e-05,3.842e-05,3.851e-05,3.801e-05,2.924e-05
notebooks,3e-06,3.36e-06,2.85e-06,2.86e-06,2.86e-06,3.29e-06,3.3e-06,3.31e-06,3.18e-06
apart,3.681e-05,3.777e-05,3.522e-05,3.467e-05,3.561e-05,3.514e-05,3.46e-05,3.615e-05,3.729e-05
fellow,0.00040066,0.00040809,0.00040409,0.00038789,0.00038574,0.00037436,0.00036723,0.00035964,0.00040438
blind,1.841e-05,1.867e-05,1.832e-05,1.835e-05,1.76e-05,1.87e-05,1.895e-05,1.818e-05,1.854e-05
lounge,6.4e-07,6.3e-07,1.02e-06,8.2e-07,8.2e-07,8.2e-07,8.2e-07,8.3e-07,6.4e-07
mad,4.71e-06,3.99e-06,3.87e-06,3.26e-06,3.27e-06,3.7e-06,3.71e-06,3.51e-06,4.35e-06
algorithm,0.00088114,0.00087724,0.00088086,0.00088222,0.0008871,0.00089564,0.00090252,0.00090621,0.00087919
semi,6.87e-05,6.882e-05,6.779e-05,7.015e-05,7.265e-05,7.253e-05,7.209e-05,7.333e-05,6.876e-05
coins,2.097e-05,2.266e-05,2.239e-05,2.427e-05,2.558e-05,2.589e-05,2.513e-05,2.334e-05,2.182e-05
andy,6.63e-06,6.08e-06,6.31e-06,6.12e-06,5.93e-06,5.96e-06,5.97e-06,6.4e-06,6.36e-06
gross,2.697e-05,2.854e-05,2.769e-05,2.57e-05,2.476e-05,2.671e-05,2.595e-05,2.665e-05,2.776e-05
strongly,7.148e-05,7.239e-05,7.064e-05,6.954e-05,7.101e-05,7.048e-05,6.797e-05,6.734e-05,7.193e-05
cafe,3e-06,3.57e-06,3.66e-06,4.28e-06,4.09e-06,3.7e-06,3.71e-06,3.72e-06,3.28e-06
valentine,4.28e-06,4.83e-06,5.9e-06,3.67e-06,3.68e-06,3.7e-06,2.88e-06,2.89e-06,4.55e-06
hilton,4.49e-06,4.41e-06,4.28e-06,4.28e-06,4.3e-06,4.31e-06,4.33e-06,4.34e-06,4.45e-06
ken,2.311e-05,2.287e-05,2.199e-05,1.693e-05,1.555e-05,1.52e-05,1.545e-05,1.632e-05,2.299e-05
proteins,5.008e-05,4.91e-05,4.804e-05,4.792e-05,4.748e-05,4.767e-05,4.84e-05,4.792e-05,4.959e-05
horror,7.28e-06,6.92e-06,6.92e-06,7.14e-06,7.57e-06,7.6e-06,8.24e-06,8.68e-06,7.1e-06
su,1.798e-05,1.825e-05,1.69e-05,1.733e-05,1.596e-05,1.562e-05,1.504e-05,1.467e-05,1.811e-05
exp,3e-06,3.15e-06,2.85e-06,2.65e-06,2.66e-06,2.88e-06,2.47e-06,2.07e-06,3.08e-06
familiar,3.232e-05,3.147e-05,3.013e-05,3.12e-05,3.11e-05,3.123e-05,3.213e-05,3.367e-05,3.19e-05
capable,4.602e-05,4.805e-05,4.947e-05,4.915e-05,4.973e-05,4.89e-05,4.902e-05,4.813e-05,4.703e-05
douglas,3.938e-05,3.84e-05,3.949e-05,3.854e-05,3.827e-05,3.596e-05,3.645e-05,4.276e-05,3.889e-05
debian,2.57e-06,2.52e-06,2.65e-06,2.65e-06,4.71e-06,4.31e-06,4.53e-06,4.75e-06,2.55e-06
till,1.134e-05,1.028e-05,1.038e-05,9.99e-06,1.023e-05,9.66e-06,9.27e-06,8.88e-06,1.081e-05
involving,0.00010081,0.00010386,0.00010403,0.00010543,0.0001058,0.00010397,0.00010607,0.00010659,0.00010234
pen,1.327e-05,1.301e-05,1.283e-05,1.264e-05,1.31e-05,1.377e-05,1.504e-05,1.446e-05,1.314e-05
investing,6.42e-06,7.13e-06,6.92e-06,7.55e-06,9e-06,9.04e-06,8.65e-06,8.47e-06,6.78e-06
christopher,3.831e-05,3.924e-05,3.888e-05,3.997e-05,3.949e-05,3.801e-05,3.81e-05,3.801e-05,3.877e-05
admission,4.71e-06,5.04e-06,4.48e-06,4.69e-06,4.71e-06,4.73e-06,4.74e-06,4.54e-06,4.87e-06
epson,2.1e-07,2.1e-07,2e-07,2e-07,2e-07,2.1e-07,2.1e-07,2.1e-07,2.1e-07
shoe,2.35e-06,2.31e-06,2.24e-06,2.24e-06,2.66e-06,2.47e-06,2.47e-06,2.48e-06,2.33e-06
elected,0.00017593,0.00018065,0.00017955,0.00017518,0.00018499,0.00018102,0.00018186,0.0001793,0.00017829
carrying,2.162e-05,2.077e-05,2.097e-05,1.978e-05,2.128e-05,2.075e-05,2.06e-05,2.107e-05,2.119e-05
victory,1.477e-05,1.679e-05,1.669e-05,1.631e-05,1.555e-05,1.582e-05,1.483e-05,1.467e-05,1.578e-05
sand,1.027e-05,1.154e-05,1.079e-05,1.06e-05,1.166e-05,1.192e-05,1.195e-05,1.177e-05,1.09e-05
madison,2.847e-05,2.895e-05,2.748e-05,2.59e-05,2.517e-05,2.548e-05,2.348e-05,2.19e-05,2.871e-05
terrorism,3.85e-06,3.57e-06,3.26e-06,3.47e-06,3.68e-06,3.49e-06,3.3e-06,3.31e-06,3.71e-06
joy,5.35e-06,5.67e-06,5.5e-06,5.91e-06,5.93e-06,5.34e-06,5.35e-06,5.99e-06,5.51e-06
editions,2.697e-05,2.749e-05,2.748e-05,2.672e-05,2.599e-05,2.63e-05,2.513e-05,2.479e-05,2.723e-05
cpu,2.097e-05,2.056e-05,2.036e-05,2.121e-05,2.046e-05,2.096e-05,2.06e-05,2.045e-05,2.077e-05
mainly,9.567e-05,9.568e-05,9.568e-05,9.646e-05,9.843e-05,9.78e-05,9.701e-05,9.874e-05,9.568e-05
ethnic,1.027e-05,1.007e-05,1.059e-05,9.18e-06,1.003e-05,1.068e-05,1.174e-05,1.239e-05,1.017e-05
ran,2.461e-05,2.749e-05,2.891e-05,2.794e-05,2.763e-05,2.815e-05,2.966e-05,2.995e-05,2.605e-05
parliament,2.226e-05,2.245e-05,2.239e-05,2.304e-05,2.271e-05,2.24e-05,2.183e-05,2.086e-05,2.235e-05
actor,2.333e-05,2.35e-05,2.341e-05,2.447e-05,2.497e-05,2.568e-05,2.451e-05,2.561e-05,2.341e-05
finds,4.045e-05,4.07e-05,4.092e-05,3.916e-05,3.97e-05,3.924e-05,3.769e-05,3.739e-05,4.057e-05
seal,3.638e-05,3.756e-05,3.909e-05,3.589e-05,3.397e-05,3.411e-05,3.584e-05,3.615e-05,3.697e-05
situations,5.286e-05,5.141e-05,5.293e-05,5.323e-05,5.361e-05,5.404e-05,5.355e-05,5.577e-05,5.214e-05
fifth,4.88e-05,5.057e-05,5.13e-05,5.18e-05,5.28e-05,5.26e-05,5.211e-05,5.206e-05,4.968e-05
allocated,1.284e-05,1.406e-05,1.486e-05,1.448e-05,1.412e-05,1.377e-05,1.401e-05,1.425e-05,1.345e-05
citizen,1.584e-05,1.553e-05,1.506e-05,1.448e-05,1.473e-05,1.336e-05,1.359e-05,1.301e-05,1.568e-05
vertical,8.069e-05,7.952e-05,7.817e-05,7.994e-05,7.674e-05,7.705e-05,7.579e-05,7.767e-05,8.01e-05
corrections,1.391e-05,1.343e-05,1.303e-05,1.285e-05,1.289e-05,1.315e-05,1.359e-05,1.343e-05,1.367e-05
structural,0.00010102,0.00010197,0.00010443,0.00010401,0.0001058,0.00010725,0.00010792,0.00010927,0.0001015
municipal,1.006e-05,9.86e-06,1.018e-05,1.06e-05,1.064e-05,1.068e-05,1.05e-05,9.71e-06,9.96e-06
describes,0.00019605,0.00019345,0.00018851,0.00018966,0.00019215,0.00019314,0.00019422,0.00019562,0.00019475
prize,0.00041072,0.00042026,0.00041997,0.00042031,0.00041869,0.00040827,0.00040574,0.00040694,0.00041549
sr,1.156e-05,1.196e-05,1.181e-05,1.224e-05,1.248e-05,1.274e-05,1.174e-05,1.157e-05,1.176e-05
occurs,0.00011836,0.0001175,0.00011624,0.00011441,0.00011501,0.00011527,0.00011142,0.00011196,0.00011793
jon,1.413e-05,1.406e-05,1.405e-05,1.366e-05,1.269e-05,1.274e-05,1.298e-05,1.26e-05,1.409e-05
absolute,0.0001083,0.00010638,0.00010545,0.00010605,0.00010743,0.00010828,0.00010957,0.00011072,0.00010734
disabilities,1.93e-06,2.1e-06,2.24e-06,1.84e-06,1.43e-06,1.64e-06,1.65e-06,1.65e-06,2.02e-06
consists,0.00018171,0.00018149,0.00017894,0.00018232,0.00018335,0.0001878,0.00018681,0.00018591,0.0001816
anytime,1.71e-06,1.68e-06,1.63e-06,1.63e-06,1.64e-06,1.64e-06,1.65e-06,1.86e-06,1.69e-06
substance,4.751e-05,4.658e-05,4.906e-05,5.017e-05,5.034e-05,5.013e-05,5.046e-05,5.02e-05,4.704e-05
prohibited,4.07e-06,3.57e-06,3.87e-06,4.08e-06,4.09e-06,4.31e-06,4.33e-06,4.13e-06,3.82e-06
addressed,2.097e-05,2.056e-05,2.178e-05,2.141e-05,2.251e-05,2.199e-05,2.183e-05,2.21e-05,2.077e-05
lies,5.565e-05,5.581e-05,5.374e-05,5.608e-05,5.505e-05,5.548e-05,5.643e-05,5.639e-05,5.573e-05
pipe,1.391e-05,1.364e-05,1.262e-05,1.244e-05,1.207e-05,1.192e-05,1.236e-05,1.239e-05,1.377e-05
soldiers,1.177e-05,1.007e-05,1.038e-05,1.162e-05,1.085e-05,1.13e-05,1.05e-05,1.115e-05,1.092e-05
nr,5.14e-06,5.67e-06,6.51e-06,6.53e-06,6.34e-06,5.96e-06,5.97e-06,5.99e-06,5.4e-06
guardian,1.22e-05,1.28e-05,1.181e-05,1.101e-05,1.126e-05,9.86e-06,9.68e-06,9.3e-06,1.25e-05
lecture,6.549e-05,6.63e-05,6.799e-05,6.771e-05,6.589e-05,6.513e-05,5.952e-05,5.784e-05,6.59e-05
simulation,0.00013976,0.00013953,0.00014189,0.0001401,0.00014222,0.0001428,0.00014294,0.00014563,0.00013964
layout,1.52e-05,1.616e-05,1.812e-05,1.897e-05,1.801e-05,1.849e-05,1.812e-05,1.818e-05,1.568e-05
initiatives,8.56e-06,8.81e-06,8.35e-06,9.18e-06,9.21e-06,9.45e-06,9.06e-06,9.71e-06,8.68e-06
ill,1.691e-05,1.637e-05,1.69e-05,1.693e-05,1.698e-05,1.644e-05,1.565e-05,1.57e-05,1.664e-05
concentration,5.244e-05,5.476e-05,5.395e-05,5.425e-05,5.525e-05,5.527e-05,5.211e-05,5.329e-05,5.36e-05
classics,9.85e-06,1.007e-05,9.77e-06,9.38e-06,8.19e-06,8.63e-06,8.86e-06,8.47e-06,9.96e-06
lbs,1.5e-06,1.47e-06,1.83e-06,1.84e-06,1.84e-06,2.26e-06,2.27e-06,2.27e-06,1.48e-06
lay,1.284e-05,1.28e-05,1.221e-05,1.142e-05,1.064e-05,9.86e-06,9.47e-06,9.3e-06,1.282e-05
interpretation,0.00010787,0.00010365,0.00010077,0.00010074,0.00010211,0.00010253,0.00010257,0.0001037,0.00010576
horses,9.2e-06,8.81e-06,1.14e-05,1.162e-05,1.166e-05,1.089e-05,1.112e-05,1.095e-05,9e-06
lol,0.0,0.0,0.0,0.0,0.0,0.0,0.0,0.0,0.0
dirty,2.78e-06,2.94e-06,3.26e-06,3.26e-06,3.27e-06,3.29e-06,3.3e-06,3.31e-06,2.86e-06
deck,7.06e-06,8.18e-06,7.74e-06,8.36e-06,8.8e-06,8.42e-06,8.44e-06,7.64e-06,7.62e-06
wayne,1.049e-05,1.049e-05,1.038e-05,1.04e-05,1.044e-05,1.027e-05,9.68e-06,9.71e-06,1.049e-05
donate,6.4e-07,1.26e-06,1.22e-06,1.02e-06,1.02e-06,1.23e-06,1.24e-06,1.24e-06,9.5e-07
taught,0.00013505,0.00013218,0.00013029,0.00012562,0.00012626,0.00012349,0.00012419,0.00012353,0.00013362
bankruptcy,5.78e-06,5.87e-06,5.9e-06,5.71e-06,5.73e-06,5.34e-06,5.77e-06,5.99e-06,5.82e-06
mp,1.07e-05,1.07e-05,9.77e-06,9.58e-06,8.8e-06,9.04e-06,9.27e-06,8.88e-06,1.07e-05
worker,9.85e-06,8.81e-06,9.77e-06,9.58e-06,1.003e-05,1.007e-05,1.03e-05,1.033e-05,9.33e-06
optimization,0.00029043,0.00029102,0.00029152,0.00029591,0.00030409,0.00030512,0.00030894,0.00031006,0.00029073
alive,1.306e-05,1.259e-05,1.221e-05,1.224e-05,1.187e-05,1.171e-05,1.236e-05,1.177e-05,1.283e-05
temple,2.076e-05,1.951e-05,1.893e-05,1.774e-05,1.842e-05,1.767e-05,1.751e-05,1.818e-05,2.014e-05
substances,2.204e-05,2.329e-05,2.3e-05,2.325e-05,2.312e-05,2.219e-05,2.307e-05,2.314e-05,2.267e-05
prove,0.00010444,0.00010218,0.00010097,9.85e-05,0.00010048,0.00010212,0.00010174,0.0001006,0.00010331
discovered,0.000174,0.00017394,0.00017263,0.00017477,0.00017476,0.00017629,0.00017651,0.0001793,0.00017397
wings,1.199e-05,1.154e-05,1.201e-05,1.224e-05,1.207e-05,1.294e-05,1.215e-05,1.198e-05,1.177e-05
breaks,1.177e-05,1.112e-05,1.099e-05,1.162e-05,1.126e-05,1.089e-05,1.05e-05,1.033e-05,1.144e-05
genetic,8.047e-05,8.204e-05,8.57e-05,8.423e-05,8.349e-05,8.301e-05,7.868e-05,7.953e-05,8.125e-05
restrictions,2.675e-05,2.749e-05,2.728e-05,2.692e-05,2.701e-05,2.692e-05,2.719e-05,2.789e-05,2.712e-05
participating,1.241e-05,1.322e-05,1.283e-05,1.244e-05,1.371e-05,1.315e-05,1.318e-05,1.219e-05,1.282e-05
waters,9.42e-06,8.18e-06,8.14e-06,7.75e-06,7.57e-06,7.19e-06,8.86e-06,7.44e-06,8.8e-06
promise,8.56e-06,8.18e-06,7.94e-06,7.95e-06,7.98e-06,8.01e-06,8.86e-06,8.88e-06,8.37e-06
thin,2.29e-05,2.392e-05,2.524e-05,2.549e-05,2.538e-05,2.568e-05,2.575e-05,2.603e-05,2.341e-05
exhibition,1.177e-05,1.301e-05,1.242e-05,1.162e-05,1.146e-05,1.089e-05,1.133e-05,1.198e-05,1.239e-05
prefer,1.455e-05,1.469e-05,1.425e-05,1.468e-05,1.494e-05,1.479e-05,1.462e-05,1.467e-05,1.462e-05
ridge,1.434e-05,1.28e-05,1.364e-05,1.285e-05,1.289e-05,1.356e-05,1.38e-05,1.405e-05,1.357e-05
cabinet,9.85e-06,9.23e-06,1.262e-05,8.57e-06,9.62e-06,9.25e-06,9.06e-06,1.012e-05,9.54e-06
modem,6.63e-06,6.5e-06,6.31e-06,5.91e-06,5.93e-06,5.96e-06,5.56e-06,5.58e-06,6.56e-06
harris,1.648e-05,1.637e-05,1.629e-05,1.611e-05,1.637e-05,1.726e-05,1.709e-05,1.57e-05,1.642e-05
mph,3e-06,2.52e-06,2.44e-06,2.45e-06,2.66e-06,1.85e-06,1.65e-06,1.45e-06,2.76e-06
bringing,1.199e-05,1.217e-05,1.14e-05,1.081e-05,1.085e-05,1.048e-05,1.092e-05,1.198e-05,1.208e-05
sick,3.21e-06,2.73e-06,3.26e-06,2.45e-06,2.46e-06,2.67e-06,2.68e-06,2.69e-06,2.97e-06
dose,1.819e-05,1.888e-05,1.934e-05,1.917e-05,1.944e-05,1.952e-05,1.936e-05,1.942e-05,1.853e-05
evaluate,4.024e-05,3.861e-05,3.746e-05,3.732e-05,3.704e-05,3.781e-05,3.728e-05,3.842e-05,3.942e-05
tiffany,2.57e-06,8.4e-07,2.44e-06,2.45e-06,2.46e-06,2.47e-06,2.47e-06,2.69e-06,1.7e-06
tropical,1.391e-05,1.93e-05,2.076e-05,1.978e-05,2.108e-05,2.075e-05,1.977e-05,1.983e-05,1.661e-05
collect,1.37e-05,1.469e-05,1.486e-05,1.53e-05,1.576e-05,1.623e-05,1.545e-05,1.508e-05,1.419e-05
bet,9.2e-06,9.86e-06,7.94e-06,5.71e-06,4.91e-06,5.14e-06,5.35e-06,5.99e-06,9.53e-06
composition,9.674e-05,9.526e-05,9.609e-05,9.524e-05,9.311e-05,9.534e-05,9.557e-05,9.667e-05,9.6e-05
toyota,2.35e-06,1.68e-06,1.22e-06,1.22e-06,1.64e-06,1.64e-06,1.65e-06,1.65e-06,2.02e-06
streets,6.42e-06,5.67e-06,6.31e-06,6.12e-06,5.53e-06,5.14e-06,5.35e-06,5.16e-06,6.05e-06
nationwide,8.78e-06,8.18e-06,8.14e-06,8.36e-06,7.37e-06,6.99e-06,7e-06,7.02e-06,8.48e-06
vector,0.0005967,0.00060154,0.00059769,0.00059284,0.00060225,0.00060511,0.00061335,0.00060524,0.00059912
definitely,2.57e-06,2.52e-06,2.24e-06,2.24e-06,2.25e-06,2.05e-06,1.85e-06,1.86e-06,2.55e-06
shaved,2.1e-07,2.1e-07,2e-07,2e-07,2e-07,2.1e-07,0.0,0.0,2.1e-07
turning,2.076e-05,1.93e-05,2.056e-05,2.182e-05,2.128e-05,2.096e-05,2.08e-05,2.148e-05,2.003e-05
buffer,1.755e-05,1.72e-05,1.73e-05,1.856e-05,1.862e-05,1.664e-05,1.668e-05,1.694e-05,1.738e-05
purple,2.74e-05,2.749e-05,2.748e-05,2.855e-05,2.885e-05,2.897e-05,2.78e-05,2.933e-05,2.744e-05
existence,0.00017357,0.00017625,0.00017731,0.00017702,0.00017865,0.00018061,0.00018145,0.00018364,0.00017491
commentary,3.232e-05,3.273e-05,3.339e-05,3.243e-05,3.315e-05,3.288e-05,3.069e-05,3.181e-05,3.253e-05
larry,1.541e-05,1.532e-05,1.486e-05,1.468e-05,1.473e-05,1.418e-05,1.421e-05,1.446e-05,1.536e-05
limousines,0.0,0.0,0.0,0.0,0.0,0.0,0.0,0.0,0.0
developments,3.596e-05,3.672e-05,3.624e-05,3.589e-05,3.663e-05,3.596e-05,3.687e-05,3.801e-05,3.634e-05
def,1.93e-06,2.1e-06,2.24e-06,2.86e-06,2.86e-06,2.26e-06,2.27e-06,2.07e-06,2.02e-06
immigration,4.28e-06,3.99e-06,3.66e-06,4.28e-06,4.09e-06,4.11e-06,3.91e-06,4.34e-06,4.14e-06
destinations,2.14e-06,1.89e-06,2.04e-06,2.24e-06,2.05e-06,2.05e-06,2.06e-06,1.86e-06,2.01e-06
lets,4.71e-06,4.2e-06,4.07e-06,3.87e-06,3.48e-06,3.49e-06,3.71e-06,3.51e-06,4.45e-06
mutual,3.66e-05,3.588e-05,3.522e-05,3.569e-05,3.643e-05,3.801e-05,3.79e-05,3.801e-05,3.624e-05
pipeline,1.092e-05,9.86e-06,9.77e-06,9.58e-06,9.41e-06,9.66e-06,9.27e-06,9.3e-06,1.039e-05
necessarily,0.00011108,0.00010973,0.00011013,0.00011033,0.00010969,0.00011136,0.00011348,0.0001165,0.0001104
syntax,3.81e-05,3.861e-05,3.786e-05,3.916e-05,3.909e-05,3.986e-05,3.81e-05,3.78e-05,3.835e-05
li,3.66e-05,3.63e-05,3.705e-05,3.487e-05,3.172e-05,3.103e-05,3.131e-05,3.119e-05,3.645e-05
attribute,3.36e-05,3.147e-05,3.135e-05,3.202e-05,3.131e-05,3.02e-05,3.007e-05,3.181e-05,3.253e-05
prison,1.07e-05,1.112e-05,1.283e-05,1.305e-05,1.207e-05,1.192e-05,1.174e-05,1.198e-05,1.091e-05
skill,1.306e-05,1.385e-05,1.425e-05,1.407e-05,1.453e-05,1.459e-05,1.462e-05,1.467e-05,1.345e-05
chairs,9.63e-06,1.049e-05,9.77e-06,9.79e-06,9.62e-06,8.84e-06,9.89e-06,8.47e-06,1.006e-05
nl,1.327e-05,1.28e-05,1.303e-05,1.244e-05,1.146e-05,9.86e-06,9.47e-06,9.5e-06,1.303e-05
everyday,2.247e-05,2.119e-05,2.117e-05,2.141e-05,2.108e-05,2.075e-05,2.08e-05,2.086e-05,2.183e-05
apparently,2.269e-05,2.161e-05,2.117e-05,1.999e-05,1.903e-05,1.993e-05,1.957e-05,1.942e-05,2.215e-05
surrounding,3.039e-05,3.168e-05,3.135e-05,3.222e-05,3.315e-05,3.329e-05,3.378e-05,3.346e-05,3.104e-05
mountains,1.327e-05,1.301e-05,1.303e-05,1.285e-05,1.269e-05,1.253e-05,1.174e-05,1.198e-05,1.314e-05
moves,6.699e-05,6.609e-05,6.738e-05,6.689e-05,6.814e-05,6.945e-05,6.9e-05,7.003e-05,6.654e-05
popularity,2.889e-05,3.042e-05,3.074e-05,3.039e-05,2.988e-05,3.103e-05,3.337e-05,3.305e-05,2.965e-05
inquiry,1.092e-05,1.028e-05,1.018e-05,9.99e-06,9.41e-06,1.027e-05,9.06e-06,1.033e-05,1.06e-05
ethernet,8.35e-06,7.76e-06,7.74e-06,7.14e-06,6.96e-06,7.19e-06,6.8e-06,6.82e-06,8.05e-06
checked,1.241e-05,1.196e-05,1.14e-05,1.142e-05,1.166e-05,1.171e-05,1.195e-05,1.26e-05,1.218e-05
exhibit,2.825e-05,2.854e-05,2.789e-05,2.814e-05,2.783e-05,2.856e-05,2.883e-05,3.037e-05,2.84e-05
throw,5.99e-06,5.46e-06,5.09e-06,4.69e-06,4.71e-06,4.73e-06,4.74e-06,4.75e-06,5.73e-06
trend,1.755e-05,1.7e-05,1.791e-05,1.815e-05,1.801e-05,1.829e-05,1.833e-05,1.818e-05,1.727e-05
sierra,3.21e-06,3.15e-06,2.65e-06,3.06e-06,2.86e-06,2.67e-06,2.88e-06,3.1e-06,3.18e-06
visible,6.121e-05,5.875e-05,5.985e-05,6.2e-05,6.139e-05,6.082e-05,6.014e-05,6.197e-05,5.998e-05
cats,7.92e-06,9.65e-06,9.16e-06,9.18e-06,9.41e-06,9.45e-06,7.21e-06,7.44e-06,8.79e-06
desert,1.006e-05,1.049e-05,1.018e-05,1.122e-05,1.105e-05,1.007e-05,1.009e-05,9.92e-06,1.027e-05
postposted,0.0,0.0,0.0,0.0,0.0,0.0,0.0,0.0,0.0
ya,3.85e-06,4.41e-06,4.68e-06,5.71e-06,5.12e-06,4.93e-06,4.74e-06,3.72e-06,4.13e-06
oldest,3.061e-05,3.189e-05,3.237e-05,3.406e-05,3.622e-05,3.555e-05,3.44e-05,3.408e-05,3.125e-05
rhode,6.21e-06,5.87e-06,5.9e-06,5.3e-06,4.71e-06,4.73e-06,4.74e-06,4.54e-06,6.04e-06
nba,8.13e-06,7.76e-06,7.53e-06,7.34e-06,7.78e-06,8.01e-06,8.44e-06,7.02e-06,7.94e-06
busty,0.0,0.0,0.0,0.0,0.0,0.0,0.0,0.0,0.0
coordinator,4.49e-06,4.62e-06,5.29e-06,5.51e-06,5.53e-06,5.34e-06,4.94e-06,5.37e-06,4.55e-06
obviously,1.134e-05,9.86e-06,9.77e-06,8.36e-06,7.78e-06,7.6e-06,7.62e-06,7.44e-06,1.06e-05
mercury,1.263e-05,1.238e-05,1.201e-05,1.203e-05,1.126e-05,1.192e-05,1.215e-05,1.239e-05,1.25e-05
steven,3.125e-05,3.063e-05,3.094e-05,3.079e-05,3.049e-05,3.144e-05,3.254e-05,3.16e-05,3.094e-05
handbook,4.516e-05,4.847e-05,4.662e-05,4.67e-05,4.625e-05,4.541e-05,4.614e-05,4.379e-05,4.682e-05
greg,7.06e-06,6.92e-06,6.92e-06,6.73e-06,6.75e-06,6.99e-06,6.8e-06,7.02e-06,6.99e-06
navigate,3.64e-06,3.99e-06,4.07e-06,3.87e-06,3.89e-06,3.9e-06,4.53e-06,4.75e-06,3.81e-06
worse,1.284e-05,1.154e-05,1.181e-05,1.04e-05,9.82e-06,1.027e-05,1.05e-05,1.033e-05,1.219e-05
summit,6.42e-06,6.71e-06,8.96e-06,9.18e-06,9e-06,8.84e-06,9.27e-06,9.3e-06,6.57e-06
victims,1.07e-05,1.07e-05,9.16e-06,9.58e-06,1.064e-05,1.027e-05,1.009e-05,1.053e-05,1.07e-05
epa,4.49e-06,5.04e-06,4.68e-06,4.28e-06,4.3e-06,4.31e-06,4.33e-06,4.54e-06,4.77e-06
spaces,0.00041799,0.00042404,0.00042404,0.00043112,0.00043874,0.00044833,0.00045435,0.00045755,0.00042101
fundamental,0.00026817,0.0002757,0.00027584,0.00028062,0.00028424,0.00028827,0.00029123,0.00029209,0.00027193
burning,6.42e-06,6.92e-06,7.33e-06,7.14e-06,7.57e-06,7.81e-06,7.62e-06,7.85e-06,6.67e-06
escape,1.712e-05,1.637e-05,1.649e-05,1.55e-05,1.576e-05,1.541e-05,1.565e-05,1.529e-05,1.674e-05
coupons,2.14e-06,1.89e-06,1.83e-06,1.84e-06,2.05e-06,2.05e-06,2.06e-06,2.07e-06,2.01e-06
somewhat,3.981e-05,4.07e-05,4.092e-05,4.058e-05,4.031e-05,4.007e-05,4.057e-05,4.028e-05,4.025e-05
receiver,5.714e-05,5.602e-05,5.68e-05,5.751e-05,5.73e-05,5.671e-05,5.582e-05,5.557e-05,5.658e-05
substantial,2.247e-05,2.308e-05,2.117e-05,2.162e-05,2.149e-05,2.24e-05,2.245e-05,2.334e-05,2.277e-05
tr,1.455e-05,1.448e-05,1.323e-05,1.285e-05,1.248e-05,1.253e-05,1.215e-05,1.177e-05,1.451e-05
progressive,1.562e-05,1.616e-05,1.608e-05,1.672e-05,1.719e-05,1.705e-05,1.73e-05,1.735e-05,1.589e-05
cialis,2.1e-07,2.1e-07,2e-07,2e-07,0.0,0.0,0.0,0.0,2.1e-07
bb,7.49e-06,6.29e-06,5.09e-06,5.3e-06,5.32e-06,5.34e-06,5.15e-06,4.96e-06,6.89e-06
boats,8.99e-06,7.34e-06,7.53e-06,7.75e-06,6.75e-06,6.99e-06,7e-06,7.02e-06,8.17e-06
glance,2.14e-06,2.31e-06,2.44e-06,2.65e-06,2.46e-06,3.08e-06,2.88e-06,2.48e-06,2.22e-06
scottish,6.699e-05,6.945e-05,7.247e-05,7.199e-05,7.244e-05,7.171e-05,7.167e-05,7.313e-05,6.822e-05
championship,1.477e-05,1.574e-05,1.466e-05,1.468e-05,1.31e-05,1.356e-05,1.277e-05,1.095e-05,1.525e-05
arcade,4.49e-06,5.04e-06,6.72e-06,6.12e-06,7.98e-06,9.04e-06,9.68e-06,9.5e-06,4.77e-06
richmond,8.13e-06,7.97e-06,7.94e-06,7.95e-06,7.98e-06,8.01e-06,8.03e-06,7.64e-06,8.05e-06
sacramento,1.5e-06,1.26e-06,1.43e-06,1.43e-06,1.43e-06,1.44e-06,1.44e-06,1.45e-06,1.38e-06
impossible,6.121e-05,5.917e-05,5.822e-05,5.955e-05,5.75e-05,5.815e-05,5.87e-05,5.825e-05,6.019e-05
ron,1.391e-05,1.406e-05,1.344e-05,1.244e-05,1.207e-05,1.294e-05,1.256e-05,1.281e-05,1.398e-05
russell,3.938e-05,3.903e-05,3.97e-05,4.018e-05,3.949e-05,3.966e-05,3.954e-05,3.966e-05,3.921e-05
tells,1.926e-05,1.804e-05,1.812e-05,1.774e-05,1.78e-05,1.746e-05,1.689e-05,1.632e-05,1.865e-05
obvious,2.461e-05,2.392e-05,2.239e-05,2.141e-05,2.087e-05,2.055e-05,2.018e-05,1.859e-05,2.426e-05
fiber,5.351e-05,5.35e-05,5.415e-05,5.445e-05,5.546e-05,5.548e-05,5.54e-05,5.598e-05,5.35e-05
depression,1.092e-05,1.091e-05,1.12e-05,1.081e-05,1.085e-05,1.171e-05,1.236e-05,1.26e-05,1.091e-05
graph,0.00082421,0.00081577,0.00083974,0.00084633,0.0008519,0.0008603,0.00085679,0.00086077,0.00081999
covering,7.769e-05,7.826e-05,7.491e-05,7.627e-05,7.797e-05,7.685e-05,7.703e-05,7.808e-05,7.797e-05
platinum,3.85e-06,3.78e-06,4.48e-06,4.28e-06,4.5e-06,4.52e-06,4.33e-06,4.34e-06,3.81e-06
judgment,1.37e-05,1.343e-05,1.283e-05,1.203e-05,1.228e-05,1.192e-05,1.195e-05,1.136e-05,1.356e-05
bedrooms,2.1e-07,2.1e-07,2e-07,2e-07,2e-07,2.1e-07,2.1e-07,4.1e-07,2.1e-07
talks,1.391e-05,1.49e-05,1.588e-05,1.448e-05,1.371e-05,1.294e-05,1.339e-05,1.343e-05,1.441e-05
filing,1.5e-06,1.47e-06,1.22e-06,1.22e-06,1.43e-06,1.23e-06,1.24e-06,1.24e-06,1.48e-06
foster,1.669e-05,1.783e-05,1.934e-05,1.856e-05,1.903e-05,1.87e-05,1.812e-05,1.88e-05,1.726e-05
modeling,0.00022109,0.00022408,0.00022943,0.00022963,0.0002296,0.00023218,0.00023232,0.00023445,0.00022259
passing,4.409e-05,4.448e-05,4.418e-05,4.527e-05,4.4e-05,4.459e-05,4.572e-05,4.71e-05,4.429e-05
awarded,0.00025683,0.00027066,0.00027462,0.00027001,0.0002691,0.00026526,0.00026116,0.00025387,0.00026375
testimonials,2.1e-07,0.0,0.0,0.0,0.0,0.0,0.0,0.0,1.1e-07
trials,2.076e-05,2.119e-05,2.26e-05,2.223e-05,2.415e-05,2.383e-05,2.348e-05,2.314e-05,2.098e-05
tissue,1.541e-05,1.574e-05,1.568e-05,1.53e-05,1.494e-05,1.52e-05,1.545e-05,1.632e-05,1.557e-05
nz,4.07e-06,4.2e-06,3.66e-06,3.26e-06,3.07e-06,3.08e-06,3.09e-06,3.51e-06,4.14e-06
memorabilia,8.6e-07,8.4e-07,8.1e-07,8.2e-07,8.2e-07,8.2e-07,8.2e-07,8.3e-07,8.5e-07
clinton,1.134e-05,1.154e-05,1.12e-05,1.081e-05,1.187e-05,1.212e-05,1.215e-05,1.177e-05,1.144e-05
masters,1.37e-05,1.385e-05,1.303e-05,1.264e-05,1.228e-05,1.11e-05,1.05e-05,1.095e-05,1.377e-05
bonds,3.574e-05,3.462e-05,3.542e-05,3.63e-05,3.581e-05,3.698e-05,3.769e-05,3.574e-05,3.518e-05
cartridge,1.07e-06,1.05e-06,1.02e-06,8.2e-07,1.02e-06,1.03e-06,8.2e-07,8.3e-07,1.06e-06
alberta,1.605e-05,1.637e-05,1.547e-05,1.57e-05,1.576e-05,1.623e-05,1.627e-05,1.591e-05,1.621e-05
explanation,3.681e-05,3.651e-05,3.542e-05,3.385e-05,3.52e-05,3.493e-05,3.44e-05,3.47e-05,3.666e-05
folk,1.327e-05,1.28e-05,1.303e-05,1.142e-05,1.126e-05,1.089e-05,1.112e-05,1.177e-05,1.303e-05
org,0.00020204,0.00019492,0.00017446,0.00016417,0.00013854,0.00010479,0.00010133,9.667e-05,0.00019848
commons,1.306e-05,1.322e-05,1.303e-05,1.346e-05,1.33e-05,1.233e-05,1.236e-05,1.26e-05,1.314e-05
cincinnati,5.78e-06,5.04e-06,4.48e-06,4.28e-06,4.09e-06,4.93e-06,4.94e-06,4.75e-06,5.41e-06
subsection,2.35e-06,2.1e-06,1.83e-06,1.84e-06,1.43e-06,1.44e-06,1.44e-06,1.45e-06,2.22e-06
fraud,7.28e-06,7.13e-06,7.13e-06,6.32e-06,6.34e-06,6.58e-06,7e-06,6.82e-06,7.2e-06
electricity,1.819e-05,1.804e-05,1.771e-05,1.835e-05,1.862e-05,2.034e-05,2.018e-05,2.045e-05,1.811e-05
permitted,1.156e-05,1.112e-05,1.12e-05,1.244e-05,1.269e-05,1.274e-05,1.256e-05,1.301e-05,1.134e-05
spectrum,0.00013077,0.00012673,0.00012499,0.00012542,0.00012606,0.00012534,0.00012584,0.00012683,0.00012875
arrival,1.669e-05,1.679e-05,1.69e-05,1.733e-05,1.821e-05,1.89e-05,1.915e-05,1.9e-05,1.674e-05
okay,0.0,0.0,0.0,0.0,0.0,2.1e-07,2.1e-07,2.1e-07,0.0
pottery,4.49e-06,4.2e-06,4.28e-06,5.3e-06,5.32e-06,5.14e-06,5.35e-06,5.37e-06,4.34e-06
emphasis,3.724e-05,3.735e-05,3.705e-05,3.691e-05,3.663e-05,3.514e-05,3.501e-05,3.512e-05,3.73e-05
roger,4.58e-05,4.595e-05,4.418e-05,4.364e-05,4.379e-05,4.376e-05,4.428e-05,4.317e-05,4.588e-05
aspect,3.638e-05,3.798e-05,3.725e-05,3.875e-05,3.868e-05,3.822e-05,4.119e-05,4.049e-05,3.718e-05
workplace,3.64e-06,4.41e-06,5.29e-06,5.51e-06,5.32e-06,4.93e-06,5.35e-06,5.37e-06,4.02e-06
awesome,2.1e-07,2.1e-07,2e-07,2e-07,2e-07,4.1e-07,4.1e-07,4.1e-07,2.1e-07
mexican,1.969e-05,2.14e-05,2.015e-05,1.978e-05,1.985e-05,1.911e-05,1.895e-05,1.942e-05,2.055e-05
confirmed,1.477e-05,1.448e-05,1.364e-05,1.285e-05,1.31e-05,1.233e-05,1.277e-05,1.322e-05,1.462e-05
counts,2.097e-05,2.35e-05,2.423e-05,2.345e-05,2.292e-05,2.301e-05,2.142e-05,2.376e-05,2.223e-05
priced,1.71e-06,1.68e-06,1.83e-06,2.65e-06,2.66e-06,2.88e-06,2.88e-06,2.48e-06,1.69e-06
wallpapers,4.3e-07,4.2e-07,4.1e-07,4.1e-07,4.1e-07,4.1e-07,2.1e-07,2.1e-07,4.3e-07
hist,4.3e-07,4.2e-07,4.1e-07,2e-07,2e-07,4.1e-07,4.1e-07,2.1e-07,4.3e-07
crash,1.691e-05,1.637e-05,1.649e-05,1.509e-05,1.494e-05,1.726e-05,1.648e-05,1.694e-05,1.664e-05
lift,1.306e-05,1.28e-05,1.323e-05,1.285e-05,1.269e-05,1.253e-05,1.174e-05,1.157e-05,1.293e-05
desired,6.528e-05,6.588e-05,6.514e-05,6.608e-05,6.63e-05,6.616e-05,6.673e-05,6.693e-05,6.558e-05
inter,2.461e-05,2.644e-05,2.524e-05,2.61e-05,2.578e-05,2.712e-05,2.739e-05,2.685e-05,2.553e-05
closer,2.868e-05,2.833e-05,2.789e-05,2.916e-05,2.763e-05,2.856e-05,2.78e-05,2.809e-05,2.85e-05
assumes,3.103e-05,3.147e-05,3.196e-05,3.324e-05,3.274e-05,3.288e-05,3.378e-05,3.532e-05,3.125e-05
heights,1.477e-05,1.532e-05,1.445e-05,1.407e-05,1.31e-05,1.336e-05,1.401e-05,1.363e-05,1.504e-05
shadow,1.455e-05,1.427e-05,1.629e-05,1.672e-05,1.698e-05,1.911e-05,1.915e-05,1.962e-05,1.441e-05
riding,3.64e-06,3.78e-06,3.66e-06,3.67e-06,3.07e-06,2.88e-06,2.88e-06,3.1e-06,3.71e-06
infection,9.63e-06,9.23e-06,8.96e-06,9.58e-06,9.82e-06,9.86e-06,9.68e-06,9.3e-06,9.43e-06
firefox,1.584e-05,1.553e-05,1.669e-05,1.672e-05,1.678e-05,1.705e-05,1.709e-05,1.735e-05,1.568e-05
lisa,8.35e-06,8.18e-06,8.55e-06,8.36e-06,8.39e-06,8.01e-06,8.44e-06,8.88e-06,8.26e-06
expense,1.327e-05,1.259e-05,1.181e-05,1.122e-05,1.166e-05,1.192e-05,1.174e-05,1.157e-05,1.293e-05
grove,7.7e-06,8.18e-06,7.74e-06,7.75e-06,7.98e-06,6.78e-06,6.8e-06,8.06e-06,7.94e-06
eligibility,1.07e-06,1.47e-06,1.22e-06,1.22e-06,1.23e-06,1.03e-06,1.03e-06,1.03e-06,1.27e-06
venture,7.92e-06,8.18e-06,7.33e-06,7.34e-06,6.75e-06,7.6e-06,7.62e-06,7.85e-06,8.05e-06
clinic,2.78e-06,2.94e-06,3.87e-06,4.08e-06,4.3e-06,4.11e-06,4.12e-06,4.34e-06,2.86e-06
korean,2.033e-05,2.014e-05,2.158e-05,2.182e-05,2.271e-05,2.322e-05,2.348e-05,2.376e-05,2.023e-05
healing,2.57e-06,2.1e-06,2.04e-06,1.84e-06,2.66e-06,2.05e-06,1.85e-06,1.86e-06,2.33e-06
princess,8.78e-06,8.6e-06,8.35e-06,8.36e-06,7.37e-06,6.58e-06,6.59e-06,6.82e-06,8.69e-06
mall,4.3e-07,4.2e-07,8.1e-07,1.02e-06,1.02e-06,4.1e-07,4.1e-07,4.1e-07,4.3e-07
entering,1.584e-05,1.532e-05,1.527e-05,1.57e-05,1.596e-05,1.459e-05,1.565e-05,1.591e-05,1.558e-05
packet,4.58e-05,4.574e-05,4.58e-05,4.568e-05,4.563e-05,4.418e-05,4.243e-05,4.235e-05,4.577e-05
spray,4.71e-06,4.62e-06,4.68e-06,4.49e-06,4.09e-06,3.9e-06,4.12e-06,4.34e-06,4.67e-06
studios,1.22e-05,1.28e-05,1.506e-05,1.591e-05,1.596e-05,1.52e-05,1.38e-05,1.467e-05,1.25e-05
involvement,1.092e-05,1.133e-05,1.303e-05,1.407e-05,1.432e-05,1.418e-05,1.524e-05,1.57e-05,1.112e-05
dad,1.07e-06,8.4e-07,8.1e-07,8.2e-07,8.2e-07,8.2e-07,8.2e-07,8.3e-07,9.5e-07
buttons,7.28e-06,7.55e-06,7.94e-06,7.95e-06,7.16e-06,7.4e-06,7.21e-06,6.82e-06,7.41e-06
placement,1.691e-05,1.637e-05,1.69e-05,1.693e-05,1.637e-05,1.623e-05,1.709e-05,1.715e-05,1.664e-05
observations,8.261e-05,8.246e-05,8.184e-05,7.933e-05,8.063e-05,8.219e-05,8.362e-05,8.325e-05,8.254e-05
vbulletin,0.0,0.0,0.0,0.0,0.0,0.0,0.0,0.0,0.0
funded,3.061e-05,2.833e-05,2.85e-05,2.916e-05,3.008e-05,3e-05,3.089e-05,3.16e-05,2.947e-05
thompson,2.461e-05,2.308e-05,2.463e-05,2.508e-05,2.517e-05,2.466e-05,2.348e-05,2.376e-05,2.384e-05
winners,2.183e-05,2.161e-05,2.239e-05,2.162e-05,2.005e-05,2.014e-05,1.936e-05,1.859e-05,2.172e-05
extend,3.831e-05,3.903e-05,3.888e-05,3.916e-05,3.827e-05,3.863e-05,3.913e-05,3.945e-05,3.867e-05
roads,8.13e-06,8.18e-06,8.55e-06,8.57e-06,7.98e-06,8.42e-06,8.65e-06,8.47e-06,8.15e-06
subsequent,6.078e-05,5.791e-05,5.7e-05,5.71e-05,5.832e-05,5.753e-05,5.973e-05,6.114e-05,5.934e-05
pat,8.99e-06,8.81e-06,9.57e-06,9.58e-06,9.41e-06,9.45e-06,9.47e-06,9.5e-06,8.9e-06
dublin,2.74e-05,2.791e-05,3.563e-05,3.426e-05,3.499e-05,3.472e-05,3.316e-05,3.264e-05,2.765e-05
rolling,1.477e-05,1.427e-05,1.364e-05,1.428e-05,1.555e-05,1.5e-05,1.545e-05,1.301e-05,1.452e-05
fell,1.07e-05,1.028e-05,1.14e-05,9.58e-06,9.82e-06,1.027e-05,1.03e-05,1.033e-05,1.049e-05
motorcycle,1.71e-06,1.68e-06,1.63e-06,1.63e-06,1.64e-06,1.64e-06,1.44e-06,1.45e-06,1.69e-06
yard,6.42e-06,5.04e-06,4.68e-06,4.69e-06,4.71e-06,4.73e-06,4.33e-06,4.13e-06,5.73e-06
disclosure,9.2e-06,9.44e-06,8.55e-06,8.16e-06,8.59e-06,8.63e-06,8.03e-06,8.06e-06,9.32e-06
establishment,2.162e-05,2.224e-05,2.239e-05,2.325e-05,2.251e-05,2.281e-05,2.389e-05,2.541e-05,2.193e-05
memories,5.35e-06,6.08e-06,5.9e-06,5.3e-06,5.93e-06,5.75e-06,5.97e-06,7.02e-06,5.72e-06
nelson,2.718e-05,2.602e-05,2.524e-05,2.488e-05,2.497e-05,2.527e-05,2.492e-05,2.438e-05,2.66e-05
te,6.42e-06,6.71e-06,6.51e-06,6.93e-06,7.16e-06,6.58e-06,6.18e-06,6.4e-06,6.57e-06
arrived,1.199e-05,1.091e-05,1.14e-05,1.04e-05,9.41e-06,9.66e-06,9.89e-06,9.3e-06,1.145e-05
creates,3.617e-05,3.63e-05,3.501e-05,3.528e-05,3.458e-05,3.349e-05,3.192e-05,3.222e-05,3.624e-05
faces,0.0001083,0.00010764,0.00010891,0.00012501,0.00012237,0.00012328,0.00012316,0.00012084,0.00010797
tourist,4.92e-06,5.67e-06,5.7e-06,5.71e-06,5.53e-06,5.34e-06,5.35e-06,5.37e-06,5.3e-06
cocks,1.5e-06,1.47e-06,1.43e-06,1.43e-06,1.43e-06,1.44e-06,1.44e-06,1.45e-06,1.48e-06
av,3.21e-06,3.57e-06,3.46e-06,3.47e-06,3.07e-06,3.29e-06,3.3e-06,3.31e-06,3.39e-06
mayor,1.113e-05,1.07e-05,1.079e-05,1.101e-05,1.105e-05,1.11e-05,1.174e-05,1.26e-05,1.091e-05
murder,5.14e-06,4.62e-06,5.5e-06,6.12e-06,6.96e-06,6.58e-06,6.18e-06,6.61e-06,4.88e-06
sean,7.49e-06,7.13e-06,6.31e-06,6.93e-06,6.34e-06,5.75e-06,5.35e-06,5.37e-06,7.31e-06
adequate,1.477e-05,1.364e-05,1.323e-05,1.326e-05,1.269e-05,1.274e-05,1.256e-05,1.26e-05,1.421e-05
senator,7.06e-06,7.13e-06,6.72e-06,6.93e-06,6.75e-06,6.99e-06,7e-06,6.82e-06,7.1e-06
yield,5.736e-05,5.812e-05,5.781e-05,5.262e-05,5.136e-05,5.178e-05,5.128e-05,5.123e-05,5.774e-05
presentations,1.049e-05,1.049e-05,1.12e-05,1.122e-05,1.126e-05,1.13e-05,1.05e-05,1.033e-05,1.049e-05
grades,1.22e-05,1.196e-05,1.14e-05,1.122e-05,1.085e-05,1.068e-05,1.05e-05,1.053e-05,1.208e-05
cartoons,1.327e-05,1.28e-05,1.16e-05,1.122e-05,1.126e-05,1.151e-05,1.174e-05,1.198e-05,1.303e-05
pour,5.56e-06,6.92e-06,7.94e-06,7.75e-06,8.8e-06,9.04e-06,9.27e-06,8.88e-06,6.24e-06
digest,7.49e-06,6.92e-06,6.72e-06,7.14e-06,6.75e-06,6.78e-06,6.8e-06,6.82e-06,7.2e-06
reg,1.71e-06,1.68e-06,2.04e-06,1.84e-06,2.05e-06,2.05e-06,2.06e-06,2.27e-06,1.69e-06
lodging,2.1e-07,2.1e-07,2e-07,2e-07,4.1e-07,4.1e-07,4.1e-07,2.1e-07,2.1e-07
tion,2.1e-07,2.1e-07,2e-07,2e-07,2e-07,2.1e-07,2.1e-07,2.1e-07,2.1e-07
dust,1.134e-05,1.133e-05,1.12e-05,1.122e-05,1.126e-05,1.171e-05,1.092e-05,1.198e-05,1.133e-05
hence,0.00012178,0.00012085,0.00012031,0.00012481,0.00012319,0.0001239,0.00012316,0.00012311,0.00012131
wiki,1.434e-05,1.217e-05,1.12e-05,1.122e-05,9.82e-06,1.048e-05,9.89e-06,1.033e-05,1.326e-05
entirely,5.372e-05,5.35e-05,5.435e-05,5.506e-05,5.361e-05,5.424e-05,5.252e-05,5.267e-05,5.361e-05
replaced,0.00010509,0.00010323,0.00010789,0.00010911,0.00010969,0.00011034,0.00011039,0.00011196,0.00010416
radar,2.247e-05,2.182e-05,2.28e-05,2.284e-05,2.333e-05,2.363e-05,2.348e-05,2.314e-05,2.214e-05
rescue,5.14e-06,5.25e-06,6.11e-06,5.91e-06,5.73e-06,5.55e-06,5.35e-06,5.37e-06,5.2e-06
undergraduate,7.298e-05,7.386e-05,7.084e-05,6.811e-05,6.773e-05,6.616e-05,6.447e-05,6.445e-05,7.342e-05
losses,1.948e-05,1.93e-05,1.893e-05,1.774e-05,1.719e-05,1.726e-05,1.833e-05,1.838e-05,1.939e-05
combat,1.049e-05,1.154e-05,1.303e-05,1.346e-05,1.392e-05,1.5e-05,1.462e-05,1.508e-05,1.101e-05
reducing,3.638e-05,3.756e-05,3.725e-05,3.691e-05,3.888e-05,4.13e-05,4.057e-05,4.255e-05,3.697e-05
stopped,1.049e-05,1.175e-05,1.12e-05,1.081e-05,1.146e-05,1.11e-05,1.133e-05,1.136e-05,1.112e-05
occupation,1.391e-05,1.343e-05,1.364e-05,1.305e-05,1.371e-05,1.294e-05,1.318e-05,1.281e-05,1.367e-05
lakes,7.06e-06,7.34e-06,7.33e-06,7.34e-06,6.96e-06,6.58e-06,6.59e-06,6.61e-06,7.2e-06
butt,6.4e-07,6.3e-07,6.1e-07,6.1e-07,6.1e-07,6.2e-07,4.1e-07,4.1e-07,6.4e-07
donations,4.92e-06,5.04e-06,4.48e-06,4.69e-06,4.71e-06,4.73e-06,4.74e-06,4.34e-06,4.98e-06
associations,1.562e-05,1.658e-05,1.649e-05,1.591e-05,1.596e-05,1.685e-05,1.709e-05,1.715e-05,1.61e-05
citysearch,0.0,0.0,0.0,0.0,0.0,0.0,0.0,0.0,0.0
closely,0.00014639,0.0001475,0.00014881,0.00014928,0.00014918,0.00014917,0.00014767,0.00015183,0.00014694
radiation,7.213e-05,7.092e-05,7.206e-05,7.342e-05,7.653e-05,7.767e-05,7.744e-05,7.994e-05,7.153e-05
diary,7.92e-06,8.6e-06,8.55e-06,7.75e-06,7.78e-06,7.6e-06,7.41e-06,7.23e-06,8.26e-06
seriously,5.35e-06,5.67e-06,5.9e-06,5.71e-06,5.73e-06,5.75e-06,5.15e-06,4.75e-06,5.51e-06
kings,1.027e-05,1.07e-05,9.36e-06,9.58e-06,9.82e-06,9.45e-06,9.47e-06,9.3e-06,1.048e-05
shooting,9.2e-06,9.86e-06,1.018e-05,9.79e-06,9.21e-06,9.66e-06,1.009e-05,9.09e-06,9.53e-06
kent,1.199e-05,1.553e-05,1.527e-05,1.489e-05,1.473e-05,1.438e-05,1.462e-05,1.467e-05,1.376e-05
adds,2.354e-05,2.245e-05,2.138e-05,2.141e-05,2.169e-05,2.199e-05,2.142e-05,2.314e-05,2.299e-05
nsw,1.28e-06,1.68e-06,1.43e-06,1.63e-06,2.05e-06,1.85e-06,1.65e-06,1.65e-06,1.48e-06
ear,1.477e-05,1.448e-05,1.547e-05,1.611e-05,1.494e-05,1.418e-05,1.195e-05,1.219e-05,1.462e-05
flags,0.00010937,0.00011078,0.00011461,0.00010992,0.00010969,0.00011136,0.00011287,0.00011609,0.00011008
pci,2.57e-06,2.73e-06,2.65e-06,2.65e-06,2.66e-06,2.67e-06,2.68e-06,2.89e-06,2.65e-06
baker,1.819e-05,1.783e-05,1.608e-05,1.652e-05,1.658e-05,1.705e-05,1.751e-05,1.756e-05,1.801e-05
launched,4.024e-05,4.259e-05,4.377e-05,4.466e-05,4.584e-05,4.644e-05,4.696e-05,4.937e-05,4.141e-05
elsewhere,1.883e-05,1.909e-05,1.73e-05,1.795e-05,1.78e-05,1.746e-05,1.648e-05,1.632e-05,1.896e-05
pollution,8.56e-06,8.6e-06,9.57e-06,9.99e-06,1.228e-05,1.294e-05,1.318e-05,1.363e-05,8.58e-06
conservative,2.782e-05,2.833e-05,2.87e-05,2.875e-05,2.865e-05,2.794e-05,2.739e-05,2.809e-05,2.808e-05
guestbook,0.0,0.0,0.0,0.0,0.0,0.0,0.0,0.0,0.0
shock,1.627e-05,1.595e-05,1.568e-05,1.611e-05,1.617e-05,1.603e-05,1.751e-05,1.797e-05,1.611e-05
effectiveness,1.691e-05,1.825e-05,1.791e-05,1.754e-05,1.678e-05,1.705e-05,1.689e-05,1.653e-05,1.758e-05
walls,1.883e-05,1.93e-05,2.138e-05,2.162e-05,2.169e-05,2.137e-05,2.121e-05,2.19e-05,1.907e-05
abroad,1.241e-05,1.343e-05,1.283e-05,1.203e-05,1.126e-05,1.068e-05,1.112e-05,1.074e-05,1.292e-05
ebony,2.1e-07,2.1e-07,2e-07,2e-07,2e-07,2.1e-07,2.1e-07,4.1e-07,2.1e-07
tie,1.562e-05,1.385e-05,1.588e-05,1.468e-05,1.473e-05,1.377e-05,1.38e-05,1.301e-05,1.474e-05
ward,1.37e-05,1.364e-05,1.466e-05,1.346e-05,1.31e-05,1.397e-05,1.298e-05,1.301e-05,1.367e-05
drawn,6.656e-05,6.567e-05,6.555e-05,6.424e-05,6.385e-05,6.513e-05,6.611e-05,6.528e-05,6.611e-05
arthur,6.72e-05,6.567e-05,6.596e-05,6.709e-05,6.835e-05,6.863e-05,6.838e-05,6.713e-05,6.643e-05
ian,2.611e-05,2.644e-05,2.545e-05,2.712e-05,2.701e-05,2.712e-05,2.76e-05,2.727e-05,2.628e-05
visited,2.033e-05,2.014e-05,2.076e-05,2.039e-05,2.046e-05,2.014e-05,1.998e-05,2.004e-05,2.023e-05
roof,6.63e-06,6.29e-06,7.33e-06,7.34e-06,6.96e-06,6.58e-06,7.41e-06,7.64e-06,6.46e-06
walker,2.119e-05,2.056e-05,2.076e-05,2.06e-05,1.985e-05,2.014e-05,2.08e-05,1.983e-05,2.087e-05
demonstrate,2.376e-05,2.245e-05,2.382e-05,2.325e-05,2.271e-05,2.342e-05,2.286e-05,2.396e-05,2.31e-05
atmosphere,4.281e-05,4.196e-05,4.112e-05,4.201e-05,4.216e-05,4.192e-05,4.325e-05,4.379e-05,4.238e-05
suggests,4.345e-05,4.301e-05,4.173e-05,4.201e-05,4.236e-05,4.274e-05,4.305e-05,4.007e-05,4.323e-05
kiss,4.28e-06,4.2e-06,4.07e-06,4.08e-06,3.89e-06,3.9e-06,4.12e-06,3.92e-06,4.24e-06
beast,6.42e-06,6.5e-06,6.51e-06,6.32e-06,6.75e-06,5.75e-06,5.97e-06,7.23e-06,6.46e-06
ra,7.92e-06,8.39e-06,7.13e-06,8.36e-06,7.98e-06,7.6e-06,7.83e-06,7.64e-06,8.15e-06
operated,2.633e-05,2.602e-05,2.565e-05,2.631e-05,2.64e-05,2.63e-05,2.719e-05,2.685e-05,2.617e-05
experiment,5.886e-05,5.98e-05,6.087e-05,6.24e-05,6.405e-05,6.452e-05,6.55e-05,6.651e-05,5.933e-05
targets,2.204e-05,2.287e-05,2.321e-05,2.345e-05,2.292e-05,2.301e-05,2.245e-05,2.231e-05,2.246e-05
overseas,1.156e-05,1.112e-05,1.201e-05,1.203e-05,1.187e-05,1.13e-05,1.174e-05,1.26e-05,1.134e-05
purchases,3.64e-06,4.2e-06,3.66e-06,3.67e-06,3.27e-06,3.08e-06,2.88e-06,2.69e-06,3.92e-06
dodge,6.63e-06,7.76e-06,7.94e-06,7.75e-06,7.78e-06,7.81e-06,7.41e-06,7.23e-06,7.19e-06
counsel,1.07e-06,1.68e-06,2.24e-06,2.24e-06,2.05e-06,2.05e-06,2.06e-06,2.07e-06,1.37e-06
federation,2.932e-05,3.063e-05,3.135e-05,3.283e-05,3.274e-05,3.267e-05,3.254e-05,3.346e-05,2.998e-05
pizza,3.64e-06,3.57e-06,3.66e-06,3.67e-06,3.68e-06,2.88e-06,2.88e-06,2.69e-06,3.61e-06
invited,9.246e-05,0.00010029,0.00010708,0.00010217,0.0001015,9.986e-05,9.763e-05,9.42e-05,9.637e-05
yards,4.28e-06,2.1e-06,2.04e-06,1.84e-06,1.64e-06,1.85e-06,1.85e-06,1.86e-06,3.19e-06
assignment,4.43e-05,4.469e-05,4.825e-05,4.792e-05,4.359e-05,4.376e-05,4.449e-05,4.441e-05,4.45e-05
chemicals,1.006e-05,9.86e-06,9.57e-06,9.38e-06,9.41e-06,1.048e-05,1.03e-05,1.074e-05,9.96e-06
gordon,4.131e-05,3.945e-05,3.848e-05,3.814e-05,3.745e-05,3.74e-05,3.831e-05,3.615e-05,4.038e-05
mod,3.339e-05,3.042e-05,3.155e-05,2.855e-05,2.947e-05,2.63e-05,2.554e-05,2.479e-05,3.191e-05
farmers,3.85e-06,5.04e-06,5.7e-06,5.51e-06,5.32e-06,5.34e-06,5.35e-06,5.16e-06,4.45e-06
rc,3.64e-06,3.57e-06,3.87e-06,4.08e-06,4.09e-06,3.9e-06,3.71e-06,3.72e-06,3.61e-06
queries,1.862e-05,1.993e-05,1.893e-05,1.978e-05,1.944e-05,1.993e-05,2.018e-05,1.962e-05,1.928e-05
bmw,6.4e-07,6.3e-07,6.1e-07,6.1e-07,6.1e-07,6.2e-07,6.2e-07,6.2e-07,6.4e-07
rush,5.56e-06,5.87e-06,5.9e-06,6.53e-06,6.14e-06,5.96e-06,5.97e-06,5.58e-06,5.72e-06
ukraine,2.333e-05,2.497e-05,2.626e-05,2.427e-05,2.476e-05,2.589e-05,2.677e-05,2.644e-05,2.415e-05
absence,3.574e-05,3.567e-05,3.522e-05,3.324e-05,3.397e-05,3.349e-05,3.254e-05,3.243e-05,3.57e-05
nearest,2.804e-05,2.77e-05,2.85e-05,2.998e-05,2.906e-05,3.082e-05,3.151e-05,3.14e-05,2.787e-05
cluster,5.458e-05,5.287e-05,5.313e-05,5.404e-05,4.318e-05,4.335e-05,4.284e-05,4.338e-05,5.373e-05
vendors,1.177e-05,1.322e-05,1.16e-05,1.122e-05,1.105e-05,1.068e-05,1.05e-05,1.074e-05,1.25e-05
mpeg,1.37e-05,1.343e-05,1.445e-05,1.489e-05,1.473e-05,1.438e-05,1.442e-05,1.281e-05,1.356e-05
whereas,9.695e-05,9.442e-05,9.405e-05,9.646e-05,9.618e-05,9.698e-05,9.742e-05,9.729e-05,9.569e-05
yoga,1.28e-06,1.47e-06,1.43e-06,1.63e-06,1.43e-06,1.44e-06,1.24e-06,1.24e-06,1.37e-06
serves,5.821e-05,6.043e-05,6.148e-05,6.302e-05,6.405e-05,6.37e-05,6.076e-05,6.28e-05,5.932e-05
woods,8.99e-06,8.81e-06,8.75e-06,8.36e-06,8.8e-06,8.63e-06,8.65e-06,7.44e-06,8.9e-06
surprise,5.99e-06,6.29e-06,6.31e-06,7.55e-06,6.96e-06,6.99e-06,6.8e-06,7.02e-06,6.14e-06
lamp,6.85e-06,7.34e-06,7.13e-06,7.34e-06,7.57e-06,7.6e-06,7.41e-06,7.44e-06,7.09e-06
rico,6.63e-06,6.5e-06,7.94e-06,6.32e-06,4.91e-06,5.14e-06,5.15e-06,5.58e-06,6.56e-06
partial,0.00027995,0.0002843,0.00028928,0.0002953,0.00029631,0.00029937,0.00029576,0.00029746,0.00028213
shoppers,2.1e-07,2.1e-07,2e-07,2e-07,2e-07,2.1e-07,2.1e-07,2.1e-07,2.1e-07
phil,1.434e-05,1.364e-05,1.283e-05,1.285e-05,1.166e-05,1.13e-05,1.092e-05,1.095e-05,1.399e-05
everybody,2.78e-06,2.52e-06,2.65e-06,2.45e-06,2.46e-06,2.47e-06,2.27e-06,2.27e-06,2.65e-06
couples,4.92e-06,5.25e-06,5.09e-06,5.51e-06,5.12e-06,5.34e-06,6.18e-06,5.99e-06,5.08e-06
nashville,2.57e-06,2.52e-06,3.05e-06,3.06e-06,3.07e-06,2.88e-06,2.27e-06,2.69e-06,2.55e-06
ranking,2.012e-05,2.056e-05,2.097e-05,2.141e-05,2.128e-05,2.24e-05,2.121e-05,2.231e-05,2.034e-05
jokes,4.71e-06,4.2e-06,4.07e-06,3.87e-06,3.89e-06,3.7e-06,3.71e-06,3.92e-06,4.45e-06
cst,2.35e-06,2.31e-06,2.04e-06,1.84e-06,1.84e-06,1.85e-06,1.85e-06,1.86e-06,2.33e-06
http,0.00043683,0.00036823,0.00030984,0.00027327,0.00020607,0.00013992,0.00012419,0.0001068,0.00040253
ceo,1.905e-05,1.909e-05,2.178e-05,2.203e-05,2.231e-05,2.281e-05,2.286e-05,2.314e-05,1.907e-05
simpson,1.584e-05,1.49e-05,1.384e-05,1.652e-05,1.637e-05,1.705e-05,1.751e-05,1.797e-05,1.537e-05
twiki,4.3e-07,2.1e-07,2e-07,2e-07,0.0,0.0,0.0,0.0,3.2e-07
sublime,1.5e-06,1.47e-06,1.83e-06,1.84e-06,1.64e-06,1.64e-06,1.65e-06,1.65e-06,1.48e-06
counseling,2.14e-06,2.1e-06,2.24e-06,2.45e-06,2.46e-06,2.26e-06,2.27e-06,2.27e-06,2.12e-06
palace,9.42e-06,1.028e-05,9.98e-06,1.02e-05,1.044e-05,1.11e-05,1.05e-05,1.053e-05,9.85e-06
acceptable,1.969e-05,1.846e-05,1.914e-05,1.897e-05,1.965e-05,1.952e-05,1.998e-05,2.004e-05,1.907e-05
satisfied,2.547e-05,2.602e-05,2.687e-05,2.712e-05,2.64e-05,2.671e-05,2.739e-05,2.747e-05,2.574e-05
glad,6.4e-07,6.3e-07,6.1e-07,6.1e-07,6.1e-07,6.2e-07,6.2e-07,6.2e-07,6.4e-07
wins,1.691e-05,2.098e-05,1.914e-05,1.876e-05,1.76e-05,1.726e-05,1.73e-05,1.673e-05,1.894e-05
measurements,9.738e-05,9.715e-05,9.446e-05,9.748e-05,9.966e-05,9.842e-05,9.927e-05,9.605e-05,9.726e-05
verify,2.74e-05,2.707e-05,2.626e-05,2.692e-05,2.64e-05,2.609e-05,2.533e-05,2.499e-05,2.723e-05
globe,1.755e-05,1.7e-05,1.771e-05,1.733e-05,1.658e-05,1.5e-05,1.545e-05,1.508e-05,1.727e-05
trusted,2.44e-05,2.35e-05,2.341e-05,2.345e-05,2.435e-05,2.527e-05,2.43e-05,2.438e-05,2.395e-05
copper,1.134e-05,1.028e-05,1.018e-05,9.99e-06,1.023e-05,1.007e-05,9.27e-06,9.5e-06,1.081e-05
milwaukee,4.71e-06,4.83e-06,4.68e-06,3.87e-06,3.89e-06,3.9e-06,4.12e-06,4.75e-06,4.77e-06
rack,1.5e-06,1.47e-06,1.02e-06,1.02e-06,1.02e-06,1.03e-06,1.03e-06,1.03e-06,1.48e-06
medication,1.5e-06,1.47e-06,1.43e-06,1.63e-06,1.64e-06,2.05e-06,2.06e-06,1.86e-06,1.48e-06
warehouse,4.71e-06,4.62e-06,4.48e-06,4.28e-06,4.09e-06,4.52e-06,4.53e-06,4.34e-06,4.67e-06
shareware,3.85e-06,3.78e-06,3.66e-06,3.67e-06,3.89e-06,3.9e-06,3.91e-06,3.92e-06,3.81e-06
ec,1.134e-05,1.028e-05,8.55e-06,8.16e-06,7.78e-06,8.22e-06,7.83e-06,7.02e-06,1.081e-05
rep,6.21e-06,6.08e-06,5.9e-06,5.1e-06,5.32e-06,5.14e-06,4.94e-06,4.75e-06,6.14e-06
dicke,6.4e-07,8.4e-07,8.1e-07,8.2e-07,8.2e-07,6.2e-07,6.2e-07,8.3e-07,7.4e-07
kerry,3e-06,2.73e-06,2.85e-06,2.86e-06,2.86e-06,2.88e-06,2.88e-06,2.89e-06,2.87e-06
receipt,3.21e-06,2.52e-06,2.65e-06,2.65e-06,2.66e-06,2.47e-06,2.27e-06,2.27e-06,2.87e-06
supposed,2.204e-05,2.056e-05,2.056e-05,1.978e-05,2.067e-05,2.096e-05,2.08e-05,2.128e-05,2.13e-05
ordinary,0.00014211,0.00014058,0.00013965,0.00013725,0.00013731,0.00013972,0.00014088,0.00013964,0.00014135
nobody,3.64e-06,3.36e-06,2.65e-06,2.04e-06,1.64e-06,1.44e-06,1.44e-06,1.65e-06,3.5e-06
ghost,8.56e-06,1.007e-05,9.98e-06,1.06e-05,9.62e-06,9.45e-06,1.03e-05,9.3e-06,9.31e-06
violation,1.092e-05,1.133e-05,1.12e-05,1.081e-05,1.064e-05,1.048e-05,9.47e-06,9.3e-06,1.112e-05
configure,2.35e-06,2.73e-06,2.44e-06,2.45e-06,2.46e-06,2.47e-06,2.68e-06,2.69e-06,2.54e-06
stability,9.909e-05,0.00010113,9.995e-05,0.00010074,0.00010068,0.00010458,0.00010566,0.000107,0.00010011
mit,0.0001083,0.00010533,0.00010586,0.0001034,0.0001017,9.554e-05,9.515e-05,9.11e-05,0.00010681
applying,7.255e-05,7.511e-05,7.491e-05,7.484e-05,7.592e-05,7.541e-05,7.929e-05,8.18e-05,7.383e-05
southwest,5.35e-06,5.46e-06,5.29e-06,5.51e-06,5.93e-06,5.96e-06,5.97e-06,6.2e-06,5.4e-06
boss,6.63e-06,6.71e-06,6.11e-06,6.32e-06,5.93e-06,6.37e-06,6.18e-06,6.82e-06,6.67e-06
pride,5.14e-06,5.25e-06,5.9e-06,5.1e-06,4.5e-06,4.11e-06,4.12e-06,3.51e-06,5.2e-06
institutional,9.2e-06,8.6e-06,9.77e-06,9.38e-06,1.003e-05,9.25e-06,9.27e-06,9.5e-06,8.9e-06
expectations,1.177e-05,1.154e-05,1.221e-05,1.285e-05,1.31e-05,1.253e-05,1.298e-05,1.301e-05,1.165e-05
independence,5.993e-05,5.917e-05,5.802e-05,5.71e-05,5.709e-05,5.609e-05,5.746e-05,5.763e-05,5.955e-05
knowing,1.969e-05,1.93e-05,1.853e-05,1.937e-05,2.005e-05,2.096e-05,2.121e-05,2.024e-05,1.95e-05
reporter,5.99e-06,5.87e-06,5.7e-06,5.71e-06,5.12e-06,5.14e-06,5.15e-06,4.75e-06,5.93e-06
metabolism,4.92e-06,3.99e-06,3.87e-06,3.87e-06,4.09e-06,3.7e-06,3.71e-06,3.92e-06,4.46e-06
keith,1.327e-05,1.343e-05,1.364e-05,1.305e-05,1.289e-05,1.274e-05,1.236e-05,1.198e-05,1.335e-05
champion,1.22e-05,1.343e-05,1.262e-05,1.224e-05,1.207e-05,1.212e-05,1.092e-05,9.71e-06,1.282e-05
cloudy,6.4e-07,8.4e-07,8.1e-07,1.02e-06,1.02e-06,1.03e-06,8.2e-07,8.3e-07,7.4e-07
linda,5.56e-06,5.67e-06,6.72e-06,6.73e-06,6.55e-06,6.37e-06,5.97e-06,5.99e-06,5.61e-06
ross,3.895e-05,3.924e-05,3.827e-05,3.814e-05,3.806e-05,3.801e-05,3.851e-05,3.739e-05,3.909e-05
personally,5.78e-06,6.08e-06,5.7e-06,6.53e-06,6.75e-06,6.16e-06,5.77e-06,6.4e-06,5.93e-06
chile,1.306e-05,1.343e-05,1.344e-05,1.387e-05,1.31e-05,1.294e-05,1.359e-05,1.487e-05,1.324e-05
anna,1.541e-05,1.762e-05,1.853e-05,1.693e-05,1.596e-05,1.664e-05,1.709e-05,1.776e-05,1.652e-05
plenty,1.71e-06,1.68e-06,1.63e-06,1.63e-06,1.64e-06,1.85e-06,1.65e-06,1.65e-06,1.69e-06
solo,6.63e-06,6.5e-06,6.51e-06,6.73e-06,6.75e-06,7.19e-06,7.83e-06,7.85e-06,6.56e-06
sentence,4.73e-05,4.952e-05,4.906e-05,4.854e-05,4.809e-05,5.013e-05,5.19e-05,5.247e-05,4.841e-05
throat,1.28e-06,1.26e-06,1.02e-06,8.2e-07,8.2e-07,8.2e-07,8.2e-07,8.3e-07,1.27e-06
ignore,8.35e-06,7.34e-06,7.13e-06,7.34e-06,7.37e-06,7.4e-06,7.21e-06,7.02e-06,7.85e-06
maria,2.204e-05,2.35e-05,2.585e-05,2.61e-05,2.599e-05,2.753e-05,2.78e-05,2.871e-05,2.277e-05
uniform,0.00014169,0.00014079,0.00013823,0.00014092,0.00014427,0.00014712,0.00014912,0.00014646,0.00014124
excellence,2.975e-05,3.021e-05,2.952e-05,3.079e-05,2.906e-05,2.959e-05,2.966e-05,3.016e-05,2.998e-05
wealth,1.627e-05,1.7e-05,1.649e-05,1.591e-05,1.576e-05,1.623e-05,1.668e-05,1.632e-05,1.663e-05
tall,1.37e-05,1.322e-05,1.303e-05,1.346e-05,1.31e-05,1.315e-05,1.298e-05,1.281e-05,1.346e-05
rm,6.42e-06,5.04e-06,5.29e-06,4.89e-06,4.71e-06,4.52e-06,4.53e-06,4.34e-06,5.73e-06
somewhere,6.85e-06,6.29e-06,5.09e-06,5.1e-06,5.53e-06,5.55e-06,5.97e-06,5.99e-06,6.57e-06
vacuum,3.745e-05,3.588e-05,3.725e-05,3.834e-05,3.724e-05,3.76e-05,3.81e-05,3.822e-05,3.667e-05
dancing,5.99e-06,5.67e-06,6.31e-06,6.73e-06,6.14e-06,6.37e-06,6.59e-06,6.61e-06,5.83e-06
attributes,4.152e-05,4.175e-05,4.112e-05,4.221e-05,4.134e-05,4.212e-05,4.14e-05,4.173e-05,4.164e-05
recognize,1.841e-05,1.993e-05,2.015e-05,1.999e-05,1.903e-05,1.911e-05,2.018e-05,1.942e-05,1.917e-05
brass,6.21e-06,5.87e-06,5.5e-06,5.3e-06,5.73e-06,5.75e-06,5.35e-06,5.58e-06,6.04e-06
writes,2.782e-05,2.707e-05,2.687e-05,2.712e-05,2.66e-05,2.712e-05,2.575e-05,2.582e-05,2.744e-05
plaza,1.28e-06,1.68e-06,1.83e-06,2.04e-06,2.05e-06,1.85e-06,1.85e-06,1.86e-06,1.48e-06
pdas,1.71e-06,1.68e-06,1.63e-06,1.22e-06,1.23e-06,1.03e-06,1.03e-06,1.24e-06,1.69e-06
outcomes,4.816e-05,4.658e-05,4.865e-05,4.854e-05,5.014e-05,5.096e-05,5.355e-05,5.288e-05,4.737e-05
survival,2.097e-05,2.329e-05,2.341e-05,2.345e-05,2.353e-05,2.363e-05,2.348e-05,2.334e-05,2.213e-05
quest,9.42e-06,9.23e-06,8.96e-06,9.18e-06,9.41e-06,9.25e-06,9.68e-06,9.71e-06,9.32e-06
publish,1.969e-05,2.056e-05,2.036e-05,1.937e-05,1.883e-05,2.034e-05,2.101e-05,2.19e-05,2.013e-05
sri,1.905e-05,2.077e-05,1.934e-05,1.937e-05,1.698e-05,1.726e-05,1.648e-05,1.632e-05,1.991e-05
screening,1.284e-05,1.364e-05,1.425e-05,1.468e-05,1.494e-05,1.52e-05,1.524e-05,1.529e-05,1.324e-05
toe,1.498e-05,1.406e-05,1.588e-05,1.489e-05,1.453e-05,1.356e-05,1.256e-05,1.26e-05,1.452e-05
thumbnail,8.6e-07,8.4e-07,8.1e-07,8.2e-07,8.2e-07,8.2e-07,8.2e-07,8.3e-07,8.5e-07
trans,2.418e-05,2.539e-05,2.423e-05,2.447e-05,2.435e-05,2.404e-05,2.286e-05,2.293e-05,2.479e-05
jonathan,2.633e-05,2.728e-05,2.565e-05,2.345e-05,2.251e-05,2.301e-05,2.286e-05,2.252e-05,2.68e-05
whenever,4.066e-05,4.007e-05,4.092e-05,4.038e-05,3.888e-05,3.883e-05,3.934e-05,4.049e-05,4.036e-05
nova,1.07e-05,1.091e-05,1.059e-05,1.142e-05,1.166e-05,1.171e-05,1.071e-05,1.095e-05,1.08e-05
lifetime,3.061e-05,3e-05,3.135e-05,3.079e-05,3.07e-05,3.246e-05,3.316e-05,3.264e-05,3.031e-05
api,1.712e-05,1.72e-05,1.853e-05,1.835e-05,1.821e-05,1.89e-05,1.936e-05,2.045e-05,1.716e-05
pioneer,5.265e-05,5.602e-05,5.558e-05,5.608e-05,5.709e-05,5.733e-05,5.664e-05,5.66e-05,5.434e-05
booty,4.3e-07,4.2e-07,4.1e-07,4.1e-07,4.1e-07,4.1e-07,4.1e-07,4.1e-07,4.3e-07
forgotten,8.56e-06,8.6e-06,7.74e-06,7.55e-06,7.16e-06,6.99e-06,7.41e-06,7.44e-06,8.58e-06
acrobat,4.3e-07,4.2e-07,4.1e-07,4.1e-07,4.1e-07,4.1e-07,4.1e-07,4.1e-07,4.3e-07
plates,1.776e-05,1.72e-05,1.791e-05,1.876e-05,1.78e-05,1.746e-05,1.73e-05,1.735e-05,1.748e-05
acres,1.93e-06,1.47e-06,1.63e-06,1.43e-06,1.64e-06,1.64e-06,1.65e-06,1.65e-06,1.7e-06
venue,4.28e-06,3.57e-06,3.46e-06,3.47e-06,3.68e-06,3.9e-06,4.12e-06,3.92e-06,3.92e-06
athletic,8.13e-06,7.97e-06,7.33e-06,7.34e-06,7.16e-06,7.19e-06,7.62e-06,7.23e-06,8.05e-06
thermal,6.185e-05,6.378e-05,6.27e-05,6.363e-05,6.487e-05,6.328e-05,6.323e-05,6.197e-05,6.282e-05
essays,2.311e-05,2.266e-05,2.26e-05,2.284e-05,2.231e-05,2.157e-05,2.142e-05,2.128e-05,2.289e-05
behaviour,6.528e-05,6.483e-05,6.026e-05,6.281e-05,6.282e-05,6.431e-05,6.22e-05,6.156e-05,6.506e-05
vital,1.306e-05,1.364e-05,1.364e-05,1.468e-05,1.555e-05,1.5e-05,1.442e-05,1.529e-05,1.335e-05
telling,4.71e-06,4.2e-06,3.46e-06,3.26e-06,2.86e-06,2.67e-06,2.47e-06,2.48e-06,4.45e-06
fairly,1.99e-05,1.93e-05,1.853e-05,1.774e-05,1.76e-05,1.664e-05,1.709e-05,1.756e-05,1.96e-05
coastal,8.99e-06,8.81e-06,8.96e-06,8.57e-06,9e-06,9.04e-06,9.06e-06,8.47e-06,8.9e-06
config,4.3e-07,6.3e-07,4.1e-07,4.1e-07,2e-07,4.1e-07,4.1e-07,4.1e-07,5.3e-07
cf,2.526e-05,2.371e-05,2.402e-05,2.243e-05,2.149e-05,1.993e-05,2.08e-05,1.942e-05,2.449e-05
charity,8.99e-06,8.18e-06,8.55e-06,8.77e-06,8.39e-06,8.63e-06,9.47e-06,9.92e-06,8.58e-06
intelligent,3.275e-05,3.189e-05,3.135e-05,3.181e-05,3.315e-05,3.472e-05,3.275e-05,3.222e-05,3.232e-05
edinburgh,5.094e-05,5.141e-05,5.11e-05,5.037e-05,5.055e-05,4.952e-05,4.861e-05,4.854e-05,5.117e-05
vt,1.07e-06,1.05e-06,1.22e-06,8.2e-07,8.2e-07,8.2e-07,8.2e-07,1.24e-06,1.06e-06
excel,7.28e-06,7.34e-06,7.33e-06,7.55e-06,7.98e-06,8.22e-06,8.44e-06,8.26e-06,7.31e-06
modes,3.788e-05,3.84e-05,3.563e-05,3.671e-05,3.581e-05,3.596e-05,3.645e-05,3.698e-05,3.814e-05
obligation,2.35e-06,2.31e-06,2.44e-06,2.65e-06,2.66e-06,3.49e-06,3.5e-06,3.51e-06,2.33e-06
campbell,2.119e-05,2.014e-05,2.076e-05,2.019e-05,1.924e-05,1.849e-05,1.874e-05,1.818e-05,2.066e-05
wake,1.049e-05,9.86e-06,9.77e-06,1.06e-05,1.044e-05,1.048e-05,1.03e-05,9.92e-06,1.017e-05
stupid,2.57e-06,2.94e-06,2.24e-06,1.84e-06,1.84e-06,2.05e-06,1.85e-06,1.86e-06,2.75e-06
harbor,5.35e-06,4.83e-06,5.09e-06,4.49e-06,4.71e-06,4.73e-06,4.74e-06,4.75e-06,5.09e-06
hungary,2.847e-05,2.958e-05,2.748e-05,2.753e-05,2.66e-05,2.63e-05,2.451e-05,2.479e-05,2.903e-05
traveler,2.78e-06,2.94e-06,2.44e-06,2.86e-06,2.86e-06,2.26e-06,2.06e-06,2.07e-06,2.86e-06
urw,0.0,0.0,0.0,0.0,0.0,0.0,0.0,0.0,0.0
segment,5.415e-05,5.539e-05,5.68e-05,5.751e-05,5.75e-05,5.712e-05,5.993e-05,5.99e-05,5.477e-05
realize,5.99e-06,5.87e-06,6.11e-06,6.12e-06,6.55e-06,6.16e-06,5.97e-06,5.78e-06,5.93e-06
regardless,3.296e-05,3.336e-05,3.298e-05,3.406e-05,3.233e-05,3.164e-05,3.234e-05,3.119e-05,3.316e-05
lan,2.57e-06,2.31e-06,1.83e-06,1.84e-06,2.05e-06,2.05e-06,2.06e-06,2.27e-06,2.44e-06
enemy,1.027e-05,1.028e-05,1.038e-05,1.142e-05,1.166e-05,1.151e-05,1.112e-05,1.136e-05,1.027e-05
puzzle,0.00010188,0.00010029,0.00010056,0.00010401,0.0001058,0.00010808,0.00010751,0.000107,0.00010108
rising,1.841e-05,1.888e-05,1.995e-05,2.08e-05,2.067e-05,1.993e-05,2.018e-05,2.066e-05,1.865e-05
aluminum,2.14e-06,2.1e-06,2.44e-06,2.65e-06,2.46e-06,2.67e-06,2.27e-06,2.07e-06,2.12e-06
wells,7.7e-06,9.44e-06,9.16e-06,9.99e-06,1.085e-05,1.089e-05,1.03e-05,1.033e-05,8.57e-06
wishlist,0.0,0.0,0.0,0.0,0.0,0.0,0.0,0.0,0.0
opens,5.35e-06,5.04e-06,5.7e-06,6.12e-06,5.32e-06,4.73e-06,4.74e-06,4.75e-06,5.2e-06
insight,2.397e-05,2.413e-05,2.423e-05,2.488e-05,2.435e-05,2.466e-05,2.41e-05,2.438e-05,2.405e-05
sms,7.49e-06,8.18e-06,7.94e-06,7.55e-06,7.57e-06,8.01e-06,8.24e-06,8.06e-06,7.84e-06
shit,0.0,0.0,0.0,0.0,0.0,0.0,0.0,0.0,0.0
restricted,6.078e-05,6.085e-05,6.046e-05,6.016e-05,6.037e-05,6.205e-05,6.282e-05,6.28e-05,6.081e-05
republican,7.7e-06,8.18e-06,7.94e-06,7.55e-06,7.98e-06,8.84e-06,9.89e-06,9.92e-06,7.94e-06
secrets,1.156e-05,1.175e-05,1.242e-05,1.122e-05,1.105e-05,1.212e-05,1.215e-05,1.219e-05,1.165e-05
lucky,9.63e-06,3.15e-06,8.55e-06,8.77e-06,8.8e-06,9.04e-06,9.47e-06,9.3e-06,6.39e-06
latter,0.00011729,0.00011939,0.00011563,0.00011298,0.00011644,0.0001165,0.0001174,0.00011733,0.00011834
merchants,4.28e-06,3.15e-06,3.05e-06,2.86e-06,2.66e-06,2.47e-06,2.47e-06,2.48e-06,3.72e-06
thick,8.35e-06,8.18e-06,8.35e-06,8.16e-06,7.98e-06,7.6e-06,7.62e-06,7.64e-06,8.26e-06
trailers,2.1e-07,2.1e-07,2e-07,2e-07,2e-07,2.1e-07,2.1e-07,2.1e-07,2.1e-07
repeat,2.076e-05,2.014e-05,1.893e-05,1.733e-05,1.658e-05,1.644e-05,1.648e-05,1.653e-05,2.045e-05
syndrome,1.092e-05,9.23e-06,9.16e-06,9.18e-06,9.21e-06,8.22e-06,8.44e-06,8.47e-06,1.008e-05
philips,3.42e-06,3.15e-06,3.05e-06,3.87e-06,3.89e-06,3.7e-06,3.71e-06,3.72e-06,3.28e-06
attendance,1.93e-06,1.89e-06,1.43e-06,1.43e-06,1.64e-06,1.64e-06,1.24e-06,1.24e-06,1.91e-06
penalty,5.99e-06,4.83e-06,5.29e-06,5.3e-06,5.32e-06,5.34e-06,5.77e-06,5.99e-06,5.41e-06
drum,9.42e-06,9.65e-06,9.57e-06,9.38e-06,9.82e-06,9.45e-06,9.68e-06,9.71e-06,9.53e-06
glasses,7.28e-06,7.97e-06,7.94e-06,7.55e-06,7.37e-06,7.6e-06,8.24e-06,7.64e-06,7.62e-06
enables,3.724e-05,3.693e-05,3.705e-05,3.773e-05,3.909e-05,3.801e-05,3.851e-05,4.049e-05,3.709e-05
nec,2.14e-06,2.1e-06,2.24e-06,2.24e-06,2.25e-06,2.26e-06,2.27e-06,2.07e-06,2.12e-06
iraqi,3.42e-06,3.57e-06,3.46e-06,3.87e-06,4.09e-06,3.29e-06,3.09e-06,3.1e-06,3.49e-06
builder,4.71e-06,4.62e-06,4.48e-06,4.08e-06,4.71e-06,4.73e-06,4.94e-06,4.96e-06,4.67e-06
vista,7.92e-06,7.97e-06,8.14e-06,8.16e-06,8.39e-06,8.84e-06,8.24e-06,7.85e-06,7.94e-06
jessica,2.78e-06,7.34e-06,7.13e-06,7.75e-06,7.57e-06,7.81e-06,7.62e-06,7.85e-06,5.06e-06
chips,1.52e-05,1.343e-05,1.445e-05,1.55e-05,1.453e-05,1.479e-05,1.504e-05,1.529e-05,1.432e-05
terry,1.113e-05,1.154e-05,1.079e-05,9.58e-06,1.003e-05,9.86e-06,9.68e-06,9.71e-06,1.133e-05
flood,1.049e-05,1.091e-05,1.059e-05,1.162e-05,1.044e-05,1.048e-05,1.009e-05,1.074e-05,1.07e-05
foto,4.3e-07,8.4e-07,4.1e-07,4.1e-07,4.1e-07,4.1e-07,4.1e-07,4.1e-07,6.4e-07
ease,1.691e-05,1.741e-05,1.73e-05,1.754e-05,1.821e-05,1.746e-05,1.771e-05,1.715e-05,1.716e-05
arguments,6.592e-05,6.211e-05,6.046e-05,6.016e-05,6.18e-05,6.267e-05,6.364e-05,6.259e-05,6.402e-05
amsterdam,5.222e-05,5.203e-05,5.049e-05,4.996e-05,4.993e-05,5.075e-05,5.108e-05,4.937e-05,5.212e-05
orgy,0.0,0.0,0.0,0.0,0.0,0.0,0.0,0.0,0.0
arena,3.64e-06,3.57e-06,3.46e-06,4.49e-06,4.91e-06,5.14e-06,4.12e-06,3.72e-06,3.61e-06
adventures,1.177e-05,1.217e-05,1.242e-05,1.142e-05,1.146e-05,1.151e-05,1.174e-05,1.157e-05,1.197e-05
pupils,5.99e-06,6.29e-06,5.9e-06,6.12e-06,5.53e-06,5.55e-06,5.56e-06,6.2e-06,6.14e-06
stewart,2.782e-05,2.644e-05,2.484e-05,2.406e-05,2.517e-05,2.548e-05,2.595e-05,2.603e-05,2.713e-05
announcement,1.327e-05,1.259e-05,1.12e-05,1.142e-05,1.228e-05,1.233e-05,1.174e-05,1.219e-05,1.293e-05
tabs,1.5e-06,1.47e-06,1.63e-06,1.63e-06,1.64e-06,1.64e-06,1.65e-06,1.65e-06,1.48e-06
outcome,5.072e-05,5.078e-05,5.171e-05,5.241e-05,5.546e-05,5.691e-05,5.829e-05,5.908e-05,5.075e-05
xx,3.85e-06,3.36e-06,3.05e-06,3.87e-06,3.48e-06,3.29e-06,4.12e-06,3.92e-06,3.61e-06
appreciate,1.93e-06,2.1e-06,2.04e-06,2.24e-06,2.46e-06,2.47e-06,2.27e-06,1.86e-06,2.02e-06
expanded,5.051e-05,5.015e-05,5.008e-05,5.017e-05,4.993e-05,5.096e-05,5.128e-05,5.35e-05,5.033e-05
casual,3.21e-06,3.15e-06,3.26e-06,3.47e-06,3.48e-06,3.49e-06,3.91e-06,3.51e-06,3.18e-06
grown,1.477e-05,1.427e-05,1.323e-05,1.346e-05,1.31e-05,1.356e-05,1.401e-05,1.487e-05,1.452e-05
polish,0.00012007,0.00012274,0.00012174,0.00012216,0.00012053,0.0001204,0.00012337,0.00012497,0.0001214
lovely,2.1e-07,2.1e-07,2e-07,2e-07,2e-07,2.1e-07,2.1e-07,2.1e-07,2.1e-07
extras,0.0,0.0,0.0,0.0,0.0,0.0,6.2e-07,6.2e-07,0.0
gm,4.28e-06,4.41e-06,6.11e-06,5.51e-06,5.12e-06,4.73e-06,4.74e-06,3.72e-06,4.34e-06
centres,1.22e-05,1.196e-05,1.079e-05,1.122e-05,1.146e-05,1.068e-05,9.68e-06,9.09e-06,1.208e-05
jerry,9.85e-06,9.44e-06,8.75e-06,8.57e-06,9.21e-06,8.63e-06,8.44e-06,8.06e-06,9.64e-06
clause,1.413e-05,1.406e-05,1.16e-05,1.142e-05,1.207e-05,1.253e-05,1.236e-05,1.343e-05,1.409e-05
smile,9.85e-06,9.65e-06,9.57e-06,9.58e-06,9e-06,9.04e-06,9.27e-06,8.88e-06,9.75e-06
lands,8.35e-06,8.18e-06,7.53e-06,8.36e-06,7.78e-06,7.6e-06,7.83e-06,8.68e-06,8.26e-06
ri,8.13e-06,7.55e-06,6.72e-06,7.14e-06,7.16e-06,6.99e-06,7.21e-06,6.2e-06,7.84e-06
troops,4.28e-06,4.62e-06,4.68e-06,4.69e-06,4.71e-06,4.52e-06,4.53e-06,5.16e-06,4.45e-06
indoor,2.78e-06,3.36e-06,3.26e-06,3.26e-06,3.27e-06,3.08e-06,2.88e-06,3.31e-06,3.07e-06
bulgaria,9.2e-06,9.86e-06,1.018e-05,1.02e-05,9.82e-06,1.027e-05,8.03e-06,7.44e-06,9.53e-06
armed,1.605e-05,1.7e-05,1.588e-05,1.591e-05,1.617e-05,1.664e-05,1.751e-05,1.776e-05,1.653e-05
broker,3.21e-06,2.73e-06,2.44e-06,2.45e-06,2.46e-06,2.67e-06,2.68e-06,2.69e-06,2.97e-06
charger,2.1e-07,2.1e-07,2e-07,4.1e-07,4.1e-07,4.1e-07,4.1e-07,2.1e-07,2.1e-07
regularly,2.247e-05,2.203e-05,2.199e-05,2.08e-05,2.087e-05,2.055e-05,1.977e-05,2.045e-05,2.225e-05
believed,5.907e-05,5.875e-05,6.128e-05,6.281e-05,6.446e-05,6.37e-05,6.261e-05,6.238e-05,5.891e-05
pine,4.28e-06,4.2e-06,4.28e-06,4.28e-06,4.3e-06,4.52e-06,4.33e-06,4.13e-06,4.24e-06
cooling,1.07e-05,1.091e-05,1.201e-05,1.203e-05,1.228e-05,1.274e-05,1.215e-05,1.219e-05,1.08e-05
tend,4.323e-05,4.28e-05,4.234e-05,4.201e-05,4.256e-05,4.315e-05,4.469e-05,4.483e-05,4.301e-05
gulf,1.027e-05,1.07e-05,1.099e-05,1.122e-05,1.105e-05,1.048e-05,1.009e-05,9.71e-06,1.048e-05
rt,5.14e-06,4.83e-06,4.89e-06,4.49e-06,4.5e-06,4.52e-06,4.94e-06,4.96e-06,4.99e-06
rick,3.42e-06,3.57e-06,3.46e-06,3.47e-06,3.68e-06,3.49e-06,3.91e-06,4.34e-06,3.49e-06
trucks,1.93e-06,1.89e-06,1.83e-06,1.84e-06,2.05e-06,2.05e-06,2.27e-06,2.48e-06,1.91e-06
cp,1.199e-05,1.259e-05,1.303e-05,1.366e-05,1.412e-05,1.315e-05,1.236e-05,1.198e-05,1.229e-05
mechanisms,4.302e-05,4.448e-05,4.662e-05,4.772e-05,4.789e-05,4.623e-05,4.716e-05,4.792e-05,4.375e-05
divorce,3.85e-06,3.99e-06,3.66e-06,3.47e-06,3.48e-06,3.49e-06,2.88e-06,2.69e-06,3.92e-06
laura,7.49e-06,7.55e-06,8.75e-06,8.77e-06,7.78e-06,7.4e-06,7.83e-06,8.26e-06,7.52e-06
shopper,4.3e-07,4.2e-07,4.1e-07,4.1e-07,4.1e-07,4.1e-07,4.1e-07,4.1e-07,4.3e-07
tokyo,3.317e-05,3.609e-05,3.603e-05,3.548e-05,3.377e-05,3.205e-05,3.069e-05,3.057e-05,3.463e-05
partly,2.611e-05,2.623e-05,2.606e-05,2.631e-05,2.66e-05,2.712e-05,2.657e-05,2.603e-05,2.617e-05
nikon,2.1e-07,0.0,0.0,0.0,0.0,0.0,0.0,0.0,1.1e-07
customize,1.07e-06,1.05e-06,1.02e-06,1.02e-06,1.02e-06,1.03e-06,1.03e-06,8.3e-07,1.06e-06
tradition,5.929e-05,5.896e-05,5.659e-05,5.364e-05,5.361e-05,5.424e-05,5.437e-05,5.206e-05,5.913e-05
candy,1.07e-06,1.05e-06,1.22e-06,1.22e-06,1.23e-06,1.23e-06,1.24e-06,1.03e-06,1.06e-06
pills,1.07e-06,1.05e-06,1.02e-06,1.02e-06,1.02e-06,1.03e-06,6.2e-07,6.2e-07,1.06e-06
tiger,7.28e-06,6.5e-06,8.35e-06,8.16e-06,7.98e-06,8.01e-06,8.44e-06,8.68e-06,6.89e-06
donald,7.277e-05,7.323e-05,7.41e-05,7.28e-05,7.306e-05,7.233e-05,7.25e-05,7.251e-05,7.3e-05
folks,4.3e-07,2.1e-07,2e-07,2e-07,2e-07,2.1e-07,2.1e-07,2.1e-07,3.2e-07
sensor,3.253e-05,3.084e-05,3.298e-05,3.161e-05,3.029e-05,2.856e-05,2.966e-05,3.057e-05,3.169e-05
exposed,1.819e-05,1.825e-05,2.036e-05,1.999e-05,2.108e-05,2.096e-05,2.101e-05,2.231e-05,1.822e-05
telecom,4.07e-06,3.99e-06,6.31e-06,5.91e-06,6.55e-06,6.37e-06,5.77e-06,5.78e-06,4.03e-06
hunt,9.42e-06,9.86e-06,9.77e-06,9.79e-06,9.82e-06,9.45e-06,9.27e-06,9.5e-06,9.64e-06
angels,7.49e-06,6.5e-06,6.31e-06,5.71e-06,5.32e-06,6.58e-06,7.21e-06,7.23e-06,6.99e-06
deputy,2.74e-05,2.707e-05,2.83e-05,2.753e-05,2.64e-05,2.548e-05,2.492e-05,2.665e-05,2.723e-05
indicators,1.883e-05,1.888e-05,1.934e-05,2.141e-05,2.231e-05,2.26e-05,2.369e-05,2.314e-05,1.886e-05
sealed,2.78e-06,2.94e-06,2.65e-06,2.24e-06,2.25e-06,2.26e-06,2.68e-06,2.69e-06,2.86e-06
thai,3.85e-06,3.99e-06,4.48e-06,4.49e-06,4.3e-06,4.11e-06,3.91e-06,3.92e-06,3.92e-06
emissions,7.92e-06,7.13e-06,7.13e-06,7.14e-06,7.78e-06,8.22e-06,8.86e-06,9.92e-06,7.52e-06
physicians,4.49e-06,4.62e-06,4.68e-06,4.69e-06,4.71e-06,5.55e-06,5.77e-06,5.78e-06,4.55e-06
loaded,7.49e-06,7.34e-06,7.33e-06,8.36e-06,8.19e-06,8.22e-06,8.44e-06,8.06e-06,7.42e-06
fred,1.798e-05,1.909e-05,1.832e-05,1.856e-05,1.739e-05,1.767e-05,1.792e-05,1.797e-05,1.853e-05
complaint,1.93e-06,1.89e-06,2.24e-06,2.24e-06,2.05e-06,2.47e-06,2.27e-06,2.48e-06,1.91e-06
scenes,1.177e-05,1.196e-05,1.201e-05,1.326e-05,1.412e-05,1.52e-05,1.524e-05,1.508e-05,1.187e-05
experiments,7.876e-05,7.952e-05,8.041e-05,8.178e-05,8.001e-05,8.219e-05,8.362e-05,8.18e-05,7.914e-05
balls,2.461e-05,2.392e-05,2.646e-05,2.692e-05,2.619e-05,2.651e-05,2.616e-05,2.727e-05,2.426e-05
afghanistan,6.42e-06,6.08e-06,5.7e-06,6.12e-06,6.96e-06,5.55e-06,5.77e-06,5.78e-06,6.25e-06
dd,5.56e-06,6.5e-06,6.92e-06,6.73e-06,4.71e-06,4.73e-06,4.74e-06,4.54e-06,6.03e-06
boost,5.35e-06,5.04e-06,6.11e-06,5.91e-06,5.73e-06,5.14e-06,5.15e-06,5.16e-06,5.2e-06
spanking,0.0,0.0,0.0,0.0,0.0,0.0,0.0,0.0,0.0
scholarship,2.354e-05,2.434e-05,2.28e-05,2.264e-05,2.353e-05,2.178e-05,1.998e-05,1.838e-05,2.394e-05
governance,1.22e-05,1.238e-05,1.344e-05,1.448e-05,1.432e-05,1.5e-05,1.524e-05,1.529e-05,1.229e-05
mill,6.21e-06,6.71e-06,6.72e-06,6.32e-06,6.55e-06,6.37e-06,6.38e-06,6.61e-06,6.46e-06
founded,0.00020418,0.00020814,0.00021131,0.00021128,0.00021119,0.00021204,0.00021461,0.00021462,0.00020616
supplements,1.71e-06,1.89e-06,1.83e-06,1.84e-06,2.25e-06,2.26e-06,2.27e-06,2.07e-06,1.8e-06
chronic,2.35e-06,2.52e-06,2.85e-06,2.65e-06,2.66e-06,2.67e-06,3.3e-06,3.31e-06,2.43e-06
icons,8.35e-06,8.39e-06,8.55e-06,8.57e-06,9.41e-06,9.45e-06,9.47e-06,9.5e-06,8.37e-06
tranny,0.0,0.0,0.0,0.0,0.0,0.0,0.0,0.0,0.0
moral,2.269e-05,2.203e-05,2.015e-05,1.937e-05,1.965e-05,1.993e-05,1.998e-05,2.107e-05,2.236e-05
den,1.241e-05,1.406e-05,1.262e-05,1.203e-05,1.126e-05,1.068e-05,1.112e-05,1.074e-05,1.323e-05
catering,6.4e-07,6.3e-07,6.1e-07,6.1e-07,6.1e-07,6.2e-07,6.2e-07,6.2e-07,6.4e-07
aud,0.0,0.0,0.0,0.0,0.0,0.0,0.0,0.0,0.0
finger,1.648e-05,1.658e-05,1.71e-05,1.509e-05,1.514e-05,1.541e-05,1.668e-05,1.384e-05,1.653e-05
keeps,7.92e-06,8.18e-06,7.53e-06,7.34e-06,6.96e-06,6.99e-06,6.59e-06,6.61e-06,8.05e-06
pound,1.391e-05,1.406e-05,1.201e-05,1.101e-05,1.146e-05,1.089e-05,1.133e-05,1.115e-05,1.398e-05
locate,1.134e-05,1.196e-05,1.181e-05,1.203e-05,1.187e-05,1.13e-05,1.133e-05,1.136e-05,1.165e-05
camcorder,0.0,0.0,0.0,0.0,0.0,0.0,0.0,0.0,0.0
pl,1.434e-05,1.406e-05,1.384e-05,1.428e-05,1.412e-05,1.356e-05,1.256e-05,1.219e-05,1.42e-05
trained,2.119e-05,2.203e-05,2.423e-05,2.529e-05,2.517e-05,2.568e-05,2.677e-05,2.582e-05,2.161e-05
burn,4.49e-06,3.99e-06,3.87e-06,3.47e-06,3.68e-06,3.49e-06,3.5e-06,3.72e-06,4.24e-06
implementing,1.776e-05,1.804e-05,1.812e-05,1.856e-05,1.903e-05,1.952e-05,2.018e-05,2.004e-05,1.79e-05
roses,3.21e-06,3.78e-06,2.65e-06,3.26e-06,3.27e-06,3.08e-06,3.09e-06,2.69e-06,3.49e-06
labs,3.275e-05,3.168e-05,3.237e-05,3.161e-05,3.09e-05,3.061e-05,3.048e-05,3.037e-05,3.222e-05
ourselves,2.78e-06,2.31e-06,2.24e-06,2.45e-06,2.25e-06,1.64e-06,1.65e-06,1.86e-06,2.55e-06
bread,2.78e-06,2.73e-06,2.65e-06,1.63e-06,1.43e-06,1.44e-06,1.44e-06,1.65e-06,2.75e-06
tobacco,4.49e-06,4.83e-06,4.68e-06,4.89e-06,5.12e-06,5.34e-06,5.15e-06,5.16e-06,4.66e-06
wooden,1.241e-05,1.154e-05,1.079e-05,1.06e-05,1.044e-05,1.068e-05,1.112e-05,1.115e-05,1.197e-05
motors,8.56e-06,8.6e-06,8.96e-06,8.97e-06,9e-06,8.22e-06,8.44e-06,8.88e-06,8.58e-06
tough,2.14e-06,2.31e-06,2.24e-06,2.24e-06,2.05e-06,2.26e-06,1.85e-06,1.86e-06,2.22e-06
roberts,1.37e-05,1.322e-05,1.303e-05,1.203e-05,1.085e-05,1.007e-05,9.89e-06,1.053e-05,1.346e-05
incident,3.917e-05,3.819e-05,3.868e-05,3.814e-05,3.909e-05,3.966e-05,3.975e-05,4.028e-05,3.868e-05
gonna,4.3e-07,4.2e-07,4.1e-07,4.1e-07,4.1e-07,4.1e-07,4.1e-07,4.1e-07,4.3e-07
dynamics,0.00020311,0.00020856,0.0002111,0.00021311,0.00021057,0.00021389,0.00021873,0.00021958,0.00020583
lie,0.00024613,0.00024402,0.00024469,0.00024758,0.00025048,0.00024882,0.00024942,0.00024871,0.00024507
crm,1.22e-05,1.217e-05,1.181e-05,1.081e-05,1.064e-05,1.068e-05,1.05e-05,1.033e-05,1.218e-05
rf,9.42e-06,7.97e-06,7.33e-06,9.38e-06,8.59e-06,8.63e-06,8.86e-06,8.68e-06,8.7e-06
conversation,7.7e-06,8.6e-06,8.14e-06,7.55e-06,7.78e-06,7.4e-06,6.59e-06,6.61e-06,8.15e-06
decrease,2.44e-05,2.56e-05,2.524e-05,2.59e-05,2.701e-05,2.753e-05,2.863e-05,2.727e-05,2.5e-05
cumshots,0.0,0.0,0.0,0.0,0.0,0.0,0.0,0.0,0.0
chest,4.71e-06,4.41e-06,5.09e-06,5.3e-06,5.32e-06,5.55e-06,5.15e-06,4.96e-06,4.56e-06
pension,9.2e-06,9.44e-06,8.75e-06,9.38e-06,8.59e-06,8.42e-06,8.44e-06,8.68e-06,9.32e-06
billy,7.92e-06,8.18e-06,7.74e-06,8.16e-06,7.78e-06,7.81e-06,7.83e-06,8.06e-06,8.05e-06
revenues,3e-06,3.15e-06,3.46e-06,3.47e-06,3.89e-06,4.11e-06,3.71e-06,3.72e-06,3.08e-06
emerging,2.333e-05,2.413e-05,2.361e-05,2.284e-05,2.333e-05,2.404e-05,2.266e-05,2.293e-05,2.373e-05
worship,4.07e-06,3.99e-06,3.87e-06,4.08e-06,3.89e-06,3.9e-06,3.91e-06,4.75e-06,4.03e-06
bukkake,0.0,0.0,0.0,0.0,0.0,0.0,0.0,0.0,0.0
capability,2.996e-05,3e-05,2.769e-05,2.774e-05,2.681e-05,2.897e-05,2.842e-05,2.892e-05,2.998e-05
ak,8.13e-06,7.13e-06,6.92e-06,6.93e-06,6.55e-06,5.75e-06,5.97e-06,4.75e-06,7.63e-06
fe,7.06e-06,7.34e-06,7.53e-06,7.75e-06,7.37e-06,7.19e-06,6.59e-06,7.02e-06,7.2e-06
craig,1.755e-05,1.741e-05,1.791e-05,1.856e-05,1.883e-05,1.726e-05,1.771e-05,1.797e-05,1.748e-05
herself,8.35e-06,7.55e-06,7.33e-06,7.14e-06,6.96e-06,7.4e-06,8.03e-06,7.02e-06,7.95e-06
producing,4.773e-05,4.679e-05,4.54e-05,4.568e-05,4.522e-05,4.603e-05,4.614e-05,4.668e-05,4.726e-05
churches,7.49e-06,7.97e-06,7.33e-06,7.34e-06,7.78e-06,8.42e-06,8.65e-06,8.26e-06,7.73e-06
precision,8.069e-05,8.519e-05,8.57e-05,8.749e-05,8.636e-05,8.671e-05,8.424e-05,8.779e-05,8.294e-05
damages,2.14e-06,2.1e-06,2.44e-06,2.45e-06,2.25e-06,2.05e-06,2.47e-06,2.27e-06,2.12e-06
reserves,1.07e-05,8.81e-06,8.55e-06,8.77e-06,8.19e-06,8.22e-06,8.24e-06,8.26e-06,9.76e-06
contributed,8.24e-05,8.288e-05,8.285e-05,8.117e-05,7.919e-05,7.952e-05,8.238e-05,8.345e-05,8.264e-05
solve,0.00013013,0.00013072,0.00012886,0.00013133,0.00013117,0.00013212,0.00013017,0.00013241,0.00013042
shorts,5.35e-06,5.25e-06,5.29e-06,5.1e-06,5.12e-06,6.16e-06,5.97e-06,6.4e-06,5.3e-06
reproduction,1.734e-05,1.637e-05,1.547e-05,1.611e-05,1.596e-05,1.562e-05,1.565e-05,1.673e-05,1.686e-05
minority,4.49e-06,6.08e-06,6.92e-06,7.14e-06,7.16e-06,8.01e-06,8.03e-06,7.85e-06,5.29e-06
td,3.85e-06,2.52e-06,2.24e-06,2.04e-06,2.05e-06,1.85e-06,1.85e-06,2.07e-06,3.18e-06
diverse,3.339e-05,3.42e-05,3.339e-05,3.385e-05,3.561e-05,3.493e-05,3.481e-05,3.656e-05,3.379e-05
amp,2.35e-06,2.52e-06,2.24e-06,2.45e-06,2.46e-06,2.47e-06,2.47e-06,2.48e-06,2.43e-06
ingredients,6.63e-06,6.92e-06,6.92e-06,6.93e-06,6.96e-06,6.58e-06,6.59e-06,7.02e-06,6.78e-06
sb,1.93e-06,1.68e-06,2.04e-06,2.04e-06,2.05e-06,2.05e-06,2.06e-06,1.86e-06,1.81e-06
ah,3.21e-06,4.2e-06,3.87e-06,4.49e-06,4.71e-06,4.52e-06,4.12e-06,4.75e-06,3.71e-06
johnny,7.92e-06,8.39e-06,9.16e-06,9.38e-06,9.41e-06,9.25e-06,9.89e-06,9.5e-06,8.15e-06
sole,9.85e-06,1.049e-05,9.77e-06,9.58e-06,9.62e-06,9.04e-06,9.68e-06,1.033e-05,1.017e-05
franchise,1.52e-05,1.7e-05,1.975e-05,2.06e-05,2.149e-05,2.24e-05,2.389e-05,2.396e-05,1.61e-05
recorder,2.35e-06,2.31e-06,2.24e-06,2.65e-06,2.46e-06,2.47e-06,2.47e-06,2.48e-06,2.33e-06
complaints,1.5e-06,1.47e-06,1.63e-06,2.24e-06,2.25e-06,2.05e-06,2.47e-06,2.48e-06,1.48e-06
facing,1.113e-05,1.112e-05,1.201e-05,1.468e-05,1.473e-05,1.377e-05,1.318e-05,1.384e-05,1.112e-05
sm,3.21e-06,3.15e-06,2.85e-06,2.65e-06,2.86e-06,2.88e-06,2.27e-06,2.48e-06,3.18e-06
nancy,1.006e-05,1.07e-05,1.16e-05,1.101e-05,1.126e-05,1.151e-05,1.133e-05,1.157e-05,1.038e-05
promotions,1.28e-06,1.47e-06,1.63e-06,1.63e-06,1.64e-06,1.44e-06,1.44e-06,1.86e-06,1.37e-06
tones,1.113e-05,1.196e-05,1.201e-05,1.183e-05,1.187e-05,1.13e-05,1.174e-05,1.095e-05,1.155e-05
passion,5.99e-06,5.67e-06,5.7e-06,5.3e-06,5.32e-06,4.93e-06,4.94e-06,4.75e-06,5.83e-06
rehabilitation,1.93e-06,2.1e-06,2.85e-06,2.86e-06,2.86e-06,2.88e-06,2.88e-06,2.89e-06,2.02e-06
maintaining,2.247e-05,2.098e-05,2.117e-05,2.141e-05,2.19e-05,2.116e-05,2.183e-05,2.293e-05,2.172e-05
sight,1.712e-05,1.679e-05,1.588e-05,1.652e-05,1.658e-05,1.664e-05,1.668e-05,1.673e-05,1.695e-05
laid,1.99e-05,2.035e-05,1.893e-05,1.856e-05,1.883e-05,1.849e-05,1.957e-05,2.169e-05,2.013e-05
clay,2.333e-05,2.161e-05,2.056e-05,2.019e-05,1.944e-05,1.87e-05,1.812e-05,1.776e-05,2.247e-05
defence,1.905e-05,2.287e-05,2.239e-05,2.101e-05,2.087e-05,2.096e-05,1.895e-05,1.9e-05,2.096e-05
patches,1.156e-05,1.28e-05,1.303e-05,1.305e-05,1.289e-05,1.294e-05,1.236e-05,1.239e-05,1.218e-05
weak,8.861e-05,8.896e-05,8.754e-05,8.79e-05,8.82e-05,8.979e-05,9.083e-05,9.068e-05,8.878e-05
refund,0.0,0.0,2e-07,2e-07,2e-07,0.0,0.0,0.0,0.0
usc,9.63e-06,1.028e-05,1.038e-05,9.79e-06,9.82e-06,9.86e-06,9.68e-06,7.64e-06,9.95e-06
towns,7.7e-06,7.55e-06,7.53e-06,7.34e-06,7.37e-06,7.4e-06,7.62e-06,7.23e-06,7.63e-06
environments,3.852e-05,3.882e-05,3.909e-05,3.895e-05,3.909e-05,3.945e-05,3.851e-05,4.069e-05,3.867e-05
trembl,0.0,0.0,0.0,0.0,0.0,0.0,0.0,0.0,0.0
divided,0.00011279,0.00011099,0.00010911,0.00011033,0.00010969,0.00011198,0.00011081,0.00011217,0.00011189
blvd,0.0,0.0,2e-07,0.0,0.0,0.0,0.0,0.0,0.0
reception,1.391e-05,1.427e-05,1.506e-05,1.611e-05,1.658e-05,1.808e-05,1.833e-05,1.859e-05,1.409e-05
amd,7.28e-06,7.55e-06,8.14e-06,9.18e-06,8.19e-06,8.84e-06,9.47e-06,9.71e-06,7.41e-06
wise,2.354e-05,2.371e-05,2.504e-05,2.447e-05,2.374e-05,2.486e-05,2.451e-05,2.499e-05,2.363e-05
emails,5.99e-06,5.87e-06,6.51e-06,6.73e-06,6.96e-06,5.75e-06,5.77e-06,5.78e-06,5.93e-06
cyprus,4.07e-06,4.2e-06,3.87e-06,3.87e-06,5.12e-06,4.93e-06,5.15e-06,5.16e-06,4.14e-06
wv,4.3e-07,4.2e-07,4.1e-07,4.1e-07,6.1e-07,6.2e-07,6.2e-07,1.24e-06,4.3e-07
odds,1.691e-05,1.741e-05,1.751e-05,1.448e-05,1.432e-05,1.418e-05,1.298e-05,1.26e-05,1.716e-05
correctly,3.446e-05,3.504e-05,3.359e-05,3.589e-05,3.356e-05,3.411e-05,3.316e-05,3.346e-05,3.475e-05
insider,1.93e-06,1.89e-06,1.22e-06,1.22e-06,1.23e-06,1.44e-06,1.44e-06,1.65e-06,1.91e-06
seminars,7.92e-06,7.55e-06,7.74e-06,6.53e-06,6.75e-06,6.99e-06,6.8e-06,7.02e-06,7.73e-06
consequences,2.718e-05,2.749e-05,2.769e-05,2.774e-05,2.722e-05,2.753e-05,2.739e-05,2.747e-05,2.734e-05
makers,1.37e-05,1.322e-05,1.181e-05,1.244e-05,1.126e-05,1.13e-05,1.153e-05,1.177e-05,1.346e-05
hearts,5.14e-06,5.46e-06,5.29e-06,4.28e-06,4.5e-06,4.31e-06,4.33e-06,4.75e-06,5.3e-06
geography,3.21e-05,3.168e-05,3.42e-05,3.467e-05,3.602e-05,3.596e-05,3.501e-05,3.512e-05,3.189e-05
appearing,4.174e-05,4.133e-05,4.194e-05,4.221e-05,4.134e-05,4.315e-05,4.408e-05,4.4e-05,4.154e-05
integrity,2.568e-05,2.497e-05,2.463e-05,2.488e-05,2.476e-05,2.486e-05,2.513e-05,2.603e-05,2.532e-05
worry,6.4e-07,6.3e-07,8.1e-07,8.2e-07,8.2e-07,8.2e-07,8.2e-07,6.2e-07,6.4e-07
ns,4.92e-06,4.2e-06,4.28e-06,3.87e-06,3.48e-06,3.29e-06,1.85e-06,1.45e-06,4.56e-06
discrimination,1.07e-05,1.049e-05,1.079e-05,1.081e-05,1.085e-05,1.068e-05,1.05e-05,1.053e-05,1.059e-05
eve,4.49e-06,4.2e-06,4.89e-06,4.89e-06,4.91e-06,4.93e-06,5.15e-06,4.96e-06,4.34e-06
carter,8.35e-06,8.39e-06,7.53e-06,7.34e-06,6.34e-06,6.37e-06,6.38e-06,6.4e-06,8.37e-06
legacy,2.226e-05,2.119e-05,2.056e-05,1.999e-05,1.842e-05,1.973e-05,1.957e-05,2.066e-05,2.172e-05
marc,2.418e-05,2.371e-05,2.484e-05,2.529e-05,2.415e-05,2.404e-05,2.224e-05,2.148e-05,2.395e-05
pleased,4.3e-07,8.4e-07,1.02e-06,1.02e-06,1.02e-06,1.03e-06,1.03e-06,1.03e-06,6.4e-07
danger,8.13e-06,8.18e-06,7.94e-06,6.93e-06,6.75e-06,6.58e-06,5.97e-06,6.61e-06,8.15e-06
vitamin,1.5e-06,1.68e-06,1.43e-06,1.43e-06,2.05e-06,2.05e-06,1.24e-06,1.24e-06,1.59e-06
widely,0.00022665,0.00023122,0.0002337,0.00023351,0.00023717,0.00023978,0.00024015,0.00024334,0.00022893
processed,1.969e-05,2.035e-05,2.015e-05,2.039e-05,1.965e-05,1.89e-05,1.977e-05,1.921e-05,2.002e-05
phrase,5.415e-05,5.35e-05,5.334e-05,5.404e-05,5.341e-05,5.301e-05,5.19e-05,5.164e-05,5.383e-05
genuine,6.21e-06,5.87e-06,5.7e-06,6.12e-06,6.75e-06,6.37e-06,6.59e-06,6.4e-06,6.04e-06
raising,1.156e-05,1.091e-05,1.099e-05,1.081e-05,1.126e-05,1.11e-05,1.092e-05,1.095e-05,1.124e-05
implications,2.761e-05,2.77e-05,2.667e-05,2.549e-05,2.66e-05,2.712e-05,2.822e-05,2.851e-05,2.765e-05
functionality,2.718e-05,2.728e-05,2.789e-05,2.814e-05,2.804e-05,2.815e-05,2.76e-05,2.809e-05,2.723e-05
paradise,3.85e-06,3.78e-06,3.66e-06,3.87e-06,3.89e-06,3.9e-06,3.91e-06,4.13e-06,3.81e-06
hybrid,3.617e-05,3.609e-05,3.44e-05,3.426e-05,3.54e-05,3.719e-05,3.645e-05,3.739e-05,3.613e-05
reads,2.183e-05,2.161e-05,2.361e-05,2.264e-05,2.292e-05,2.301e-05,2.204e-05,2.148e-05,2.172e-05
roles,2.847e-05,2.958e-05,2.993e-05,3.1e-05,3.049e-05,3.061e-05,3.192e-05,3.532e-05,2.903e-05
intermediate,4.687e-05,4.721e-05,4.865e-05,4.731e-05,4.563e-05,4.603e-05,4.675e-05,4.565e-05,4.704e-05
emotional,9.42e-06,9.86e-06,9.16e-06,9.58e-06,1.003e-05,1.007e-05,1.03e-05,9.71e-06,9.64e-06
sons,4.345e-05,4.364e-05,4.173e-05,4.201e-05,4.154e-05,4.233e-05,4.222e-05,4.131e-05,4.355e-05
leaf,1.798e-05,1.888e-05,1.751e-05,1.815e-05,1.842e-05,1.911e-05,1.977e-05,1.962e-05,1.843e-05
pad,7.49e-06,7.34e-06,6.72e-06,6.93e-06,6.96e-06,6.99e-06,8.24e-06,8.26e-06,7.42e-06
glory,3.85e-06,3.57e-06,3.46e-06,3.67e-06,3.68e-06,3.7e-06,3.3e-06,3.1e-06,3.71e-06
platforms,3.617e-05,3.609e-05,3.746e-05,3.916e-05,3.724e-05,3.822e-05,3.893e-05,4.111e-05,3.613e-05
ja,3.64e-06,3.78e-06,4.28e-06,3.67e-06,3.68e-06,3.9e-06,3.09e-06,2.89e-06,3.71e-06
bigger,1.113e-05,1.175e-05,1.12e-05,1.162e-05,1.105e-05,1.11e-05,1.133e-05,1.095e-05,1.144e-05
billing,1.93e-06,1.47e-06,1.22e-06,1.22e-06,1.23e-06,1.23e-06,1.24e-06,1.45e-06,1.7e-06
diesel,3e-06,2.94e-06,2.24e-06,2.86e-06,2.25e-06,2.26e-06,1.85e-06,1.45e-06,2.97e-06
versus,2.718e-05,2.644e-05,2.626e-05,2.59e-05,2.578e-05,2.692e-05,2.554e-05,2.685e-05,2.681e-05
combine,2.975e-05,2.979e-05,2.952e-05,2.977e-05,3.049e-05,2.918e-05,2.986e-05,3.037e-05,2.977e-05
overnight,1.71e-06,1.26e-06,1.02e-06,8.2e-07,8.2e-07,8.2e-07,8.2e-07,8.3e-07,1.48e-06
geographic,4.751e-05,4.931e-05,5.11e-05,5.302e-05,5.73e-05,5.835e-05,5.932e-05,6.135e-05,4.841e-05
exceed,1.199e-05,1.196e-05,1.221e-05,1.162e-05,1.146e-05,1.13e-05,1.236e-05,1.239e-05,1.197e-05
bs,1.092e-05,1.07e-05,1.038e-05,1.06e-05,1.044e-05,1.048e-05,1.05e-05,1.033e-05,1.081e-05
rod,2.269e-05,2.308e-05,2.26e-05,2.141e-05,2.087e-05,2.034e-05,2.121e-05,2.169e-05,2.289e-05
saudi,4.28e-06,5.04e-06,6.51e-06,5.91e-06,5.53e-06,5.14e-06,5.15e-06,5.16e-06,4.66e-06
fault,2.568e-05,2.56e-05,2.667e-05,2.692e-05,2.578e-05,2.383e-05,2.369e-05,2.334e-05,2.564e-05
cuba,4.92e-06,4.83e-06,5.09e-06,5.1e-06,4.91e-06,4.73e-06,5.15e-06,4.75e-06,4.87e-06
hrs,2.1e-07,2.1e-07,2e-07,4.1e-07,4.1e-07,4.1e-07,4.1e-07,4.1e-07,2.1e-07
preliminary,9.2e-06,8.18e-06,8.14e-06,8.57e-06,8.19e-06,8.01e-06,7.83e-06,8.26e-06,8.69e-06
districts,5.78e-06,6.08e-06,6.31e-06,7.14e-06,7.37e-06,7.81e-06,7.83e-06,6.82e-06,5.93e-06
introduce,2.29e-05,2.392e-05,2.565e-05,2.57e-05,2.538e-05,2.548e-05,2.554e-05,2.561e-05,2.341e-05
silk,8.56e-06,8.6e-06,8.96e-06,8.16e-06,8.59e-06,8.63e-06,7.41e-06,7.44e-06,8.58e-06
promotional,3.64e-06,3.57e-06,3.87e-06,3.87e-06,4.3e-06,4.11e-06,3.91e-06,3.92e-06,3.61e-06
kate,4.28e-06,3.78e-06,4.68e-06,4.69e-06,4.71e-06,4.93e-06,4.94e-06,5.16e-06,4.03e-06
chevrolet,2.1e-07,2.1e-07,2e-07,2e-07,2e-07,2.1e-07,2.1e-07,2.1e-07,2.1e-07
babies,2.14e-06,1.89e-06,2.04e-06,2.65e-06,2.66e-06,1.03e-06,1.24e-06,1.24e-06,2.01e-06
bi,2.44e-05,2.371e-05,2.28e-05,2.366e-05,2.312e-05,2.157e-05,2.224e-05,2.21e-05,2.405e-05
karen,7.06e-06,8.39e-06,8.75e-06,8.57e-06,9e-06,9.04e-06,8.86e-06,8.68e-06,7.72e-06
compiled,2.204e-05,2.266e-05,2.199e-05,2.304e-05,2.251e-05,2.281e-05,2.224e-05,2.272e-05,2.235e-05
romantic,1.177e-05,1.154e-05,1.12e-05,1.142e-05,1.126e-05,1.192e-05,1.195e-05,1.239e-05,1.165e-05
revealed,2.996e-05,3e-05,3.094e-05,3.161e-05,3.151e-05,3.082e-05,3.069e-05,3.099e-05,2.998e-05
specialists,5.14e-06,5.67e-06,6.11e-06,6.12e-06,6.14e-06,6.16e-06,6.18e-06,6.61e-06,5.4e-06
generator,5.821e-05,5.77e-05,5.72e-05,5.751e-05,5.689e-05,5.712e-05,5.623e-05,5.619e-05,5.795e-05
albert,6.72e-05,6.987e-05,7.166e-05,7.423e-05,7.49e-05,7.602e-05,7.435e-05,7.457e-05,6.853e-05
examine,1.263e-05,1.28e-05,1.262e-05,1.224e-05,1.228e-05,1.212e-05,1.215e-05,1.198e-05,1.271e-05
jimmy,4.92e-06,4.83e-06,5.09e-06,4.69e-06,4.71e-06,4.73e-06,4.53e-06,4.75e-06,4.87e-06
graham,3.168e-05,3.189e-05,3.115e-05,2.896e-05,2.926e-05,2.918e-05,2.945e-05,3.016e-05,3.179e-05
suspension,1.156e-05,1.028e-05,9.98e-06,1.02e-05,9.62e-06,1.027e-05,1.03e-05,1.074e-05,1.092e-05
bristol,1.391e-05,1.49e-05,1.588e-05,1.55e-05,1.637e-05,1.685e-05,1.586e-05,1.591e-05,1.441e-05
margaret,1.455e-05,1.553e-05,1.751e-05,1.815e-05,1.801e-05,1.87e-05,1.895e-05,1.921e-05,1.504e-05
compaq,2.14e-06,2.31e-06,2.04e-06,1.84e-06,1.84e-06,1.85e-06,1.85e-06,1.86e-06,2.22e-06
sad,5.35e-06,3.99e-06,4.28e-06,4.08e-06,4.3e-06,4.31e-06,4.33e-06,4.13e-06,4.67e-06
correction,5.458e-05,5.686e-05,6.046e-05,6.016e-05,6.18e-05,5.959e-05,6.035e-05,6.218e-05,5.572e-05
wolf,2.183e-05,2.245e-05,2.3e-05,2.406e-05,2.415e-05,2.281e-05,2.286e-05,2.355e-05,2.214e-05
slowly,1.883e-05,1.867e-05,1.791e-05,1.897e-05,1.985e-05,2.034e-05,1.895e-05,1.797e-05,1.875e-05
authentication,6.078e-05,6.085e-05,5.924e-05,5.935e-05,5.791e-05,5.774e-05,5.808e-05,5.66e-05,6.081e-05
communicate,2.825e-05,2.874e-05,2.789e-05,2.855e-05,2.926e-05,2.856e-05,2.822e-05,2.727e-05,2.849e-05
rugby,7.49e-06,7.97e-06,8.14e-06,7.95e-06,7.98e-06,7.81e-06,7.62e-06,7.02e-06,7.73e-06
supplement,1.199e-05,1.238e-05,1.283e-05,1.183e-05,1.187e-05,1.274e-05,1.277e-05,1.26e-05,1.218e-05
showtimes,0.0,0.0,0.0,0.0,0.0,0.0,0.0,0.0,0.0
cal,4.07e-06,3.78e-06,3.87e-06,3.67e-06,3.89e-06,3.9e-06,4.12e-06,4.13e-06,3.92e-06
portions,1.241e-05,1.301e-05,1.364e-05,1.264e-05,1.248e-05,1.253e-05,1.256e-05,1.26e-05,1.271e-05
infant,4.28e-06,3.78e-06,3.87e-06,3.67e-06,3.68e-06,3.7e-06,3.5e-06,3.51e-06,4.03e-06
promoting,1.669e-05,1.679e-05,1.751e-05,1.815e-05,1.821e-05,1.849e-05,1.854e-05,1.983e-05,1.674e-05
sectors,1.092e-05,1.07e-05,1.079e-05,1.183e-05,1.269e-05,1.233e-05,1.277e-05,1.363e-05,1.081e-05
samuel,3.959e-05,4.154e-05,4.194e-05,4.303e-05,4.256e-05,4.171e-05,4.037e-05,4.007e-05,4.057e-05
fluid,0.00016887,0.00017289,0.00017446,0.00017498,0.00017701,0.00018225,0.00018248,0.00018157,0.00017088
grounds,8.99e-06,8.81e-06,8.96e-06,8.36e-06,7.78e-06,8.22e-06,8.24e-06,7.64e-06,8.9e-06
fits,1.049e-05,1.007e-05,1.059e-05,1.04e-05,1.064e-05,1.068e-05,1.05e-05,1.053e-05,1.028e-05
kick,1.5e-06,1.47e-06,1.43e-06,1.43e-06,1.84e-06,1.23e-06,1.24e-06,1.24e-06,1.48e-06
regards,8.35e-06,8.6e-06,8.35e-06,8.57e-06,9e-06,9.45e-06,9.89e-06,9.92e-06,8.47e-06
meal,1.5e-06,1.68e-06,1.43e-06,1.43e-06,1.43e-06,1.03e-06,1.03e-06,1.03e-06,1.59e-06
ta,5.99e-06,5.87e-06,5.5e-06,4.89e-06,4.5e-06,3.7e-06,3.91e-06,3.1e-06,5.93e-06
hurt,1.5e-06,1.47e-06,1.63e-06,1.63e-06,1.64e-06,1.64e-06,1.65e-06,1.65e-06,1.48e-06
machinery,3.189e-05,3.147e-05,3.115e-05,3.141e-05,3.151e-05,3e-05,3.007e-05,2.995e-05,3.168e-05
bandwidth,5.543e-05,5.287e-05,5.374e-05,5.425e-05,5.443e-05,5.465e-05,5.293e-05,5.226e-05,5.415e-05
unlike,0.00010851,0.00010806,0.00010871,0.00010849,0.00011071,0.00010951,0.00011039,0.00011113,0.00010829
equation,0.00061233,0.00061518,0.00061214,0.00061752,0.00061678,0.00062894,0.00062941,0.00063169,0.00061376
baskets,6.4e-07,6.3e-07,6.1e-07,8.2e-07,8.2e-07,1.23e-06,1.03e-06,1.03e-06,6.4e-07
probability,0.00057723,0.00058287,0.00059056,0.00058101,0.00058444,0.000586,0.00058081,0.00058252,0.00058005
pot,2.35e-06,2.52e-06,2.04e-06,2.04e-06,2.05e-06,1.85e-06,2.06e-06,2.07e-06,2.43e-06
dimension,0.00027973,0.00028178,0.00028683,0.00028796,0.0002914,0.00029629,0.00030235,0.00030283,0.00028075
wright,2.097e-05,1.972e-05,1.873e-05,1.978e-05,2.046e-05,1.973e-05,1.915e-05,1.9e-05,2.035e-05
img,8.6e-07,1.47e-06,1.22e-06,1.02e-06,1.02e-06,4.1e-07,4.1e-07,4.1e-07,1.16e-06
barry,1.669e-05,1.762e-05,1.73e-05,1.835e-05,1.801e-05,1.767e-05,1.812e-05,1.859e-05,1.716e-05
proven,7.619e-05,7.49e-05,7.634e-05,7.811e-05,8.001e-05,8.054e-05,8.218e-05,8.407e-05,7.554e-05
schedules,5.78e-06,6.08e-06,5.9e-06,5.71e-06,5.73e-06,5.75e-06,5.77e-06,5.58e-06,5.93e-06
admissions,1.71e-06,2.1e-06,1.43e-06,1.43e-06,1.84e-06,1.85e-06,1.65e-06,1.24e-06,1.9e-06
cached,1.28e-06,1.26e-06,1.22e-06,1.22e-06,1.23e-06,1.44e-06,1.24e-06,1.24e-06,1.27e-06
warren,1.434e-05,1.448e-05,1.405e-05,1.407e-05,1.392e-05,1.336e-05,1.359e-05,1.384e-05,1.441e-05
slip,9.2e-06,1.007e-05,9.36e-06,9.38e-06,9e-06,9.25e-06,9.47e-06,9.5e-06,9.64e-06
studied,0.00033238,0.00033235,0.00033101,0.00032609,0.00032783,0.00032854,0.00032604,0.00032369,0.00033236
reviewer,3.85e-06,4.41e-06,4.68e-06,4.89e-06,4.3e-06,4.11e-06,3.5e-06,3.92e-06,4.13e-06
involves,0.00010081,0.0001026,0.00010504,0.0001087,0.00010764,0.00010767,0.00010751,0.00011072,0.00010171
quarterly,3.596e-05,3.525e-05,3.624e-05,3.61e-05,3.499e-05,3.472e-05,3.357e-05,3.346e-05,3.561e-05
rpm,3e-06,2.94e-06,2.85e-06,3.06e-06,3.07e-06,3.29e-06,3.3e-06,3.1e-06,2.97e-06
profits,8.56e-06,8.81e-06,8.75e-06,9.58e-06,9.62e-06,1.048e-05,1.05e-05,1.033e-05,8.68e-06
devil,1.22e-05,1.007e-05,9.77e-06,1.02e-05,9.21e-06,9.25e-06,9.89e-06,9.3e-06,1.114e-05
grass,3e-06,2.52e-06,2.04e-06,1.84e-06,1.64e-06,1.64e-06,1.44e-06,1.86e-06,2.76e-06
comply,4.28e-06,3.99e-06,3.66e-06,4.08e-06,4.09e-06,4.52e-06,4.74e-06,4.34e-06,4.14e-06
marie,3.895e-05,4.133e-05,4.255e-05,4.221e-05,4.236e-05,4.274e-05,4.511e-05,4.441e-05,4.014e-05
florist,0.0,0.0,0.0,0.0,0.0,0.0,0.0,0.0,0.0
illustrated,2.932e-05,2.979e-05,3.074e-05,3.018e-05,3.09e-05,3.123e-05,3.028e-05,2.995e-05,2.956e-05
cherry,7.49e-06,7.76e-06,7.74e-06,7.95e-06,7.78e-06,8.01e-06,7.83e-06,8.68e-06,7.63e-06
continental,1.669e-05,1.637e-05,1.629e-05,1.713e-05,1.719e-05,1.726e-05,1.751e-05,1.776e-05,1.653e-05
alternate,3.403e-05,3.441e-05,3.481e-05,3.569e-05,3.52e-05,3.431e-05,3.316e-05,3.243e-05,3.422e-05
deutsch,4.92e-06,5.87e-06,6.11e-06,5.1e-06,5.12e-06,5.75e-06,5.77e-06,5.78e-06,5.4e-06
achievement,3.574e-05,3.798e-05,3.827e-05,3.752e-05,3.602e-05,3.514e-05,3.563e-05,3.491e-05,3.686e-05
limitations,2.975e-05,2.707e-05,2.809e-05,2.855e-05,2.865e-05,2.979e-05,3.069e-05,3.099e-05,2.841e-05
kenya,2.57e-06,2.73e-06,3.05e-06,2.86e-06,2.86e-06,2.88e-06,2.88e-06,2.69e-06,2.65e-06
webcam,4.3e-07,4.2e-07,4.1e-07,4.1e-07,4.1e-07,4.1e-07,4.1e-07,4.1e-07,4.3e-07
cuts,1.755e-05,1.825e-05,1.812e-05,1.733e-05,1.78e-05,1.788e-05,1.812e-05,1.735e-05,1.79e-05
funeral,3e-06,2.73e-06,2.85e-06,3.06e-06,3.07e-06,2.88e-06,2.47e-06,2.27e-06,2.87e-06
nutten,0.0,0.0,0.0,0.0,0.0,0.0,0.0,0.0,0.0
earrings,0.0,0.0,0.0,0.0,0.0,0.0,0.0,0.0,0.0
enjoyed,7.7e-06,7.34e-06,6.72e-06,6.32e-06,6.75e-06,6.16e-06,6.18e-06,5.58e-06,7.52e-06
automated,6.442e-05,6.127e-05,6.148e-05,6.22e-05,6.303e-05,6.411e-05,6.447e-05,6.486e-05,6.284e-05
chapters,2.568e-05,2.539e-05,2.545e-05,2.508e-05,2.497e-05,2.548e-05,2.492e-05,2.438e-05,2.553e-05
pee,0.0,0.0,0.0,0.0,0.0,0.0,2.1e-07,2.1e-07,0.0
charlie,7.92e-06,7.76e-06,7.33e-06,7.34e-06,7.78e-06,8.22e-06,8.03e-06,7.02e-06,7.84e-06
quebec,1.07e-05,1.175e-05,1.221e-05,1.264e-05,1.31e-05,1.253e-05,1.277e-05,1.322e-05,1.122e-05
nipples,0.0,0.0,0.0,0.0,0.0,0.0,0.0,0.0,0.0
passenger,8.99e-06,8.6e-06,9.16e-06,9.18e-06,9.41e-06,9.86e-06,1.05e-05,1.033e-05,8.79e-06
convenient,3.189e-05,3.315e-05,3.4e-05,3.202e-05,3.151e-05,2.979e-05,2.883e-05,2.954e-05,3.252e-05
dennis,2.14e-05,2.266e-05,2.117e-05,2.182e-05,2.108e-05,2.014e-05,1.977e-05,2.024e-05,2.203e-05
mars,1.841e-05,1.951e-05,1.791e-05,1.611e-05,1.637e-05,1.664e-05,1.689e-05,1.715e-05,1.896e-05
francis,4.43e-05,4.238e-05,4.295e-05,4.262e-05,4.277e-05,4.376e-05,4.346e-05,4.379e-05,4.334e-05
tvs,2.14e-06,2.52e-06,2.65e-06,4.69e-06,4.5e-06,4.73e-06,4.53e-06,4.96e-06,2.33e-06
sized,2.076e-05,2.035e-05,1.995e-05,2.08e-05,2.128e-05,2.096e-05,2.08e-05,2.045e-05,2.056e-05
manga,4.07e-06,4.2e-06,4.48e-06,4.49e-06,4.71e-06,4.73e-06,4.53e-06,4.54e-06,4.14e-06
noticed,8.99e-06,8.81e-06,8.75e-06,8.77e-06,8.59e-06,8.42e-06,8.03e-06,8.06e-06,8.9e-06
socket,3.85e-06,3.99e-06,3.66e-06,3.06e-06,3.07e-06,3.49e-06,3.3e-06,3.31e-06,3.92e-06
silent,3.424e-05,3.651e-05,3.827e-05,3.895e-05,4.113e-05,4.212e-05,4.202e-05,4.214e-05,3.537e-05
literary,2.804e-05,2.749e-05,2.626e-05,2.733e-05,2.517e-05,2.548e-05,2.575e-05,2.541e-05,2.776e-05
egg,1.562e-05,1.469e-05,1.445e-05,1.468e-05,1.473e-05,1.479e-05,1.462e-05,1.549e-05,1.515e-05
mhz,3.85e-06,3.78e-06,4.07e-06,4.49e-06,4.5e-06,4.73e-06,4.94e-06,4.75e-06,3.81e-06
signals,0.00013227,0.00013365,0.00013375,0.00013235,0.0001324,0.0001354,0.00013944,0.00014274,0.00013296
caps,6.42e-06,5.87e-06,5.29e-06,5.51e-06,5.53e-06,5.96e-06,5.97e-06,5.78e-06,6.14e-06
orientation,6.164e-05,6.336e-05,6.494e-05,6.444e-05,6.426e-05,6.472e-05,6.776e-05,6.775e-05,6.25e-05
pill,2.78e-06,2.73e-06,2.65e-06,2.65e-06,2.66e-06,2.67e-06,2.68e-06,2.69e-06,2.75e-06
theft,6.42e-06,6.5e-06,6.72e-06,8.16e-06,8.8e-06,8.84e-06,8.03e-06,7.85e-06,6.46e-06
childhood,1.113e-05,1.112e-05,1.099e-05,1.06e-05,1.044e-05,1.007e-05,1.03e-05,1.095e-05,1.112e-05
swing,1.027e-05,9.44e-06,9.57e-06,9.18e-06,9e-06,8.84e-06,8.86e-06,8.68e-06,9.85e-06
symbols,0.00024292,0.00023583,0.00023859,0.00024085,0.00024577,0.00024101,0.00024097,0.00024561,0.00023938
lat,3.64e-06,3.15e-06,2.85e-06,2.86e-06,2.86e-06,2.88e-06,2.47e-06,2.69e-06,3.39e-06
meta,2.568e-05,2.644e-05,2.626e-05,2.549e-05,2.988e-05,3.041e-05,2.904e-05,2.913e-05,2.606e-05
humans,4.409e-05,4.574e-05,4.601e-05,4.792e-05,4.85e-05,4.931e-05,4.943e-05,4.896e-05,4.491e-05
analog,8.368e-05,8.498e-05,8.285e-05,8.157e-05,8.267e-05,8.548e-05,8.527e-05,8.325e-05,8.433e-05
facial,1.199e-05,1.196e-05,9.16e-06,8.97e-06,1.064e-05,9.86e-06,1.03e-05,1.053e-05,1.197e-05
choosing,2.975e-05,2.958e-05,2.891e-05,3.018e-05,2.885e-05,2.979e-05,3.11e-05,3.078e-05,2.967e-05
talent,9.42e-06,9.23e-06,9.16e-06,9.38e-06,9.82e-06,9.04e-06,9.47e-06,9.3e-06,9.32e-06
dated,2.461e-05,2.434e-05,2.382e-05,2.325e-05,2.251e-05,2.157e-05,2.08e-05,2.086e-05,2.447e-05
flexibility,1.455e-05,1.448e-05,1.425e-05,1.448e-05,1.412e-05,1.397e-05,1.442e-05,1.487e-05,1.451e-05
seeker,6.4e-07,8.4e-07,4.1e-07,4.1e-07,4.1e-07,4.1e-07,2.1e-07,2.1e-07,7.4e-07
wisdom,7.92e-06,7.34e-06,7.94e-06,7.75e-06,7.78e-06,8.01e-06,7.83e-06,7.85e-06,7.63e-06
shoot,2.14e-06,1.89e-06,1.63e-06,2.24e-06,2.46e-06,2.67e-06,3.09e-06,3.1e-06,2.01e-06
boundary,0.00016972,0.00017121,0.00016917,0.00017029,0.00016944,0.0001691,0.00016683,0.00016402,0.00017047
mint,3.85e-06,4.2e-06,3.87e-06,4.28e-06,4.3e-06,4.11e-06,3.5e-06,3.51e-06,4.02e-06
packard,7.28e-06,7.97e-06,7.74e-06,7.34e-06,6.55e-06,6.37e-06,6.18e-06,5.99e-06,7.62e-06
offset,2.29e-05,2.308e-05,2.341e-05,2.366e-05,2.374e-05,2.383e-05,2.266e-05,2.272e-05,2.299e-05
payday,0.0,0.0,0.0,0.0,0.0,0.0,0.0,0.0,0.0
philip,3.724e-05,3.798e-05,3.97e-05,3.854e-05,3.806e-05,3.74e-05,3.707e-05,3.615e-05,3.761e-05
elite,3.64e-06,3.99e-06,3.26e-06,3.26e-06,3.27e-06,3.29e-06,3.3e-06,2.89e-06,3.81e-06
gi,3.21e-06,2.94e-06,3.05e-06,3.06e-06,3.07e-06,2.88e-06,3.3e-06,3.1e-06,3.08e-06
spin,9.653e-05,9.589e-05,9.873e-05,9.748e-05,9.966e-05,9.904e-05,0.00010071,0.00010101,9.621e-05
holders,4.92e-06,4.41e-06,4.89e-06,4.89e-06,5.12e-06,4.93e-06,4.74e-06,5.16e-06,4.67e-06
believes,1.113e-05,1.07e-05,1.059e-05,1.02e-05,9.82e-06,9.66e-06,9.06e-06,8.88e-06,1.091e-05
swedish,6.185e-05,6.148e-05,6.229e-05,6.302e-05,6.405e-05,6.287e-05,6.405e-05,6.507e-05,6.166e-05
poems,6.63e-06,6.92e-06,7.33e-06,7.34e-06,7.98e-06,8.01e-06,7.41e-06,7.64e-06,6.78e-06
deadline,3.42e-06,3.78e-06,3.87e-06,4.08e-06,4.3e-06,4.31e-06,4.33e-06,4.34e-06,3.6e-06
jurisdiction,5.35e-06,6.5e-06,6.51e-06,6.93e-06,6.14e-06,5.96e-06,6.8e-06,6.82e-06,5.93e-06
robot,2.033e-05,2.077e-05,2.3e-05,2.141e-05,2.128e-05,2.075e-05,2.183e-05,2.231e-05,2.055e-05
displaying,1.284e-05,1.301e-05,1.303e-05,1.326e-05,1.31e-05,1.253e-05,1.359e-05,1.384e-05,1.293e-05
witness,5.99e-06,5.46e-06,4.89e-06,5.3e-06,5.73e-06,5.55e-06,5.35e-06,5.78e-06,5.73e-06
collins,1.52e-05,1.448e-05,1.364e-05,1.407e-05,1.392e-05,1.356e-05,1.359e-05,1.281e-05,1.484e-05
equipped,3.638e-05,3.777e-05,3.685e-05,3.712e-05,3.827e-05,3.801e-05,3.851e-05,3.78e-05,3.707e-05
stages,1.969e-05,1.867e-05,2.076e-05,2.039e-05,2.046e-05,2.055e-05,2.142e-05,2.21e-05,1.918e-05
encouraged,9.85e-06,9.65e-06,9.77e-06,9.58e-06,9.21e-06,9.04e-06,8.86e-06,8.68e-06,9.75e-06
sur,3.553e-05,3.672e-05,3.664e-05,3.671e-05,3.765e-05,3.657e-05,3.645e-05,3.45e-05,3.612e-05
winds,2.78e-06,2.73e-06,2.65e-06,2.45e-06,2.25e-06,2.26e-06,2.68e-06,2.89e-06,2.75e-06
powder,5.14e-06,5.25e-06,4.89e-06,4.28e-06,4.3e-06,4.11e-06,4.33e-06,4.13e-06,5.2e-06
broadway,1.177e-05,1.217e-05,1.242e-05,1.224e-05,1.269e-05,1.294e-05,1.256e-05,1.26e-05,1.197e-05
acquired,4.259e-05,4.175e-05,4.479e-05,4.527e-05,4.604e-05,4.664e-05,4.758e-05,4.854e-05,4.217e-05
assess,1.776e-05,1.867e-05,1.954e-05,1.978e-05,2.087e-05,2.116e-05,2.163e-05,2.21e-05,1.822e-05
wash,1.71e-06,1.47e-06,1.83e-06,1.63e-06,1.84e-06,1.85e-06,1.85e-06,1.86e-06,1.59e-06
cartridges,4.3e-07,2.1e-07,2e-07,2e-07,2e-07,2.1e-07,2.1e-07,4.1e-07,3.2e-07
stones,1.006e-05,8.39e-06,9.16e-06,9.18e-06,8.8e-06,8.42e-06,8.86e-06,9.09e-06,9.23e-06
entrance,1.092e-05,1.133e-05,1.018e-05,9.99e-06,9.82e-06,9.86e-06,9.68e-06,1.053e-05,1.112e-05
gnome,2.57e-06,3.15e-06,3.26e-06,3.67e-06,3.48e-06,3.7e-06,3.71e-06,3.92e-06,2.86e-06
roots,0.00010123,0.00010554,0.00010484,0.00010727,0.00010846,0.00011157,0.00011081,0.00011134,0.00010339
declaration,9.2e-06,8.18e-06,8.75e-06,9.79e-06,9.41e-06,9.25e-06,9.06e-06,9.09e-06,8.69e-06
losing,9.2e-06,9.44e-06,9.36e-06,9.18e-06,9.41e-06,9.86e-06,1.009e-05,9.71e-06,9.32e-06
attempts,6.121e-05,6.525e-05,6.311e-05,6.179e-05,6.057e-05,6.205e-05,6.138e-05,6.156e-05,6.323e-05
gadgets,1.5e-06,1.68e-06,2.04e-06,2.04e-06,1.84e-06,1.85e-06,2.06e-06,2.27e-06,1.59e-06
noble,7.92e-06,7.34e-06,7.53e-06,7.34e-06,7.16e-06,7.19e-06,7.83e-06,7.44e-06,7.63e-06
glasgow,2.226e-05,2.098e-05,2.199e-05,2.223e-05,2.231e-05,2.034e-05,2.018e-05,1.983e-05,2.162e-05
automation,2.183e-05,2.182e-05,2.158e-05,2.264e-05,2.128e-05,2.137e-05,2.266e-05,2.293e-05,2.183e-05
impacts,1.156e-05,1.175e-05,1.12e-05,1.06e-05,1.003e-05,1.089e-05,1.195e-05,1.053e-05,1.165e-05
rev,3.745e-05,3.378e-05,2.524e-05,1.591e-05,1.166e-05,1.192e-05,1.112e-05,1.053e-05,3.562e-05
gospel,2.14e-06,2.1e-06,2.04e-06,1.84e-06,2.05e-06,1.85e-06,1.65e-06,1.65e-06,2.12e-06
advantages,2.59e-05,2.497e-05,2.585e-05,2.631e-05,2.517e-05,2.507e-05,2.575e-05,2.623e-05,2.543e-05
shore,6.42e-06,6.08e-06,6.31e-06,6.12e-06,5.32e-06,5.75e-06,5.77e-06,5.58e-06,6.25e-06
loves,2.14e-06,2.31e-06,2.24e-06,2.24e-06,2.25e-06,2.26e-06,2.06e-06,2.07e-06,2.22e-06
induced,4.944e-05,5.099e-05,5.069e-05,5.119e-05,5.218e-05,5.219e-05,5.314e-05,5.35e-05,5.021e-05
ll,1.006e-05,1.007e-05,1.018e-05,8.36e-06,7.16e-06,6.99e-06,6.8e-06,6.61e-06,1.006e-05
knight,2.14e-05,2.329e-05,2.443e-05,2.406e-05,2.374e-05,2.363e-05,2.369e-05,2.376e-05,2.234e-05
preparing,7.28e-06,6.71e-06,6.92e-06,5.71e-06,5.93e-06,5.96e-06,5.56e-06,5.37e-06,6.99e-06
loose,8.99e-06,8.81e-06,8.35e-06,8.36e-06,8.39e-06,8.42e-06,8.86e-06,9.09e-06,8.9e-06
aims,5.072e-05,5.12e-05,5.232e-05,5.098e-05,5.484e-05,5.527e-05,5.561e-05,5.619e-05,5.096e-05
recipient,6.036e-05,5.938e-05,5.741e-05,5.425e-05,5.423e-05,5.486e-05,5.334e-05,5.164e-05,5.987e-05
linking,1.776e-05,1.72e-05,1.73e-05,1.754e-05,1.739e-05,1.685e-05,1.689e-05,1.673e-05,1.748e-05
extensions,6.207e-05,6.127e-05,5.924e-05,5.996e-05,5.873e-05,5.959e-05,6.035e-05,6.197e-05,6.167e-05
appeals,3.42e-06,2.94e-06,2.85e-06,2.65e-06,2.86e-06,3.29e-06,3.3e-06,3.31e-06,3.18e-06
cl,6.85e-06,7.13e-06,6.72e-06,6.73e-06,5.93e-06,5.55e-06,6.38e-06,5.99e-06,6.99e-06
earned,0.00016459,0.00015883,0.0001537,0.00014704,0.00014038,0.00013725,0.00013552,0.00012931,0.00016171
illness,6.42e-06,6.92e-06,7.94e-06,8.16e-06,7.98e-06,7.81e-06,8.24e-06,8.68e-06,6.67e-06
islamic,4.302e-05,4.343e-05,4.397e-05,4.568e-05,4.461e-05,4.376e-05,4.449e-05,4.545e-05,4.323e-05
athletics,4.28e-06,4.41e-06,4.07e-06,4.49e-06,4.91e-06,5.14e-06,5.15e-06,4.34e-06,4.34e-06
southeast,8.99e-06,8.6e-06,9.36e-06,9.18e-06,1.023e-05,9.86e-06,1.071e-05,1.157e-05,8.79e-06
ieee,0.00015795,0.00015442,0.00015268,0.0001505,0.00014795,0.00014814,0.00014829,0.00014356,0.00015618
ho,8.35e-06,7.76e-06,7.74e-06,7.95e-06,7.78e-06,7.81e-06,7.41e-06,7.02e-06,8.05e-06
alternatives,3.36e-05,3.189e-05,3.094e-05,3.018e-05,2.906e-05,2.918e-05,2.966e-05,2.892e-05,3.274e-05
pending,2.35e-06,2.31e-06,2.04e-06,2.86e-06,2.25e-06,2.05e-06,2.06e-06,2.07e-06,2.33e-06
parker,1.348e-05,1.28e-05,1.283e-05,1.448e-05,1.453e-05,1.397e-05,1.318e-05,1.405e-05,1.314e-05
determining,7.791e-05,7.553e-05,7.491e-05,7.546e-05,7.776e-05,7.787e-05,7.744e-05,7.891e-05,7.672e-05
lebanon,3.42e-06,3.99e-06,4.07e-06,4.49e-06,4.3e-06,3.7e-06,4.53e-06,3.92e-06,3.71e-06
corp,3.85e-06,4.2e-06,3.87e-06,3.67e-06,3.27e-06,3.29e-06,3.5e-06,3.31e-06,4.02e-06
personalized,1.71e-06,2.1e-06,2.44e-06,2.45e-06,2.25e-06,2.05e-06,2.06e-06,2.27e-06,1.9e-06
kennedy,1.391e-05,1.385e-05,1.486e-05,1.509e-05,1.617e-05,1.5e-05,1.504e-05,1.363e-05,1.388e-05
gt,6.4e-07,6.3e-07,6.1e-07,6.1e-07,6.1e-07,8.2e-07,8.2e-07,8.3e-07,6.4e-07
sh,6.21e-06,5.67e-06,5.29e-06,4.89e-06,4.71e-06,4.73e-06,4.74e-06,4.54e-06,5.94e-06
conditioning,4.71e-06,4.62e-06,5.09e-06,5.1e-06,4.71e-06,4.73e-06,4.74e-06,4.75e-06,4.67e-06
teenage,1.71e-06,1.89e-06,2.04e-06,2.45e-06,2.66e-06,2.88e-06,2.88e-06,2.89e-06,1.8e-06
soap,7.49e-06,7.34e-06,6.72e-06,6.73e-06,6.55e-06,6.58e-06,6.8e-06,6.82e-06,7.42e-06
ae,3.85e-06,3.36e-06,3.26e-06,3.47e-06,3.68e-06,3.9e-06,3.91e-06,3.72e-06,3.61e-06
triple,3.831e-05,3.84e-05,3.664e-05,3.65e-05,3.643e-05,3.678e-05,3.604e-05,3.594e-05,3.835e-05
cooper,1.455e-05,1.469e-05,1.283e-05,1.428e-05,1.33e-05,1.253e-05,1.236e-05,1.219e-05,1.462e-05
nyc,1.07e-06,1.05e-06,1.22e-06,1.22e-06,1.23e-06,1.03e-06,1.03e-06,6.2e-07,1.06e-06
vincent,1.562e-05,1.637e-05,1.629e-05,1.693e-05,1.698e-05,1.746e-05,1.771e-05,1.776e-05,1.599e-05
jam,3e-06,2.94e-06,3.26e-06,3.67e-06,3.89e-06,3.29e-06,3.09e-06,2.89e-06,2.97e-06
secured,7.49e-06,7.97e-06,7.33e-06,6.93e-06,6.55e-06,6.37e-06,6.59e-06,6.4e-06,7.73e-06
unusual,2.483e-05,2.329e-05,2.443e-05,2.406e-05,2.415e-05,2.445e-05,2.492e-05,2.499e-05,2.406e-05
answered,7.28e-06,7.34e-06,7.33e-06,7.55e-06,8.39e-06,8.63e-06,8.65e-06,8.68e-06,7.31e-06
partnerships,2.57e-06,2.52e-06,2.65e-06,2.45e-06,2.46e-06,2.26e-06,2.27e-06,2.48e-06,2.55e-06
destruction,6.63e-06,7.34e-06,7.33e-06,7.14e-06,7.57e-06,7.19e-06,8.03e-06,7.85e-06,6.99e-06
slots,2.78e-06,2.73e-06,3.05e-06,3.26e-06,3.27e-06,2.88e-06,2.88e-06,2.89e-06,2.75e-06
increasingly,2.74e-05,2.707e-05,2.769e-05,2.937e-05,3.07e-05,2.979e-05,3.11e-05,2.995e-05,2.723e-05
migration,1.177e-05,1.888e-05,1.669e-05,1.754e-05,1.862e-05,1.911e-05,1.874e-05,1.983e-05,1.532e-05
disorder,1.734e-05,1.679e-05,1.853e-05,1.835e-05,1.862e-05,1.746e-05,1.709e-05,1.673e-05,1.707e-05
routine,1.348e-05,1.364e-05,1.323e-05,1.305e-05,1.33e-05,1.233e-05,1.174e-05,1.177e-05,1.356e-05
toolbar,0.0,0.0,0.0,0.0,0.0,0.0,0.0,0.0,0.0
basically,1.241e-05,1.112e-05,1.038e-05,1.04e-05,9.62e-06,8.84e-06,8.86e-06,8.68e-06,1.177e-05
rocks,6.85e-06,6.29e-06,6.51e-06,6.32e-06,6.14e-06,5.75e-06,5.97e-06,6.4e-06,6.57e-06
conventional,5.757e-05,5.644e-05,5.578e-05,5.567e-05,5.525e-05,5.63e-05,5.664e-05,5.639e-05,5.701e-05
titans,6.4e-07,1.05e-06,1.02e-06,8.2e-07,8.2e-07,8.2e-07,1.03e-06,1.24e-06,8.4e-07
applicants,4.07e-06,3.78e-06,3.87e-06,4.28e-06,4.09e-06,4.11e-06,4.33e-06,4.75e-06,3.92e-06
wearing,1.134e-05,1.28e-05,1.384e-05,1.326e-05,1.289e-05,1.151e-05,1.236e-05,1.26e-05,1.207e-05
axis,0.00016266,0.00016156,0.00016103,0.00016172,0.00016453,0.00016253,0.00016436,0.0001667,0.00016211
sought,1.969e-05,2.098e-05,2.178e-05,2.223e-05,2.312e-05,2.383e-05,2.451e-05,2.458e-05,2.034e-05
genes,4.066e-05,3.693e-05,4.051e-05,4.16e-05,4.113e-05,4.068e-05,3.996e-05,3.987e-05,3.879e-05
mounted,1.455e-05,1.532e-05,1.568e-05,1.57e-05,1.514e-05,1.438e-05,1.462e-05,1.529e-05,1.493e-05
habitat,3.64e-06,2.94e-06,2.24e-06,2.24e-06,2.25e-06,1.85e-06,1.85e-06,1.86e-06,3.29e-06
firewall,3.21e-06,2.73e-06,2.65e-06,2.45e-06,2.86e-06,2.88e-06,2.68e-06,2.69e-06,2.97e-06
median,3.125e-05,3.189e-05,3.094e-05,3.059e-05,3.008e-05,3.041e-05,2.986e-05,2.995e-05,3.157e-05
guns,3.42e-06,3.36e-06,3.46e-06,3.47e-06,3.48e-06,3.49e-06,3.3e-06,3.51e-06,3.39e-06
scanner,3e-06,2.94e-06,3.05e-06,3.26e-06,3.07e-06,2.67e-06,2.68e-06,3.31e-06,2.97e-06
herein,1.71e-06,1.68e-06,1.43e-06,1.63e-06,1.64e-06,1.64e-06,1.85e-06,1.86e-06,1.69e-06
occupational,5.78e-06,5.87e-06,5.9e-06,4.69e-06,4.71e-06,4.73e-06,4.33e-06,4.13e-06,5.82e-06
animated,5.693e-05,5.581e-05,5.558e-05,5.547e-05,5.668e-05,5.794e-05,5.952e-05,5.908e-05,5.637e-05
horny,0.0,0.0,0.0,0.0,0.0,0.0,0.0,0.0,0.0
judicial,1.28e-06,1.26e-06,1.22e-06,1.22e-06,1.64e-06,1.85e-06,1.85e-06,1.45e-06,1.27e-06
rio,1.541e-05,1.741e-05,1.893e-05,1.876e-05,1.801e-05,1.788e-05,1.709e-05,1.715e-05,1.641e-05
hs,3.85e-06,3.36e-06,3.26e-06,3.26e-06,3.27e-06,2.67e-06,2.68e-06,2.48e-06,3.61e-06
adjustment,1.905e-05,1.658e-05,1.669e-05,1.611e-05,1.555e-05,1.541e-05,1.545e-05,1.591e-05,1.781e-05
hero,1.22e-05,1.238e-05,1.262e-05,1.244e-05,1.33e-05,1.397e-05,1.421e-05,1.363e-05,1.229e-05
integer,0.00031505,0.00031451,0.00030821,0.000311,0.00031576,0.00031498,0.00031841,0.00031977,0.00031478
treatments,1.134e-05,1.07e-05,1.079e-05,1.101e-05,1.248e-05,1.212e-05,1.174e-05,1.157e-05,1.102e-05
bachelor,6.785e-05,6.882e-05,6.738e-05,6.24e-05,5.873e-05,5.733e-05,5.685e-05,5.577e-05,6.833e-05
attitude,1.177e-05,1.175e-05,1.12e-05,1.04e-05,1.064e-05,9.66e-06,9.47e-06,9.71e-06,1.176e-05
camcorders,2.1e-07,2.1e-07,2e-07,2e-07,2e-07,2.1e-07,2.1e-07,2.1e-07,2.1e-07
engaged,1.113e-05,1.112e-05,1.16e-05,1.183e-05,1.166e-05,1.253e-05,1.195e-05,1.219e-05,1.112e-05
falling,1.948e-05,2.035e-05,1.914e-05,1.815e-05,1.903e-05,1.911e-05,1.915e-05,1.921e-05,1.992e-05
basics,6.63e-06,6.71e-06,5.9e-06,5.91e-06,5.53e-06,4.93e-06,4.74e-06,4.96e-06,6.67e-06
montreal,1.22e-05,1.238e-05,1.364e-05,1.285e-05,1.33e-05,1.253e-05,1.236e-05,1.177e-05,1.229e-05
carpet,6.85e-06,6.5e-06,6.51e-06,6.53e-06,5.53e-06,5.55e-06,4.94e-06,4.96e-06,6.67e-06
rv,1.28e-06,1.26e-06,1.02e-06,1.02e-06,8.2e-07,8.2e-07,8.2e-07,6.2e-07,1.27e-06
struct,2.1e-07,2.1e-07,4.1e-07,4.1e-07,2e-07,2.1e-07,2.1e-07,4.1e-07,2.1e-07
lenses,1.049e-05,1.049e-05,1.079e-05,1.203e-05,1.289e-05,1.377e-05,1.298e-05,1.281e-05,1.049e-05
binary,0.00024249,0.00024234,0.00023635,0.00023758,0.00023943,0.0002441,0.00024283,0.00024375,0.00024242
genetics,4.537e-05,5.518e-05,5.72e-05,5.812e-05,5.648e-05,5.774e-05,5.582e-05,5.577e-05,5.028e-05
attended,4.88e-05,4.994e-05,4.784e-05,4.589e-05,4.748e-05,4.5e-05,4.428e-05,4.173e-05,4.937e-05
difficulty,3.018e-05,2.979e-05,2.931e-05,2.937e-05,2.885e-05,2.815e-05,2.925e-05,2.851e-05,2.998e-05
punk,1.71e-06,1.89e-06,1.63e-06,1.43e-06,1.43e-06,1.64e-06,1.65e-06,1.86e-06,1.8e-06
collective,2.526e-05,2.686e-05,2.667e-05,2.855e-05,2.967e-05,2.918e-05,2.904e-05,2.789e-05,2.606e-05
coalition,6.63e-06,7.34e-06,7.33e-06,6.93e-06,7.16e-06,7.19e-06,7.41e-06,6.2e-06,6.99e-06
pi,3.874e-05,4.07e-05,3.807e-05,3.814e-05,3.724e-05,3.637e-05,3.501e-05,3.429e-05,3.972e-05
dropped,1.883e-05,1.783e-05,1.853e-05,1.856e-05,1.862e-05,1.685e-05,1.689e-05,1.673e-05,1.833e-05
enrollment,2.35e-06,4.2e-06,3.26e-06,3.67e-06,3.48e-06,3.29e-06,3.3e-06,3.31e-06,3.27e-06
duke,3.424e-05,3.504e-05,3.44e-05,3.426e-05,3.561e-05,3.555e-05,3.46e-05,3.822e-05,3.464e-05
walter,5.008e-05,5.036e-05,5.028e-05,5.037e-05,4.891e-05,4.829e-05,4.861e-05,4.978e-05,5.022e-05
ai,6.549e-05,6.84e-05,7.553e-05,7.688e-05,7.94e-05,8.383e-05,8.156e-05,8.8e-05,6.695e-05
pace,4.92e-06,4.2e-06,4.07e-06,4.08e-06,3.89e-06,4.11e-06,4.33e-06,4.34e-06,4.56e-06
besides,3.082e-05,3.042e-05,3.115e-05,3.283e-05,3.356e-05,3.123e-05,3.089e-05,3.037e-05,3.062e-05
wage,7.06e-06,6.92e-06,7.13e-06,7.14e-06,7.16e-06,7.19e-06,7.21e-06,7.23e-06,6.99e-06
producers,8.78e-06,8.6e-06,8.96e-06,9.18e-06,8.59e-06,8.22e-06,8.03e-06,8.88e-06,8.69e-06
ot,2.35e-06,2.31e-06,2.24e-06,2.04e-06,1.84e-06,1.85e-06,1.85e-06,1.86e-06,2.33e-06
collector,6.85e-06,6.92e-06,6.92e-06,6.73e-06,7.16e-06,7.19e-06,7.21e-06,7.64e-06,6.88e-06
arc,4.944e-05,5.12e-05,5.028e-05,5.098e-05,5.73e-05,5.959e-05,6.035e-05,6.176e-05,5.032e-05
hosts,1.52e-05,1.532e-05,1.506e-05,1.611e-05,1.596e-05,1.644e-05,1.689e-05,1.756e-05,1.526e-05
interfaces,3.553e-05,3.567e-05,3.644e-05,3.63e-05,3.643e-05,3.657e-05,3.522e-05,3.47e-05,3.56e-05
advertisers,2.1e-07,2.1e-07,2e-07,2e-07,0.0,0.0,0.0,0.0,2.1e-07
moments,4.345e-05,4.406e-05,4.295e-05,4.364e-05,4.4e-05,4.397e-05,4.366e-05,4.4e-05,4.376e-05
atlas,1.819e-05,1.867e-05,1.771e-05,1.733e-05,1.719e-05,1.664e-05,1.689e-05,1.797e-05,1.843e-05
strings,7.684e-05,7.469e-05,7.491e-05,7.505e-05,7.572e-05,7.623e-05,7.785e-05,7.85e-05,7.577e-05
dawn,4.92e-06,5.25e-06,5.29e-06,5.3e-06,5.12e-06,5.14e-06,5.15e-06,5.16e-06,5.08e-06
representing,0.00013227,0.00013281,0.0001313,0.00013113,0.00013486,0.00013746,0.00013944,0.00013943,0.00013254
observation,5.864e-05,5.959e-05,5.985e-05,5.853e-05,5.75e-05,5.959e-05,5.952e-05,5.949e-05,5.911e-05
feels,3.64e-06,3.36e-06,3.87e-06,3.87e-06,3.48e-06,4.52e-06,4.74e-06,4.54e-06,3.5e-06
torture,1.07e-06,8.4e-07,8.1e-07,8.2e-07,8.2e-07,8.2e-07,8.2e-07,8.3e-07,9.5e-07
carl,6.613e-05,6.672e-05,6.799e-05,6.852e-05,7.121e-05,7.171e-05,7.147e-05,7.106e-05,6.643e-05
deleted,6.42e-06,7.34e-06,7.53e-06,7.34e-06,7.16e-06,7.19e-06,7.41e-06,7.64e-06,6.88e-06
coat,0.00010851,0.00010638,0.00010708,0.00011074,0.00011214,0.00011136,0.00011142,0.00010989,0.00010744
mitchell,1.562e-05,1.679e-05,1.649e-05,1.591e-05,1.596e-05,1.623e-05,1.689e-05,1.694e-05,1.62e-05
mrs,5.56e-06,5.46e-06,4.89e-06,5.1e-06,4.71e-06,4.73e-06,4.53e-06,4.34e-06,5.51e-06
rica,3.42e-06,2.94e-06,3.66e-06,3.47e-06,3.68e-06,3.29e-06,3.09e-06,2.89e-06,3.18e-06
restoration,8.13e-06,8.6e-06,7.94e-06,7.75e-06,7.98e-06,7.4e-06,7.62e-06,8.06e-06,8.37e-06
convenience,1.07e-05,9.86e-06,9.77e-06,9.99e-06,8.8e-06,8.42e-06,8.65e-06,9.5e-06,1.028e-05
returning,1.969e-05,1.804e-05,1.812e-05,1.774e-05,1.842e-05,1.849e-05,1.874e-05,1.9e-05,1.886e-05
ralph,2.847e-05,2.791e-05,2.748e-05,2.712e-05,2.681e-05,2.671e-05,2.636e-05,2.582e-05,2.819e-05
opposition,1.648e-05,1.658e-05,1.669e-05,1.672e-05,1.576e-05,1.603e-05,1.648e-05,1.653e-05,1.653e-05
container,2.311e-05,2.266e-05,2.158e-05,2.162e-05,2.026e-05,2.034e-05,2.018e-05,1.797e-05,2.289e-05
yr,2.14e-06,1.47e-06,1.43e-06,1.43e-06,1.43e-06,1.44e-06,1.44e-06,1.45e-06,1.8e-06
defendant,1.5e-06,1.47e-06,1.63e-06,1.63e-06,1.64e-06,1.23e-06,1.24e-06,1.24e-06,1.48e-06
warner,1.883e-05,1.93e-05,1.914e-05,1.958e-05,1.924e-05,1.952e-05,1.936e-05,1.942e-05,1.907e-05
confirmation,4.92e-06,4.41e-06,4.07e-06,4.28e-06,4.09e-06,4.52e-06,4.33e-06,3.72e-06,4.67e-06
app,2.418e-05,2.539e-05,3.115e-05,3.161e-05,3.377e-05,3.431e-05,3.543e-05,3.491e-05,2.479e-05
embedded,7.148e-05,6.945e-05,7.125e-05,7.117e-05,7.244e-05,7.335e-05,7.373e-05,7.333e-05,7.046e-05
inkjet,8.6e-07,8.4e-07,8.1e-07,1.02e-06,8.2e-07,8.2e-07,8.2e-07,8.3e-07,8.5e-07
supervisor,1.027e-05,1.07e-05,1.201e-05,1.101e-05,1.105e-05,1.089e-05,1.092e-05,1.033e-05,1.048e-05
wizard,4.28e-06,3.99e-06,4.28e-06,4.49e-06,4.09e-06,4.31e-06,4.33e-06,4.54e-06,4.14e-06
corps,2.654e-05,2.77e-05,2.809e-05,2.835e-05,2.844e-05,2.712e-05,2.677e-05,2.623e-05,2.712e-05
actors,1.627e-05,1.679e-05,1.527e-05,1.611e-05,1.678e-05,1.705e-05,1.874e-05,1.859e-05,1.653e-05
liver,1.07e-06,1.47e-06,1.63e-06,1.84e-06,2.05e-06,2.26e-06,2.27e-06,2.07e-06,1.27e-06
peripherals,1.93e-06,1.68e-06,1.63e-06,1.43e-06,1.43e-06,1.23e-06,1.24e-06,1.24e-06,1.81e-06
liable,1.5e-06,1.26e-06,1.43e-06,1.02e-06,1.02e-06,1.03e-06,1.03e-06,1.24e-06,1.38e-06
brochure,2.14e-06,1.89e-06,2.04e-06,2.04e-06,1.84e-06,1.85e-06,1.85e-06,1.86e-06,2.01e-06
morris,2.226e-05,2.182e-05,2.158e-05,2.141e-05,2.169e-05,2.157e-05,2.142e-05,2.169e-05,2.204e-05
bestsellers,4.3e-07,4.2e-07,4.1e-07,4.1e-07,4.1e-07,2.1e-07,2.1e-07,2.1e-07,4.3e-07
petition,8.6e-07,6.3e-07,8.1e-07,8.2e-07,8.2e-07,8.2e-07,8.2e-07,1.03e-06,7.5e-07
eminem,0.0,0.0,0.0,0.0,0.0,0.0,0.0,0.0,0.0
recall,1.092e-05,1.007e-05,9.57e-06,1.081e-05,1.126e-05,1.171e-05,1.174e-05,1.074e-05,1.05e-05
antenna,3.596e-05,3.546e-05,3.216e-05,3.365e-05,3.356e-05,3.39e-05,3.44e-05,3.45e-05,3.571e-05
picked,7.92e-06,8.39e-06,8.96e-06,8.57e-06,9e-06,9.66e-06,9.27e-06,9.71e-06,8.15e-06
assumed,8.711e-05,8.77e-05,8.489e-05,8.341e-05,8.308e-05,8.178e-05,8.135e-05,8.139e-05,8.741e-05
departure,1.092e-05,1.049e-05,9.77e-06,9.99e-06,1.044e-05,1.089e-05,1.174e-05,1.115e-05,1.07e-05
minneapolis,4.92e-06,5.04e-06,4.68e-06,4.49e-06,4.3e-06,4.11e-06,3.91e-06,4.54e-06,4.98e-06
belief,3.831e-05,3.63e-05,3.542e-05,3.487e-05,3.561e-05,3.329e-05,3.398e-05,3.408e-05,3.73e-05
killing,1.926e-05,1.637e-05,1.649e-05,1.509e-05,1.555e-05,1.52e-05,1.504e-05,1.26e-05,1.781e-05
bikini,4.3e-07,4.2e-07,4.1e-07,2e-07,2e-07,2.1e-07,2.1e-07,2.1e-07,4.3e-07
memphis,4.71e-06,4.83e-06,5.09e-06,5.51e-06,5.53e-06,5.96e-06,5.77e-06,5.78e-06,4.77e-06
shoulder,2.35e-06,2.31e-06,2.44e-06,2.04e-06,2.25e-06,2.47e-06,2.27e-06,2.27e-06,2.33e-06
decor,4.3e-07,4.2e-07,4.1e-07,4.1e-07,4.1e-07,4.1e-07,6.2e-07,4.1e-07,4.3e-07
lookup,8.78e-06,8.18e-06,9.16e-06,9.79e-06,9.82e-06,9.86e-06,9.68e-06,9.71e-06,8.48e-06
texts,6.464e-05,6.735e-05,6.738e-05,6.526e-05,6.364e-05,6.431e-05,6.261e-05,6.259e-05,6.6e-05
harvard,0.00013655,0.00013218,0.00012601,0.00012195,0.00012012,0.00011732,0.00011596,0.00010927,0.00013437
brokers,2.14e-06,2.1e-06,2.24e-06,2.45e-06,2.05e-06,2.05e-06,2.06e-06,2.07e-06,2.12e-06
roy,2.376e-05,2.203e-05,2.382e-05,2.386e-05,2.415e-05,2.383e-05,2.307e-05,2.314e-05,2.29e-05
ion,2.654e-05,3.147e-05,3.074e-05,3.161e-05,3.008e-05,2.753e-05,2.863e-05,2.871e-05,2.901e-05
diameter,5.779e-05,5.539e-05,5.598e-05,5.669e-05,5.607e-05,5.486e-05,5.437e-05,5.371e-05,5.659e-05
ottawa,8.35e-06,9.23e-06,9.16e-06,9.38e-06,9.62e-06,9.45e-06,9.06e-06,9.09e-06,8.79e-06
doll,5.78e-06,4.62e-06,4.28e-06,4.08e-06,4.71e-06,4.93e-06,4.94e-06,4.75e-06,5.2e-06
ic,7.28e-06,8.39e-06,9.98e-06,1.06e-05,9.21e-06,9.66e-06,9.68e-06,9.3e-06,7.83e-06
podcast,2.57e-06,3.15e-06,4.48e-06,5.3e-06,5.32e-06,5.34e-06,5.56e-06,5.37e-06,2.86e-06
tit,4.3e-07,4.2e-07,4.1e-07,4.1e-07,4.1e-07,4.1e-07,4.1e-07,0.0,4.3e-07
seasons,5.14e-06,5.25e-06,5.7e-06,6.93e-06,6.96e-06,7.6e-06,8.03e-06,8.88e-06,5.2e-06
peru,7.7e-06,7.97e-06,8.55e-06,8.57e-06,8.39e-06,8.42e-06,9.27e-06,6.61e-06,7.84e-06
interactions,7.684e-05,7.805e-05,7.878e-05,7.709e-05,7.899e-05,8.321e-05,8.547e-05,8.8e-05,7.745e-05
refine,3.42e-06,2.94e-06,2.85e-06,3.26e-06,3.07e-06,3.49e-06,3.91e-06,4.13e-06,3.18e-06
bidder,1.5e-06,1.47e-06,1.43e-06,1.43e-06,1.43e-06,8.2e-07,1.44e-06,1.45e-06,1.48e-06
singer,2.269e-05,2.308e-05,2.239e-05,2.141e-05,2.026e-05,2.034e-05,2.06e-05,2.066e-05,2.289e-05
evans,1.263e-05,1.301e-05,1.323e-05,1.305e-05,1.187e-05,1.151e-05,1.195e-05,1.219e-05,1.282e-05
herald,2.269e-05,2.203e-05,2.321e-05,2.264e-05,2.231e-05,2.281e-05,2.224e-05,2.19e-05,2.236e-05
literacy,6.63e-06,6.71e-06,6.72e-06,7.55e-06,7.78e-06,8.42e-06,8.86e-06,8.68e-06,6.67e-06
fails,2.204e-05,2.329e-05,2.158e-05,2.08e-05,1.944e-05,1.993e-05,2.06e-05,2.128e-05,2.267e-05
aging,6.42e-06,6.92e-06,7.33e-06,6.73e-06,7.16e-06,6.99e-06,6.59e-06,6.61e-06,6.67e-06
nike,8.6e-07,1.05e-06,1.43e-06,1.43e-06,1.02e-06,1.03e-06,1.03e-06,1.03e-06,9.5e-07
intervention,1.413e-05,1.427e-05,1.405e-05,1.509e-05,1.473e-05,1.479e-05,1.504e-05,1.529e-05,1.42e-05
pissing,0.0,0.0,0.0,0.0,0.0,0.0,0.0,0.0,0.0
fed,7.7e-06,7.97e-06,7.33e-06,6.93e-06,6.34e-06,6.58e-06,6.8e-06,6.82e-06,7.84e-06
plugin,6.42e-06,6.29e-06,6.11e-06,5.51e-06,3.48e-06,3.7e-06,3.3e-06,3.1e-06,6.36e-06
attraction,1.413e-05,1.322e-05,1.221e-05,1.244e-05,1.248e-05,1.294e-05,1.256e-05,1.26e-05,1.368e-05
diving,2.14e-06,2.1e-06,2.04e-06,1.84e-06,1.64e-06,1.44e-06,1.44e-06,1.45e-06,2.12e-06
invite,2.14e-06,1.89e-06,2.24e-06,2.45e-06,2.25e-06,2.05e-06,2.06e-06,2.07e-06,2.01e-06
modification,2.675e-05,2.686e-05,2.769e-05,2.814e-05,2.804e-05,2.877e-05,2.945e-05,2.954e-05,2.68e-05
alice,2.568e-05,2.665e-05,2.952e-05,3.018e-05,3.151e-05,3.205e-05,3.172e-05,2.995e-05,2.617e-05
latinas,0.0,0.0,0.0,0.0,0.0,0.0,0.0,0.0,0.0
suppose,4.73e-05,4.385e-05,4.275e-05,4.323e-05,4.195e-05,3.945e-05,3.954e-05,3.883e-05,4.557e-05
customized,2.57e-06,2.94e-06,2.65e-06,2.65e-06,2.66e-06,2.67e-06,3.09e-06,3.31e-06,2.75e-06
reed,2.996e-05,3.147e-05,3.054e-05,3.039e-05,2.906e-05,2.774e-05,2.677e-05,2.706e-05,3.071e-05
involve,5.329e-05,5.287e-05,5.293e-05,5.302e-05,5.443e-05,5.465e-05,5.808e-05,5.846e-05,5.308e-05
moderate,7.06e-06,7.13e-06,6.92e-06,6.53e-06,6.96e-06,7.19e-06,6.8e-06,6.82e-06,7.1e-06
terror,2.35e-06,2.31e-06,1.83e-06,2.04e-06,1.84e-06,1.64e-06,1.24e-06,1.45e-06,2.33e-06
younger,2.055e-05,2.098e-05,2.158e-05,2.08e-05,1.985e-05,1.973e-05,1.998e-05,2.107e-05,2.077e-05
thirty,2.269e-05,2.308e-05,2.28e-05,2.162e-05,2.128e-05,2.096e-05,2.286e-05,2.272e-05,2.289e-05
mice,8.56e-06,7.76e-06,7.94e-06,8.16e-06,8.19e-06,8.01e-06,7.62e-06,8.06e-06,8.16e-06
opposite,0.00010059,9.987e-05,9.771e-05,9.993e-05,0.00010068,0.00010294,0.00010545,0.00010597,0.00010023
understood,7.02e-05,7.155e-05,6.921e-05,7.219e-05,7.326e-05,7.274e-05,7.27e-05,7.168e-05,7.088e-05
rapidly,3.082e-05,2.916e-05,2.993e-05,2.998e-05,2.906e-05,2.877e-05,2.904e-05,2.954e-05,2.999e-05
dealtime,0.0,0.0,0.0,0.0,0.0,0.0,0.0,0.0,0.0
ban,7.7e-06,7.97e-06,7.33e-06,7.95e-06,7.78e-06,7.6e-06,7.62e-06,6.61e-06,7.84e-06
temp,1.28e-06,1.47e-06,1.22e-06,8.2e-07,8.2e-07,8.2e-07,8.2e-07,8.3e-07,1.37e-06
intro,6.4e-07,1.26e-06,1.22e-06,1.22e-06,1.84e-06,1.85e-06,1.85e-06,1.65e-06,9.5e-07
mercedes,6.4e-07,6.3e-07,6.1e-07,6.1e-07,6.1e-07,4.1e-07,4.1e-07,6.2e-07,6.4e-07
zus,0.0,0.0,0.0,0.0,0.0,0.0,0.0,0.0,0.0
assurance,1.605e-05,1.637e-05,1.384e-05,1.387e-05,1.33e-05,1.253e-05,1.318e-05,1.322e-05,1.621e-05
fisting,0.0,0.0,0.0,0.0,0.0,0.0,0.0,0.0,0.0
clerk,9.63e-06,9.44e-06,9.36e-06,9.58e-06,9.62e-06,9.45e-06,9.06e-06,9.09e-06,9.53e-06
happening,4.28e-06,3.99e-06,4.48e-06,4.28e-06,3.68e-06,3.7e-06,3.91e-06,3.72e-06,4.14e-06
vast,2.055e-05,2.056e-05,1.914e-05,2.019e-05,2.046e-05,2.034e-05,1.957e-05,1.942e-05,2.056e-05
mills,1.391e-05,1.49e-05,1.547e-05,1.672e-05,1.76e-05,1.788e-05,1.751e-05,1.776e-05,1.441e-05
outline,1.477e-05,1.301e-05,1.344e-05,1.428e-05,1.432e-05,1.438e-05,1.504e-05,1.384e-05,1.389e-05
amendments,8.6e-07,8.4e-07,8.1e-07,8.2e-07,8.2e-07,1.03e-06,1.03e-06,1.24e-06,8.5e-07
tramadol,0.0,0.0,0.0,0.0,0.0,0.0,0.0,0.0,0.0
holland,1.413e-05,1.301e-05,1.323e-05,1.285e-05,1.351e-05,1.418e-05,1.483e-05,1.446e-05,1.357e-05
receives,2.697e-05,2.455e-05,2.402e-05,2.223e-05,2.271e-05,2.425e-05,2.389e-05,2.334e-05,2.576e-05
jeans,2.78e-06,2.52e-06,2.44e-06,2.45e-06,2.66e-06,2.67e-06,2.68e-06,2.69e-06,2.65e-06
metropolitan,4.409e-05,4.427e-05,4.418e-05,5.323e-05,2.21e-05,2.26e-05,2.204e-05,2.19e-05,4.418e-05
compilation,1.691e-05,1.679e-05,1.588e-05,1.693e-05,1.637e-05,1.644e-05,1.648e-05,1.591e-05,1.685e-05
verification,4.88e-05,4.952e-05,4.845e-05,4.813e-05,4.891e-05,4.993e-05,4.943e-05,5.102e-05,4.916e-05
fonts,8.13e-06,7.34e-06,6.92e-06,5.91e-06,5.12e-06,4.93e-06,4.94e-06,4.13e-06,7.73e-06
ent,2.1e-07,2.1e-07,2e-07,2e-07,2e-07,2.1e-07,2.1e-07,4.1e-07,2.1e-07
odd,9.353e-05,9.064e-05,9.222e-05,9.381e-05,8.922e-05,8.815e-05,8.959e-05,8.841e-05,9.208e-05
wrap,3.42e-06,3.57e-06,3.87e-06,3.87e-06,3.89e-06,3.9e-06,4.12e-06,4.34e-06,3.49e-06
refers,0.00023907,0.00023625,0.00023859,0.00024391,0.00024904,0.00025252,0.00025127,0.00025077,0.00023766
mood,3e-06,2.94e-06,2.85e-06,3.26e-06,3.07e-06,3.29e-06,3.3e-06,3.31e-06,2.97e-06
favor,1.605e-05,1.7e-05,1.649e-05,1.652e-05,1.576e-05,1.664e-05,1.73e-05,1.694e-05,1.653e-05
veterans,3.42e-06,2.94e-06,3.26e-06,3.06e-06,3.07e-06,3.49e-06,3.71e-06,3.72e-06,3.18e-06
quiz,1.28e-06,1.89e-06,2.24e-06,1.43e-06,1.43e-06,1.85e-06,1.85e-06,1.86e-06,1.59e-06
mx,3.21e-06,2.94e-06,2.04e-06,1.84e-06,2.05e-06,1.64e-06,1.44e-06,1.03e-06,3.08e-06
sigma,1.969e-05,2.203e-05,2.076e-05,2.121e-05,2.149e-05,2.24e-05,2.101e-05,2.148e-05,2.086e-05
gr,7.49e-06,7.34e-06,6.31e-06,4.89e-06,5.12e-06,4.52e-06,4.74e-06,4.75e-06,7.42e-06
attractive,1.134e-05,1.196e-05,1.242e-05,1.203e-05,1.187e-05,1.192e-05,1.153e-05,1.157e-05,1.165e-05
xhtml,2.1e-07,2.1e-07,2e-07,2e-07,0.0,0.0,2.1e-07,0.0,2.1e-07
occasion,1.52e-05,1.532e-05,1.323e-05,1.305e-05,1.33e-05,1.315e-05,1.298e-05,1.157e-05,1.526e-05
recordings,8.78e-06,9.02e-06,8.55e-06,9.18e-06,9.41e-06,9.25e-06,9.47e-06,9.71e-06,8.9e-06
jefferson,8.35e-06,8.18e-06,7.33e-06,7.75e-06,9.62e-06,9.25e-06,8.86e-06,8.06e-06,8.26e-06
victim,7.7e-06,8.18e-06,6.92e-06,6.93e-06,6.75e-06,7.4e-06,6.8e-06,7.23e-06,7.94e-06
demands,1.07e-05,1.133e-05,1.079e-05,1.101e-05,1.044e-05,1.027e-05,1.009e-05,1.053e-05,1.101e-05
sleeping,4.92e-06,3.36e-06,2.44e-06,2.45e-06,2.46e-06,1.85e-06,2.06e-06,2.89e-06,4.14e-06
careful,1.22e-05,1.175e-05,1.221e-05,1.142e-05,1.126e-05,1.089e-05,1.133e-05,1.095e-05,1.197e-05
ext,3e-06,3.78e-06,3.66e-06,3.67e-06,3.68e-06,3.7e-06,3.71e-06,3.1e-06,3.39e-06
beam,5.586e-05,5.413e-05,5.496e-05,5.486e-05,5.525e-05,5.589e-05,5.664e-05,5.743e-05,5.499e-05
gardening,8.6e-07,8.4e-07,1.22e-06,1.43e-06,1.43e-06,1.44e-06,1.44e-06,1.45e-06,8.5e-07
obligations,5.35e-06,5.04e-06,5.09e-06,5.3e-06,4.91e-06,5.75e-06,6.18e-06,5.58e-06,5.2e-06
arrive,1.092e-05,1.028e-05,9.57e-06,9.38e-06,1.003e-05,9.86e-06,9.47e-06,9.3e-06,1.06e-05
orchestra,8.56e-06,8.18e-06,8.14e-06,7.55e-06,7.37e-06,7.4e-06,7.41e-06,7.64e-06,8.37e-06
sunset,2.35e-06,2.31e-06,2.44e-06,2.04e-06,2.05e-06,2.26e-06,2.27e-06,2.27e-06,2.33e-06
tracked,3.21e-06,2.52e-06,2.65e-06,3.06e-06,3.07e-06,3.08e-06,3.3e-06,3.31e-06,2.87e-06
moreover,4.452e-05,4.595e-05,4.54e-05,4.629e-05,4.707e-05,4.685e-05,4.655e-05,4.71e-05,4.523e-05
minimal,0.00010723,0.00010806,0.00011156,0.00011257,0.00011276,0.00011157,0.00011163,0.00011341,0.00010765
polyphonic,3.42e-06,3.15e-06,2.44e-06,2.45e-06,2.05e-06,2.05e-06,2.06e-06,2.07e-06,3.28e-06
lottery,7.06e-06,6.92e-06,6.31e-06,7.14e-06,7.16e-06,7.6e-06,7.41e-06,7.64e-06,6.99e-06
tops,2.57e-06,3.15e-06,4.07e-06,4.49e-06,4.5e-06,4.31e-06,4.33e-06,4.34e-06,2.86e-06
framed,6.63e-06,7.13e-06,6.92e-06,7.34e-06,7.57e-06,8.22e-06,7.21e-06,7.44e-06,6.88e-06
aside,8.56e-06,8.81e-06,8.96e-06,8.36e-06,9.41e-06,9.25e-06,9.68e-06,9.71e-06,8.68e-06
outsourcing,2.14e-06,2.1e-06,2.04e-06,1.63e-06,1.64e-06,1.44e-06,1.44e-06,1.65e-06,2.12e-06
licence,3.85e-06,3.99e-06,4.07e-06,4.49e-06,4.71e-06,4.73e-06,4.94e-06,4.75e-06,3.92e-06
adjustable,1.93e-06,2.31e-06,2.65e-06,2.45e-06,2.25e-06,2.05e-06,2.27e-06,2.48e-06,2.12e-06
allocation,3.403e-05,3e-05,3.705e-05,3.65e-05,3.602e-05,3.698e-05,3.707e-05,3.698e-05,3.201e-05
michelle,2.78e-06,2.94e-06,3.05e-06,2.86e-06,3.27e-06,3.29e-06,3.5e-06,3.31e-06,2.86e-06
essay,2.376e-05,2.392e-05,2.402e-05,2.182e-05,2.005e-05,1.973e-05,1.998e-05,1.942e-05,2.384e-05
discipline,6.699e-05,6.819e-05,6.84e-05,6.791e-05,6.855e-05,6.76e-05,6.858e-05,6.879e-05,6.759e-05
amy,3.64e-06,3.99e-06,4.28e-06,4.89e-06,4.71e-06,4.31e-06,4.33e-06,4.75e-06,3.81e-06
ts,6.21e-06,5.04e-06,6.31e-06,7.75e-06,6.55e-06,6.99e-06,8.24e-06,7.44e-06,5.62e-06
demonstrated,3.874e-05,3.882e-05,3.929e-05,4.099e-05,4.052e-05,4.048e-05,4.037e-05,3.904e-05,3.878e-05
dialogue,1.541e-05,1.49e-05,1.405e-05,1.448e-05,1.432e-05,1.479e-05,1.442e-05,1.508e-05,1.515e-05
identifying,3.981e-05,4.028e-05,4.031e-05,4.038e-05,4.113e-05,4.233e-05,4.284e-05,4.338e-05,4.005e-05
alphabetical,5.99e-06,5.67e-06,5.7e-06,5.51e-06,5.53e-06,5.34e-06,5.56e-06,5.99e-06,5.83e-06
camps,3e-06,2.94e-06,2.85e-06,2.45e-06,2.46e-06,2.26e-06,2.68e-06,2.48e-06,2.97e-06
declared,2.012e-05,1.972e-05,2.056e-05,2.243e-05,2.394e-05,2.445e-05,2.348e-05,2.417e-05,1.992e-05
dispatched,1.28e-06,1.26e-06,1.02e-06,1.02e-06,1.02e-06,1.03e-06,1.03e-06,1.03e-06,1.27e-06
aaron,1.306e-05,1.322e-05,1.364e-05,1.346e-05,1.31e-05,1.294e-05,1.256e-05,1.301e-05,1.314e-05
handheld,4.28e-06,3.99e-06,4.48e-06,5.1e-06,5.12e-06,5.14e-06,4.94e-06,5.58e-06,4.14e-06
trace,5.03e-05,4.847e-05,4.947e-05,4.854e-05,4.809e-05,4.952e-05,4.799e-05,4.648e-05,4.939e-05
disposal,5.35e-06,5.46e-06,6.11e-06,6.32e-06,6.55e-06,6.37e-06,6.59e-06,6.2e-06,5.4e-06
shut,7.7e-06,8.18e-06,8.75e-06,8.77e-06,9e-06,8.42e-06,9.06e-06,8.06e-06,7.94e-06
florists,0.0,0.0,0.0,0.0,0.0,0.0,0.0,0.0,0.0
packs,1.5e-06,2.31e-06,2.44e-06,1.84e-06,1.84e-06,1.64e-06,2.06e-06,2.07e-06,1.9e-06
ge,3.42e-06,3.57e-06,2.85e-06,2.45e-06,2.25e-06,2.26e-06,2.06e-06,2.07e-06,3.49e-06
installing,5.78e-06,5.46e-06,4.89e-06,4.89e-06,4.71e-06,4.31e-06,4.53e-06,4.75e-06,5.62e-06
switches,1.755e-05,1.846e-05,1.812e-05,1.795e-05,1.821e-05,1.808e-05,1.833e-05,1.818e-05,1.801e-05
romania,1.926e-05,1.888e-05,1.853e-05,1.774e-05,1.739e-05,1.726e-05,1.73e-05,1.756e-05,1.907e-05
voluntary,8.56e-06,9.23e-06,7.94e-06,8.16e-06,8.39e-06,8.22e-06,8.24e-06,8.47e-06,8.89e-06
ncaa,3.42e-06,3.57e-06,3.66e-06,4.28e-06,4.3e-06,4.31e-06,4.33e-06,3.51e-06,3.49e-06
thou,8.6e-07,8.4e-07,8.1e-07,6.1e-07,6.1e-07,6.2e-07,6.2e-07,6.2e-07,8.5e-07
consult,2.35e-06,2.1e-06,1.83e-06,1.84e-06,1.64e-06,1.44e-06,1.44e-06,1.45e-06,2.22e-06
phd,0.00017614,0.00017331,0.00016978,0.00016723,0.0001678,0.00017444,0.00017362,0.00017393,0.00017473
greatly,3.403e-05,3.294e-05,3.278e-05,3.1e-05,2.906e-05,2.938e-05,2.863e-05,2.851e-05,3.348e-05
blogging,4.3e-07,4.2e-07,4.1e-07,4.1e-07,4.1e-07,4.1e-07,4.1e-07,4.1e-07,4.3e-07
mask,1.22e-05,1.217e-05,1.16e-05,1.122e-05,1.187e-05,1.171e-05,1.133e-05,1.157e-05,1.218e-05
cycling,3e-06,2.31e-06,2.44e-06,2.24e-06,2.46e-06,2.67e-06,2.68e-06,2.48e-06,2.65e-06
midnight,5.14e-06,5.25e-06,4.89e-06,4.89e-06,5.32e-06,5.55e-06,5.97e-06,7.02e-06,5.2e-06
ng,3.42e-06,3.78e-06,4.89e-06,5.1e-06,4.91e-06,5.14e-06,4.12e-06,3.92e-06,3.6e-06
commonly,0.00028594,0.00028598,0.00028561,0.00029122,0.00029693,0.00030245,0.00030626,0.00031089,0.00028596
pe,4.28e-06,3.99e-06,4.07e-06,4.08e-06,3.48e-06,3.49e-06,4.33e-06,4.54e-06,4.14e-06
photographer,7.7e-06,9.44e-06,9.36e-06,9.58e-06,9e-06,9.25e-06,8.65e-06,9.3e-06,8.57e-06
inform,1.027e-05,9.23e-06,9.16e-06,9.79e-06,9.41e-06,9.86e-06,9.89e-06,1.033e-05,9.75e-06
turkish,1.969e-05,2.266e-05,2.26e-05,2.325e-05,2.333e-05,2.24e-05,2.204e-05,2.293e-05,2.117e-05
coal,6.63e-06,7.55e-06,7.53e-06,7.55e-06,7.57e-06,8.22e-06,7.62e-06,7.44e-06,7.09e-06
cry,4.3e-07,4.2e-07,4.1e-07,6.1e-07,6.1e-07,6.2e-07,8.2e-07,8.3e-07,4.3e-07
messaging,1.755e-05,1.762e-05,1.934e-05,1.999e-05,2.005e-05,2.055e-05,2.08e-05,2.086e-05,1.759e-05
pentium,3.85e-06,3.57e-06,3.46e-06,3.47e-06,3.27e-06,3.29e-06,3.3e-06,3.31e-06,3.71e-06
quantum,0.00067054,0.00067477,0.00070864,0.00071724,0.00071848,0.00072531,0.00072642,0.00072051,0.00067265
murray,1.734e-05,1.867e-05,1.914e-05,1.917e-05,1.903e-05,1.87e-05,1.812e-05,1.776e-05,1.801e-05
intent,1.049e-05,1.175e-05,1.221e-05,1.285e-05,1.228e-05,1.253e-05,1.174e-05,1.157e-05,1.112e-05
tt,3e-06,2.94e-06,2.65e-06,2.24e-06,1.64e-06,1.64e-06,1.65e-06,1.65e-06,2.97e-06
zoo,4.07e-06,4.2e-06,4.28e-06,4.28e-06,4.3e-06,3.7e-06,3.5e-06,3.72e-06,4.14e-06
largely,5.244e-05,5.476e-05,5.537e-05,5.792e-05,5.812e-05,5.835e-05,5.808e-05,5.825e-05,5.36e-05
pleasant,1.5e-06,1.26e-06,1.02e-06,1.02e-06,1.23e-06,1.03e-06,1.03e-06,1.03e-06,1.38e-06
announce,3.64e-06,3.99e-06,4.07e-06,4.08e-06,3.48e-06,3.29e-06,3.3e-06,3.31e-06,3.81e-06
constructed,0.0001496,0.00014813,0.00014617,0.00014745,0.00014959,0.00015164,0.000152,0.00015493,0.00014887
additions,1.006e-05,1.007e-05,1.018e-05,1.06e-05,1.023e-05,1.11e-05,1.092e-05,1.115e-05,1.006e-05
requiring,3.574e-05,3.483e-05,3.501e-05,3.589e-05,3.663e-05,3.637e-05,3.625e-05,3.636e-05,3.528e-05
spoke,7.06e-06,6.71e-06,7.94e-06,5.91e-06,6.34e-06,5.96e-06,5.35e-06,5.58e-06,6.89e-06
aka,9.63e-06,9.02e-06,9.36e-06,8.36e-06,8.59e-06,9.45e-06,8.65e-06,8.88e-06,9.32e-06
arrow,4.066e-05,3.987e-05,3.583e-05,3.548e-05,3.377e-05,3.288e-05,3.357e-05,3.326e-05,4.027e-05
engagement,6.63e-06,7.55e-06,7.53e-06,6.93e-06,7.16e-06,7.6e-06,7.41e-06,7.44e-06,7.09e-06
sampling,0.00010295,9.84e-05,9.914e-05,9.707e-05,9.966e-05,9.965e-05,9.927e-05,9.791e-05,0.00010067
rough,2.14e-05,2.161e-05,2.076e-05,2.101e-05,1.944e-05,1.973e-05,1.957e-05,1.962e-05,2.15e-05
weird,1.93e-06,1.89e-06,1.63e-06,1.63e-06,1.43e-06,1.03e-06,1.03e-06,1.03e-06,1.91e-06
tee,3.21e-06,3.57e-06,3.05e-06,2.86e-06,2.66e-06,2.26e-06,2.27e-06,2.27e-06,3.39e-06
refinance,2.1e-07,2.1e-07,2e-07,2e-07,2e-07,2.1e-07,2.1e-07,2.1e-07,2.1e-07
lion,2.44e-05,2.581e-05,2.667e-05,2.57e-05,2.681e-05,2.712e-05,2.719e-05,2.582e-05,2.51e-05
inspired,6.464e-05,6.588e-05,6.535e-05,6.75e-05,6.999e-05,7.212e-05,7.332e-05,7.56e-05,6.526e-05
holes,2.483e-05,2.476e-05,2.504e-05,2.447e-05,2.517e-05,2.589e-05,2.636e-05,2.706e-05,2.48e-05
weddings,8.6e-07,1.26e-06,1.22e-06,1.02e-06,8.2e-07,8.2e-07,8.2e-07,8.3e-07,1.06e-06
blade,4.28e-06,4.41e-06,5.5e-06,5.1e-06,5.32e-06,5.34e-06,5.97e-06,6.4e-06,4.34e-06
suddenly,4.28e-06,4.62e-06,4.28e-06,4.28e-06,4.09e-06,3.9e-06,3.91e-06,4.34e-06,4.45e-06
oxygen,1.712e-05,1.783e-05,1.893e-05,1.999e-05,2.108e-05,1.973e-05,1.957e-05,1.921e-05,1.747e-05
cookie,2.14e-06,2.1e-06,1.63e-06,1.63e-06,1.84e-06,2.05e-06,2.06e-06,2.07e-06,2.12e-06
meals,1.5e-06,1.47e-06,8.1e-07,8.2e-07,6.1e-07,6.2e-07,6.2e-07,6.2e-07,1.48e-06
canyon,1.71e-06,1.68e-06,1.63e-06,1.43e-06,1.43e-06,1.44e-06,1.44e-06,1.45e-06,1.69e-06
goto,2.78e-06,2.94e-06,3.46e-06,3.26e-06,3.07e-06,2.88e-06,3.09e-06,3.31e-06,2.86e-06
meters,1.52e-05,1.469e-05,1.425e-05,1.448e-05,1.432e-05,1.541e-05,1.586e-05,1.405e-05,1.495e-05
merely,2.889e-05,2.895e-05,2.931e-05,2.957e-05,3.029e-05,3.041e-05,2.904e-05,2.975e-05,2.892e-05
calendars,4.28e-06,4.83e-06,4.48e-06,3.87e-06,4.09e-06,3.9e-06,4.12e-06,3.92e-06,4.55e-06
arrangement,4.965e-05,4.973e-05,4.947e-05,4.894e-05,4.952e-05,5.137e-05,5.128e-05,5.371e-05,4.969e-05
conclusions,1.584e-05,1.595e-05,1.649e-05,1.53e-05,1.658e-05,1.726e-05,1.709e-05,1.694e-05,1.59e-05
passes,3.403e-05,3.462e-05,3.481e-05,3.589e-05,3.499e-05,3.555e-05,3.378e-05,3.47e-05,3.432e-05
bibliography,9.85e-06,9.65e-06,9.16e-06,8.16e-06,8.59e-06,8.84e-06,8.65e-06,8.47e-06,9.75e-06
pointer,9.63e-06,1.007e-05,9.57e-06,1.04e-05,1.269e-05,1.274e-05,1.236e-05,1.322e-05,9.85e-06
compatibility,1.776e-05,1.804e-05,1.812e-05,1.835e-05,1.924e-05,1.911e-05,1.936e-05,1.942e-05,1.79e-05
stretch,1.284e-05,1.259e-05,1.262e-05,1.264e-05,1.228e-05,1.171e-05,1.153e-05,1.115e-05,1.271e-05
durham,1.134e-05,1.154e-05,1.181e-05,1.162e-05,1.146e-05,1.027e-05,1.03e-05,1.095e-05,1.144e-05
furthermore,4.516e-05,4.574e-05,4.458e-05,4.303e-05,4.379e-05,4.315e-05,4.222e-05,4.297e-05,4.545e-05
permits,1.52e-05,1.532e-05,1.486e-05,1.489e-05,1.494e-05,1.562e-05,1.421e-05,1.384e-05,1.526e-05
cooperative,2.162e-05,2.119e-05,2.015e-05,2.162e-05,2.169e-05,2.199e-05,2.245e-05,1.962e-05,2.14e-05
muslim,1.605e-05,1.637e-05,1.568e-05,1.713e-05,1.658e-05,1.603e-05,1.689e-05,1.694e-05,1.621e-05
xl,2.78e-06,2.52e-06,3.05e-06,2.86e-06,3.07e-06,3.08e-06,3.09e-06,3.51e-06,2.65e-06
neil,1.734e-05,1.741e-05,1.69e-05,1.733e-05,1.78e-05,1.746e-05,1.751e-05,1.776e-05,1.738e-05
sleeve,2.57e-06,2.52e-06,2.85e-06,2.45e-06,2.25e-06,2.26e-06,2.27e-06,2.27e-06,2.55e-06
netscape,1.669e-05,1.637e-05,1.405e-05,1.407e-05,1.432e-05,1.397e-05,1.401e-05,1.363e-05,1.653e-05
cleaner,1.93e-06,1.89e-06,1.63e-06,1.63e-06,1.43e-06,1.44e-06,1.44e-06,1.24e-06,1.91e-06
cricket,1.027e-05,1.091e-05,1.181e-05,1.142e-05,1.105e-05,1.027e-05,9.47e-06,9.71e-06,1.059e-05
beef,8.6e-07,8.4e-07,1.02e-06,8.2e-07,6.1e-07,4.1e-07,4.1e-07,4.1e-07,8.5e-07
feeding,3.21e-06,3.15e-06,3.26e-06,3.26e-06,3.27e-06,3.49e-06,3.71e-06,3.31e-06,3.18e-06
stroke,1.605e-05,1.532e-05,1.405e-05,1.326e-05,1.412e-05,1.377e-05,1.318e-05,1.301e-05,1.568e-05
township,2.14e-06,2.31e-06,2.65e-06,2.45e-06,2.46e-06,2.47e-06,1.65e-06,1.45e-06,2.22e-06
rankings,8.13e-06,7.76e-06,9.16e-06,9.18e-06,9.21e-06,9.86e-06,9.27e-06,8.88e-06,7.94e-06
measuring,7.833e-05,8.141e-05,8.224e-05,8.239e-05,8.39e-05,8.321e-05,8.197e-05,8.118e-05,7.987e-05
cad,2.761e-05,2.644e-05,2.687e-05,2.651e-05,2.619e-05,2.733e-05,2.677e-05,2.768e-05,2.702e-05
hats,4.07e-06,3.57e-06,3.46e-06,3.26e-06,3.48e-06,2.67e-06,2.68e-06,2.48e-06,3.82e-06
robin,2.012e-05,2.119e-05,1.995e-05,2.019e-05,2.026e-05,1.993e-05,1.998e-05,2.128e-05,2.065e-05
robinson,3.253e-05,3.42e-05,3.155e-05,3.181e-05,3.11e-05,3.185e-05,3.192e-05,3.181e-05,3.337e-05
jacksonville,0.0,0.0,0.0,0.0,0.0,0.0,2.1e-07,2.1e-07,0.0
strap,2.1e-07,2.1e-07,2e-07,2e-07,2e-07,2.1e-07,2.1e-07,2.1e-07,2.1e-07
headquarters,1.819e-05,1.846e-05,1.893e-05,1.835e-05,1.801e-05,1.931e-05,2.018e-05,2.045e-05,1.832e-05
sharon,1.71e-06,1.89e-06,2.44e-06,2.65e-06,2.46e-06,2.26e-06,2.06e-06,2.07e-06,1.8e-06
crowd,5.99e-06,6.08e-06,5.7e-06,5.91e-06,5.53e-06,5.75e-06,5.97e-06,5.99e-06,6.04e-06
tcp,2.183e-05,2.056e-05,2.056e-05,2.019e-05,2.128e-05,2.075e-05,2.06e-05,2.086e-05,2.119e-05
transfers,1.113e-05,1.112e-05,1.099e-05,1.142e-05,1.187e-05,1.253e-05,1.215e-05,1.177e-05,1.112e-05
surf,1.71e-06,1.05e-06,1.02e-06,1.02e-06,1.02e-06,1.03e-06,1.03e-06,8.3e-07,1.38e-06
olympic,1.584e-05,1.595e-05,1.486e-05,1.57e-05,1.535e-05,1.459e-05,1.442e-05,1.529e-05,1.59e-05
transformation,0.00017422,0.00017583,0.00017528,0.0001762,0.00017312,0.00017177,0.00017651,0.00017538,0.00017502
remained,6.742e-05,6.882e-05,6.657e-05,6.648e-05,6.753e-05,6.822e-05,6.714e-05,6.734e-05,6.812e-05
attachments,3.21e-06,3.15e-06,3.05e-06,3.06e-06,2.66e-06,2.67e-06,2.68e-06,2.48e-06,3.18e-06
dv,1.71e-06,1.68e-06,1.63e-06,1.43e-06,1.43e-06,1.64e-06,1.65e-06,1.65e-06,1.69e-06
dir,8.6e-07,6.3e-07,8.1e-07,6.1e-07,6.1e-07,6.2e-07,6.2e-07,6.2e-07,7.5e-07
entities,4.259e-05,4.364e-05,4.194e-05,4.221e-05,4.604e-05,4.808e-05,4.819e-05,4.999e-05,4.311e-05
customs,6.85e-06,6.5e-06,6.51e-06,5.71e-06,5.93e-06,5.96e-06,6.38e-06,6.61e-06,6.67e-06
administrators,4.49e-06,4.41e-06,4.07e-06,3.67e-06,4.09e-06,3.9e-06,3.91e-06,4.13e-06,4.45e-06
personality,3.082e-05,2.937e-05,2.809e-05,2.814e-05,2.763e-05,2.794e-05,2.657e-05,2.665e-05,3.009e-05
rainbow,1.905e-05,1.846e-05,1.771e-05,1.754e-05,1.637e-05,1.664e-05,1.689e-05,1.756e-05,1.875e-05
hook,8.78e-06,8.6e-06,8.55e-06,8.77e-06,8.59e-06,8.42e-06,8.86e-06,9.3e-06,8.69e-06
roulette,1.71e-06,1.68e-06,1.83e-06,1.84e-06,1.64e-06,1.44e-06,1.24e-06,1.45e-06,1.69e-06
decline,1.199e-05,1.154e-05,1.242e-05,1.285e-05,1.187e-05,1.315e-05,1.318e-05,1.301e-05,1.177e-05
gloves,2.14e-06,2.1e-06,2.04e-06,2.04e-06,2.05e-06,2.05e-06,1.65e-06,1.65e-06,2.12e-06
israeli,5.222e-05,5.518e-05,5.944e-05,6.057e-05,6.139e-05,6.061e-05,6.158e-05,6.383e-05,5.37e-05
medicare,8.6e-07,8.4e-07,8.1e-07,8.2e-07,8.2e-07,8.2e-07,8.2e-07,8.3e-07,8.5e-07
cord,4.28e-06,4.2e-06,4.07e-06,4.08e-06,3.68e-06,3.49e-06,3.71e-06,3.92e-06,4.24e-06
skiing,1.5e-06,1.68e-06,1.63e-06,1.43e-06,1.64e-06,1.44e-06,1.85e-06,2.27e-06,1.59e-06
cloud,3.36e-05,3.609e-05,3.644e-05,3.977e-05,4.011e-05,4.048e-05,4.057e-05,4.069e-05,3.484e-05
facilitate,2.354e-05,2.392e-05,2.3e-05,2.203e-05,2.292e-05,2.301e-05,2.41e-05,2.396e-05,2.373e-05
subscriber,1.284e-05,1.259e-05,1.283e-05,1.285e-05,1.289e-05,1.233e-05,1.236e-05,1.219e-05,1.271e-05
valve,4.07e-06,3.99e-06,4.07e-06,4.49e-06,4.09e-06,3.9e-06,4.12e-06,4.34e-06,4.03e-06
val,4.07e-06,4.41e-06,3.87e-06,3.67e-06,3.48e-06,3.49e-06,3.5e-06,3.51e-06,4.24e-06
hewlett,5.78e-06,6.08e-06,6.11e-06,6.12e-06,5.12e-06,4.93e-06,4.94e-06,4.96e-06,5.93e-06
explains,2.718e-05,2.665e-05,2.769e-05,2.774e-05,2.66e-05,2.651e-05,2.513e-05,2.355e-05,2.692e-05
proceed,7.06e-06,6.29e-06,5.5e-06,5.1e-06,5.32e-06,5.75e-06,5.56e-06,5.78e-06,6.67e-06
flickr,8.6e-07,8.4e-07,8.1e-07,8.2e-07,6.1e-07,6.2e-07,6.2e-07,6.2e-07,8.5e-07
feelings,4.49e-06,4.62e-06,4.07e-06,4.49e-06,4.5e-06,4.52e-06,4.53e-06,4.13e-06,4.55e-06
knife,7.06e-06,7.13e-06,6.51e-06,6.73e-06,6.96e-06,6.99e-06,7e-06,7.02e-06,7.1e-06
jamaica,1.5e-06,4.83e-06,5.7e-06,5.51e-06,5.53e-06,5.34e-06,5.35e-06,4.13e-06,3.17e-06
priorities,3.21e-06,3.78e-06,4.07e-06,4.28e-06,3.68e-06,3.49e-06,3.09e-06,2.69e-06,3.49e-06
shelf,7.28e-06,6.08e-06,6.31e-06,6.12e-06,5.93e-06,5.75e-06,5.97e-06,5.99e-06,6.68e-06
bookstore,8.6e-07,1.05e-06,1.02e-06,1.02e-06,6.1e-07,6.2e-07,6.2e-07,4.1e-07,9.5e-07
timing,2.376e-05,2.308e-05,2.239e-05,2.345e-05,1.965e-05,1.973e-05,2.039e-05,2.024e-05,2.342e-05
liked,2.78e-06,2.73e-06,2.85e-06,2.65e-06,2.86e-06,2.88e-06,2.47e-06,1.86e-06,2.75e-06
parenting,4.3e-07,4.2e-07,4.1e-07,4.1e-07,4.1e-07,4.1e-07,0.0,0.0,4.3e-07
adopt,1.498e-05,1.448e-05,1.506e-05,1.448e-05,1.31e-05,1.356e-05,1.401e-05,1.343e-05,1.473e-05
denied,9.63e-06,1.007e-05,8.75e-06,9.18e-06,8.59e-06,8.84e-06,8.44e-06,8.26e-06,9.85e-06
fotos,0.0,0.0,0.0,0.0,0.0,0.0,0.0,0.0,0.0
incredible,8.6e-07,1.05e-06,1.02e-06,1.43e-06,1.23e-06,1.03e-06,1.03e-06,1.03e-06,9.5e-07
britney,2.1e-07,2.1e-07,2e-07,2e-07,2e-07,2.1e-07,2.1e-07,2.1e-07,2.1e-07
freeware,1.049e-05,1.007e-05,1.059e-05,1.081e-05,1.085e-05,9.86e-06,9.68e-06,9.92e-06,1.028e-05
fucked,0.0,0.0,0.0,0.0,0.0,0.0,0.0,0.0,0.0
donation,2.78e-06,2.94e-06,3.26e-06,3.06e-06,3.48e-06,3.7e-06,4.12e-06,4.54e-06,2.86e-06
outer,3.981e-05,4.007e-05,4.051e-05,4.16e-05,4.154e-05,4.171e-05,4.181e-05,4.131e-05,3.994e-05
crop,8.13e-06,7.55e-06,8.35e-06,7.55e-06,6.96e-06,6.58e-06,7.21e-06,7.85e-06,7.84e-06
deaths,1.605e-05,1.532e-05,2.138e-05,2.08e-05,2.271e-05,2.26e-05,2.245e-05,2.169e-05,1.568e-05
rivers,8.56e-06,9.02e-06,8.55e-06,8.97e-06,7.98e-06,7.4e-06,7.21e-06,7.44e-06,8.79e-06
commonwealth,1.605e-05,1.7e-05,1.751e-05,1.795e-05,1.739e-05,1.767e-05,1.915e-05,1.921e-05,1.653e-05
pharmaceutical,1.22e-05,1.217e-05,1.221e-05,1.224e-05,1.207e-05,1.253e-05,1.153e-05,1.177e-05,1.218e-05
manhattan,1.562e-05,1.532e-05,1.547e-05,1.489e-05,1.494e-05,1.52e-05,1.524e-05,1.446e-05,1.547e-05
tales,6.21e-06,6.08e-06,6.11e-06,6.12e-06,6.34e-06,6.37e-06,6.18e-06,6.4e-06,6.14e-06
katrina,4.3e-07,4.2e-07,6.1e-07,6.1e-07,6.1e-07,6.2e-07,6.2e-07,6.2e-07,4.3e-07
workforce,4.71e-06,4.83e-06,4.89e-06,4.89e-06,4.91e-06,5.14e-06,5.35e-06,5.37e-06,4.77e-06
islam,1.905e-05,1.825e-05,1.873e-05,1.754e-05,1.739e-05,1.685e-05,1.627e-05,1.57e-05,1.865e-05
nodes,0.00012157,0.00012589,0.00012723,0.00012481,0.00012421,0.00012431,0.00012543,0.00012621,0.00012373
tu,8.99e-06,8.81e-06,9.98e-06,1.02e-05,1.085e-05,9.86e-06,8.86e-06,8.68e-06,8.9e-06
fy,1.07e-06,1.05e-06,1.02e-06,1.02e-06,1.02e-06,1.03e-06,1.03e-06,1.03e-06,1.06e-06
thumbs,4.3e-07,4.2e-07,4.1e-07,4.1e-07,4.1e-07,6.2e-07,6.2e-07,6.2e-07,4.3e-07
seeds,1.134e-05,1.028e-05,9.98e-06,9.99e-06,7.37e-06,7.6e-06,8.03e-06,7.64e-06,1.081e-05
cited,9.246e-05,9.274e-05,9.079e-05,8.953e-05,9.004e-05,8.876e-05,8.671e-05,8.428e-05,9.26e-05
lite,1.71e-06,1.26e-06,1.83e-06,1.84e-06,2.25e-06,2.26e-06,2.27e-06,2.27e-06,1.48e-06
ghz,2.14e-06,2.52e-06,2.85e-06,2.86e-06,2.86e-06,2.88e-06,3.09e-06,3.72e-06,2.33e-06
hub,7.06e-06,8.39e-06,7.94e-06,6.93e-06,6.96e-06,7.19e-06,7e-06,7.44e-06,7.72e-06
targeted,1.691e-05,1.72e-05,1.669e-05,1.631e-05,1.596e-05,1.541e-05,1.606e-05,1.673e-05,1.705e-05
organizational,1.734e-05,1.72e-05,1.73e-05,1.774e-05,1.78e-05,1.911e-05,1.833e-05,1.838e-05,1.727e-05
skype,2.78e-06,2.52e-06,2.24e-06,2.24e-06,2.25e-06,2.26e-06,2.27e-06,2.07e-06,2.65e-06
realized,2.868e-05,2.812e-05,2.687e-05,2.774e-05,2.763e-05,2.692e-05,2.636e-05,2.644e-05,2.84e-05
twelve,4.109e-05,3.924e-05,3.807e-05,3.671e-05,3.602e-05,3.575e-05,3.357e-05,3.326e-05,4.016e-05
founder,0.00011365,0.00011813,0.00012357,0.00012297,0.00012258,0.00012102,0.0001211,0.00012188,0.00011589
decade,2.311e-05,2.308e-05,2.321e-05,2.182e-05,2.21e-05,2.199e-05,2.183e-05,2.252e-05,2.31e-05
gamecube,0.0,0.0,4.1e-07,4.1e-07,4.1e-07,4.1e-07,4.1e-07,4.1e-07,0.0
rr,2.35e-06,2.31e-06,2.44e-06,2.45e-06,2.25e-06,2.67e-06,2.68e-06,2.69e-06,2.33e-06
dispute,1.134e-05,1.112e-05,1.12e-05,1.183e-05,1.187e-05,1.151e-05,1.153e-05,1.033e-05,1.123e-05
portuguese,2.74e-05,2.791e-05,2.789e-05,2.855e-05,2.804e-05,2.733e-05,2.677e-05,2.623e-05,2.765e-05
tired,6.4e-07,6.3e-07,6.1e-07,6.1e-07,8.2e-07,8.2e-07,8.2e-07,8.3e-07,6.4e-07
titten,0.0,0.0,0.0,0.0,0.0,0.0,0.0,0.0,0.0
adverse,4.71e-06,5.04e-06,4.89e-06,5.1e-06,5.73e-06,4.73e-06,4.33e-06,4.13e-06,4.87e-06
everywhere,3.082e-05,3.084e-05,3.013e-05,3.059e-05,2.947e-05,2.979e-05,3.007e-05,2.913e-05,3.083e-05
excerpt,3.64e-06,2.52e-06,2.44e-06,2.45e-06,2.46e-06,2.26e-06,2.27e-06,2.27e-06,3.08e-06
eng,1.092e-05,1.07e-05,9.57e-06,8.57e-06,7.78e-06,6.99e-06,7e-06,7.02e-06,1.081e-05
steam,8.56e-06,7.97e-06,8.14e-06,7.34e-06,7.98e-06,8.01e-06,8.44e-06,8.68e-06,8.26e-06
discharge,5.56e-06,5.46e-06,5.29e-06,5.71e-06,5.73e-06,5.75e-06,5.77e-06,5.78e-06,5.51e-06
ef,2.78e-06,2.73e-06,2.85e-06,2.86e-06,2.66e-06,2.67e-06,2.68e-06,2.69e-06,2.75e-06
drinks,1.93e-06,1.89e-06,1.43e-06,1.43e-06,1.02e-06,6.2e-07,1.03e-06,1.24e-06,1.91e-06
ace,5.14e-06,6.08e-06,5.9e-06,5.91e-06,6.14e-06,5.34e-06,5.15e-06,5.16e-06,5.61e-06
voices,9.63e-06,9.65e-06,1.038e-05,9.79e-06,8.39e-06,8.42e-06,8.03e-06,8.68e-06,9.64e-06
acute,1.07e-05,1.07e-05,1.079e-05,1.081e-05,1.105e-05,1.11e-05,1.05e-05,1.012e-05,1.07e-05
halloween,8.6e-07,1.05e-06,1.22e-06,1.22e-06,1.23e-06,1.23e-06,1.24e-06,8.3e-07,9.5e-07
climbing,8.35e-06,8.18e-06,7.94e-06,7.75e-06,7.57e-06,7.6e-06,7.62e-06,7.85e-06,8.26e-06
stood,9.42e-06,1.007e-05,9.77e-06,9.38e-06,9.41e-06,9.25e-06,8.65e-06,9.09e-06,9.74e-06
sing,4.07e-06,3.78e-06,3.66e-06,3.26e-06,3.48e-06,3.08e-06,2.88e-06,2.48e-06,3.92e-06
tons,2.78e-06,2.94e-06,2.85e-06,3.26e-06,2.86e-06,3.08e-06,3.09e-06,3.31e-06,2.86e-06
perfume,6.4e-07,6.3e-07,4.1e-07,4.1e-07,4.1e-07,4.1e-07,4.1e-07,4.1e-07,6.4e-07
carol,5.78e-06,6.08e-06,6.51e-06,6.32e-06,6.34e-06,5.96e-06,6.38e-06,6.61e-06,5.93e-06
honest,4.28e-06,4.2e-06,4.07e-06,4.08e-06,4.09e-06,4.52e-06,4.12e-06,5.16e-06,4.24e-06
albany,3e-06,3.36e-06,3.46e-06,3.47e-06,3.48e-06,3.49e-06,3.5e-06,3.51e-06,3.18e-06
hazardous,4.92e-06,5.04e-06,4.89e-06,4.69e-06,4.3e-06,5.34e-06,4.53e-06,4.54e-06,4.98e-06
restore,6.85e-06,6.92e-06,6.51e-06,6.53e-06,6.14e-06,5.96e-06,5.97e-06,5.78e-06,6.88e-06
stack,4.709e-05,4.595e-05,4.865e-05,4.956e-05,4.87e-05,4.993e-05,5.025e-05,5.102e-05,4.652e-05
methodology,6.121e-05,6.19e-05,6.27e-05,6.322e-05,6.528e-05,6.431e-05,6.282e-05,6.218e-05,6.156e-05
somebody,1.93e-06,1.26e-06,1.02e-06,1.22e-06,1.23e-06,1.23e-06,1.03e-06,1.03e-06,1.59e-06
sue,2.78e-06,3.15e-06,3.66e-06,3.87e-06,3.89e-06,3.9e-06,3.91e-06,3.92e-06,2.96e-06
ep,3.42e-06,3.57e-06,5.09e-06,4.89e-06,4.71e-06,4.73e-06,4.74e-06,4.75e-06,3.49e-06
housewares,0.0,0.0,0.0,0.0,0.0,0.0,0.0,0.0,0.0
reputation,1.52e-05,1.553e-05,1.73e-05,1.733e-05,1.535e-05,1.479e-05,1.442e-05,1.405e-05,1.536e-05
resistant,1.434e-05,1.49e-05,1.405e-05,1.407e-05,1.412e-05,1.418e-05,1.359e-05,1.384e-05,1.462e-05
democrats,8.6e-07,1.05e-06,8.1e-07,8.2e-07,8.2e-07,8.2e-07,8.2e-07,8.3e-07,9.5e-07
recycling,4.71e-06,4.62e-06,4.48e-06,4.28e-06,4.3e-06,4.52e-06,4.74e-06,5.16e-06,4.67e-06
hang,4.49e-06,4.83e-06,4.89e-06,5.3e-06,4.91e-06,4.52e-06,3.91e-06,3.31e-06,4.66e-06
gbp,4.3e-07,1.05e-06,1.02e-06,4.1e-07,4.1e-07,2.1e-07,2.1e-07,2.1e-07,7.4e-07
curve,0.00030156,0.0003013,0.00029925,0.00030509,0.00030593,0.00030615,0.00030915,0.00030675,0.00030143
creator,3.446e-05,3.399e-05,3.522e-05,3.487e-05,3.499e-05,3.39e-05,3.378e-05,3.388e-05,3.422e-05
amber,3.21e-06,3.15e-06,3.66e-06,4.28e-06,3.48e-06,3.49e-06,3.91e-06,3.92e-06,3.18e-06
qualifications,5.56e-06,5.46e-06,4.68e-06,5.1e-06,4.91e-06,5.34e-06,5.35e-06,4.96e-06,5.51e-06
museums,4.71e-06,5.46e-06,6.92e-06,7.55e-06,7.78e-06,7.81e-06,7.83e-06,8.47e-06,5.08e-06
coding,0.00014104,0.00014016,0.000148,0.00014683,0.00014939,0.00014999,0.00014829,0.00014894,0.0001406
slideshow,2.1e-07,0.0,0.0,0.0,0.0,0.0,0.0,0.0,1.1e-07
tracker,3e-06,3.36e-06,3.46e-06,3.67e-06,4.09e-06,3.9e-06,3.71e-06,3.51e-06,3.18e-06
variation,9.524e-05,9.526e-05,9.446e-05,9.299e-05,9.516e-05,9.575e-05,9.351e-05,9.296e-05,9.525e-05
passage,1.755e-05,1.783e-05,1.751e-05,1.611e-05,1.637e-05,1.664e-05,1.586e-05,1.653e-05,1.769e-05
transferred,2.675e-05,2.854e-05,2.952e-05,2.957e-05,2.967e-05,2.835e-05,2.966e-05,2.933e-05,2.765e-05
trunk,5.78e-06,5.87e-06,5.7e-06,6.32e-06,6.14e-06,4.93e-06,4.94e-06,4.96e-06,5.82e-06
hiking,1.07e-06,1.26e-06,1.22e-06,1.22e-06,1.23e-06,1.03e-06,1.03e-06,1.03e-06,1.16e-06
lb,2.57e-06,3.57e-06,3.26e-06,2.86e-06,3.27e-06,3.29e-06,3.5e-06,2.89e-06,3.07e-06
damn,6.4e-07,6.3e-07,6.1e-07,6.1e-07,6.1e-07,6.2e-07,6.2e-07,4.1e-07,6.4e-07
pierre,8.133e-05,8.246e-05,8.489e-05,8.504e-05,8.615e-05,8.568e-05,8.692e-05,8.614e-05,8.19e-05
jelsoft,0.0,0.0,0.0,0.0,0.0,0.0,0.0,0.0,0.0
headset,1.5e-06,2.1e-06,2.04e-06,1.43e-06,1.64e-06,2.05e-06,1.65e-06,1.45e-06,1.8e-06
photograph,2.333e-05,2.35e-05,2.3e-05,2.325e-05,2.415e-05,2.486e-05,2.43e-05,2.541e-05,2.341e-05
oakland,4.71e-06,3.99e-06,3.87e-06,3.67e-06,3.89e-06,3.7e-06,3.5e-06,3.31e-06,4.35e-06
colombia,6.21e-06,7.13e-06,7.33e-06,7.14e-06,6.34e-06,6.16e-06,6.18e-06,6.2e-06,6.67e-06
waves,7.084e-05,7.239e-05,7.695e-05,8.178e-05,8.349e-05,8.548e-05,8.856e-05,9.151e-05,7.161e-05
camel,2.35e-06,2.31e-06,3.05e-06,3.67e-06,3.89e-06,4.52e-06,4.53e-06,4.13e-06,2.33e-06
distributor,2.35e-06,2.1e-06,2.24e-06,2.45e-06,2.86e-06,3.08e-06,2.68e-06,2.89e-06,2.22e-06
lamps,2.35e-06,2.31e-06,2.24e-06,2.65e-06,2.46e-06,2.47e-06,2.47e-06,2.69e-06,2.33e-06
underlying,0.00010016,9.924e-05,9.955e-05,9.952e-05,0.0001017,0.00010191,0.00010236,0.00010184,9.97e-05
hood,2.14e-06,2.1e-06,2.24e-06,1.84e-06,1.64e-06,2.05e-06,2.06e-06,2.27e-06,2.12e-06
wrestling,6.4e-07,1.05e-06,1.22e-06,1.22e-06,1.23e-06,1.23e-06,1.44e-06,1.24e-06,8.4e-07
suicide,6.21e-06,6.29e-06,5.5e-06,5.51e-06,5.93e-06,6.16e-06,6.38e-06,5.37e-06,6.25e-06
archived,1.049e-05,1.028e-05,1.059e-05,1.06e-05,1.351e-05,1.356e-05,1.339e-05,1.343e-05,1.038e-05
photoshop,1.5e-06,1.47e-06,1.83e-06,1.84e-06,1.84e-06,1.85e-06,1.65e-06,1.45e-06,1.48e-06
jp,3.85e-06,3.36e-06,3.46e-06,3.67e-06,3.68e-06,3.49e-06,3.3e-06,2.89e-06,3.61e-06
chi,2.59e-05,2.497e-05,2.504e-05,2.529e-05,2.517e-05,2.486e-05,2.513e-05,2.479e-05,2.543e-05
bt,6.85e-06,6.29e-06,6.11e-06,6.93e-06,7.37e-06,7.4e-06,7.41e-06,6.61e-06,6.57e-06
arabia,4.28e-06,4.83e-06,5.09e-06,4.89e-06,4.5e-06,4.31e-06,4.33e-06,4.34e-06,4.55e-06
gathering,1.241e-05,1.217e-05,1.201e-05,1.244e-05,1.228e-05,1.253e-05,1.236e-05,1.157e-05,1.229e-05
projection,0.00010188,0.00010512,0.00010443,0.0001034,0.0001058,0.00011054,0.00010875,0.00011196,0.0001035
juice,1.28e-06,1.47e-06,1.43e-06,1.43e-06,1.64e-06,1.64e-06,1.65e-06,1.65e-06,1.37e-06
chase,4.49e-06,4.41e-06,4.28e-06,4.08e-06,4.09e-06,3.9e-06,3.91e-06,4.13e-06,4.45e-06
mathematical,0.00204502,0.0020648,0.00205751,0.00205506,0.0020433,0.00204113,0.00202912,0.00201197,0.00205491
logical,0.00016073,0.00016093,0.00015573,0.00015785,0.00016003,0.00016211,0.00016415,0.00016711,0.00016083
sauce,4.3e-07,4.2e-07,6.1e-07,6.1e-07,6.1e-07,6.2e-07,6.2e-07,4.1e-07,4.3e-07
fame,2.097e-05,2.161e-05,2.015e-05,2.162e-05,2.149e-05,2.219e-05,2.183e-05,2.169e-05,2.129e-05
extract,1.99e-05,2.035e-05,2.036e-05,1.999e-05,2.149e-05,2.24e-05,2.327e-05,2.561e-05,2.013e-05
specialized,5.522e-05,5.833e-05,5.883e-05,6.057e-05,5.975e-05,6.226e-05,6.323e-05,6.404e-05,5.677e-05
diagnostic,9.42e-06,1.007e-05,1.018e-05,1.081e-05,1.146e-05,1.048e-05,9.68e-06,1.033e-05,9.74e-06
panama,2.35e-06,3.36e-06,3.87e-06,3.87e-06,4.91e-06,4.31e-06,4.33e-06,3.92e-06,2.85e-06
indianapolis,4.71e-06,4.41e-06,4.28e-06,5.1e-06,4.09e-06,4.31e-06,4.33e-06,4.75e-06,4.56e-06
af,4.71e-06,4.2e-06,4.28e-06,4.49e-06,4.5e-06,4.31e-06,4.12e-06,4.54e-06,4.45e-06
payable,2.35e-06,2.31e-06,1.83e-06,1.84e-06,1.84e-06,1.85e-06,1.85e-06,1.86e-06,2.33e-06
corporations,7.49e-06,7.76e-06,7.94e-06,7.55e-06,8.19e-06,8.84e-06,8.65e-06,8.88e-06,7.63e-06
courtesy,7.28e-06,7.97e-06,8.14e-06,8.36e-06,8.39e-06,8.01e-06,8.24e-06,8.06e-06,7.62e-06
criticism,2.547e-05,2.602e-05,2.504e-05,2.59e-05,2.66e-05,2.733e-05,2.842e-05,2.83e-05,2.574e-05
automobile,6.42e-06,6.5e-06,6.31e-06,6.12e-06,5.93e-06,6.16e-06,6.59e-06,6.2e-06,6.46e-06
confidential,5.78e-06,5.87e-06,5.5e-06,5.51e-06,6.14e-06,6.78e-06,7e-06,7.02e-06,5.82e-06
rfc,3.103e-05,2.854e-05,2.993e-05,2.937e-05,2.64e-05,2.527e-05,2.348e-05,2.314e-05,2.979e-05
statutory,3.85e-06,4.41e-06,5.7e-06,5.3e-06,5.32e-06,5.75e-06,5.56e-06,5.58e-06,4.13e-06
accommodations,6.4e-07,6.3e-07,6.1e-07,6.1e-07,6.1e-07,4.1e-07,4.1e-07,4.1e-07,6.4e-07
athens,1.413e-05,1.574e-05,1.466e-05,1.468e-05,1.494e-05,1.438e-05,1.565e-05,1.591e-05,1.493e-05
northeast,7.49e-06,6.92e-06,6.92e-06,5.91e-06,6.96e-06,6.78e-06,6.8e-06,6.82e-06,7.2e-06
downloaded,9.42e-06,9.44e-06,9.57e-06,9.38e-06,8.8e-06,8.63e-06,8.44e-06,8.68e-06,9.43e-06
judges,5.35e-06,5.67e-06,5.5e-06,5.71e-06,5.93e-06,5.75e-06,5.56e-06,5.37e-06,5.51e-06
sl,8.56e-06,8.18e-06,8.55e-06,7.95e-06,7.98e-06,8.22e-06,8.24e-06,8.06e-06,8.37e-06
seo,2.1e-07,2.1e-07,2e-07,2e-07,2e-07,2.1e-07,2.1e-07,2.1e-07,2.1e-07
retired,7.898e-05,7.826e-05,7.878e-05,7.831e-05,7.981e-05,7.828e-05,7.806e-05,7.643e-05,7.862e-05
isp,3.64e-06,3.57e-06,3.46e-06,3.26e-06,2.66e-06,3.08e-06,3.09e-06,2.89e-06,3.61e-06
remarks,8.56e-06,7.55e-06,6.92e-06,5.91e-06,6.14e-06,5.96e-06,5.97e-06,6.2e-06,8.05e-06
detected,1.905e-05,1.783e-05,1.893e-05,1.958e-05,1.924e-05,2.034e-05,1.957e-05,1.983e-05,1.844e-05
decades,4.773e-05,4.658e-05,4.58e-05,4.792e-05,4.809e-05,4.705e-05,4.84e-05,4.813e-05,4.715e-05
paintings,1.562e-05,1.532e-05,1.588e-05,1.57e-05,1.576e-05,1.623e-05,1.689e-05,1.653e-05,1.547e-05
walked,2.14e-06,2.31e-06,2.24e-06,1.63e-06,1.64e-06,1.64e-06,1.65e-06,1.45e-06,2.22e-06
arising,2.697e-05,2.791e-05,2.667e-05,2.61e-05,2.783e-05,2.774e-05,2.801e-05,2.727e-05,2.744e-05
nissan,6.4e-07,8.4e-07,8.1e-07,8.2e-07,8.2e-07,8.2e-07,8.2e-07,8.3e-07,7.4e-07
bracelet,1.71e-06,1.68e-06,1.43e-06,1.43e-06,1.43e-06,1.23e-06,1.24e-06,1.24e-06,1.69e-06
ins,4.07e-06,3.99e-06,4.07e-06,4.08e-06,4.09e-06,4.11e-06,4.12e-06,4.34e-06,4.03e-06
eggs,5.78e-06,5.25e-06,5.09e-06,4.69e-06,4.91e-06,4.93e-06,4.53e-06,4.75e-06,5.51e-06
juvenile,1.71e-06,1.68e-06,1.43e-06,1.63e-06,1.64e-06,1.44e-06,1.44e-06,1.65e-06,1.69e-06
injection,7.06e-06,6.92e-06,7.53e-06,7.14e-06,7.37e-06,7.81e-06,8.24e-06,8.47e-06,6.99e-06
yorkshire,6.21e-06,5.87e-06,5.5e-06,5.3e-06,5.12e-06,5.14e-06,4.94e-06,4.75e-06,6.04e-06
populations,3.767e-05,4.07e-05,3.949e-05,3.956e-05,3.806e-05,3.904e-05,3.851e-05,3.883e-05,3.918e-05
protective,3.85e-06,3.78e-06,4.28e-06,4.49e-06,4.09e-06,4.52e-06,4.12e-06,4.34e-06,3.81e-06
afraid,6.4e-07,6.3e-07,6.1e-07,1.02e-06,8.2e-07,8.2e-07,8.2e-07,8.3e-07,6.4e-07
acoustic,2.183e-05,2.245e-05,2.341e-05,2.325e-05,2.312e-05,2.301e-05,2.327e-05,2.21e-05,2.214e-05
railway,6.63e-06,6.92e-06,6.72e-06,6.93e-06,6.75e-06,7.19e-06,7e-06,5.99e-06,6.78e-06
cassette,1.5e-06,1.47e-06,1.43e-06,1.22e-06,1.23e-06,1.23e-06,1.44e-06,1.45e-06,1.48e-06
initially,8.304e-05,8.456e-05,8.733e-05,9.014e-05,9.209e-05,9.205e-05,9.515e-05,9.957e-05,8.38e-05
indicator,2.782e-05,2.874e-05,2.993e-05,3.039e-05,3.09e-05,3.103e-05,3.048e-05,2.995e-05,2.828e-05
pointed,4.751e-05,4.658e-05,4.56e-05,4.507e-05,4.584e-05,4.561e-05,4.305e-05,4.193e-05,4.704e-05
hb,2.1e-07,4.2e-07,8.1e-07,8.2e-07,8.2e-07,8.2e-07,8.2e-07,8.3e-07,3.2e-07
jpg,3.64e-06,2.94e-06,2.24e-06,1.84e-06,1.84e-06,1.23e-06,1.03e-06,4.1e-07,3.29e-06
causing,2.247e-05,2.35e-05,2.423e-05,2.488e-05,2.578e-05,2.63e-05,2.698e-05,2.706e-05,2.298e-05
mistake,5.78e-06,6.71e-06,6.31e-06,6.32e-06,6.34e-06,5.96e-06,5.77e-06,5.37e-06,6.25e-06
norton,1.541e-05,1.511e-05,1.405e-05,1.407e-05,1.351e-05,1.315e-05,1.298e-05,1.322e-05,1.526e-05
locked,7.92e-06,8.6e-06,8.14e-06,8.97e-06,9.62e-06,9.66e-06,8.65e-06,8.47e-06,8.26e-06
eliminate,1.905e-05,1.825e-05,1.771e-05,1.774e-05,1.719e-05,1.685e-05,1.709e-05,1.797e-05,1.865e-05
tc,3.21e-06,3.36e-06,3.66e-06,3.87e-06,3.89e-06,3.49e-06,3.5e-06,3.51e-06,3.28e-06
fusion,1.52e-05,1.448e-05,1.466e-05,1.468e-05,1.494e-05,1.52e-05,1.442e-05,1.508e-05,1.484e-05
mineral,1.006e-05,9.23e-06,9.16e-06,9.79e-06,1.023e-05,1.048e-05,1.092e-05,1.074e-05,9.64e-06
sunglasses,1.07e-06,1.26e-06,1.22e-06,1.02e-06,1.02e-06,6.2e-07,4.1e-07,4.1e-07,1.16e-06
ruby,5.56e-06,5.67e-06,6.11e-06,6.12e-06,6.34e-06,6.16e-06,5.77e-06,5.78e-06,5.61e-06
steering,1.52e-05,1.448e-05,1.547e-05,1.448e-05,1.473e-05,1.438e-05,1.442e-05,1.467e-05,1.484e-05
beads,5.99e-06,5.25e-06,4.89e-06,6.12e-06,5.93e-06,5.75e-06,6.59e-06,6.2e-06,5.62e-06
fortune,1.049e-05,1.112e-05,1.059e-05,1.081e-05,1.044e-05,1.048e-05,1.009e-05,1.053e-05,1.08e-05
preference,2.29e-05,2.245e-05,2.219e-05,2.141e-05,2.169e-05,2.24e-05,2.224e-05,2.128e-05,2.268e-05
canvas,5.99e-06,6.29e-06,6.51e-06,6.32e-06,6.55e-06,6.58e-06,6.8e-06,6.4e-06,6.14e-06
threshold,3.253e-05,3.462e-05,3.563e-05,3.773e-05,3.847e-05,3.74e-05,3.872e-05,3.801e-05,3.358e-05
parish,6.63e-06,7.13e-06,6.51e-06,6.12e-06,6.14e-06,5.96e-06,5.56e-06,5.78e-06,6.88e-06
claimed,3.382e-05,3.462e-05,3.664e-05,3.671e-05,3.704e-05,3.801e-05,3.934e-05,3.677e-05,3.422e-05
screens,5.99e-06,6.08e-06,6.31e-06,6.53e-06,6.34e-06,6.58e-06,6.18e-06,6.2e-06,6.04e-06
cemetery,7.28e-06,6.92e-06,6.51e-06,6.53e-06,6.75e-06,6.58e-06,6.38e-06,6.4e-06,7.1e-06
planner,4.49e-06,4.41e-06,4.48e-06,4.49e-06,4.5e-06,4.52e-06,4.53e-06,4.96e-06,4.45e-06
croatia,9.42e-06,8.81e-06,8.55e-06,8.57e-06,8.8e-06,8.42e-06,9.68e-06,9.09e-06,9.11e-06
flows,7.555e-05,7.553e-05,7.308e-05,7.342e-05,7.408e-05,7.356e-05,7.518e-05,7.622e-05,7.554e-05
stadium,5.78e-06,5.87e-06,5.5e-06,5.1e-06,4.3e-06,4.31e-06,4.33e-06,4.13e-06,5.82e-06
venezuela,3.21e-06,3.36e-06,3.66e-06,3.47e-06,3.48e-06,3.49e-06,3.71e-06,4.34e-06,3.28e-06
exploration,1.969e-05,1.993e-05,1.893e-05,1.917e-05,1.842e-05,1.829e-05,1.936e-05,1.983e-05,1.981e-05
mins,6.4e-07,6.3e-07,6.1e-07,6.1e-07,6.1e-07,6.2e-07,8.2e-07,8.3e-07,6.4e-07
fewer,4.024e-05,4.028e-05,3.97e-05,3.854e-05,4.011e-05,3.904e-05,3.748e-05,3.822e-05,4.026e-05
sequences,0.00020632,0.00020016,0.00020378,0.00020353,0.0002075,0.00020896,0.00020884,0.00021339,0.00020324
coupon,2.78e-06,2.94e-06,2.85e-06,2.86e-06,2.86e-06,3.08e-06,2.88e-06,2.89e-06,2.86e-06
nurses,1.93e-06,1.89e-06,2.04e-06,2.04e-06,2.05e-06,2.05e-06,2.06e-06,2.07e-06,1.91e-06
ssl,1.584e-05,1.595e-05,1.466e-05,1.428e-05,1.351e-05,1.336e-05,1.339e-05,1.322e-05,1.59e-05
stem,1.905e-05,1.846e-05,2.015e-05,2.06e-05,2.005e-05,1.993e-05,1.936e-05,2.19e-05,1.875e-05
proxy,1.37e-05,1.343e-05,1.323e-05,1.326e-05,1.351e-05,1.356e-05,1.359e-05,1.446e-05,1.356e-05
gangbang,0.0,0.0,0.0,0.0,0.0,0.0,0.0,0.0,0.0
astronomy,0.00010038,0.00010365,0.00010321,0.00010645,0.00010641,0.00010541,0.00010772,0.00010886,0.00010202
lanka,5.56e-06,7.55e-06,6.51e-06,6.53e-06,6.96e-06,6.78e-06,6.38e-06,5.99e-06,6.55e-06
opt,6.21e-06,6.5e-06,5.7e-06,5.51e-06,5.93e-06,4.93e-06,4.94e-06,5.16e-06,6.35e-06
edwards,1.455e-05,1.49e-05,1.384e-05,1.387e-05,1.453e-05,1.562e-05,1.545e-05,1.591e-05,1.472e-05
drew,1.348e-05,1.364e-05,1.466e-05,1.366e-05,1.392e-05,1.356e-05,1.359e-05,1.322e-05,1.356e-05
contests,4.92e-06,5.46e-06,5.09e-06,5.1e-06,4.91e-06,5.14e-06,5.15e-06,4.75e-06,5.19e-06
flu,1.07e-06,1.26e-06,1.22e-06,6.1e-07,6.1e-07,6.2e-07,6.2e-07,6.2e-07,1.16e-06
translate,1.199e-05,1.196e-05,1.303e-05,1.183e-05,1.228e-05,1.192e-05,1.05e-05,1.033e-05,1.197e-05
announces,3.85e-06,3.99e-06,3.87e-06,3.87e-06,4.09e-06,4.11e-06,4.12e-06,4.13e-06,3.92e-06
mlb,2.35e-06,2.52e-06,2.24e-06,2.86e-06,2.66e-06,3.08e-06,3.09e-06,2.69e-06,2.43e-06
costume,8.35e-06,8.81e-06,9.16e-06,9.38e-06,9e-06,8.22e-06,7.62e-06,7.23e-06,8.58e-06
tagged,5.99e-06,5.87e-06,3.66e-06,4.08e-06,3.68e-06,3.7e-06,3.71e-06,3.51e-06,5.93e-06
berkeley,0.00012585,0.0001261,0.00012275,0.00011767,0.00011439,0.00011342,0.00011142,0.00010948,0.00012598
voted,6.21e-06,6.92e-06,6.72e-06,6.12e-06,6.96e-06,7.4e-06,8.65e-06,8.26e-06,6.56e-06
killer,7.28e-06,7.76e-06,7.53e-06,7.14e-06,7.57e-06,6.99e-06,6.38e-06,7.23e-06,7.52e-06
bikes,1.07e-06,1.26e-06,1.22e-06,1.22e-06,1.02e-06,1.03e-06,1.03e-06,1.03e-06,1.16e-06
gates,2.932e-05,3.021e-05,3.135e-05,3.202e-05,3.151e-05,3.185e-05,2.986e-05,3.016e-05,2.977e-05
adjusted,2.847e-05,2.77e-05,2.667e-05,2.61e-05,2.701e-05,2.774e-05,2.657e-05,2.603e-05,2.808e-05
rap,1.28e-06,1.05e-06,1.02e-06,1.02e-06,1.02e-06,1.23e-06,1.24e-06,1.24e-06,1.16e-06
tune,8.99e-06,9.65e-06,1.059e-05,9.79e-06,9.21e-06,9.04e-06,8.86e-06,8.88e-06,9.32e-06
bishop,2.782e-05,2.979e-05,2.952e-05,3.018e-05,2.763e-05,2.651e-05,2.636e-05,2.727e-05,2.88e-05
pulled,5.78e-06,5.46e-06,5.5e-06,5.51e-06,5.32e-06,5.55e-06,5.56e-06,5.58e-06,5.62e-06
corn,3.42e-06,3.15e-06,2.85e-06,2.65e-06,2.66e-06,2.88e-06,2.88e-06,2.89e-06,3.28e-06
gp,4.28e-06,5.04e-06,4.68e-06,5.1e-06,4.3e-06,4.11e-06,4.12e-06,3.72e-06,4.66e-06
shaped,4.366e-05,4.469e-05,4.295e-05,4.303e-05,4.42e-05,4.603e-05,4.655e-05,4.792e-05,4.418e-05
compression,0.00012991,0.0001261,0.00013008,0.00013011,0.00013097,0.00013068,0.00013099,0.0001322,0.000128
seasonal,6.42e-06,5.87e-06,5.7e-06,6.12e-06,6.14e-06,6.58e-06,6.8e-06,5.99e-06,6.14e-06
establishing,3.082e-05,3.084e-05,3.094e-05,3.079e-05,2.967e-05,3e-05,2.904e-05,3.057e-05,3.083e-05
farmer,6.21e-06,6.92e-06,7.13e-06,6.32e-06,5.93e-06,5.96e-06,5.77e-06,5.78e-06,6.56e-06
counters,6.85e-06,6.92e-06,7.13e-06,7.14e-06,7.16e-06,6.78e-06,7.21e-06,7.44e-06,6.88e-06
puts,1.092e-05,9.86e-06,1.018e-05,1.02e-05,9.62e-06,9.25e-06,9.27e-06,9.3e-06,1.039e-05
constitutional,5.56e-06,6.08e-06,6.11e-06,6.73e-06,6.55e-06,7.19e-06,7.83e-06,7.64e-06,5.82e-06
grew,2.889e-05,2.895e-05,2.891e-05,2.753e-05,2.538e-05,2.466e-05,2.554e-05,2.582e-05,2.892e-05
perfectly,2.14e-05,1.909e-05,2.015e-05,1.897e-05,1.924e-05,1.931e-05,1.895e-05,1.9e-05,2.025e-05
tin,8.78e-06,7.55e-06,7.74e-06,7.34e-06,7.16e-06,7.19e-06,7.83e-06,8.26e-06,8.17e-06
slave,2.35e-06,2.52e-06,2.85e-06,3.06e-06,2.66e-06,2.05e-06,2.27e-06,2.27e-06,2.43e-06
instantly,4.07e-06,4.41e-06,4.48e-06,4.49e-06,4.71e-06,4.52e-06,4.12e-06,3.92e-06,4.24e-06
cultures,2.611e-05,2.602e-05,2.728e-05,2.712e-05,2.722e-05,2.671e-05,2.616e-05,2.768e-05,2.607e-05
norfolk,4.07e-06,4.41e-06,4.68e-06,4.89e-06,4.71e-06,5.34e-06,5.56e-06,5.58e-06,4.24e-06
coaching,1.07e-06,1.05e-06,1.22e-06,1.22e-06,1.23e-06,1.23e-06,1.03e-06,1.03e-06,1.06e-06
examined,1.798e-05,1.867e-05,1.812e-05,1.733e-05,1.658e-05,1.644e-05,1.565e-05,1.632e-05,1.832e-05
trek,5.35e-06,4.62e-06,4.07e-06,4.08e-06,5.32e-06,4.93e-06,4.94e-06,5.37e-06,4.98e-06
encoding,8.304e-05,8.078e-05,8.306e-05,8.341e-05,8.288e-05,8.465e-05,8.403e-05,8.614e-05,8.191e-05
litigation,2.14e-06,2.1e-06,1.83e-06,1.84e-06,1.84e-06,2.47e-06,2.68e-06,2.48e-06,2.12e-06
submissions,4.49e-06,4.83e-06,4.48e-06,5.3e-06,4.91e-06,5.14e-06,4.94e-06,5.16e-06,4.66e-06
oem,2.78e-06,2.31e-06,2.24e-06,2.24e-06,2.46e-06,2.05e-06,2.06e-06,2.07e-06,2.55e-06
heroes,5.56e-06,5.67e-06,5.9e-06,5.71e-06,5.53e-06,5.96e-06,5.97e-06,6.2e-06,5.61e-06
painted,2.076e-05,2.203e-05,2.239e-05,2.264e-05,2.21e-05,2.157e-05,2.163e-05,2.148e-05,2.14e-05
lycos,0.0,0.0,0.0,0.0,0.0,0.0,0.0,0.0,0.0
ir,3.42e-06,3.36e-06,3.66e-06,3.67e-06,4.09e-06,4.31e-06,4.33e-06,4.13e-06,3.39e-06
zdnet,1.28e-06,1.26e-06,1.02e-06,1.22e-06,1.23e-06,1.03e-06,8.2e-07,8.3e-07,1.27e-06
broadcasting,1.006e-05,9.65e-06,9.16e-06,8.77e-06,1.003e-05,9.25e-06,9.27e-06,9.09e-06,9.85e-06
horizontal,7.17e-05,7.323e-05,7.512e-05,7.566e-05,7.49e-05,7.602e-05,7.6e-05,7.622e-05,7.246e-05
artwork,1.049e-05,1.049e-05,9.98e-06,1.06e-05,1.085e-05,1.089e-05,1.092e-05,1.033e-05,1.049e-05
cosmetic,8.6e-07,1.68e-06,1.63e-06,1.63e-06,1.64e-06,1.64e-06,1.44e-06,1.24e-06,1.27e-06
resulted,2.397e-05,2.476e-05,2.463e-05,2.447e-05,2.394e-05,2.445e-05,2.492e-05,2.541e-05,2.437e-05
portrait,1.22e-05,1.28e-05,1.201e-05,1.162e-05,1.126e-05,1.089e-05,1.133e-05,1.157e-05,1.25e-05
terrorist,3.21e-06,3.57e-06,3.66e-06,3.06e-06,3.07e-06,3.08e-06,3.3e-06,3.31e-06,3.39e-06
informational,3.42e-06,3.99e-06,3.87e-06,3.47e-06,3.48e-06,3.08e-06,3.71e-06,3.72e-06,3.71e-06
ethical,1.627e-05,1.574e-05,1.629e-05,1.713e-05,1.78e-05,1.829e-05,2.039e-05,2.066e-05,1.601e-05
carriers,9.2e-06,8.6e-06,8.75e-06,9.38e-06,1.003e-05,9.86e-06,1.009e-05,1.053e-05,8.9e-06
ecommerce,1.07e-06,8.4e-07,1.02e-06,1.22e-06,1.23e-06,1.23e-06,1.03e-06,1.03e-06,9.5e-07
mobility,2.033e-05,1.972e-05,2.036e-05,1.917e-05,1.965e-05,1.89e-05,1.895e-05,1.88e-05,2.002e-05
floral,3.42e-06,3.57e-06,3.66e-06,2.65e-06,2.86e-06,3.08e-06,3.3e-06,3.31e-06,3.49e-06
builders,2.35e-06,2.94e-06,2.85e-06,2.86e-06,2.46e-06,2.26e-06,2.27e-06,2.27e-06,2.65e-06
ties,4.495e-05,4.343e-05,4.377e-05,4.303e-05,1.105e-05,1.13e-05,1.112e-05,1.095e-05,4.419e-05
struggle,4.71e-06,4.62e-06,4.68e-06,4.89e-06,5.12e-06,5.14e-06,5.56e-06,5.78e-06,4.67e-06
schemes,9.439e-05,9.463e-05,9.324e-05,9.361e-05,9.393e-05,9.431e-05,9.536e-05,9.564e-05,9.451e-05
suffering,4.07e-06,3.99e-06,3.26e-06,3.67e-06,3.48e-06,2.88e-06,3.09e-06,3.1e-06,4.03e-06
neutral,3.467e-05,3.399e-05,3.563e-05,3.589e-05,3.581e-05,3.637e-05,3.501e-05,3.367e-05,3.433e-05
fisher,4.281e-05,4.427e-05,4.336e-05,4.344e-05,4.338e-05,4.418e-05,4.469e-05,4.606e-05,4.354e-05
rat,3.42e-06,3.36e-06,2.65e-06,2.45e-06,2.86e-06,2.88e-06,2.88e-06,2.69e-06,3.39e-06
spears,1.07e-06,1.05e-06,8.1e-07,6.1e-07,6.1e-07,8.2e-07,8.2e-07,8.3e-07,1.06e-06
prospective,5.14e-06,5.67e-06,5.29e-06,5.51e-06,5.53e-06,5.75e-06,5.15e-06,5.16e-06,5.4e-06
dildos,0.0,0.0,0.0,0.0,0.0,0.0,0.0,0.0,0.0
bedding,4.3e-07,4.2e-07,6.1e-07,6.1e-07,4.1e-07,4.1e-07,4.1e-07,8.3e-07,4.3e-07
ultimately,2.868e-05,2.791e-05,2.708e-05,2.631e-05,2.64e-05,2.671e-05,2.616e-05,2.892e-05,2.829e-05
joining,4.345e-05,4.049e-05,3.888e-05,3.956e-05,3.99e-05,3.842e-05,3.728e-05,3.429e-05,4.197e-05
heading,5.56e-06,6.5e-06,6.31e-06,5.91e-06,6.34e-06,5.75e-06,5.56e-06,5.16e-06,6.03e-06
equally,4.345e-05,4.154e-05,3.766e-05,3.814e-05,3.765e-05,3.863e-05,3.831e-05,3.822e-05,4.249e-05
artificial,0.0001862,0.00019744,0.00019543,0.00019659,0.0001985,0.00019828,0.00020143,0.00020202,0.00019182
bearing,1.883e-05,1.846e-05,1.751e-05,1.713e-05,1.719e-05,1.808e-05,1.771e-05,1.797e-05,1.865e-05
spectacular,3.21e-06,3.15e-06,3.26e-06,3.06e-06,2.86e-06,3.08e-06,3.09e-06,3.1e-06,3.18e-06
coordination,1.862e-05,1.72e-05,1.73e-05,1.672e-05,1.76e-05,1.767e-05,1.73e-05,1.735e-05,1.791e-05
connector,4.28e-06,4.2e-06,7.33e-06,7.75e-06,4.71e-06,3.9e-06,3.91e-06,3.92e-06,4.24e-06
brad,2.57e-06,3.78e-06,3.66e-06,3.87e-06,4.3e-06,4.11e-06,4.12e-06,3.92e-06,3.18e-06
combo,2.1e-07,4.2e-07,4.1e-07,4.1e-07,2e-07,4.1e-07,4.1e-07,4.1e-07,3.2e-07
seniors,6.4e-07,4.2e-07,4.1e-07,4.1e-07,4.1e-07,4.1e-07,4.1e-07,4.1e-07,5.3e-07
worlds,1.905e-05,1.846e-05,1.853e-05,1.937e-05,1.903e-05,1.931e-05,1.854e-05,1.921e-05,1.875e-05
guilty,3.64e-06,3.57e-06,3.87e-06,3.87e-06,4.09e-06,4.11e-06,4.12e-06,2.89e-06,3.61e-06
affiliated,2.354e-05,2.602e-05,2.708e-05,2.774e-05,2.865e-05,2.794e-05,2.801e-05,2.789e-05,2.478e-05
activation,1.477e-05,1.616e-05,1.669e-05,1.652e-05,1.801e-05,1.685e-05,1.812e-05,1.797e-05,1.547e-05
naturally,5.094e-05,5.057e-05,4.988e-05,5.139e-05,5.095e-05,5.178e-05,5.128e-05,5.226e-05,5.075e-05
haven,6.21e-06,6.5e-06,6.11e-06,5.91e-06,5.32e-06,5.14e-06,4.94e-06,4.13e-06,6.35e-06
tablet,9.85e-06,9.44e-06,9.98e-06,9.38e-06,9.21e-06,9.25e-06,8.44e-06,8.88e-06,9.64e-06
jury,1.113e-05,1.07e-05,1.079e-05,1.264e-05,1.33e-05,1.315e-05,1.339e-05,1.384e-05,1.091e-05
dos,2.504e-05,2.434e-05,2.341e-05,2.325e-05,2.251e-05,2.281e-05,2.266e-05,2.334e-05,2.469e-05
tail,3.382e-05,3.315e-05,3.176e-05,3.222e-05,3.049e-05,3.061e-05,3.007e-05,2.975e-05,3.348e-05
subscribers,8.56e-06,8.6e-06,8.14e-06,8.57e-06,8.8e-06,8.22e-06,8.24e-06,8.88e-06,8.58e-06
charm,2.57e-06,2.31e-06,2.65e-06,2.65e-06,2.86e-06,3.08e-06,3.09e-06,3.1e-06,2.44e-06
lawn,1.07e-06,8.4e-07,8.1e-07,1.43e-06,1.64e-06,1.85e-06,1.85e-06,1.86e-06,9.5e-07
violent,3.64e-06,4.62e-06,4.68e-06,4.49e-06,5.12e-06,5.14e-06,5.15e-06,5.37e-06,4.13e-06
mitsubishi,1.07e-06,1.47e-06,1.22e-06,1.22e-06,1.43e-06,1.44e-06,1.44e-06,1.24e-06,1.27e-06
underwear,8.6e-07,6.3e-07,6.1e-07,8.2e-07,6.1e-07,2.1e-07,2.1e-07,2.1e-07,7.5e-07
basin,9.63e-06,1.007e-05,8.96e-06,8.97e-06,1.064e-05,1.007e-05,9.89e-06,9.92e-06,9.85e-06
soup,1.93e-06,1.05e-06,1.02e-06,1.02e-06,1.02e-06,1.44e-06,1.85e-06,1.86e-06,1.49e-06
potentially,3.168e-05,3.147e-05,3.094e-05,3.283e-05,3.397e-05,3.308e-05,3.337e-05,3.553e-05,3.158e-05
ranch,8.6e-07,8.4e-07,8.1e-07,8.2e-07,6.1e-07,6.2e-07,6.2e-07,6.2e-07,8.5e-07
constraints,9.61e-05,9.295e-05,9.303e-05,9.116e-05,9.004e-05,9.287e-05,9.351e-05,9.234e-05,9.453e-05
crossing,2.697e-05,2.686e-05,2.748e-05,2.896e-05,2.947e-05,2.979e-05,2.883e-05,2.975e-05,2.692e-05
inclusive,7.28e-06,8.39e-06,8.14e-06,1.06e-05,1.085e-05,9.66e-06,8.86e-06,9.71e-06,7.83e-06
dimensional,0.00060912,0.00060721,0.00060726,0.00060406,0.00060511,0.00060983,0.00061397,0.00062177,0.00060816
cottage,6.4e-07,8.4e-07,8.1e-07,6.1e-07,6.1e-07,6.2e-07,6.2e-07,4.1e-07,7.4e-07
drunk,1.5e-06,1.26e-06,1.22e-06,1.02e-06,1.02e-06,8.2e-07,4.1e-07,4.1e-07,1.38e-06
considerable,2.311e-05,2.287e-05,2.361e-05,2.304e-05,2.333e-05,2.178e-05,2.204e-05,2.086e-05,2.299e-05
crimes,6.63e-06,6.5e-06,7.33e-06,7.55e-06,7.78e-06,7.4e-06,7.41e-06,8.26e-06,6.56e-06
resolved,1.455e-05,1.469e-05,1.486e-05,1.407e-05,1.432e-05,1.438e-05,1.421e-05,1.508e-05,1.462e-05
mozilla,1.905e-05,1.825e-05,1.649e-05,1.652e-05,1.658e-05,1.664e-05,1.689e-05,1.673e-05,1.865e-05
byte,3.339e-05,3.336e-05,3.196e-05,3.447e-05,3.479e-05,3.637e-05,3.584e-05,3.574e-05,3.337e-05
toner,0.0,0.0,0.0,0.0,2e-07,2.1e-07,2.1e-07,4.1e-07,0.0
nose,5.78e-06,5.87e-06,6.31e-06,6.32e-06,5.93e-06,5.75e-06,5.56e-06,5.99e-06,5.82e-06
latex,5.99e-06,6.71e-06,6.31e-06,7.14e-06,5.93e-06,6.78e-06,6.38e-06,6.61e-06,6.35e-06
branches,5.286e-05,5.455e-05,5.558e-05,5.629e-05,5.771e-05,5.815e-05,5.767e-05,5.763e-05,5.371e-05
anymore,3.85e-06,3.78e-06,3.26e-06,2.65e-06,2.86e-06,2.47e-06,2.68e-06,2.69e-06,3.81e-06
oclc,1.07e-06,1.26e-06,1.02e-06,1.22e-06,1.02e-06,8.2e-07,8.2e-07,8.3e-07,1.16e-06
delhi,1.434e-05,1.532e-05,1.425e-05,1.387e-05,1.33e-05,1.274e-05,1.174e-05,1.136e-05,1.483e-05
holdings,5.35e-06,5.46e-06,5.9e-06,5.71e-06,6.14e-06,5.75e-06,5.77e-06,5.99e-06,5.4e-06
alien,4.28e-06,4.83e-06,5.09e-06,5.1e-06,5.73e-06,6.16e-06,6.38e-06,6.61e-06,4.55e-06
locator,3e-06,3.36e-06,3.46e-06,3.47e-06,3.48e-06,3.29e-06,3.5e-06,3.51e-06,3.18e-06
selecting,1.691e-05,1.7e-05,1.73e-05,1.897e-05,1.842e-05,1.89e-05,1.977e-05,1.942e-05,1.695e-05
processors,4.216e-05,4.826e-05,4.865e-05,4.711e-05,4.522e-05,4.603e-05,4.737e-05,4.648e-05,4.521e-05
pantyhose,4.3e-07,4.2e-07,4.1e-07,4.1e-07,4.1e-07,4.1e-07,2.1e-07,2.1e-07,4.3e-07
plc,6.21e-06,6.71e-06,6.51e-06,6.53e-06,6.96e-06,6.78e-06,7e-06,7.02e-06,6.46e-06
broke,8.99e-06,9.44e-06,9.36e-06,9.38e-06,1.023e-05,9.86e-06,9.89e-06,9.92e-06,9.21e-06
nepal,4.07e-06,3.15e-06,3.66e-06,4.08e-06,4.3e-06,4.52e-06,4.33e-06,3.51e-06,3.61e-06
zimbabwe,2.78e-06,1.68e-06,1.63e-06,1.84e-06,1.64e-06,1.64e-06,1.65e-06,1.86e-06,2.23e-06
difficulties,1.284e-05,1.154e-05,1.221e-05,1.224e-05,1.207e-05,1.212e-05,1.256e-05,1.177e-05,1.219e-05
juan,9.42e-06,9.44e-06,9.16e-06,9.58e-06,9.21e-06,9.04e-06,1.03e-05,1.095e-05,9.43e-06
complexity,0.0002594,0.00025828,0.00026098,0.00026348,0.00026603,0.00026855,0.00027166,0.00027474,0.00025884
msg,6.4e-07,6.3e-07,6.1e-07,6.1e-07,6.1e-07,6.2e-07,6.2e-07,6.2e-07,6.4e-07
constantly,9.85e-06,9.44e-06,8.55e-06,8.16e-06,8.19e-06,8.63e-06,8.24e-06,8.26e-06,9.64e-06
browsing,4.71e-06,5.04e-06,4.89e-06,4.89e-06,5.12e-06,4.73e-06,4.74e-06,4.75e-06,4.87e-06
resolve,1.22e-05,1.154e-05,1.079e-05,1.06e-05,1.166e-05,1.192e-05,1.236e-05,1.239e-05,1.187e-05
barcelona,1.712e-05,1.72e-05,1.669e-05,1.652e-05,1.658e-05,1.664e-05,1.689e-05,1.611e-05,1.716e-05
presidential,2.654e-05,2.791e-05,2.809e-05,2.712e-05,2.619e-05,2.692e-05,2.76e-05,2.747e-05,2.722e-05
documentary,1.541e-05,1.637e-05,1.69e-05,1.733e-05,1.678e-05,1.664e-05,1.627e-05,1.632e-05,1.589e-05
cod,2.1e-07,2.1e-07,4.1e-07,4.1e-07,4.1e-07,4.1e-07,4.1e-07,2.1e-07,2.1e-07
territories,2.076e-05,2.182e-05,2.199e-05,2.203e-05,2.21e-05,2.301e-05,2.327e-05,2.458e-05,2.129e-05
melissa,1.71e-06,1.68e-06,1.43e-06,1.43e-06,1.23e-06,1.03e-06,1.03e-06,1.03e-06,1.69e-06
moscow,9.374e-05,0.00010785,0.00010688,9.952e-05,9.986e-05,9.945e-05,9.618e-05,9.316e-05,0.00010079
thesis,0.00016116,0.0001796,0.0001824,0.00017763,0.00017415,0.00016848,0.00016477,0.00016257,0.00017038
thru,1.93e-06,1.89e-06,1.63e-06,1.63e-06,1.43e-06,1.44e-06,1.44e-06,1.45e-06,1.91e-06
jews,1.006e-05,1.07e-05,1.221e-05,1.203e-05,1.064e-05,1.068e-05,1.133e-05,1.219e-05,1.038e-05
nylon,1.93e-06,1.89e-06,2.04e-06,2.04e-06,1.84e-06,1.85e-06,1.65e-06,1.86e-06,1.91e-06
palestinian,2.35e-06,2.52e-06,3.26e-06,3.26e-06,3.48e-06,3.29e-06,3.5e-06,8.06e-06,2.43e-06
discs,5.56e-06,5.67e-06,5.7e-06,5.91e-06,5.73e-06,5.34e-06,5.56e-06,5.58e-06,5.61e-06
rocky,7.06e-06,7.55e-06,7.74e-06,7.75e-06,7.78e-06,8.01e-06,7.83e-06,8.26e-06,7.31e-06
bargains,2.1e-07,0.0,0.0,0.0,0.0,0.0,0.0,0.0,1.1e-07
frequent,2.354e-05,2.35e-05,2.3e-05,2.284e-05,2.292e-05,2.281e-05,2.348e-05,2.417e-05,2.352e-05
trim,8.6e-07,8.4e-07,8.1e-07,6.1e-07,6.1e-07,6.2e-07,6.2e-07,6.2e-07,8.5e-07
nigeria,7.7e-06,7.76e-06,7.13e-06,6.73e-06,7.16e-06,6.99e-06,8.03e-06,7.64e-06,7.73e-06
ceiling,6.21e-06,6.71e-06,7.33e-06,7.14e-06,7.78e-06,7.4e-06,8.24e-06,8.06e-06,6.46e-06
pixels,1.498e-05,1.448e-05,1.608e-05,1.489e-05,1.392e-05,1.438e-05,1.545e-05,1.611e-05,1.473e-05
ensuring,9.42e-06,9.44e-06,9.36e-06,9.79e-06,9e-06,9.45e-06,1.05e-05,1.157e-05,9.43e-06
hispanic,6.4e-07,1.68e-06,2.44e-06,2.04e-06,1.64e-06,1.64e-06,2.06e-06,2.07e-06,1.16e-06
cv,1.263e-05,1.217e-05,1.181e-05,1.081e-05,9.62e-06,9.66e-06,9.47e-06,9.09e-06,1.24e-05
cb,7.7e-06,7.13e-06,6.92e-06,6.53e-06,6.55e-06,6.16e-06,5.56e-06,5.58e-06,7.42e-06
legislature,5.99e-06,6.5e-06,5.5e-06,6.32e-06,6.14e-06,5.96e-06,5.15e-06,4.96e-06,6.25e-06
hospitality,1.07e-06,1.05e-06,1.02e-06,8.2e-07,1.02e-06,1.03e-06,1.03e-06,8.3e-07,1.06e-06
gen,4.92e-06,4.62e-06,4.48e-06,4.89e-06,4.09e-06,4.93e-06,5.15e-06,4.96e-06,4.77e-06
anybody,1.28e-06,1.26e-06,1.02e-06,1.02e-06,1.02e-06,6.2e-07,6.2e-07,6.2e-07,1.27e-06
procurement,1.93e-06,1.68e-06,1.63e-06,1.63e-06,1.84e-06,2.05e-06,2.06e-06,1.86e-06,1.81e-06
diamonds,1.092e-05,1.049e-05,1.201e-05,1.142e-05,1.126e-05,1.13e-05,1.133e-05,1.115e-05,1.07e-05
espn,4.28e-06,3.57e-06,3.26e-06,3.26e-06,2.86e-06,2.67e-06,2.27e-06,2.27e-06,3.92e-06
fleet,1.327e-05,1.301e-05,1.242e-05,1.305e-05,1.248e-05,1.274e-05,1.256e-05,1.157e-05,1.314e-05
untitled,1.28e-06,1.26e-06,1.22e-06,1.02e-06,1.64e-06,1.44e-06,1.44e-06,1.45e-06,1.27e-06
bunch,3.42e-06,3.57e-06,2.85e-06,2.86e-06,2.66e-06,2.88e-06,2.88e-06,2.89e-06,3.49e-06
totals,8.6e-07,8.4e-07,1.02e-06,1.63e-06,1.64e-06,1.85e-06,1.85e-06,1.45e-06,8.5e-07
marriott,2.1e-07,2.1e-07,2e-07,4.1e-07,4.1e-07,4.1e-07,4.1e-07,4.1e-07,2.1e-07
singing,8.99e-06,7.76e-06,7.13e-06,6.73e-06,6.55e-06,5.96e-06,6.18e-06,6.4e-06,8.38e-06
theoretical,0.0003311,0.00033319,0.00033549,0.00033588,0.00033786,0.00033964,0.00034292,0.00034435,0.00033215
afford,2.57e-06,2.31e-06,2.24e-06,2.04e-06,1.64e-06,1.44e-06,1.65e-06,1.45e-06,2.44e-06
exercises,1.027e-05,1.007e-05,9.36e-06,9.18e-06,9.62e-06,8.84e-06,8.65e-06,9.09e-06,1.017e-05
starring,3.424e-05,3.441e-05,3.644e-05,3.65e-05,3.602e-05,3.678e-05,3.645e-05,3.677e-05,3.432e-05
referral,2.1e-07,2.1e-07,2e-07,2e-07,2e-07,2.1e-07,2.1e-07,2.1e-07,2.1e-07
nhl,1.71e-06,2.31e-06,1.83e-06,1.84e-06,1.84e-06,2.05e-06,1.85e-06,2.07e-06,2.01e-06
surveillance,1.413e-05,1.658e-05,1.69e-05,1.713e-05,1.617e-05,1.438e-05,1.421e-05,1.467e-05,1.536e-05
optimal,0.0001678,0.00016764,0.00017039,0.00017436,0.00017333,0.00017424,0.00017651,0.0001762,0.00016772
quit,1.07e-06,1.05e-06,1.22e-06,1.22e-06,1.43e-06,1.44e-06,2.06e-06,2.07e-06,1.06e-06
distinct,0.00015153,0.00014876,0.00014942,0.00015152,0.00015368,0.00015657,0.00016024,0.00016402,0.00015015
protocols,6.528e-05,6.525e-05,6.962e-05,6.811e-05,6.733e-05,6.863e-05,6.735e-05,6.941e-05,6.527e-05
lung,9.63e-06,8.6e-06,1.038e-05,1.04e-05,1.064e-05,1.027e-05,1.009e-05,9.92e-06,9.11e-06
highlight,4.71e-06,5.04e-06,5.5e-06,5.3e-06,5.73e-06,6.16e-06,6.59e-06,7.23e-06,4.87e-06
substitute,9.42e-06,9.44e-06,9.57e-06,9.58e-06,9.62e-06,9.86e-06,9.89e-06,9.92e-06,9.43e-06
inclusion,3.403e-05,3.525e-05,3.42e-05,3.589e-05,3.602e-05,3.657e-05,3.666e-05,3.718e-05,3.464e-05
hopefully,1.07e-06,1.05e-06,8.1e-07,8.2e-07,1.02e-06,8.2e-07,1.03e-06,8.3e-07,1.06e-06
brilliant,8.56e-06,8.18e-06,8.75e-06,8.36e-06,8.19e-06,7.4e-06,7.62e-06,7.44e-06,8.37e-06
turner,1.134e-05,1.175e-05,1.059e-05,1.04e-05,9.62e-06,9.45e-06,9.68e-06,1.012e-05,1.154e-05
sucking,4.3e-07,4.2e-07,4.1e-07,4.1e-07,4.1e-07,4.1e-07,4.1e-07,4.1e-07,4.3e-07
cents,9.42e-06,9.44e-06,9.16e-06,9.18e-06,9.62e-06,9.86e-06,9.47e-06,9.92e-06,9.43e-06
reuters,4.92e-06,4.83e-06,3.66e-06,2.86e-06,3.27e-06,3.29e-06,3.3e-06,3.1e-06,4.87e-06
ti,1.22e-05,9.44e-06,1.405e-05,1.366e-05,1.412e-05,1.13e-05,1.236e-05,1.177e-05,1.082e-05
fc,2.78e-06,2.52e-06,2.04e-06,2.24e-06,2.25e-06,2.05e-06,2.06e-06,1.86e-06,2.65e-06
gel,4.28e-06,4.41e-06,5.09e-06,5.3e-06,4.91e-06,4.93e-06,4.94e-06,4.96e-06,4.34e-06
todd,8.35e-06,8.81e-06,9.57e-06,9.79e-06,9.41e-06,9.66e-06,9.47e-06,9.5e-06,8.58e-06
spoken,1.156e-05,1.238e-05,1.283e-05,1.326e-05,1.31e-05,1.315e-05,1.421e-05,1.508e-05,1.197e-05
omega,9.85e-06,9.86e-06,9.57e-06,1.02e-05,1.023e-05,1.007e-05,1.009e-05,1.053e-05,9.85e-06
evaluated,3.039e-05,3.021e-05,3.054e-05,3.181e-05,3.09e-05,3.164e-05,3.192e-05,3.305e-05,3.03e-05
stayed,1.07e-05,1.049e-05,9.98e-06,9.58e-06,9.82e-06,9.86e-06,9.89e-06,9.5e-06,1.059e-05
civic,3.42e-06,3.36e-06,3.66e-06,3.87e-06,3.68e-06,3.7e-06,3.91e-06,4.13e-06,3.39e-06
assignments,7.7e-06,6.92e-06,7.53e-06,7.55e-06,7.37e-06,8.01e-06,8.44e-06,8.47e-06,7.31e-06
fw,4.3e-07,4.2e-07,4.1e-07,4.1e-07,4.1e-07,4.1e-07,4.1e-07,4.1e-07,4.3e-07
manuals,3.85e-06,3.78e-06,3.66e-06,3.67e-06,3.48e-06,3.49e-06,3.5e-06,3.72e-06,3.81e-06
doug,3.42e-06,3.15e-06,3.26e-06,2.86e-06,3.27e-06,3.08e-06,3.3e-06,3.31e-06,3.28e-06
sees,1.006e-05,9.44e-06,9.77e-06,1.02e-05,1.023e-05,1.048e-05,1.05e-05,1.012e-05,9.75e-06
termination,1.22e-05,1.217e-05,1.242e-05,1.244e-05,1.248e-05,1.294e-05,1.298e-05,1.301e-05,1.218e-05
watched,8.6e-07,8.4e-07,8.1e-07,8.2e-07,1.02e-06,8.2e-07,8.2e-07,1.03e-06,8.5e-07
saver,2.1e-07,2.1e-07,2e-07,2e-07,2e-07,2.1e-07,2.1e-07,2.1e-07,2.1e-07
thereof,1.199e-05,1.217e-05,1.201e-05,1.203e-05,1.187e-05,1.233e-05,1.277e-05,1.26e-05,1.208e-05
grill,2.1e-07,2.1e-07,2e-07,2e-07,2e-07,2.1e-07,2.1e-07,2.1e-07,2.1e-07
households,3.64e-06,4.2e-06,3.87e-06,3.87e-06,3.68e-06,3.49e-06,3.5e-06,3.31e-06,3.92e-06
gs,8.13e-06,7.97e-06,7.94e-06,6.93e-06,7.16e-06,7.4e-06,7.21e-06,7.44e-06,8.05e-06
redeem,6.4e-07,6.3e-07,4.1e-07,4.1e-07,4.1e-07,4.1e-07,4.1e-07,6.2e-07,6.4e-07
rogers,1.455e-05,1.385e-05,1.425e-05,1.468e-05,1.514e-05,1.582e-05,1.524e-05,1.487e-05,1.42e-05
grain,1.348e-05,1.301e-05,1.303e-05,1.264e-05,1.269e-05,1.315e-05,1.298e-05,1.343e-05,1.324e-05
aaa,1.5e-06,1.47e-06,1.43e-06,1.02e-06,1.02e-06,1.03e-06,1.24e-06,1.24e-06,1.48e-06
authentic,2.14e-06,2.52e-06,2.44e-06,2.45e-06,2.46e-06,2.67e-06,2.88e-06,3.1e-06,2.33e-06
regime,1.734e-05,1.783e-05,1.69e-05,1.713e-05,1.698e-05,1.685e-05,1.751e-05,1.756e-05,1.759e-05
wanna,0.0,0.0,0.0,0.0,0.0,0.0,0.0,0.0,0.0
wishes,7.7e-06,7.76e-06,7.53e-06,7.34e-06,7.16e-06,7.19e-06,7e-06,6.61e-06,7.73e-06
bull,1.691e-05,1.406e-05,1.466e-05,1.489e-05,1.555e-05,1.603e-05,1.545e-05,1.529e-05,1.548e-05
montgomery,1.177e-05,1.091e-05,1.099e-05,1.162e-05,1.146e-05,1.13e-05,1.092e-05,1.074e-05,1.134e-05
architectural,2.996e-05,3.189e-05,3.176e-05,3.161e-05,3.172e-05,3.267e-05,3.316e-05,3.367e-05,3.092e-05
louisville,1.07e-06,1.47e-06,1.43e-06,1.43e-06,1.64e-06,1.44e-06,1.44e-06,1.45e-06,1.27e-06
depend,6.1e-05,6.106e-05,5.863e-05,6.016e-05,5.955e-05,6.102e-05,6.241e-05,6.466e-05,6.103e-05
differ,6.292e-05,6.022e-05,6.046e-05,6.281e-05,6.303e-05,6.205e-05,6.199e-05,6.528e-05,6.157e-05
macintosh,3.467e-05,3.462e-05,3.257e-05,3.222e-05,3.274e-05,3.103e-05,3.131e-05,3.181e-05,3.464e-05
movements,2.74e-05,2.665e-05,2.687e-05,2.753e-05,2.763e-05,2.815e-05,2.76e-05,2.727e-05,2.702e-05
ranging,4.045e-05,4.049e-05,4.133e-05,4.099e-05,4.134e-05,4.192e-05,4.243e-05,4.441e-05,4.047e-05
monica,2.35e-06,2.52e-06,2.44e-06,2.45e-06,2.25e-06,2.26e-06,2.47e-06,2.48e-06,2.43e-06
repairs,8.6e-07,8.4e-07,1.02e-06,1.43e-06,1.23e-06,1.03e-06,8.2e-07,8.3e-07,8.5e-07
breath,5.14e-06,5.67e-06,6.11e-06,5.51e-06,5.12e-06,4.93e-06,4.74e-06,5.37e-06,5.4e-06
amenities,8.6e-07,8.4e-07,8.1e-07,8.2e-07,8.2e-07,8.2e-07,8.2e-07,8.3e-07,8.5e-07
virtually,1.734e-05,1.7e-05,1.71e-05,1.733e-05,1.842e-05,1.808e-05,1.751e-05,1.715e-05,1.717e-05
cole,1.52e-05,1.448e-05,1.303e-05,1.285e-05,1.31e-05,1.315e-05,1.38e-05,1.405e-05,1.484e-05
mart,6.4e-07,8.4e-07,8.1e-07,8.2e-07,6.1e-07,6.2e-07,6.2e-07,6.2e-07,7.4e-07
candle,6.4e-07,6.3e-07,6.1e-07,6.1e-07,6.1e-07,8.2e-07,1.03e-06,1.24e-06,6.4e-07
hanging,5.99e-06,5.87e-06,5.7e-06,6.53e-06,6.55e-06,6.37e-06,6.38e-06,6.2e-06,5.93e-06
colored,4.259e-05,4.112e-05,3.848e-05,3.956e-05,3.868e-05,3.822e-05,3.769e-05,3.966e-05,4.185e-05
authorization,5.56e-06,5.46e-06,5.7e-06,5.91e-06,5.93e-06,6.37e-06,5.97e-06,6.4e-06,5.51e-06
tale,9.63e-06,1.07e-05,1.059e-05,9.99e-06,9.41e-06,9.04e-06,9.06e-06,9.5e-06,1.016e-05
verified,2.418e-05,2.392e-05,2.341e-05,2.243e-05,2.374e-05,2.363e-05,2.41e-05,2.479e-05,2.405e-05
lynn,7.7e-06,8.81e-06,8.75e-06,9.18e-06,8.8e-06,9.25e-06,9.89e-06,9.71e-06,8.26e-06
formerly,6.892e-05,7.448e-05,8.041e-05,8.198e-05,8.39e-05,8.383e-05,8.362e-05,8.428e-05,7.17e-05
projector,3.85e-06,3.78e-06,4.48e-06,4.49e-06,4.3e-06,3.9e-06,3.71e-06,3.51e-06,3.81e-06
bp,6.42e-06,6.5e-06,6.11e-06,6.12e-06,6.55e-06,6.58e-06,6.38e-06,5.99e-06,6.46e-06
situated,1.07e-05,1.091e-05,1.038e-05,9.79e-06,9.41e-06,9.04e-06,9.06e-06,9.3e-06,1.08e-05
comparative,1.455e-05,1.406e-05,1.384e-05,1.468e-05,1.412e-05,1.418e-05,1.401e-05,1.343e-05,1.43e-05
std,7.28e-06,8.18e-06,8.14e-06,8.57e-06,8.59e-06,8.63e-06,8.44e-06,8.06e-06,7.73e-06
seeks,2.269e-05,2.329e-05,2.321e-05,2.304e-05,2.333e-05,2.425e-05,2.513e-05,2.603e-05,2.299e-05
herbal,4.3e-07,4.2e-07,4.1e-07,4.1e-07,4.1e-07,6.2e-07,6.2e-07,6.2e-07,4.3e-07
loving,1.28e-06,1.05e-06,1.02e-06,1.22e-06,1.23e-06,1.03e-06,8.2e-07,8.3e-07,1.16e-06
strictly,6.185e-05,6.232e-05,6.026e-05,5.996e-05,5.955e-05,5.897e-05,6.076e-05,6.011e-05,6.208e-05
routing,5.351e-05,5.245e-05,5.13e-05,5.058e-05,4.911e-05,5.116e-05,5.17e-05,5.247e-05,5.298e-05
docs,4.28e-06,3.99e-06,3.66e-06,3.47e-06,3.89e-06,2.88e-06,2.47e-06,2.27e-06,4.14e-06
stanley,2.804e-05,2.791e-05,2.87e-05,2.855e-05,2.844e-05,2.877e-05,2.842e-05,2.809e-05,2.797e-05
psychological,4.516e-05,4.553e-05,4.519e-05,4.589e-05,4.563e-05,4.746e-05,4.778e-05,4.71e-05,4.535e-05
surprised,8.6e-07,8.4e-07,1.02e-06,1.02e-06,1.02e-06,1.23e-06,1.24e-06,1.24e-06,8.5e-07
retailer,1.93e-06,1.89e-06,1.83e-06,1.84e-06,1.84e-06,1.64e-06,1.65e-06,1.24e-06,1.91e-06
vitamins,8.6e-07,8.4e-07,8.1e-07,8.2e-07,8.2e-07,8.2e-07,8.2e-07,8.3e-07,8.5e-07
elegant,1.156e-05,1.133e-05,1.018e-05,9.99e-06,1.023e-05,1.007e-05,1.009e-05,9.92e-06,1.144e-05
gains,1.584e-05,1.469e-05,1.445e-05,1.448e-05,1.432e-05,1.438e-05,1.442e-05,1.384e-05,1.527e-05
renewal,4.28e-06,4.41e-06,4.48e-06,4.49e-06,4.71e-06,4.93e-06,4.74e-06,4.75e-06,4.34e-06
vid,1.07e-06,8.4e-07,8.1e-07,8.2e-07,8.2e-07,8.2e-07,8.2e-07,8.3e-07,9.5e-07
genealogy,2.675e-05,2.916e-05,2.667e-05,2.386e-05,2.292e-05,2.034e-05,1.957e-05,1.818e-05,2.795e-05
opposed,6.635e-05,6.546e-05,6.392e-05,6.261e-05,6.262e-05,6.411e-05,6.323e-05,5.99e-05,6.591e-05
deemed,1.07e-05,1.07e-05,1.14e-05,1.264e-05,1.269e-05,1.253e-05,1.359e-05,1.384e-05,1.07e-05
scoring,1.541e-05,1.511e-05,1.445e-05,1.448e-05,1.453e-05,1.582e-05,1.565e-05,1.611e-05,1.526e-05
expenditure,7.06e-06,6.29e-06,6.31e-06,6.53e-06,6.96e-06,6.78e-06,7.41e-06,7.64e-06,6.67e-06
panties,0.0,0.0,0.0,0.0,0.0,0.0,0.0,0.0,0.0
brooklyn,1.241e-05,1.217e-05,1.242e-05,1.264e-05,1.228e-05,1.233e-05,1.236e-05,1.136e-05,1.229e-05
liverpool,1.22e-05,1.217e-05,1.12e-05,1.244e-05,1.228e-05,1.212e-05,1.174e-05,1.26e-05,1.218e-05
sisters,4.49e-06,4.62e-06,4.07e-06,3.47e-06,3.68e-06,3.9e-06,3.91e-06,4.34e-06,4.55e-06
critics,2.226e-05,2.455e-05,2.524e-05,2.631e-05,2.885e-05,2.938e-05,3.069e-05,2.933e-05,2.341e-05
connectivity,1.905e-05,1.846e-05,1.832e-05,1.856e-05,1.862e-05,1.952e-05,1.936e-05,2.004e-05,1.875e-05
spots,1.07e-05,1.07e-05,1.038e-05,9.99e-06,9.62e-06,9.66e-06,9.68e-06,9.92e-06,1.07e-05
oo,3.64e-06,3.57e-06,3.87e-06,3.67e-06,4.1e-07,6.2e-07,6.2e-07,6.2e-07,3.61e-06
algorithms,0.00046422,0.00046558,0.0004788,0.00048027,0.00048581,0.00048799,0.00049369,0.00049205,0.0004649
hacker,1.177e-05,1.154e-05,1.12e-05,1.101e-05,1.166e-05,1.089e-05,1.071e-05,1.136e-05,1.165e-05
madrid,1.541e-05,1.595e-05,1.445e-05,1.366e-05,1.412e-05,1.418e-05,1.462e-05,1.384e-05,1.568e-05
similarly,8.861e-05,8.917e-05,8.957e-05,9.055e-05,9.168e-05,9.246e-05,9.351e-05,9.543e-05,8.889e-05
margin,2.033e-05,2.014e-05,1.568e-05,1.591e-05,1.555e-05,1.603e-05,1.627e-05,1.694e-05,2.023e-05
coin,3.574e-05,3.378e-05,3.359e-05,3.406e-05,3.54e-05,3.698e-05,3.584e-05,3.594e-05,3.476e-05
bbw,0.0,0.0,0.0,0.0,0.0,0.0,0.0,0.0,0.0
solely,2.076e-05,2.056e-05,1.975e-05,1.958e-05,1.965e-05,1.87e-05,1.895e-05,2.024e-05,2.066e-05
fake,5.99e-06,5.46e-06,5.5e-06,5.71e-06,6.34e-06,6.58e-06,6.38e-06,5.78e-06,5.73e-06
salon,1.93e-06,1.68e-06,1.43e-06,1.43e-06,1.43e-06,1.44e-06,8.2e-07,8.3e-07,1.81e-06
collaborative,2.825e-05,2.833e-05,2.931e-05,2.937e-05,2.906e-05,2.897e-05,2.78e-05,2.83e-05,2.829e-05
norman,2.504e-05,2.497e-05,2.504e-05,2.488e-05,2.476e-05,2.486e-05,2.451e-05,2.438e-05,2.501e-05
fda,2.78e-06,2.94e-06,3.26e-06,3.47e-06,3.48e-06,3.08e-06,3.09e-06,3.1e-06,2.86e-06
excluding,1.22e-05,1.217e-05,1.262e-05,1.366e-05,1.432e-05,1.479e-05,1.483e-05,1.487e-05,1.218e-05
turbo,1.284e-05,1.238e-05,1.201e-05,1.203e-05,1.207e-05,1.171e-05,1.256e-05,1.26e-05,1.261e-05
headed,1.969e-05,2.077e-05,2.036e-05,1.958e-05,2.046e-05,2.137e-05,2.08e-05,1.9e-05,2.023e-05
voters,1.027e-05,9.86e-06,1.059e-05,1.203e-05,1.085e-05,1.13e-05,1.153e-05,1.095e-05,1.006e-05
cure,1.93e-06,1.68e-06,2.24e-06,2.65e-06,2.66e-06,2.88e-06,2.68e-06,2.69e-06,1.81e-06
madonna,5.99e-06,5.87e-06,5.9e-06,5.71e-06,5.73e-06,5.55e-06,5.97e-06,5.99e-06,5.93e-06
commander,1.52e-05,1.448e-05,1.425e-05,1.468e-05,1.31e-05,1.377e-05,1.359e-05,1.363e-05,1.484e-05
arch,1.241e-05,1.196e-05,1.201e-05,1.326e-05,1.269e-05,1.212e-05,1.236e-05,1.219e-05,1.218e-05
ni,1.199e-05,1.091e-05,1.181e-05,1.305e-05,1.146e-05,1.007e-05,8.86e-06,8.68e-06,1.145e-05
murphy,7.7e-06,8.18e-06,8.35e-06,7.75e-06,7.57e-06,7.6e-06,7e-06,7.85e-06,7.94e-06
thinks,3.21e-06,3.15e-06,3.26e-06,3.06e-06,2.66e-06,2.67e-06,2.68e-06,2.69e-06,3.18e-06
thats,2.1e-07,2.1e-07,2e-07,0.0,0.0,0.0,0.0,0.0,2.1e-07
suggestion,7.49e-06,6.71e-06,6.72e-06,6.93e-06,7.57e-06,7.6e-06,7e-06,6.61e-06,7.1e-06
hdtv,1.07e-06,1.05e-06,1.63e-06,2.24e-06,2.25e-06,2.26e-06,2.27e-06,2.07e-06,1.06e-06
soldier,1.006e-05,1.07e-05,1.099e-05,1.122e-05,1.044e-05,1.11e-05,1.112e-05,1.136e-05,1.038e-05
phillips,1.049e-05,1.091e-05,1.079e-05,1.06e-05,1.044e-05,1.048e-05,9.89e-06,9.3e-06,1.07e-05
asin,1.28e-06,1.26e-06,1.22e-06,1.22e-06,1.43e-06,1.23e-06,1.24e-06,1.45e-06,1.27e-06
aimed,2.911e-05,2.791e-05,2.911e-05,3.079e-05,3.131e-05,3.164e-05,3.234e-05,3.408e-05,2.851e-05
justin,6.21e-06,6.08e-06,5.9e-06,5.91e-06,5.93e-06,6.78e-06,7e-06,7.02e-06,6.14e-06
bomb,1.348e-05,1.364e-05,1.283e-05,1.285e-05,1.269e-05,1.233e-05,1.256e-05,1.157e-05,1.356e-05
harm,7.7e-06,7.34e-06,7.33e-06,7.34e-06,7.37e-06,6.78e-06,7.41e-06,7.23e-06,7.52e-06
interval,0.00014639,0.00015107,0.00015533,0.00015499,0.00015102,0.00015061,0.0001522,0.00015265,0.00014873
mirrors,9.63e-06,9.44e-06,1.018e-05,1.224e-05,1.105e-05,1.13e-05,1.071e-05,1.053e-05,9.53e-06
spotlight,8.6e-07,8.4e-07,8.1e-07,8.2e-07,8.2e-07,8.2e-07,8.2e-07,8.3e-07,8.5e-07
tricks,5.14e-06,4.2e-06,4.28e-06,4.08e-06,3.89e-06,4.11e-06,4.33e-06,3.92e-06,4.67e-06
reset,5.56e-06,5.46e-06,5.5e-06,5.51e-06,5.53e-06,5.55e-06,5.77e-06,5.78e-06,5.51e-06
brush,2.35e-06,2.1e-06,2.24e-06,2.24e-06,2.25e-06,2.47e-06,2.47e-06,2.69e-06,2.22e-06
investigate,1.413e-05,1.49e-05,1.547e-05,1.611e-05,1.719e-05,1.705e-05,1.73e-05,1.756e-05,1.451e-05
thy,2.14e-06,1.89e-06,1.83e-06,1.43e-06,1.43e-06,1.44e-06,1.03e-06,1.03e-06,2.01e-06
expansys,0.0,0.0,0.0,0.0,0.0,0.0,0.0,0.0,0.0
panels,9.85e-06,1.07e-05,1.12e-05,1.162e-05,1.126e-05,1.11e-05,9.68e-06,9.3e-06,1.027e-05
repeated,5.458e-05,5.35e-05,5.211e-05,5.364e-05,5.566e-05,5.63e-05,5.726e-05,5.763e-05,5.404e-05
assault,2.14e-06,2.1e-06,1.83e-06,1.63e-06,1.64e-06,1.44e-06,1.44e-06,1.65e-06,2.12e-06
connecting,3.574e-05,3.63e-05,3.685e-05,3.548e-05,3.499e-05,3.493e-05,3.44e-05,3.346e-05,3.602e-05
spare,3.85e-06,3.78e-06,2.85e-06,2.65e-06,2.46e-06,2.47e-06,2.47e-06,2.07e-06,3.81e-06
logistics,1.07e-05,1.07e-05,1.099e-05,1.081e-05,9e-06,8.84e-06,9.27e-06,9.09e-06,1.07e-05
deer,1.71e-06,2.1e-06,2.04e-06,2.04e-06,1.84e-06,1.64e-06,1.44e-06,1.03e-06,1.9e-06
kodak,3.64e-06,3.57e-06,3.66e-06,3.26e-06,3.27e-06,3.08e-06,3.3e-06,2.69e-06,3.61e-06
tongue,4.28e-06,4.83e-06,4.48e-06,4.28e-06,3.89e-06,3.9e-06,3.91e-06,4.13e-06,4.55e-06
bowling,5.35e-06,4.83e-06,4.48e-06,4.28e-06,4.3e-06,4.31e-06,4.33e-06,4.13e-06,5.09e-06
tri,4.71e-06,4.62e-06,4.48e-06,3.87e-06,4.09e-06,4.11e-06,3.71e-06,2.89e-06,4.67e-06
danish,3.403e-05,3.504e-05,3.644e-05,3.65e-05,3.683e-05,3.657e-05,3.584e-05,3.594e-05,3.454e-05
pal,3e-06,3.78e-06,3.26e-06,3.26e-06,3.68e-06,3.7e-06,3.71e-06,3.51e-06,3.39e-06
monkey,8.13e-06,8.6e-06,8.35e-06,8.77e-06,8.39e-06,7.6e-06,7.41e-06,7.44e-06,8.37e-06
proportion,3.638e-05,3.693e-05,3.807e-05,3.732e-05,3.806e-05,3.698e-05,3.728e-05,3.615e-05,3.666e-05
filename,1.28e-06,8.4e-07,1.22e-06,1.02e-06,1.02e-06,1.03e-06,1.03e-06,1.03e-06,1.06e-06
skirt,8.6e-07,8.4e-07,8.1e-07,8.2e-07,8.2e-07,8.2e-07,8.2e-07,8.3e-07,8.5e-07
florence,2.012e-05,2.224e-05,2.199e-05,2.182e-05,2.169e-05,2.178e-05,2.245e-05,2.21e-05,2.118e-05
invest,4.49e-06,4.62e-06,4.48e-06,4.49e-06,4.5e-06,4.31e-06,4.33e-06,3.92e-06,4.55e-06
honey,4.07e-06,4.2e-06,4.28e-06,4.69e-06,4.71e-06,3.9e-06,3.91e-06,3.51e-06,4.14e-06
um,2.78e-06,3.15e-06,3.05e-06,2.86e-06,2.86e-06,2.47e-06,2.68e-06,2.69e-06,2.96e-06
analyses,3.253e-05,3.21e-05,3.278e-05,3.324e-05,3.336e-05,3.267e-05,3.254e-05,3.16e-05,3.232e-05
drawings,3.36e-05,3.21e-05,3.318e-05,3.426e-05,3.417e-05,3.493e-05,3.543e-05,3.491e-05,3.285e-05
significance,4.152e-05,4.448e-05,4.58e-05,4.589e-05,4.666e-05,4.541e-05,4.614e-05,4.73e-05,4.3e-05
scenario,1.348e-05,1.301e-05,1.527e-05,1.631e-05,1.719e-05,1.746e-05,1.586e-05,1.591e-05,1.324e-05
ye,4.07e-06,4.62e-06,4.68e-06,4.49e-06,4.3e-06,4.31e-06,4.33e-06,4.13e-06,4.34e-06
fs,6.85e-06,6.92e-06,6.51e-06,4.69e-06,4.09e-06,4.11e-06,4.12e-06,4.13e-06,6.88e-06
lovers,1.93e-06,1.47e-06,1.43e-06,1.43e-06,1.43e-06,1.44e-06,1.44e-06,1.45e-06,1.7e-06
atomic,9.653e-05,9.526e-05,9.263e-05,9.401e-05,9.638e-05,9.267e-05,9.289e-05,9.234e-05,9.59e-05
approx,2.57e-06,1.68e-06,2.04e-06,2.04e-06,2.05e-06,1.85e-06,1.85e-06,2.07e-06,2.12e-06
symposium,4.751e-05,4.931e-05,4.967e-05,4.792e-05,4.829e-05,4.746e-05,4.655e-05,4.668e-05,4.841e-05
arabic,5.714e-05,5.707e-05,5.843e-05,5.914e-05,5.709e-05,5.774e-05,5.643e-05,5.825e-05,5.711e-05
gauge,6.143e-05,6.106e-05,5.843e-05,6.036e-05,6.098e-05,6.246e-05,6.302e-05,6.218e-05,6.125e-05
essentials,2.35e-06,2.31e-06,2.24e-06,2.04e-06,2.66e-06,2.67e-06,2.68e-06,2.69e-06,2.33e-06
junction,8.56e-06,8.6e-06,7.74e-06,7.95e-06,7.37e-06,7.6e-06,7.83e-06,7.64e-06,8.58e-06
protecting,9.85e-06,8.81e-06,8.14e-06,8.16e-06,8.39e-06,9.04e-06,8.24e-06,9.5e-06,9.33e-06
nn,3.64e-06,3.36e-06,3.26e-06,3.06e-06,3.07e-06,3.29e-06,3.3e-06,3.31e-06,3.5e-06
faced,9.42e-06,9.86e-06,1.018e-05,9.18e-06,9.41e-06,1.007e-05,1.009e-05,1.033e-05,9.64e-06
mat,8.78e-06,8.6e-06,8.14e-06,8.36e-06,9e-06,9.25e-06,8.24e-06,8.26e-06,8.69e-06
rachel,3.21e-06,3.36e-06,3.87e-06,4.69e-06,4.5e-06,5.14e-06,4.94e-06,5.16e-06,3.28e-06
solving,0.00016523,0.00016534,0.00016449,0.00016356,0.00016248,0.00016314,0.00016312,0.00016195,0.00016528
transmitted,5.137e-05,5.12e-05,4.906e-05,4.813e-05,4.789e-05,4.787e-05,4.819e-05,4.834e-05,5.128e-05
weekends,8.6e-07,8.4e-07,8.1e-07,8.2e-07,8.2e-07,1.03e-06,1.03e-06,1.24e-06,8.5e-07
screenshots,4.3e-07,1.05e-06,1.22e-06,1.22e-06,1.23e-06,1.23e-06,1.24e-06,1.24e-06,7.4e-07
produces,7.427e-05,7.469e-05,7.797e-05,7.403e-05,7.674e-05,7.746e-05,7.476e-05,7.519e-05,7.448e-05
oven,6.4e-07,6.3e-07,6.1e-07,6.1e-07,6.1e-07,6.2e-07,6.2e-07,6.2e-07,6.4e-07
ted,1.348e-05,1.322e-05,1.364e-05,1.264e-05,1.289e-05,1.315e-05,1.318e-05,1.281e-05,1.335e-05
intensive,2.183e-05,2.161e-05,2.158e-05,2.243e-05,2.251e-05,2.301e-05,2.286e-05,2.52e-05,2.172e-05
chains,3.018e-05,3.042e-05,3.155e-05,3.181e-05,3.151e-05,3.144e-05,3.151e-05,3.119e-05,3.03e-05
kingston,4.92e-06,5.67e-06,5.7e-06,5.71e-06,5.73e-06,5.55e-06,4.74e-06,4.34e-06,5.3e-06
sixth,2.504e-05,2.602e-05,2.565e-05,2.529e-05,2.578e-05,2.548e-05,2.554e-05,2.603e-05,2.553e-05
engage,6.63e-06,6.92e-06,7.13e-06,6.93e-06,6.96e-06,6.99e-06,5.97e-06,5.58e-06,6.78e-06
deviant,2.1e-07,2.1e-07,2e-07,2e-07,2e-07,0.0,0.0,0.0,2.1e-07
noon,4.28e-06,3.99e-06,3.87e-06,4.08e-06,4.3e-06,4.31e-06,4.33e-06,4.34e-06,4.14e-06
switching,2.226e-05,2.308e-05,2.443e-05,2.447e-05,2.435e-05,2.568e-05,2.677e-05,2.747e-05,2.267e-05
quoted,2.354e-05,2.329e-05,2.239e-05,2.019e-05,2.026e-05,2.096e-05,1.977e-05,1.942e-05,2.341e-05
adapters,8.6e-07,8.4e-07,8.1e-07,8.2e-07,8.2e-07,8.2e-07,6.2e-07,4.1e-07,8.5e-07
correspondence,6.207e-05,6.085e-05,6.168e-05,6.465e-05,6.712e-05,6.801e-05,6.797e-05,6.837e-05,6.146e-05
farms,3e-06,3.15e-06,3.05e-06,2.86e-06,2.86e-06,2.88e-06,3.09e-06,3.1e-06,3.08e-06
imports,2.57e-06,2.52e-06,2.44e-06,2.24e-06,2.25e-06,2.47e-06,2.47e-06,2.27e-06,2.55e-06
supervision,0.00014233,0.00014079,0.00013599,0.00013093,0.00012483,0.00011979,0.00011699,0.00011196,0.00014156
cheat,6.4e-07,6.3e-07,6.1e-07,6.1e-07,6.1e-07,1.03e-06,1.03e-06,1.24e-06,6.4e-07
bronze,1.969e-05,1.93e-05,1.914e-05,1.774e-05,1.801e-05,1.788e-05,1.627e-05,1.549e-05,1.95e-05
expenditures,2.57e-06,2.52e-06,3.26e-06,3.26e-06,3.89e-06,3.9e-06,3.71e-06,3.51e-06,2.55e-06
sandy,2.78e-06,2.73e-06,2.44e-06,2.45e-06,2.25e-06,2.26e-06,2.27e-06,2.48e-06,2.75e-06
separation,5.094e-05,5.35e-05,5.415e-05,5.221e-05,5.259e-05,5.445e-05,5.561e-05,5.598e-05,5.222e-05
testimony,5.56e-06,5.04e-06,4.48e-06,4.49e-06,4.71e-06,4.52e-06,4.33e-06,4.13e-06,5.3e-06
suspect,3.85e-06,3.78e-06,4.07e-06,4.28e-06,4.5e-06,4.73e-06,4.74e-06,4.54e-06,3.81e-06
celebrities,4.07e-06,3.99e-06,3.87e-06,3.87e-06,3.89e-06,4.31e-06,4.33e-06,3.72e-06,4.03e-06
macro,8.99e-06,8.6e-06,8.75e-06,9.38e-06,8.59e-06,7.81e-06,8.03e-06,8.06e-06,8.79e-06
sender,2.012e-05,2.035e-05,1.975e-05,2.121e-05,2.21e-05,2.199e-05,2.183e-05,2.21e-05,2.023e-05
mandatory,7.49e-06,8.18e-06,9.16e-06,9.18e-06,9.62e-06,1.027e-05,1.05e-05,1.157e-05,7.84e-06
boundaries,3.553e-05,3.483e-05,3.359e-05,3.487e-05,3.622e-05,3.74e-05,3.728e-05,3.76e-05,3.518e-05
crucial,2.162e-05,2.077e-05,2.097e-05,2.203e-05,2.271e-05,2.281e-05,2.472e-05,2.789e-05,2.119e-05
syndication,1.28e-06,1.05e-06,1.02e-06,1.02e-06,1.02e-06,8.2e-07,8.2e-07,8.3e-07,1.16e-06
gym,2.1e-07,2.1e-07,2e-07,2e-07,2e-07,2.1e-07,2.1e-07,2.1e-07,2.1e-07
celebration,5.99e-06,6.08e-06,6.11e-06,5.91e-06,6.75e-06,6.58e-06,7.21e-06,7.02e-06,6.04e-06
kde,2.14e-06,2.1e-06,2.04e-06,2.04e-06,2.05e-06,2.26e-06,1.85e-06,1.86e-06,2.12e-06
adjacent,9.653e-05,9.568e-05,9.568e-05,9.769e-05,6.507e-05,6.39e-05,6.55e-05,6.466e-05,9.611e-05
filtering,2.847e-05,2.833e-05,2.891e-05,2.855e-05,3.07e-05,3.02e-05,3.069e-05,3.037e-05,2.84e-05
tuition,1.07e-06,8.4e-07,8.1e-07,8.2e-07,8.2e-07,8.2e-07,8.2e-07,8.3e-07,9.5e-07
spouse,1.5e-06,1.26e-06,8.1e-07,8.2e-07,1.02e-06,1.03e-06,1.24e-06,8.3e-07,1.38e-06
exotic,1.049e-05,9.65e-06,9.57e-06,1.02e-05,1.064e-05,1.068e-05,1.112e-05,1.136e-05,1.007e-05
viewer,1.199e-05,1.217e-05,1.283e-05,1.285e-05,1.289e-05,1.336e-05,1.339e-05,1.363e-05,1.208e-05
signup,2.1e-07,2.1e-07,2e-07,2e-07,2e-07,2.1e-07,2.1e-07,2.1e-07,2.1e-07
threats,8.56e-06,9.65e-06,9.98e-06,1.081e-05,1.003e-05,1.048e-05,1.05e-05,1.033e-05,9.11e-06
luxembourg,7.06e-06,7.34e-06,7.74e-06,8.16e-06,7.78e-06,8.42e-06,8.44e-06,8.26e-06,7.2e-06
puzzles,6.292e-05,6.274e-05,5.904e-05,6.138e-05,6.221e-05,6.37e-05,6.344e-05,6.259e-05,6.283e-05
reaching,2.226e-05,2.203e-05,2.178e-05,2.08e-05,2.19e-05,2.199e-05,2.121e-05,2.148e-05,2.214e-05
vb,1.07e-06,1.05e-06,1.02e-06,1.02e-06,6.1e-07,6.2e-07,6.2e-07,6.2e-07,1.06e-06
damaged,8.13e-06,7.13e-06,6.72e-06,6.32e-06,5.73e-06,5.96e-06,5.56e-06,5.58e-06,7.63e-06
cams,6.4e-07,6.3e-07,8.1e-07,8.2e-07,1.02e-06,1.03e-06,1.03e-06,1.03e-06,6.4e-07
receptor,4.71e-06,4.83e-06,4.68e-06,4.89e-06,4.5e-06,4.52e-06,4.74e-06,4.54e-06,4.77e-06
piss,2.1e-07,6.3e-07,6.1e-07,6.1e-07,6.1e-07,6.2e-07,6.2e-07,6.2e-07,4.2e-07
laugh,6.4e-07,4.2e-07,4.1e-07,6.1e-07,4.1e-07,4.1e-07,6.2e-07,6.2e-07,5.3e-07
joel,9.85e-06,1.07e-05,1.018e-05,1.101e-05,1.126e-05,1.13e-05,1.153e-05,1.157e-05,1.027e-05
surgical,2.1e-07,2.1e-07,4.1e-07,4.1e-07,4.1e-07,6.2e-07,6.2e-07,6.2e-07,2.1e-07
destroy,4.71e-06,4.62e-06,4.48e-06,4.49e-06,4.71e-06,4.93e-06,4.94e-06,4.54e-06,4.67e-06
citation,4.088e-05,4.091e-05,3.888e-05,3.793e-05,3.724e-05,3.863e-05,3.831e-05,3.656e-05,4.09e-05
pitch,6.207e-05,6.336e-05,6.087e-05,6.118e-05,6.119e-05,6.102e-05,5.849e-05,5.784e-05,6.271e-05
autos,2.1e-07,2.1e-07,2e-07,2e-07,2e-07,2.1e-07,2.1e-07,2.1e-07,2.1e-07
yo,1.798e-05,1.301e-05,1.221e-05,1.203e-05,1.207e-05,1.253e-05,1.256e-05,1.281e-05,1.549e-05
premises,1.263e-05,1.343e-05,1.364e-05,1.366e-05,1.371e-05,1.274e-05,1.256e-05,1.301e-05,1.303e-05
perry,5.99e-06,5.67e-06,5.5e-06,5.51e-06,5.53e-06,5.55e-06,5.56e-06,5.99e-06,5.83e-06
proved,0.00028551,0.00028472,0.00028337,0.00027939,0.00028117,0.00028293,0.00028052,0.00028052,0.00028512
offensive,7.49e-06,9.02e-06,9.36e-06,8.57e-06,8.39e-06,8.42e-06,8.65e-06,8.68e-06,8.25e-06
imperial,4.666e-05,4.805e-05,4.804e-05,4.874e-05,4.932e-05,4.87e-05,4.716e-05,4.792e-05,4.735e-05
dozen,1.391e-05,1.385e-05,1.425e-05,1.366e-05,1.392e-05,1.356e-05,1.339e-05,1.467e-05,1.388e-05
benjamin,2.761e-05,2.812e-05,2.769e-05,2.733e-05,2.722e-05,2.753e-05,2.863e-05,2.892e-05,2.786e-05
deployment,6.85e-06,6.92e-06,8.14e-06,7.75e-06,7.78e-06,7.81e-06,8.65e-06,7.64e-06,6.88e-06
teeth,2.57e-06,2.31e-06,2.85e-06,3.26e-06,3.07e-06,3.49e-06,3.5e-06,3.31e-06,2.44e-06
cloth,1.477e-05,1.511e-05,1.486e-05,1.366e-05,1.392e-05,1.294e-05,1.359e-05,1.301e-05,1.494e-05
studying,6.849e-05,6.63e-05,6.616e-05,6.567e-05,6.773e-05,6.965e-05,7.044e-05,7.127e-05,6.74e-05
colleagues,2.097e-05,2.098e-05,2.26e-05,2.182e-05,2.374e-05,2.404e-05,2.121e-05,2.066e-05,2.098e-05
stamp,8.13e-06,8.18e-06,7.94e-06,7.34e-06,7.37e-06,6.78e-06,6.8e-06,7.64e-06,8.15e-06
lotus,7.49e-06,7.34e-06,6.11e-06,5.91e-06,5.93e-06,5.55e-06,5.77e-06,5.78e-06,7.42e-06
salmon,3.21e-06,3.15e-06,3.26e-06,3.06e-06,3.07e-06,3.08e-06,3.3e-06,3.31e-06,3.18e-06
olympus,6.4e-07,4.2e-07,4.1e-07,4.1e-07,4.1e-07,6.2e-07,6.2e-07,6.2e-07,5.3e-07
separated,5.115e-05,5.203e-05,5.211e-05,5.18e-05,5.177e-05,5.116e-05,5.128e-05,5.02e-05,5.159e-05
proc,3.039e-05,2.958e-05,2.524e-05,2.488e-05,2.353e-05,2.322e-05,2.307e-05,2.252e-05,2.998e-05
cargo,3.85e-06,3.36e-06,3.46e-06,3.87e-06,3.89e-06,3.9e-06,3.71e-06,3.72e-06,3.61e-06
tan,1.134e-05,1.07e-05,1.059e-05,1.122e-05,1.085e-05,1.068e-05,1.092e-05,1.033e-05,1.102e-05
directive,6.85e-06,6.71e-06,6.31e-06,5.71e-06,5.53e-06,5.34e-06,4.94e-06,4.54e-06,6.78e-06
fx,3.42e-06,3.78e-06,3.66e-06,4.08e-06,3.89e-06,3.9e-06,4.12e-06,4.13e-06,3.6e-06
salem,7.7e-06,7.76e-06,9.77e-06,9.18e-06,8.8e-06,8.84e-06,8.86e-06,9.09e-06,7.73e-06
mate,4.71e-06,5.04e-06,4.89e-06,4.89e-06,4.5e-06,4.52e-06,4.53e-06,4.34e-06,4.87e-06
dl,3.42e-06,3.36e-06,3.26e-06,2.86e-06,3.07e-06,3.08e-06,2.88e-06,2.48e-06,3.39e-06
starter,2.57e-06,2.52e-06,2.65e-06,2.65e-06,2.46e-06,1.64e-06,1.65e-06,1.45e-06,2.55e-06
upgrades,2.57e-06,2.73e-06,3.05e-06,3.06e-06,2.86e-06,2.67e-06,2.68e-06,2.89e-06,2.65e-06
likes,1.5e-06,1.47e-06,1.83e-06,2.04e-06,3.48e-06,2.88e-06,2.47e-06,2.07e-06,1.48e-06
butter,1.07e-06,1.05e-06,1.02e-06,1.02e-06,1.02e-06,1.03e-06,1.03e-06,1.03e-06,1.06e-06
pepper,2.78e-06,3.99e-06,4.07e-06,2.86e-06,2.86e-06,3.08e-06,3.09e-06,3.1e-06,3.38e-06
weapon,1.07e-05,1.133e-05,1.16e-05,1.142e-05,1.207e-05,1.192e-05,1.133e-05,1.177e-05,1.101e-05
luggage,8.6e-07,8.4e-07,8.1e-07,1.02e-06,1.02e-06,1.03e-06,8.2e-07,8.3e-07,8.5e-07
burden,4.07e-06,3.99e-06,4.28e-06,3.87e-06,3.68e-06,3.9e-06,3.5e-06,3.51e-06,4.03e-06
chef,1.5e-06,1.68e-06,1.22e-06,1.22e-06,1.23e-06,1.03e-06,1.03e-06,8.3e-07,1.59e-06
tapes,4.49e-06,4.83e-06,4.68e-06,4.69e-06,4.71e-06,4.73e-06,4.94e-06,5.37e-06,4.66e-06
zones,1.306e-05,1.28e-05,1.344e-05,1.326e-05,1.207e-05,1.274e-05,1.318e-05,1.363e-05,1.293e-05
races,4.49e-06,4.2e-06,3.87e-06,4.08e-06,3.27e-06,3.29e-06,3.3e-06,2.69e-06,4.34e-06
isle,7.49e-06,7.13e-06,7.74e-06,7.75e-06,7.16e-06,6.16e-06,6.18e-06,6.4e-06,7.31e-06
stylish,4.3e-07,4.2e-07,6.1e-07,4.1e-07,4.1e-07,4.1e-07,4.1e-07,2.1e-07,4.3e-07
slim,1.93e-06,1.89e-06,1.83e-06,1.84e-06,1.84e-06,1.44e-06,1.24e-06,1.24e-06,1.91e-06
maple,7.06e-06,6.92e-06,6.31e-06,6.93e-06,6.75e-06,6.78e-06,6.8e-06,6.4e-06,6.99e-06
luke,3.85e-06,3.15e-06,3.05e-06,2.45e-06,2.46e-06,2.47e-06,2.47e-06,3.1e-06,3.5e-06
grocery,1.07e-06,1.05e-06,1.02e-06,1.02e-06,8.2e-07,8.2e-07,8.2e-07,8.3e-07,1.06e-06
offshore,2.35e-06,2.31e-06,2.44e-06,2.45e-06,2.25e-06,1.85e-06,1.85e-06,2.07e-06,2.33e-06
governing,1.755e-05,1.658e-05,1.547e-05,1.591e-05,1.576e-05,1.623e-05,1.668e-05,1.735e-05,1.707e-05
retailers,3.85e-06,3.36e-06,3.87e-06,3.87e-06,4.09e-06,4.11e-06,4.33e-06,4.34e-06,3.61e-06
depot,1.28e-06,1.26e-06,1.22e-06,1.22e-06,1.23e-06,8.2e-07,8.2e-07,8.3e-07,1.27e-06
kenneth,3.189e-05,3.168e-05,3.054e-05,2.957e-05,2.906e-05,3.02e-05,2.904e-05,2.871e-05,3.179e-05
comp,5.78e-06,5.46e-06,6.11e-06,5.51e-06,4.71e-06,4.52e-06,4.74e-06,4.54e-06,5.62e-06
alt,6.42e-06,6.92e-06,5.9e-06,8.16e-06,7.98e-06,7.19e-06,7.41e-06,7.02e-06,6.67e-06
pie,7.92e-06,8.39e-06,8.14e-06,8.16e-06,8.59e-06,8.01e-06,7.41e-06,7.23e-06,8.15e-06
blend,6.85e-06,6.5e-06,6.11e-06,5.91e-06,6.34e-06,6.58e-06,6.8e-06,7.64e-06,6.67e-06
harrison,1.306e-05,1.406e-05,1.221e-05,1.142e-05,1.166e-05,1.151e-05,1.092e-05,1.115e-05,1.356e-05
ls,1.5e-06,1.47e-06,1.63e-06,1.43e-06,1.43e-06,1.44e-06,1.85e-06,1.86e-06,1.48e-06
julie,1.71e-06,1.68e-06,2.44e-06,2.24e-06,2.46e-06,2.26e-06,2.27e-06,2.48e-06,1.69e-06
occasionally,4.238e-05,4.175e-05,4.255e-05,4.344e-05,4.359e-05,4.171e-05,4.078e-05,4.111e-05,4.206e-05
cbs,9.63e-06,9.02e-06,8.75e-06,8.36e-06,8.19e-06,8.01e-06,8.24e-06,8.47e-06,9.32e-06
attending,1.027e-05,9.86e-06,8.75e-06,8.97e-06,8.8e-06,8.42e-06,8.03e-06,7.85e-06,1.006e-05
emission,1.648e-05,1.616e-05,1.547e-05,1.53e-05,1.617e-05,1.603e-05,1.504e-05,1.508e-05,1.632e-05
pete,4.49e-06,4.2e-06,4.68e-06,4.89e-06,4.3e-06,4.11e-06,4.12e-06,3.92e-06,4.34e-06
spec,7.28e-06,6.5e-06,6.11e-06,5.3e-06,4.71e-06,4.73e-06,4.94e-06,4.75e-06,6.89e-06
finest,4.49e-06,5.04e-06,4.28e-06,4.69e-06,4.91e-06,5.14e-06,4.53e-06,4.54e-06,4.77e-06
realty,0.0,0.0,0.0,0.0,0.0,0.0,0.0,0.0,0.0
janet,8.99e-06,8.81e-06,9.57e-06,9.38e-06,9e-06,8.84e-06,8.65e-06,8.47e-06,8.9e-06
bow,1.006e-05,1.028e-05,8.96e-06,8.77e-06,9.62e-06,1.007e-05,9.89e-06,1.012e-05,1.017e-05
penn,9.85e-06,1.154e-05,1.038e-05,1.06e-05,1.105e-05,1.151e-05,1.112e-05,1.033e-05,1.07e-05
recruiting,2.57e-06,2.52e-06,2.65e-06,2.65e-06,2.66e-06,2.88e-06,2.88e-06,2.69e-06,2.55e-06
apparent,4.751e-05,4.826e-05,4.906e-05,4.996e-05,4.85e-05,4.829e-05,4.819e-05,4.896e-05,4.788e-05
instructional,3.85e-06,3.78e-06,3.46e-06,3.47e-06,3.27e-06,3.29e-06,3.3e-06,3.1e-06,3.81e-06
phpbb,2.1e-07,2.1e-07,2e-07,2e-07,2e-07,2.1e-07,2.1e-07,2.1e-07,2.1e-07
autumn,9.63e-06,1.007e-05,9.77e-06,9.38e-06,9.21e-06,9.25e-06,9.06e-06,8.68e-06,9.85e-06
traveling,1.734e-05,1.616e-05,1.629e-05,1.55e-05,1.535e-05,1.582e-05,1.606e-05,1.653e-05,1.675e-05
probe,1.327e-05,1.322e-05,1.344e-05,1.285e-05,1.33e-05,1.294e-05,1.298e-05,1.343e-05,1.324e-05
midi,6.42e-06,6.29e-06,5.7e-06,5.1e-06,4.91e-06,4.73e-06,4.53e-06,4.54e-06,6.36e-06
permissions,1.28e-06,1.26e-06,1.43e-06,1.43e-06,1.64e-06,1.85e-06,1.85e-06,1.65e-06,1.27e-06
biotechnology,9.2e-06,1.07e-05,1.038e-05,9.58e-06,9.62e-06,9.25e-06,9.06e-06,9.5e-06,9.95e-06
toilet,3e-06,2.94e-06,2.85e-06,3.26e-06,3.48e-06,4.11e-06,3.71e-06,3.72e-06,2.97e-06
ranked,3.146e-05,3.105e-05,3.135e-05,3.079e-05,3.172e-05,3.185e-05,2.986e-05,2.954e-05,3.125e-05
jackets,8.6e-07,8.4e-07,8.1e-07,8.2e-07,8.2e-07,1.03e-06,1.03e-06,1.03e-06,8.5e-07
routes,7.7e-06,8.39e-06,7.74e-06,7.95e-06,8.39e-06,1.027e-05,1.071e-05,1.115e-05,8.05e-06
packed,8.99e-06,9.23e-06,8.55e-06,8.97e-06,8.8e-06,8.84e-06,9.47e-06,9.71e-06,9.11e-06
excited,8.99e-06,1.049e-05,9.98e-06,9.99e-06,1.003e-05,9.66e-06,9.27e-06,9.3e-06,9.74e-06
outreach,4.71e-06,5.46e-06,5.5e-06,4.69e-06,4.3e-06,4.11e-06,4.33e-06,4.34e-06,5.08e-06
helen,9.85e-06,9.65e-06,1.14e-05,1.183e-05,1.187e-05,1.212e-05,1.256e-05,1.219e-05,9.75e-06
mounting,2.57e-06,2.52e-06,2.04e-06,2.04e-06,1.84e-06,1.85e-06,1.85e-06,2.07e-06,2.55e-06
recover,2.397e-05,2.287e-05,2.239e-05,2.203e-05,2.128e-05,2.137e-05,2.266e-05,2.231e-05,2.342e-05
tied,1.691e-05,1.595e-05,1.69e-05,1.611e-05,1.617e-05,1.623e-05,1.524e-05,1.653e-05,1.643e-05
lopez,1.28e-06,1.47e-06,1.63e-06,1.43e-06,1.43e-06,1.23e-06,1.24e-06,1.45e-06,1.37e-06
balanced,2.74e-05,2.707e-05,2.748e-05,2.774e-05,2.804e-05,2.794e-05,2.842e-05,2.892e-05,2.723e-05
prescribed,1.241e-05,1.238e-05,1.16e-05,1.142e-05,1.248e-05,1.274e-05,1.236e-05,1.219e-05,1.239e-05
catherine,9.85e-06,1.049e-05,1.059e-05,9.79e-06,9.62e-06,9.86e-06,1.05e-05,1.115e-05,1.017e-05
timely,3.85e-06,3.78e-06,3.66e-06,3.67e-06,3.48e-06,3.29e-06,3.3e-06,3.31e-06,3.81e-06
talked,1.28e-06,1.26e-06,1.43e-06,1.22e-06,1.23e-06,1.23e-06,1.24e-06,1.24e-06,1.27e-06
upskirts,0.0,0.0,0.0,0.0,0.0,0.0,0.0,0.0,0.0
debug,1.28e-06,1.26e-06,1.22e-06,1.22e-06,8.2e-07,8.2e-07,8.2e-07,1.24e-06,1.27e-06
delayed,1.049e-05,1.028e-05,9.98e-06,1.04e-05,1.126e-05,1.11e-05,1.092e-05,1.095e-05,1.038e-05
chuck,3.42e-06,3.99e-06,3.46e-06,3.47e-06,3.48e-06,3.29e-06,3.5e-06,3.51e-06,3.71e-06
reproduced,9.42e-06,1.07e-05,1.018e-05,1.02e-05,1.023e-05,1.048e-05,9.89e-06,9.71e-06,1.006e-05
hon,3.85e-06,3.57e-06,3.66e-06,3.47e-06,3.68e-06,3.9e-06,3.91e-06,3.51e-06,3.71e-06
dale,5.35e-06,5.87e-06,5.9e-06,5.91e-06,5.93e-06,6.16e-06,6.38e-06,6.82e-06,5.61e-06
explicit,6.699e-05,6.525e-05,6.372e-05,6.424e-05,6.446e-05,6.534e-05,6.591e-05,6.672e-05,6.612e-05
calculation,9.824e-05,9.61e-05,9.548e-05,9.422e-05,9.516e-05,9.472e-05,9.227e-05,8.986e-05,9.717e-05
villas,4.3e-07,6.3e-07,6.1e-07,8.2e-07,8.2e-07,6.2e-07,6.2e-07,6.2e-07,5.3e-07
ebook,1.71e-06,2.31e-06,1.83e-06,1.63e-06,1.84e-06,1.85e-06,1.65e-06,1.86e-06,2.01e-06
consolidated,4.28e-06,2.52e-06,2.65e-06,2.86e-06,2.66e-06,2.67e-06,2.68e-06,1.86e-06,3.4e-06
boob,0.0,0.0,0.0,0.0,0.0,0.0,0.0,0.0,0.0
exclude,5.56e-06,6.5e-06,6.51e-06,6.73e-06,7.37e-06,7.6e-06,7.62e-06,7.85e-06,6.03e-06
peeing,0.0,0.0,0.0,0.0,0.0,0.0,0.0,0.0,0.0
occasions,1.263e-05,1.364e-05,1.384e-05,1.428e-05,1.392e-05,1.336e-05,1.298e-05,1.322e-05,1.313e-05
brooks,1.199e-05,1.091e-05,9.98e-06,1.02e-05,9.41e-06,9.45e-06,9.27e-06,9.5e-06,1.145e-05
equations,0.00064079,0.00065442,0.00065062,0.00064994,0.00065259,0.00065565,0.00065125,0.00065709,0.0006476
newton,0.00012884,0.00012799,0.00012703,0.00012481,0.00012462,0.00012369,0.00012522,0.00012704,0.00012841
oils,2.14e-06,1.68e-06,1.63e-06,1.63e-06,1.84e-06,1.85e-06,1.85e-06,1.86e-06,1.91e-06
sept,8.35e-06,8.18e-06,8.96e-06,8.16e-06,7.98e-06,7.81e-06,7.41e-06,7.44e-06,8.26e-06
exceptional,2.204e-05,2.266e-05,2.402e-05,2.468e-05,2.456e-05,2.466e-05,2.513e-05,2.376e-05,2.235e-05
anxiety,2.14e-06,2.1e-06,2.44e-06,2.45e-06,3.68e-06,2.67e-06,2.88e-06,2.48e-06,2.12e-06
bingo,1.5e-06,1.47e-06,1.43e-06,1.43e-06,1.43e-06,1.44e-06,1.44e-06,1.45e-06,1.48e-06
whilst,1.306e-05,1.385e-05,1.323e-05,1.366e-05,1.371e-05,1.418e-05,1.359e-05,1.239e-05,1.345e-05
spatial,0.00014383,0.00014666,0.00014902,0.0001501,0.00014795,0.00014486,0.00014252,0.00014067,0.00014525
respondents,5.78e-06,5.87e-06,5.7e-06,6.32e-06,6.34e-06,6.37e-06,6.38e-06,7.23e-06,5.82e-06
unto,8.6e-07,8.4e-07,8.1e-07,4.1e-07,4.1e-07,4.1e-07,8.2e-07,8.3e-07,8.5e-07
lt,6.21e-06,4.41e-06,5.9e-06,6.73e-06,6.34e-06,5.96e-06,5.77e-06,5.58e-06,5.31e-06
ceramic,3.42e-06,3.36e-06,3.26e-06,3.47e-06,3.07e-06,3.08e-06,3.3e-06,3.1e-06,3.39e-06
prompt,1.71e-06,2.31e-06,2.44e-06,2.45e-06,2.46e-06,2.26e-06,2.27e-06,2.69e-06,2.01e-06
precious,2.35e-06,2.31e-06,2.24e-06,2.65e-06,2.25e-06,2.26e-06,2.27e-06,2.48e-06,2.33e-06
minds,1.199e-05,1.196e-05,1.079e-05,1.02e-05,9.82e-06,8.84e-06,8.65e-06,8.47e-06,1.197e-05
annually,3.275e-05,3.294e-05,3.257e-05,3.263e-05,3.397e-05,3.37e-05,3.46e-05,3.429e-05,3.285e-05
considerations,1.584e-05,1.637e-05,1.568e-05,1.489e-05,1.432e-05,1.438e-05,1.442e-05,1.446e-05,1.611e-05
scanners,3.85e-06,3.99e-06,3.87e-06,3.87e-06,4.3e-06,4.31e-06,4.12e-06,4.34e-06,3.92e-06
atm,7.49e-06,5.04e-06,4.89e-06,5.1e-06,5.73e-06,5.55e-06,5.35e-06,5.16e-06,6.27e-06
xanax,0.0,0.0,0.0,0.0,0.0,0.0,0.0,0.0,0.0
eq,3.21e-06,2.73e-06,2.85e-06,2.86e-06,2.86e-06,3.08e-06,2.88e-06,3.1e-06,2.97e-06
pays,7.92e-06,8.18e-06,7.33e-06,7.55e-06,7.78e-06,7.19e-06,7.62e-06,8.26e-06,8.05e-06
cox,2.633e-05,2.476e-05,2.361e-05,2.345e-05,2.374e-05,2.342e-05,2.327e-05,2.355e-05,2.555e-05
fingers,9.2e-06,9.44e-06,9.57e-06,9.18e-06,9.82e-06,1.027e-05,1.092e-05,1.012e-05,9.32e-06
sunny,1.5e-06,1.47e-06,1.43e-06,1.63e-06,1.64e-06,1.03e-06,1.03e-06,1.24e-06,1.48e-06
ebooks,6.4e-07,6.3e-07,6.1e-07,2e-07,2e-07,2.1e-07,2.1e-07,2.1e-07,6.4e-07
delivers,4.07e-06,3.57e-06,4.07e-06,3.87e-06,3.48e-06,3.49e-06,3.3e-06,3.31e-06,3.82e-06
je,3.21e-06,2.52e-06,2.65e-06,2.24e-06,2.25e-06,2.05e-06,2.06e-06,2.07e-06,2.87e-06
queensland,9.42e-06,1.175e-05,1.181e-05,1.142e-05,1.187e-05,1.192e-05,1.195e-05,1.177e-05,1.058e-05
necklace,5.56e-06,4.62e-06,4.07e-06,3.67e-06,3.89e-06,3.9e-06,4.53e-06,4.54e-06,5.09e-06
musicians,1.134e-05,1.133e-05,1.12e-05,1.203e-05,1.126e-05,1.11e-05,1.092e-05,1.053e-05,1.133e-05
leeds,9.63e-06,1.07e-05,9.98e-06,9.38e-06,9.21e-06,8.84e-06,8.44e-06,8.26e-06,1.016e-05
composite,5.179e-05,4.952e-05,5.089e-05,5.343e-05,5.321e-05,5.322e-05,5.54e-05,5.515e-05,5.065e-05
unavailable,4.49e-06,4.2e-06,3.66e-06,3.87e-06,3.48e-06,3.9e-06,3.91e-06,4.13e-06,4.34e-06
cedar,1.71e-06,1.26e-06,1.43e-06,1.63e-06,1.64e-06,1.64e-06,1.65e-06,1.65e-06,1.48e-06
arranged,3.596e-05,3.63e-05,3.664e-05,3.65e-05,3.724e-05,3.616e-05,3.79e-05,3.76e-05,3.613e-05
lang,1.37e-05,1.301e-05,1.303e-05,1.285e-05,1.166e-05,1.212e-05,1.195e-05,1.239e-05,1.336e-05
theaters,3.85e-06,3.57e-06,3.66e-06,3.26e-06,3.27e-06,3.29e-06,3.91e-06,4.13e-06,3.71e-06
advocacy,5.14e-06,4.83e-06,4.89e-06,4.69e-06,4.91e-06,4.93e-06,5.56e-06,5.99e-06,4.99e-06
raleigh,1.71e-06,1.26e-06,1.22e-06,1.22e-06,1.23e-06,1.23e-06,1.24e-06,1.24e-06,1.48e-06
stud,4.3e-07,4.2e-07,4.1e-07,4.1e-07,4.1e-07,6.2e-07,1.03e-06,1.03e-06,4.3e-07
fold,3.382e-05,3.273e-05,3.216e-05,3.283e-05,3.356e-05,3.37e-05,3.275e-05,3.243e-05,3.327e-05
essentially,7.898e-05,7.616e-05,7.349e-05,7.403e-05,7.49e-05,7.561e-05,7.435e-05,7.313e-05,7.757e-05
designing,3.553e-05,3.378e-05,3.481e-05,3.487e-05,3.438e-05,3.514e-05,3.604e-05,3.718e-05,3.465e-05
threaded,3.64e-06,3.15e-06,2.65e-06,2.65e-06,2.86e-06,3.08e-06,3.09e-06,3.31e-06,3.39e-06
uv,1.113e-05,1.175e-05,1.12e-05,1.162e-05,1.166e-05,1.089e-05,1.009e-05,1.033e-05,1.144e-05
qualify,6.42e-06,6.71e-06,6.51e-06,6.93e-06,6.75e-06,6.78e-06,6.8e-06,7.02e-06,6.57e-06
fingering,2.35e-06,2.31e-06,2.44e-06,2.45e-06,2.46e-06,2.47e-06,2.47e-06,2.48e-06,2.33e-06
blair,4.28e-06,4.41e-06,4.28e-06,4.49e-06,4.71e-06,4.73e-06,4.74e-06,4.54e-06,4.34e-06
hopes,2.57e-06,2.52e-06,2.65e-06,2.65e-06,2.66e-06,2.67e-06,2.88e-06,2.89e-06,2.55e-06
assessments,7.7e-06,7.76e-06,7.13e-06,7.14e-06,7.16e-06,6.58e-06,6.59e-06,6.61e-06,7.73e-06
cms,1.07e-05,1.049e-05,9.77e-06,9.99e-06,1.023e-05,1.027e-05,1.071e-05,1.053e-05,1.059e-05
mason,1.541e-05,1.49e-05,1.669e-05,1.53e-05,1.535e-05,1.541e-05,1.524e-05,1.487e-05,1.515e-05
diagram,8.411e-05,8.477e-05,8.733e-05,8.871e-05,9.025e-05,9.143e-05,9.248e-05,9.399e-05,8.444e-05
burns,9.2e-06,8.81e-06,9.36e-06,9.58e-06,9.62e-06,9.86e-06,1.009e-05,9.09e-06,9e-06
pumps,3.42e-06,3.15e-06,3.26e-06,3.67e-06,4.71e-06,4.52e-06,4.74e-06,4.13e-06,3.28e-06
slut,0.0,0.0,0.0,0.0,0.0,0.0,0.0,0.0,0.0
ejaculation,0.0,0.0,0.0,0.0,0.0,0.0,0.0,0.0,0.0
footwear,8.6e-07,8.4e-07,8.1e-07,1.02e-06,8.2e-07,1.03e-06,1.24e-06,1.24e-06,8.5e-07
sg,3.64e-06,3.57e-06,4.48e-06,3.67e-06,2.25e-06,1.85e-06,1.85e-06,1.65e-06,3.61e-06
vic,3e-06,2.94e-06,2.65e-06,2.45e-06,2.46e-06,1.85e-06,1.85e-06,2.07e-06,2.97e-06
beijing,1.306e-05,1.364e-05,1.445e-05,1.468e-05,1.412e-05,1.315e-05,1.318e-05,1.301e-05,1.335e-05
peoples,9.63e-06,9.65e-06,9.98e-06,9.58e-06,8.39e-06,8.84e-06,8.65e-06,9.92e-06,9.64e-06
victor,3.531e-05,3.609e-05,3.42e-05,3.467e-05,3.397e-05,3.349e-05,3.46e-05,3.512e-05,3.57e-05
mario,1.52e-05,1.637e-05,1.588e-05,1.448e-05,1.821e-05,1.788e-05,1.874e-05,1.942e-05,1.578e-05
pos,2.78e-06,2.31e-06,2.65e-06,3.26e-06,3.68e-06,3.7e-06,3.91e-06,3.72e-06,2.55e-06
attach,4.92e-06,5.04e-06,4.28e-06,4.28e-06,4.3e-06,4.31e-06,4.12e-06,4.13e-06,4.98e-06
licenses,5.56e-06,5.67e-06,5.7e-06,5.91e-06,6.55e-06,5.96e-06,5.97e-06,6.82e-06,5.61e-06
utils,0.0,0.0,0.0,1.43e-06,1.43e-06,1.44e-06,0.0,0.0,0.0
removing,2.954e-05,3.042e-05,3.115e-05,3.243e-05,3.336e-05,3.329e-05,3.295e-05,3.326e-05,2.998e-05
advised,1.562e-05,1.553e-05,1.608e-05,1.53e-05,1.453e-05,1.459e-05,1.38e-05,1.219e-05,1.557e-05
brunswick,6.21e-06,6.29e-06,6.51e-06,6.32e-06,5.93e-06,6.37e-06,6.59e-06,6.61e-06,6.25e-06
spider,5.14e-06,5.67e-06,5.7e-06,5.91e-06,6.34e-06,7.19e-06,7e-06,7.44e-06,5.4e-06
phys,6.121e-05,5.749e-05,4.071e-05,2.529e-05,2.149e-05,2.096e-05,2.06e-05,2.024e-05,5.935e-05
ranges,2.633e-05,2.686e-05,2.565e-05,2.57e-05,2.599e-05,2.651e-05,2.78e-05,2.768e-05,2.659e-05
pairs,0.00012884,0.00012967,0.00012968,0.00013419,0.00013363,0.0001352,0.00013799,0.00013985,0.00012925
sensitivity,3.51e-05,3.378e-05,3.481e-05,3.467e-05,3.377e-05,3.411e-05,3.563e-05,3.677e-05,3.444e-05
trails,3.21e-06,3.57e-06,3.46e-06,3.47e-06,3.48e-06,3.7e-06,3.71e-06,3.72e-06,3.39e-06
preservation,9.85e-06,9.65e-06,1.018e-05,1.081e-05,1.126e-05,1.068e-05,1.133e-05,1.177e-05,9.75e-06
hudson,8.99e-06,9.23e-06,9.16e-06,8.77e-06,8.39e-06,8.42e-06,8.65e-06,8.68e-06,9.11e-06
isolated,2.74e-05,2.833e-05,2.83e-05,2.875e-05,2.988e-05,2.938e-05,3.007e-05,3.016e-05,2.786e-05
calgary,1.113e-05,1.049e-05,1.059e-05,1.06e-05,9.82e-06,9.86e-06,9.47e-06,9.3e-06,1.081e-05
interim,7.06e-06,6.08e-06,6.11e-06,6.53e-06,6.55e-06,5.96e-06,6.8e-06,7.44e-06,6.57e-06
assisted,1.455e-05,1.448e-05,1.527e-05,1.489e-05,1.535e-05,1.582e-05,1.627e-05,1.529e-05,1.451e-05
divine,1.027e-05,1.049e-05,1.038e-05,9.58e-06,1.003e-05,9.45e-06,9.06e-06,8.88e-06,1.038e-05
streaming,1.22e-05,1.196e-05,1.14e-05,1.162e-05,1.269e-05,1.233e-05,1.277e-05,1.343e-05,1.208e-05
approve,1.93e-06,1.89e-06,1.43e-06,1.43e-06,1.43e-06,1.03e-06,1.03e-06,8.3e-07,1.91e-06
chose,9.85e-06,9.44e-06,8.55e-06,8.57e-06,9e-06,8.63e-06,8.86e-06,8.68e-06,9.64e-06
compound,9.096e-05,9.379e-05,9.914e-05,0.0001034,0.00010416,0.00010397,0.0001038,0.00010494,9.237e-05
intensity,4.623e-05,4.532e-05,4.601e-05,4.731e-05,4.85e-05,4.89e-05,4.84e-05,4.937e-05,4.578e-05
technological,2.675e-05,2.665e-05,2.85e-05,2.916e-05,2.885e-05,2.877e-05,2.945e-05,3.099e-05,2.67e-05
syndicate,1.5e-06,1.47e-06,2.04e-06,2.45e-06,2.46e-06,2.47e-06,2.68e-06,2.69e-06,1.48e-06
abortion,3.42e-06,3.36e-06,3.26e-06,4.08e-06,4.09e-06,4.31e-06,4.33e-06,4.34e-06,3.39e-06
dialog,1.71e-06,1.89e-06,2.04e-06,2.24e-06,2.25e-06,1.85e-06,2.68e-06,2.89e-06,1.8e-06
venues,3.64e-06,3.57e-06,3.66e-06,3.47e-06,3.48e-06,3.7e-06,3.5e-06,2.69e-06,3.61e-06
blast,8.99e-06,9.44e-06,8.55e-06,8.57e-06,9.21e-06,9.25e-06,9.27e-06,9.3e-06,9.21e-06
wellness,6.4e-07,8.4e-07,8.1e-07,1.02e-06,1.02e-06,1.03e-06,1.03e-06,1.24e-06,7.4e-07
calcium,4.92e-06,5.25e-06,4.89e-06,4.89e-06,4.5e-06,4.73e-06,4.53e-06,4.54e-06,5.08e-06
newport,1.5e-06,1.26e-06,1.22e-06,1.02e-06,1.02e-06,6.2e-07,6.2e-07,6.2e-07,1.38e-06
antivirus,5.99e-06,5.46e-06,5.29e-06,5.3e-06,5.32e-06,5.34e-06,5.35e-06,5.37e-06,5.73e-06
addressing,1.263e-05,1.259e-05,1.283e-05,1.203e-05,1.289e-05,1.336e-05,1.277e-05,1.26e-05,1.261e-05
pole,0.00019476,0.00019387,0.00018708,0.00018844,0.00018847,0.00018965,0.00018948,0.00018984,0.00019432
discounted,3.42e-06,2.94e-06,3.26e-06,3.26e-06,3.27e-06,3.08e-06,3.09e-06,3.1e-06,3.18e-06
indians,7.7e-06,9.65e-06,8.75e-06,8.36e-06,7.16e-06,7.81e-06,8.24e-06,7.85e-06,8.68e-06
shield,5.201e-05,5.224e-05,5.11e-05,4.894e-05,4.891e-05,4.952e-05,5.005e-05,5.082e-05,5.212e-05
harvest,8.6e-07,1.05e-06,1.02e-06,1.02e-06,1.43e-06,1.44e-06,1.44e-06,1.45e-06,9.5e-07
membrane,1.841e-05,1.846e-05,1.934e-05,1.958e-05,2.005e-05,2.055e-05,1.957e-05,1.921e-05,1.844e-05
prague,2.782e-05,2.833e-05,2.728e-05,2.712e-05,2.66e-05,2.527e-05,2.41e-05,2.21e-05,2.808e-05
previews,1.07e-06,1.05e-06,1.02e-06,8.2e-07,8.2e-07,8.2e-07,8.2e-07,8.3e-07,1.06e-06
bangladesh,1.241e-05,1.28e-05,1.344e-05,1.264e-05,1.371e-05,1.377e-05,1.462e-05,1.343e-05,1.26e-05
constitute,1.691e-05,1.511e-05,1.649e-05,1.591e-05,1.617e-05,1.582e-05,1.606e-05,1.611e-05,1.601e-05
locally,0.00010337,0.00010365,0.00010443,0.00010523,0.00010498,0.00010541,0.00010772,0.00010886,0.00010351
concluded,1.348e-05,1.301e-05,1.303e-05,1.285e-05,1.228e-05,1.294e-05,1.236e-05,1.322e-05,1.324e-05
pickup,1.07e-06,1.05e-06,1.22e-06,1.22e-06,1.02e-06,1.03e-06,1.44e-06,1.24e-06,1.06e-06
desperate,1.5e-06,1.68e-06,1.63e-06,1.63e-06,1.02e-06,1.03e-06,1.03e-06,1.03e-06,1.59e-06
mothers,2.78e-06,2.31e-06,2.24e-06,2.24e-06,2.66e-06,2.67e-06,2.68e-06,2.69e-06,2.55e-06
nascar,1.28e-06,1.47e-06,1.43e-06,1.43e-06,1.23e-06,1.44e-06,1.44e-06,1.24e-06,1.37e-06
iceland,1.07e-05,9.44e-06,9.16e-06,9.18e-06,9.82e-06,9.86e-06,9.47e-06,9.3e-06,1.007e-05
demonstration,1.712e-05,1.679e-05,1.71e-05,1.733e-05,1.678e-05,1.644e-05,1.668e-05,1.694e-05,1.695e-05
governmental,1.52e-05,1.616e-05,1.69e-05,1.713e-05,1.76e-05,1.705e-05,1.668e-05,1.611e-05,1.568e-05
manufactured,2.526e-05,2.56e-05,2.646e-05,2.549e-05,2.538e-05,2.609e-05,2.636e-05,2.603e-05,2.543e-05
candles,2.1e-07,2.1e-07,2e-07,4.1e-07,4.1e-07,2.1e-07,2.1e-07,2.1e-07,2.1e-07
graduation,9.63e-06,9.86e-06,8.75e-06,8.16e-06,8.19e-06,8.42e-06,8.65e-06,8.68e-06,9.74e-06
mega,8.56e-06,8.39e-06,8.55e-06,8.57e-06,8.19e-06,8.63e-06,8.65e-06,8.47e-06,8.47e-06
bend,1.07e-05,1.091e-05,1.038e-05,1.101e-05,1.023e-05,1.068e-05,1.05e-05,1.095e-05,1.08e-05
sailing,3.42e-06,2.94e-06,3.46e-06,3.06e-06,3.27e-06,3.29e-06,3.09e-06,3.1e-06,3.18e-06
variations,8.818e-05,8.728e-05,8.733e-05,8.769e-05,8.902e-05,9.02e-05,9.021e-05,9.048e-05,8.773e-05
moms,2.1e-07,2.1e-07,2e-07,2e-07,2e-07,2.1e-07,2.1e-07,2.1e-07,2.1e-07
sacred,1.712e-05,1.7e-05,1.669e-05,1.652e-05,1.637e-05,1.644e-05,1.524e-05,1.653e-05,1.706e-05
addiction,8.6e-07,6.3e-07,6.1e-07,6.1e-07,8.2e-07,8.2e-07,8.2e-07,8.3e-07,7.5e-07
morocco,4.28e-06,3.99e-06,5.09e-06,3.47e-06,3.89e-06,3.9e-06,4.74e-06,5.16e-06,4.14e-06
chrome,4.07e-06,4.41e-06,4.89e-06,4.49e-06,5.32e-06,4.93e-06,4.94e-06,5.37e-06,4.24e-06
tommy,3.21e-06,3.15e-06,3.26e-06,3.47e-06,3.48e-06,3.29e-06,3.5e-06,3.72e-06,3.18e-06
springfield,3.85e-06,3.78e-06,3.87e-06,3.87e-06,3.89e-06,3.49e-06,3.09e-06,3.1e-06,3.81e-06
refused,6.21e-06,6.29e-06,6.11e-06,6.32e-06,5.93e-06,6.16e-06,6.38e-06,6.61e-06,6.25e-06
brake,1.71e-06,1.47e-06,1.63e-06,1.43e-06,2.46e-06,2.26e-06,2.27e-06,2.27e-06,1.59e-06
exterior,4.366e-05,4.511e-05,4.458e-05,4.731e-05,4.604e-05,4.685e-05,4.181e-05,4.255e-05,4.439e-05
greeting,1.07e-06,1.26e-06,1.22e-06,1.22e-06,1.43e-06,1.23e-06,1.24e-06,1.03e-06,1.16e-06
ecology,3.874e-05,4.049e-05,4.01e-05,3.997e-05,3.949e-05,3.924e-05,3.954e-05,4.028e-05,3.961e-05
oliver,2.033e-05,2.035e-05,1.914e-05,1.917e-05,1.985e-05,2.034e-05,2.039e-05,1.983e-05,2.034e-05
congo,3.64e-06,4.2e-06,5.29e-06,3.87e-06,3.27e-06,3.29e-06,3.3e-06,3.31e-06,3.92e-06
glen,3.42e-06,3.57e-06,3.46e-06,3.67e-06,3.68e-06,3.7e-06,3.5e-06,3.51e-06,3.49e-06
botswana,3.42e-06,3.57e-06,3.46e-06,3.67e-06,3.68e-06,3.7e-06,3.91e-06,4.13e-06,3.49e-06
nav,2.1e-07,2.1e-07,2e-07,2e-07,2e-07,2.1e-07,4.1e-07,4.1e-07,2.1e-07
delays,1.327e-05,1.28e-05,1.303e-05,1.162e-05,1.187e-05,1.212e-05,1.174e-05,1.157e-05,1.303e-05
synthesis,4.045e-05,4.322e-05,4.336e-05,4.487e-05,4.625e-05,4.644e-05,4.614e-05,4.627e-05,4.184e-05
olive,6.85e-06,6.92e-06,6.72e-06,6.93e-06,7.16e-06,7.4e-06,7e-06,7.02e-06,6.88e-06
undefined,1.284e-05,1.322e-05,1.303e-05,1.285e-05,1.31e-05,1.397e-05,1.421e-05,1.446e-05,1.303e-05
unemployment,8.99e-06,9.23e-06,9.57e-06,9.38e-06,9.62e-06,9.86e-06,1.009e-05,1.012e-05,9.11e-06
cyber,2.333e-05,2.916e-05,2.809e-05,2.447e-05,2.538e-05,2.651e-05,2.616e-05,2.438e-05,2.624e-05
verizon,6.4e-07,8.4e-07,1.02e-06,1.02e-06,1.02e-06,6.2e-07,8.2e-07,1.03e-06,7.4e-07
scored,7.28e-06,7.34e-06,7.33e-06,7.34e-06,6.96e-06,6.78e-06,7.41e-06,7.64e-06,7.31e-06
enhancement,8.56e-06,9.02e-06,9.57e-06,9.99e-06,9.82e-06,9.86e-06,9.89e-06,1.012e-05,8.79e-06
newcastle,7.49e-06,8.18e-06,8.14e-06,8.16e-06,7.98e-06,7.6e-06,7.62e-06,7.64e-06,7.84e-06
clone,2.78e-06,3.36e-06,3.66e-06,3.67e-06,3.27e-06,3.7e-06,4.12e-06,4.54e-06,3.07e-06
dicks,0.0,0.0,0.0,0.0,2e-07,2.1e-07,2.1e-07,2.1e-07,0.0
velocity,0.00010466,0.00010344,0.00010973,0.00011114,0.00011255,0.00011075,0.00010978,0.00010886,0.00010405
lambda,4.816e-05,4.616e-05,4.133e-05,4.079e-05,4.072e-05,4.068e-05,4.057e-05,3.966e-05,4.716e-05
relay,5.78e-06,6.08e-06,6.31e-06,6.53e-06,5.93e-06,6.58e-06,6.8e-06,7.02e-06,5.93e-06
composed,8.796e-05,8.875e-05,9.059e-05,9.422e-05,9.557e-05,9.739e-05,9.763e-05,9.771e-05,8.836e-05
tears,4.3e-07,4.2e-07,4.1e-07,4.1e-07,4.1e-07,4.1e-07,4.1e-07,4.1e-07,4.3e-07
performances,9.2e-06,9.86e-06,9.98e-06,1.203e-05,1.187e-05,1.253e-05,1.256e-05,1.239e-05,9.53e-06
oasis,1.5e-06,1.47e-06,1.63e-06,1.63e-06,1.64e-06,1.64e-06,1.85e-06,1.86e-06,1.48e-06
baseline,1.52e-05,1.595e-05,1.608e-05,1.591e-05,1.576e-05,1.562e-05,1.565e-05,1.487e-05,1.557e-05
cab,1.07e-06,1.05e-06,1.02e-06,1.02e-06,1.02e-06,1.23e-06,1.24e-06,1.03e-06,1.06e-06
angry,1.71e-06,1.68e-06,2.04e-06,2.24e-06,2.66e-06,3.08e-06,2.88e-06,3.31e-06,1.69e-06
fa,6.85e-06,6.29e-06,5.9e-06,6.12e-06,6.55e-06,5.75e-06,5.35e-06,5.78e-06,6.57e-06
societies,4.109e-05,4.049e-05,4.133e-05,4.099e-05,4.113e-05,4.171e-05,4.181e-05,4.09e-05,4.079e-05
silicon,1.348e-05,1.364e-05,1.384e-05,1.407e-05,1.351e-05,1.315e-05,1.277e-05,1.219e-05,1.356e-05
brazilian,3.51e-05,3.861e-05,3.97e-05,3.936e-05,4.052e-05,4.027e-05,4.057e-05,4.09e-05,3.685e-05
identical,8.882e-05,8.749e-05,8.794e-05,8.83e-05,9.025e-05,9.143e-05,9.165e-05,8.882e-05,8.815e-05
petroleum,5.99e-06,6.5e-06,6.72e-06,7.14e-06,7.16e-06,7.4e-06,7.41e-06,7.44e-06,6.25e-06
compete,9.2e-06,8.81e-06,8.96e-06,8.97e-06,9.41e-06,9.86e-06,9.47e-06,9.92e-06,9e-06
ist,4.07e-06,3.36e-06,3.05e-06,2.86e-06,3.48e-06,3.49e-06,3.3e-06,2.69e-06,3.72e-06
norwegian,6.549e-05,6.169e-05,6.148e-05,6.281e-05,6.364e-05,6.472e-05,6.055e-05,6.197e-05,6.359e-05
lover,2.35e-06,2.52e-06,2.65e-06,2.45e-06,2.46e-06,2.05e-06,2.06e-06,2.07e-06,2.43e-06
belong,2.996e-05,3.084e-05,3.176e-05,3.141e-05,3.172e-05,3.226e-05,3.295e-05,3.367e-05,3.04e-05
honolulu,1.28e-06,1.26e-06,1.22e-06,1.43e-06,1.64e-06,1.64e-06,1.65e-06,1.86e-06,1.27e-06
beatles,1.07e-06,1.05e-06,8.1e-07,8.2e-07,1.02e-06,1.03e-06,1.03e-06,8.3e-07,1.06e-06
lips,1.28e-06,1.05e-06,1.02e-06,8.2e-07,8.2e-07,8.2e-07,8.2e-07,6.2e-07,1.16e-06
escort,0.0,0.0,0.0,2e-07,0.0,0.0,0.0,0.0,0.0
retention,3.85e-06,3.15e-06,2.85e-06,2.86e-06,2.86e-06,3.08e-06,3.09e-06,3.31e-06,3.5e-06
exchanges,1.113e-05,1.154e-05,1.099e-05,1.04e-05,1.146e-05,1.027e-05,1.071e-05,1.074e-05,1.133e-05
pond,2.78e-06,2.73e-06,2.65e-06,2.86e-06,2.46e-06,2.26e-06,2.27e-06,2.48e-06,2.75e-06
rolls,6.63e-06,6.5e-06,6.31e-06,6.53e-06,6.55e-06,6.78e-06,7e-06,7.02e-06,6.56e-06
thomson,2.697e-05,2.979e-05,2.789e-05,2.774e-05,2.722e-05,2.794e-05,2.76e-05,2.665e-05,2.838e-05
barnes,1.156e-05,1.133e-05,1.079e-05,1.081e-05,1.085e-05,1.048e-05,1.071e-05,1.074e-05,1.144e-05
soundtrack,4.71e-06,4.41e-06,4.68e-06,4.89e-06,5.12e-06,5.14e-06,4.94e-06,5.16e-06,4.56e-06
wondering,2.1e-07,2.1e-07,2e-07,2e-07,2e-07,2.1e-07,2.1e-07,2.1e-07,2.1e-07
malta,2.57e-06,2.73e-06,2.85e-06,2.65e-06,2.46e-06,2.47e-06,2.68e-06,2.69e-06,2.65e-06
daddy,4.3e-07,2.1e-07,0.0,0.0,0.0,0.0,0.0,0.0,3.2e-07
lc,3.42e-06,3.36e-06,3.26e-06,3.26e-06,2.86e-06,2.88e-06,2.88e-06,2.69e-06,3.39e-06
ferry,6.4e-07,6.3e-07,6.1e-07,4.1e-07,4.1e-07,4.1e-07,4.1e-07,6.2e-07,6.4e-07
rabbit,5.99e-06,5.87e-06,5.7e-06,5.1e-06,4.71e-06,4.11e-06,4.33e-06,4.13e-06,5.93e-06
profession,1.712e-05,1.762e-05,1.73e-05,1.733e-05,1.719e-05,1.664e-05,1.771e-05,1.694e-05,1.737e-05
seating,1.71e-06,1.68e-06,1.43e-06,1.22e-06,1.23e-06,1.23e-06,1.44e-06,1.45e-06,1.69e-06
dam,5.35e-06,6.08e-06,5.5e-06,5.1e-06,5.12e-06,5.14e-06,4.94e-06,4.54e-06,5.72e-06
cnn,3.85e-06,5.46e-06,5.09e-06,5.3e-06,4.91e-06,4.73e-06,4.74e-06,5.16e-06,4.66e-06
separately,2.761e-05,2.728e-05,2.809e-05,2.916e-05,2.967e-05,2.959e-05,2.986e-05,3.037e-05,2.744e-05
physiology,1.37e-05,1.427e-05,1.486e-05,1.489e-05,1.535e-05,1.582e-05,1.565e-05,1.549e-05,1.398e-05
lil,2.14e-06,2.1e-06,2.04e-06,1.84e-06,1.84e-06,1.85e-06,1.65e-06,1.86e-06,2.12e-06
collecting,1.541e-05,1.595e-05,1.69e-05,1.591e-05,1.658e-05,1.644e-05,1.606e-05,1.591e-05,1.568e-05
das,8.35e-06,9.65e-06,9.98e-06,9.99e-06,1.044e-05,9.45e-06,1.03e-05,9.92e-06,9e-06
exports,1.93e-06,1.89e-06,2.04e-06,2.04e-06,2.05e-06,2.05e-06,2.06e-06,1.45e-06,1.91e-06
omaha,8.6e-07,8.4e-07,8.1e-07,8.2e-07,8.2e-07,8.2e-07,6.2e-07,8.3e-07,8.5e-07
tire,1.199e-05,1.259e-05,1.12e-05,1.183e-05,1.166e-05,1.171e-05,1.236e-05,1.281e-05,1.229e-05
participant,1.52e-05,1.574e-05,1.262e-05,1.162e-05,1.207e-05,1.233e-05,1.215e-05,1.198e-05,1.547e-05
scholarships,3.42e-06,3.36e-06,3.26e-06,3.06e-06,2.86e-06,2.88e-06,2.27e-06,2.48e-06,3.39e-06
recreational,2.119e-05,2.245e-05,2.097e-05,2.121e-05,2.231e-05,2.445e-05,2.348e-05,2.396e-05,2.182e-05
dominican,6.63e-06,7.55e-06,7.74e-06,6.93e-06,6.34e-06,6.58e-06,6.8e-06,7.85e-06,7.09e-06
chad,3e-06,2.73e-06,2.65e-06,2.65e-06,2.86e-06,2.67e-06,2.47e-06,2.48e-06,2.87e-06
electron,5.458e-05,5.455e-05,5.639e-05,5.343e-05,5.341e-05,5.445e-05,5.231e-05,5.412e-05,5.457e-05
loads,9.85e-06,9.44e-06,8.96e-06,9.58e-06,9.41e-06,9.25e-06,9.89e-06,9.92e-06,9.64e-06
friendship,6.21e-06,6.08e-06,6.31e-06,6.53e-06,6.14e-06,6.58e-06,7.21e-06,7.64e-06,6.14e-06
heather,4.3e-07,6.3e-07,6.1e-07,6.1e-07,6.1e-07,6.2e-07,8.2e-07,8.3e-07,5.3e-07
passport,1.71e-06,1.68e-06,1.63e-06,1.22e-06,1.23e-06,1.23e-06,1.24e-06,1.45e-06,1.69e-06
motel,2.1e-07,2.1e-07,2e-07,4.1e-07,4.1e-07,4.1e-07,4.1e-07,4.1e-07,2.1e-07
unions,7.49e-06,7.76e-06,6.72e-06,7.14e-06,6.96e-06,7.4e-06,7.21e-06,6.82e-06,7.63e-06
treasury,6.42e-06,5.46e-06,5.7e-06,5.51e-06,5.73e-06,6.16e-06,5.97e-06,5.78e-06,5.94e-06
warrant,4.28e-06,4.83e-06,4.48e-06,4.69e-06,4.3e-06,4.31e-06,4.33e-06,4.34e-06,4.55e-06
sys,8.6e-07,1.05e-06,1.02e-06,1.02e-06,1.02e-06,6.2e-07,6.2e-07,1.45e-06,9.5e-07
solaris,5.78e-06,5.87e-06,5.09e-06,5.1e-06,4.91e-06,4.52e-06,4.33e-06,4.34e-06,5.82e-06
frozen,4.28e-06,3.99e-06,3.87e-06,3.67e-06,3.07e-06,2.67e-06,2.88e-06,2.89e-06,4.14e-06
occupied,2.076e-05,2.035e-05,1.975e-05,1.978e-05,1.862e-05,1.89e-05,1.751e-05,1.818e-05,2.056e-05
josh,3.21e-06,3.57e-06,3.46e-06,3.67e-06,2.86e-06,2.88e-06,2.88e-06,2.69e-06,3.39e-06
royalty,6.21e-06,6.29e-06,6.92e-06,6.53e-06,6.55e-06,6.99e-06,6.59e-06,7.02e-06,6.25e-06
scales,6.357e-05,6.357e-05,6.29e-05,6.24e-05,6.385e-05,6.308e-05,6.323e-05,6.342e-05,6.357e-05
rally,1.71e-06,1.47e-06,1.63e-06,1.63e-06,1.64e-06,1.44e-06,1.44e-06,1.24e-06,1.59e-06
observer,4.623e-05,4.364e-05,4.255e-05,4.283e-05,4.216e-05,4.15e-05,3.975e-05,3.904e-05,4.494e-05
sunshine,2.35e-06,2.1e-06,2.24e-06,1.63e-06,1.84e-06,1.64e-06,2.06e-06,2.27e-06,2.22e-06
strain,2.889e-05,2.937e-05,2.972e-05,3.059e-05,3.151e-05,3.103e-05,3.089e-05,3.222e-05,2.913e-05
drag,1.284e-05,1.343e-05,1.221e-05,1.183e-05,1.228e-05,1.233e-05,1.256e-05,1.26e-05,1.314e-05
ceremony,9.63e-06,9.86e-06,1.059e-05,1.06e-05,1.085e-05,1.11e-05,1.05e-05,1.074e-05,9.74e-06
somehow,3.42e-06,3.99e-06,3.87e-06,3.87e-06,3.48e-06,3.49e-06,3.5e-06,2.48e-06,3.71e-06
arrested,8.35e-06,7.97e-06,7.33e-06,7.55e-06,7.37e-06,7.6e-06,7.41e-06,8.06e-06,8.16e-06
expanding,2.376e-05,2.287e-05,2.321e-05,2.243e-05,2.149e-05,2.178e-05,2.204e-05,2.148e-05,2.331e-05
provincial,1.22e-05,1.301e-05,1.262e-05,1.203e-05,1.085e-05,1.068e-05,1.071e-05,1.053e-05,1.261e-05
investigations,2.568e-05,2.644e-05,2.626e-05,2.59e-05,2.64e-05,2.609e-05,2.575e-05,2.499e-05,2.606e-05
icq,6.4e-07,6.3e-07,8.1e-07,4.1e-07,4.1e-07,2.1e-07,2.1e-07,2.1e-07,6.4e-07
ripe,6.4e-07,6.3e-07,8.1e-07,6.1e-07,6.1e-07,6.2e-07,4.1e-07,4.1e-07,6.4e-07
yamaha,2.1e-07,2.1e-07,2e-07,2e-07,2e-07,2.1e-07,2.1e-07,2.1e-07,2.1e-07
rely,2.74e-05,2.728e-05,2.565e-05,2.59e-05,2.619e-05,2.63e-05,2.76e-05,2.727e-05,2.734e-05
medications,1.71e-06,1.68e-06,1.43e-06,1.63e-06,1.64e-06,1.85e-06,1.85e-06,2.07e-06,1.69e-06
hebrew,4.858e-05,5.182e-05,5.13e-05,5.302e-05,5.177e-05,5.096e-05,5.17e-05,4.958e-05,5.02e-05
gained,3.638e-05,3.588e-05,3.603e-05,3.487e-05,3.622e-05,3.555e-05,3.79e-05,3.801e-05,3.613e-05
rochester,1.263e-05,1.154e-05,1.181e-05,1.162e-05,1.126e-05,1.13e-05,1.112e-05,1.136e-05,1.209e-05
dying,5.56e-06,3.99e-06,4.89e-06,4.69e-06,3.68e-06,3.9e-06,3.91e-06,3.92e-06,4.78e-06
laundry,8.6e-07,6.3e-07,6.1e-07,6.1e-07,8.2e-07,8.2e-07,8.2e-07,8.3e-07,7.5e-07
stuck,4.71e-06,4.41e-06,5.09e-06,5.1e-06,5.53e-06,5.55e-06,5.77e-06,5.99e-06,4.56e-06
solomon,4.024e-05,4.091e-05,3.909e-05,3.202e-05,3.049e-05,3e-05,3.048e-05,3.119e-05,4.057e-05
placing,2.097e-05,2.119e-05,2.158e-05,2.101e-05,2.046e-05,2.096e-05,2.039e-05,2.107e-05,2.108e-05
stops,8.35e-06,7.97e-06,7.74e-06,7.95e-06,8.39e-06,8.22e-06,8.86e-06,9.09e-06,8.16e-06
homework,1.93e-06,1.89e-06,1.83e-06,1.84e-06,1.84e-06,1.85e-06,1.85e-06,1.65e-06,1.91e-06
adjust,1.092e-05,1.091e-05,1.079e-05,1.101e-05,1.105e-05,1.151e-05,1.112e-05,1.115e-05,1.091e-05
assessed,9.63e-06,8.18e-06,8.75e-06,8.97e-06,9.41e-06,8.42e-06,8.65e-06,8.88e-06,8.91e-06
advertiser,8.6e-07,1.05e-06,8.1e-07,8.2e-07,1.02e-06,6.2e-07,4.1e-07,4.1e-07,9.5e-07
enabling,2.055e-05,2.14e-05,2.056e-05,2.039e-05,1.944e-05,1.911e-05,1.998e-05,2.21e-05,2.098e-05
encryption,0.00019541,0.00019366,0.00019054,0.00019313,0.00019481,0.00019622,0.00019875,0.00019707,0.00019454
filling,2.397e-05,2.371e-05,2.443e-05,2.468e-05,2.497e-05,2.527e-05,2.554e-05,2.438e-05,2.384e-05
downloadable,3.64e-06,4.2e-06,4.28e-06,4.49e-06,4.5e-06,4.93e-06,4.74e-06,4.96e-06,3.92e-06
sophisticated,2.911e-05,2.812e-05,2.728e-05,2.712e-05,2.64e-05,2.671e-05,2.657e-05,2.603e-05,2.861e-05
imposed,1.199e-05,1.112e-05,1.181e-05,1.122e-05,1.187e-05,1.233e-05,1.236e-05,1.198e-05,1.156e-05
silence,4.49e-06,4.2e-06,3.87e-06,3.87e-06,3.89e-06,4.11e-06,3.09e-06,3.1e-06,4.34e-06
scsi,6.4e-07,6.3e-07,6.1e-07,6.1e-07,6.1e-07,6.2e-07,6.2e-07,4.1e-07,6.4e-07
focuses,5.351e-05,5.77e-05,6.087e-05,6.159e-05,6.221e-05,6.185e-05,6.302e-05,6.548e-05,5.561e-05
soviet,0.00012606,0.00013239,0.00013904,0.0001401,0.00014263,0.00014896,0.00015385,0.00015555,0.00012923
possession,4.28e-06,4.62e-06,5.09e-06,4.28e-06,3.89e-06,4.11e-06,4.94e-06,4.75e-06,4.45e-06
cu,1.28e-06,1.26e-06,1.43e-06,1.43e-06,1.43e-06,1.64e-06,1.44e-06,1.45e-06,1.27e-06
laboratories,3.317e-05,3.168e-05,3.115e-05,3.079e-05,3.07e-05,3.02e-05,3.007e-05,3.037e-05,3.243e-05
treaty,8.13e-06,8.18e-06,8.75e-06,9.38e-06,9.21e-06,9.04e-06,7.62e-06,8.26e-06,8.15e-06
vocal,9.63e-06,8.39e-06,8.75e-06,8.77e-06,8.39e-06,8.63e-06,8.86e-06,8.47e-06,9.01e-06
trainer,1.71e-06,1.89e-06,2.24e-06,1.84e-06,1.64e-06,1.64e-06,1.44e-06,1.24e-06,1.8e-06
organ,1.092e-05,1.091e-05,1.079e-05,1.06e-05,1.085e-05,1.068e-05,9.27e-06,9.09e-06,1.091e-05
stronger,4.216e-05,4.364e-05,4.316e-05,4.099e-05,4.134e-05,4.253e-05,4.346e-05,4.297e-05,4.29e-05
volumes,5.372e-05,5.413e-05,5.354e-05,5.262e-05,5.136e-05,5.157e-05,5.087e-05,5.061e-05,5.392e-05
advances,4.473e-05,4.364e-05,4.458e-05,4.609e-05,4.502e-05,4.397e-05,4.284e-05,4.235e-05,4.418e-05
vegetables,2.14e-06,2.1e-06,1.83e-06,1.84e-06,1.84e-06,1.85e-06,1.85e-06,2.07e-06,2.12e-06
lemon,4.3e-07,6.3e-07,1.02e-06,1.84e-06,1.64e-06,1.64e-06,1.65e-06,1.65e-06,5.3e-07
toxic,7.92e-06,7.55e-06,7.33e-06,7.34e-06,7.37e-06,9.45e-06,9.47e-06,9.71e-06,7.73e-06
dns,8.35e-06,7.97e-06,8.14e-06,7.95e-06,7.57e-06,7.6e-06,7.62e-06,7.23e-06,8.16e-06
thumbnails,4.3e-07,4.2e-07,4.1e-07,4.1e-07,4.1e-07,4.1e-07,6.2e-07,6.2e-07,4.3e-07
darkness,7.92e-06,4.62e-06,3.66e-06,3.47e-06,4.09e-06,4.11e-06,4.33e-06,4.13e-06,6.27e-06
pty,8.6e-07,1.05e-06,1.02e-06,1.02e-06,1.23e-06,1.03e-06,1.03e-06,1.03e-06,9.5e-07
ws,2.35e-06,2.73e-06,2.65e-06,2.65e-06,2.66e-06,2.47e-06,2.47e-06,2.48e-06,2.54e-06
nuts,2.954e-05,2.833e-05,2.728e-05,2.753e-05,3.295e-05,3.349e-05,3.337e-05,3.326e-05,2.893e-05
nail,2.14e-06,2.1e-06,2.24e-06,2.45e-06,2.66e-06,2.47e-06,2.47e-06,2.48e-06,2.12e-06
bizrate,0.0,0.0,0.0,0.0,0.0,0.0,0.0,0.0,0.0
vienna,6.121e-05,6.232e-05,6.331e-05,6.526e-05,6.528e-05,6.37e-05,6.426e-05,6.176e-05,6.177e-05
implied,2.055e-05,2.14e-05,2.036e-05,1.978e-05,2.087e-05,2.096e-05,2.101e-05,2.148e-05,2.098e-05
span,1.948e-05,2.182e-05,2.138e-05,2.121e-05,2.21e-05,2.199e-05,2.163e-05,2.086e-05,2.065e-05
stanford,0.00010894,0.00010617,0.00010341,0.00010013,9.843e-05,9.534e-05,9.289e-05,9.151e-05,0.00010755
sox,1.71e-06,1.68e-06,1.63e-06,2.04e-06,2.05e-06,2.47e-06,2.06e-06,2.07e-06,1.69e-06
stockings,2.1e-07,2.1e-07,2e-07,2e-07,2e-07,2.1e-07,2.1e-07,2.1e-07,2.1e-07
joke,8.35e-06,7.55e-06,7.53e-06,7.55e-06,7.78e-06,7.19e-06,6.38e-06,6.82e-06,7.95e-06
respondent,5.78e-06,5.67e-06,5.7e-06,5.91e-06,5.93e-06,5.96e-06,5.15e-06,4.96e-06,5.73e-06
packing,4.43e-05,4.322e-05,4.336e-05,3.997e-05,3.888e-05,3.966e-05,3.954e-05,4.111e-05,4.376e-05
statute,3.42e-06,3.15e-06,3.26e-06,3.06e-06,2.86e-06,2.67e-06,2.68e-06,2.69e-06,3.28e-06
rejected,1.819e-05,1.867e-05,1.853e-05,1.835e-05,1.78e-05,1.767e-05,1.833e-05,1.88e-05,1.843e-05
satisfy,8.026e-05,8.078e-05,8.041e-05,7.933e-05,8.022e-05,8.075e-05,8.115e-05,8.201e-05,8.052e-05
destroyed,1.177e-05,1.175e-05,1.201e-05,1.366e-05,1.33e-05,1.315e-05,1.215e-05,1.219e-05,1.176e-05
shelter,1.93e-06,1.89e-06,1.83e-06,1.84e-06,1.84e-06,1.64e-06,1.85e-06,2.07e-06,1.91e-06
chapel,1.434e-05,1.364e-05,1.425e-05,1.428e-05,1.351e-05,1.315e-05,1.236e-05,1.239e-05,1.399e-05
gamespot,1.07e-06,1.05e-06,1.02e-06,8.2e-07,4.1e-07,4.1e-07,2.1e-07,2.1e-07,1.06e-06
manufacture,1.199e-05,1.112e-05,1.038e-05,1.081e-05,1.044e-05,9.66e-06,9.68e-06,8.68e-06,1.156e-05
layers,2.782e-05,2.665e-05,2.708e-05,2.855e-05,2.844e-05,2.877e-05,3.007e-05,3.016e-05,2.723e-05
wordpress,3.21e-06,1.89e-06,2.04e-06,2.45e-06,2.05e-06,1.44e-06,8.2e-07,8.3e-07,2.55e-06
guided,1.113e-05,1.07e-05,1.059e-05,1.081e-05,1.064e-05,1.068e-05,1.133e-05,1.157e-05,1.091e-05
vulnerability,1.348e-05,1.553e-05,1.649e-05,1.631e-05,1.576e-05,1.664e-05,1.627e-05,1.653e-05,1.45e-05
accountability,3e-06,3.15e-06,3.46e-06,3.47e-06,3.48e-06,3.7e-06,3.71e-06,3.51e-06,3.08e-06
celebrate,6.63e-06,6.08e-06,5.7e-06,5.91e-06,5.73e-06,5.34e-06,5.77e-06,5.99e-06,6.36e-06
accredited,5.14e-06,5.04e-06,5.5e-06,6.93e-06,6.96e-06,6.99e-06,7e-06,7.23e-06,5.09e-06
appliance,3.42e-06,3.36e-06,3.26e-06,3.26e-06,2.86e-06,2.88e-06,2.88e-06,2.69e-06,3.39e-06
compressed,3.596e-05,3.462e-05,3.359e-05,3.385e-05,3.397e-05,3.431e-05,3.501e-05,3.429e-05,3.529e-05
bahamas,6.4e-07,8.4e-07,8.1e-07,8.2e-07,8.2e-07,8.2e-07,8.2e-07,8.3e-07,7.4e-07
powell,8.35e-06,6.92e-06,6.92e-06,6.93e-06,6.96e-06,6.78e-06,7.41e-06,6.82e-06,7.64e-06
mixture,4.473e-05,4.805e-05,4.865e-05,4.854e-05,4.666e-05,4.685e-05,4.758e-05,4.751e-05,4.639e-05
zoophilia,0.0,0.0,0.0,0.0,0.0,0.0,0.0,0.0,0.0
bench,3.21e-06,3.78e-06,4.28e-06,4.08e-06,4.09e-06,3.9e-06,3.5e-06,3.51e-06,3.49e-06
univ,2.247e-05,1.888e-05,1.649e-05,1.591e-05,1.555e-05,1.377e-05,1.298e-05,1.322e-05,2.068e-05
tub,8.6e-07,8.4e-07,8.1e-07,1.02e-06,8.2e-07,6.2e-07,6.2e-07,6.2e-07,8.5e-07
rider,4.28e-06,3.15e-06,3.26e-06,3.26e-06,3.48e-06,3.9e-06,3.5e-06,3.51e-06,3.72e-06
scheduling,4.366e-05,4.343e-05,4.316e-05,4.323e-05,4.584e-05,4.664e-05,4.696e-05,4.73e-05,4.355e-05
radius,7.898e-05,7.553e-05,7.471e-05,7.362e-05,7.592e-05,7.911e-05,7.662e-05,7.808e-05,7.726e-05
perspectives,1.862e-05,1.972e-05,1.995e-05,2.039e-05,1.965e-05,1.973e-05,1.998e-05,2.045e-05,1.917e-05
mortality,3.489e-05,3.525e-05,3.644e-05,3.671e-05,3.602e-05,3.678e-05,3.604e-05,3.408e-05,3.507e-05
logging,4.71e-06,5.04e-06,4.68e-06,4.49e-06,4.5e-06,4.31e-06,4.94e-06,5.16e-06,4.87e-06
hampton,1.5e-06,1.68e-06,1.83e-06,2.04e-06,2.05e-06,1.85e-06,1.65e-06,1.65e-06,1.59e-06
christians,4.07e-06,4.62e-06,5.09e-06,5.3e-06,5.32e-06,5.55e-06,5.56e-06,5.58e-06,4.34e-06
borders,1.883e-05,1.867e-05,1.934e-05,2.019e-05,2.21e-05,2.26e-05,2.286e-05,2.272e-05,1.875e-05
therapeutic,4.92e-06,5.04e-06,4.68e-06,4.49e-06,4.3e-06,4.31e-06,4.53e-06,4.75e-06,4.98e-06
pads,2.35e-06,2.31e-06,1.83e-06,1.84e-06,1.84e-06,1.85e-06,1.65e-06,1.65e-06,2.33e-06
butts,0.0,0.0,0.0,0.0,0.0,0.0,0.0,0.0,0.0
inns,4.3e-07,4.2e-07,6.1e-07,6.1e-07,6.1e-07,4.1e-07,2.1e-07,2.1e-07,4.3e-07
bobby,2.14e-06,2.31e-06,1.83e-06,2.04e-06,2.05e-06,2.05e-06,2.06e-06,2.07e-06,2.22e-06
impressive,4.28e-06,4.41e-06,4.89e-06,4.69e-06,4.71e-06,4.11e-06,3.71e-06,3.92e-06,4.34e-06
sheep,1.07e-05,1.07e-05,1.018e-05,1.02e-05,9.62e-06,8.22e-06,8.03e-06,8.06e-06,1.07e-05
accordingly,1.455e-05,1.574e-05,1.486e-05,1.448e-05,1.473e-05,1.459e-05,1.421e-05,1.467e-05,1.514e-05
architect,2.868e-05,2.937e-05,2.931e-05,2.875e-05,2.967e-05,2.856e-05,2.822e-05,2.768e-05,2.903e-05
railroad,6.85e-06,6.5e-06,6.31e-06,6.73e-06,6.55e-06,6.58e-06,6.59e-06,6.4e-06,6.67e-06
lectures,5.736e-05,5.602e-05,5.558e-05,5.364e-05,5.341e-05,5.281e-05,5.293e-05,5.102e-05,5.669e-05
challenging,1.391e-05,1.364e-05,1.384e-05,1.387e-05,1.412e-05,1.479e-05,1.545e-05,1.632e-05,1.377e-05
wines,2.14e-06,2.1e-06,2.04e-06,2.04e-06,2.05e-06,2.05e-06,2.47e-06,2.48e-06,2.12e-06
nursery,1.5e-06,1.68e-06,1.63e-06,1.84e-06,1.84e-06,1.85e-06,1.85e-06,1.86e-06,1.59e-06
harder,1.52e-05,1.469e-05,1.547e-05,1.55e-05,1.576e-05,1.664e-05,1.648e-05,1.735e-05,1.495e-05
cups,4.28e-06,5.46e-06,5.9e-06,5.71e-06,5.73e-06,5.75e-06,5.35e-06,5.78e-06,4.87e-06
ash,4.92e-06,5.04e-06,5.09e-06,5.1e-06,5.32e-06,5.34e-06,5.15e-06,5.78e-06,4.98e-06
microwave,1.562e-05,1.427e-05,1.405e-05,1.509e-05,1.473e-05,1.541e-05,1.524e-05,1.508e-05,1.495e-05
cheapest,1.93e-06,1.89e-06,1.83e-06,2.04e-06,1.84e-06,1.85e-06,1.85e-06,1.86e-06,1.91e-06
accidents,3.64e-06,3.99e-06,3.66e-06,4.08e-06,4.09e-06,4.31e-06,4.12e-06,4.13e-06,3.81e-06
travesti,0.0,0.0,0.0,0.0,0.0,0.0,0.0,0.0,0.0
relocation,4.3e-07,8.4e-07,8.1e-07,8.2e-07,8.2e-07,8.2e-07,1.03e-06,8.3e-07,6.4e-07
stuart,1.969e-05,1.846e-05,1.873e-05,1.835e-05,1.739e-05,1.788e-05,1.751e-05,1.776e-05,1.907e-05
contributors,1.241e-05,1.322e-05,1.384e-05,1.387e-05,1.371e-05,1.459e-05,1.442e-05,1.405e-05,1.282e-05
salvador,3e-06,3.15e-06,2.65e-06,3.67e-06,3.68e-06,3.7e-06,3.5e-06,3.31e-06,3.08e-06
ali,1.541e-05,1.574e-05,1.629e-05,1.611e-05,1.535e-05,1.52e-05,1.648e-05,1.57e-05,1.557e-05
salad,2.1e-07,2.1e-07,2e-07,2e-07,2e-07,2.1e-07,6.2e-07,6.2e-07,2.1e-07
np,7.598e-05,7.679e-05,7.838e-05,7.872e-05,8.083e-05,8.219e-05,8.115e-05,8.221e-05,7.638e-05
monroe,1.5e-06,2.31e-06,2.24e-06,2.45e-06,2.66e-06,2.67e-06,2.68e-06,2.69e-06,1.9e-06
tender,1.5e-06,1.68e-06,1.63e-06,2.04e-06,2.46e-06,2.26e-06,2.27e-06,2.27e-06,1.59e-06
violations,5.99e-06,6.5e-06,7.33e-06,7.34e-06,7.16e-06,7.19e-06,7.41e-06,6.82e-06,6.25e-06
foam,5.14e-06,4.83e-06,4.89e-06,4.69e-06,3.89e-06,4.11e-06,3.91e-06,3.92e-06,4.99e-06
temperatures,2.29e-05,2.182e-05,2.239e-05,2.264e-05,2.292e-05,2.363e-05,2.286e-05,2.376e-05,2.236e-05
paste,4.49e-06,4.83e-06,5.09e-06,5.3e-06,5.32e-06,6.37e-06,5.97e-06,4.13e-06,4.66e-06
clouds,1.113e-05,1.133e-05,1.059e-05,1.142e-05,1.126e-05,1.11e-05,1.112e-05,1.115e-05,1.123e-05
competitions,1.391e-05,1.553e-05,1.629e-05,1.672e-05,1.78e-05,1.849e-05,1.936e-05,1.942e-05,1.472e-05
discretion,1.5e-06,1.89e-06,1.83e-06,1.84e-06,2.05e-06,1.44e-06,1.44e-06,1.45e-06,1.69e-06
tft,2.1e-07,2.1e-07,2e-07,2e-07,2e-07,2.1e-07,2.1e-07,2.1e-07,2.1e-07
tanzania,1.71e-06,1.89e-06,2.24e-06,1.63e-06,1.84e-06,1.64e-06,1.44e-06,1.45e-06,1.8e-06
preserve,3.189e-05,3.168e-05,3.216e-05,3.161e-05,2.783e-05,2.733e-05,2.76e-05,2.727e-05,3.179e-05
jvc,2.1e-07,2.1e-07,2e-07,2e-07,2e-07,2.1e-07,2.1e-07,2.1e-07,2.1e-07
poem,1.541e-05,1.511e-05,1.486e-05,1.448e-05,1.494e-05,1.541e-05,1.462e-05,1.446e-05,1.526e-05
vibrator,0.0,0.0,0.0,0.0,0.0,0.0,0.0,0.0,0.0
unsigned,6.85e-06,7.55e-06,7.53e-06,7.34e-06,7.57e-06,8.01e-06,8.65e-06,8.88e-06,7.2e-06
staying,3e-06,3.15e-06,3.05e-06,3.06e-06,2.46e-06,2.47e-06,2.27e-06,2.27e-06,3.08e-06
cosmetics,2.14e-06,2.1e-06,2.04e-06,1.84e-06,2.05e-06,2.05e-06,2.06e-06,2.07e-06,2.12e-06
easter,8.56e-06,8.39e-06,8.14e-06,7.75e-06,8.19e-06,8.01e-06,7.83e-06,7.23e-06,8.47e-06
theories,0.00017015,0.00017079,0.00016469,0.000166,0.00016985,0.00016951,0.00016724,0.00017042,0.00017047
repository,7.7e-06,8.39e-06,8.55e-06,8.36e-06,8.39e-06,8.63e-06,8.65e-06,8.88e-06,8.05e-06
praise,5.35e-06,5.87e-06,5.7e-06,5.91e-06,6.96e-06,7.4e-06,8.44e-06,9.09e-06,5.61e-06
jeremy,9.85e-06,9.02e-06,9.16e-06,8.97e-06,9.21e-06,9.25e-06,9.06e-06,8.47e-06,9.44e-06
venice,1.241e-05,1.238e-05,1.181e-05,1.142e-05,1.146e-05,1.068e-05,1.133e-05,1.115e-05,1.239e-05
jo,2.78e-06,3.15e-06,3.46e-06,3.06e-06,2.86e-06,2.88e-06,2.88e-06,2.89e-06,2.96e-06
concentrations,1.092e-05,1.112e-05,1.262e-05,1.244e-05,1.269e-05,1.274e-05,1.256e-05,1.322e-05,1.102e-05
vibrators,0.0,0.0,0.0,0.0,0.0,0.0,0.0,0.0,0.0
estonia,6.85e-06,7.13e-06,8.14e-06,7.75e-06,8.19e-06,8.42e-06,8.44e-06,8.47e-06,6.99e-06
christianity,7.28e-06,6.08e-06,6.31e-06,6.73e-06,5.53e-06,6.58e-06,7.21e-06,7.44e-06,6.68e-06
veteran,5.14e-06,5.25e-06,5.29e-06,5.71e-06,6.14e-06,5.55e-06,5.77e-06,5.99e-06,5.2e-06
streams,1.841e-05,1.93e-05,2.117e-05,2.141e-05,2.271e-05,2.301e-05,2.08e-05,2.086e-05,1.886e-05
landing,6.42e-06,6.29e-06,6.31e-06,6.32e-06,5.32e-06,5.55e-06,5.56e-06,5.58e-06,6.36e-06
signing,1.52e-05,1.532e-05,1.445e-05,1.53e-05,1.596e-05,1.623e-05,1.627e-05,1.632e-05,1.526e-05
executed,1.883e-05,1.951e-05,1.873e-05,1.978e-05,2.046e-05,2.055e-05,2.142e-05,2.107e-05,1.917e-05
katie,1.07e-06,1.26e-06,1.43e-06,1.22e-06,1.02e-06,8.2e-07,8.2e-07,8.3e-07,1.16e-06
negotiations,3.21e-06,4.62e-06,4.89e-06,5.3e-06,5.32e-06,5.14e-06,4.74e-06,4.54e-06,3.91e-06
realistic,1.798e-05,1.658e-05,1.71e-05,1.774e-05,1.739e-05,1.705e-05,1.751e-05,1.715e-05,1.728e-05
dt,4.49e-06,5.46e-06,4.07e-06,4.49e-06,3.89e-06,3.9e-06,3.5e-06,2.89e-06,4.98e-06
cgi,8.99e-06,8.18e-06,7.94e-06,7.95e-06,7.16e-06,6.78e-06,6.18e-06,6.2e-06,8.58e-06
showcase,1.5e-06,1.26e-06,1.63e-06,1.43e-06,1.43e-06,1.44e-06,1.65e-06,2.07e-06,1.38e-06
integral,0.00026432,0.00026143,0.00025996,0.00025777,0.0002603,0.00025848,0.0002593,0.00026255,0.00026287
asks,2.847e-05,2.749e-05,2.931e-05,2.998e-05,3.11e-05,3.123e-05,3.234e-05,3.326e-05,2.798e-05
relax,1.93e-06,1.89e-06,1.83e-06,2.04e-06,2.05e-06,2.05e-06,2.06e-06,2.07e-06,1.91e-06
namibia,2.78e-06,2.52e-06,2.44e-06,2.45e-06,2.46e-06,2.67e-06,2.68e-06,2.48e-06,2.65e-06
generating,8.54e-05,8.54e-05,8.774e-05,8.728e-05,8.799e-05,8.753e-05,8.774e-05,8.614e-05,8.54e-05
christina,2.14e-06,2.31e-06,2.24e-06,2.45e-06,2.05e-06,1.85e-06,2.06e-06,2.07e-06,2.22e-06
congressional,3e-06,2.94e-06,3.05e-06,3.06e-06,2.86e-06,3.29e-06,3.09e-06,3.1e-06,2.97e-06
synopsis,1.28e-06,1.68e-06,1.43e-06,1.22e-06,1.23e-06,1.44e-06,1.44e-06,1.45e-06,1.48e-06
hardly,3.21e-06,3.15e-06,3.26e-06,3.06e-06,3.07e-06,3.08e-06,3.09e-06,3.31e-06,3.18e-06
prairie,4.3e-07,8.4e-07,6.1e-07,6.1e-07,6.1e-07,6.2e-07,6.2e-07,6.2e-07,6.4e-07
reunion,8.6e-07,8.4e-07,6.1e-07,4.1e-07,2e-07,2.1e-07,2.1e-07,2.1e-07,8.5e-07
composer,2.183e-05,2.119e-05,2.178e-05,2.141e-05,2.108e-05,2.137e-05,2.163e-05,2.231e-05,2.151e-05
bean,1.5e-06,1.47e-06,1.43e-06,1.63e-06,1.43e-06,1.44e-06,1.44e-06,1.45e-06,1.48e-06
sword,4.92e-06,6.29e-06,6.11e-06,5.71e-06,5.12e-06,5.14e-06,4.33e-06,4.34e-06,5.6e-06
absent,8.78e-06,8.18e-06,8.35e-06,8.16e-06,9e-06,9.25e-06,9.47e-06,9.71e-06,8.48e-06
photographic,1.263e-05,1.217e-05,1.242e-05,1.244e-05,1.248e-05,1.233e-05,1.256e-05,1.281e-05,1.24e-05
sells,3.21e-06,2.52e-06,2.44e-06,3.06e-06,3.68e-06,3.08e-06,2.88e-06,3.1e-06,2.87e-06
ecuador,8.6e-07,6.3e-07,8.1e-07,8.2e-07,6.1e-07,6.2e-07,4.1e-07,6.2e-07,7.5e-07
hoping,1.5e-06,1.47e-06,1.43e-06,1.22e-06,1.23e-06,1.23e-06,1.03e-06,8.3e-07,1.48e-06
accessed,0.00014982,0.0001475,0.00013558,0.00013358,0.00013056,0.00012883,0.00012687,0.00011898,0.00014866
spirits,3.85e-06,3.99e-06,4.07e-06,4.08e-06,4.09e-06,3.9e-06,3.91e-06,3.72e-06,3.92e-06
modifications,1.434e-05,1.406e-05,1.506e-05,1.57e-05,1.514e-05,1.5e-05,1.504e-05,1.591e-05,1.42e-05
coral,2.35e-06,2.1e-06,2.65e-06,2.24e-06,2.25e-06,2.26e-06,2.27e-06,2.48e-06,2.22e-06
pixel,2.376e-05,2.245e-05,2.321e-05,2.447e-05,2.353e-05,2.466e-05,2.492e-05,2.541e-05,2.31e-05
float,1.22e-05,1.154e-05,1.079e-05,1.06e-05,1.044e-05,1.048e-05,1.092e-05,1.095e-05,1.187e-05
colin,1.413e-05,1.49e-05,1.405e-05,1.366e-05,1.412e-05,1.438e-05,1.339e-05,1.384e-05,1.451e-05
bias,4.751e-05,4.784e-05,5.028e-05,5.119e-05,5.239e-05,5.568e-05,5.623e-05,5.536e-05,4.768e-05
imported,3.42e-06,3.36e-06,3.66e-06,3.47e-06,3.48e-06,3.7e-06,3.91e-06,3.72e-06,3.39e-06
paths,6.357e-05,6.357e-05,6.168e-05,6.077e-05,6.119e-05,6.185e-05,6.158e-05,6.135e-05,6.357e-05
bubble,1.348e-05,1.217e-05,1.14e-05,1.081e-05,1.085e-05,1.11e-05,1.112e-05,1.115e-05,1.283e-05
por,1.07e-06,1.47e-06,1.63e-06,1.43e-06,1.64e-06,1.64e-06,1.65e-06,1.65e-06,1.27e-06
acquire,9.63e-06,9.86e-06,8.55e-06,8.16e-06,7.57e-06,6.99e-06,7.41e-06,7.44e-06,9.74e-06
contrary,1.327e-05,1.364e-05,1.384e-05,1.244e-05,1.33e-05,1.336e-05,1.277e-05,1.198e-05,1.345e-05
millennium,1.199e-05,1.196e-05,1.16e-05,1.203e-05,1.351e-05,1.377e-05,1.442e-05,1.529e-05,1.197e-05
tribune,4.07e-06,4.2e-06,4.28e-06,4.28e-06,3.89e-06,3.9e-06,3.71e-06,3.51e-06,4.14e-06
vessel,1.52e-05,1.448e-05,1.547e-05,1.754e-05,1.78e-05,1.746e-05,1.751e-05,1.797e-05,1.484e-05
acids,1.541e-05,1.49e-05,1.486e-05,1.468e-05,1.576e-05,1.603e-05,1.606e-05,1.611e-05,1.515e-05
focusing,2.461e-05,2.644e-05,2.667e-05,2.549e-05,2.517e-05,2.486e-05,2.513e-05,2.768e-05,2.553e-05
viruses,1.177e-05,1.217e-05,1.242e-05,1.366e-05,1.33e-05,1.336e-05,1.298e-05,1.301e-05,1.197e-05
cheaper,6.21e-06,6.29e-06,5.9e-06,5.51e-06,6.14e-06,5.75e-06,5.56e-06,5.37e-06,6.25e-06
admitted,1.22e-05,1.133e-05,1.221e-05,1.183e-05,1.126e-05,1.13e-05,1.112e-05,1.053e-05,1.177e-05
dairy,3.21e-06,2.52e-06,2.65e-06,2.24e-06,1.64e-06,1.64e-06,1.65e-06,1.45e-06,2.87e-06
admit,1.434e-05,1.469e-05,1.568e-05,1.387e-05,1.473e-05,1.562e-05,1.524e-05,1.508e-05,1.451e-05
mem,1.5e-06,1.47e-06,1.63e-06,1.43e-06,1.84e-06,1.85e-06,1.65e-06,1.86e-06,1.48e-06
fancy,4.71e-06,4.41e-06,4.89e-06,4.69e-06,4.71e-06,4.52e-06,4.74e-06,4.75e-06,4.56e-06
equality,5.265e-05,5.057e-05,5.639e-05,5.567e-05,5.628e-05,5.671e-05,5.623e-05,5.805e-05,5.161e-05
samoa,3.42e-06,3.57e-06,4.48e-06,4.08e-06,4.3e-06,4.11e-06,4.12e-06,4.13e-06,3.49e-06
gc,1.156e-05,1.133e-05,1.12e-05,1.101e-05,1.085e-05,1.068e-05,1.009e-05,9.92e-06,1.144e-05
achieving,1.284e-05,1.322e-05,1.425e-05,1.468e-05,1.637e-05,1.582e-05,1.606e-05,1.715e-05,1.303e-05
tap,4.07e-06,3.57e-06,4.07e-06,3.87e-06,3.89e-06,4.11e-06,3.91e-06,3.92e-06,3.82e-06
stickers,4.07e-06,4.2e-06,4.28e-06,4.49e-06,4.5e-06,4.52e-06,4.12e-06,4.13e-06,4.14e-06
fisheries,6.63e-06,6.08e-06,5.9e-06,5.3e-06,5.53e-06,5.34e-06,5.35e-06,5.37e-06,6.36e-06
exceptions,1.691e-05,1.7e-05,1.751e-05,1.795e-05,1.698e-05,1.685e-05,1.627e-05,1.756e-05,1.695e-05
reactions,3.703e-05,3.714e-05,3.705e-05,3.671e-05,3.561e-05,3.76e-05,3.79e-05,3.883e-05,3.709e-05
leasing,4.3e-07,4.2e-07,4.1e-07,2e-07,2e-07,0.0,0.0,0.0,4.3e-07
lauren,8.6e-07,8.4e-07,8.1e-07,8.2e-07,6.1e-07,8.2e-07,6.2e-07,8.3e-07,8.5e-07
beliefs,1.648e-05,1.658e-05,1.649e-05,1.57e-05,1.514e-05,1.5e-05,1.504e-05,1.57e-05,1.653e-05
ci,8.99e-06,8.81e-06,7.53e-06,6.73e-06,6.75e-06,7.19e-06,6.59e-06,6.4e-06,8.9e-06
macromedia,1.07e-06,8.4e-07,8.1e-07,8.2e-07,1.23e-06,1.23e-06,1.24e-06,1.24e-06,9.5e-07
companion,1.969e-05,1.993e-05,1.893e-05,1.835e-05,1.862e-05,1.849e-05,1.895e-05,1.797e-05,1.981e-05
squad,3.64e-06,3.78e-06,3.46e-06,3.47e-06,3.48e-06,3.49e-06,3.71e-06,3.1e-06,3.71e-06
analyze,4.002e-05,4.196e-05,4.336e-05,4.303e-05,4.379e-05,4.274e-05,4.346e-05,4.4e-05,4.099e-05
ashley,2.57e-06,2.52e-06,2.44e-06,2.45e-06,2.46e-06,2.26e-06,2.27e-06,2.48e-06,2.55e-06
scroll,1.284e-05,1.322e-05,1.242e-05,1.203e-05,1.187e-05,1.171e-05,1.153e-05,1.136e-05,1.303e-05
relate,3.018e-05,2.958e-05,2.85e-05,2.957e-05,3.07e-05,3.144e-05,3.192e-05,3.367e-05,2.988e-05
divisions,1.562e-05,1.553e-05,1.629e-05,1.693e-05,1.739e-05,1.726e-05,1.854e-05,1.797e-05,1.557e-05
swim,2.57e-06,2.73e-06,8.1e-07,1.22e-06,1.23e-06,1.23e-06,1.24e-06,1.24e-06,2.65e-06
wages,5.14e-06,4.83e-06,4.89e-06,4.89e-06,5.12e-06,5.14e-06,5.15e-06,5.16e-06,4.99e-06
additionally,3.574e-05,3.546e-05,3.664e-05,3.793e-05,4.052e-05,4.068e-05,4.614e-05,4.958e-05,3.56e-05
suffer,9.42e-06,9.23e-06,9.16e-06,9.18e-06,9.41e-06,9.25e-06,8.86e-06,8.68e-06,9.32e-06
forests,8.78e-06,8.6e-06,8.75e-06,9.18e-06,9.62e-06,1.027e-05,9.68e-06,9.71e-06,8.69e-06
fellowship,4.537e-05,4.616e-05,4.641e-05,4.772e-05,4.666e-05,4.561e-05,4.346e-05,4.173e-05,4.576e-05
nano,2.78e-06,2.73e-06,3.26e-06,3.06e-06,3.07e-06,3.29e-06,3.5e-06,3.31e-06,2.75e-06
invalid,7.06e-06,7.34e-06,7.53e-06,7.14e-06,6.55e-06,6.16e-06,6.59e-06,6.82e-06,7.2e-06
concerts,2.78e-06,2.73e-06,2.65e-06,2.65e-06,2.66e-06,2.67e-06,2.68e-06,2.69e-06,2.75e-06
martial,4.07e-06,3.78e-06,3.66e-06,4.28e-06,4.91e-06,4.73e-06,4.53e-06,5.16e-06,3.92e-06
males,9.42e-06,9.86e-06,9.98e-06,9.79e-06,9.82e-06,9.86e-06,8.65e-06,8.26e-06,9.64e-06
victorian,7.06e-06,7.13e-06,7.13e-06,7.34e-06,7.16e-06,7.19e-06,7e-06,7.02e-06,7.1e-06
retain,5.78e-06,5.87e-06,6.51e-06,6.12e-06,7.16e-06,6.99e-06,6.59e-06,5.78e-06,5.82e-06
colours,5.543e-05,5.77e-05,5.7e-05,5.955e-05,6.057e-05,6.205e-05,6.488e-05,6.362e-05,5.656e-05
execute,1.263e-05,1.259e-05,1.201e-05,1.285e-05,1.371e-05,1.315e-05,1.38e-05,1.425e-05,1.261e-05
tunnel,5.99e-06,5.87e-06,5.9e-06,6.32e-06,6.34e-06,6.37e-06,6.18e-06,5.99e-06,5.93e-06
genres,5.14e-06,5.25e-06,5.09e-06,5.1e-06,5.32e-06,5.96e-06,5.77e-06,5.78e-06,5.2e-06
cambodia,2.14e-06,2.52e-06,2.44e-06,2.45e-06,2.46e-06,2.67e-06,2.68e-06,2.89e-06,2.33e-06
patents,1.605e-05,1.532e-05,1.547e-05,1.489e-05,1.432e-05,1.397e-05,1.483e-05,1.405e-05,1.568e-05
copyrights,6.4e-07,6.3e-07,6.1e-07,8.2e-07,8.2e-07,8.2e-07,8.2e-07,8.3e-07,6.4e-07
yn,2.35e-06,1.68e-06,1.63e-06,1.63e-06,1.64e-06,1.44e-06,8.2e-07,8.3e-07,2.02e-06
chaos,5.158e-05,5.099e-05,4.845e-05,4.711e-05,4.625e-05,4.623e-05,4.696e-05,4.545e-05,5.128e-05
lithuania,6.63e-06,6.71e-06,6.92e-06,5.91e-06,5.53e-06,5.96e-06,6.38e-06,5.99e-06,6.67e-06
mastercard,1.07e-06,1.26e-06,1.63e-06,1.63e-06,2.05e-06,1.03e-06,1.03e-06,1.03e-06,1.16e-06
wheat,4.49e-06,3.99e-06,4.07e-06,3.87e-06,4.09e-06,3.9e-06,3.91e-06,3.72e-06,4.24e-06
chronicles,1.93e-06,2.31e-06,1.83e-06,1.84e-06,1.84e-06,1.85e-06,2.06e-06,2.07e-06,2.12e-06
obtaining,2.547e-05,2.602e-05,2.83e-05,2.733e-05,2.681e-05,2.651e-05,2.595e-05,2.479e-05,2.574e-05
beaver,3.64e-06,3.15e-06,3.46e-06,3.47e-06,3.27e-06,3.29e-06,3.3e-06,3.72e-06,3.39e-06
updating,9.42e-06,9.86e-06,9.98e-06,9.18e-06,9e-06,8.84e-06,8.24e-06,8.68e-06,9.64e-06
distribute,1.049e-05,1.049e-05,1.038e-05,1.06e-05,1.064e-05,1.068e-05,1.153e-05,1.136e-05,1.049e-05
readings,6.85e-06,7.13e-06,7.13e-06,7.14e-06,6.96e-06,7.19e-06,7e-06,7.23e-06,6.99e-06
decorative,2.568e-05,2.602e-05,2.545e-05,2.651e-05,2.701e-05,2.815e-05,2.76e-05,2.706e-05,2.585e-05
kijiji,0.0,0.0,0.0,0.0,0.0,0.0,0.0,0.0,0.0
confused,8.347e-05,8.372e-05,7.919e-05,6.954e-05,7.019e-05,6.986e-05,6.694e-05,6.982e-05,8.36e-05
compiler,3.146e-05,3.189e-05,3.257e-05,3.283e-05,3.254e-05,3.205e-05,3.316e-05,3.243e-05,3.167e-05
enlargement,1.71e-06,1.68e-06,1.63e-06,1.63e-06,1.84e-06,1.85e-06,2.06e-06,1.65e-06,1.69e-06
eagles,8.6e-07,8.4e-07,8.1e-07,8.2e-07,6.1e-07,6.2e-07,8.2e-07,8.3e-07,8.5e-07
bases,4.452e-05,4.49e-05,4.316e-05,4.303e-05,4.4e-05,4.479e-05,5.005e-05,5.144e-05,4.471e-05
vii,1.562e-05,1.637e-05,1.69e-05,1.631e-05,1.535e-05,1.582e-05,1.565e-05,1.611e-05,1.599e-05
accused,6.63e-06,7.76e-06,7.53e-06,7.34e-06,6.55e-06,7.19e-06,7.21e-06,7.64e-06,7.19e-06
bee,4.28e-06,5.25e-06,4.89e-06,4.49e-06,4.09e-06,4.31e-06,4.12e-06,4.34e-06,4.76e-06
campaigns,7.7e-06,8.18e-06,8.35e-06,8.77e-06,7.57e-06,7.6e-06,7.62e-06,8.47e-06,7.94e-06
unity,4.537e-05,4.553e-05,4.356e-05,4.364e-05,4.318e-05,4.315e-05,4.263e-05,4.255e-05,4.545e-05
loud,2.57e-06,2.73e-06,2.85e-06,3.06e-06,3.07e-06,3.08e-06,2.68e-06,2.69e-06,2.65e-06
conjunction,3.938e-05,3.84e-05,3.827e-05,3.752e-05,3.581e-05,3.534e-05,3.625e-05,3.574e-05,3.889e-05
bride,1.71e-06,1.68e-06,1.63e-06,1.63e-06,1.64e-06,1.64e-06,1.65e-06,1.24e-06,1.69e-06
rats,1.07e-06,1.05e-06,1.02e-06,1.43e-06,1.64e-06,1.23e-06,1.65e-06,1.45e-06,1.06e-06
defines,0.00012285,0.00012106,0.00012296,0.00012603,9.536e-05,9.513e-05,9.577e-05,9.585e-05,0.00012196
airports,5.14e-06,4.83e-06,4.68e-06,4.69e-06,4.71e-06,4.73e-06,4.74e-06,4.96e-06,4.99e-06
instances,4.516e-05,4.364e-05,4.377e-05,4.405e-05,4.461e-05,4.335e-05,4.305e-05,4.483e-05,4.44e-05
indigenous,1.455e-05,1.658e-05,1.812e-05,1.448e-05,1.535e-05,1.5e-05,1.586e-05,1.859e-05,1.557e-05
begun,1.22e-05,1.259e-05,1.262e-05,1.264e-05,1.207e-05,1.233e-05,1.236e-05,1.26e-05,1.239e-05
cfr,8.6e-07,8.4e-07,6.1e-07,6.1e-07,6.1e-07,6.2e-07,8.2e-07,1.03e-06,8.5e-07
brunette,2.1e-07,2.1e-07,2e-07,2e-07,2e-07,2.1e-07,2.1e-07,2.1e-07,2.1e-07
packets,2.825e-05,2.77e-05,2.83e-05,2.875e-05,2.763e-05,2.548e-05,2.575e-05,2.541e-05,2.797e-05
anchor,1.049e-05,1.154e-05,1.14e-05,1.142e-05,1.105e-05,1.089e-05,1.112e-05,1.095e-05,1.101e-05
socks,1.07e-06,1.05e-06,1.02e-06,8.2e-07,4.1e-07,4.1e-07,4.1e-07,4.1e-07,1.06e-06
validation,2.996e-05,3.042e-05,3.115e-05,3.202e-05,3.274e-05,3.616e-05,3.625e-05,3.822e-05,3.019e-05
parade,4.71e-06,4.83e-06,5.09e-06,5.1e-06,5.53e-06,5.75e-06,5.56e-06,4.96e-06,4.77e-06
corruption,7.49e-06,7.55e-06,7.33e-06,7.75e-06,7.57e-06,7.4e-06,6.8e-06,6.4e-06,7.52e-06
stat,8.13e-06,6.92e-06,7.33e-06,7.14e-06,6.96e-06,6.78e-06,6.59e-06,7.02e-06,7.52e-06
trigger,5.78e-06,5.87e-06,5.5e-06,5.1e-06,4.91e-06,4.73e-06,4.74e-06,5.16e-06,5.82e-06
incentives,2.57e-06,2.52e-06,2.65e-06,2.65e-06,3.07e-06,3.08e-06,3.09e-06,3.31e-06,2.55e-06
cholesterol,8.6e-07,1.05e-06,1.22e-06,1.43e-06,1.23e-06,1.03e-06,1.03e-06,8.3e-07,9.5e-07
gathered,8.99e-06,9.23e-06,9.98e-06,9.38e-06,9e-06,9.66e-06,9.89e-06,1.012e-05,9.11e-06
essex,4.07e-06,4.2e-06,3.87e-06,3.87e-06,3.68e-06,3.7e-06,3.71e-06,3.51e-06,4.14e-06
slovenia,2.226e-05,2.203e-05,2.199e-05,2.203e-05,2.231e-05,2.199e-05,2.204e-05,2.086e-05,2.214e-05
notified,1.28e-06,1.05e-06,8.1e-07,8.2e-07,1.23e-06,1.23e-06,1.24e-06,1.45e-06,1.16e-06
differential,0.00062795,0.00063952,0.00064614,0.00065015,0.00065996,0.00066182,0.00065907,0.00066308,0.00063373
beaches,1.28e-06,1.26e-06,1.22e-06,1.22e-06,1.43e-06,1.44e-06,1.44e-06,1.45e-06,1.27e-06
folders,4.07e-06,3.99e-06,4.07e-06,4.08e-06,4.3e-06,4.31e-06,4.33e-06,4.54e-06,4.03e-06
dramatic,7.92e-06,7.55e-06,6.72e-06,6.73e-06,6.34e-06,6.58e-06,6.8e-06,6.4e-06,7.73e-06
surfaces,0.00016394,0.00016596,0.00016347,0.00016621,0.00016698,0.00016479,0.00016209,0.00016587,0.00016495
terrible,6.4e-07,6.3e-07,8.1e-07,8.2e-07,8.2e-07,8.2e-07,8.2e-07,1.03e-06,6.4e-07
routers,5.99e-06,6.29e-06,6.51e-06,6.32e-06,6.14e-06,5.96e-06,6.18e-06,6.4e-06,6.14e-06
cruz,1.156e-05,1.07e-05,1.283e-05,1.305e-05,1.371e-05,1.377e-05,1.318e-05,1.322e-05,1.113e-05
pendant,1.71e-06,1.89e-06,1.83e-06,1.84e-06,2.05e-06,2.26e-06,2.06e-06,2.07e-06,1.8e-06
dresses,8.6e-07,6.3e-07,6.1e-07,2e-07,2e-07,4.1e-07,4.1e-07,4.1e-07,7.5e-07
baptist,3.21e-06,3.15e-06,2.85e-06,3.06e-06,3.27e-06,3.08e-06,3.3e-06,3.31e-06,3.18e-06
scientist,0.00028829,0.00030822,0.00032144,0.00032589,0.00032947,0.00033574,0.0003386,0.00034332,0.00029825
starsmerchant,0.0,0.0,0.0,0.0,0.0,0.0,0.0,0.0,0.0
hiring,4.28e-06,3.99e-06,4.28e-06,4.28e-06,4.3e-06,4.31e-06,4.33e-06,4.13e-06,4.14e-06
clocks,1.605e-05,1.574e-05,1.547e-05,1.611e-05,1.617e-05,1.582e-05,1.627e-05,1.611e-05,1.589e-05
arthritis,6.4e-07,6.3e-07,1.02e-06,8.2e-07,8.2e-07,8.2e-07,8.2e-07,1.03e-06,6.4e-07
bios,5.14e-06,5.04e-06,4.89e-06,5.51e-06,4.91e-06,4.52e-06,4.33e-06,4.34e-06,5.09e-06
females,1.027e-05,1.049e-05,1.018e-05,9.79e-06,1.003e-05,9.86e-06,8.44e-06,8.26e-06,1.038e-05
wallace,1.541e-05,1.511e-05,1.527e-05,1.53e-05,1.658e-05,1.705e-05,1.751e-05,1.797e-05,1.526e-05
nevertheless,2.804e-05,2.937e-05,2.789e-05,2.835e-05,2.865e-05,2.918e-05,2.986e-05,2.995e-05,2.87e-05
reflects,2.247e-05,2.203e-05,2.158e-05,2.243e-05,2.312e-05,2.301e-05,2.307e-05,2.355e-05,2.225e-05
taxation,2.14e-06,2.1e-06,2.04e-06,2.24e-06,2.05e-06,2.05e-06,2.06e-06,2.27e-06,2.12e-06
fever,1.28e-06,1.05e-06,1.02e-06,1.02e-06,1.43e-06,1.44e-06,1.65e-06,1.45e-06,1.16e-06
pmc,1.5e-06,1.05e-06,6.1e-07,6.1e-07,6.1e-07,1.23e-06,1.24e-06,1.24e-06,1.28e-06
cuisine,0.0,0.0,0.0,0.0,0.0,0.0,0.0,0.0,0.0
surely,7.7e-06,7.97e-06,7.13e-06,7.14e-06,7.16e-06,7.19e-06,7.83e-06,7.64e-06,7.84e-06
practitioners,1.241e-05,1.28e-05,1.242e-05,1.224e-05,1.166e-05,1.192e-05,1.215e-05,1.405e-05,1.26e-05
transcript,1.71e-06,1.89e-06,2.24e-06,2.04e-06,2.05e-06,2.05e-06,2.47e-06,1.86e-06,1.8e-06
myspace,8.6e-07,8.4e-07,8.1e-07,8.2e-07,8.2e-07,8.2e-07,8.2e-07,8.3e-07,8.5e-07
theorem,0.00137233,0.00136423,0.00136638,0.00136514,0.00137291,0.00137972,0.00138591,0.00139124,0.00136828
inflation,1.434e-05,1.385e-05,1.425e-05,1.428e-05,1.453e-05,1.541e-05,1.504e-05,1.405e-05,1.409e-05
thee,2.57e-06,2.31e-06,2.24e-06,1.43e-06,1.23e-06,1.03e-06,1.03e-06,1.03e-06,2.44e-06
nb,1.71e-06,2.73e-06,2.24e-06,1.84e-06,1.43e-06,1.44e-06,1.44e-06,1.45e-06,2.22e-06
ruth,1.413e-05,1.762e-05,1.832e-05,1.733e-05,1.76e-05,1.767e-05,1.833e-05,1.838e-05,1.587e-05
pray,1.07e-06,8.4e-07,1.02e-06,1.02e-06,1.02e-06,1.03e-06,1.03e-06,1.03e-06,9.5e-07
stylus,1.28e-06,1.05e-06,1.43e-06,1.63e-06,1.64e-06,1.64e-06,1.44e-06,1.65e-06,1.16e-06
compounds,4.281e-05,4.532e-05,4.601e-05,4.731e-05,4.727e-05,4.787e-05,4.819e-05,4.916e-05,4.406e-05
pope,8.13e-06,8.18e-06,6.72e-06,6.32e-06,7.16e-06,6.99e-06,7e-06,7.23e-06,8.15e-06
drums,3.21e-06,3.36e-06,3.46e-06,3.67e-06,3.68e-06,3.49e-06,3.5e-06,3.51e-06,3.28e-06
contracting,5.14e-06,5.67e-06,5.29e-06,5.71e-06,5.93e-06,5.96e-06,6.18e-06,6.2e-06,5.4e-06
topless,8.6e-07,8.4e-07,4.1e-07,4.1e-07,4.1e-07,4.1e-07,4.1e-07,4.1e-07,8.5e-07
arnold,3.596e-05,3.651e-05,3.746e-05,3.854e-05,3.786e-05,3.801e-05,3.79e-05,3.925e-05,3.624e-05
structured,3.403e-05,3.357e-05,3.522e-05,3.548e-05,3.683e-05,3.74e-05,3.831e-05,3.76e-05,3.38e-05
reasonably,1.027e-05,1.007e-05,1.018e-05,9.79e-06,1.023e-05,1.027e-05,1.03e-05,9.92e-06,1.017e-05
jeep,1.28e-06,1.26e-06,1.22e-06,1.43e-06,1.43e-06,1.23e-06,1.24e-06,1.24e-06,1.27e-06
chicks,0.0,0.0,2e-07,2e-07,2e-07,2.1e-07,2.1e-07,2.1e-07,0.0
bare,4.28e-06,4.62e-06,4.48e-06,4.89e-06,4.71e-06,4.73e-06,4.94e-06,4.54e-06,4.45e-06
hung,5.14e-06,5.25e-06,5.09e-06,5.3e-06,5.12e-06,5.14e-06,4.12e-06,4.13e-06,5.2e-06
cattle,3.21e-06,3.15e-06,3.66e-06,3.47e-06,3.27e-06,3.08e-06,3.09e-06,3.1e-06,3.18e-06
mba,1.93e-06,1.89e-06,1.83e-06,2.04e-06,1.84e-06,1.85e-06,1.85e-06,1.86e-06,1.91e-06
radical,3.275e-05,3.294e-05,3.278e-05,3.181e-05,3.131e-05,3e-05,3.089e-05,3.099e-05,3.285e-05
graduates,4.28e-06,4.41e-06,4.68e-06,4.49e-06,4.91e-06,4.93e-06,4.74e-06,4.34e-06,4.34e-06
rover,1.28e-06,1.47e-06,1.43e-06,1.63e-06,1.64e-06,1.64e-06,1.65e-06,1.65e-06,1.37e-06
recommends,5.78e-06,6.29e-06,6.11e-06,6.73e-06,7.16e-06,7.19e-06,6.8e-06,7.23e-06,6.03e-06
controlling,1.99e-05,1.93e-05,1.853e-05,1.917e-05,1.944e-05,1.931e-05,1.957e-05,2.066e-05,1.96e-05
treasure,1.006e-05,1.007e-05,1.038e-05,1.04e-05,1.044e-05,9.86e-06,1.009e-05,9.92e-06,1.006e-05
reload,0.0,0.0,0.0,0.0,0.0,2.1e-07,4.1e-07,2.1e-07,0.0
distributors,2.35e-06,2.31e-06,1.83e-06,2.04e-06,2.05e-06,2.05e-06,1.85e-06,1.86e-06,2.33e-06
flame,1.241e-05,1.259e-05,1.344e-05,1.448e-05,1.412e-05,1.356e-05,1.339e-05,1.405e-05,1.25e-05
levitra,2.1e-07,2.1e-07,2e-07,2e-07,0.0,0.0,0.0,0.0,2.1e-07
tanks,1.93e-06,1.89e-06,1.83e-06,1.84e-06,1.64e-06,1.64e-06,1.65e-06,1.65e-06,1.91e-06
assuming,4.366e-05,4.469e-05,4.601e-05,4.67e-05,4.748e-05,4.849e-05,4.799e-05,4.875e-05,4.418e-05
monetary,1.755e-05,1.972e-05,2.015e-05,1.978e-05,2.21e-05,2.281e-05,2.369e-05,2.314e-05,1.864e-05
elderly,1.93e-06,1.68e-06,1.63e-06,1.84e-06,1.23e-06,1.23e-06,1.24e-06,1.45e-06,1.81e-06
pit,3.42e-06,2.94e-06,3.05e-06,2.24e-06,2.05e-06,2.05e-06,2.27e-06,2.69e-06,3.18e-06
arlington,3.64e-06,4.41e-06,4.48e-06,4.49e-06,4.71e-06,4.52e-06,4.53e-06,4.96e-06,4.02e-06
mono,3.64e-06,3.36e-06,3.05e-06,3.06e-06,3.68e-06,3.49e-06,3.71e-06,3.51e-06,3.5e-06
particles,0.0001449,0.0001454,0.00014372,0.00014541,0.00014713,0.00015123,0.00015015,0.00014894,0.00014515
floating,5.522e-05,6.022e-05,5.965e-05,6.077e-05,5.689e-05,5.609e-05,5.458e-05,5.412e-05,5.772e-05
extraordinary,1.584e-05,1.616e-05,1.649e-05,1.631e-05,1.576e-05,1.5e-05,1.545e-05,1.611e-05,1.6e-05
tile,1.049e-05,9.86e-06,1.12e-05,1.162e-05,1.207e-05,1.253e-05,1.195e-05,1.301e-05,1.017e-05
indicating,2.975e-05,2.916e-05,2.87e-05,2.753e-05,2.885e-05,3.061e-05,3.234e-05,3.222e-05,2.946e-05
bolivia,2.14e-06,2.1e-06,2.24e-06,2.45e-06,2.46e-06,2.88e-06,2.88e-06,2.69e-06,2.12e-06
spell,2.57e-06,2.52e-06,2.44e-06,2.04e-06,2.05e-06,2.26e-06,2.47e-06,2.27e-06,2.55e-06
hottest,6.4e-07,6.3e-07,6.1e-07,4.1e-07,4.1e-07,4.1e-07,4.1e-07,4.1e-07,6.4e-07
stevens,8.35e-06,6.71e-06,7.94e-06,7.95e-06,7.37e-06,7.4e-06,7e-06,7.02e-06,7.53e-06
coordinate,0.00014425,0.00014771,0.0001423,0.00014418,0.00014734,0.00015184,0.00015303,0.00015741,0.00014598
kuwait,8.6e-07,8.4e-07,8.1e-07,8.2e-07,1.02e-06,1.03e-06,1.03e-06,1.03e-06,8.5e-07
exclusively,1.669e-05,1.637e-05,1.588e-05,1.693e-05,1.698e-05,1.746e-05,1.627e-05,1.632e-05,1.653e-05
emily,4.07e-06,4.83e-06,4.68e-06,5.1e-06,4.91e-06,4.52e-06,4.53e-06,3.92e-06,4.45e-06
alleged,8.56e-06,8.81e-06,8.35e-06,7.95e-06,7.57e-06,7.81e-06,8.03e-06,8.26e-06,8.68e-06
limitation,9.63e-06,1.028e-05,1.099e-05,1.122e-05,1.126e-05,1.192e-05,1.195e-05,1.177e-05,9.95e-06
widescreen,6.4e-07,8.4e-07,8.1e-07,1.02e-06,1.02e-06,1.03e-06,1.03e-06,1.03e-06,7.4e-07
compile,8.99e-06,9.02e-06,9.36e-06,9.79e-06,9.62e-06,1.007e-05,9.89e-06,9.71e-06,9e-06
squirting,0.0,0.0,0.0,0.0,0.0,0.0,0.0,0.0,0.0
webster,2.076e-05,2.224e-05,1.893e-05,1.835e-05,1.739e-05,1.664e-05,1.73e-05,1.715e-05,2.15e-05
struck,6.63e-06,7.13e-06,7.33e-06,6.93e-06,6.55e-06,6.37e-06,6.38e-06,6.61e-06,6.88e-06
rx,6.4e-07,6.3e-07,1.02e-06,1.02e-06,1.02e-06,1.03e-06,8.2e-07,8.3e-07,6.4e-07
illustration,1.798e-05,1.741e-05,1.608e-05,1.57e-05,1.473e-05,1.52e-05,1.483e-05,1.446e-05,1.769e-05
plymouth,2.57e-06,2.31e-06,1.83e-06,1.63e-06,1.84e-06,1.64e-06,1.65e-06,1.65e-06,2.44e-06
warnings,1.93e-06,1.89e-06,2.44e-06,2.65e-06,2.66e-06,1.85e-06,1.85e-06,1.65e-06,1.91e-06
construct,8.154e-05,7.994e-05,7.96e-05,8.035e-05,8.083e-05,8.178e-05,8.28e-05,8.531e-05,8.074e-05
apps,1.241e-05,1.301e-05,1.629e-05,1.713e-05,1.678e-05,1.705e-05,1.709e-05,1.715e-05,1.271e-05
inquiries,1.71e-06,1.47e-06,1.22e-06,1.02e-06,1.02e-06,1.03e-06,1.03e-06,1.24e-06,1.59e-06
bridal,2.1e-07,2.1e-07,2e-07,2e-07,2e-07,2.1e-07,2.1e-07,2.1e-07,2.1e-07
annex,2.78e-06,2.94e-06,2.85e-06,2.86e-06,3.07e-06,3.08e-06,3.3e-06,3.31e-06,2.86e-06
mag,3.42e-06,3.15e-06,3.26e-06,2.65e-06,2.66e-06,2.47e-06,2.06e-06,2.07e-06,3.28e-06
gsm,4.28e-06,3.99e-06,4.07e-06,4.28e-06,4.5e-06,3.9e-06,3.71e-06,3.92e-06,4.14e-06
inspiration,1.669e-05,1.574e-05,1.853e-05,1.733e-05,1.658e-05,1.685e-05,1.792e-05,1.776e-05,1.621e-05
tribal,3e-06,2.94e-06,3.05e-06,4.08e-06,4.71e-06,4.52e-06,4.94e-06,4.54e-06,2.97e-06
curious,6.42e-06,6.08e-06,6.72e-06,7.14e-06,7.37e-06,6.99e-06,6.38e-06,6.4e-06,6.25e-06
affecting,1.327e-05,1.427e-05,1.364e-05,1.305e-05,1.248e-05,1.274e-05,1.298e-05,1.198e-05,1.377e-05
freight,1.28e-06,1.26e-06,1.22e-06,8.2e-07,8.2e-07,8.2e-07,8.2e-07,8.3e-07,1.27e-06
rebate,0.0,0.0,0.0,0.0,2e-07,2.1e-07,2.1e-07,2.1e-07,0.0
meetup,0.0,0.0,2e-07,2e-07,2e-07,2.1e-07,2.1e-07,2.1e-07,0.0
eclipse,8.13e-06,8.39e-06,8.75e-06,8.57e-06,9.21e-06,9.45e-06,9.27e-06,9.3e-06,8.26e-06
sudan,7.06e-06,7.13e-06,7.33e-06,6.73e-06,6.14e-06,5.75e-06,5.77e-06,5.99e-06,7.1e-06
ddr,4.3e-07,6.3e-07,6.1e-07,6.1e-07,4.1e-07,4.1e-07,4.1e-07,4.1e-07,5.3e-07
downloading,3e-06,3.36e-06,3.46e-06,3.47e-06,3.89e-06,3.7e-06,3.71e-06,3.51e-06,3.18e-06
rec,5.56e-06,5.46e-06,5.09e-06,5.3e-06,5.93e-06,6.16e-06,6.18e-06,6.2e-06,5.51e-06
shuttle,2.35e-06,2.31e-06,2.04e-06,2.04e-06,1.64e-06,1.64e-06,1.65e-06,1.65e-06,2.33e-06
aggregate,2.59e-05,2.518e-05,2.565e-05,2.549e-05,1.514e-05,1.52e-05,1.565e-05,1.694e-05,2.554e-05
stunning,1.07e-06,1.05e-06,1.02e-06,1.02e-06,1.02e-06,1.03e-06,1.24e-06,1.45e-06,1.06e-06
cycles,5.971e-05,5.728e-05,5.883e-05,6.138e-05,6.16e-05,6.041e-05,6.117e-05,6.259e-05,5.85e-05
affects,2.033e-05,2.119e-05,2.138e-05,2.08e-05,2.046e-05,2.075e-05,2.121e-05,2.169e-05,2.076e-05
forecasts,9.85e-06,1.007e-05,1.059e-05,1.04e-05,1.044e-05,1.048e-05,1.092e-05,1.115e-05,9.96e-06
detect,3.767e-05,3.819e-05,3.909e-05,3.956e-05,4.011e-05,4.068e-05,4.202e-05,4.131e-05,3.793e-05
sluts,0.0,0.0,0.0,0.0,0.0,0.0,0.0,0.0,0.0
actively,1.434e-05,1.343e-05,1.344e-05,1.407e-05,1.494e-05,1.52e-05,1.462e-05,1.467e-05,1.389e-05
ciao,0.0,0.0,0.0,0.0,0.0,0.0,0.0,0.0,0.0
ampland,0.0,0.0,0.0,0.0,0.0,0.0,0.0,0.0,0.0
knee,1.71e-06,1.68e-06,1.63e-06,1.84e-06,1.84e-06,1.85e-06,2.06e-06,2.27e-06,1.69e-06
prep,2.1e-07,2.1e-07,0.0,0.0,0.0,0.0,0.0,0.0,2.1e-07
pb,4.49e-06,5.46e-06,4.68e-06,3.67e-06,3.68e-06,2.67e-06,2.68e-06,2.89e-06,4.98e-06
complicated,4.965e-05,4.973e-05,4.804e-05,4.894e-05,4.829e-05,4.829e-05,4.696e-05,4.627e-05,4.969e-05
chem,2.311e-05,2.182e-05,1.812e-05,1.611e-05,1.617e-05,1.5e-05,1.504e-05,1.487e-05,2.247e-05
fastest,1.241e-05,1.217e-05,1.344e-05,1.387e-05,1.432e-05,1.459e-05,1.504e-05,1.508e-05,1.229e-05
butler,1.113e-05,1.007e-05,1.059e-05,1.101e-05,1.064e-05,1.027e-05,1.03e-05,1.033e-05,1.06e-05
shopzilla,0.0,0.0,0.0,0.0,0.0,0.0,0.0,0.0,0.0
injured,2.57e-06,2.52e-06,2.44e-06,2.24e-06,2.25e-06,2.26e-06,2.27e-06,2.27e-06,2.55e-06
decorating,8.6e-07,6.3e-07,8.1e-07,8.2e-07,6.1e-07,6.2e-07,8.2e-07,8.3e-07,7.5e-07
payroll,1.07e-06,1.05e-06,1.22e-06,1.02e-06,1.02e-06,8.2e-07,8.2e-07,1.03e-06,1.06e-06
cookbook,2.1e-07,2.1e-07,4.1e-07,4.1e-07,2e-07,2.1e-07,2.1e-07,2.1e-07,2.1e-07
expressions,7.148e-05,7.428e-05,7.593e-05,7.362e-05,7.387e-05,7.582e-05,7.579e-05,7.581e-05,7.288e-05
ton,2.14e-06,1.89e-06,1.63e-06,2.04e-06,1.23e-06,1.44e-06,1.24e-06,1.24e-06,2.01e-06
courier,5.35e-06,5.46e-06,5.29e-06,5.1e-06,4.91e-06,4.52e-06,4.12e-06,4.34e-06,5.4e-06
uploaded,1.71e-06,1.89e-06,1.83e-06,2.04e-06,2.05e-06,2.47e-06,2.47e-06,2.48e-06,1.8e-06
shakespeare,7.28e-06,6.92e-06,7.13e-06,7.14e-06,6.96e-06,6.99e-06,7e-06,7.23e-06,7.1e-06
hints,2.14e-06,2.52e-06,2.44e-06,2.45e-06,2.25e-06,2.26e-06,2.06e-06,2.07e-06,2.33e-06
collapse,1.327e-05,1.364e-05,1.262e-05,1.224e-05,1.31e-05,1.315e-05,1.421e-05,1.363e-05,1.345e-05
americas,5.14e-06,4.62e-06,6.51e-06,6.53e-06,6.14e-06,6.78e-06,6.8e-06,7.02e-06,4.88e-06
connectors,4.49e-06,4.2e-06,4.07e-06,3.87e-06,3.48e-06,3.49e-06,3.71e-06,3.72e-06,4.34e-06
twinks,0.0,0.0,0.0,0.0,0.0,0.0,0.0,0.0,0.0
unlikely,1.156e-05,1.196e-05,1.181e-05,1.203e-05,1.248e-05,1.192e-05,1.236e-05,1.281e-05,1.176e-05
oe,2.14e-06,2.1e-06,2.24e-06,2.24e-06,2.25e-06,2.26e-06,2.47e-06,2.48e-06,2.12e-06
gif,3e-06,2.1e-06,3.26e-06,2.45e-06,2.86e-06,2.67e-06,2.68e-06,2.48e-06,2.55e-06
pros,2.1e-07,2.1e-07,2e-07,2e-07,2e-07,2.1e-07,2.1e-07,0.0,2.1e-07
conflicts,8.99e-06,8.39e-06,9.36e-06,9.18e-06,9.41e-06,9.86e-06,1.071e-05,1.012e-05,8.69e-06
techno,2.1e-07,2.1e-07,4.1e-07,2e-07,2e-07,2.1e-07,2.1e-07,4.1e-07,2.1e-07
beverage,2.78e-06,2.73e-06,2.65e-06,3.06e-06,2.66e-06,2.26e-06,2.06e-06,2.27e-06,2.75e-06
tribute,6.42e-06,7.34e-06,6.92e-06,7.34e-06,7.78e-06,7.19e-06,7.21e-06,7.02e-06,6.88e-06
wired,1.113e-05,1.175e-05,9.98e-06,9.99e-06,9.41e-06,9.04e-06,8.03e-06,8.26e-06,1.144e-05
elvis,8.6e-07,1.47e-06,1.43e-06,1.43e-06,1.43e-06,1.44e-06,1.44e-06,1.45e-06,1.16e-06
immune,6.42e-06,6.08e-06,5.7e-06,6.73e-06,6.55e-06,6.78e-06,6.18e-06,6.2e-06,6.25e-06
latvia,4.92e-06,4.41e-06,4.48e-06,4.49e-06,4.09e-06,4.11e-06,4.12e-06,4.13e-06,4.67e-06
travelers,3.21e-06,3.15e-06,3.46e-06,3.87e-06,3.48e-06,3.08e-06,3.3e-06,3.31e-06,3.18e-06
forestry,2.78e-06,2.94e-06,3.05e-06,3.26e-06,2.86e-06,2.67e-06,2.88e-06,2.89e-06,2.86e-06
barriers,7.06e-06,9.44e-06,8.96e-06,8.97e-06,9.62e-06,9.66e-06,1.05e-05,1.053e-05,8.25e-06
cant,4.3e-07,6.3e-07,8.1e-07,8.2e-07,8.2e-07,4.1e-07,4.1e-07,4.1e-07,5.3e-07
jd,1.71e-06,1.68e-06,1.43e-06,1.43e-06,1.43e-06,1.44e-06,1.44e-06,1.45e-06,1.69e-06
rarely,2.954e-05,2.874e-05,2.891e-05,2.896e-05,2.804e-05,2.897e-05,2.904e-05,2.913e-05,2.914e-05
gpl,7.49e-06,7.55e-06,7.13e-06,7.34e-06,7.78e-06,7.81e-06,7.41e-06,7.44e-06,7.52e-06
infected,2.14e-05,2.161e-05,2.138e-05,2.203e-05,2.21e-05,2.24e-05,2.286e-05,2.314e-05,2.15e-05
offerings,3.42e-06,3.78e-06,3.87e-06,3.67e-06,4.3e-06,4.31e-06,4.74e-06,4.54e-06,3.6e-06
martha,3.21e-06,3.36e-06,3.46e-06,3.47e-06,3.27e-06,3.29e-06,3.3e-06,3.1e-06,3.28e-06
genesis,3.85e-06,4.41e-06,5.29e-06,5.71e-06,6.34e-06,6.16e-06,5.77e-06,6.61e-06,4.13e-06
barrier,1.627e-05,1.7e-05,1.649e-05,1.611e-05,1.514e-05,1.5e-05,1.545e-05,1.508e-05,1.663e-05
argue,1.006e-05,1.049e-05,1.059e-05,1.02e-05,1.003e-05,9.66e-06,9.89e-06,1.074e-05,1.027e-05
incorrect,2.055e-05,1.93e-05,1.995e-05,1.897e-05,1.944e-05,1.993e-05,1.915e-05,2.024e-05,1.993e-05
trains,4.49e-06,4.62e-06,4.68e-06,4.49e-06,4.5e-06,4.52e-06,4.74e-06,4.75e-06,4.55e-06
metals,1.113e-05,1.07e-05,1.242e-05,1.162e-05,1.187e-05,1.192e-05,1.195e-05,1.115e-05,1.091e-05
bicycle,3e-06,3.15e-06,3.26e-06,3.67e-06,3.07e-06,3.08e-06,2.88e-06,2.89e-06,3.08e-06
furnishings,4.3e-07,4.2e-07,4.1e-07,4.1e-07,4.1e-07,4.1e-07,4.1e-07,4.1e-07,4.3e-07
letting,4.92e-06,5.25e-06,4.48e-06,4.28e-06,3.89e-06,4.11e-06,4.12e-06,3.92e-06,5.08e-06
arise,7.298e-05,7.134e-05,6.921e-05,7.036e-05,7.183e-05,7.294e-05,7.25e-05,7.147e-05,7.216e-05
guatemala,3e-06,3.15e-06,3.87e-06,3.87e-06,3.68e-06,3.7e-06,3.71e-06,3.31e-06,3.08e-06
celtic,9.2e-06,8.39e-06,8.55e-06,7.14e-06,6.55e-06,7.4e-06,7.41e-06,7.44e-06,8.79e-06
thereby,2.354e-05,2.539e-05,2.585e-05,2.692e-05,2.763e-05,2.897e-05,3.007e-05,3.119e-05,2.447e-05
irc,4.28e-06,3.99e-06,4.07e-06,3.87e-06,3.89e-06,3.29e-06,3.09e-06,2.48e-06,4.14e-06
jamie,1.5e-06,1.68e-06,1.43e-06,1.43e-06,1.43e-06,1.44e-06,1.44e-06,1.24e-06,1.59e-06
particle,0.00015132,0.00014834,0.00014739,0.00014908,0.00015041,0.00015369,0.00015056,0.00014728,0.00014983
perception,4.259e-05,4.322e-05,4.377e-05,4.385e-05,4.563e-05,4.459e-05,4.449e-05,4.4e-05,4.29e-05
minerals,6.21e-06,6.29e-06,5.9e-06,5.91e-06,5.53e-06,5.96e-06,5.77e-06,5.99e-06,6.25e-06
advise,1.71e-06,1.26e-06,1.22e-06,1.43e-06,1.43e-06,1.23e-06,1.44e-06,1.24e-06,1.48e-06
humidity,8.56e-06,8.6e-06,8.75e-06,9.18e-06,9e-06,9.04e-06,9.06e-06,9.5e-06,8.58e-06
bottles,1.5e-06,1.68e-06,1.63e-06,1.63e-06,1.43e-06,1.44e-06,1.03e-06,1.03e-06,1.59e-06
boxing,1.93e-06,1.68e-06,1.63e-06,1.63e-06,1.84e-06,1.85e-06,2.27e-06,2.27e-06,1.81e-06
wy,2.1e-07,2.1e-07,4.1e-07,4.1e-07,4.1e-07,4.1e-07,4.1e-07,4.1e-07,2.1e-07
dm,6.21e-06,6.29e-06,6.31e-06,6.32e-06,6.55e-06,6.37e-06,5.97e-06,5.99e-06,6.25e-06
bangkok,1.07e-06,1.26e-06,1.02e-06,6.1e-07,6.1e-07,4.1e-07,4.1e-07,4.1e-07,1.16e-06
renaissance,3.767e-05,3.63e-05,3.664e-05,3.671e-05,3.704e-05,3.76e-05,3.769e-05,3.842e-05,3.698e-05
pathology,2.78e-06,2.73e-06,2.65e-06,2.45e-06,2.46e-06,1.85e-06,1.85e-06,1.86e-06,2.75e-06
sara,2.35e-06,2.52e-06,2.85e-06,2.45e-06,2.46e-06,2.47e-06,2.47e-06,2.69e-06,2.43e-06
bra,2.57e-06,2.94e-06,3.87e-06,3.47e-06,3.68e-06,3.7e-06,2.68e-06,2.69e-06,2.75e-06
ordinance,3.21e-06,3.36e-06,3.66e-06,3.87e-06,3.68e-06,3.7e-06,3.71e-06,3.72e-06,3.28e-06
hughes,1.199e-05,1.112e-05,1.181e-05,1.203e-05,1.289e-05,1.233e-05,1.277e-05,1.281e-05,1.156e-05
photographers,2.57e-06,3.15e-06,3.05e-06,3.06e-06,3.07e-06,3.08e-06,2.88e-06,3.1e-06,2.86e-06
bitch,8.6e-07,6.3e-07,6.1e-07,6.1e-07,6.1e-07,6.2e-07,6.2e-07,8.3e-07,7.5e-07
infections,4.07e-06,4.2e-06,4.68e-06,4.69e-06,4.5e-06,4.52e-06,4.33e-06,4.34e-06,4.14e-06
jeffrey,1.691e-05,1.679e-05,1.649e-05,1.672e-05,1.637e-05,1.623e-05,1.545e-05,1.549e-05,1.685e-05
chess,7.684e-05,7.574e-05,7.451e-05,7.321e-05,7.244e-05,7.479e-05,7.332e-05,6.982e-05,7.629e-05
operates,2.932e-05,3e-05,3.013e-05,3.079e-05,3.172e-05,3.123e-05,3.234e-05,3.222e-05,2.966e-05
brisbane,4.71e-06,4.2e-06,3.66e-06,3.67e-06,3.48e-06,3.49e-06,3.3e-06,3.31e-06,4.45e-06
configured,5.78e-06,5.67e-06,6.11e-06,5.71e-06,6.14e-06,5.96e-06,5.97e-06,6.61e-06,5.73e-06
survive,1.37e-05,1.469e-05,1.405e-05,1.305e-05,1.248e-05,1.233e-05,1.277e-05,1.322e-05,1.419e-05
oscar,1.862e-05,1.909e-05,2.097e-05,1.958e-05,1.903e-05,1.911e-05,1.874e-05,1.818e-05,1.886e-05
festivals,1.93e-06,2.52e-06,2.65e-06,2.65e-06,2.86e-06,2.67e-06,2.47e-06,2.27e-06,2.22e-06
menus,3.85e-06,4.2e-06,4.07e-06,3.87e-06,3.89e-06,3.7e-06,3.5e-06,3.72e-06,4.02e-06
joan,1.199e-05,1.301e-05,1.344e-05,1.305e-05,1.269e-05,1.356e-05,1.38e-05,1.384e-05,1.25e-05
possibilities,1.776e-05,1.804e-05,1.69e-05,1.611e-05,1.637e-05,1.623e-05,1.689e-05,1.694e-05,1.79e-05
duck,1.669e-05,1.616e-05,1.69e-05,1.652e-05,1.678e-05,1.685e-05,1.648e-05,1.673e-05,1.642e-05
reveal,1.712e-05,1.825e-05,1.853e-05,1.795e-05,1.862e-05,1.829e-05,1.771e-05,1.818e-05,1.768e-05
canal,5.35e-06,6.08e-06,6.11e-06,5.71e-06,5.93e-06,6.16e-06,5.97e-06,6.61e-06,5.72e-06
amino,1.883e-05,1.951e-05,1.975e-05,2.039e-05,2.005e-05,1.993e-05,2.018e-05,2.086e-05,1.917e-05
phi,1.006e-05,1.007e-05,1.059e-05,1.02e-05,9.82e-06,9.86e-06,9.06e-06,7.64e-06,1.006e-05
contributing,1.284e-05,1.343e-05,1.384e-05,1.366e-05,1.453e-05,1.459e-05,1.586e-05,1.673e-05,1.314e-05
herbs,6.4e-07,6.3e-07,6.1e-07,6.1e-07,6.1e-07,6.2e-07,6.2e-07,6.2e-07,6.4e-07
clinics,6.4e-07,2.1e-07,2e-07,2e-07,2e-07,2.1e-07,2.1e-07,2.1e-07,4.3e-07
mls,1.5e-06,1.89e-06,2.04e-06,1.84e-06,1.64e-06,2.05e-06,2.06e-06,2.07e-06,1.69e-06
cow,4.71e-06,4.83e-06,5.09e-06,4.89e-06,5.12e-06,4.93e-06,4.53e-06,4.54e-06,4.77e-06
manitoba,5.35e-06,4.83e-06,5.09e-06,4.69e-06,5.32e-06,4.73e-06,5.15e-06,5.16e-06,5.09e-06
analytical,4.473e-05,4.574e-05,4.56e-05,4.527e-05,4.727e-05,4.746e-05,4.984e-05,5.102e-05,4.523e-05
missions,1.177e-05,1.175e-05,1.16e-05,1.183e-05,1.064e-05,1.089e-05,1.092e-05,1.095e-05,1.176e-05
watson,2.333e-05,2.371e-05,2.361e-05,2.366e-05,2.292e-05,2.157e-05,2.101e-05,2.004e-05,2.352e-05
lying,1.755e-05,1.783e-05,1.69e-05,1.652e-05,1.617e-05,1.562e-05,1.504e-05,1.508e-05,1.769e-05
costumes,2.57e-06,2.94e-06,2.85e-06,3.06e-06,2.46e-06,2.47e-06,2.68e-06,2.48e-06,2.75e-06
strict,3.981e-05,3.714e-05,3.603e-05,3.61e-05,3.643e-05,3.678e-05,3.604e-05,3.574e-05,3.848e-05
dive,2.1e-07,2.1e-07,2e-07,2e-07,2e-07,2.1e-07,2.1e-07,2.1e-07,2.1e-07
saddam,2.1e-07,2.1e-07,2e-07,2e-07,4.1e-07,6.2e-07,6.2e-07,6.2e-07,2.1e-07
circulation,2.162e-05,2.056e-05,2.239e-05,2.203e-05,2.231e-05,2.322e-05,2.43e-05,2.479e-05,2.109e-05
drill,3.42e-06,3.57e-06,3.46e-06,3.67e-06,3.48e-06,3.49e-06,3.5e-06,3.31e-06,3.49e-06
offense,1.07e-06,1.26e-06,1.22e-06,1.43e-06,1.23e-06,1.44e-06,1.85e-06,2.48e-06,1.16e-06
threesome,2.1e-07,2.1e-07,2e-07,2e-07,2e-07,2.1e-07,2.1e-07,2.1e-07,2.1e-07
bryan,8.13e-06,8.18e-06,8.14e-06,7.75e-06,7.16e-06,7.19e-06,7e-06,7.23e-06,8.15e-06
cet,4.3e-07,4.2e-07,4.1e-07,4.1e-07,4.1e-07,4.1e-07,2.1e-07,2.1e-07,4.3e-07
protest,1.027e-05,1.091e-05,1.099e-05,1.02e-05,1.003e-05,9.86e-06,9.89e-06,9.92e-06,1.059e-05
handjob,0.0,0.0,0.0,0.0,0.0,0.0,0.0,0.0,0.0
assumption,6.25e-05,6.315e-05,6.209e-05,6.465e-05,6.446e-05,6.78e-05,6.632e-05,6.713e-05,6.282e-05
jerusalem,2.59e-05,2.874e-05,2.911e-05,3.039e-05,3.008e-05,2.897e-05,2.863e-05,2.809e-05,2.732e-05
hobby,4.92e-06,5.04e-06,6.11e-06,5.71e-06,5.73e-06,5.34e-06,5.77e-06,5.37e-06,4.98e-06
tries,1.52e-05,1.574e-05,1.445e-05,1.448e-05,1.432e-05,1.397e-05,1.38e-05,1.384e-05,1.547e-05
transexuales,0.0,0.0,0.0,0.0,0.0,0.0,0.0,0.0,0.0
invention,3.959e-05,3.84e-05,3.868e-05,3.854e-05,3.622e-05,3.616e-05,3.687e-05,3.615e-05,3.9e-05
nickname,9.63e-06,9.65e-06,9.57e-06,9.79e-06,9.82e-06,9.86e-06,1.071e-05,9.92e-06,9.64e-06
fiji,1.71e-06,1.89e-06,1.83e-06,1.84e-06,2.05e-06,2.26e-06,2.27e-06,2.27e-06,1.8e-06
technician,3.42e-06,3.78e-06,3.05e-06,3.26e-06,3.48e-06,3.49e-06,3.09e-06,3.31e-06,3.6e-06
inline,2.14e-06,2.31e-06,2.44e-06,2.45e-06,2.66e-06,2.67e-06,2.27e-06,2.27e-06,2.22e-06
executives,3.42e-06,3.36e-06,3.26e-06,3.26e-06,3.48e-06,3.29e-06,3.3e-06,3.1e-06,3.39e-06
enquiries,1.07e-06,1.05e-06,1.02e-06,1.02e-06,1.02e-06,1.03e-06,1.03e-06,1.03e-06,1.06e-06
washing,2.14e-06,2.1e-06,2.04e-06,1.84e-06,1.64e-06,1.64e-06,1.85e-06,1.86e-06,2.12e-06
audi,2.1e-07,2.1e-07,2e-07,2e-07,2e-07,2.1e-07,2.1e-07,2.1e-07,2.1e-07
staffing,2.57e-06,2.52e-06,2.44e-06,2.04e-06,2.05e-06,1.85e-06,1.85e-06,2.27e-06,2.55e-06
cognitive,7.748e-05,7.826e-05,7.878e-05,7.77e-05,7.613e-05,7.787e-05,7.559e-05,7.808e-05,7.787e-05
exploring,1.22e-05,1.112e-05,1.201e-05,1.122e-05,1.126e-05,1.11e-05,1.133e-05,1.219e-05,1.166e-05
trick,1.306e-05,1.343e-05,1.344e-05,1.387e-05,1.31e-05,1.336e-05,1.298e-05,1.281e-05,1.324e-05
enquiry,1.07e-06,1.05e-06,1.02e-06,1.22e-06,1.43e-06,1.44e-06,1.24e-06,1.45e-06,1.06e-06
closure,5.886e-05,5.875e-05,5.843e-05,5.812e-05,5.628e-05,5.63e-05,5.417e-05,5.453e-05,5.881e-05
raid,3.64e-06,3.78e-06,3.87e-06,3.67e-06,3.68e-06,3.7e-06,3.71e-06,3.72e-06,3.71e-06
ppc,6.4e-07,4.2e-07,4.1e-07,4.1e-07,4.1e-07,4.1e-07,4.1e-07,4.1e-07,5.3e-07
timber,3.21e-06,2.94e-06,3.26e-06,3.47e-06,3.48e-06,3.7e-06,3.5e-06,3.51e-06,3.08e-06
volt,2.35e-06,2.94e-06,3.26e-06,2.86e-06,2.86e-06,3.08e-06,3.3e-06,3.31e-06,2.65e-06
intense,9.2e-06,8.6e-06,8.35e-06,8.97e-06,9.21e-06,9.04e-06,8.65e-06,8.26e-06,8.9e-06
div,8.6e-07,8.4e-07,8.1e-07,8.2e-07,1.43e-06,1.44e-06,1.24e-06,8.3e-07,8.5e-07
playlist,2.1e-07,2.1e-07,2e-07,2e-07,2e-07,2.1e-07,2.1e-07,2.1e-07,2.1e-07
registrar,5.35e-06,7.13e-06,7.94e-06,7.95e-06,7.98e-06,8.22e-06,7.83e-06,7.64e-06,6.24e-06
showers,6.4e-07,6.3e-07,6.1e-07,6.1e-07,6.1e-07,6.2e-07,8.2e-07,8.3e-07,6.4e-07
supporters,1.52e-05,1.574e-05,1.547e-05,1.53e-05,1.494e-05,1.438e-05,1.545e-05,1.425e-05,1.547e-05
ruling,4.92e-06,5.46e-06,5.5e-06,5.1e-06,4.91e-06,5.14e-06,5.15e-06,5.16e-06,5.19e-06
steady,2.226e-05,2.098e-05,2.239e-05,2.243e-05,2.19e-05,2.219e-05,2.286e-05,2.334e-05,2.162e-05
dirt,2.14e-06,1.89e-06,1.83e-06,1.43e-06,1.43e-06,1.64e-06,1.44e-06,1.45e-06,2.01e-06
statutes,2.78e-06,3.15e-06,3.05e-06,3.06e-06,3.07e-06,3.08e-06,2.88e-06,3.1e-06,2.96e-06
withdrawal,2.57e-06,1.26e-06,1.22e-06,1.43e-06,1.43e-06,1.03e-06,1.03e-06,1.03e-06,1.91e-06
myers,5.35e-06,5.25e-06,5.5e-06,6.12e-06,5.93e-06,5.34e-06,5.15e-06,5.16e-06,5.3e-06
drops,8.99e-06,8.39e-06,8.96e-06,9.38e-06,9.21e-06,8.42e-06,8.24e-06,8.68e-06,8.69e-06
predicted,3.596e-05,3.525e-05,3.624e-05,3.487e-05,3.458e-05,3.493e-05,3.584e-05,3.78e-05,3.561e-05
wider,2.44e-05,2.476e-05,2.382e-05,2.427e-05,2.599e-05,2.671e-05,2.698e-05,2.747e-05,2.458e-05
saskatchewan,5.78e-06,5.04e-06,5.5e-06,5.51e-06,5.53e-06,5.34e-06,5.35e-06,5.16e-06,5.41e-06
jc,1.5e-06,1.68e-06,1.22e-06,1.22e-06,1.43e-06,1.44e-06,1.44e-06,1.45e-06,1.59e-06
cancellation,8.99e-06,9.44e-06,9.57e-06,9.18e-06,9.62e-06,9.25e-06,9.27e-06,9.5e-06,9.21e-06
plugins,4.49e-06,4.41e-06,4.07e-06,4.08e-06,3.89e-06,3.9e-06,4.33e-06,4.13e-06,4.45e-06
enrolled,1.027e-05,1.07e-05,9.77e-06,9.38e-06,1.003e-05,9.86e-06,1.05e-05,9.92e-06,1.048e-05
sensors,2.204e-05,2.203e-05,2.26e-05,2.162e-05,2.169e-05,2.137e-05,2.163e-05,2.252e-05,2.204e-05
screw,1.07e-05,1.049e-05,9.98e-06,1.06e-05,1.207e-05,1.171e-05,1.153e-05,1.115e-05,1.059e-05
ministers,5.35e-06,4.41e-06,5.29e-06,4.89e-06,4.5e-06,4.31e-06,4.53e-06,4.96e-06,4.88e-06
publicly,2.568e-05,2.539e-05,2.585e-05,2.631e-05,2.763e-05,2.815e-05,2.801e-05,2.892e-05,2.553e-05
hourly,6.4e-07,6.3e-07,6.1e-07,6.1e-07,6.1e-07,6.2e-07,6.2e-07,6.2e-07,6.4e-07
blame,2.35e-06,3.15e-06,2.44e-06,2.04e-06,1.84e-06,1.85e-06,1.85e-06,1.45e-06,2.75e-06
geneva,1.776e-05,1.679e-05,1.629e-05,1.591e-05,1.555e-05,1.582e-05,1.483e-05,1.425e-05,1.727e-05
freebsd,4.71e-06,4.62e-06,5.09e-06,4.69e-06,4.71e-06,4.52e-06,4.74e-06,5.16e-06,4.67e-06
veterinary,1.07e-06,1.26e-06,1.02e-06,1.02e-06,1.02e-06,8.2e-07,8.2e-07,8.3e-07,1.16e-06
acer,0.0,0.0,0.0,0.0,0.0,2.1e-07,2.1e-07,2.1e-07,0.0
prostores,0.0,0.0,0.0,0.0,0.0,0.0,0.0,0.0,0.0
reseller,2.1e-07,2.1e-07,6.1e-07,6.1e-07,6.1e-07,6.2e-07,6.2e-07,6.2e-07,2.1e-07
dist,1.5e-06,1.26e-06,1.63e-06,1.63e-06,1.64e-06,1.64e-06,1.65e-06,1.65e-06,1.38e-06
handed,1.434e-05,1.49e-05,1.445e-05,1.366e-05,1.535e-05,1.52e-05,1.483e-05,1.446e-05,1.462e-05
suffered,8.78e-06,8.39e-06,8.14e-06,8.16e-06,8.8e-06,7.81e-06,7.21e-06,7.02e-06,8.58e-06
intake,4.71e-06,4.62e-06,4.28e-06,4.08e-06,4.09e-06,4.31e-06,3.91e-06,3.72e-06,4.67e-06
informal,2.526e-05,2.497e-05,2.484e-05,2.672e-05,2.722e-05,2.835e-05,2.822e-05,2.706e-05,2.511e-05
relevance,1.99e-05,1.972e-05,1.954e-05,2.019e-05,2.005e-05,2.034e-05,1.977e-05,2.004e-05,1.981e-05
incentive,8.56e-06,6.29e-06,6.51e-06,5.91e-06,5.93e-06,5.96e-06,6.18e-06,5.58e-06,7.42e-06
butterfly,9.85e-06,9.02e-06,8.75e-06,8.36e-06,9e-06,9.04e-06,9.06e-06,9.09e-06,9.44e-06
tucson,2.14e-06,1.89e-06,1.22e-06,1.02e-06,1.02e-06,1.03e-06,1.24e-06,1.24e-06,2.01e-06
mechanics,0.00032939,0.0003292,0.00033915,0.00033445,0.00033397,0.000338,0.00034004,0.0003365,0.00032929
heavily,2.354e-05,2.413e-05,2.341e-05,2.264e-05,2.251e-05,2.281e-05,2.389e-05,2.396e-05,2.384e-05
swingers,0.0,0.0,0.0,0.0,0.0,0.0,0.0,0.0,0.0
fifty,1.841e-05,1.825e-05,1.853e-05,1.876e-05,1.842e-05,1.746e-05,1.73e-05,1.735e-05,1.833e-05
headers,2.57e-06,2.31e-06,2.04e-06,2.04e-06,2.05e-06,2.05e-06,2.06e-06,2.07e-06,2.44e-06
mistakes,5.35e-06,6.08e-06,5.5e-06,5.3e-06,5.32e-06,5.55e-06,4.94e-06,5.16e-06,5.72e-06
numerical,0.00030477,0.00030507,0.00030902,0.00030876,0.00031105,0.00031272,0.0003145,0.00031543,0.00030492
ons,2.78e-06,2.73e-06,7.53e-06,7.75e-06,7.57e-06,7.81e-06,8.03e-06,7.85e-06,2.75e-06
geek,1.28e-06,1.89e-06,1.43e-06,1.22e-06,1.02e-06,1.03e-06,1.24e-06,1.24e-06,1.59e-06
uncle,1.348e-05,1.364e-05,1.283e-05,1.244e-05,1.269e-05,1.315e-05,1.318e-05,1.343e-05,1.356e-05
defining,7.812e-05,7.931e-05,7.899e-05,8.259e-05,7.94e-05,7.993e-05,7.971e-05,8.159e-05,7.872e-05
xnxx,0.0,0.0,0.0,0.0,0.0,0.0,0.0,0.0,0.0
counting,7.812e-05,7.889e-05,7.899e-05,7.953e-05,8.042e-05,7.972e-05,8.074e-05,8.097e-05,7.851e-05
reflection,6.785e-05,6.609e-05,6.738e-05,6.954e-05,6.896e-05,6.863e-05,7.209e-05,7.271e-05,6.697e-05
sink,8.13e-06,8.39e-06,8.14e-06,8.57e-06,8.39e-06,8.01e-06,7.62e-06,7.64e-06,8.26e-06
accompanied,1.691e-05,1.804e-05,1.812e-05,1.856e-05,1.903e-05,1.788e-05,1.73e-05,1.818e-05,1.747e-05
assure,2.57e-06,2.52e-06,2.44e-06,2.45e-06,2.46e-06,2.47e-06,2.06e-06,1.86e-06,2.55e-06
invitation,5.14e-06,5.46e-06,5.09e-06,4.69e-06,4.91e-06,4.52e-06,4.53e-06,4.75e-06,5.3e-06
devoted,4.495e-05,4.49e-05,4.438e-05,4.466e-05,4.216e-05,4.233e-05,4.222e-05,4.214e-05,4.493e-05
princeton,0.00012735,0.00012421,0.00012479,0.00012032,0.00011767,0.00011527,0.00011348,0.00010969,0.00012578
jacob,3.446e-05,3.567e-05,3.44e-05,3.406e-05,3.417e-05,3.39e-05,3.316e-05,3.284e-05,3.507e-05
sodium,5.78e-06,5.67e-06,5.7e-06,5.71e-06,5.53e-06,5.75e-06,5.77e-06,5.58e-06,5.73e-06
randy,1.71e-06,1.68e-06,1.22e-06,1.02e-06,1.02e-06,1.03e-06,1.03e-06,1.03e-06,1.69e-06
spirituality,3e-06,3.36e-06,3.05e-06,3.26e-06,3.07e-06,3.08e-06,3.3e-06,3.1e-06,3.18e-06
hormone,8.6e-07,1.05e-06,1.02e-06,1.02e-06,1.02e-06,1.23e-06,1.24e-06,1.24e-06,9.5e-07
meanwhile,5.56e-06,5.87e-06,5.9e-06,5.91e-06,6.14e-06,6.16e-06,8.24e-06,7.85e-06,5.72e-06
proprietary,2.44e-05,2.434e-05,2.545e-05,2.61e-05,2.722e-05,2.733e-05,2.719e-05,2.727e-05,2.437e-05
timothy,8.99e-06,9.02e-06,9.36e-06,9.38e-06,9.41e-06,9.86e-06,9.68e-06,9.5e-06,9e-06
childrens,0.0,0.0,0.0,0.0,0.0,0.0,0.0,0.0,0.0
brick,4.92e-06,4.83e-06,4.89e-06,5.1e-06,4.91e-06,4.93e-06,4.74e-06,4.75e-06,4.87e-06
grip,6.4e-07,6.3e-07,6.1e-07,6.1e-07,6.1e-07,6.2e-07,8.2e-07,6.2e-07,6.4e-07
naval,5.565e-05,5.581e-05,5.476e-05,5.629e-05,5.689e-05,5.671e-05,5.623e-05,5.536e-05,5.573e-05
thumbzilla,0.0,0.0,0.0,0.0,0.0,0.0,0.0,0.0,0.0
medieval,6.143e-05,5.98e-05,6.066e-05,5.894e-05,5.975e-05,6.082e-05,6.096e-05,6.032e-05,6.062e-05
porcelain,1.5e-06,2.1e-06,2.04e-06,2.04e-06,2.05e-06,2.05e-06,1.85e-06,1.86e-06,1.8e-06
avi,2.35e-06,2.52e-06,2.65e-06,2.65e-06,2.46e-06,2.67e-06,2.47e-06,2.48e-06,2.43e-06
bridges,1.134e-05,1.133e-05,1.14e-05,1.122e-05,1.146e-05,1.151e-05,1.195e-05,1.198e-05,1.133e-05
pichunter,0.0,0.0,0.0,0.0,0.0,0.0,0.0,0.0,0.0
captured,1.948e-05,1.888e-05,1.73e-05,1.713e-05,1.739e-05,1.746e-05,1.73e-05,1.818e-05,1.918e-05
watt,1.327e-05,1.343e-05,1.344e-05,1.346e-05,1.33e-05,1.253e-05,1.236e-05,1.177e-05,1.335e-05
thehun,0.0,0.0,0.0,0.0,0.0,0.0,0.0,0.0,0.0
decent,1.71e-06,1.47e-06,1.63e-06,1.43e-06,1.43e-06,6.2e-07,6.2e-07,6.2e-07,1.59e-06
casting,4.07e-06,3.99e-06,3.87e-06,3.87e-06,4.3e-06,4.52e-06,4.53e-06,4.13e-06,4.03e-06
dayton,2.57e-06,2.73e-06,2.65e-06,2.86e-06,2.25e-06,2.26e-06,2.06e-06,2.07e-06,2.65e-06
translated,7.298e-05,7.511e-05,7.268e-05,7.077e-05,7.203e-05,7.212e-05,7.167e-05,7.168e-05,7.405e-05
shortly,2.418e-05,2.434e-05,2.463e-05,2.508e-05,2.64e-05,2.507e-05,2.533e-05,2.52e-05,2.426e-05
cameron,1.006e-05,1.07e-05,1.221e-05,1.203e-05,1.207e-05,1.212e-05,1.153e-05,1.095e-05,1.038e-05
columnists,2.1e-07,0.0,0.0,0.0,0.0,0.0,0.0,0.0,1.1e-07
pins,1.22e-05,1.133e-05,1.16e-05,1.326e-05,1.351e-05,1.356e-05,1.256e-05,9.5e-06,1.177e-05
carlos,1.199e-05,1.259e-05,1.201e-05,1.203e-05,1.064e-05,1.068e-05,1.112e-05,1.115e-05,1.229e-05
reno,4.28e-06,4.2e-06,3.87e-06,4.69e-06,4.71e-06,4.93e-06,1.85e-06,1.86e-06,4.24e-06
donna,1.71e-06,2.1e-06,2.24e-06,2.24e-06,2.25e-06,2.26e-06,2.27e-06,2.27e-06,1.9e-06
andreas,1.37e-05,1.532e-05,1.486e-05,1.448e-05,1.473e-05,1.418e-05,1.401e-05,1.405e-05,1.451e-05
warrior,4.28e-06,3.36e-06,4.28e-06,3.87e-06,5.32e-06,5.55e-06,4.53e-06,4.96e-06,3.82e-06
diploma,1.498e-05,1.448e-05,1.405e-05,1.285e-05,1.187e-05,1.151e-05,1.195e-05,1.219e-05,1.473e-05
cabin,1.93e-06,1.68e-06,1.43e-06,1.84e-06,1.84e-06,1.64e-06,1.65e-06,1.45e-06,1.81e-06
innocent,1.07e-06,1.05e-06,8.1e-07,8.2e-07,1.23e-06,1.64e-06,1.65e-06,1.03e-06,1.06e-06
bdsm,2.1e-07,2.1e-07,2e-07,2e-07,2e-07,2.1e-07,2.1e-07,2.1e-07,2.1e-07
scanning,1.477e-05,1.364e-05,1.303e-05,1.326e-05,1.33e-05,1.356e-05,1.339e-05,1.343e-05,1.421e-05
ide,3e-06,2.94e-06,2.65e-06,2.86e-06,2.46e-06,2.47e-06,2.27e-06,2.07e-06,2.97e-06
consensus,2.033e-05,2.077e-05,2.199e-05,2.304e-05,2.476e-05,2.609e-05,2.513e-05,2.438e-05,2.055e-05
polo,1.5e-06,1.47e-06,1.43e-06,1.43e-06,1.43e-06,1.44e-06,1.44e-06,1.45e-06,1.48e-06
valium,2.1e-07,2.1e-07,2e-07,2e-07,2e-07,2.1e-07,2.1e-07,2.1e-07,2.1e-07
copying,7.7e-06,7.97e-06,7.33e-06,7.75e-06,7.57e-06,7.19e-06,7e-06,6.61e-06,7.84e-06
rpg,6.4e-07,1.05e-06,1.02e-06,1.02e-06,1.02e-06,1.03e-06,1.03e-06,1.03e-06,8.4e-07
delivering,6.63e-06,6.5e-06,6.51e-06,6.73e-06,8.39e-06,8.63e-06,7.83e-06,7.85e-06,6.56e-06
cordless,4.3e-07,4.2e-07,4.1e-07,4.1e-07,4.1e-07,4.1e-07,4.1e-07,4.1e-07,4.3e-07
patricia,3.85e-06,5.25e-06,6.72e-06,7.34e-06,7.57e-06,7.4e-06,7.62e-06,7.02e-06,4.55e-06
horn,2.162e-05,2.203e-05,1.954e-05,1.999e-05,2.087e-05,2.096e-05,1.936e-05,2.024e-05,2.183e-05
eddie,4.07e-06,3.99e-06,5.09e-06,5.1e-06,4.3e-06,4.11e-06,4.12e-06,4.34e-06,4.03e-06
uganda,4.28e-06,4.2e-06,4.07e-06,4.28e-06,4.09e-06,3.9e-06,3.71e-06,3.31e-06,4.24e-06
fired,5.99e-06,5.04e-06,4.89e-06,4.69e-06,4.09e-06,4.52e-06,4.33e-06,4.75e-06,5.52e-06
journalism,6.85e-06,7.55e-06,7.33e-06,6.93e-06,7.57e-06,7.4e-06,7e-06,7.64e-06,7.2e-06
pd,4.92e-06,4.62e-06,5.09e-06,4.89e-06,5.32e-06,5.14e-06,5.15e-06,4.34e-06,4.77e-06
prot,0.0,0.0,0.0,0.0,0.0,0.0,0.0,0.0,0.0
trivia,1.07e-06,1.05e-06,8.1e-07,8.2e-07,1.02e-06,1.03e-06,1.03e-06,1.03e-06,1.06e-06
adidas,0.0,2.1e-07,2e-07,2e-07,2e-07,2.1e-07,0.0,0.0,1.1e-07
perth,1.5e-06,1.89e-06,2.24e-06,2.24e-06,2.46e-06,2.47e-06,2.47e-06,2.48e-06,1.69e-06
frog,5.78e-06,5.67e-06,5.5e-06,5.91e-06,5.93e-06,5.96e-06,5.77e-06,6.4e-06,5.73e-06
grammar,8.24e-05,8.267e-05,8.163e-05,8.076e-05,8.185e-05,8.26e-05,8.053e-05,8.201e-05,8.254e-05
intention,9.2e-06,9.44e-06,9.36e-06,9.18e-06,9.82e-06,9.66e-06,9.68e-06,1.012e-05,9.32e-06
syria,4.49e-06,4.41e-06,4.89e-06,4.69e-06,4.91e-06,5.14e-06,5.56e-06,4.75e-06,4.45e-06
disagree,5.14e-06,4.62e-06,4.48e-06,5.1e-06,5.32e-06,5.14e-06,5.35e-06,5.37e-06,4.88e-06
klein,4.195e-05,4.49e-05,4.479e-05,4.568e-05,4.256e-05,4.253e-05,4.14e-05,4.193e-05,4.342e-05
harvey,1.348e-05,1.49e-05,1.506e-05,1.591e-05,1.617e-05,1.746e-05,1.751e-05,1.859e-05,1.419e-05
tires,2.14e-06,2.1e-06,2.04e-06,2.04e-06,2.05e-06,2.05e-06,2.27e-06,2.07e-06,2.12e-06
logs,3.42e-06,3.36e-06,3.46e-06,3.47e-06,3.07e-06,2.88e-06,2.68e-06,2.89e-06,3.39e-06
undertaken,7.92e-06,7.55e-06,7.53e-06,7.55e-06,7.98e-06,7.6e-06,7.41e-06,7.23e-06,7.73e-06
tgp,0.0,0.0,0.0,0.0,0.0,0.0,0.0,0.0,0.0
hazard,1.177e-05,1.196e-05,1.283e-05,1.183e-05,1.248e-05,1.294e-05,1.318e-05,1.281e-05,1.187e-05
retro,1.07e-06,1.26e-06,1.02e-06,1.02e-06,1.02e-06,1.03e-06,1.03e-06,1.03e-06,1.16e-06
leo,2.504e-05,2.413e-05,2.341e-05,2.325e-05,2.271e-05,2.281e-05,2.348e-05,2.355e-05,2.459e-05
livesex,0.0,0.0,0.0,0.0,0.0,0.0,0.0,0.0,0.0
statewide,1.28e-06,1.47e-06,1.63e-06,1.63e-06,1.43e-06,1.64e-06,1.65e-06,1.45e-06,1.37e-06
semiconductor,1.391e-05,1.385e-05,1.629e-05,1.631e-05,1.617e-05,1.623e-05,1.668e-05,1.632e-05,1.388e-05
gregory,2.397e-05,2.329e-05,2.3e-05,2.162e-05,2.108e-05,2.096e-05,2.183e-05,2.231e-05,2.363e-05
episodes,1.306e-05,1.259e-05,1.221e-05,1.162e-05,1.146e-05,1.171e-05,1.215e-05,1.219e-05,1.283e-05
boolean,0.00012092,0.00012148,0.00012214,0.00012399,0.00012831,0.00012945,0.00013037,0.00012931,0.0001212
circular,6.806e-05,6.819e-05,7.044e-05,7.321e-05,7.367e-05,7.479e-05,7.724e-05,7.912e-05,6.812e-05
anger,1.93e-06,2.1e-06,2.44e-06,2.65e-06,2.66e-06,2.67e-06,2.88e-06,2.69e-06,2.02e-06
diy,0.0,4.2e-07,2e-07,4.1e-07,2e-07,0.0,0.0,0.0,2.1e-07
mainland,3.85e-06,3.57e-06,4.07e-06,4.08e-06,4.91e-06,4.52e-06,4.33e-06,4.13e-06,3.71e-06
illustrations,8.78e-06,9.86e-06,9.57e-06,8.97e-06,9.82e-06,9.66e-06,9.89e-06,9.92e-06,9.32e-06
suits,6.63e-06,6.5e-06,6.31e-06,6.32e-06,6.34e-06,6.78e-06,6.59e-06,6.2e-06,6.56e-06
chances,5.35e-06,4.83e-06,4.68e-06,4.49e-06,4.09e-06,4.31e-06,4.33e-06,4.34e-06,5.09e-06
interact,2.568e-05,2.518e-05,2.463e-05,2.508e-05,2.599e-05,2.568e-05,2.575e-05,2.603e-05,2.543e-05
snap,2.57e-06,2.73e-06,3.26e-06,3.47e-06,3.07e-06,3.29e-06,3.3e-06,3.1e-06,2.65e-06
happiness,6.21e-06,6.08e-06,6.51e-06,6.32e-06,6.96e-06,6.78e-06,7.41e-06,7.23e-06,6.14e-06
arg,1.93e-06,2.1e-06,1.83e-06,1.84e-06,1.84e-06,1.85e-06,1.44e-06,8.3e-07,2.02e-06
substantially,1.798e-05,1.846e-05,1.853e-05,1.693e-05,1.76e-05,1.849e-05,1.874e-05,1.859e-05,1.822e-05
bizarre,1.93e-06,1.89e-06,1.83e-06,2.04e-06,2.05e-06,2.05e-06,2.06e-06,2.48e-06,1.91e-06
glenn,4.92e-06,4.62e-06,4.89e-06,5.51e-06,5.73e-06,5.34e-06,4.94e-06,4.75e-06,4.77e-06
ur,1.93e-06,2.31e-06,1.83e-06,1.84e-06,1.84e-06,1.85e-06,2.06e-06,2.07e-06,2.12e-06
auckland,4.92e-06,6.29e-06,6.51e-06,5.91e-06,5.53e-06,5.55e-06,5.77e-06,5.78e-06,5.6e-06
olympics,1.134e-05,1.238e-05,1.262e-05,1.224e-05,1.31e-05,1.294e-05,1.277e-05,1.177e-05,1.186e-05
fruits,3.21e-06,2.94e-06,2.85e-06,3.06e-06,2.86e-06,2.88e-06,2.88e-06,3.1e-06,3.08e-06
identifier,1.819e-05,1.783e-05,1.853e-05,1.917e-05,1.862e-05,1.87e-05,1.812e-05,1.818e-05,1.801e-05
geo,7.49e-06,7.13e-06,6.51e-06,6.12e-06,5.73e-06,4.52e-06,4.53e-06,4.54e-06,7.31e-06
worldsex,0.0,0.0,0.0,0.0,0.0,0.0,0.0,0.0,0.0
ribbon,1.263e-05,1.238e-05,1.262e-05,1.203e-05,1.228e-05,1.11e-05,1.133e-05,1.157e-05,1.25e-05
calculations,8.946e-05,8.98e-05,8.693e-05,8.892e-05,8.943e-05,9.123e-05,9.083e-05,8.986e-05,8.963e-05
doe,4.28e-06,4.2e-06,4.07e-06,4.28e-06,4.71e-06,4.93e-06,4.53e-06,4.34e-06,4.24e-06
jpeg,5.56e-06,5.46e-06,7.13e-06,7.34e-06,7.37e-06,7.6e-06,8.44e-06,8.88e-06,5.51e-06
conducting,1.413e-05,1.427e-05,1.486e-05,1.489e-05,1.494e-05,1.603e-05,1.565e-05,1.653e-05,1.42e-05
startup,7.06e-06,7.55e-06,7.74e-06,8.16e-06,8.19e-06,7.4e-06,8.03e-06,8.06e-06,7.31e-06
suzuki,2.14e-06,2.73e-06,2.65e-06,2.86e-06,2.86e-06,3.29e-06,3.5e-06,3.51e-06,2.43e-06
trinidad,1.5e-06,1.68e-06,1.63e-06,2.04e-06,1.84e-06,1.85e-06,1.85e-06,1.65e-06,1.59e-06
ati,1.71e-06,1.68e-06,1.63e-06,1.63e-06,1.64e-06,1.64e-06,1.24e-06,1.24e-06,1.69e-06
kissing,2.78e-06,2.52e-06,3.05e-06,3.26e-06,3.27e-06,3.49e-06,3.5e-06,3.51e-06,2.65e-06
wal,1.71e-06,1.68e-06,1.43e-06,1.63e-06,1.64e-06,1.64e-06,1.65e-06,1.65e-06,1.69e-06
handy,1.07e-06,8.4e-07,1.02e-06,8.2e-07,8.2e-07,8.2e-07,8.2e-07,8.3e-07,9.5e-07
swap,8.99e-06,8.81e-06,9.98e-06,1.02e-05,1.023e-05,1.007e-05,1.03e-05,1.053e-05,8.9e-06
exempt,2.35e-06,1.68e-06,2.24e-06,2.24e-06,2.25e-06,2.05e-06,2.06e-06,2.07e-06,2.02e-06
crops,3.42e-06,3.36e-06,4.07e-06,3.87e-06,3.68e-06,3.49e-06,3.71e-06,3.72e-06,3.39e-06
reduces,4.516e-05,4.448e-05,4.458e-05,4.425e-05,4.502e-05,4.561e-05,4.552e-05,4.503e-05,4.482e-05
accomplished,2.183e-05,2.203e-05,2.138e-05,2.141e-05,2.108e-05,2.116e-05,2.101e-05,2.066e-05,2.193e-05
calculators,1.969e-05,1.804e-05,1.954e-05,2.039e-05,2.067e-05,2.116e-05,2.204e-05,2.21e-05,1.886e-05
geometry,0.00109046,0.00111664,0.00112067,0.00112634,0.00113676,0.00115186,0.0011542,0.00115637,0.00110355
impression,4.28e-06,4.2e-06,4.28e-06,3.47e-06,3.27e-06,3.49e-06,3.5e-06,3.72e-06,4.24e-06
abs,1.199e-05,1.133e-05,1.038e-05,6.32e-06,5.93e-06,5.75e-06,6.18e-06,6.2e-06,1.166e-05
slovakia,6.42e-06,6.71e-06,6.72e-06,6.53e-06,6.34e-06,5.96e-06,5.77e-06,5.37e-06,6.57e-06
flip,9.85e-06,1.007e-05,1.059e-05,1.081e-05,1.085e-05,1.089e-05,1.05e-05,1.053e-05,9.96e-06
guild,3.85e-06,4.2e-06,4.07e-06,4.08e-06,4.09e-06,4.11e-06,4.33e-06,4.34e-06,4.02e-06
correlation,8.561e-05,8.204e-05,8.57e-05,8.382e-05,8.492e-05,8.815e-05,8.671e-05,8.717e-05,8.382e-05
gorgeous,2.1e-07,2.1e-07,2e-07,2e-07,2e-07,0.0,0.0,0.0,2.1e-07
capitol,1.71e-06,1.68e-06,1.83e-06,2.04e-06,1.64e-06,1.64e-06,1.44e-06,1.24e-06,1.69e-06
sim,5.14e-06,6.08e-06,7.94e-06,8.16e-06,7.57e-06,8.42e-06,8.86e-06,9.09e-06,5.61e-06
dishes,6.4e-07,6.3e-07,6.1e-07,2e-07,2e-07,2.1e-07,2.1e-07,2.1e-07,6.4e-07
rna,2.097e-05,2.161e-05,2.076e-05,1.958e-05,2.026e-05,1.931e-05,1.957e-05,1.921e-05,2.129e-05
barbados,4.49e-06,4.62e-06,4.89e-06,3.87e-06,4.09e-06,5.14e-06,5.35e-06,5.16e-06,4.55e-06
chrysler,2.1e-07,2.1e-07,4.1e-07,4.1e-07,4.1e-07,4.1e-07,4.1e-07,4.1e-07,2.1e-07
nervous,6.21e-06,6.08e-06,6.31e-06,6.12e-06,6.14e-06,6.16e-06,5.56e-06,5.58e-06,6.14e-06
refuse,2.57e-06,2.73e-06,2.24e-06,2.04e-06,2.05e-06,1.85e-06,1.85e-06,1.65e-06,2.65e-06
extends,0.00011857,0.00011729,0.0001142,0.00011502,0.00011664,0.00011856,0.00011863,0.00012064,0.00011793
fragrance,0.0,4.2e-07,2e-07,2e-07,2e-07,2.1e-07,2.1e-07,2.1e-07,2.1e-07
mcdonald,5.56e-06,5.67e-06,5.5e-06,5.3e-06,5.53e-06,5.34e-06,4.94e-06,5.16e-06,5.61e-06
replica,6.85e-06,6.71e-06,6.72e-06,6.53e-06,6.55e-06,7.19e-06,6.8e-06,7.02e-06,6.78e-06
plumbing,2.57e-06,2.31e-06,2.44e-06,2.45e-06,2.66e-06,2.47e-06,2.47e-06,2.48e-06,2.44e-06
brussels,1.263e-05,1.301e-05,1.283e-05,1.264e-05,1.269e-05,1.253e-05,1.256e-05,1.239e-05,1.282e-05
tribe,5.14e-06,5.87e-06,5.09e-06,5.1e-06,4.09e-06,4.93e-06,4.53e-06,4.75e-06,5.5e-06
neighbors,2.761e-05,2.749e-05,2.85e-05,2.814e-05,2.722e-05,2.692e-05,2.575e-05,2.541e-05,2.755e-05
trades,4.28e-06,4.62e-06,4.68e-06,5.3e-06,5.32e-06,5.14e-06,5.15e-06,5.16e-06,4.45e-06
superb,4.3e-07,2.1e-07,2e-07,4.1e-07,2e-07,4.1e-07,2.1e-07,2.1e-07,3.2e-07
buzz,3e-06,2.52e-06,2.44e-06,2.45e-06,2.46e-06,2.67e-06,2.68e-06,2.69e-06,2.76e-06
transparent,2.012e-05,1.993e-05,1.975e-05,1.937e-05,2.005e-05,2.014e-05,1.915e-05,1.859e-05,2.002e-05
nuke,4.3e-07,4.2e-07,4.1e-07,4.1e-07,4.1e-07,4.1e-07,4.1e-07,4.1e-07,4.3e-07
rid,1.71e-06,1.68e-06,1.63e-06,1.84e-06,1.43e-06,8.2e-07,6.2e-07,6.2e-07,1.69e-06
trinity,3.168e-05,3.168e-05,3.725e-05,3.671e-05,3.581e-05,3.472e-05,3.316e-05,3.326e-05,3.168e-05
charleston,2.35e-06,2.31e-06,2.24e-06,2.45e-06,1.84e-06,1.85e-06,1.65e-06,1.65e-06,2.33e-06
handled,1.541e-05,1.469e-05,1.445e-05,1.387e-05,1.392e-05,1.356e-05,1.421e-05,1.487e-05,1.505e-05
legends,5.56e-06,6.29e-06,6.11e-06,5.1e-06,5.53e-06,5.55e-06,5.15e-06,5.16e-06,5.93e-06
boom,3.21e-06,3.57e-06,3.26e-06,3.26e-06,3.07e-06,3.29e-06,3.71e-06,3.92e-06,3.39e-06
calm,4.3e-07,4.2e-07,1.02e-06,1.02e-06,1.02e-06,1.03e-06,1.03e-06,8.3e-07,4.3e-07
champions,2.57e-06,2.52e-06,2.24e-06,1.84e-06,2.05e-06,2.05e-06,2.06e-06,2.07e-06,2.55e-06
floors,2.78e-06,2.73e-06,2.85e-06,2.65e-06,2.66e-06,2.67e-06,2.68e-06,2.69e-06,2.75e-06
selections,4.07e-06,3.99e-06,4.07e-06,3.87e-06,3.89e-06,3.7e-06,3.5e-06,3.1e-06,4.03e-06
projectors,2.14e-06,2.1e-06,2.44e-06,2.45e-06,2.46e-06,2.26e-06,2.06e-06,2.07e-06,2.12e-06
inappropriate,4.28e-06,4.2e-06,4.07e-06,4.08e-06,4.5e-06,3.7e-06,3.91e-06,4.13e-06,4.24e-06
exhaust,3.42e-06,3.36e-06,3.46e-06,3.47e-06,3.68e-06,3.7e-06,3.71e-06,2.69e-06,3.39e-06
comparing,3.703e-05,3.798e-05,3.746e-05,3.691e-05,3.704e-05,3.781e-05,3.872e-05,4.007e-05,3.751e-05
shanghai,1.434e-05,1.238e-05,1.242e-05,1.264e-05,1.289e-05,1.253e-05,1.359e-05,1.219e-05,1.336e-05
speaks,7.92e-06,8.39e-06,8.35e-06,8.16e-06,7.98e-06,7.6e-06,7.41e-06,7.85e-06,8.15e-06
burton,5.56e-06,6.29e-06,6.31e-06,6.32e-06,5.93e-06,5.14e-06,4.94e-06,4.96e-06,5.93e-06
vocational,1.07e-06,1.47e-06,1.43e-06,1.22e-06,1.23e-06,1.23e-06,1.24e-06,1.24e-06,1.27e-06
davidson,1.092e-05,1.091e-05,1.099e-05,1.101e-05,1.085e-05,1.089e-05,1.133e-05,1.136e-05,1.091e-05
copied,1.027e-05,9.86e-06,9.57e-06,9.79e-06,1.003e-05,9.66e-06,1.03e-05,1.012e-05,1.006e-05
scotia,3.85e-06,4.2e-06,3.87e-06,3.67e-06,3.48e-06,3.49e-06,3.5e-06,4.13e-06,4.02e-06
farming,2.35e-06,2.94e-06,2.65e-06,2.04e-06,1.84e-06,2.67e-06,2.47e-06,2.07e-06,2.65e-06
gibson,4.71e-06,5.67e-06,4.68e-06,4.69e-06,4.91e-06,4.93e-06,5.56e-06,5.16e-06,5.19e-06
pharmacies,6.4e-07,8.4e-07,1.02e-06,8.2e-07,8.2e-07,1.03e-06,1.03e-06,1.03e-06,7.4e-07
fork,1.049e-05,1.007e-05,8.96e-06,9.18e-06,1.003e-05,1.007e-05,1.05e-05,1.136e-05,1.028e-05
troy,2.14e-06,2.1e-06,2.44e-06,2.45e-06,2.25e-06,2.26e-06,2.27e-06,2.48e-06,2.12e-06
ln,1.049e-05,8.39e-06,7.53e-06,6.93e-06,6.34e-06,5.34e-06,5.35e-06,4.54e-06,9.44e-06
roller,3.42e-06,3.15e-06,3.05e-06,3.06e-06,2.86e-06,2.88e-06,2.88e-06,2.48e-06,3.28e-06
introducing,3.553e-05,3.441e-05,3.644e-05,3.854e-05,3.888e-05,4.048e-05,4.078e-05,4.193e-05,3.497e-05
batch,8.13e-06,7.13e-06,7.13e-06,6.93e-06,7.98e-06,8.22e-06,7.62e-06,7.44e-06,7.63e-06
organize,9.2e-06,9.23e-06,8.55e-06,8.16e-06,8.19e-06,8.63e-06,8.65e-06,8.68e-06,9.21e-06
appreciated,6.21e-06,5.67e-06,5.5e-06,5.51e-06,5.73e-06,5.75e-06,6.59e-06,6.61e-06,5.94e-06
alter,1.092e-05,1.091e-05,1.018e-05,1.04e-05,1.064e-05,1.027e-05,1.009e-05,1.115e-05,1.091e-05
nicole,2.78e-06,2.73e-06,3.26e-06,3.26e-06,3.68e-06,3.9e-06,3.91e-06,3.92e-06,2.75e-06
latino,1.28e-06,1.68e-06,1.43e-06,1.22e-06,1.64e-06,1.64e-06,1.44e-06,1.45e-06,1.48e-06
ghana,5.78e-06,4.62e-06,5.09e-06,5.3e-06,5.32e-06,5.14e-06,4.94e-06,4.75e-06,5.2e-06
edges,0.00016608,0.00016638,0.00017263,0.00018313,0.00018499,0.00018759,0.0001899,0.00019521,0.00016623
uc,2.44e-05,2.518e-05,2.382e-05,2.345e-05,2.087e-05,2.055e-05,2.142e-05,2.107e-05,2.479e-05
mixing,3.767e-05,3.84e-05,3.705e-05,3.793e-05,3.909e-05,3.945e-05,3.913e-05,3.904e-05,3.803e-05
handles,1.199e-05,1.196e-05,1.12e-05,1.122e-05,1.166e-05,1.13e-05,1.009e-05,9.5e-06,1.197e-05
skilled,6.85e-06,6.92e-06,7.13e-06,7.14e-06,6.96e-06,7.4e-06,7.21e-06,7.02e-06,6.88e-06
fitted,1.07e-05,1.049e-05,1.059e-05,1.06e-05,1.044e-05,1.048e-05,1.05e-05,1.074e-05,1.059e-05
albuquerque,2.78e-06,2.52e-06,2.65e-06,2.65e-06,2.46e-06,2.47e-06,2.47e-06,2.89e-06,2.65e-06
harmony,1.284e-05,1.175e-05,1.201e-05,1.162e-05,1.146e-05,1.11e-05,1.112e-05,1.136e-05,1.23e-05
distinguished,0.00016095,0.00016156,0.00016286,0.00016376,0.00016678,0.00016643,0.00016786,0.00017021,0.00016126
asthma,6.4e-07,1.26e-06,1.43e-06,1.43e-06,1.43e-06,1.23e-06,1.24e-06,1.65e-06,9.5e-07
projected,1.648e-05,1.637e-05,1.629e-05,1.611e-05,1.76e-05,1.746e-05,1.648e-05,1.673e-05,1.642e-05
assumptions,5.351e-05,5.497e-05,5.395e-05,5.567e-05,5.73e-05,5.856e-05,5.911e-05,5.949e-05,5.424e-05
shareholders,5.14e-06,5.25e-06,5.29e-06,5.1e-06,4.71e-06,4.52e-06,4.53e-06,4.96e-06,5.2e-06
twins,5.14e-06,5.25e-06,4.68e-06,4.28e-06,4.3e-06,4.31e-06,4.33e-06,4.75e-06,5.2e-06
developmental,1.199e-05,1.196e-05,1.16e-05,1.162e-05,1.105e-05,1.11e-05,1.153e-05,1.177e-05,1.197e-05
rip,2.78e-06,2.94e-06,2.85e-06,2.86e-06,2.86e-06,2.67e-06,2.68e-06,2.69e-06,2.86e-06
zope,0.0,0.0,0.0,0.0,0.0,0.0,0.0,0.0,0.0
regulated,8.13e-06,7.76e-06,7.53e-06,8.77e-06,1.003e-05,1.089e-05,1.071e-05,1.012e-05,7.94e-06
triangle,0.00020418,0.00019954,0.00020276,0.00020434,0.00020607,0.00020239,0.00020102,0.00020016,0.00020186
amend,2.1e-07,2.1e-07,2e-07,2e-07,2e-07,2.1e-07,4.1e-07,4.1e-07,2.1e-07
anticipated,1.006e-05,1.028e-05,1.059e-05,1.04e-05,9.41e-06,9.45e-06,9.27e-06,8.88e-06,1.017e-05
oriental,5.14e-06,4.83e-06,4.28e-06,4.69e-06,4.5e-06,4.31e-06,3.71e-06,3.72e-06,4.99e-06
reward,1.113e-05,1.154e-05,1.14e-05,1.122e-05,1.248e-05,1.294e-05,1.359e-05,1.425e-05,1.133e-05
windsor,3.85e-06,3.99e-06,3.87e-06,3.87e-06,4.71e-06,4.93e-06,5.15e-06,5.16e-06,3.92e-06
zambia,2.35e-06,2.1e-06,2.04e-06,2.04e-06,2.05e-06,2.05e-06,2.06e-06,2.07e-06,2.22e-06
completing,2.547e-05,2.56e-05,2.484e-05,2.366e-05,2.292e-05,2.301e-05,2.369e-05,2.314e-05,2.553e-05
gmbh,4.49e-06,3.99e-06,4.48e-06,4.89e-06,5.53e-06,5.34e-06,5.97e-06,5.99e-06,4.24e-06
buf,6.4e-07,6.3e-07,6.1e-07,2e-07,2e-07,2.1e-07,2.1e-07,2.1e-07,6.4e-07
ld,1.5e-06,1.68e-06,2.24e-06,1.84e-06,1.84e-06,1.85e-06,1.65e-06,1.24e-06,1.59e-06
hydrogen,2.868e-05,2.812e-05,2.952e-05,2.937e-05,2.988e-05,2.979e-05,3.089e-05,3.181e-05,2.84e-05
webshots,0.0,0.0,0.0,0.0,0.0,0.0,0.0,0.0,0.0
sprint,2.14e-06,2.31e-06,2.44e-06,3.06e-06,3.07e-06,2.88e-06,2.06e-06,3.31e-06,2.22e-06
comparable,3.189e-05,3.105e-05,3.176e-05,3.161e-05,3.09e-05,2.979e-05,3.048e-05,3.037e-05,3.147e-05
chick,8.6e-07,8.4e-07,8.1e-07,6.1e-07,8.2e-07,8.2e-07,8.2e-07,8.3e-07,8.5e-07
advocate,1.263e-05,1.385e-05,1.466e-05,1.407e-05,1.371e-05,1.418e-05,1.545e-05,1.487e-05,1.324e-05
sims,9.63e-06,9.86e-06,7.74e-06,8.16e-06,7.78e-06,8.22e-06,8.44e-06,8.47e-06,9.74e-06
confusion,3.018e-05,3.042e-05,2.993e-05,2.896e-05,3.029e-05,2.979e-05,3.069e-05,3.057e-05,3.03e-05
copyrighted,3.85e-06,3.57e-06,3.26e-06,2.65e-06,2.46e-06,2.26e-06,2.27e-06,2.27e-06,3.71e-06
tray,1.28e-06,1.26e-06,1.22e-06,1.43e-06,1.43e-06,1.44e-06,1.44e-06,1.45e-06,1.27e-06
inputs,6.185e-05,6.336e-05,6.453e-05,6.526e-05,6.61e-05,6.616e-05,6.55e-05,6.548e-05,6.261e-05
warranties,4.3e-07,4.2e-07,4.1e-07,2e-07,2e-07,2.1e-07,2.1e-07,2.1e-07,4.3e-07
genome,5.607e-05,5.917e-05,6.087e-05,5.996e-05,6.078e-05,5.959e-05,5.829e-05,5.929e-05,5.762e-05
escorts,2.1e-07,2.1e-07,2e-07,4.1e-07,2e-07,2.1e-07,2.1e-07,2.1e-07,2.1e-07
documented,1.391e-05,1.322e-05,1.405e-05,1.428e-05,1.412e-05,1.356e-05,1.359e-05,1.363e-05,1.356e-05
thong,0.0,0.0,0.0,0.0,0.0,0.0,0.0,0.0,0.0
medal,0.00013783,0.00013911,0.00013985,0.0001401,0.00014079,0.00013992,0.00013841,0.00013572,0.00013847
paperbacks,2.1e-07,2.1e-07,2e-07,0.0,0.0,0.0,0.0,0.0,2.1e-07
coaches,2.14e-06,2.31e-06,2.24e-06,2.45e-06,2.46e-06,2.47e-06,2.47e-06,2.27e-06,2.22e-06
vessels,1.241e-05,1.238e-05,1.364e-05,1.346e-05,1.351e-05,1.315e-05,1.38e-05,1.405e-05,1.239e-05
harbour,1.71e-06,2.1e-06,2.04e-06,1.84e-06,1.84e-06,2.05e-06,2.06e-06,2.07e-06,1.9e-06
walks,1.862e-05,1.762e-05,1.588e-05,1.509e-05,1.453e-05,1.459e-05,1.462e-05,1.508e-05,1.812e-05
sucks,2.1e-07,2.1e-07,2e-07,0.0,0.0,0.0,0.0,0.0,2.1e-07
sol,8.78e-06,8.81e-06,9.36e-06,9.79e-06,1.003e-05,9.86e-06,1.009e-05,1.033e-05,8.79e-06
keyboards,5.56e-06,5.04e-06,5.29e-06,5.91e-06,5.73e-06,5.96e-06,5.97e-06,4.96e-06,5.3e-06
sage,8.99e-06,9.02e-06,8.35e-06,8.77e-06,8.39e-06,8.63e-06,8.44e-06,8.47e-06,9e-06
knives,2.14e-06,2.1e-06,2.04e-06,2.04e-06,2.05e-06,2.05e-06,2.06e-06,2.07e-06,2.12e-06
eco,3.64e-06,3.78e-06,3.46e-06,3.06e-06,3.48e-06,3.49e-06,3.09e-06,2.89e-06,3.71e-06
vulnerable,1.07e-05,1.091e-05,1.201e-05,1.203e-05,1.289e-05,1.274e-05,1.298e-05,1.301e-05,1.08e-05
arrange,8.35e-06,8.39e-06,7.74e-06,8.16e-06,8.19e-06,7.6e-06,7.41e-06,7.23e-06,8.37e-06
artistic,1.477e-05,1.511e-05,1.425e-05,1.53e-05,1.514e-05,1.582e-05,1.709e-05,1.797e-05,1.494e-05
bat,4.71e-06,3.57e-06,3.26e-06,3.67e-06,3.48e-06,3.29e-06,3.3e-06,3.51e-06,4.14e-06
honors,1.712e-05,1.804e-05,1.771e-05,1.774e-05,1.739e-05,1.726e-05,1.606e-05,1.57e-05,1.758e-05
booth,4.71e-06,4.62e-06,3.87e-06,3.87e-06,3.48e-06,3.08e-06,3.09e-06,3.1e-06,4.67e-06
indie,1.07e-06,1.68e-06,1.63e-06,1.63e-06,1.23e-06,1.23e-06,1.24e-06,1.24e-06,1.37e-06
reflected,3.467e-05,3.567e-05,3.4e-05,3.508e-05,3.581e-05,3.678e-05,3.707e-05,3.718e-05,3.517e-05
unified,4.323e-05,4.322e-05,4.316e-05,4.323e-05,4.318e-05,4.315e-05,4.305e-05,4.441e-05,4.323e-05
bones,5.78e-06,6.08e-06,6.31e-06,5.91e-06,5.93e-06,5.96e-06,6.18e-06,6.2e-06,5.93e-06
breed,4.92e-06,4.41e-06,4.07e-06,4.69e-06,5.32e-06,5.34e-06,5.97e-06,5.78e-06,4.67e-06
detector,1.049e-05,1.133e-05,1.242e-05,1.203e-05,1.166e-05,1.151e-05,1.133e-05,1.157e-05,1.091e-05
ignored,1.669e-05,1.658e-05,1.588e-05,1.53e-05,1.555e-05,1.541e-05,1.606e-05,1.591e-05,1.663e-05
polar,4.923e-05,4.574e-05,4.723e-05,4.976e-05,4.932e-05,4.952e-05,4.984e-05,5.02e-05,4.748e-05
fallen,5.14e-06,4.62e-06,5.09e-06,5.51e-06,5.32e-06,6.37e-06,6.59e-06,6.4e-06,4.88e-06
precise,7.769e-05,7.574e-05,7.308e-05,7.464e-05,7.265e-05,7.13e-05,7.229e-05,7.416e-05,7.671e-05
sussex,1.177e-05,1.217e-05,8.75e-06,8.57e-06,8.59e-06,8.84e-06,8.24e-06,8.26e-06,1.197e-05
respiratory,4.28e-06,3.99e-06,4.28e-06,4.28e-06,4.09e-06,4.11e-06,3.5e-06,3.51e-06,4.14e-06
notifications,2.1e-07,2.1e-07,2e-07,2e-07,4.1e-07,4.1e-07,4.1e-07,4.1e-07,2.1e-07
msgid,0.0,0.0,0.0,0.0,0.0,0.0,0.0,0.0,0.0
transexual,0.0,0.0,0.0,0.0,0.0,0.0,0.0,0.0,0.0
mainstream,1.306e-05,1.28e-05,1.283e-05,1.366e-05,1.392e-05,1.52e-05,1.565e-05,1.694e-05,1.293e-05
invoice,1.07e-06,1.05e-06,1.02e-06,1.02e-06,8.2e-07,8.2e-07,8.2e-07,8.3e-07,1.06e-06
evaluating,2.782e-05,2.707e-05,2.687e-05,2.794e-05,2.783e-05,2.877e-05,3.028e-05,2.975e-05,2.744e-05
lip,1.07e-06,1.26e-06,1.02e-06,1.22e-06,1.02e-06,1.03e-06,1.03e-06,1.03e-06,1.16e-06
subcommittee,3e-06,3.15e-06,2.65e-06,2.86e-06,2.25e-06,2.26e-06,2.06e-06,1.65e-06,3.08e-06
sap,4.28e-06,3.57e-06,3.46e-06,3.87e-06,3.89e-06,4.31e-06,4.74e-06,4.54e-06,3.92e-06
gather,6.21e-06,5.87e-06,6.31e-06,6.12e-06,6.14e-06,6.16e-06,5.97e-06,6.2e-06,6.04e-06
suse,2.1e-07,2.1e-07,2e-07,2e-07,2e-07,2.1e-07,2.1e-07,2.1e-07,2.1e-07
maternity,4.3e-07,4.2e-07,4.1e-07,8.2e-07,8.2e-07,6.2e-07,4.1e-07,4.1e-07,4.3e-07
backed,4.28e-06,4.41e-06,4.28e-06,4.28e-06,4.3e-06,4.11e-06,4.12e-06,4.13e-06,4.34e-06
alfred,6.635e-05,6.504e-05,6.29e-05,6.22e-05,6.221e-05,6.205e-05,6.261e-05,6.218e-05,6.57e-05
colonial,9.85e-06,9.44e-06,9.77e-06,8.16e-06,8.59e-06,9.04e-06,9.47e-06,1.074e-05,9.64e-06
mf,2.14e-06,2.31e-06,2.24e-06,2.04e-06,1.84e-06,1.85e-06,1.24e-06,1.24e-06,2.22e-06
carey,3e-06,2.94e-06,2.24e-06,2.24e-06,2.25e-06,2.26e-06,2.27e-06,2.07e-06,2.97e-06
motels,4.3e-07,4.2e-07,4.1e-07,4.1e-07,4.1e-07,4.1e-07,4.1e-07,4.1e-07,4.3e-07
forming,4.066e-05,4.028e-05,3.97e-05,4.058e-05,4.052e-05,4.13e-05,4.181e-05,4.173e-05,4.047e-05
embassy,1.71e-06,1.68e-06,1.43e-06,1.43e-06,1.43e-06,1.44e-06,1.44e-06,1.45e-06,1.69e-06
cave,1.562e-05,1.574e-05,1.649e-05,1.733e-05,1.719e-05,1.746e-05,1.792e-05,1.818e-05,1.568e-05
journalists,3.85e-06,4.2e-06,4.28e-06,4.69e-06,4.91e-06,5.75e-06,6.18e-06,6.82e-06,4.02e-06
danny,5.56e-06,5.46e-06,5.29e-06,5.3e-06,5.32e-06,5.34e-06,6.18e-06,7.02e-06,5.51e-06
rebecca,4.07e-06,3.78e-06,4.68e-06,4.69e-06,4.3e-06,4.11e-06,4.33e-06,4.54e-06,3.92e-06
slight,1.006e-05,1.028e-05,1.038e-05,1.081e-05,1.105e-05,1.11e-05,1.133e-05,1.095e-05,1.017e-05
proceeds,1.027e-05,9.86e-06,9.77e-06,1.06e-05,1.064e-05,1.027e-05,9.89e-06,1.012e-05,1.006e-05
indirect,1.648e-05,1.532e-05,1.486e-05,1.57e-05,1.596e-05,1.582e-05,1.627e-05,1.632e-05,1.59e-05
amongst,2.162e-05,2.119e-05,1.995e-05,2.019e-05,2.046e-05,2.055e-05,2.101e-05,2.086e-05,2.14e-05
wool,9.85e-06,9.02e-06,8.14e-06,8.57e-06,7.98e-06,7.81e-06,8.03e-06,8.26e-06,9.44e-06
foundations,9.952e-05,9.84e-05,9.873e-05,9.667e-05,9.802e-05,9.945e-05,0.00010092,0.00010246,9.896e-05
msgstr,0.0,0.0,0.0,0.0,0.0,0.0,0.0,0.0,0.0
arrest,4.92e-06,4.83e-06,5.5e-06,5.1e-06,5.12e-06,5.55e-06,5.97e-06,5.58e-06,4.87e-06
volleyball,4.3e-07,4.2e-07,4.1e-07,6.1e-07,6.1e-07,6.2e-07,6.2e-07,8.3e-07,4.3e-07
mw,1.93e-06,2.31e-06,2.04e-06,2.65e-06,2.86e-06,2.67e-06,2.68e-06,3.31e-06,2.12e-06
adipex,0.0,0.0,0.0,0.0,0.0,0.0,0.0,0.0,0.0
horizon,2.526e-05,2.539e-05,2.484e-05,2.427e-05,2.435e-05,2.425e-05,2.492e-05,2.376e-05,2.532e-05
nu,2.14e-06,2.1e-06,2.04e-06,2.24e-06,2.25e-06,2.67e-06,2.88e-06,2.89e-06,2.12e-06
deeply,8.35e-06,8.39e-06,7.94e-06,8.57e-06,9.21e-06,9.04e-06,8.24e-06,8.68e-06,8.37e-06
toolbox,8.35e-06,9.02e-06,8.96e-06,9.58e-06,7.37e-06,7.4e-06,7.41e-06,7.44e-06,8.68e-06
ict,6.85e-06,6.92e-06,7.53e-06,7.14e-06,5.53e-06,5.55e-06,5.15e-06,4.96e-06,6.88e-06
marina,3e-06,3.36e-06,3.46e-06,3.67e-06,3.27e-06,3.08e-06,2.88e-06,2.89e-06,3.18e-06
liabilities,9.42e-06,9.23e-06,9.57e-06,9.99e-06,9.82e-06,9.45e-06,9.47e-06,8.88e-06,9.32e-06
prizes,3.253e-05,3.147e-05,3.074e-05,3.12e-05,2.947e-05,2.979e-05,2.925e-05,2.933e-05,3.2e-05
bosnia,3e-06,3.36e-06,2.85e-06,3.06e-06,3.07e-06,3.29e-06,3.71e-06,3.92e-06,3.18e-06
browsers,1.434e-05,1.343e-05,1.425e-05,1.407e-05,1.412e-05,1.377e-05,1.401e-05,1.405e-05,1.389e-05
decreased,8.35e-06,7.97e-06,8.14e-06,7.55e-06,7.16e-06,7.19e-06,6.59e-06,6.61e-06,8.16e-06
patio,0.0,0.0,0.0,0.0,0.0,0.0,0.0,0.0,0.0
dp,7.28e-06,7.55e-06,7.33e-06,6.73e-06,7.16e-06,7.19e-06,7.41e-06,6.82e-06,7.41e-06
tolerance,2.162e-05,2.245e-05,2.504e-05,2.488e-05,2.435e-05,2.342e-05,2.307e-05,2.252e-05,2.204e-05
surfing,8.6e-07,8.4e-07,8.1e-07,8.2e-07,6.1e-07,6.2e-07,6.2e-07,6.2e-07,8.5e-07
creativity,8.13e-06,8.81e-06,8.75e-06,9.38e-06,9.62e-06,9.45e-06,9.68e-06,9.3e-06,8.47e-06
lloyd,1.883e-05,1.825e-05,2.036e-05,2.08e-05,2.108e-05,2.096e-05,2.08e-05,2.066e-05,1.854e-05
describing,9.417e-05,9.316e-05,9.263e-05,9.32e-05,9.311e-05,9.452e-05,9.515e-05,9.771e-05,9.366e-05
optics,5.757e-05,5.77e-05,5.802e-05,5.853e-05,5.955e-05,6.144e-05,6.179e-05,6.404e-05,5.763e-05
pursue,8.78e-06,9.23e-06,8.96e-06,8.77e-06,8.19e-06,8.63e-06,8.44e-06,8.88e-06,9e-06
lightning,4.71e-06,5.87e-06,6.11e-06,5.1e-06,5.12e-06,4.93e-06,4.74e-06,4.96e-06,5.29e-06
overcome,1.327e-05,1.343e-05,1.425e-05,1.407e-05,1.412e-05,1.377e-05,1.401e-05,1.384e-05,1.335e-05
eyed,2.78e-06,3.15e-06,3.26e-06,3.26e-06,3.27e-06,3.29e-06,2.47e-06,2.48e-06,2.96e-06
ou,3.42e-06,3.57e-06,3.66e-06,4.08e-06,4.09e-06,3.7e-06,3.71e-06,3.51e-06,3.49e-06
quotations,3.42e-06,3.15e-06,3.05e-06,3.06e-06,3.07e-06,2.88e-06,3.09e-06,3.1e-06,3.28e-06
grab,0.0,0.0,2e-07,2e-07,0.0,0.0,0.0,0.0,0.0
inspector,4.49e-06,4.83e-06,4.48e-06,4.49e-06,4.3e-06,4.52e-06,4.74e-06,4.75e-06,4.66e-06
attract,7.28e-06,7.34e-06,6.72e-06,7.14e-06,7.16e-06,6.37e-06,7.21e-06,7.85e-06,7.31e-06
brighton,2.35e-06,1.89e-06,1.63e-06,1.63e-06,1.84e-06,2.05e-06,2.27e-06,2.27e-06,2.12e-06
beans,2.14e-06,1.68e-06,1.63e-06,1.43e-06,1.43e-06,1.44e-06,1.44e-06,1.45e-06,1.91e-06
bookmarks,4.3e-07,4.2e-07,4.1e-07,4.1e-07,4.1e-07,4.1e-07,4.1e-07,4.1e-07,4.3e-07
ellis,1.199e-05,1.259e-05,1.303e-05,1.387e-05,1.33e-05,1.356e-05,1.339e-05,1.384e-05,1.229e-05
disable,1.28e-06,1.26e-06,1.43e-06,1.43e-06,1.43e-06,1.23e-06,1.03e-06,1.03e-06,1.27e-06
snake,1.156e-05,1.364e-05,1.344e-05,1.326e-05,1.207e-05,1.212e-05,9.89e-06,1.012e-05,1.26e-05
succeed,7.92e-06,7.34e-06,7.94e-06,7.55e-06,8.19e-06,8.42e-06,8.03e-06,8.06e-06,7.63e-06
leonard,2.911e-05,2.958e-05,3.033e-05,3.079e-05,3.049e-05,3.041e-05,2.719e-05,2.747e-05,2.935e-05
lending,2.57e-06,1.89e-06,1.83e-06,2.24e-06,2.05e-06,2.05e-06,2.06e-06,2.27e-06,2.23e-06
oops,2.1e-07,2.1e-07,2e-07,2e-07,2e-07,2.1e-07,2.1e-07,2.1e-07,2.1e-07
reminder,8.6e-07,8.4e-07,8.1e-07,8.2e-07,8.2e-07,6.2e-07,6.2e-07,6.2e-07,8.5e-07
nipple,0.0,0.0,0.0,0.0,0.0,0.0,0.0,0.0,0.0
xi,2.183e-05,2.161e-05,1.995e-05,2.101e-05,1.965e-05,1.89e-05,1.895e-05,1.818e-05,2.172e-05
searched,5.99e-06,5.87e-06,5.29e-06,5.1e-06,5.12e-06,5.14e-06,4.94e-06,5.37e-06,5.93e-06
behavioral,3.574e-05,3.693e-05,3.705e-05,3.589e-05,3.52e-05,3.555e-05,3.543e-05,3.594e-05,3.633e-05
riverside,3.85e-06,3.99e-06,4.28e-06,4.08e-06,4.3e-06,4.52e-06,4.33e-06,4.34e-06,3.92e-06
bathrooms,2.1e-07,4.2e-07,4.1e-07,4.1e-07,4.1e-07,4.1e-07,4.1e-07,4.1e-07,3.2e-07
plains,1.71e-06,1.68e-06,1.43e-06,1.43e-06,1.23e-06,1.44e-06,1.65e-06,1.86e-06,1.69e-06
sku,4.3e-07,4.2e-07,4.1e-07,4.1e-07,4.1e-07,4.1e-07,6.2e-07,6.2e-07,4.3e-07
ht,2.57e-06,2.52e-06,2.44e-06,2.04e-06,1.43e-06,1.03e-06,1.03e-06,1.03e-06,2.55e-06
raymond,2.44e-05,2.497e-05,2.423e-05,2.386e-05,2.435e-05,2.383e-05,2.451e-05,2.417e-05,2.468e-05
insights,1.841e-05,1.846e-05,1.954e-05,2.039e-05,2.067e-05,2.075e-05,1.977e-05,2.004e-05,1.844e-05
abilities,1.948e-05,1.93e-05,2.076e-05,2.019e-05,2.128e-05,2.137e-05,1.957e-05,1.962e-05,1.939e-05
initiated,2.183e-05,2.245e-05,2.321e-05,2.284e-05,2.21e-05,2.24e-05,2.307e-05,2.314e-05,2.214e-05
sullivan,7.06e-06,6.92e-06,7.74e-06,7.34e-06,7.16e-06,6.99e-06,6.8e-06,7.23e-06,6.99e-06
za,4.49e-06,4.2e-06,3.87e-06,3.67e-06,3.89e-06,3.29e-06,3.3e-06,3.31e-06,4.34e-06
midwest,1.28e-06,1.68e-06,1.63e-06,1.43e-06,1.43e-06,1.44e-06,1.44e-06,1.45e-06,1.48e-06
karaoke,0.0,0.0,0.0,0.0,0.0,0.0,0.0,0.0,0.0
trap,5.56e-06,5.25e-06,4.68e-06,4.69e-06,4.3e-06,3.9e-06,3.91e-06,3.72e-06,5.4e-06
lonely,6.4e-07,6.3e-07,6.1e-07,6.1e-07,6.1e-07,8.2e-07,8.2e-07,8.3e-07,6.4e-07
fool,1.71e-06,1.47e-06,1.63e-06,1.43e-06,1.43e-06,1.85e-06,1.85e-06,1.45e-06,1.59e-06
ve,5.78e-06,6.5e-06,6.11e-06,6.32e-06,5.73e-06,5.55e-06,5.35e-06,5.37e-06,6.14e-06
nonprofit,7.7e-06,6.92e-06,7.13e-06,7.14e-06,7.16e-06,7.4e-06,7.41e-06,7.44e-06,7.31e-06
lancaster,5.56e-06,5.87e-06,5.9e-06,5.91e-06,5.93e-06,6.16e-06,6.18e-06,6.4e-06,5.72e-06
suspended,1.049e-05,1.091e-05,1.181e-05,1.183e-05,1.146e-05,1.253e-05,1.215e-05,1.239e-05,1.07e-05
hereby,4.3e-07,6.3e-07,6.1e-07,4.1e-07,4.1e-07,4.1e-07,4.1e-07,4.1e-07,5.3e-07
observe,1.712e-05,1.72e-05,1.608e-05,1.509e-05,1.432e-05,1.377e-05,1.442e-05,1.322e-05,1.716e-05
julia,1.862e-05,2.014e-05,2.158e-05,2.121e-05,2.108e-05,2.342e-05,2.101e-05,2.148e-05,1.938e-05
containers,1.327e-05,1.406e-05,1.242e-05,1.224e-05,9.21e-06,9.25e-06,9.47e-06,9.09e-06,1.366e-05
attitudes,6.42e-06,6.08e-06,6.11e-06,6.12e-06,5.73e-06,5.34e-06,5.56e-06,5.78e-06,6.25e-06
karl,5.993e-05,6.043e-05,6.005e-05,5.853e-05,5.894e-05,5.835e-05,5.726e-05,5.681e-05,6.018e-05
berry,9.2e-06,9.65e-06,9.36e-06,9.18e-06,9.62e-06,9.86e-06,9.89e-06,1.012e-05,9.43e-06
collar,2.57e-06,2.73e-06,2.65e-06,2.65e-06,2.86e-06,2.88e-06,3.09e-06,3.1e-06,2.65e-06
simultaneously,5.137e-05,5.078e-05,5.028e-05,5.2e-05,5.177e-05,5.198e-05,5.396e-05,5.433e-05,5.107e-05
racial,7.06e-06,6.5e-06,7.13e-06,7.95e-06,7.78e-06,7.6e-06,6.8e-06,7.44e-06,6.78e-06
integrate,1.498e-05,1.469e-05,1.588e-05,1.672e-05,1.698e-05,1.623e-05,1.524e-05,1.529e-05,1.483e-05
bermuda,3e-06,2.31e-06,2.24e-06,2.65e-06,2.66e-06,2.47e-06,2.47e-06,2.48e-06,2.65e-06
amanda,1.28e-06,1.68e-06,2.24e-06,2.04e-06,2.25e-06,2.26e-06,2.27e-06,2.27e-06,1.48e-06
sociology,3.339e-05,3.252e-05,3.278e-05,3.181e-05,3.131e-05,3.103e-05,3.192e-05,3.099e-05,3.295e-05
mobiles,2.14e-06,2.1e-06,2.44e-06,2.45e-06,2.46e-06,2.47e-06,2.27e-06,2.27e-06,2.12e-06
screenshot,8.6e-07,1.05e-06,8.1e-07,8.2e-07,8.2e-07,8.2e-07,8.2e-07,8.3e-07,9.5e-07
exhibitions,7.06e-06,7.13e-06,6.31e-06,6.32e-06,6.14e-06,6.16e-06,5.77e-06,5.78e-06,7.1e-06
kelkoo,0.0,0.0,0.0,0.0,0.0,0.0,0.0,0.0,0.0
confident,1.28e-06,1.05e-06,1.22e-06,1.63e-06,1.23e-06,1.23e-06,1.44e-06,1.65e-06,1.16e-06
retrieved,0.00036705,0.00036718,0.00035198,0.00033914,0.00032455,0.00031026,0.00029988,0.00029126,0.00036711
exhibits,1.948e-05,2.035e-05,1.975e-05,2.019e-05,2.005e-05,2.014e-05,2.039e-05,2.024e-05,1.992e-05
officially,3.981e-05,4.154e-05,4.397e-05,4.548e-05,4.42e-05,4.438e-05,4.572e-05,4.73e-05,4.067e-05
consortium,2.226e-05,2.35e-05,2.3e-05,2.304e-05,2.312e-05,2.404e-05,2.163e-05,2.169e-05,2.288e-05
dies,9.63e-06,9.44e-06,8.14e-06,7.75e-06,7.57e-06,7.6e-06,7.41e-06,7.02e-06,9.53e-06
terrace,1.93e-06,1.47e-06,1.63e-06,1.63e-06,1.64e-06,1.64e-06,1.44e-06,1.45e-06,1.7e-06
bacteria,7.49e-06,8.39e-06,6.72e-06,7.34e-06,7.57e-06,7.4e-06,7.83e-06,8.26e-06,7.94e-06
pts,1.71e-06,1.68e-06,1.63e-06,1.63e-06,1.64e-06,2.05e-06,1.65e-06,1.65e-06,1.69e-06
replied,1.93e-06,2.31e-06,2.44e-06,1.84e-06,1.84e-06,1.85e-06,2.06e-06,1.86e-06,2.12e-06
seafood,1.71e-06,1.89e-06,1.83e-06,1.84e-06,1.43e-06,8.2e-07,6.2e-07,4.1e-07,1.8e-06
novels,1.37e-05,1.385e-05,1.344e-05,1.366e-05,1.371e-05,1.336e-05,1.401e-05,1.405e-05,1.377e-05
rh,1.71e-06,1.68e-06,1.02e-06,1.02e-06,8.2e-07,8.2e-07,8.2e-07,8.3e-07,1.69e-06
rrp,0.0,0.0,0.0,2e-07,2e-07,2.1e-07,0.0,0.0,0.0
recipients,1.562e-05,1.511e-05,1.445e-05,1.407e-05,1.371e-05,1.356e-05,1.462e-05,1.467e-05,1.536e-05
playboy,2.57e-06,2.52e-06,2.44e-06,2.86e-06,2.86e-06,2.67e-06,2.47e-06,2.48e-06,2.55e-06
ought,6.63e-06,5.46e-06,5.5e-06,5.91e-06,4.71e-06,4.93e-06,4.94e-06,5.16e-06,6.05e-06
delicious,2.1e-07,2.1e-07,2e-07,2e-07,2e-07,2.1e-07,2.1e-07,2.1e-07,2.1e-07
traditions,2.012e-05,1.93e-05,1.995e-05,1.978e-05,1.965e-05,1.931e-05,1.915e-05,2.045e-05,1.971e-05
fg,3.42e-06,3.36e-06,3.05e-06,3.06e-06,2.86e-06,2.67e-06,2.68e-06,2.69e-06,3.39e-06
jail,8.6e-07,8.4e-07,8.1e-07,1.02e-06,1.23e-06,1.03e-06,1.03e-06,1.03e-06,8.5e-07
safely,5.14e-06,4.83e-06,5.9e-06,6.53e-06,6.34e-06,5.96e-06,5.97e-06,6.2e-06,4.99e-06
finite,0.00065149,0.00065568,0.00065103,0.00065892,0.00066384,0.00066777,0.00066855,0.00067259,0.00065358
kidney,2.57e-06,3.15e-06,2.85e-06,2.86e-06,2.46e-06,2.47e-06,1.65e-06,1.65e-06,2.86e-06
periodically,9.63e-06,9.44e-06,9.57e-06,9.99e-06,1.023e-05,1.007e-05,9.89e-06,1.033e-05,9.53e-06
fixes,6.42e-06,6.08e-06,6.11e-06,6.93e-06,7.37e-06,7.19e-06,7.62e-06,7.23e-06,6.25e-06
sends,1.969e-05,1.909e-05,1.832e-05,1.774e-05,1.862e-05,1.849e-05,1.854e-05,1.88e-05,1.939e-05
durable,5.78e-06,6.29e-06,6.51e-06,7.14e-06,6.75e-06,6.78e-06,7e-06,6.4e-06,6.03e-06
mazda,2.1e-07,2.1e-07,2e-07,2e-07,2e-07,2.1e-07,2.1e-07,2.1e-07,2.1e-07
allied,1.584e-05,1.616e-05,1.588e-05,1.57e-05,1.535e-05,1.582e-05,1.606e-05,1.694e-05,1.6e-05
throws,1.93e-06,2.31e-06,2.65e-06,2.04e-06,2.05e-06,1.85e-06,2.06e-06,1.86e-06,2.12e-06
moisture,6.42e-06,6.71e-06,6.72e-06,6.73e-06,6.55e-06,6.37e-06,6.18e-06,6.4e-06,6.57e-06
hungarian,9.053e-05,9.274e-05,9.263e-05,9.218e-05,9.352e-05,9.328e-05,9.33e-05,9.337e-05,9.163e-05
roster,6.4e-07,6.3e-07,4.1e-07,2e-07,4.1e-07,4.1e-07,4.1e-07,6.2e-07,6.4e-07
referring,3.574e-05,3.462e-05,3.522e-05,3.63e-05,3.458e-05,3.431e-05,3.501e-05,3.553e-05,3.518e-05
symantec,5.99e-06,5.87e-06,5.9e-06,5.51e-06,5.73e-06,5.55e-06,5.35e-06,5.58e-06,5.93e-06
spencer,1.263e-05,1.343e-05,1.527e-05,1.468e-05,1.494e-05,1.5e-05,1.483e-05,1.467e-05,1.303e-05
wichita,1.5e-06,2.1e-06,2.04e-06,1.84e-06,1.84e-06,1.85e-06,1.85e-06,1.86e-06,1.8e-06
nasdaq,1.71e-06,1.68e-06,1.83e-06,1.63e-06,1.43e-06,1.44e-06,1.65e-06,1.65e-06,1.69e-06
uruguay,3.85e-06,3.99e-06,4.48e-06,4.28e-06,4.5e-06,4.93e-06,4.94e-06,4.96e-06,3.92e-06
ooo,1.28e-06,1.47e-06,1.22e-06,1.22e-06,2e-07,2.1e-07,2.1e-07,2.1e-07,1.37e-06
hz,1.263e-05,1.196e-05,1.262e-05,1.346e-05,1.371e-05,1.418e-05,1.689e-05,1.632e-05,1.23e-05
transform,0.0002258,0.00022408,0.00022352,0.00022005,0.00022162,0.00022129,0.00022244,0.00022599,0.00022494
timer,2.78e-06,2.31e-06,2.04e-06,2.04e-06,2.25e-06,2.26e-06,2.68e-06,2.69e-06,2.55e-06
tablets,6.85e-06,6.71e-06,6.72e-06,6.73e-06,7.37e-06,7.81e-06,7.41e-06,7.02e-06,6.78e-06
tuning,5.094e-05,4.931e-05,4.865e-05,4.854e-05,4.952e-05,5.116e-05,4.984e-05,4.792e-05,5.012e-05
gotten,1.07e-06,1.47e-06,1.02e-06,6.1e-07,6.1e-07,6.2e-07,8.2e-07,6.2e-07,1.27e-06
educators,4.71e-06,4.62e-06,4.89e-06,5.1e-06,4.71e-06,4.93e-06,4.33e-06,4.96e-06,4.67e-06
tyler,1.71e-06,1.68e-06,1.83e-06,1.84e-06,1.64e-06,1.44e-06,1.44e-06,1.45e-06,1.69e-06
futures,5.56e-06,5.67e-06,7.33e-06,7.14e-06,6.75e-06,7.19e-06,7.21e-06,7.44e-06,5.61e-06
vegetable,3.42e-06,2.94e-06,3.05e-06,2.86e-06,3.27e-06,3.49e-06,3.3e-06,3.31e-06,3.18e-06
verse,6.85e-06,6.5e-06,6.11e-06,5.91e-06,5.73e-06,5.96e-06,5.97e-06,6.2e-06,6.67e-06
highs,8.6e-07,8.4e-07,8.1e-07,8.2e-07,8.2e-07,8.2e-07,8.2e-07,1.03e-06,8.5e-07
humanities,1.712e-05,1.762e-05,1.954e-05,1.897e-05,1.842e-05,1.829e-05,1.833e-05,1.776e-05,1.737e-05
independently,0.00010851,0.00010827,0.0001083,0.00011033,0.00011255,0.00011424,0.00011431,0.00011568,0.00010839
wanting,1.93e-06,1.47e-06,1.43e-06,1.43e-06,1.64e-06,1.64e-06,1.65e-06,1.65e-06,1.7e-06
custody,1.5e-06,2.31e-06,1.83e-06,1.84e-06,1.43e-06,1.44e-06,1.44e-06,1.45e-06,1.9e-06
scratch,4.49e-06,4.2e-06,4.07e-06,4.28e-06,4.09e-06,5.34e-06,5.35e-06,5.37e-06,4.34e-06
launches,4.07e-06,4.2e-06,4.07e-06,4.08e-06,3.68e-06,3.08e-06,3.3e-06,3.31e-06,4.14e-06
ipaq,0.0,0.0,0.0,0.0,0.0,0.0,0.0,0.0,0.0
alignment,3.596e-05,3.525e-05,3.542e-05,3.385e-05,3.438e-05,3.616e-05,3.604e-05,3.594e-05,3.561e-05
masturbating,0.0,0.0,0.0,0.0,0.0,0.0,0.0,0.0,0.0
henderson,6.21e-06,5.87e-06,6.11e-06,5.91e-06,5.53e-06,5.75e-06,5.15e-06,5.58e-06,6.04e-06
bk,4.28e-06,3.78e-06,3.66e-06,3.47e-06,3.27e-06,3.29e-06,3.3e-06,3.51e-06,4.03e-06
britannica,1.755e-05,1.762e-05,1.71e-05,1.754e-05,1.739e-05,1.685e-05,1.648e-05,1.467e-05,1.759e-05
comm,5.14e-06,4.62e-06,4.68e-06,5.1e-06,4.3e-06,4.11e-06,4.12e-06,3.51e-06,4.88e-06
ellen,3.64e-06,3.36e-06,4.68e-06,5.51e-06,5.32e-06,5.55e-06,5.56e-06,5.78e-06,3.5e-06
competitors,8.35e-06,8.6e-06,8.35e-06,7.75e-06,8.59e-06,8.22e-06,8.65e-06,8.68e-06,8.47e-06
nhs,2.78e-06,2.73e-06,2.85e-06,2.86e-06,2.66e-06,2.88e-06,2.68e-06,2.69e-06,2.75e-06
rocket,1.648e-05,1.72e-05,1.608e-05,1.652e-05,1.576e-05,1.459e-05,1.504e-05,1.529e-05,1.684e-05
aye,0.0,0.0,0.0,0.0,0.0,0.0,0.0,0.0,0.0
bullet,5.35e-06,5.25e-06,5.09e-06,4.89e-06,4.09e-06,3.9e-06,3.91e-06,3.92e-06,5.3e-06
towers,9.63e-06,9.44e-06,8.55e-06,8.97e-06,8.59e-06,8.63e-06,7.62e-06,7.44e-06,9.53e-06
racks,1.28e-06,1.26e-06,1.02e-06,1.02e-06,1.02e-06,1.23e-06,1.24e-06,1.24e-06,1.27e-06
lace,1.28e-06,1.47e-06,1.63e-06,1.84e-06,1.64e-06,1.64e-06,1.65e-06,1.65e-06,1.37e-06
nasty,0.0,0.0,0.0,0.0,0.0,0.0,0.0,0.0,0.0
visibility,1.391e-05,1.427e-05,1.344e-05,1.366e-05,1.248e-05,1.274e-05,1.236e-05,1.219e-05,1.409e-05
latitude,3.039e-05,2.937e-05,2.993e-05,3.039e-05,3.213e-05,3.164e-05,3.172e-05,3.264e-05,2.988e-05
consciousness,2.204e-05,2.35e-05,2.239e-05,1.999e-05,2.026e-05,1.993e-05,2.06e-05,2.19e-05,2.277e-05
ste,1.07e-06,1.05e-06,1.02e-06,1.02e-06,1.02e-06,1.03e-06,1.03e-06,1.24e-06,1.06e-06
tumor,3e-06,3.15e-06,2.85e-06,3.06e-06,3.07e-06,3.29e-06,3.3e-06,3.31e-06,3.08e-06
ugly,1.93e-06,2.1e-06,1.83e-06,1.63e-06,1.64e-06,1.64e-06,1.65e-06,1.65e-06,2.02e-06
deposits,5.99e-06,5.87e-06,5.9e-06,5.91e-06,5.93e-06,5.75e-06,5.77e-06,5.78e-06,5.93e-06
beverly,3.21e-06,2.73e-06,3.05e-06,3.06e-06,2.66e-06,2.67e-06,2.68e-06,2.48e-06,2.97e-06
mistress,1.28e-06,1.26e-06,1.02e-06,1.43e-06,1.64e-06,2.05e-06,2.06e-06,2.07e-06,1.27e-06
encounter,5.99e-06,5.87e-06,5.9e-06,5.71e-06,5.12e-06,5.75e-06,5.56e-06,5.99e-06,5.93e-06
trustees,5.56e-06,5.46e-06,5.7e-06,6.12e-06,6.34e-06,5.96e-06,5.97e-06,5.37e-06,5.51e-06
watts,9.42e-06,9.02e-06,9.36e-06,9.99e-06,9.82e-06,1.007e-05,1.03e-05,1.053e-05,9.22e-06
duncan,1.477e-05,1.385e-05,1.384e-05,1.264e-05,1.207e-05,1.233e-05,1.215e-05,1.219e-05,1.431e-05
reprints,3e-06,3.15e-06,3.05e-06,3.47e-06,3.68e-06,3.29e-06,3.3e-06,3.31e-06,3.08e-06
hart,1.605e-05,1.658e-05,1.751e-05,1.693e-05,1.658e-05,1.664e-05,1.648e-05,1.653e-05,1.632e-05
bernard,2.59e-05,2.77e-05,2.769e-05,2.774e-05,2.763e-05,2.733e-05,2.698e-05,2.706e-05,2.68e-05
resolutions,9.2e-06,9.23e-06,8.75e-06,8.97e-06,8.8e-06,9.86e-06,9.89e-06,9.71e-06,9.21e-06
ment,0.0,0.0,0.0,0.0,0.0,0.0,0.0,0.0,0.0
accessing,6.21e-06,6.71e-06,7.13e-06,7.34e-06,7.37e-06,7.6e-06,7.41e-06,7.85e-06,6.46e-06
forty,2.055e-05,2.014e-05,2.015e-05,1.917e-05,1.883e-05,1.911e-05,1.895e-05,1.9e-05,2.035e-05
tubes,6.63e-06,6.29e-06,6.31e-06,7.34e-06,7.37e-06,7.6e-06,8.03e-06,8.88e-06,6.46e-06
attempted,1.734e-05,1.658e-05,1.751e-05,1.652e-05,1.678e-05,1.808e-05,1.915e-05,1.921e-05,1.696e-05
col,9.63e-06,9.44e-06,9.57e-06,8.97e-06,9e-06,8.84e-06,8.44e-06,8.47e-06,9.53e-06
midlands,1.07e-06,1.05e-06,8.1e-07,8.2e-07,8.2e-07,6.2e-07,4.1e-07,4.1e-07,1.06e-06
priest,2.097e-05,2.077e-05,2.036e-05,2.039e-05,1.883e-05,1.973e-05,2.018e-05,2.066e-05,2.087e-05
floyd,8.78e-06,7.97e-06,8.96e-06,1.06e-05,1.044e-05,1.068e-05,1.071e-05,1.074e-05,8.38e-06
ronald,3.767e-05,3.777e-05,3.746e-05,3.895e-05,3.786e-05,3.76e-05,3.666e-05,3.656e-05,3.772e-05
analysts,1.177e-05,1.07e-05,1.079e-05,1.06e-05,1.023e-05,1.212e-05,1.215e-05,1.219e-05,1.124e-05
queue,2.996e-05,3.546e-05,3.563e-05,3.589e-05,3.602e-05,3.411e-05,3.46e-05,3.553e-05,3.271e-05
dx,8.13e-06,8.18e-06,7.74e-06,6.32e-06,5.12e-06,4.73e-06,4.74e-06,3.51e-06,8.15e-06
sk,4.28e-06,4.2e-06,4.48e-06,4.69e-06,3.68e-06,3.7e-06,3.3e-06,3.1e-06,4.24e-06
trance,0.0,0.0,0.0,0.0,0.0,0.0,0.0,0.0,0.0
locale,2.35e-06,1.89e-06,2.04e-06,2.04e-06,2.05e-06,2.05e-06,2.06e-06,2.07e-06,2.12e-06
nicholas,1.905e-05,2.014e-05,1.914e-05,1.937e-05,1.985e-05,1.931e-05,1.977e-05,1.942e-05,1.959e-05
biol,4.49e-06,3.15e-06,2.24e-06,2.24e-06,2.05e-06,1.85e-06,1.65e-06,1.65e-06,3.82e-06
yu,1.734e-05,1.679e-05,1.649e-05,1.509e-05,1.351e-05,1.397e-05,1.442e-05,1.384e-05,1.707e-05
bundle,0.00013698,0.00013491,0.00013232,0.00013582,0.00013874,0.00013787,0.0001382,0.00013716,0.00013595
hammer,1.177e-05,1.217e-05,1.181e-05,1.183e-05,1.146e-05,1.13e-05,1.092e-05,1.053e-05,1.197e-05
invasion,9.42e-06,1.049e-05,1.038e-05,1.04e-05,1.126e-05,1.253e-05,1.277e-05,1.343e-05,9.95e-06
witnesses,3e-06,2.94e-06,3.05e-06,3.06e-06,2.66e-06,2.67e-06,2.47e-06,2.69e-06,2.97e-06
runner,4.92e-06,4.41e-06,4.07e-06,3.87e-06,3.68e-06,3.9e-06,4.12e-06,3.72e-06,4.67e-06
rows,4.302e-05,4.112e-05,4.092e-05,4.221e-05,4.052e-05,4.068e-05,3.975e-05,4.007e-05,4.207e-05
administered,1.284e-05,1.301e-05,1.242e-05,1.244e-05,1.228e-05,1.233e-05,1.298e-05,1.322e-05,1.293e-05
notion,0.00020846,0.00020961,0.00020642,0.00020822,0.00020709,0.00020814,0.00021029,0.00021318,0.00020903
sq,1.07e-05,6.3e-07,8.1e-07,6.1e-07,6.1e-07,6.2e-07,6.2e-07,6.2e-07,5.66e-06
skins,4.3e-07,4.2e-07,2e-07,2e-07,2e-07,2.1e-07,2.1e-07,2.1e-07,4.3e-07
mailed,1.07e-06,1.05e-06,1.02e-06,1.02e-06,1.43e-06,1.44e-06,1.44e-06,1.45e-06,1.06e-06
oc,1.5e-06,1.47e-06,1.43e-06,1.43e-06,1.43e-06,1.44e-06,1.65e-06,1.24e-06,1.48e-06
fujitsu,2.57e-06,2.31e-06,2.24e-06,1.84e-06,1.84e-06,1.85e-06,1.85e-06,1.86e-06,2.44e-06
spelling,2.119e-05,2.119e-05,1.995e-05,2.101e-05,2.149e-05,2.219e-05,2.039e-05,1.88e-05,2.119e-05
arctic,8.347e-05,8.246e-05,8e-05,8.096e-05,8.124e-05,8.178e-05,8.218e-05,8.201e-05,8.297e-05
exams,5.56e-06,6.29e-06,5.5e-06,5.71e-06,5.32e-06,5.14e-06,5.77e-06,5.78e-06,5.93e-06
rewards,6.21e-06,5.67e-06,5.09e-06,5.3e-06,4.91e-06,5.14e-06,5.15e-06,4.54e-06,5.94e-06
beneath,4.07e-06,4.2e-06,3.87e-06,4.69e-06,4.91e-06,5.34e-06,5.77e-06,5.99e-06,4.14e-06
strengthen,2.78e-06,2.73e-06,2.65e-06,2.86e-06,3.07e-06,3.08e-06,3.09e-06,2.69e-06,2.75e-06
defend,6.85e-06,6.5e-06,6.51e-06,5.91e-06,5.32e-06,5.14e-06,5.15e-06,5.58e-06,6.67e-06
aj,4.28e-06,3.57e-06,4.48e-06,4.28e-06,4.09e-06,3.9e-06,3.09e-06,2.48e-06,3.92e-06
frederick,3.018e-05,3.063e-05,3.033e-05,2.998e-05,3.008e-05,2.938e-05,2.883e-05,2.913e-05,3.041e-05
medicaid,4.3e-07,4.2e-07,4.1e-07,4.1e-07,4.1e-07,6.2e-07,6.2e-07,6.2e-07,4.3e-07
treo,0.0,0.0,0.0,0.0,0.0,0.0,0.0,0.0,0.0
infrared,1.691e-05,1.7e-05,1.649e-05,1.57e-05,1.637e-05,1.664e-05,1.668e-05,1.653e-05,1.695e-05
seventh,1.712e-05,1.658e-05,1.629e-05,1.672e-05,1.698e-05,1.685e-05,1.73e-05,1.653e-05,1.685e-05
gods,7.7e-06,7.13e-06,7.13e-06,6.53e-06,6.34e-06,5.96e-06,5.56e-06,5.58e-06,7.42e-06
une,1.006e-05,1.007e-05,1.038e-05,1.04e-05,1.064e-05,9.45e-06,8.86e-06,7.85e-06,1.006e-05
welsh,1.391e-05,1.301e-05,1.323e-05,1.305e-05,1.33e-05,1.171e-05,1.153e-05,1.198e-05,1.346e-05
belly,8.6e-07,8.4e-07,8.1e-07,8.2e-07,6.1e-07,6.2e-07,6.2e-07,6.2e-07,8.5e-07
aggressive,5.14e-06,4.41e-06,4.28e-06,4.28e-06,4.3e-06,4.11e-06,3.91e-06,3.92e-06,4.78e-06
tex,8.13e-06,7.97e-06,7.33e-06,7.55e-06,6.75e-06,6.58e-06,6.38e-06,6.2e-06,8.05e-06
advertisements,7.28e-06,7.55e-06,7.33e-06,7.14e-06,7.57e-06,7.4e-06,7.41e-06,7.23e-06,7.41e-06
quarters,4.07e-06,4.62e-06,4.28e-06,4.69e-06,5.12e-06,5.14e-06,5.15e-06,5.16e-06,4.34e-06
stolen,1.113e-05,1.112e-05,1.099e-05,1.081e-05,1.085e-05,9.86e-06,9.68e-06,9.92e-06,1.112e-05
cia,4.49e-06,4.41e-06,4.68e-06,5.71e-06,5.53e-06,5.75e-06,6.59e-06,7.02e-06,4.45e-06
sublimedirectory,0.0,0.0,0.0,0.0,0.0,0.0,0.0,0.0,0.0
soonest,0.0,0.0,0.0,0.0,0.0,0.0,0.0,0.0,0.0
haiti,1.07e-06,1.26e-06,1.22e-06,1.22e-06,1.23e-06,1.23e-06,1.24e-06,1.45e-06,1.16e-06
disturbed,2.57e-06,2.52e-06,2.65e-06,2.86e-06,2.86e-06,2.88e-06,2.88e-06,2.69e-06,2.55e-06
determines,4.516e-05,4.28e-05,4.255e-05,4.283e-05,4.277e-05,4.376e-05,4.449e-05,4.379e-05,4.398e-05
sculpture,2.932e-05,3.168e-05,3.155e-05,3.141e-05,3.07e-05,2.979e-05,2.883e-05,2.871e-05,3.05e-05
poly,7.06e-06,5.87e-06,6.11e-06,6.12e-06,6.34e-06,6.37e-06,6.59e-06,6.4e-06,6.46e-06
ears,7.92e-06,7.76e-06,8.35e-06,8.16e-06,7.98e-06,7.19e-06,5.97e-06,5.78e-06,7.84e-06
dod,9.42e-06,8.6e-06,8.55e-06,8.77e-06,7.98e-06,7.81e-06,7.83e-06,7.44e-06,9.01e-06
wp,2.57e-06,2.73e-06,2.24e-06,2.45e-06,2.05e-06,2.47e-06,1.65e-06,1.86e-06,2.65e-06
fist,3e-06,2.73e-06,2.65e-06,2.45e-06,1.84e-06,1.85e-06,1.85e-06,1.86e-06,2.87e-06
naturals,1.28e-06,1.05e-06,1.02e-06,1.02e-06,1.02e-06,1.03e-06,1.03e-06,6.2e-07,1.16e-06
neo,1.241e-05,1.217e-05,1.201e-05,1.346e-05,1.371e-05,1.562e-05,1.606e-05,1.591e-05,1.229e-05
motivation,2.247e-05,2.119e-05,2.056e-05,2.06e-05,2.087e-05,2.178e-05,2.142e-05,2.169e-05,2.183e-05
lenders,8.6e-07,8.4e-07,8.1e-07,8.2e-07,8.2e-07,8.2e-07,1.03e-06,1.03e-06,8.5e-07
pharmacology,5.14e-06,5.04e-06,5.29e-06,5.91e-06,5.93e-06,5.75e-06,5.15e-06,5.37e-06,5.09e-06
fitting,2.376e-05,2.413e-05,2.382e-05,2.427e-05,2.558e-05,2.651e-05,2.657e-05,2.603e-05,2.395e-05
fixtures,1.5e-06,1.47e-06,1.43e-06,1.43e-06,1.43e-06,1.44e-06,1.44e-06,1.45e-06,1.48e-06
bloggers,2.1e-07,6.3e-07,2e-07,2e-07,2e-07,2.1e-07,2.1e-07,2.1e-07,4.2e-07
mere,7.28e-06,6.92e-06,6.92e-06,8.16e-06,8.59e-06,9.04e-06,8.65e-06,8.26e-06,7.1e-06
agrees,5.56e-06,5.46e-06,5.29e-06,4.69e-06,4.5e-06,4.31e-06,4.33e-06,4.34e-06,5.51e-06
passengers,5.14e-06,5.04e-06,5.29e-06,5.1e-06,5.12e-06,4.73e-06,4.74e-06,4.75e-06,5.09e-06
quantities,9.974e-05,9.798e-05,9.588e-05,9.809e-05,0.00010068,0.00010027,0.00010422,0.00010452,9.886e-05
petersburg,3.168e-05,3.084e-05,2.972e-05,2.712e-05,2.763e-05,2.774e-05,2.677e-05,2.665e-05,3.126e-05
consistently,1.113e-05,1.091e-05,1.262e-05,1.264e-05,1.289e-05,1.294e-05,1.298e-05,1.219e-05,1.102e-05
powerpoint,2.14e-06,2.31e-06,2.24e-06,2.24e-06,2.25e-06,2.26e-06,2.47e-06,2.48e-06,2.22e-06
cons,2.78e-06,2.52e-06,2.44e-06,2.45e-06,2.46e-06,2.47e-06,1.65e-06,6.2e-07,2.65e-06
surplus,3.42e-06,3.36e-06,3.46e-06,3.67e-06,3.68e-06,3.7e-06,3.71e-06,3.31e-06,3.39e-06
elder,9.63e-06,9.02e-06,8.75e-06,8.57e-06,9.41e-06,9.66e-06,9.68e-06,9.5e-06,9.32e-06
sonic,6.63e-06,8.81e-06,9.98e-06,9.79e-06,9.62e-06,9.04e-06,9.27e-06,1.074e-05,7.72e-06
obituaries,4.28e-06,4.62e-06,4.68e-06,4.49e-06,3.68e-06,2.88e-06,2.47e-06,2.27e-06,4.45e-06
cheers,6.4e-07,6.3e-07,6.1e-07,6.1e-07,6.1e-07,4.1e-07,4.1e-07,4.1e-07,6.4e-07
dig,1.28e-06,1.26e-06,1.22e-06,1.02e-06,1.02e-06,1.23e-06,1.24e-06,1.24e-06,1.27e-06
taxi,1.07e-06,1.05e-06,1.22e-06,1.22e-06,1.02e-06,8.2e-07,6.2e-07,6.2e-07,1.06e-06
punishment,1.71e-06,1.68e-06,1.43e-06,1.22e-06,1.23e-06,1.44e-06,1.44e-06,1.65e-06,1.69e-06
appreciation,4.07e-06,3.99e-06,4.07e-06,3.67e-06,3.68e-06,3.7e-06,3.91e-06,3.92e-06,4.03e-06
subsequently,7.362e-05,7.134e-05,7.39e-05,7.586e-05,7.776e-05,7.685e-05,7.559e-05,7.416e-05,7.248e-05
om,3.21e-06,2.31e-06,2.44e-06,2.04e-06,1.84e-06,2.26e-06,2.27e-06,2.27e-06,2.76e-06
belarus,6.85e-06,6.92e-06,6.92e-06,5.91e-06,5.73e-06,5.55e-06,5.35e-06,5.58e-06,6.88e-06
nat,7.49e-06,6.92e-06,6.31e-06,6.73e-06,5.93e-06,5.96e-06,5.77e-06,5.78e-06,7.2e-06
zoning,4.3e-07,2.1e-07,2e-07,2e-07,2e-07,2.1e-07,2.1e-07,2.1e-07,3.2e-07
gravity,0.00010359,0.00010008,9.771e-05,9.646e-05,9.454e-05,9.863e-05,9.845e-05,0.00010143,0.00010184
providence,8.35e-06,8.39e-06,7.74e-06,7.14e-06,7.57e-06,7.19e-06,7.21e-06,6.61e-06,8.37e-06
thumb,8.13e-06,8.81e-06,9.36e-06,8.57e-06,8.8e-06,9.04e-06,9.89e-06,8.47e-06,8.47e-06
restriction,3.617e-05,3.63e-05,3.583e-05,3.467e-05,3.438e-05,3.349e-05,3.378e-05,3.284e-05,3.624e-05
incorporate,1.434e-05,1.469e-05,1.466e-05,1.489e-05,1.514e-05,1.541e-05,1.462e-05,1.446e-05,1.451e-05
backgrounds,4.92e-06,5.04e-06,4.68e-06,4.89e-06,5.12e-06,5.34e-06,5.15e-06,5.16e-06,4.98e-06
treasurer,5.35e-06,5.67e-06,5.5e-06,5.3e-06,5.73e-06,5.55e-06,6.38e-06,5.78e-06,5.51e-06
guitars,3.64e-06,3.78e-06,3.26e-06,3.26e-06,2.86e-06,2.88e-06,2.68e-06,2.89e-06,3.71e-06
essence,1.669e-05,1.553e-05,1.405e-05,1.55e-05,1.473e-05,1.397e-05,1.339e-05,1.322e-05,1.611e-05
flooring,4.3e-07,4.2e-07,4.1e-07,4.1e-07,4.1e-07,4.1e-07,4.1e-07,4.1e-07,4.3e-07
lightweight,8.13e-06,7.76e-06,7.53e-06,7.75e-06,7.57e-06,7.4e-06,7.21e-06,7.02e-06,7.94e-06
ethiopia,2.35e-06,2.73e-06,2.24e-06,2.24e-06,2.05e-06,2.26e-06,2.06e-06,2.27e-06,2.54e-06
tp,7.92e-06,1.133e-05,9.36e-06,9.18e-06,9.62e-06,8.84e-06,8.86e-06,8.88e-06,9.63e-06
mighty,1.71e-06,1.89e-06,1.63e-06,1.43e-06,1.43e-06,1.44e-06,1.24e-06,1.03e-06,1.8e-06
athletes,1.5e-06,2.1e-06,2.04e-06,2.04e-06,1.84e-06,2.05e-06,1.85e-06,1.86e-06,1.8e-06
humanity,1.07e-05,9.44e-06,9.77e-06,9.18e-06,1.003e-05,1.068e-05,1.071e-05,1.157e-05,1.007e-05
transcription,1.263e-05,1.175e-05,1.242e-05,1.224e-05,1.269e-05,1.274e-05,1.318e-05,1.26e-05,1.219e-05
jm,4.3e-07,4.2e-07,2e-07,2e-07,2e-07,2.1e-07,2.1e-07,2.1e-07,4.3e-07
holmes,8.99e-06,8.81e-06,8.75e-06,8.57e-06,9.41e-06,9.45e-06,8.86e-06,9.09e-06,8.9e-06
complications,3.64e-06,3.99e-06,3.87e-06,4.28e-06,4.91e-06,4.93e-06,5.56e-06,5.58e-06,3.81e-06
scholars,5.543e-05,5.728e-05,5.843e-05,5.914e-05,5.873e-05,5.774e-05,5.726e-05,5.763e-05,5.635e-05
dpi,6.4e-07,4.2e-07,4.1e-07,2e-07,2e-07,0.0,0.0,0.0,5.3e-07
scripting,7.06e-06,7.13e-06,6.92e-06,6.93e-06,6.96e-06,6.78e-06,7e-06,7.44e-06,7.1e-06
gis,1.306e-05,1.343e-05,1.344e-05,1.346e-05,1.166e-05,1.11e-05,1.215e-05,1.301e-05,1.324e-05
remembered,2.996e-05,3.084e-05,3.054e-05,3.1e-05,3.131e-05,3.123e-05,3.069e-05,3.14e-05,3.04e-05
galaxy,1.413e-05,1.406e-05,1.344e-05,1.468e-05,1.473e-05,1.459e-05,1.483e-05,1.508e-05,1.409e-05
chester,7.06e-06,7.13e-06,6.92e-06,6.73e-06,6.34e-06,6.37e-06,6.18e-06,6.4e-06,7.1e-06
snapshot,3.42e-06,3.36e-06,3.26e-06,3.26e-06,3.27e-06,3.29e-06,3.09e-06,3.1e-06,3.39e-06
caring,4.3e-07,8.4e-07,1.22e-06,1.22e-06,1.02e-06,8.2e-07,8.2e-07,6.2e-07,6.4e-07
loc,3.85e-06,3.99e-06,4.07e-06,3.47e-06,2.86e-06,2.67e-06,2.68e-06,2.89e-06,3.92e-06
worn,2.204e-05,2.203e-05,2.178e-05,2.121e-05,2.169e-05,2.199e-05,2.245e-05,2.272e-05,2.204e-05
synthetic,3.36e-05,3.294e-05,3.278e-05,3.365e-05,3.377e-05,3.472e-05,3.419e-05,3.491e-05,3.327e-05
shaw,1.327e-05,1.238e-05,1.344e-05,1.285e-05,1.269e-05,1.294e-05,1.318e-05,1.363e-05,1.283e-05
vp,8.35e-06,7.76e-06,6.92e-06,4.49e-06,3.07e-06,2.88e-06,2.68e-06,2.89e-06,8.05e-06
segments,5.115e-05,5.141e-05,5.171e-05,5.078e-05,5.055e-05,5.096e-05,5.314e-05,5.433e-05,5.128e-05
testament,5.14e-06,5.04e-06,5.09e-06,4.89e-06,4.5e-06,3.7e-06,3.91e-06,3.72e-06,5.09e-06
expo,3.42e-06,3.36e-06,3.66e-06,3.47e-06,3.48e-06,3.49e-06,3.91e-06,4.13e-06,3.39e-06
dominant,3.382e-05,3.315e-05,3.176e-05,3.059e-05,3.09e-05,2.938e-05,3.007e-05,3.099e-05,3.348e-05
twist,1.712e-05,1.637e-05,1.649e-05,1.53e-05,1.658e-05,1.726e-05,1.709e-05,1.694e-05,1.674e-05
specifics,1.71e-06,1.47e-06,1.43e-06,1.22e-06,1.23e-06,1.64e-06,1.44e-06,1.24e-06,1.59e-06
itunes,1.006e-05,9.02e-06,1.018e-05,9.18e-06,9e-06,9.04e-06,9.06e-06,9.3e-06,9.54e-06
stomach,1.28e-06,1.47e-06,1.43e-06,1.22e-06,1.43e-06,1.44e-06,1.44e-06,1.65e-06,1.37e-06
partially,7.448e-05,7.323e-05,7.39e-05,7.566e-05,7.674e-05,7.808e-05,7.765e-05,7.684e-05,7.386e-05
buried,1.562e-05,1.553e-05,1.384e-05,1.326e-05,1.371e-05,1.356e-05,1.359e-05,1.281e-05,1.557e-05
cn,1.241e-05,1.112e-05,1.181e-05,1.162e-05,9.62e-06,7.6e-06,7.62e-06,7.23e-06,1.177e-05
newbie,0.0,0.0,0.0,0.0,0.0,0.0,0.0,0.0,0.0
minimize,2.825e-05,2.812e-05,2.83e-05,2.937e-05,3.172e-05,3.226e-05,3.172e-05,3.181e-05,2.818e-05
darwin,1.562e-05,1.553e-05,1.466e-05,1.468e-05,1.432e-05,1.52e-05,1.483e-05,1.508e-05,1.557e-05
ranks,1.327e-05,1.343e-05,1.303e-05,1.407e-05,1.432e-05,1.459e-05,1.504e-05,1.529e-05,1.335e-05
wilderness,2.35e-06,2.52e-06,2.24e-06,2.24e-06,2.25e-06,2.47e-06,2.47e-06,2.48e-06,2.43e-06
debut,1.348e-05,1.406e-05,1.405e-05,1.326e-05,1.351e-05,1.377e-05,1.421e-05,1.446e-05,1.377e-05
generations,1.477e-05,1.301e-05,1.323e-05,1.346e-05,1.453e-05,1.438e-05,1.504e-05,1.57e-05,1.389e-05
tournaments,6.21e-06,6.29e-06,6.31e-06,6.12e-06,6.14e-06,6.16e-06,5.77e-06,6.2e-06,6.25e-06
bradley,1.006e-05,9.65e-06,9.98e-06,1.02e-05,1.105e-05,1.13e-05,1.133e-05,1.074e-05,9.85e-06
deny,4.71e-06,4.83e-06,3.87e-06,3.47e-06,3.48e-06,3.7e-06,3.3e-06,3.72e-06,4.77e-06
anatomy,1.284e-05,1.28e-05,1.283e-05,1.264e-05,1.269e-05,1.274e-05,1.256e-05,1.219e-05,1.282e-05
bali,1.28e-06,1.47e-06,1.02e-06,1.22e-06,8.2e-07,8.2e-07,8.2e-07,8.3e-07,1.37e-06
judy,3.85e-06,4.2e-06,4.28e-06,4.28e-06,4.09e-06,4.31e-06,4.33e-06,4.54e-06,4.02e-06
sponsorship,2.78e-06,2.73e-06,2.65e-06,2.65e-06,2.46e-06,2.47e-06,2.47e-06,2.48e-06,2.75e-06
headphones,1.07e-06,1.05e-06,1.02e-06,1.02e-06,1.02e-06,4.1e-07,4.1e-07,4.1e-07,1.06e-06
fraction,9.374e-05,9.547e-05,8.998e-05,8.994e-05,8.779e-05,8.958e-05,8.897e-05,8.924e-05,9.46e-05
trio,2.57e-06,2.31e-06,2.24e-06,2.45e-06,2.86e-06,2.67e-06,2.88e-06,2.89e-06,2.44e-06
proceeding,3.85e-06,3.57e-06,3.87e-06,4.08e-06,3.48e-06,3.49e-06,3.5e-06,3.51e-06,3.71e-06
cube,0.0001389,0.00013554,0.00012988,0.00013154,0.0001281,0.00013294,0.00013243,0.00013179,0.00013722
defects,1.006e-05,9.44e-06,9.98e-06,9.79e-06,9.21e-06,9.45e-06,9.27e-06,9.09e-06,9.75e-06
volkswagen,6.4e-07,4.2e-07,6.1e-07,4.1e-07,4.1e-07,4.1e-07,4.1e-07,4.1e-07,5.3e-07
uncertainty,7.213e-05,7.26e-05,7.125e-05,7.403e-05,7.306e-05,7.233e-05,7.312e-05,7.313e-05,7.237e-05
breakdown,7.7e-06,7.13e-06,8.35e-06,8.36e-06,6.75e-06,6.37e-06,6.38e-06,6.82e-06,7.42e-06
milton,9.42e-06,9.02e-06,8.35e-06,8.16e-06,7.98e-06,7.6e-06,7.21e-06,7.02e-06,9.22e-06
marker,4.92e-06,5.67e-06,6.51e-06,6.32e-06,7.37e-06,7.81e-06,8.03e-06,8.26e-06,5.3e-06
reconstruction,3.21e-05,3.189e-05,3.278e-05,3.263e-05,3.295e-05,3.288e-05,3.316e-05,3.388e-05,3.2e-05
subsidiary,1.199e-05,1.238e-05,1.262e-05,1.203e-05,1.207e-05,1.356e-05,1.359e-05,1.425e-05,1.218e-05
strengths,3.85e-06,3.99e-06,4.89e-06,4.89e-06,4.71e-06,4.73e-06,4.94e-06,4.96e-06,3.92e-06
clarity,9.63e-06,9.86e-06,9.36e-06,9.18e-06,9.41e-06,9.86e-06,9.06e-06,8.88e-06,9.74e-06
rugs,1.5e-06,1.47e-06,1.43e-06,1.43e-06,1.02e-06,1.03e-06,8.2e-07,8.3e-07,1.48e-06
sandra,3e-06,3.57e-06,3.05e-06,3.06e-06,3.27e-06,3.29e-06,3.09e-06,3.31e-06,3.28e-06
adelaide,5.78e-06,6.5e-06,6.51e-06,6.32e-06,6.34e-06,6.37e-06,6.18e-06,6.4e-06,6.14e-06
encouraging,5.35e-06,5.46e-06,5.9e-06,5.71e-06,5.73e-06,5.75e-06,5.77e-06,6.61e-06,5.4e-06
furnished,6.4e-07,6.3e-07,4.1e-07,4.1e-07,4.1e-07,4.1e-07,4.1e-07,4.1e-07,6.4e-07
monaco,1.93e-06,2.1e-06,2.24e-06,2.24e-06,1.84e-06,1.85e-06,1.85e-06,3.51e-06,2.02e-06
settled,1.306e-05,1.301e-05,1.323e-05,1.285e-05,1.269e-05,1.294e-05,1.277e-05,1.322e-05,1.303e-05
folding,3.061e-05,3.042e-05,3.054e-05,2.998e-05,2.947e-05,2.959e-05,3.069e-05,3.099e-05,3.052e-05
emirates,1.5e-06,1.26e-06,1.63e-06,1.84e-06,2.25e-06,2.05e-06,2.06e-06,2.48e-06,1.38e-06
terrorists,6.4e-07,6.3e-07,6.1e-07,1.22e-06,1.64e-06,1.64e-06,1.65e-06,1.45e-06,6.4e-07
airfare,0.0,0.0,0.0,0.0,0.0,0.0,0.0,0.0,0.0
comparisons,2.74e-05,2.874e-05,2.789e-05,2.733e-05,2.988e-05,2.959e-05,3.131e-05,3.16e-05,2.807e-05
beneficial,9.63e-06,9.44e-06,9.57e-06,9.79e-06,9.21e-06,9.45e-06,9.27e-06,9.5e-06,9.53e-06
distributions,0.00011022,0.00010868,0.00010973,0.00011216,0.00011071,0.00011095,0.00011101,0.0001101,0.00010945
vaccine,2.1e-07,6.3e-07,1.22e-06,1.22e-06,1.43e-06,1.85e-06,1.65e-06,1.65e-06,4.2e-07
belize,4.3e-07,6.3e-07,6.1e-07,4.1e-07,4.1e-07,4.1e-07,4.1e-07,4.1e-07,5.3e-07
crap,6.4e-07,6.3e-07,6.1e-07,6.1e-07,6.1e-07,4.1e-07,4.1e-07,2.1e-07,6.4e-07
fate,4.07e-06,4.41e-06,4.28e-06,4.08e-06,4.3e-06,4.73e-06,3.91e-06,4.13e-06,4.24e-06
viewpicture,0.0,0.0,0.0,0.0,0.0,0.0,0.0,0.0,0.0
promised,3.42e-06,3.36e-06,3.05e-06,3.06e-06,3.48e-06,3.08e-06,3.09e-06,3.1e-06,3.39e-06
volvo,1.5e-06,1.47e-06,1.43e-06,1.43e-06,8.2e-07,8.2e-07,8.2e-07,8.3e-07,1.48e-06
penny,5.35e-06,5.25e-06,5.09e-06,5.1e-06,5.32e-06,5.14e-06,4.74e-06,4.75e-06,5.3e-06
robust,4.109e-05,4.28e-05,4.458e-05,4.364e-05,4.563e-05,4.459e-05,4.449e-05,4.441e-05,4.194e-05
bookings,0.0,0.0,2e-07,2e-07,2e-07,2.1e-07,2.1e-07,2.1e-07,0.0
threatened,3.85e-06,3.78e-06,3.46e-06,4.08e-06,3.68e-06,3.9e-06,4.12e-06,4.13e-06,3.81e-06
minolta,0.0,0.0,0.0,0.0,0.0,0.0,0.0,0.0,0.0
republicans,2.1e-07,2.1e-07,0.0,0.0,2e-07,4.1e-07,4.1e-07,4.1e-07,2.1e-07
discusses,1.841e-05,1.825e-05,1.975e-05,1.795e-05,1.801e-05,1.849e-05,1.73e-05,1.673e-05,1.833e-05
gui,1.134e-05,1.112e-05,1.12e-05,1.162e-05,1.166e-05,1.13e-05,1.174e-05,1.198e-05,1.123e-05
porter,4.92e-06,4.41e-06,5.09e-06,4.89e-06,4.71e-06,4.93e-06,4.74e-06,4.75e-06,4.67e-06
gras,8.6e-07,8.4e-07,8.1e-07,8.2e-07,8.2e-07,8.2e-07,1.03e-06,1.24e-06,8.5e-07
jungle,2.14e-06,2.1e-06,2.24e-06,2.24e-06,2.25e-06,2.26e-06,2.27e-06,2.48e-06,2.12e-06
ver,2.57e-06,2.31e-06,2.44e-06,2.45e-06,2.66e-06,2.26e-06,2.06e-06,1.45e-06,2.44e-06
rn,4.516e-05,4.28e-05,4.112e-05,3.773e-05,3.602e-05,3e-05,2.842e-05,2.561e-05,4.398e-05
responded,3.21e-06,3.57e-06,3.26e-06,3.26e-06,4.09e-06,4.11e-06,4.74e-06,5.16e-06,3.39e-06
rim,8.13e-06,8.6e-06,7.94e-06,7.75e-06,7.57e-06,7.4e-06,7.62e-06,7.44e-06,8.37e-06
abstracts,8.13e-06,8.18e-06,7.94e-06,7.75e-06,7.57e-06,7.81e-06,7.83e-06,7.64e-06,8.15e-06
zen,4.71e-06,4.62e-06,3.46e-06,3.47e-06,3.07e-06,3.08e-06,2.88e-06,3.1e-06,4.67e-06
ivory,3.21e-06,3.36e-06,3.26e-06,3.67e-06,3.89e-06,3.9e-06,3.91e-06,3.92e-06,3.28e-06
alpine,1.5e-06,2.1e-06,2.04e-06,2.04e-06,1.84e-06,1.85e-06,2.06e-06,2.27e-06,1.8e-06
dis,1.71e-06,2.1e-06,2.04e-06,1.84e-06,1.84e-06,1.85e-06,1.65e-06,1.86e-06,1.9e-06
prediction,8.154e-05,8.099e-05,8.082e-05,8.137e-05,8.288e-05,8.137e-05,8.115e-05,8.118e-05,8.126e-05
pharmaceuticals,2.57e-06,3.15e-06,3.05e-06,2.86e-06,2.86e-06,2.67e-06,3.3e-06,2.89e-06,2.86e-06
andale,0.0,0.0,0.0,0.0,0.0,0.0,0.0,0.0,0.0
fabulous,4.3e-07,4.2e-07,4.1e-07,4.1e-07,4.1e-07,4.1e-07,4.1e-07,4.1e-07,4.3e-07
remix,6.4e-07,6.3e-07,6.1e-07,6.1e-07,4.1e-07,4.1e-07,6.2e-07,6.2e-07,6.4e-07
alias,4.07e-06,4.62e-06,4.48e-06,4.28e-06,4.09e-06,4.31e-06,3.91e-06,4.13e-06,4.34e-06
thesaurus,2.57e-06,2.1e-06,2.04e-06,1.84e-06,1.84e-06,1.64e-06,1.65e-06,2.07e-06,2.33e-06
individually,1.348e-05,1.385e-05,1.384e-05,1.346e-05,1.351e-05,1.336e-05,1.359e-05,1.343e-05,1.366e-05
battlefield,1.93e-06,1.89e-06,1.83e-06,1.84e-06,1.84e-06,1.85e-06,2.06e-06,2.07e-06,1.91e-06
literally,2.975e-05,2.833e-05,2.83e-05,2.672e-05,2.64e-05,2.527e-05,2.41e-05,2.417e-05,2.904e-05
newer,1.734e-05,1.72e-05,1.771e-05,1.713e-05,1.698e-05,1.788e-05,1.792e-05,1.859e-05,1.727e-05
kay,5.99e-06,5.67e-06,5.9e-06,5.51e-06,5.53e-06,5.14e-06,4.94e-06,5.37e-06,5.83e-06
ecological,2.333e-05,2.329e-05,2.341e-05,2.304e-05,2.312e-05,2.281e-05,2.204e-05,2.314e-05,2.331e-05
spice,6.4e-07,6.3e-07,6.1e-07,6.1e-07,6.1e-07,6.2e-07,8.2e-07,6.2e-07,6.4e-07
oval,1.092e-05,1.133e-05,1.14e-05,1.162e-05,1.207e-05,1.233e-05,1.195e-05,1.219e-05,1.112e-05
implies,0.00011408,0.00011435,0.00011339,0.0001142,0.00011378,0.00011486,0.00011575,0.00011527,0.00011422
cg,3.42e-06,3.57e-06,3.46e-06,3.47e-06,3.07e-06,2.67e-06,2.68e-06,3.1e-06,3.49e-06
soma,2.57e-06,2.73e-06,2.65e-06,2.86e-06,2.86e-06,2.47e-06,2.47e-06,2.48e-06,2.65e-06
ser,6.21e-06,5.25e-06,4.68e-06,4.69e-06,4.91e-06,4.31e-06,3.91e-06,3.92e-06,5.73e-06
cooler,2.35e-06,2.1e-06,1.83e-06,1.43e-06,1.43e-06,1.44e-06,1.65e-06,1.65e-06,2.22e-06
appraisal,1.93e-06,2.52e-06,2.04e-06,2.04e-06,2.05e-06,1.85e-06,2.06e-06,1.86e-06,2.22e-06
consisting,9.631e-05,9.631e-05,9.751e-05,0.00010013,0.00010191,0.00010191,0.00010401,0.00010556,9.631e-05
maritime,1.156e-05,1.112e-05,1.16e-05,1.122e-05,1.085e-05,1.13e-05,1.174e-05,1.198e-05,1.134e-05
periodic,8.668e-05,8.686e-05,8.55e-05,8.484e-05,8.574e-05,8.712e-05,8.856e-05,8.986e-05,8.677e-05
submitting,2.14e-06,2.1e-06,1.83e-06,1.63e-06,1.43e-06,1.44e-06,1.65e-06,2.69e-06,2.12e-06
overhead,1.177e-05,1.112e-05,1.16e-05,1.264e-05,1.289e-05,1.418e-05,1.38e-05,1.384e-05,1.144e-05
ascii,1.049e-05,9.86e-06,1.018e-05,1.02e-05,1.085e-05,9.86e-06,9.89e-06,9.5e-06,1.017e-05
prospect,4.07e-06,3.99e-06,4.28e-06,4.49e-06,4.5e-06,4.52e-06,4.74e-06,4.75e-06,4.03e-06
shipment,2.1e-07,2.1e-07,4.1e-07,4.1e-07,4.1e-07,4.1e-07,4.1e-07,4.1e-07,2.1e-07
breeding,5.14e-06,5.25e-06,5.29e-06,5.3e-06,4.5e-06,4.73e-06,4.33e-06,4.54e-06,5.2e-06
citations,1.99e-05,1.741e-05,1.771e-05,1.733e-05,1.719e-05,1.664e-05,1.648e-05,1.632e-05,1.866e-05
geographical,2.29e-05,2.287e-05,2.361e-05,2.284e-05,2.19e-05,2.26e-05,2.183e-05,2.314e-05,2.289e-05
donor,3e-06,3.36e-06,4.28e-06,4.69e-06,4.3e-06,4.52e-06,4.33e-06,4.34e-06,3.18e-06
mozambique,1.28e-06,1.26e-06,1.02e-06,1.02e-06,1.23e-06,1.23e-06,1.24e-06,1.24e-06,1.27e-06
tension,1.691e-05,1.616e-05,1.588e-05,1.57e-05,1.576e-05,1.664e-05,1.668e-05,1.653e-05,1.654e-05
href,0.0,0.0,0.0,0.0,0.0,0.0,2.1e-07,2.1e-07,0.0
benz,3.42e-06,3.36e-06,3.46e-06,3.47e-06,3.48e-06,3.49e-06,3.5e-06,3.51e-06,3.39e-06
trash,8.6e-07,1.05e-06,1.02e-06,1.02e-06,1.02e-06,1.03e-06,1.03e-06,1.03e-06,9.5e-07
shapes,7.213e-05,6.966e-05,7.023e-05,7.26e-05,7.387e-05,7.376e-05,7.518e-05,7.705e-05,7.089e-05
wifi,1.07e-06,1.47e-06,1.22e-06,8.2e-07,8.2e-07,8.2e-07,6.2e-07,6.2e-07,1.27e-06
tier,5.14e-06,5.25e-06,5.9e-06,6.12e-06,7.57e-06,7.6e-06,7.41e-06,7.44e-06,5.2e-06
fwd,0.0,0.0,0.0,0.0,0.0,0.0,0.0,0.0,0.0
earl,1.156e-05,1.217e-05,1.323e-05,1.387e-05,1.371e-05,1.397e-05,1.38e-05,1.425e-05,1.186e-05
manor,1.93e-06,2.1e-06,2.04e-06,2.04e-06,2.05e-06,1.85e-06,1.44e-06,1.45e-06,2.02e-06
envelope,1.434e-05,1.469e-05,1.466e-05,1.53e-05,1.617e-05,1.562e-05,1.565e-05,1.57e-05,1.451e-05
diane,3e-06,2.52e-06,3.26e-06,3.26e-06,3.07e-06,3.29e-06,3.3e-06,3.31e-06,2.76e-06
homeland,5.78e-06,5.87e-06,5.9e-06,4.69e-06,5.12e-06,4.93e-06,4.74e-06,5.37e-06,5.82e-06
disclaimers,0.0,0.0,0.0,0.0,0.0,0.0,0.0,0.0,0.0
championships,4.71e-06,4.62e-06,4.68e-06,5.1e-06,4.91e-06,5.14e-06,4.53e-06,5.16e-06,4.67e-06
excluded,2.033e-05,2.056e-05,2.015e-05,1.937e-05,1.862e-05,1.849e-05,1.792e-05,1.818e-05,2.044e-05
andrea,6.21e-06,6.92e-06,7.13e-06,7.14e-06,6.96e-06,6.78e-06,7.21e-06,6.82e-06,6.56e-06
breeds,2.57e-06,2.52e-06,2.85e-06,2.86e-06,2.46e-06,2.26e-06,2.27e-06,2.07e-06,2.55e-06
rapids,6.4e-07,4.2e-07,6.1e-07,6.1e-07,6.1e-07,6.2e-07,6.2e-07,6.2e-07,5.3e-07
disco,8.6e-07,8.4e-07,8.1e-07,6.1e-07,6.1e-07,0.0,0.0,0.0,8.5e-07
sheffield,7.28e-06,8.18e-06,7.94e-06,7.55e-06,6.75e-06,6.37e-06,5.35e-06,5.37e-06,7.73e-06
bailey,1.07e-05,9.65e-06,9.98e-06,9.99e-06,9.21e-06,9.04e-06,8.65e-06,8.47e-06,1.017e-05
aus,2.35e-06,2.73e-06,2.44e-06,2.45e-06,2.46e-06,2.47e-06,2.06e-06,2.07e-06,2.54e-06
endif,0.0,0.0,0.0,0.0,0.0,0.0,0.0,0.0,0.0
finishing,7.49e-06,7.13e-06,7.13e-06,7.14e-06,6.96e-06,6.99e-06,6.38e-06,5.99e-06,7.31e-06
emotions,7.49e-06,7.34e-06,7.33e-06,7.75e-06,7.98e-06,7.19e-06,7e-06,5.99e-06,7.42e-06
wellington,3.42e-06,3.57e-06,3.46e-06,3.06e-06,3.07e-06,3.08e-06,3.09e-06,3.31e-06,3.49e-06
incoming,1.177e-05,1.133e-05,1.14e-05,1.142e-05,1.146e-05,1.13e-05,1.133e-05,1.157e-05,1.155e-05
prospects,1.93e-06,2.1e-06,2.24e-06,2.24e-06,2.46e-06,2.47e-06,2.68e-06,2.48e-06,2.02e-06
lexmark,0.0,0.0,0.0,0.0,0.0,0.0,0.0,0.0,0.0
cleaners,1.07e-06,1.05e-06,1.02e-06,1.02e-06,1.02e-06,1.03e-06,1.03e-06,1.03e-06,1.06e-06
bulgarian,1.498e-05,1.679e-05,1.69e-05,1.652e-05,1.617e-05,1.644e-05,1.524e-05,1.467e-05,1.589e-05
hwy,0.0,0.0,0.0,0.0,0.0,0.0,0.0,0.0,0.0
eternal,5.56e-06,5.04e-06,5.5e-06,5.91e-06,6.55e-06,6.37e-06,6.59e-06,6.61e-06,5.3e-06
cashiers,0.0,0.0,0.0,0.0,0.0,0.0,0.0,0.0,0.0
guam,1.71e-06,1.47e-06,1.43e-06,1.22e-06,1.23e-06,1.03e-06,1.44e-06,1.45e-06,1.59e-06
cite,6.21e-06,5.87e-06,4.68e-06,4.89e-06,5.12e-06,3.7e-06,4.12e-06,3.31e-06,6.04e-06
aboriginal,2.78e-06,2.73e-06,3.05e-06,3.06e-06,2.86e-06,2.88e-06,2.88e-06,3.1e-06,2.75e-06
remarkable,2.055e-05,2.098e-05,1.873e-05,1.917e-05,1.842e-05,1.767e-05,1.771e-05,1.838e-05,2.077e-05
rotation,0.00015025,0.00014771,0.00014983,0.00015152,0.00015184,0.00015205,0.00015694,0.00015926,0.00014898
nam,2.35e-06,2.1e-06,2.65e-06,2.24e-06,2.05e-06,2.05e-06,1.85e-06,1.45e-06,2.22e-06
preventing,1.199e-05,1.112e-05,1.079e-05,1.04e-05,1.003e-05,1.027e-05,1.05e-05,1.053e-05,1.156e-05
productive,7.7e-06,7.13e-06,7.74e-06,7.55e-06,7.16e-06,6.78e-06,7.62e-06,7.85e-06,7.42e-06
boulevard,8.6e-07,8.4e-07,1.02e-06,1.22e-06,1.23e-06,1.03e-06,1.03e-06,1.03e-06,8.5e-07
eugene,2.526e-05,2.686e-05,2.687e-05,2.61e-05,2.64e-05,2.63e-05,2.575e-05,2.603e-05,2.606e-05
ix,6.42e-06,6.71e-06,6.51e-06,6.73e-06,7.16e-06,6.58e-06,6.59e-06,6.61e-06,6.57e-06
gdp,7.92e-06,8.18e-06,7.13e-06,7.55e-06,7.78e-06,6.99e-06,6.8e-06,7.02e-06,8.05e-06
pig,1.5e-06,1.47e-06,1.63e-06,1.63e-06,1.02e-06,1.23e-06,1.03e-06,1.24e-06,1.48e-06
metric,0.00024934,0.00024486,0.00024368,0.0002437,0.0002472,0.00025006,0.00025148,0.00025284,0.0002471
compliant,7.92e-06,7.34e-06,8.35e-06,8.36e-06,8.19e-06,7.81e-06,9.47e-06,8.68e-06,7.63e-06
minus,2.633e-05,2.644e-05,2.993e-05,2.937e-05,2.947e-05,2.897e-05,2.822e-05,2.933e-05,2.638e-05
penalties,3e-06,2.73e-06,2.85e-06,3.06e-06,2.86e-06,3.7e-06,3.91e-06,3.51e-06,2.87e-06
bennett,1.006e-05,1.07e-05,1.262e-05,1.183e-05,1.187e-05,1.171e-05,1.153e-05,1.136e-05,1.038e-05
imagination,8.56e-06,8.81e-06,8.75e-06,8.97e-06,8.8e-06,8.84e-06,7.62e-06,6.2e-06,8.68e-06
hotmail,2.1e-07,2.1e-07,4.1e-07,2e-07,0.0,0.0,0.0,0.0,2.1e-07
refurbished,4.3e-07,4.2e-07,4.1e-07,6.1e-07,6.1e-07,6.2e-07,6.2e-07,6.2e-07,4.3e-07
joshua,7.06e-06,6.92e-06,6.92e-06,7.14e-06,6.96e-06,6.99e-06,6.8e-06,7.23e-06,6.99e-06
armenia,7.49e-06,7.55e-06,7.53e-06,7.95e-06,7.57e-06,6.78e-06,6.8e-06,6.61e-06,7.52e-06
varied,2.226e-05,2.308e-05,2.443e-05,2.468e-05,2.456e-05,2.404e-05,2.43e-05,2.438e-05,2.267e-05
grande,4.49e-06,5.04e-06,5.29e-06,5.3e-06,5.32e-06,5.34e-06,5.35e-06,5.58e-06,4.77e-06
closest,2.162e-05,2.035e-05,1.954e-05,2.039e-05,1.965e-05,2.034e-05,1.936e-05,1.9e-05,2.098e-05
activated,5.56e-06,5.46e-06,5.7e-06,5.91e-06,6.34e-06,6.37e-06,6.59e-06,6.4e-06,5.51e-06
actress,1.263e-05,1.322e-05,1.283e-05,1.366e-05,1.412e-05,1.479e-05,1.421e-05,1.549e-05,1.292e-05
mess,8.6e-07,1.05e-06,1.02e-06,1.02e-06,1.23e-06,1.23e-06,1.24e-06,1.24e-06,9.5e-07
conferencing,1.71e-06,1.89e-06,2.04e-06,2.04e-06,2.05e-06,1.64e-06,1.65e-06,1.65e-06,1.8e-06
assign,1.841e-05,1.804e-05,1.771e-05,1.733e-05,1.576e-05,1.603e-05,1.689e-05,1.694e-05,1.823e-05
armstrong,4.71e-06,5.04e-06,5.29e-06,5.1e-06,5.53e-06,5.55e-06,5.56e-06,5.37e-06,4.87e-06
politicians,4.71e-06,4.83e-06,4.68e-06,5.1e-06,4.71e-06,4.93e-06,4.74e-06,4.75e-06,4.77e-06
trackbacks,0.0,0.0,0.0,0.0,0.0,0.0,0.0,0.0,0.0
lit,9.85e-06,1.007e-05,9.57e-06,9.38e-06,9.41e-06,8.63e-06,9.27e-06,9.09e-06,9.96e-06
accommodate,8.56e-06,8.6e-06,9.16e-06,9.38e-06,9.21e-06,9.04e-06,8.86e-06,8.68e-06,8.58e-06
tigers,3.42e-06,3.36e-06,3.26e-06,3.47e-06,3.07e-06,2.88e-06,2.88e-06,2.89e-06,3.39e-06
aurora,3.21e-06,3.36e-06,3.05e-06,2.86e-06,3.07e-06,3.29e-06,3.3e-06,3.1e-06,3.28e-06
una,3e-06,2.94e-06,3.05e-06,3.06e-06,1.43e-06,1.23e-06,1.24e-06,1.24e-06,2.97e-06
slides,4.28e-06,4.2e-06,4.48e-06,4.69e-06,4.3e-06,4.11e-06,3.71e-06,4.34e-06,4.24e-06
milan,1.22e-05,1.154e-05,1.283e-05,1.244e-05,1.31e-05,1.294e-05,1.236e-05,1.198e-05,1.187e-05
premiere,3.64e-06,3.78e-06,5.5e-06,5.1e-06,5.32e-06,5.14e-06,5.35e-06,5.58e-06,3.71e-06
lender,5.14e-06,5.25e-06,5.09e-06,5.1e-06,5.12e-06,4.73e-06,4.74e-06,4.75e-06,5.2e-06
villages,4.28e-06,4.2e-06,3.87e-06,3.87e-06,3.89e-06,3.7e-06,3.91e-06,3.72e-06,4.24e-06
shade,1.156e-05,1.175e-05,1.303e-05,1.468e-05,1.555e-05,1.562e-05,1.524e-05,1.487e-05,1.165e-05
chorus,2.57e-06,2.52e-06,2.44e-06,2.04e-06,1.84e-06,2.05e-06,2.06e-06,1.86e-06,2.55e-06
christine,6.21e-06,6.5e-06,7.94e-06,7.95e-06,7.98e-06,8.01e-06,8.03e-06,7.85e-06,6.35e-06
rhythm,7.06e-06,7.34e-06,7.53e-06,7.55e-06,7.57e-06,7.6e-06,8.03e-06,7.64e-06,7.2e-06
digit,9.824e-05,9.715e-05,9.161e-05,8.851e-05,8.922e-05,9.061e-05,9.124e-05,9.254e-05,9.769e-05
argued,3.232e-05,3.084e-05,3.013e-05,3.079e-05,2.885e-05,2.918e-05,2.945e-05,3.057e-05,3.158e-05
dietary,2.35e-06,2.52e-06,2.65e-06,2.65e-06,2.66e-06,3.08e-06,3.3e-06,2.89e-06,2.43e-06
symphony,6.63e-06,6.5e-06,7.33e-06,7.75e-06,7.78e-06,7.81e-06,8.03e-06,7.85e-06,6.56e-06
clarke,1.455e-05,1.448e-05,1.466e-05,1.448e-05,1.473e-05,1.459e-05,1.504e-05,1.446e-05,1.451e-05
sudden,7.7e-06,8.18e-06,7.53e-06,7.55e-06,7.78e-06,7.4e-06,7.41e-06,7.23e-06,7.94e-06
accepting,7.92e-06,7.76e-06,7.13e-06,7.55e-06,7.78e-06,8.01e-06,7.62e-06,7.64e-06,7.84e-06
precipitation,3e-06,3.15e-06,3.66e-06,3.87e-06,4.3e-06,4.52e-06,4.74e-06,4.75e-06,3.08e-06
marilyn,3.21e-06,3.57e-06,3.46e-06,3.67e-06,3.68e-06,3.49e-06,3.91e-06,3.72e-06,3.39e-06
lions,1.241e-05,1.238e-05,1.242e-05,1.122e-05,1.146e-05,1.192e-05,1.153e-05,1.177e-05,1.239e-05
findlaw,2.1e-07,2.1e-07,2e-07,0.0,0.0,0.0,0.0,0.0,2.1e-07
ada,9.63e-06,9.65e-06,9.36e-06,9.38e-06,9.41e-06,9.45e-06,9.27e-06,8.26e-06,9.64e-06
pools,1.93e-06,1.89e-06,1.83e-06,2.24e-06,2.05e-06,1.85e-06,1.85e-06,1.86e-06,1.91e-06
tb,2.14e-06,2.1e-06,1.22e-06,1.43e-06,1.43e-06,1.44e-06,1.44e-06,1.24e-06,2.12e-06
lyric,2.14e-06,2.31e-06,2.04e-06,2.04e-06,1.84e-06,1.64e-06,1.65e-06,1.45e-06,2.22e-06
claire,4.28e-06,4.41e-06,5.09e-06,4.49e-06,4.5e-06,4.31e-06,4.33e-06,4.34e-06,4.34e-06
isolation,1.263e-05,1.385e-05,1.344e-05,1.366e-05,1.412e-05,1.418e-05,1.421e-05,1.487e-05,1.324e-05
speeds,1.691e-05,1.679e-05,1.629e-05,1.672e-05,1.596e-05,1.664e-05,1.648e-05,1.715e-05,1.685e-05
sustained,8.13e-06,8.18e-06,7.94e-06,8.36e-06,9e-06,9.25e-06,9.47e-06,9.5e-06,8.15e-06
matched,1.562e-05,1.7e-05,1.669e-05,1.713e-05,1.76e-05,1.664e-05,1.689e-05,1.632e-05,1.631e-05
approximate,8.326e-05,8.204e-05,8.448e-05,8.259e-05,8.718e-05,8.753e-05,8.692e-05,8.758e-05,8.265e-05
rope,1.006e-05,9.86e-06,1.099e-05,1.162e-05,1.228e-05,1.192e-05,1.256e-05,1.239e-05,9.96e-06
carroll,1.156e-05,1.28e-05,1.384e-05,1.468e-05,1.412e-05,1.377e-05,1.256e-05,1.239e-05,1.218e-05
rational,0.00019177,0.00018716,0.00018871,0.00018721,0.00018847,0.0001915,0.00019484,0.00019541,0.00018946
programmer,2.718e-05,2.707e-05,2.606e-05,2.692e-05,2.578e-05,2.63e-05,2.677e-05,2.623e-05,2.713e-05
fighters,5.56e-06,5.25e-06,5.29e-06,5.71e-06,5.93e-06,5.96e-06,5.97e-06,6.4e-06,5.4e-06
chambers,9.63e-06,9.44e-06,9.36e-06,8.36e-06,7.57e-06,7.4e-06,7.41e-06,7.44e-06,9.53e-06
dump,1.28e-06,1.89e-06,1.83e-06,2.04e-06,1.84e-06,1.64e-06,1.65e-06,1.65e-06,1.59e-06
greetings,0.0,0.0,0.0,0.0,0.0,0.0,0.0,0.0,0.0
inherited,1.241e-05,1.322e-05,1.283e-05,1.305e-05,1.269e-05,1.253e-05,1.215e-05,1.219e-05,1.282e-05
warming,8.56e-06,8.6e-06,9.57e-06,9.58e-06,8.59e-06,9.66e-06,1.03e-05,8.06e-06,8.58e-06
incomplete,3.36e-05,3.21e-05,3.196e-05,3.141e-05,3.233e-05,3.185e-05,3.275e-05,3.305e-05,3.285e-05
vocals,1.28e-06,1.05e-06,1.02e-06,1.02e-06,1.02e-06,1.03e-06,1.03e-06,1.03e-06,1.16e-06
chronicle,5.14e-06,5.25e-06,5.5e-06,5.1e-06,4.91e-06,4.93e-06,5.15e-06,4.96e-06,5.2e-06
fountain,1.156e-05,1.07e-05,1.16e-05,1.162e-05,1.146e-05,1.13e-05,1.112e-05,9.3e-06,1.113e-05
chubby,2.1e-07,2.1e-07,2e-07,2e-07,2e-07,2.1e-07,2.1e-07,2.1e-07,2.1e-07
grave,6.63e-06,6.29e-06,6.31e-06,5.91e-06,5.53e-06,5.75e-06,5.77e-06,6.2e-06,6.46e-06
legitimate,1.284e-05,1.217e-05,1.14e-05,1.142e-05,1.146e-05,1.11e-05,1.112e-05,1.012e-05,1.25e-05
biographies,1.113e-05,1.175e-05,1.181e-05,1.203e-05,1.064e-05,9.25e-06,9.06e-06,7.85e-06,1.144e-05
burner,2.1e-07,2.1e-07,2e-07,2e-07,2e-07,2.1e-07,2.1e-07,4.1e-07,2.1e-07
yrs,0.0,0.0,0.0,0.0,0.0,0.0,0.0,0.0,0.0
foo,2.14e-06,2.73e-06,2.44e-06,1.84e-06,1.84e-06,1.64e-06,1.65e-06,1.65e-06,2.43e-06
investigator,1.455e-05,1.448e-05,1.608e-05,1.611e-05,1.637e-05,1.52e-05,1.483e-05,1.425e-05,1.451e-05
gba,1.28e-06,1.26e-06,1.22e-06,1.22e-06,1.23e-06,1.23e-06,1.24e-06,1.24e-06,1.27e-06
plaintiff,8.6e-07,6.3e-07,8.1e-07,6.1e-07,6.1e-07,6.2e-07,6.2e-07,6.2e-07,7.5e-07
finnish,3.36e-05,3.504e-05,3.42e-05,3.324e-05,3.315e-05,3.226e-05,3.069e-05,3.037e-05,3.432e-05
gentle,3e-06,3.78e-06,3.87e-06,3.87e-06,3.89e-06,3.9e-06,4.33e-06,4.54e-06,3.39e-06
bm,4.3e-07,8.4e-07,1.02e-06,1.02e-06,1.02e-06,1.03e-06,8.2e-07,8.3e-07,6.4e-07
prisoners,4.71e-06,4.62e-06,4.28e-06,4.49e-06,4.5e-06,4.31e-06,4.12e-06,4.13e-06,4.67e-06
deeper,1.027e-05,1.049e-05,1.12e-05,1.162e-05,1.207e-05,1.171e-05,1.195e-05,1.053e-05,1.038e-05
muslims,2.57e-06,3.78e-06,4.68e-06,3.67e-06,3.89e-06,3.7e-06,4.33e-06,3.92e-06,3.18e-06
hose,1.28e-06,1.26e-06,1.02e-06,1.02e-06,8.2e-07,8.2e-07,8.2e-07,1.03e-06,1.27e-06
mediterranean,6.85e-06,7.76e-06,8.35e-06,9.18e-06,9e-06,9.04e-06,8.44e-06,8.26e-06,7.31e-06
nightlife,0.0,0.0,0.0,2e-07,2e-07,2.1e-07,2.1e-07,2.1e-07,0.0
footage,7.92e-06,8.39e-06,8.55e-06,9.18e-06,8.59e-06,8.63e-06,9.06e-06,8.68e-06,8.15e-06
howto,2.1e-07,2.1e-07,2e-07,2e-07,4.1e-07,2.1e-07,2.1e-07,2.1e-07,2.1e-07
worthy,2.78e-06,2.94e-06,3.05e-06,3.47e-06,3.48e-06,3.49e-06,3.71e-06,3.51e-06,2.86e-06
reveals,1.241e-05,1.238e-05,1.221e-05,1.183e-05,1.187e-05,1.294e-05,1.277e-05,1.239e-05,1.239e-05
architects,9.63e-06,1.007e-05,1.038e-05,1.081e-05,1.023e-05,1.007e-05,1.05e-05,1.033e-05,9.85e-06
saints,7.06e-06,6.08e-06,6.72e-06,6.12e-06,5.93e-06,5.34e-06,5.15e-06,4.96e-06,6.57e-06
entrepreneur,1.691e-05,1.93e-05,2.117e-05,2.101e-05,2.087e-05,2.096e-05,2.163e-05,2.169e-05,1.811e-05
carries,2.14e-05,2.266e-05,2.443e-05,2.304e-05,2.312e-05,2.26e-05,2.163e-05,2.024e-05,2.203e-05
sig,4.71e-06,3.15e-06,2.04e-06,1.84e-06,2.05e-06,1.64e-06,1.65e-06,2.07e-06,3.93e-06
freelance,1.28e-06,1.47e-06,1.02e-06,1.02e-06,1.02e-06,1.03e-06,1.24e-06,1.24e-06,1.37e-06
duo,4.71e-06,4.83e-06,5.09e-06,5.1e-06,4.91e-06,4.73e-06,4.53e-06,4.75e-06,4.77e-06
excessive,7.49e-06,7.97e-06,7.94e-06,7.55e-06,6.96e-06,7.19e-06,7.62e-06,7.44e-06,7.73e-06
devon,2.78e-06,2.73e-06,2.44e-06,2.45e-06,2.46e-06,2.88e-06,2.88e-06,2.89e-06,2.75e-06
screensaver,6.4e-07,6.3e-07,6.1e-07,6.1e-07,6.1e-07,6.2e-07,6.2e-07,6.2e-07,6.4e-07
helena,3e-06,3.57e-06,3.46e-06,3.26e-06,2.86e-06,2.47e-06,2.68e-06,2.69e-06,3.28e-06
saves,2.57e-06,2.1e-06,2.04e-06,1.84e-06,2.05e-06,1.64e-06,1.65e-06,1.86e-06,2.33e-06
regarded,8.625e-05,8.561e-05,8.163e-05,8.3e-05,8.39e-05,8.486e-05,8.362e-05,8.573e-05,8.593e-05
valuation,2.74e-05,2.644e-05,2.484e-05,2.468e-05,2.435e-05,2.445e-05,2.389e-05,2.396e-05,2.692e-05
unexpected,9.85e-06,9.44e-06,8.14e-06,8.57e-06,1.023e-05,1.027e-05,1.009e-05,9.5e-06,9.64e-06
cigarette,1.93e-06,1.26e-06,1.02e-06,1.02e-06,1.23e-06,1.44e-06,1.44e-06,1.45e-06,1.59e-06
fog,5.14e-06,5.25e-06,4.48e-06,4.49e-06,4.5e-06,4.52e-06,4.53e-06,4.54e-06,5.2e-06
characteristic,0.0001327,0.00013701,0.00014087,0.0001399,0.00014079,0.00014177,0.00014252,0.0001448,0.00013485
marion,4.49e-06,4.83e-06,5.7e-06,5.51e-06,5.32e-06,5.34e-06,5.35e-06,5.37e-06,4.66e-06
lobby,8.6e-07,8.4e-07,6.1e-07,6.1e-07,6.1e-07,8.2e-07,8.2e-07,6.2e-07,8.5e-07
egyptian,3.339e-05,2.916e-05,3.155e-05,3.12e-05,3.172e-05,3.308e-05,3.337e-05,3.346e-05,3.128e-05
tunisia,2.35e-06,2.52e-06,3.05e-06,3.06e-06,2.86e-06,2.26e-06,2.88e-06,2.89e-06,2.43e-06
metallica,0.0,0.0,0.0,0.0,0.0,0.0,0.0,0.0,0.0
outlined,8.78e-06,8.6e-06,8.75e-06,8.77e-06,9.21e-06,9.04e-06,8.86e-06,9.71e-06,8.69e-06
consequently,3.253e-05,3.273e-05,3.237e-05,3.324e-05,3.377e-05,3.39e-05,3.46e-05,3.367e-05,3.263e-05
headline,4.3e-07,4.2e-07,4.1e-07,4.1e-07,4.1e-07,4.1e-07,4.1e-07,4.1e-07,4.3e-07
treating,1.006e-05,1.112e-05,1.12e-05,1.162e-05,1.105e-05,1.13e-05,1.092e-05,1.115e-05,1.059e-05
punch,3.21e-06,3.36e-06,3.87e-06,3.87e-06,3.68e-06,3.9e-06,4.12e-06,3.92e-06,3.28e-06
appointments,1.049e-05,1.133e-05,1.059e-05,1.06e-05,1.044e-05,1.007e-05,9.47e-06,9.3e-06,1.091e-05
str,4.3e-07,1.47e-06,1.43e-06,1.43e-06,1.43e-06,1.44e-06,1.44e-06,1.45e-06,9.5e-07
gotta,2.1e-07,4.2e-07,4.1e-07,2e-07,2e-07,2.1e-07,2.1e-07,2.1e-07,3.2e-07
cowboy,3.42e-06,3.36e-06,3.26e-06,3.26e-06,3.27e-06,3.29e-06,3.09e-06,3.1e-06,3.39e-06
narrative,1.134e-05,1.154e-05,1.099e-05,1.081e-05,1.146e-05,1.11e-05,1.133e-05,1.157e-05,1.144e-05
bahrain,1.07e-06,1.05e-06,1.02e-06,1.02e-06,1.43e-06,1.44e-06,1.44e-06,1.24e-06,1.06e-06
enormous,7.92e-06,8.18e-06,7.74e-06,8.16e-06,7.98e-06,7.19e-06,6.59e-06,6.82e-06,8.05e-06
karma,6.4e-07,6.3e-07,6.1e-07,6.1e-07,6.1e-07,4.1e-07,2.1e-07,2.1e-07,6.4e-07
consist,3.275e-05,3.399e-05,3.196e-05,3.12e-05,3.07e-05,3.123e-05,3.254e-05,3.181e-05,3.337e-05
betty,3.42e-06,3.57e-06,4.07e-06,4.08e-06,4.3e-06,4.52e-06,4.12e-06,4.13e-06,3.49e-06
queens,1.156e-05,1.133e-05,1.201e-05,1.183e-05,1.187e-05,1.13e-05,1.092e-05,1.074e-05,1.144e-05
academics,1.092e-05,1.154e-05,1.079e-05,1.081e-05,1.146e-05,1.13e-05,1.112e-05,1.115e-05,1.123e-05
pubs,3.21e-06,3.36e-06,3.46e-06,2.86e-06,2.66e-06,2.67e-06,1.85e-06,2.07e-06,3.28e-06
quantitative,7.684e-05,7.952e-05,8.448e-05,8.219e-05,8.349e-05,8.383e-05,8.259e-05,8.283e-05,7.818e-05
shemales,0.0,0.0,0.0,0.0,0.0,0.0,0.0,0.0,0.0
lucas,1.841e-05,1.343e-05,1.832e-05,1.774e-05,1.862e-05,1.952e-05,1.998e-05,2.045e-05,1.592e-05
screensavers,4.3e-07,4.2e-07,4.1e-07,4.1e-07,4.1e-07,6.2e-07,6.2e-07,6.2e-07,4.3e-07
subdivision,1.049e-05,1.07e-05,1.079e-05,1.081e-05,1.126e-05,1.171e-05,1.256e-05,1.425e-05,1.059e-05
tribes,3.42e-06,4.2e-06,4.07e-06,4.28e-06,4.3e-06,4.52e-06,5.15e-06,5.16e-06,3.81e-06
vip,2.1e-07,2.1e-07,2e-07,2e-07,2e-07,2.1e-07,2.1e-07,2.1e-07,2.1e-07
defeat,6.85e-06,6.92e-06,7.94e-06,7.95e-06,7.78e-06,8.01e-06,8.03e-06,7.64e-06,6.88e-06
clicks,4.3e-07,6.3e-07,6.1e-07,6.1e-07,6.1e-07,6.2e-07,6.2e-07,4.1e-07,5.3e-07
distinction,5.458e-05,5.35e-05,5.334e-05,5.078e-05,5.198e-05,5.096e-05,5.046e-05,5.082e-05,5.404e-05
honduras,4.3e-07,6.3e-07,8.1e-07,8.2e-07,8.2e-07,8.2e-07,8.2e-07,8.3e-07,5.3e-07
naughty,4.3e-07,4.2e-07,4.1e-07,4.1e-07,6.1e-07,6.2e-07,6.2e-07,6.2e-07,4.3e-07
hazards,5.78e-06,5.46e-06,5.29e-06,5.3e-06,5.32e-06,5.55e-06,5.15e-06,4.96e-06,5.62e-06
insured,2.57e-06,2.52e-06,1.63e-06,1.84e-06,2.05e-06,2.05e-06,2.27e-06,2.07e-06,2.55e-06
harper,4.92e-06,4.62e-06,4.48e-06,4.08e-06,4.3e-06,4.11e-06,3.91e-06,3.92e-06,4.77e-06
livestock,4.07e-06,3.99e-06,4.07e-06,4.08e-06,4.09e-06,4.31e-06,4.33e-06,4.96e-06,4.03e-06
mardi,2.1e-07,2.1e-07,2e-07,2e-07,2e-07,2.1e-07,4.1e-07,4.1e-07,2.1e-07
exemption,2.1e-07,2.1e-07,2e-07,2e-07,2e-07,8.2e-07,8.2e-07,8.3e-07,2.1e-07
tenant,1.28e-06,1.68e-06,1.43e-06,1.43e-06,1.43e-06,1.44e-06,1.24e-06,1.24e-06,1.48e-06
sustainability,1.156e-05,1.301e-05,1.16e-05,1.142e-05,1.166e-05,1.212e-05,1.153e-05,1.239e-05,1.229e-05
cabinets,1.07e-06,1.05e-06,1.22e-06,1.02e-06,1.02e-06,1.03e-06,1.03e-06,1.03e-06,1.06e-06
tattoo,8.13e-06,7.97e-06,7.53e-06,7.75e-06,7.98e-06,6.16e-06,6.18e-06,5.99e-06,8.05e-06
shake,2.57e-06,2.52e-06,2.65e-06,2.45e-06,2.25e-06,2.26e-06,2.27e-06,2.27e-06,2.55e-06
algebra,0.00078012,0.00080108,0.00079536,0.000798,0.00079522,0.00079414,0.00079748,0.00079446,0.0007906
shadows,5.14e-06,4.83e-06,5.09e-06,5.3e-06,5.32e-06,5.34e-06,5.77e-06,5.37e-06,4.99e-06
holly,4.3e-07,4.2e-07,1.22e-06,1.22e-06,1.02e-06,1.03e-06,1.03e-06,1.03e-06,4.3e-07
formatting,3.85e-06,3.99e-06,3.87e-06,4.28e-06,4.71e-06,4.93e-06,4.74e-06,4.75e-06,3.92e-06
silly,7.06e-06,6.5e-06,6.92e-06,7.34e-06,7.37e-06,7.81e-06,7.62e-06,7.64e-06,6.78e-06
nutritional,1.28e-06,1.26e-06,1.43e-06,1.43e-06,1.43e-06,1.64e-06,1.65e-06,1.45e-06,1.27e-06
yea,2.1e-07,2.1e-07,2e-07,2e-07,2e-07,2.1e-07,4.1e-07,4.1e-07,2.1e-07
mercy,1.71e-06,1.68e-06,1.63e-06,1.63e-06,1.64e-06,1.64e-06,1.65e-06,1.65e-06,1.69e-06
hartford,1.5e-06,1.47e-06,1.43e-06,1.43e-06,1.43e-06,1.44e-06,1.65e-06,1.65e-06,1.48e-06
freely,3.082e-05,3.084e-05,3.176e-05,3.222e-05,3.172e-05,3.185e-05,3.213e-05,3.181e-05,3.083e-05
marcus,1.348e-05,1.343e-05,1.303e-05,1.285e-05,1.248e-05,1.253e-05,1.153e-05,1.157e-05,1.345e-05
sunrise,2.14e-06,2.31e-06,2.44e-06,2.45e-06,2.46e-06,2.47e-06,2.47e-06,2.89e-06,2.22e-06
wrapping,2.78e-06,2.73e-06,2.85e-06,3.06e-06,3.07e-06,3.08e-06,3.5e-06,3.31e-06,2.75e-06
mild,5.14e-06,5.46e-06,5.7e-06,5.71e-06,5.93e-06,6.16e-06,6.18e-06,7.02e-06,5.3e-06
fur,8.78e-06,8.81e-06,8.75e-06,8.77e-06,8.8e-06,8.42e-06,8.44e-06,8.68e-06,8.79e-06
nicaragua,1.28e-06,1.26e-06,1.43e-06,1.43e-06,1.43e-06,1.44e-06,1.65e-06,1.65e-06,1.27e-06
weblogs,2.1e-07,2.1e-07,2e-07,0.0,0.0,0.0,0.0,0.0,2.1e-07
timeline,1.605e-05,1.72e-05,1.649e-05,1.652e-05,1.637e-05,1.582e-05,1.689e-05,1.632e-05,1.663e-05
tar,3.85e-06,4.2e-06,4.07e-06,3.87e-06,3.89e-06,4.52e-06,3.91e-06,3.72e-06,4.02e-06
belongs,4.152e-05,4.133e-05,4.071e-05,4.221e-05,4.216e-05,4.274e-05,4.305e-05,4.276e-05,4.143e-05
rj,1.07e-06,1.05e-06,1.02e-06,1.02e-06,1.02e-06,1.03e-06,1.03e-06,1.03e-06,1.06e-06
readily,1.926e-05,1.867e-05,1.975e-05,2.019e-05,2.026e-05,1.993e-05,1.977e-05,1.921e-05,1.896e-05
affiliation,3.85e-06,3.78e-06,3.87e-06,3.47e-06,3.48e-06,3.29e-06,3.3e-06,3.51e-06,3.81e-06
soc,3.339e-05,3.105e-05,2.728e-05,2.61e-05,2.599e-05,2.507e-05,2.43e-05,2.438e-05,3.222e-05
fence,5.14e-06,5.25e-06,5.29e-06,5.1e-06,4.91e-06,4.52e-06,4.74e-06,4.96e-06,5.2e-06
nudist,0.0,0.0,0.0,0.0,0.0,0.0,0.0,0.0,0.0
infinite,0.00031826,0.00031619,0.0003135,0.00031773,0.00032271,0.0003267,0.00032645,0.00033092,0.00031722
diana,3e-06,3.15e-06,3.05e-06,3.06e-06,2.86e-06,3.08e-06,2.88e-06,2.48e-06,3.08e-06
ensures,1.284e-05,1.217e-05,1.221e-05,1.264e-05,1.248e-05,1.233e-05,1.256e-05,1.508e-05,1.25e-05
relatives,5.56e-06,5.46e-06,6.11e-06,6.12e-06,5.73e-06,5.55e-06,5.15e-06,5.16e-06,5.51e-06
lindsay,4.07e-06,3.78e-06,3.87e-06,4.08e-06,3.48e-06,3.9e-06,3.91e-06,3.92e-06,3.92e-06
clan,6.42e-06,5.87e-06,6.51e-06,6.32e-06,7.57e-06,8.84e-06,7.62e-06,8.06e-06,6.14e-06
legally,7.06e-06,7.55e-06,7.13e-06,7.55e-06,7.98e-06,8.42e-06,8.24e-06,8.47e-06,7.31e-06
shame,1.07e-06,1.05e-06,6.1e-07,4.1e-07,6.1e-07,8.2e-07,6.2e-07,6.2e-07,1.06e-06
satisfactory,5.56e-06,6.29e-06,5.9e-06,5.51e-06,5.73e-06,6.16e-06,6.59e-06,6.61e-06,5.93e-06
revolutionary,1.562e-05,1.511e-05,1.445e-05,1.428e-05,1.494e-05,1.397e-05,1.442e-05,1.425e-05,1.536e-05
bracelets,8.6e-07,8.4e-07,4.1e-07,4.1e-07,4.1e-07,4.1e-07,4.1e-07,4.1e-07,8.5e-07
sync,2.57e-06,2.94e-06,2.44e-06,2.45e-06,3.89e-06,3.9e-06,3.09e-06,3.51e-06,2.75e-06
civilian,1.862e-05,1.846e-05,1.771e-05,1.835e-05,1.801e-05,1.808e-05,1.895e-05,1.921e-05,1.854e-05
telephony,9.42e-06,9.44e-06,9.57e-06,9.38e-06,9.62e-06,9.86e-06,9.06e-06,9.09e-06,9.43e-06
mesa,1.71e-06,1.68e-06,1.63e-06,1.43e-06,1.84e-06,1.85e-06,1.85e-06,1.86e-06,1.69e-06
fatal,3.21e-06,3.57e-06,3.05e-06,2.86e-06,3.07e-06,3.29e-06,3.3e-06,4.96e-06,3.39e-06
remedy,8.6e-07,1.05e-06,1.02e-06,1.22e-06,1.23e-06,1.44e-06,1.65e-06,1.65e-06,9.5e-07
realtors,0.0,0.0,0.0,0.0,0.0,0.0,0.0,0.0,0.0
breathing,4.71e-06,5.46e-06,6.11e-06,5.91e-06,5.93e-06,5.96e-06,5.97e-06,5.99e-06,5.08e-06
briefly,2.311e-05,2.287e-05,2.26e-05,2.284e-05,2.333e-05,2.404e-05,2.389e-05,2.417e-05,2.299e-05
thickness,2.097e-05,2.56e-05,2.443e-05,2.468e-05,2.312e-05,2.26e-05,2.286e-05,2.252e-05,2.328e-05
adjustments,5.14e-06,3.78e-06,3.87e-06,4.28e-06,4.3e-06,4.31e-06,4.33e-06,3.51e-06,4.46e-06
graphical,6.378e-05,6.546e-05,6.657e-05,6.709e-05,6.773e-05,6.719e-05,6.858e-05,6.941e-05,6.462e-05
genius,1.006e-05,1.091e-05,9.57e-06,9.38e-06,8.39e-06,7.81e-06,7.83e-06,8.47e-06,1.049e-05
discussing,1.092e-05,1.112e-05,1.079e-05,1.081e-05,1.064e-05,1.13e-05,1.112e-05,1.074e-05,1.102e-05
aerospace,2.932e-05,3.126e-05,3.196e-05,3.202e-05,3.213e-05,3.329e-05,3.357e-05,3.636e-05,3.029e-05
fighter,1.177e-05,1.217e-05,1.242e-05,1.224e-05,1.31e-05,1.336e-05,1.339e-05,1.467e-05,1.197e-05
meaningful,1.969e-05,1.951e-05,1.934e-05,1.795e-05,1.821e-05,1.829e-05,1.895e-05,1.962e-05,1.96e-05
flesh,2.35e-06,2.52e-06,2.04e-06,2.04e-06,1.84e-06,1.85e-06,2.27e-06,2.07e-06,2.43e-06
retreat,1.71e-06,1.68e-06,1.83e-06,1.43e-06,1.43e-06,2.26e-06,2.47e-06,2.48e-06,1.69e-06
adapted,4.088e-05,4.154e-05,4.295e-05,4.181e-05,4.277e-05,4.233e-05,4.16e-05,4.214e-05,4.121e-05
barely,2.57e-06,2.73e-06,2.65e-06,2.45e-06,2.46e-06,2.67e-06,2.68e-06,2.69e-06,2.65e-06
wherever,5.78e-06,5.67e-06,5.9e-06,5.91e-06,6.14e-06,5.96e-06,5.15e-06,4.96e-06,5.73e-06
estates,2.57e-06,2.94e-06,2.85e-06,2.86e-06,2.66e-06,2.88e-06,2.88e-06,2.48e-06,2.75e-06
rug,2.35e-06,2.31e-06,2.44e-06,2.45e-06,2.25e-06,2.26e-06,1.03e-06,1.03e-06,2.33e-06
democrat,1.93e-06,2.31e-06,1.83e-06,1.84e-06,2.05e-06,1.64e-06,1.44e-06,1.45e-06,2.12e-06
borough,2.35e-06,1.89e-06,2.85e-06,2.65e-06,2.66e-06,2.47e-06,2.27e-06,2.27e-06,2.12e-06
maintains,2.162e-05,2.119e-05,2.178e-05,2.264e-05,2.292e-05,2.26e-05,2.142e-05,2.19e-05,2.14e-05
failing,6.63e-06,6.92e-06,7.53e-06,7.34e-06,7.78e-06,7.6e-06,7.41e-06,6.4e-06,6.78e-06
shortcuts,1.28e-06,1.47e-06,1.63e-06,1.84e-06,1.84e-06,2.26e-06,1.85e-06,2.07e-06,1.37e-06
ka,4.49e-06,4.41e-06,3.26e-06,4.08e-06,4.09e-06,3.7e-06,3.3e-06,2.27e-06,4.45e-06
retained,1.605e-05,1.574e-05,1.445e-05,1.448e-05,1.473e-05,1.438e-05,1.462e-05,1.425e-05,1.589e-05
voyeurweb,0.0,0.0,0.0,0.0,0.0,0.0,0.0,0.0,0.0
pamela,3.21e-06,3.78e-06,3.46e-06,3.67e-06,2.66e-06,2.67e-06,2.68e-06,2.89e-06,3.49e-06
andrews,2.012e-05,1.867e-05,1.914e-05,1.876e-05,1.985e-05,1.89e-05,1.854e-05,1.859e-05,1.939e-05
marble,7.06e-06,7.13e-06,7.53e-06,6.93e-06,7.16e-06,7.6e-06,7.62e-06,7.85e-06,7.1e-06
extending,3.467e-05,3.378e-05,3.4e-05,3.528e-05,3.581e-05,3.534e-05,3.604e-05,3.656e-05,3.422e-05
jesse,3.64e-06,4.2e-06,4.07e-06,4.28e-06,4.3e-06,4.31e-06,4.12e-06,4.13e-06,3.92e-06
specifies,2.526e-05,2.329e-05,2.382e-05,2.447e-05,2.456e-05,2.507e-05,2.595e-05,2.623e-05,2.428e-05
hull,3.681e-05,3.84e-05,3.929e-05,3.854e-05,3.909e-05,3.842e-05,3.851e-05,3.842e-05,3.761e-05
logitech,8.6e-07,8.4e-07,8.1e-07,8.2e-07,8.2e-07,8.2e-07,8.2e-07,8.3e-07,8.5e-07
surrey,5.35e-06,5.46e-06,5.5e-06,5.71e-06,5.53e-06,5.34e-06,5.15e-06,4.96e-06,5.4e-06
briefing,8.6e-07,8.4e-07,6.1e-07,8.2e-07,8.2e-07,8.2e-07,8.2e-07,8.3e-07,8.5e-07
belkin,2.1e-07,2.1e-07,2e-07,0.0,0.0,0.0,0.0,0.0,2.1e-07
dem,4.92e-06,5.67e-06,5.29e-06,5.3e-06,5.32e-06,5.14e-06,5.35e-06,4.96e-06,5.3e-06
accreditation,3.64e-06,3.57e-06,3.66e-06,4.28e-06,4.09e-06,4.11e-06,4.12e-06,5.16e-06,3.61e-06
wav,8.6e-07,8.4e-07,6.1e-07,6.1e-07,6.1e-07,6.2e-07,6.2e-07,6.2e-07,8.5e-07
blackberry,1.28e-06,1.26e-06,1.43e-06,1.22e-06,1.43e-06,1.23e-06,1.24e-06,1.03e-06,1.27e-06
highland,2.78e-06,2.73e-06,2.24e-06,2.24e-06,2.25e-06,1.85e-06,1.85e-06,1.86e-06,2.75e-06
meditation,8.6e-07,1.05e-06,8.1e-07,1.02e-06,8.2e-07,8.2e-07,8.2e-07,8.3e-07,9.5e-07
modular,0.00010295,0.00010113,9.934e-05,9.83e-05,9.741e-05,9.924e-05,0.0001003,0.00010122,0.00010204
microphone,6.42e-06,6.71e-06,7.13e-06,7.34e-06,7.16e-06,7.19e-06,7.41e-06,7.23e-06,6.57e-06
macedonia,6.42e-06,6.29e-06,6.72e-06,6.73e-06,6.96e-06,7.19e-06,7e-06,6.82e-06,6.36e-06
combining,4.302e-05,4.112e-05,4.112e-05,4.018e-05,4.195e-05,4.15e-05,4.016e-05,3.966e-05,4.207e-05
brandon,1.28e-06,1.05e-06,8.1e-07,8.2e-07,4.1e-07,4.1e-07,4.1e-07,4.1e-07,1.16e-06
instrumental,2.162e-05,2.182e-05,2.199e-05,2.08e-05,2.271e-05,2.342e-05,2.348e-05,2.396e-05,2.172e-05
giants,2.35e-06,2.73e-06,2.65e-06,2.65e-06,2.66e-06,2.67e-06,2.27e-06,1.86e-06,2.54e-06
organizing,1.798e-05,1.741e-05,1.649e-05,1.57e-05,1.596e-05,1.5e-05,1.545e-05,1.591e-05,1.769e-05
shed,1.71e-06,1.47e-06,1.43e-06,1.43e-06,1.64e-06,1.44e-06,1.44e-06,1.45e-06,1.59e-06
balloon,3e-06,3.15e-06,3.87e-06,3.87e-06,3.89e-06,3.9e-06,4.12e-06,4.13e-06,3.08e-06
moderators,2.1e-07,2.1e-07,2e-07,0.0,0.0,0.0,0.0,0.0,2.1e-07
winston,4.92e-06,4.83e-06,5.29e-06,5.1e-06,5.12e-06,5.14e-06,4.33e-06,4.13e-06,4.87e-06
memo,4.49e-06,4.41e-06,4.89e-06,4.89e-06,5.32e-06,5.55e-06,5.77e-06,5.78e-06,4.45e-06
ham,3.42e-06,3.36e-06,3.26e-06,3.47e-06,3.48e-06,3.29e-06,3.3e-06,3.31e-06,3.39e-06
solved,0.00012649,0.00013135,0.00012662,0.00012685,0.00012769,0.00012842,0.0001244,0.00012353,0.00012892
tide,7.7e-06,5.87e-06,7.53e-06,5.91e-06,5.93e-06,6.16e-06,5.97e-06,5.78e-06,6.79e-06
kazakhstan,4.49e-06,4.62e-06,4.07e-06,3.87e-06,3.68e-06,4.11e-06,4.94e-06,4.54e-06,4.55e-06
hawaiian,2.78e-06,2.73e-06,2.44e-06,2.04e-06,2.05e-06,2.26e-06,2.27e-06,2.69e-06,2.75e-06
standings,2.1e-07,2.1e-07,2e-07,0.0,2e-07,2.1e-07,2.1e-07,2.1e-07,2.1e-07
partition,8.497e-05,8.519e-05,8.509e-05,8.443e-05,8.349e-05,8.404e-05,8.341e-05,8.49e-05,8.508e-05
invisible,9.63e-06,8.81e-06,8.75e-06,1.285e-05,1.269e-05,1.233e-05,1.195e-05,1.177e-05,9.22e-06
gratuit,0.0,0.0,0.0,0.0,0.0,0.0,0.0,0.0,0.0
consoles,6.63e-06,6.92e-06,7.13e-06,7.55e-06,5.93e-06,6.16e-06,6.8e-06,7.02e-06,6.78e-06
funk,3.21e-06,3.36e-06,3.26e-06,3.26e-06,3.68e-06,3.49e-06,2.88e-06,2.89e-06,3.28e-06
fbi,6.21e-06,6.08e-06,6.31e-06,6.53e-06,5.93e-06,6.16e-06,6.38e-06,6.4e-06,6.14e-06
qatar,1.93e-06,2.73e-06,3.26e-06,3.06e-06,3.27e-06,3.08e-06,3.09e-06,3.31e-06,2.33e-06
magnet,6.42e-06,5.87e-06,6.11e-06,5.91e-06,5.73e-06,5.75e-06,5.77e-06,6.2e-06,6.14e-06
translations,3.125e-05,3.231e-05,3.196e-05,3.406e-05,3.356e-05,3.411e-05,3.337e-05,3.429e-05,3.178e-05
porsche,0.0,0.0,0.0,0.0,0.0,0.0,0.0,0.0,0.0
cayman,8.6e-07,1.05e-06,1.02e-06,8.2e-07,8.2e-07,6.2e-07,6.2e-07,8.3e-07,9.5e-07
jaguar,2.1e-07,4.2e-07,4.1e-07,4.1e-07,8.2e-07,6.2e-07,8.2e-07,1.03e-06,3.2e-07
reel,3.64e-06,3.78e-06,3.26e-06,3.26e-06,3.27e-06,3.08e-06,3.09e-06,3.51e-06,3.71e-06
sheer,1.5e-06,1.68e-06,1.63e-06,1.63e-06,1.84e-06,1.85e-06,1.65e-06,1.65e-06,1.59e-06
commodity,8.99e-06,9.02e-06,9.16e-06,9.38e-06,8.59e-06,8.84e-06,8.86e-06,9.3e-06,9e-06
posing,2.35e-06,2.73e-06,2.65e-06,2.45e-06,2.86e-06,2.88e-06,2.68e-06,2.69e-06,2.54e-06
wang,2.868e-05,2.749e-05,2.646e-05,2.488e-05,2.415e-05,2.383e-05,2.327e-05,2.458e-05,2.808e-05
kilometers,4.49e-06,3.99e-06,4.07e-06,3.87e-06,3.89e-06,3.9e-06,3.91e-06,3.92e-06,4.24e-06
rp,7.28e-06,6.92e-06,6.51e-06,6.12e-06,5.93e-06,5.96e-06,5.77e-06,5.16e-06,7.1e-06
bind,4.92e-06,5.04e-06,6.31e-06,6.32e-06,6.34e-06,6.37e-06,6.8e-06,6.82e-06,4.98e-06
thanksgiving,4.3e-07,4.2e-07,4.1e-07,4.1e-07,2e-07,2.1e-07,2.1e-07,2.1e-07,4.3e-07
rand,1.241e-05,1.217e-05,1.262e-05,1.224e-05,1.228e-05,1.212e-05,1.277e-05,1.281e-05,1.229e-05
hopkins,2.996e-05,3.189e-05,3.318e-05,3.079e-05,3.049e-05,2.877e-05,2.883e-05,2.851e-05,3.092e-05
urgent,4.3e-07,4.2e-07,4.1e-07,6.1e-07,6.1e-07,8.2e-07,1.03e-06,1.03e-06,4.3e-07
guarantees,1.99e-05,1.993e-05,2.036e-05,1.958e-05,1.985e-05,1.952e-05,1.998e-05,1.983e-05,1.992e-05
infants,2.35e-06,2.52e-06,2.65e-06,2.65e-06,2.66e-06,2.26e-06,1.65e-06,1.65e-06,2.43e-06
gothic,7.06e-06,7.34e-06,7.74e-06,9.58e-06,9.21e-06,9.45e-06,9.89e-06,1.012e-05,7.2e-06
cylinder,2.825e-05,2.979e-05,2.931e-05,2.794e-05,2.824e-05,2.877e-05,2.78e-05,2.871e-05,2.902e-05
witch,6.4e-07,8.4e-07,8.1e-07,6.1e-07,6.1e-07,6.2e-07,6.2e-07,8.3e-07,7.4e-07
buck,2.78e-06,2.94e-06,2.85e-06,2.04e-06,2.05e-06,2.05e-06,1.85e-06,2.07e-06,2.86e-06
indication,1.199e-05,1.217e-05,1.181e-05,1.224e-05,1.166e-05,1.253e-05,1.256e-05,1.239e-05,1.208e-05
eh,6.4e-07,1.05e-06,8.1e-07,8.2e-07,8.2e-07,8.2e-07,8.2e-07,8.3e-07,8.4e-07
congratulations,4.3e-07,4.2e-07,4.1e-07,6.1e-07,6.1e-07,6.2e-07,6.2e-07,6.2e-07,4.3e-07
tba,0.0,0.0,0.0,0.0,0.0,0.0,0.0,0.0,0.0
cohen,4.495e-05,4.49e-05,4.214e-05,4.119e-05,3.99e-05,3.945e-05,4.016e-05,3.966e-05,4.493e-05
sie,4.3e-07,4.2e-07,4.1e-07,2e-07,2e-07,2.1e-07,2.1e-07,2.1e-07,4.3e-07
usgs,4.28e-06,4.41e-06,4.89e-06,4.69e-06,4.71e-06,4.52e-06,4.53e-06,4.13e-06,4.34e-06
puppy,1.28e-06,1.47e-06,1.02e-06,1.43e-06,1.43e-06,1.44e-06,1.44e-06,1.45e-06,1.37e-06
kathy,4.3e-07,4.2e-07,2e-07,2e-07,2e-07,0.0,0.0,0.0,4.3e-07
acre,3.64e-06,2.1e-06,2.24e-06,2.65e-06,2.66e-06,2.67e-06,2.68e-06,2.69e-06,2.87e-06
graphs,0.00025127,0.00024926,0.00025752,0.0002592,0.0002605,0.00025971,0.00026239,0.00026565,0.00025027
surround,4.92e-06,5.25e-06,5.29e-06,5.91e-06,5.93e-06,5.96e-06,5.35e-06,4.96e-06,5.08e-06
cigarettes,1.07e-06,1.05e-06,6.1e-07,6.1e-07,6.1e-07,4.1e-07,4.1e-07,4.1e-07,1.06e-06
revenge,2.35e-06,2.73e-06,3.26e-06,3.26e-06,2.66e-06,2.47e-06,2.88e-06,3.51e-06,2.54e-06
expires,6.4e-07,4.2e-07,4.1e-07,4.1e-07,4.1e-07,4.1e-07,4.1e-07,4.1e-07,5.3e-07
enemies,4.28e-06,4.62e-06,5.7e-06,5.91e-06,4.91e-06,5.14e-06,5.15e-06,4.96e-06,4.45e-06
lows,6.4e-07,6.3e-07,6.1e-07,6.1e-07,6.1e-07,6.2e-07,6.2e-07,8.3e-07,6.4e-07
controllers,1.391e-05,1.343e-05,1.323e-05,1.387e-05,1.228e-05,1.212e-05,1.298e-05,1.405e-05,1.367e-05
aqua,3.85e-06,3.78e-06,3.66e-06,3.67e-06,3.48e-06,3.49e-06,3.5e-06,3.1e-06,3.81e-06
chen,2.418e-05,2.413e-05,2.585e-05,2.529e-05,2.517e-05,2.425e-05,2.513e-05,2.438e-05,2.416e-05
emma,3e-06,3.57e-06,3.66e-06,4.08e-06,4.09e-06,4.52e-06,4.33e-06,4.13e-06,3.28e-06
consultancy,3.64e-06,4.41e-06,3.87e-06,4.08e-06,4.09e-06,4.11e-06,3.91e-06,4.34e-06,4.02e-06
finances,1.93e-06,1.89e-06,1.63e-06,1.22e-06,1.23e-06,1.23e-06,1.85e-06,1.65e-06,1.91e-06
accepts,8.35e-06,8.39e-06,8.55e-06,8.16e-06,8.19e-06,8.01e-06,8.24e-06,8.26e-06,8.37e-06
enjoying,1.07e-06,1.05e-06,1.02e-06,1.02e-06,1.02e-06,1.03e-06,1.03e-06,1.03e-06,1.06e-06
conventions,1.776e-05,1.72e-05,1.649e-05,1.672e-05,1.678e-05,1.644e-05,1.73e-05,1.818e-05,1.748e-05
eva,8.35e-06,8.39e-06,8.75e-06,8.16e-06,7.78e-06,8.22e-06,7.62e-06,8.06e-06,8.37e-06
patrol,6.21e-06,7.13e-06,6.31e-06,7.14e-06,7.37e-06,6.58e-06,6.38e-06,5.99e-06,6.67e-06
smell,2.78e-06,2.52e-06,2.44e-06,2.45e-06,2.05e-06,1.85e-06,1.85e-06,1.65e-06,2.65e-06
pest,1.07e-06,1.26e-06,1.22e-06,1.22e-06,1.23e-06,1.23e-06,1.24e-06,1.03e-06,1.16e-06
hc,2.14e-06,2.1e-06,2.04e-06,2.45e-06,1.84e-06,1.64e-06,1.85e-06,1.65e-06,2.12e-06
italiano,1.07e-06,8.4e-07,8.1e-07,8.2e-07,8.2e-07,4.1e-07,6.2e-07,6.2e-07,9.5e-07
coordinates,0.00016245,0.00016072,0.00015838,0.0001556,0.00015839,0.00016232,0.00015962,0.00016216,0.00016159
rca,2.14e-06,2.1e-06,2.44e-06,2.65e-06,2.66e-06,2.67e-06,2.88e-06,3.1e-06,2.12e-06
fp,7.49e-06,7.13e-06,6.92e-06,5.51e-06,5.93e-06,6.16e-06,5.56e-06,5.58e-06,7.31e-06
carnival,8.6e-07,1.05e-06,1.22e-06,1.22e-06,1.02e-06,1.03e-06,1.03e-06,1.03e-06,9.5e-07
roughly,7.619e-05,7.679e-05,7.858e-05,7.79e-05,7.797e-05,7.685e-05,7.641e-05,7.788e-05,7.649e-05
sticker,3.21e-06,3.36e-06,3.26e-06,3.87e-06,3.89e-06,3.49e-06,3.5e-06,3.51e-06,3.28e-06
promises,2.57e-06,2.73e-06,2.85e-06,2.86e-06,2.86e-06,2.47e-06,1.44e-06,1.45e-06,2.65e-06
responding,5.35e-06,6.5e-06,6.51e-06,5.91e-06,5.53e-06,5.34e-06,5.35e-06,5.37e-06,5.93e-06
reef,1.28e-06,1.26e-06,1.22e-06,1.02e-06,1.02e-06,1.03e-06,8.2e-07,8.3e-07,1.27e-06
physically,2.654e-05,2.686e-05,2.789e-05,2.753e-05,2.804e-05,2.815e-05,2.801e-05,2.83e-05,2.67e-05
divide,3.895e-05,3.798e-05,3.766e-05,3.793e-05,3.827e-05,3.657e-05,3.584e-05,3.656e-05,3.846e-05
stakeholders,4.49e-06,4.62e-06,4.68e-06,5.1e-06,4.71e-06,5.55e-06,5.77e-06,5.99e-06,4.55e-06
hydrocodone,0.0,0.0,0.0,0.0,0.0,0.0,0.0,0.0,0.0
gst,1.28e-06,1.26e-06,1.22e-06,1.63e-06,1.43e-06,1.44e-06,1.03e-06,1.03e-06,1.27e-06
consecutive,3.681e-05,3.63e-05,3.664e-05,3.712e-05,3.765e-05,3.719e-05,3.79e-05,3.739e-05,3.656e-05
cornell,4.666e-05,4.868e-05,4.988e-05,4.854e-05,4.789e-05,4.603e-05,4.511e-05,4.4e-05,4.767e-05
satin,0.0,0.0,0.0,0.0,0.0,0.0,0.0,0.0,0.0
bon,1.5e-06,1.26e-06,1.43e-06,1.43e-06,1.23e-06,1.23e-06,1.24e-06,8.3e-07,1.38e-06
deserve,8.6e-07,8.4e-07,8.1e-07,8.2e-07,8.2e-07,8.2e-07,8.2e-07,1.24e-06,8.5e-07
attempting,1.584e-05,1.532e-05,1.486e-05,1.509e-05,1.351e-05,1.438e-05,1.442e-05,1.343e-05,1.558e-05
mailto,0.0,0.0,0.0,0.0,0.0,0.0,0.0,0.0,0.0
promo,2.1e-07,2.1e-07,0.0,0.0,0.0,0.0,0.0,0.0,2.1e-07
jj,8.6e-07,8.4e-07,8.1e-07,1.02e-06,8.2e-07,8.2e-07,8.2e-07,8.3e-07,8.5e-07
representations,0.00013398,0.00013302,0.00012988,0.00012848,0.00012994,0.00012945,0.00013037,0.00013179,0.0001335
chan,9.63e-06,9.44e-06,8.96e-06,9.18e-06,9.41e-06,9.66e-06,9.68e-06,9.3e-06,9.53e-06
worried,4.3e-07,4.2e-07,4.1e-07,4.1e-07,4.1e-07,4.1e-07,4.1e-07,4.1e-07,4.3e-07
tunes,3e-06,2.94e-06,2.65e-06,2.65e-06,2.66e-06,1.85e-06,1.85e-06,1.86e-06,2.97e-06
garbage,3.42e-06,6.29e-06,6.51e-06,6.32e-06,6.34e-06,6.78e-06,6.38e-06,6.4e-06,4.86e-06
competing,1.755e-05,1.72e-05,1.69e-05,1.815e-05,1.801e-05,1.829e-05,1.751e-05,1.735e-05,1.738e-05
combines,3.51e-05,3.525e-05,3.522e-05,3.548e-05,3.54e-05,3.74e-05,3.645e-05,3.677e-05,3.518e-05
mas,3.21e-06,3.36e-06,3.05e-06,2.65e-06,3.27e-06,3.49e-06,3.5e-06,3.51e-06,3.28e-06
beth,3.64e-06,3.36e-06,4.48e-06,4.69e-06,5.12e-06,5.14e-06,5.56e-06,4.96e-06,3.5e-06
bradford,5.14e-06,5.04e-06,4.89e-06,4.89e-06,5.12e-06,5.14e-06,5.15e-06,4.54e-06,5.09e-06
len,1.71e-06,1.47e-06,1.43e-06,1.63e-06,1.64e-06,1.85e-06,2.06e-06,2.07e-06,1.59e-06
phrases,1.562e-05,1.595e-05,1.629e-05,1.53e-05,1.555e-05,1.479e-05,1.483e-05,1.467e-05,1.578e-05
kai,7.28e-06,6.71e-06,6.51e-06,6.53e-06,6.96e-06,6.99e-06,6.59e-06,6.2e-06,6.99e-06
peninsula,4.49e-06,3.99e-06,5.09e-06,5.1e-06,5.32e-06,5.75e-06,5.77e-06,5.78e-06,4.24e-06
chelsea,4.71e-06,5.04e-06,5.29e-06,5.71e-06,5.53e-06,5.75e-06,5.97e-06,5.58e-06,4.87e-06
boring,8.6e-07,6.3e-07,6.1e-07,6.1e-07,6.1e-07,1.03e-06,1.03e-06,1.03e-06,7.5e-07
reynolds,1.22e-05,1.238e-05,1.242e-05,1.264e-05,1.31e-05,1.294e-05,1.38e-05,1.384e-05,1.229e-05
dom,4.28e-06,4.2e-06,4.28e-06,2.04e-06,2.05e-06,1.85e-06,1.85e-06,1.65e-06,4.24e-06
jill,1.93e-06,1.89e-06,2.04e-06,2.24e-06,2.05e-06,1.85e-06,2.47e-06,2.69e-06,1.91e-06
accurately,3.467e-05,3.546e-05,3.522e-05,3.548e-05,3.704e-05,3.678e-05,3.707e-05,3.677e-05,3.507e-05
speeches,2.14e-06,2.1e-06,2.44e-06,2.24e-06,2.46e-06,2.47e-06,2.27e-06,2.27e-06,2.12e-06
reaches,1.819e-05,1.783e-05,1.771e-05,1.856e-05,1.801e-05,1.788e-05,1.812e-05,1.715e-05,1.801e-05
schema,1.905e-05,1.867e-05,1.832e-05,1.835e-05,1.821e-05,1.808e-05,1.915e-05,1.9e-05,1.886e-05
considers,4.002e-05,3.882e-05,3.746e-05,3.65e-05,3.561e-05,3.575e-05,3.584e-05,3.574e-05,3.942e-05
sofa,1.71e-06,1.68e-06,1.63e-06,1.63e-06,1.64e-06,1.64e-06,1.03e-06,1.24e-06,1.69e-06
catalogs,2.14e-06,2.31e-06,2.04e-06,2.04e-06,2.05e-06,2.47e-06,2.68e-06,2.48e-06,2.22e-06
ministries,1.93e-06,1.89e-06,2.24e-06,2.24e-06,2.25e-06,1.64e-06,1.85e-06,2.48e-06,1.91e-06
vacancies,1.5e-06,1.47e-06,2.24e-06,2.24e-06,2.46e-06,2.47e-06,2.47e-06,2.48e-06,1.48e-06
quizzes,6.4e-07,1.05e-06,1.02e-06,1.02e-06,1.02e-06,1.03e-06,1.03e-06,8.3e-07,8.4e-07
parliamentary,6.21e-06,5.46e-06,6.51e-06,5.91e-06,6.34e-06,6.58e-06,7e-06,6.61e-06,5.84e-06
obj,6.4e-07,8.4e-07,6.1e-07,6.1e-07,6.1e-07,6.2e-07,6.2e-07,4.1e-07,7.4e-07
prefix,5.201e-05,5.12e-05,5.211e-05,5.364e-05,5.484e-05,5.075e-05,5.231e-05,5.164e-05,5.16e-05
lucia,8.6e-07,1.05e-06,1.22e-06,1.02e-06,1.23e-06,1.23e-06,1.44e-06,1.24e-06,9.5e-07
savannah,8.6e-07,8.4e-07,8.1e-07,8.2e-07,6.1e-07,4.1e-07,4.1e-07,4.1e-07,8.5e-07
barrel,7.49e-06,7.13e-06,6.72e-06,6.93e-06,6.96e-06,4.11e-06,4.33e-06,4.75e-06,7.31e-06
typing,1.306e-05,1.175e-05,1.12e-05,1.183e-05,1.248e-05,1.397e-05,1.38e-05,1.322e-05,1.241e-05
nerve,3.64e-06,3.78e-06,3.87e-06,3.87e-06,3.68e-06,3.7e-06,3.91e-06,4.13e-06,3.71e-06
dans,6.21e-06,9.23e-06,7.53e-06,7.55e-06,7.98e-06,7.6e-06,7.41e-06,7.44e-06,7.72e-06
planets,2.311e-05,2.35e-05,2.361e-05,2.468e-05,2.64e-05,2.733e-05,2.595e-05,2.685e-05,2.331e-05
deficit,2.14e-06,2.31e-06,2.24e-06,2.65e-06,2.66e-06,2.26e-06,2.06e-06,2.27e-06,2.22e-06
boulder,8.56e-06,9.02e-06,8.75e-06,9.18e-06,8.8e-06,9.25e-06,9.27e-06,9.09e-06,8.79e-06
pointing,1.648e-05,1.511e-05,1.527e-05,1.346e-05,1.248e-05,1.233e-05,1.277e-05,1.26e-05,1.58e-05
renew,2.35e-06,1.68e-06,1.02e-06,1.63e-06,1.64e-06,2.05e-06,2.27e-06,2.07e-06,2.02e-06
coupled,3.125e-05,3.126e-05,3.135e-05,3.161e-05,3.151e-05,3.349e-05,3.398e-05,3.408e-05,3.125e-05
viii,6.21e-06,6.08e-06,5.5e-06,5.1e-06,4.91e-06,4.93e-06,4.74e-06,5.16e-06,6.14e-06
myanmar,8.6e-07,8.4e-07,8.1e-07,8.2e-07,8.2e-07,8.2e-07,1.03e-06,1.03e-06,8.5e-07
metadata,1.092e-05,1.091e-05,1.079e-05,1.06e-05,1.064e-05,9.86e-06,1.009e-05,9.3e-06,1.091e-05
harold,3.21e-05,3.252e-05,3.115e-05,3.059e-05,3.11e-05,3.061e-05,3.007e-05,2.954e-05,3.231e-05
circuits,6.185e-05,5.959e-05,6.046e-05,5.996e-05,6.016e-05,5.959e-05,6.117e-05,6.197e-05,6.072e-05
floppy,1.092e-05,1.007e-05,1.018e-05,1.081e-05,1.085e-05,1.089e-05,1.092e-05,1.157e-05,1.05e-05
texture,1.049e-05,1.049e-05,1.12e-05,1.02e-05,1.003e-05,9.86e-06,1.009e-05,1.033e-05,1.049e-05
handbags,2.1e-07,2.1e-07,4.1e-07,4.1e-07,4.1e-07,4.1e-07,4.1e-07,4.1e-07,2.1e-07
jar,2.57e-06,2.1e-06,2.44e-06,2.45e-06,2.46e-06,2.47e-06,2.47e-06,2.48e-06,2.33e-06
ev,7.28e-06,7.76e-06,7.94e-06,8.16e-06,8.8e-06,8.63e-06,8.24e-06,8.06e-06,7.52e-06
somerset,3.64e-06,3.99e-06,4.07e-06,4.28e-06,4.3e-06,3.9e-06,3.71e-06,3.72e-06,3.81e-06
incurred,5.35e-06,5.04e-06,4.48e-06,3.67e-06,3.27e-06,3.49e-06,3.09e-06,2.89e-06,5.2e-06
acknowledge,2.57e-06,2.31e-06,2.24e-06,2.04e-06,2.05e-06,2.26e-06,2.06e-06,2.07e-06,2.44e-06
thoroughly,3.21e-06,2.94e-06,3.05e-06,3.47e-06,3.48e-06,3.49e-06,3.3e-06,3.72e-06,3.08e-06
antigua,2.35e-06,2.52e-06,2.44e-06,2.04e-06,1.84e-06,2.05e-06,2.06e-06,2.07e-06,2.43e-06
nottingham,7.06e-06,6.92e-06,7.13e-06,6.93e-06,6.75e-06,5.96e-06,6.38e-06,5.78e-06,6.99e-06
thunder,3e-06,2.73e-06,2.85e-06,2.86e-06,2.66e-06,2.67e-06,2.47e-06,2.27e-06,2.87e-06
tent,2.78e-06,2.31e-06,2.24e-06,2.24e-06,2.25e-06,2.05e-06,2.27e-06,2.07e-06,2.55e-06
caution,3e-06,2.94e-06,2.65e-06,2.65e-06,2.86e-06,2.88e-06,2.88e-06,3.31e-06,2.97e-06
identifies,2.269e-05,2.392e-05,2.321e-05,2.243e-05,2.19e-05,2.157e-05,2.142e-05,2.169e-05,2.331e-05
questionnaire,5.35e-06,5.67e-06,5.7e-06,5.71e-06,5.73e-06,5.75e-06,4.94e-06,4.96e-06,5.51e-06
qualification,1.37e-05,1.322e-05,1.262e-05,1.264e-05,1.228e-05,1.171e-05,1.174e-05,1.157e-05,1.346e-05
locks,4.71e-06,4.2e-06,3.87e-06,4.28e-06,4.5e-06,4.52e-06,4.74e-06,4.96e-06,4.45e-06
modelling,7.598e-05,8.183e-05,8.021e-05,8.484e-05,8.615e-05,8.589e-05,8.177e-05,8.387e-05,7.89e-05
namely,6.421e-05,6.483e-05,6.413e-05,6.424e-05,6.201e-05,6.205e-05,6.035e-05,5.949e-05,6.452e-05
miniature,2.57e-06,3.15e-06,3.66e-06,3.87e-06,3.68e-06,3.49e-06,3.91e-06,3.51e-06,2.86e-06
dept,1.049e-05,9.23e-06,7.53e-06,7.14e-06,6.96e-06,6.99e-06,6.59e-06,6.61e-06,9.86e-06
hack,6.85e-06,6.71e-06,6.72e-06,6.53e-06,6.75e-06,5.96e-06,5.97e-06,5.16e-06,6.78e-06
dare,1.5e-06,1.26e-06,1.43e-06,1.02e-06,1.23e-06,1.03e-06,1.03e-06,1.03e-06,1.38e-06
euros,5.35e-06,4.83e-06,4.68e-06,3.47e-06,3.48e-06,3.08e-06,3.3e-06,3.31e-06,5.09e-06
interstate,1.5e-06,2.1e-06,2.44e-06,2.45e-06,2.46e-06,2.47e-06,2.68e-06,2.69e-06,1.8e-06
pirates,3.21e-06,2.94e-06,2.85e-06,3.06e-06,2.66e-06,2.67e-06,2.88e-06,2.89e-06,3.08e-06
aerial,4.92e-06,5.46e-06,5.9e-06,6.32e-06,6.34e-06,6.37e-06,5.97e-06,5.99e-06,5.19e-06
hawk,1.71e-06,1.68e-06,1.63e-06,1.43e-06,1.84e-06,2.26e-06,2.27e-06,2.27e-06,1.69e-06
consequence,6.1e-05,6.106e-05,6.209e-05,6.077e-05,6.078e-05,5.918e-05,5.932e-05,5.929e-05,6.103e-05
rebel,2.14e-06,1.89e-06,1.83e-06,1.84e-06,1.84e-06,1.85e-06,1.65e-06,1.45e-06,2.01e-06
systematic,4.559e-05,4.679e-05,4.58e-05,4.568e-05,4.522e-05,4.603e-05,4.655e-05,4.73e-05,4.619e-05
perceived,3.189e-05,3.231e-05,3.237e-05,3.263e-05,3.233e-05,3.226e-05,3.234e-05,3.284e-05,3.21e-05
origins,3.51e-05,3.651e-05,3.644e-05,3.671e-05,3.827e-05,3.74e-05,3.851e-05,3.76e-05,3.581e-05
hired,1.391e-05,1.427e-05,1.486e-05,1.468e-05,1.392e-05,1.336e-05,1.401e-05,1.301e-05,1.409e-05
makeup,2.78e-06,2.73e-06,2.65e-06,2.65e-06,2.66e-06,2.88e-06,2.88e-06,2.48e-06,2.75e-06
textile,1.327e-05,1.28e-05,1.364e-05,1.305e-05,1.269e-05,1.315e-05,1.318e-05,1.26e-05,1.303e-05
lamb,6.63e-06,7.13e-06,7.33e-06,7.55e-06,7.98e-06,8.22e-06,8.44e-06,8.68e-06,6.88e-06
madagascar,1.07e-06,1.05e-06,1.83e-06,1.84e-06,1.84e-06,1.85e-06,1.85e-06,2.27e-06,1.06e-06
nathan,1.434e-05,1.49e-05,1.547e-05,1.55e-05,1.494e-05,1.52e-05,1.504e-05,1.446e-05,1.462e-05
tobago,4.3e-07,4.2e-07,4.1e-07,8.2e-07,6.1e-07,6.2e-07,6.2e-07,6.2e-07,4.3e-07
presenting,1.263e-05,1.28e-05,1.384e-05,1.448e-05,1.576e-05,1.623e-05,1.73e-05,1.735e-05,1.271e-05
cos,6.21e-06,5.46e-06,6.51e-06,5.3e-06,4.91e-06,4.11e-06,3.91e-06,4.75e-06,5.84e-06
troubleshooting,2.78e-06,2.73e-06,2.65e-06,2.65e-06,2.66e-06,2.67e-06,2.68e-06,2.69e-06,2.75e-06
uzbekistan,2.14e-06,2.31e-06,2.04e-06,1.84e-06,1.64e-06,1.85e-06,1.85e-06,1.86e-06,2.22e-06
indexes,1.092e-05,1.091e-05,1.038e-05,1.101e-05,1.126e-05,1.192e-05,1.153e-05,1.095e-05,1.091e-05
pac,3.64e-06,3.78e-06,4.89e-06,4.89e-06,4.91e-06,4.93e-06,4.94e-06,4.96e-06,3.71e-06
rl,1.5e-06,1.47e-06,1.43e-06,1.63e-06,2.25e-06,2.47e-06,2.68e-06,2.69e-06,1.48e-06
erp,5.35e-06,6.5e-06,6.51e-06,6.53e-06,6.75e-06,7.4e-06,7.21e-06,6.82e-06,5.93e-06
centuries,4.473e-05,4.532e-05,4.519e-05,4.568e-05,4.543e-05,4.685e-05,4.778e-05,4.916e-05,4.502e-05
gl,7.06e-06,6.92e-06,6.92e-06,7.34e-06,7.37e-06,7.19e-06,6.8e-06,6.61e-06,6.99e-06
magnitude,9.139e-05,9.295e-05,9.385e-05,9.748e-05,9.7e-05,9.986e-05,0.00010236,0.00010163,9.217e-05
ui,7.28e-06,6.92e-06,7.33e-06,7.34e-06,6.75e-06,6.58e-06,5.77e-06,5.37e-06,7.1e-06
richardson,1.798e-05,1.762e-05,1.914e-05,1.876e-05,1.821e-05,1.829e-05,1.771e-05,1.797e-05,1.78e-05
hindu,2.461e-05,2.434e-05,2.524e-05,2.712e-05,2.619e-05,2.486e-05,2.451e-05,2.541e-05,2.447e-05
dh,2.78e-06,2.52e-06,2.44e-06,2.04e-06,2.25e-06,2.05e-06,2.47e-06,2.69e-06,2.65e-06
fragrances,4.3e-07,4.2e-07,4.1e-07,4.1e-07,4.1e-07,4.1e-07,2.1e-07,2.1e-07,4.3e-07
vocabulary,1.156e-05,1.112e-05,1.099e-05,1.162e-05,1.269e-05,1.315e-05,1.421e-05,1.363e-05,1.134e-05
licking,2.1e-07,2.1e-07,2e-07,4.1e-07,4.1e-07,4.1e-07,4.1e-07,4.1e-07,2.1e-07
earthquake,1.049e-05,9.23e-06,1.018e-05,9.99e-06,9.82e-06,9.86e-06,1.05e-05,9.71e-06,9.86e-06
vpn,1.07e-06,1.05e-06,1.02e-06,1.22e-06,1.23e-06,1.23e-06,1.24e-06,1.24e-06,1.06e-06
fundraising,1.5e-06,1.47e-06,1.43e-06,1.43e-06,1.43e-06,1.44e-06,1.65e-06,1.65e-06,1.48e-06
fcc,6.85e-06,7.13e-06,6.31e-06,6.53e-06,6.14e-06,6.16e-06,6.8e-06,6.2e-06,6.99e-06
markers,8.99e-06,8.6e-06,9.36e-06,9.38e-06,1.044e-05,1.068e-05,1.092e-05,1.157e-05,8.79e-06
weights,5.843e-05,5.833e-05,6.128e-05,6.098e-05,6.119e-05,6.205e-05,6.261e-05,6.114e-05,5.838e-05
albania,4.71e-06,4.62e-06,4.89e-06,5.1e-06,4.5e-06,3.49e-06,3.5e-06,3.51e-06,4.67e-06
geological,1.477e-05,1.448e-05,1.568e-05,1.57e-05,1.412e-05,1.356e-05,1.401e-05,1.446e-05,1.462e-05
assessing,1.177e-05,1.112e-05,1.16e-05,1.183e-05,1.228e-05,1.253e-05,1.236e-05,1.26e-05,1.144e-05
lasting,9.85e-06,1.028e-05,9.77e-06,9.79e-06,9.62e-06,9.86e-06,9.89e-06,1.074e-05,1.006e-05
wicked,4.3e-07,4.2e-07,4.1e-07,4.1e-07,2e-07,2.1e-07,2.1e-07,2.1e-07,4.3e-07
eds,4.088e-05,4.175e-05,4.092e-05,4.242e-05,4.236e-05,4.15e-05,4.119e-05,4.214e-05,4.131e-05
introduces,1.648e-05,1.637e-05,1.629e-05,1.672e-05,1.719e-05,1.603e-05,1.586e-05,1.611e-05,1.642e-05
kills,1.5e-06,1.26e-06,1.22e-06,1.22e-06,1.23e-06,1.23e-06,1.65e-06,1.45e-06,1.38e-06
roommate,4.3e-07,4.2e-07,4.1e-07,4.1e-07,4.1e-07,4.1e-07,4.1e-07,4.1e-07,4.3e-07
webcams,0.0,0.0,0.0,0.0,0.0,0.0,0.0,0.0,0.0
pushed,7.06e-06,7.55e-06,7.13e-06,6.32e-06,6.34e-06,5.75e-06,5.97e-06,6.61e-06,7.31e-06
webmasters,6.4e-07,6.3e-07,6.1e-07,6.1e-07,6.1e-07,6.2e-07,6.2e-07,6.2e-07,6.4e-07
ro,5.99e-06,4.41e-06,4.89e-06,4.49e-06,4.09e-06,3.9e-06,3.91e-06,3.92e-06,5.2e-06
df,3.85e-06,4.2e-06,3.87e-06,3.67e-06,3.89e-06,3.9e-06,3.71e-06,3.72e-06,4.02e-06
computational,0.00051923,0.00052958,0.00054069,0.00054369,0.00054434,0.00054141,0.0005493,0.00055278,0.0005244
acdbentity,0.0,0.0,0.0,0.0,0.0,0.0,0.0,0.0,0.0
participated,2.418e-05,2.539e-05,2.585e-05,2.427e-05,2.394e-05,2.24e-05,2.204e-05,2.19e-05,2.479e-05
junk,1.28e-06,8.4e-07,8.1e-07,8.2e-07,8.2e-07,8.2e-07,8.2e-07,8.3e-07,1.06e-06
handhelds,2.1e-07,2.1e-07,2e-07,2e-07,2e-07,2.1e-07,2.1e-07,2.1e-07,2.1e-07
wax,2.78e-06,3.15e-06,2.85e-06,2.86e-06,2.66e-06,2.67e-06,2.68e-06,2.48e-06,2.96e-06
lucy,2.35e-06,2.31e-06,2.44e-06,2.65e-06,2.86e-06,2.26e-06,2.27e-06,2.48e-06,2.33e-06
answering,5.99e-06,5.46e-06,4.48e-06,4.28e-06,4.3e-06,4.52e-06,4.94e-06,5.58e-06,5.73e-06
hans,4.987e-05,5.141e-05,5.293e-05,5.262e-05,5.198e-05,5.178e-05,5.273e-05,5.226e-05,5.064e-05
impressed,3e-06,3.36e-06,3.05e-06,3.67e-06,3.27e-06,2.88e-06,3.09e-06,3.31e-06,3.18e-06
slope,3.018e-05,3.021e-05,2.748e-05,2.774e-05,2.763e-05,2.794e-05,2.78e-05,2.685e-05,3.019e-05
reggae,0.0,0.0,0.0,0.0,0.0,0.0,0.0,0.0,0.0
failures,1.37e-05,1.238e-05,1.242e-05,1.244e-05,1.228e-05,1.233e-05,1.153e-05,1.219e-05,1.304e-05
poet,2.761e-05,2.937e-05,2.931e-05,2.998e-05,3.151e-05,3.164e-05,3.254e-05,3.305e-05,2.849e-05
conspiracy,4.28e-06,6.08e-06,6.51e-06,6.93e-06,7.57e-06,8.84e-06,9.68e-06,1.053e-05,5.18e-06
surname,1.327e-05,1.322e-05,1.242e-05,1.264e-05,1.33e-05,1.397e-05,1.401e-05,1.343e-05,1.324e-05
theology,1.862e-05,1.825e-05,1.751e-05,1.795e-05,1.78e-05,1.746e-05,1.792e-05,1.776e-05,1.844e-05
nails,2.57e-06,2.31e-06,2.44e-06,2.45e-06,2.25e-06,2.26e-06,2.06e-06,2.07e-06,2.44e-06
evident,1.134e-05,1.028e-05,1.099e-05,1.101e-05,1.105e-05,1.151e-05,1.112e-05,1.053e-05,1.081e-05
whats,0.0,0.0,0.0,0.0,2e-07,4.1e-07,0.0,0.0,0.0
rides,1.93e-06,1.89e-06,1.63e-06,1.63e-06,1.43e-06,1.44e-06,1.65e-06,1.65e-06,1.91e-06
rehab,0.0,0.0,0.0,0.0,0.0,0.0,0.0,0.0,0.0
epic,8.35e-06,8.18e-06,8.14e-06,8.36e-06,7.98e-06,8.22e-06,8.44e-06,8.26e-06,8.26e-06
saturn,1.862e-05,1.888e-05,1.873e-05,1.917e-05,1.924e-05,2.014e-05,2.018e-05,2.107e-05,1.875e-05
organizer,6.21e-06,6.08e-06,6.11e-06,5.3e-06,5.12e-06,5.34e-06,5.35e-06,5.16e-06,6.14e-06
nut,2.78e-06,2.94e-06,2.85e-06,2.65e-06,2.66e-06,2.67e-06,2.68e-06,2.89e-06,2.86e-06
allergy,2.14e-06,2.31e-06,2.24e-06,2.24e-06,2.25e-06,2.05e-06,2.06e-06,2.07e-06,2.22e-06
sake,5.78e-06,6.08e-06,6.51e-06,5.91e-06,6.55e-06,6.99e-06,6.8e-06,6.82e-06,5.93e-06
twisted,1.734e-05,1.7e-05,1.629e-05,1.591e-05,1.596e-05,1.52e-05,1.401e-05,1.384e-05,1.717e-05
combinations,4.366e-05,4.28e-05,4.397e-05,4.507e-05,4.359e-05,4.52e-05,4.449e-05,4.503e-05,4.323e-05
preceding,8.582e-05,8.54e-05,8.489e-05,8.443e-05,8.513e-05,8.63e-05,8.733e-05,8.8e-05,8.561e-05
merit,1.434e-05,1.343e-05,1.323e-05,1.285e-05,1.289e-05,1.233e-05,1.298e-05,1.239e-05,1.389e-05
enzyme,7.49e-06,7.55e-06,7.94e-06,7.55e-06,8.39e-06,8.42e-06,7.41e-06,7.64e-06,7.52e-06
cumulative,2.055e-05,2.014e-05,2.015e-05,2.141e-05,2.128e-05,2.116e-05,2.142e-05,2.107e-05,2.035e-05
zshops,0.0,0.0,0.0,0.0,0.0,0.0,0.0,0.0,0.0
planes,6.335e-05,6.001e-05,5.985e-05,6.138e-05,6.344e-05,6.308e-05,6.405e-05,6.631e-05,6.168e-05
edmonton,3.64e-06,3.57e-06,3.46e-06,3.47e-06,3.89e-06,3.9e-06,3.71e-06,4.34e-06,3.61e-06
tackle,2.78e-06,2.94e-06,2.85e-06,2.45e-06,2.66e-06,2.67e-06,2.68e-06,2.89e-06,2.86e-06
disks,2.076e-05,1.993e-05,2.117e-05,2.121e-05,2.067e-05,2.096e-05,2.121e-05,2.21e-05,2.035e-05
condo,0.0,0.0,0.0,0.0,0.0,0.0,0.0,0.0,0.0
pokemon,0.0,2.1e-07,8.1e-07,2e-07,2e-07,2.1e-07,2.1e-07,2.1e-07,1.1e-07
amplifier,1.648e-05,1.49e-05,1.201e-05,1.224e-05,1.228e-05,1.192e-05,1.174e-05,1.177e-05,1.569e-05
ambien,0.0,0.0,0.0,0.0,0.0,0.0,0.0,0.0,0.0
arbitrary,0.00015003,0.00014792,0.00014718,0.00014948,0.00015041,0.00014753,0.00014912,0.00014852,0.00014898
prominent,6.87e-05,6.882e-05,6.86e-05,6.811e-05,6.896e-05,6.945e-05,6.9e-05,6.858e-05,6.876e-05
retrieve,7.28e-06,7.13e-06,7.13e-06,6.93e-06,6.55e-06,6.78e-06,7e-06,7.23e-06,7.2e-06
lexington,4.3e-07,4.2e-07,4.1e-07,4.1e-07,4.1e-07,4.1e-07,4.1e-07,4.1e-07,4.3e-07
vernon,4.07e-06,3.99e-06,3.66e-06,3.67e-06,3.07e-06,3.08e-06,3.09e-06,3.1e-06,4.03e-06
sans,3.85e-06,3.99e-06,3.87e-06,3.87e-06,3.68e-06,2.88e-06,2.47e-06,2.27e-06,3.92e-06
worldcat,4.07e-06,4.41e-06,4.28e-06,4.08e-06,4.09e-06,3.9e-06,3.91e-06,3.92e-06,4.24e-06
titanium,2.57e-06,2.73e-06,3.46e-06,3.67e-06,3.48e-06,3.7e-06,3.91e-06,3.92e-06,2.65e-06
irs,1.93e-06,1.68e-06,1.63e-06,1.84e-06,2.05e-06,2.05e-06,1.85e-06,1.65e-06,1.81e-06
fairy,6.85e-06,6.92e-06,6.72e-06,6.12e-06,5.93e-06,5.96e-06,5.35e-06,5.37e-06,6.88e-06
builds,1.498e-05,1.616e-05,1.69e-05,1.713e-05,1.617e-05,1.582e-05,1.483e-05,1.508e-05,1.557e-05
contacted,2.35e-06,2.31e-06,1.63e-06,1.63e-06,1.43e-06,1.44e-06,1.24e-06,1.24e-06,2.33e-06
shaft,4.49e-06,3.99e-06,3.87e-06,4.08e-06,4.09e-06,4.11e-06,4.33e-06,4.13e-06,4.24e-06
lean,6.42e-06,6.92e-06,6.92e-06,7.34e-06,7.78e-06,7.81e-06,8.03e-06,8.26e-06,6.67e-06
bye,6.4e-07,6.3e-07,6.1e-07,6.1e-07,6.1e-07,6.2e-07,6.2e-07,6.2e-07,6.4e-07
cdt,0.0,0.0,0.0,0.0,0.0,1.03e-06,1.44e-06,8.3e-07,0.0
recorders,1.07e-06,1.05e-06,1.02e-06,8.2e-07,8.2e-07,8.2e-07,1.03e-06,1.03e-06,1.06e-06
occasional,3.85e-06,3.78e-06,3.66e-06,3.47e-06,3.89e-06,3.9e-06,4.33e-06,4.54e-06,3.81e-06
leslie,1.755e-05,1.867e-05,1.914e-05,1.856e-05,1.862e-05,1.931e-05,1.915e-05,1.9e-05,1.811e-05
casio,2.1e-07,1.26e-06,1.43e-06,1.84e-06,1.84e-06,1.64e-06,1.24e-06,1.24e-06,7.3e-07
deutsche,9.42e-06,9.65e-06,1.059e-05,1.04e-05,1.023e-05,1.048e-05,1.071e-05,1.053e-05,9.53e-06
ana,3e-06,3.15e-06,3.05e-06,2.65e-06,2.86e-06,2.88e-06,2.88e-06,3.1e-06,3.08e-06
postings,8.6e-07,8.4e-07,8.1e-07,8.2e-07,1.02e-06,8.2e-07,8.2e-07,8.3e-07,8.5e-07
innovations,1.006e-05,1.028e-05,1.038e-05,1.06e-05,1.105e-05,1.11e-05,1.174e-05,1.239e-05,1.017e-05
kitty,2.35e-06,2.52e-06,3.05e-06,3.47e-06,3.27e-06,2.67e-06,2.88e-06,2.89e-06,2.43e-06
postcards,0.0,0.0,0.0,0.0,0.0,2.1e-07,2.1e-07,2.1e-07,0.0
dude,4.3e-07,4.2e-07,4.1e-07,4.1e-07,4.1e-07,4.1e-07,4.1e-07,4.1e-07,4.3e-07
drain,1.71e-06,1.89e-06,2.04e-06,2.04e-06,1.64e-06,1.64e-06,1.65e-06,1.86e-06,1.8e-06
monte,4.409e-05,4.217e-05,4.234e-05,4.344e-05,4.4e-05,4.438e-05,4.449e-05,4.441e-05,4.313e-05
fires,2.14e-06,2.52e-06,2.65e-06,3.47e-06,3.48e-06,3.7e-06,3.71e-06,3.72e-06,2.33e-06
algeria,3.85e-06,3.78e-06,4.07e-06,4.08e-06,4.09e-06,3.9e-06,4.74e-06,5.16e-06,3.81e-06
blessed,1.71e-06,1.68e-06,1.83e-06,1.84e-06,1.64e-06,1.85e-06,1.44e-06,1.45e-06,1.69e-06
luis,1.006e-05,9.44e-06,1.059e-05,1.081e-05,1.003e-05,1.048e-05,1.071e-05,1.053e-05,9.75e-06
reviewing,5.56e-06,5.87e-06,4.89e-06,4.28e-06,3.89e-06,4.11e-06,4.12e-06,4.13e-06,5.72e-06
cardiff,4.28e-06,4.41e-06,5.09e-06,5.1e-06,5.12e-06,5.34e-06,5.35e-06,5.58e-06,4.34e-06
cornwall,3.42e-06,3.36e-06,3.05e-06,3.26e-06,3.27e-06,3.29e-06,2.88e-06,2.89e-06,3.39e-06
favors,1.71e-06,1.47e-06,2.04e-06,1.84e-06,2.05e-06,2.47e-06,2.06e-06,1.86e-06,1.59e-06
potato,1.93e-06,1.68e-06,1.83e-06,1.84e-06,1.84e-06,1.64e-06,1.65e-06,1.65e-06,1.81e-06
panic,1.07e-06,1.47e-06,1.83e-06,1.84e-06,1.84e-06,1.85e-06,2.27e-06,1.65e-06,1.27e-06
explicitly,6.121e-05,6.064e-05,6.148e-05,6.261e-05,6.241e-05,6.185e-05,6.138e-05,6.238e-05,6.093e-05
sticks,3e-06,2.94e-06,3.05e-06,2.65e-06,2.86e-06,3.08e-06,3.5e-06,3.51e-06,2.97e-06
leone,8.6e-07,8.4e-07,1.02e-06,1.22e-06,1.23e-06,1.03e-06,1.03e-06,1.03e-06,8.5e-07
transsexual,2.1e-07,2.1e-07,2e-07,2e-07,2e-07,4.1e-07,4.1e-07,2.1e-07,2.1e-07
ez,1.07e-06,8.4e-07,8.1e-07,8.2e-07,8.2e-07,8.2e-07,8.2e-07,8.3e-07,9.5e-07
citizenship,5.99e-06,6.92e-06,6.11e-06,5.3e-06,5.12e-06,5.34e-06,5.56e-06,5.58e-06,6.46e-06
excuse,6.4e-07,6.3e-07,6.1e-07,6.1e-07,6.1e-07,4.1e-07,4.1e-07,4.1e-07,6.4e-07
reforms,5.56e-06,4.83e-06,4.68e-06,5.51e-06,5.32e-06,5.14e-06,5.56e-06,5.37e-06,5.2e-06
basement,2.35e-06,2.52e-06,2.04e-06,2.04e-06,1.43e-06,1.44e-06,1.85e-06,1.65e-06,2.43e-06
onion,2.35e-06,2.31e-06,2.85e-06,2.86e-06,2.86e-06,2.88e-06,2.88e-06,2.89e-06,2.33e-06
strand,7.92e-06,8.6e-06,8.96e-06,8.57e-06,8.8e-06,9.04e-06,9.06e-06,9.09e-06,8.26e-06
pf,1.28e-06,1.26e-06,1.22e-06,1.02e-06,1.23e-06,1.23e-06,1.24e-06,1.03e-06,1.27e-06
sandwich,3e-06,2.94e-06,2.85e-06,2.86e-06,3.07e-06,2.47e-06,2.47e-06,2.48e-06,2.97e-06
uw,1.93e-06,2.31e-06,2.04e-06,1.84e-06,1.64e-06,1.44e-06,1.44e-06,1.24e-06,2.12e-06
lawsuit,4.92e-06,4.2e-06,3.87e-06,4.08e-06,3.68e-06,4.11e-06,4.12e-06,4.75e-06,4.56e-06
alto,7.92e-06,7.34e-06,7.33e-06,7.14e-06,7.37e-06,7.81e-06,8.03e-06,8.06e-06,7.63e-06
informative,4.28e-06,4.41e-06,4.07e-06,3.67e-06,4.09e-06,4.73e-06,4.94e-06,5.16e-06,4.34e-06
girlfriend,2.57e-06,2.31e-06,2.04e-06,2.24e-06,2.25e-06,2.05e-06,2.06e-06,2.48e-06,2.44e-06
bloomberg,6.21e-06,6.71e-06,6.72e-06,6.32e-06,6.14e-06,5.55e-06,5.35e-06,5.16e-06,6.46e-06
cheque,6.4e-07,4.2e-07,1.43e-06,1.43e-06,1.84e-06,1.85e-06,1.65e-06,1.45e-06,5.3e-07
hierarchy,5.629e-05,5.539e-05,5.293e-05,5.364e-05,5.587e-05,5.609e-05,5.643e-05,5.619e-05,5.584e-05
influenced,5.907e-05,5.917e-05,5.822e-05,5.649e-05,5.73e-05,5.671e-05,5.787e-05,5.949e-05,5.912e-05
banners,4.28e-06,4.2e-06,4.48e-06,4.08e-06,4.3e-06,4.31e-06,4.94e-06,4.96e-06,4.24e-06
reject,6.42e-06,6.92e-06,6.51e-06,6.32e-06,7.16e-06,7.19e-06,7.62e-06,7.64e-06,6.67e-06
eau,1.07e-06,1.05e-06,1.22e-06,1.02e-06,1.02e-06,1.03e-06,1.03e-06,1.03e-06,1.06e-06
abandoned,1.391e-05,1.322e-05,1.221e-05,1.142e-05,1.207e-05,1.315e-05,1.277e-05,1.301e-05,1.356e-05
bd,5.99e-06,6.08e-06,6.31e-06,6.32e-06,5.32e-06,5.14e-06,4.53e-06,4.13e-06,6.04e-06
circles,9.032e-05,9.001e-05,9.12e-05,8.973e-05,8.963e-05,8.979e-05,9.392e-05,9.564e-05,9.017e-05
italic,1.93e-06,1.89e-06,2.04e-06,2.65e-06,2.46e-06,2.05e-06,2.06e-06,2.07e-06,1.91e-06
beats,6.42e-06,6.29e-06,6.31e-06,5.91e-06,6.14e-06,6.37e-06,5.97e-06,5.99e-06,6.36e-06
merry,8.6e-07,8.4e-07,8.1e-07,8.2e-07,1.02e-06,1.03e-06,1.03e-06,1.03e-06,8.5e-07
mil,8.13e-06,6.5e-06,6.72e-06,6.73e-06,6.34e-06,5.75e-06,5.77e-06,5.58e-06,7.32e-06
scuba,2.1e-07,2.1e-07,4.1e-07,2e-07,2e-07,2.1e-07,2.1e-07,2.1e-07,2.1e-07
gore,2.14e-06,2.1e-06,1.83e-06,1.84e-06,1.43e-06,1.44e-06,1.03e-06,1.03e-06,2.12e-06
complement,5.971e-05,5.98e-05,6.087e-05,6.261e-05,6.323e-05,6.041e-05,6.117e-05,6.052e-05,5.975e-05
cult,4.71e-06,5.04e-06,4.07e-06,3.87e-06,4.3e-06,4.31e-06,5.15e-06,4.54e-06,4.87e-06
dash,9.2e-06,9.65e-06,7.74e-06,6.73e-06,6.14e-06,5.96e-06,6.18e-06,6.2e-06,9.43e-06
passive,1.627e-05,1.637e-05,1.466e-05,1.428e-05,1.494e-05,1.582e-05,1.524e-05,1.549e-05,1.632e-05
mauritius,1.71e-06,1.68e-06,2.24e-06,2.04e-06,2.05e-06,2.05e-06,2.06e-06,2.07e-06,1.69e-06
valued,0.00010873,0.00011141,0.00010932,0.00011155,0.00011542,0.00011712,0.0001209,0.00012188,0.00011007
cage,1.498e-05,1.553e-05,1.568e-05,1.53e-05,1.555e-05,1.479e-05,1.442e-05,1.384e-05,1.525e-05
checklist,2.1e-07,4.2e-07,2e-07,2e-07,4.1e-07,4.1e-07,4.1e-07,4.1e-07,3.2e-07
bangbus,0.0,0.0,0.0,0.0,0.0,0.0,0.0,0.0,0.0
requesting,3e-06,3.36e-06,3.26e-06,3.06e-06,3.27e-06,3.29e-06,3.3e-06,2.69e-06,3.18e-06
courage,3e-06,3.15e-06,3.05e-06,3.26e-06,3.27e-06,3.49e-06,3.5e-06,3.31e-06,3.08e-06
verde,2.57e-06,2.73e-06,2.65e-06,2.65e-06,2.86e-06,2.88e-06,3.09e-06,2.89e-06,2.65e-06
lauderdale,2.1e-07,4.2e-07,4.1e-07,4.1e-07,4.1e-07,2.1e-07,2.1e-07,4.1e-07,3.2e-07
scenarios,1.241e-05,1.238e-05,1.303e-05,1.366e-05,1.453e-05,1.459e-05,1.504e-05,1.57e-05,1.239e-05
gazette,1.113e-05,1.049e-05,1.079e-05,1.081e-05,1.146e-05,1.089e-05,1.071e-05,1.033e-05,1.081e-05
hitachi,2.14e-06,2.31e-06,2.44e-06,2.65e-06,2.46e-06,2.47e-06,2.47e-06,2.48e-06,2.22e-06
divx,1.07e-06,1.05e-06,1.02e-06,1.02e-06,1.02e-06,1.03e-06,1.03e-06,1.03e-06,1.06e-06
extraction,1.605e-05,1.616e-05,1.71e-05,1.713e-05,1.719e-05,1.726e-05,1.771e-05,1.756e-05,1.611e-05
batman,2.78e-06,2.94e-06,2.85e-06,3.06e-06,3.07e-06,2.88e-06,2.47e-06,2.48e-06,2.86e-06
elevation,1.841e-05,1.867e-05,1.954e-05,1.978e-05,1.842e-05,1.808e-05,1.854e-05,1.797e-05,1.854e-05
hearings,6.4e-07,4.2e-07,4.1e-07,4.1e-07,4.1e-07,4.1e-07,4.1e-07,4.1e-07,5.3e-07
coleman,4.28e-06,3.57e-06,3.66e-06,3.87e-06,3.48e-06,3.49e-06,3.3e-06,3.51e-06,3.92e-06
hugh,1.498e-05,1.616e-05,1.608e-05,1.652e-05,1.719e-05,1.664e-05,1.668e-05,1.611e-05,1.557e-05
lap,4.3e-07,4.2e-07,6.1e-07,6.1e-07,6.1e-07,6.2e-07,6.2e-07,6.2e-07,4.3e-07
utilization,1.177e-05,1.322e-05,1.283e-05,1.203e-05,1.207e-05,1.171e-05,1.133e-05,1.177e-05,1.25e-05
beverages,2.57e-06,2.52e-06,2.44e-06,2.04e-06,1.84e-06,2.05e-06,2.47e-06,2.48e-06,2.55e-06
calibration,1.263e-05,1.175e-05,1.14e-05,1.183e-05,1.269e-05,1.336e-05,1.277e-05,1.26e-05,1.219e-05
jake,1.5e-06,1.47e-06,1.43e-06,1.43e-06,1.23e-06,1.03e-06,1.03e-06,1.03e-06,1.48e-06
eval,8.6e-07,8.4e-07,8.1e-07,8.2e-07,8.2e-07,8.2e-07,8.2e-07,8.3e-07,8.5e-07
efficiently,4.965e-05,4.952e-05,5.15e-05,5.139e-05,5.259e-05,5.445e-05,5.54e-05,5.433e-05,4.959e-05
anaheim,6.4e-07,6.3e-07,6.1e-07,6.1e-07,6.1e-07,6.2e-07,6.2e-07,6.2e-07,6.4e-07
ping,5.14e-06,5.46e-06,5.5e-06,4.89e-06,4.91e-06,4.93e-06,4.94e-06,4.96e-06,5.3e-06
textbook,6.785e-05,6.966e-05,6.962e-05,7.097e-05,7.203e-05,7.068e-05,6.92e-05,6.982e-05,6.875e-05
dried,3e-06,3.15e-06,3.05e-06,3.06e-06,2.86e-06,2.88e-06,2.88e-06,3.1e-06,3.08e-06
entertaining,3.42e-06,3.36e-06,3.66e-06,3.87e-06,3.89e-06,3.08e-06,2.88e-06,3.1e-06,3.39e-06
prerequisite,2.57e-06,2.52e-06,2.44e-06,2.65e-06,2.66e-06,2.88e-06,2.88e-06,2.69e-06,2.55e-06
luther,4.92e-06,4.83e-06,4.89e-06,5.3e-06,5.32e-06,5.14e-06,4.94e-06,5.16e-06,4.87e-06
frontier,9.2e-06,8.6e-06,8.35e-06,8.16e-06,8.39e-06,8.84e-06,8.86e-06,8.88e-06,8.9e-06
settle,4.28e-06,3.99e-06,4.07e-06,4.08e-06,4.09e-06,4.52e-06,4.53e-06,4.96e-06,4.14e-06
stopping,1.284e-05,1.217e-05,1.181e-05,1.224e-05,1.248e-05,1.233e-05,1.174e-05,1.115e-05,1.25e-05
refugees,1.07e-06,1.89e-06,1.02e-06,1.02e-06,1.23e-06,8.2e-07,1.03e-06,1.03e-06,1.48e-06
knights,4.49e-06,4.62e-06,4.68e-06,4.89e-06,4.71e-06,4.52e-06,4.53e-06,3.72e-06,4.55e-06
hypothesis,0.00010573,0.0001091,0.00011054,0.00011359,0.00011316,0.00011075,0.00011019,0.00010969,0.00010742
palmer,7.49e-06,7.76e-06,7.94e-06,6.12e-06,5.93e-06,5.96e-06,5.77e-06,5.78e-06,7.63e-06
medicines,2.35e-06,2.1e-06,1.83e-06,1.84e-06,2.05e-06,2.26e-06,2.06e-06,2.07e-06,2.22e-06
flux,4.066e-05,4.133e-05,3.97e-05,4.119e-05,4.154e-05,4.089e-05,3.996e-05,4.09e-05,4.099e-05
derby,4.3e-07,1.26e-06,1.22e-06,1.22e-06,1.23e-06,1.64e-06,1.44e-06,1.45e-06,8.4e-07
sao,8.6e-07,8.4e-07,6.1e-07,6.1e-07,6.1e-07,6.2e-07,6.2e-07,4.1e-07,8.5e-07
peaceful,1.71e-06,1.89e-06,2.44e-06,2.65e-06,2.66e-06,2.88e-06,2.68e-06,2.69e-06,1.8e-06
altered,1.22e-05,1.28e-05,1.364e-05,1.326e-05,1.33e-05,1.315e-05,1.339e-05,1.281e-05,1.25e-05
pontiac,0.0,0.0,0.0,0.0,0.0,0.0,0.0,0.0,0.0
regression,9.225e-05,9.295e-05,8.896e-05,8.749e-05,8.799e-05,9.205e-05,9.083e-05,9.275e-05,9.26e-05
doctrine,1.22e-05,1.28e-05,1.201e-05,1.183e-05,1.187e-05,1.171e-05,1.153e-05,1.177e-05,1.25e-05
scenic,2.1e-07,2.1e-07,4.1e-07,4.1e-07,6.1e-07,6.2e-07,6.2e-07,6.2e-07,2.1e-07
trainers,6.4e-07,6.3e-07,6.1e-07,6.1e-07,4.1e-07,6.2e-07,4.1e-07,4.1e-07,6.4e-07
muze,0.0,0.0,0.0,0.0,0.0,0.0,0.0,0.0,0.0
enhancements,2.78e-06,2.94e-06,2.65e-06,2.86e-06,3.27e-06,3.29e-06,3.91e-06,3.72e-06,2.86e-06
renewable,2.35e-06,2.52e-06,2.85e-06,2.65e-06,2.66e-06,3.08e-06,2.88e-06,2.89e-06,2.43e-06
intersection,0.0001205,0.00012022,0.00012621,0.00012889,0.00012524,0.00012945,0.00013099,0.00013096,0.00012036
passwords,1.969e-05,2.056e-05,2.015e-05,1.754e-05,1.78e-05,1.746e-05,1.854e-05,1.818e-05,2.013e-05
sewing,2.78e-06,2.73e-06,2.85e-06,2.86e-06,2.86e-06,2.88e-06,2.88e-06,2.48e-06,2.75e-06
consistency,3.81e-05,3.777e-05,3.685e-05,3.712e-05,3.724e-05,3.698e-05,3.666e-05,3.842e-05,3.793e-05
collectors,4.49e-06,5.04e-06,4.89e-06,5.3e-06,5.32e-06,4.73e-06,4.33e-06,4.13e-06,4.77e-06
conclude,6.21e-06,5.67e-06,5.29e-06,5.1e-06,4.5e-06,4.73e-06,4.33e-06,3.92e-06,5.94e-06
recognised,1.712e-05,1.762e-05,1.873e-05,1.835e-05,1.883e-05,1.808e-05,1.792e-05,1.859e-05,1.737e-05
munich,2.633e-05,2.539e-05,2.484e-05,2.427e-05,2.558e-05,2.507e-05,2.492e-05,2.458e-05,2.586e-05
oman,4.3e-07,2.1e-07,4.1e-07,6.1e-07,8.2e-07,8.2e-07,8.2e-07,1.03e-06,3.2e-07
celebs,0.0,0.0,0.0,0.0,0.0,0.0,0.0,0.0,0.0
gmc,2.1e-07,2.1e-07,2e-07,2e-07,2e-07,2.1e-07,2.1e-07,2.1e-07,2.1e-07
propose,7.49e-06,7.97e-06,8.75e-06,8.77e-06,9e-06,9.66e-06,1.009e-05,8.88e-06,7.73e-06
hh,8.6e-07,8.4e-07,1.22e-06,1.22e-06,6.1e-07,6.2e-07,6.2e-07,6.2e-07,8.5e-07
azerbaijan,4.49e-06,4.83e-06,5.29e-06,4.89e-06,4.5e-06,5.14e-06,5.35e-06,5.37e-06,4.66e-06
lighter,7.28e-06,6.92e-06,6.92e-06,7.14e-06,7.16e-06,7.19e-06,7e-06,7.23e-06,7.1e-06
rage,6.4e-07,6.3e-07,6.1e-07,6.1e-07,6.1e-07,8.2e-07,1.03e-06,8.3e-07,6.4e-07
adsl,4.3e-07,4.2e-07,4.1e-07,4.1e-07,2e-07,2.1e-07,2.1e-07,2.1e-07,4.3e-07
uh,1.28e-06,1.05e-06,1.02e-06,1.22e-06,8.2e-07,8.2e-07,6.2e-07,6.2e-07,1.16e-06
prix,1.006e-05,1.07e-05,1.12e-05,1.081e-05,1.023e-05,1.007e-05,9.68e-06,9.92e-06,1.038e-05
astrology,1.07e-05,1.196e-05,1.181e-05,1.183e-05,1.392e-05,1.212e-05,1.174e-05,1.177e-05,1.133e-05
advisors,4.71e-06,4.2e-06,4.07e-06,4.08e-06,3.48e-06,3.9e-06,3.71e-06,3.72e-06,4.45e-06
pavilion,2.14e-06,2.1e-06,2.24e-06,2.45e-06,2.46e-06,2.26e-06,2.47e-06,2.69e-06,2.12e-06
tactics,3.64e-06,3.15e-06,4.89e-06,5.1e-06,5.32e-06,5.14e-06,6.38e-06,6.4e-06,3.39e-06
trusts,2.14e-06,2.1e-06,2.04e-06,1.84e-06,1.84e-06,1.85e-06,2.06e-06,2.07e-06,2.12e-06
occurring,3.168e-05,3.105e-05,3.196e-05,3.263e-05,3.213e-05,3.329e-05,3.316e-05,3.243e-05,3.137e-05
supplemental,2.57e-06,2.52e-06,2.85e-06,2.86e-06,2.46e-06,2.47e-06,2.27e-06,2.07e-06,2.55e-06
travelling,1.156e-05,1.175e-05,1.221e-05,1.183e-05,1.269e-05,1.192e-05,1.195e-05,1.322e-05,1.165e-05
talented,3.42e-06,3.57e-06,3.66e-06,3.67e-06,3.27e-06,3.49e-06,3.5e-06,3.72e-06,3.49e-06
annie,4.07e-06,4.2e-06,3.87e-06,3.87e-06,3.89e-06,3.9e-06,4.33e-06,4.34e-06,4.14e-06
pillow,6.4e-07,6.3e-07,6.1e-07,6.1e-07,6.1e-07,6.2e-07,6.2e-07,6.2e-07,6.4e-07
induction,4.623e-05,4.532e-05,4.316e-05,4.466e-05,4.482e-05,4.561e-05,4.655e-05,4.586e-05,4.578e-05
derek,7.28e-06,7.55e-06,7.33e-06,6.73e-06,6.55e-06,6.58e-06,6.59e-06,5.99e-06,7.41e-06
precisely,9.952e-05,0.00010302,0.0001028,0.00010441,0.00010559,0.00010643,0.0001071,0.0001039,0.00010127
shorter,3.596e-05,3.462e-05,3.359e-05,3.324e-05,3.336e-05,3.308e-05,3.357e-05,3.45e-05,3.529e-05
harley,1.5e-06,1.05e-06,1.02e-06,1.22e-06,1.23e-06,1.23e-06,1.24e-06,1.24e-06,1.28e-06
spreading,1.498e-05,1.49e-05,1.486e-05,1.428e-05,1.31e-05,1.356e-05,1.421e-05,1.425e-05,1.494e-05
provinces,8.35e-06,9.65e-06,9.77e-06,1.02e-05,9.62e-06,1.027e-05,1.009e-05,1.033e-05,9e-06
relying,1.006e-05,1.028e-05,1.018e-05,1.081e-05,1.126e-05,1.171e-05,1.236e-05,1.177e-05,1.017e-05
finals,2.1e-07,2.1e-07,2e-07,4.1e-07,4.1e-07,4.1e-07,4.1e-07,6.2e-07,2.1e-07
paraguay,1.5e-06,1.26e-06,1.83e-06,1.84e-06,1.84e-06,2.05e-06,2.06e-06,1.86e-06,1.38e-06
steal,5.35e-06,5.25e-06,5.5e-06,5.91e-06,5.12e-06,4.73e-06,4.53e-06,4.96e-06,5.3e-06
parcel,5.78e-06,6.5e-06,6.72e-06,6.93e-06,6.96e-06,6.78e-06,6.38e-06,6.2e-06,6.14e-06
refined,1.584e-05,1.616e-05,1.669e-05,1.591e-05,1.576e-05,1.582e-05,1.668e-05,1.694e-05,1.6e-05
fd,1.28e-06,1.26e-06,1.02e-06,1.02e-06,1.23e-06,1.23e-06,1.24e-06,1.24e-06,1.27e-06
bo,2.35e-06,2.52e-06,1.63e-06,1.84e-06,1.64e-06,1.44e-06,1.65e-06,1.86e-06,2.43e-06
fifteen,1.199e-05,1.091e-05,1.14e-05,1.122e-05,1.085e-05,1.068e-05,1.05e-05,1.033e-05,1.145e-05
widespread,3.125e-05,3.168e-05,3.155e-05,3.243e-05,3.233e-05,3.185e-05,3.316e-05,3.45e-05,3.146e-05
incidence,3.467e-05,3.651e-05,3.807e-05,3.61e-05,3.683e-05,3.781e-05,3.81e-05,3.76e-05,3.559e-05
fears,2.14e-06,2.1e-06,1.83e-06,1.63e-06,1.64e-06,1.44e-06,1.65e-06,1.45e-06,2.12e-06
predict,4.259e-05,4.154e-05,4.214e-05,4.323e-05,4.482e-05,4.726e-05,4.716e-05,4.772e-05,4.206e-05
boutique,2.1e-07,4.2e-07,4.1e-07,4.1e-07,4.1e-07,8.2e-07,6.2e-07,4.1e-07,3.2e-07
acrylic,3.42e-06,3.99e-06,3.66e-06,3.67e-06,3.68e-06,4.52e-06,4.53e-06,4.34e-06,3.71e-06
rolled,1.93e-06,2.1e-06,2.85e-06,2.65e-06,2.86e-06,2.88e-06,2.68e-06,3.31e-06,2.02e-06
tuner,8.6e-07,8.4e-07,8.1e-07,8.2e-07,8.2e-07,8.2e-07,8.2e-07,8.3e-07,8.5e-07
avon,1.28e-06,1.47e-06,1.43e-06,1.43e-06,1.43e-06,1.44e-06,1.44e-06,1.45e-06,1.37e-06
incidents,4.28e-06,5.04e-06,4.07e-06,4.28e-06,4.09e-06,4.31e-06,4.74e-06,4.75e-06,4.66e-06
peterson,7.92e-06,8.18e-06,8.14e-06,7.14e-06,6.55e-06,7.4e-06,7.62e-06,7.44e-06,8.05e-06
rays,4.43e-05,4.175e-05,4.255e-05,4.323e-05,4.297e-05,4.418e-05,4.49e-05,4.565e-05,4.303e-05
asn,2.78e-06,2.73e-06,2.65e-06,2.45e-06,2.46e-06,2.67e-06,2.68e-06,2.69e-06,2.75e-06
shannon,5.137e-05,5.057e-05,4.947e-05,5.282e-05,5.3e-05,5.055e-05,5.046e-05,5.412e-05,5.097e-05
toddler,2.1e-07,6.3e-07,2e-07,2e-07,2e-07,2.1e-07,2.1e-07,4.1e-07,4.2e-07
enhancing,5.35e-06,5.04e-06,5.9e-06,5.91e-06,6.55e-06,6.99e-06,7.41e-06,8.06e-06,5.2e-06
flavor,5.35e-06,5.04e-06,4.68e-06,4.28e-06,5.73e-06,5.75e-06,5.77e-06,5.37e-06,5.2e-06
alike,4.92e-06,4.41e-06,4.68e-06,4.49e-06,5.32e-06,5.55e-06,5.77e-06,5.99e-06,4.67e-06
walt,2.526e-05,2.434e-05,2.423e-05,2.447e-05,2.435e-05,2.486e-05,2.472e-05,2.561e-05,2.48e-05
homeless,1.07e-06,1.05e-06,1.02e-06,1.02e-06,1.02e-06,1.03e-06,1.03e-06,1.03e-06,1.06e-06
horrible,1.71e-06,1.68e-06,1.63e-06,1.63e-06,1.64e-06,1.64e-06,1.65e-06,2.27e-06,1.69e-06
hungry,2.35e-06,2.1e-06,2.04e-06,2.04e-06,2.25e-06,2.05e-06,1.85e-06,1.86e-06,2.22e-06
metallic,1.134e-05,1.133e-05,1.099e-05,1.06e-05,1.105e-05,1.151e-05,1.112e-05,1.053e-05,1.133e-05
acne,0.0,0.0,0.0,0.0,0.0,0.0,0.0,0.0,0.0
blocked,5.35e-06,5.25e-06,5.5e-06,5.3e-06,5.73e-06,5.75e-06,5.97e-06,5.99e-06,5.3e-06
interference,3.082e-05,3.147e-05,3.135e-05,3.039e-05,3.049e-05,3.103e-05,3.151e-05,3.243e-05,3.115e-05
warriors,3.85e-06,3.36e-06,3.26e-06,2.86e-06,3.07e-06,3.29e-06,3.91e-06,3.31e-06,3.61e-06
palestine,5.78e-06,6.5e-06,6.72e-06,7.34e-06,7.37e-06,7.4e-06,8.03e-06,9.5e-06,6.14e-06
listprice,0.0,0.0,0.0,0.0,0.0,0.0,0.0,0.0,0.0
libs,0.0,0.0,4.1e-07,4.1e-07,4.1e-07,0.0,0.0,0.0,0.0
undo,3e-06,3.15e-06,3.05e-06,2.86e-06,2.66e-06,2.26e-06,2.27e-06,2.69e-06,3.08e-06
cadillac,0.0,0.0,0.0,0.0,0.0,0.0,0.0,0.0,0.0
atmospheric,3.895e-05,3.84e-05,4.153e-05,4.16e-05,4.216e-05,4.274e-05,4.325e-05,4.317e-05,3.867e-05
malawi,1.5e-06,1.05e-06,1.02e-06,1.22e-06,1.23e-06,1.44e-06,1.44e-06,1.45e-06,1.28e-06
wm,1.07e-06,1.05e-06,1.22e-06,1.02e-06,1.02e-06,1.03e-06,1.24e-06,1.24e-06,1.06e-06
pk,4.92e-06,4.62e-06,3.66e-06,3.87e-06,3.48e-06,3.49e-06,3.71e-06,3.31e-06,4.77e-06
sagem,0.0,0.0,0.0,0.0,0.0,0.0,0.0,0.0,0.0
knowledgestorm,0.0,0.0,0.0,0.0,0.0,0.0,0.0,0.0,0.0
dana,8.99e-06,8.81e-06,9.98e-06,9.99e-06,9.62e-06,9.86e-06,9.89e-06,9.71e-06,8.9e-06
halo,7.06e-06,6.92e-06,6.92e-06,6.93e-06,6.96e-06,7.6e-06,6.18e-06,5.99e-06,6.99e-06
ppm,3.64e-06,3.57e-06,3.46e-06,3.47e-06,3.89e-06,3.9e-06,3.91e-06,3.92e-06,3.61e-06
curtis,1.477e-05,1.511e-05,1.466e-05,1.448e-05,1.412e-05,1.479e-05,1.462e-05,1.467e-05,1.494e-05
parental,3e-06,2.73e-06,2.65e-06,2.65e-06,2.66e-06,2.67e-06,2.68e-06,2.89e-06,2.87e-06
referenced,1.627e-05,1.511e-05,1.547e-05,1.57e-05,1.412e-05,1.418e-05,1.277e-05,1.239e-05,1.569e-05
strikes,2.14e-06,2.31e-06,2.04e-06,2.24e-06,2.25e-06,2.26e-06,2.27e-06,2.27e-06,2.22e-06
lesser,1.498e-05,1.406e-05,1.425e-05,1.509e-05,1.576e-05,1.562e-05,1.627e-05,1.57e-05,1.452e-05
publicity,4.92e-06,4.83e-06,4.89e-06,4.69e-06,4.5e-06,4.11e-06,4.12e-06,4.13e-06,4.87e-06
marathon,1.28e-06,1.89e-06,1.22e-06,2.04e-06,2.05e-06,1.85e-06,2.06e-06,1.03e-06,1.59e-06
ant,7.49e-06,8.18e-06,8.14e-06,8.36e-06,7.98e-06,7.6e-06,7.83e-06,7.85e-06,7.84e-06
proposition,4.388e-05,4.238e-05,4.234e-05,4.242e-05,4.134e-05,4.294e-05,4.408e-05,4.379e-05,4.313e-05
gays,0.0,0.0,0.0,0.0,0.0,0.0,0.0,0.0,0.0
pressing,3.85e-06,4.41e-06,3.66e-06,3.67e-06,3.68e-06,3.7e-06,3.71e-06,3.72e-06,4.13e-06
gasoline,4.07e-06,3.78e-06,3.26e-06,3.47e-06,3.68e-06,3.49e-06,3.5e-06,3.92e-06,3.92e-06
apt,2.78e-06,2.94e-06,3.87e-06,3.87e-06,3.89e-06,3.9e-06,3.71e-06,3.72e-06,2.86e-06
dressed,6.85e-06,6.08e-06,6.72e-06,6.93e-06,7.57e-06,7.4e-06,8.03e-06,8.06e-06,6.46e-06
scout,2.78e-06,2.94e-06,2.85e-06,2.04e-06,2.25e-06,2.47e-06,2.68e-06,2.69e-06,2.86e-06
belfast,6.63e-06,6.29e-06,6.92e-06,7.34e-06,7.37e-06,7.19e-06,7.21e-06,6.2e-06,6.46e-06
exec,1.07e-06,1.05e-06,1.02e-06,1.02e-06,1.02e-06,1.03e-06,6.2e-07,6.2e-07,1.06e-06
dealt,1.477e-05,1.616e-05,1.629e-05,1.611e-05,1.576e-05,1.603e-05,1.565e-05,1.529e-05,1.547e-05
niagara,6.4e-07,4.2e-07,6.1e-07,6.1e-07,2e-07,2.1e-07,2.1e-07,2.1e-07,5.3e-07
inf,4.71e-06,5.46e-06,5.5e-06,5.51e-06,5.53e-06,5.55e-06,4.94e-06,4.34e-06,5.08e-06
eos,2.1e-07,2.1e-07,2e-07,2e-07,2e-07,2.1e-07,2.1e-07,2.1e-07,2.1e-07
warcraft,8.6e-07,8.4e-07,8.1e-07,8.2e-07,8.2e-07,4.1e-07,4.1e-07,4.1e-07,8.5e-07
charms,6.4e-07,6.3e-07,6.1e-07,8.2e-07,1.02e-06,1.23e-06,1.44e-06,1.45e-06,6.4e-07
catalyst,5.56e-06,5.67e-06,5.5e-06,5.1e-06,5.53e-06,5.34e-06,5.56e-06,5.37e-06,5.61e-06
trader,5.56e-06,5.87e-06,5.29e-06,4.89e-06,4.91e-06,4.73e-06,4.74e-06,4.54e-06,5.72e-06
bucks,2.1e-07,2.1e-07,0.0,0.0,2e-07,4.1e-07,2.1e-07,2.1e-07,2.1e-07
allowance,1.93e-06,1.89e-06,1.83e-06,1.84e-06,1.84e-06,1.85e-06,1.85e-06,1.86e-06,1.91e-06
vcr,2.1e-07,2.1e-07,2e-07,2e-07,2e-07,2.1e-07,2.1e-07,2.1e-07,2.1e-07
denial,7.7e-06,6.5e-06,7.13e-06,7.14e-06,6.55e-06,6.58e-06,6.8e-06,7.02e-06,7.1e-06
uri,4.07e-06,3.57e-06,2.85e-06,2.86e-06,3.68e-06,3.7e-06,3.71e-06,3.92e-06,3.82e-06
designation,1.562e-05,1.511e-05,1.425e-05,1.407e-05,1.453e-05,1.438e-05,1.462e-05,1.343e-05,1.536e-05
thrown,5.35e-06,4.83e-06,5.29e-06,4.89e-06,5.12e-06,5.14e-06,5.15e-06,5.16e-06,5.09e-06
prepaid,2.1e-07,2.1e-07,2e-07,4.1e-07,4.1e-07,2.1e-07,4.1e-07,6.2e-07,2.1e-07
raises,6.21e-06,6.29e-06,6.51e-06,6.53e-06,6.14e-06,5.14e-06,4.94e-06,5.16e-06,6.25e-06
gem,7.28e-06,1.007e-05,7.94e-06,7.95e-06,7.37e-06,6.58e-06,3.91e-06,4.13e-06,8.68e-06
duplicate,6.21e-06,6.08e-06,5.7e-06,5.71e-06,5.73e-06,6.16e-06,5.97e-06,5.99e-06,6.14e-06
electro,7.28e-06,7.76e-06,7.94e-06,7.95e-06,7.98e-06,8.42e-06,8.24e-06,8.26e-06,7.52e-06
criterion,7.469e-05,7.176e-05,7.206e-05,7.24e-05,7.306e-05,7.335e-05,7.332e-05,7.189e-05,7.323e-05
badge,2.74e-05,2.707e-05,2.708e-05,2.753e-05,2.742e-05,2.774e-05,2.677e-05,2.747e-05,2.723e-05
wrist,2.35e-06,2.31e-06,2.24e-06,2.04e-06,2.05e-06,2.05e-06,2.06e-06,2.27e-06,2.33e-06
civilization,1.049e-05,1.007e-05,9.98e-06,1.02e-05,9.82e-06,9.86e-06,8.86e-06,8.68e-06,1.028e-05
analyzed,2.996e-05,2.979e-05,3.013e-05,3.181e-05,3.336e-05,3.431e-05,3.419e-05,3.532e-05,2.988e-05
vietnamese,1.734e-05,1.846e-05,1.812e-05,1.795e-05,1.842e-05,1.849e-05,1.854e-05,1.818e-05,1.79e-05
heath,7.7e-06,6.71e-06,7.13e-06,7.14e-06,7.16e-06,7.19e-06,7.21e-06,7.64e-06,7.21e-06
tremendous,3e-06,3.15e-06,3.46e-06,3.26e-06,3.07e-06,2.67e-06,3.3e-06,2.89e-06,3.08e-06
ballot,6.42e-06,6.29e-06,6.11e-06,6.12e-06,6.14e-06,6.37e-06,6.8e-06,6.4e-06,6.36e-06
lexus,1.28e-06,1.26e-06,1.22e-06,1.22e-06,1.23e-06,1.23e-06,1.24e-06,1.24e-06,1.27e-06
varying,5.436e-05,5.266e-05,5.313e-05,5.343e-05,5.341e-05,5.383e-05,5.479e-05,5.557e-05,5.351e-05
remedies,2.1e-07,2.1e-07,4.1e-07,4.1e-07,4.1e-07,6.2e-07,6.2e-07,6.2e-07,2.1e-07
validity,5.265e-05,5.392e-05,5.435e-05,5.425e-05,5.464e-05,5.691e-05,5.643e-05,5.66e-05,5.329e-05
trustee,3.64e-06,4.2e-06,4.28e-06,4.08e-06,4.3e-06,4.52e-06,4.53e-06,4.96e-06,3.92e-06
maui,8.6e-07,8.4e-07,8.1e-07,8.2e-07,8.2e-07,8.2e-07,8.2e-07,8.3e-07,8.5e-07
handjobs,0.0,0.0,0.0,0.0,0.0,0.0,0.0,0.0,0.0
weighted,6.635e-05,6.441e-05,6.168e-05,6.159e-05,6.323e-05,6.37e-05,6.426e-05,6.404e-05,6.538e-05
angola,3e-06,2.73e-06,2.44e-06,2.24e-06,2.46e-06,2.47e-06,2.47e-06,2.48e-06,2.87e-06
squirt,6.4e-07,4.2e-07,4.1e-07,4.1e-07,4.1e-07,4.1e-07,4.1e-07,4.1e-07,5.3e-07
performs,2.825e-05,2.895e-05,2.769e-05,2.814e-05,2.844e-05,2.835e-05,2.698e-05,2.727e-05,2.86e-05
plastics,5.56e-06,5.46e-06,5.29e-06,5.3e-06,5.53e-06,5.14e-06,5.15e-06,5.16e-06,5.51e-06
realm,1.263e-05,1.238e-05,1.283e-05,1.387e-05,1.33e-05,1.397e-05,1.442e-05,1.529e-05,1.25e-05
corrected,1.477e-05,1.469e-05,1.547e-05,1.57e-05,1.658e-05,1.705e-05,1.627e-05,1.632e-05,1.473e-05
jenny,6.4e-07,1.05e-06,1.22e-06,1.22e-06,1.23e-06,1.44e-06,1.44e-06,1.45e-06,8.4e-07
helmet,3e-06,3.57e-06,4.28e-06,3.87e-06,3.68e-06,4.11e-06,3.5e-06,3.31e-06,3.28e-06
salaries,2.14e-06,1.47e-06,1.63e-06,1.63e-06,1.64e-06,1.64e-06,1.65e-06,1.45e-06,1.8e-06
postcard,2.1e-07,4.2e-07,4.1e-07,6.1e-07,6.1e-07,6.2e-07,4.1e-07,4.1e-07,3.2e-07
elephant,7.49e-06,7.55e-06,7.53e-06,7.34e-06,7.98e-06,8.42e-06,8.24e-06,8.47e-06,7.52e-06
yemen,1.07e-06,1.05e-06,1.43e-06,1.43e-06,1.43e-06,1.44e-06,1.03e-06,1.03e-06,1.06e-06
encountered,2.333e-05,2.392e-05,2.463e-05,2.468e-05,2.394e-05,2.527e-05,2.472e-05,2.417e-05,2.362e-05
tsunami,6.4e-07,1.05e-06,1.02e-06,1.02e-06,1.02e-06,1.03e-06,1.03e-06,1.03e-06,8.4e-07
scholar,8.668e-05,8.707e-05,8.774e-05,8.81e-05,8.738e-05,8.63e-05,8.506e-05,8.345e-05,8.688e-05
nickel,3e-06,2.94e-06,3.05e-06,3.06e-06,2.86e-06,2.88e-06,2.47e-06,2.27e-06,2.97e-06
internationally,2.954e-05,2.916e-05,2.769e-05,2.814e-05,2.947e-05,3.041e-05,3.089e-05,3.181e-05,2.935e-05
surrounded,1.306e-05,1.301e-05,1.344e-05,1.366e-05,1.351e-05,1.294e-05,1.277e-05,1.26e-05,1.303e-05
psi,7.28e-06,7.55e-06,7.33e-06,7.34e-06,7.57e-06,9.45e-06,8.03e-06,8.06e-06,7.41e-06
buses,4.92e-06,4.62e-06,4.48e-06,4.69e-06,5.12e-06,4.93e-06,4.94e-06,5.16e-06,4.77e-06
expedia,0.0,0.0,2e-07,0.0,0.0,0.0,0.0,0.0,0.0
geology,1.627e-05,1.553e-05,1.588e-05,1.53e-05,1.514e-05,1.52e-05,1.565e-05,1.591e-05,1.59e-05
pct,2.78e-06,2.73e-06,2.85e-06,3.06e-06,2.66e-06,2.67e-06,2.68e-06,2.48e-06,2.75e-06
wb,1.5e-06,1.68e-06,1.63e-06,1.84e-06,1.84e-06,1.85e-06,1.65e-06,1.65e-06,1.59e-06
creatures,1.413e-05,1.427e-05,1.303e-05,1.264e-05,1.33e-05,1.294e-05,1.174e-05,1.219e-05,1.42e-05
coating,7.06e-06,7.55e-06,7.53e-06,7.55e-06,7.78e-06,7.81e-06,7.83e-06,8.06e-06,7.31e-06
commented,6.85e-06,6.92e-06,6.51e-06,6.32e-06,5.73e-06,6.37e-06,5.97e-06,5.99e-06,6.88e-06
wallet,2.14e-06,2.52e-06,2.04e-06,2.04e-06,2.05e-06,1.85e-06,1.85e-06,2.07e-06,2.33e-06
cleared,2.14e-06,1.68e-06,2.04e-06,1.63e-06,1.64e-06,1.85e-06,1.65e-06,1.86e-06,1.91e-06
smilies,4.3e-07,4.2e-07,4.1e-07,0.0,0.0,0.0,0.0,0.0,4.3e-07
vids,0.0,0.0,0.0,0.0,0.0,0.0,0.0,0.0,0.0
accomplish,5.35e-06,5.04e-06,5.5e-06,5.51e-06,5.12e-06,5.14e-06,5.35e-06,5.16e-06,5.2e-06
boating,6.4e-07,6.3e-07,6.1e-07,6.1e-07,6.1e-07,8.2e-07,8.2e-07,8.3e-07,6.4e-07
drainage,7.28e-06,7.13e-06,7.13e-06,6.93e-06,7.16e-06,7.19e-06,7.21e-06,7.23e-06,7.2e-06
shakira,0.0,0.0,0.0,0.0,0.0,0.0,0.0,0.0,0.0
corners,2.269e-05,2.182e-05,2.138e-05,2.162e-05,2.067e-05,2.055e-05,2.039e-05,1.962e-05,2.226e-05
broader,1.905e-05,1.993e-05,2.097e-05,2.121e-05,2.169e-05,2.137e-05,2.224e-05,2.479e-05,1.949e-05
vegetarian,3e-06,2.52e-06,2.44e-06,2.24e-06,2.25e-06,2.05e-06,2.06e-06,3.1e-06,2.76e-06
rouge,4.28e-06,4.41e-06,4.28e-06,4.49e-06,4.5e-06,4.31e-06,4.12e-06,3.72e-06,4.34e-06
yeast,1.71e-06,1.68e-06,1.63e-06,1.63e-06,1.43e-06,1.44e-06,1.44e-06,1.65e-06,1.69e-06
yale,4.409e-05,4.7e-05,4.641e-05,4.629e-05,4.625e-05,4.664e-05,4.593e-05,4.503e-05,4.554e-05
newfoundland,6.21e-06,6.29e-06,6.51e-06,6.53e-06,6.55e-06,6.78e-06,6.8e-06,6.4e-06,6.25e-06
sn,1.199e-05,1.112e-05,1.099e-05,9.79e-06,8.8e-06,8.84e-06,9.06e-06,8.68e-06,1.156e-05
qld,0.0,0.0,2e-07,2e-07,4.1e-07,4.1e-07,2.1e-07,2.1e-07,0.0
pas,1.71e-06,1.68e-06,1.43e-06,1.43e-06,1.43e-06,1.44e-06,1.44e-06,1.45e-06,1.69e-06
clearing,3.42e-06,4.62e-06,4.28e-06,4.08e-06,3.89e-06,3.7e-06,3.71e-06,3.72e-06,4.02e-06
investigated,2.504e-05,2.56e-05,2.585e-05,2.57e-05,2.578e-05,2.63e-05,2.677e-05,2.603e-05,2.532e-05
dk,4.28e-06,3.99e-06,4.89e-06,3.47e-06,2.86e-06,2.26e-06,2.47e-06,1.86e-06,4.14e-06
ambassador,6.63e-06,6.5e-06,5.7e-06,5.51e-06,5.93e-06,6.78e-06,7e-06,5.37e-06,6.56e-06
coated,4.49e-06,5.46e-06,5.7e-06,4.49e-06,4.3e-06,4.11e-06,4.12e-06,4.13e-06,4.98e-06
intend,1.71e-06,1.47e-06,1.63e-06,1.63e-06,1.43e-06,1.44e-06,1.65e-06,1.65e-06,1.59e-06
stephanie,2.78e-06,2.73e-06,3.66e-06,3.47e-06,2.86e-06,3.08e-06,3.09e-06,2.89e-06,2.75e-06
contacting,1.93e-06,1.68e-06,1.63e-06,1.63e-06,1.84e-06,1.64e-06,1.65e-06,2.07e-06,1.81e-06
vegetation,1.092e-05,1.091e-05,1.038e-05,1.02e-05,1.003e-05,9.04e-06,9.27e-06,9.09e-06,1.091e-05
doom,1.71e-06,1.89e-06,2.24e-06,2.65e-06,3.48e-06,3.9e-06,2.88e-06,2.69e-06,1.8e-06
findarticles,4.3e-07,4.2e-07,4.1e-07,4.1e-07,4.1e-07,4.1e-07,4.1e-07,2.1e-07,4.3e-07
louise,1.027e-05,1.028e-05,1.12e-05,1.122e-05,1.166e-05,1.192e-05,1.092e-05,1.074e-05,1.027e-05
kenny,1.93e-06,1.68e-06,1.83e-06,1.63e-06,1.64e-06,1.64e-06,1.65e-06,1.45e-06,1.81e-06
specially,1.134e-05,1.175e-05,1.079e-05,1.101e-05,1.146e-05,1.13e-05,1.133e-05,1.095e-05,1.154e-05
owen,9.63e-06,9.65e-06,9.16e-06,9.58e-06,9.62e-06,9.45e-06,9.89e-06,1.012e-05,9.64e-06
routines,1.092e-05,1.112e-05,1.099e-05,1.101e-05,1.085e-05,1.11e-05,1.133e-05,1.157e-05,1.102e-05
hitting,4.92e-06,4.62e-06,4.68e-06,4.49e-06,4.09e-06,3.9e-06,4.12e-06,4.13e-06,4.77e-06
yukon,1.28e-06,1.26e-06,1.22e-06,1.22e-06,1.23e-06,1.23e-06,1.03e-06,1.03e-06,1.27e-06
beings,8.99e-06,9.02e-06,9.77e-06,9.99e-06,9.41e-06,8.84e-06,8.24e-06,8.06e-06,9e-06
bite,1.07e-06,1.05e-06,1.22e-06,1.43e-06,1.43e-06,1.44e-06,1.44e-06,1.45e-06,1.06e-06
issn,1.113e-05,1.007e-05,8.96e-06,8.16e-06,9.21e-06,8.63e-06,8.44e-06,8.68e-06,1.06e-05
aquatic,1.28e-06,1.47e-06,2.24e-06,2.24e-06,2.25e-06,2.05e-06,2.06e-06,2.07e-06,1.37e-06
reliance,3.21e-06,3.36e-06,3.46e-06,3.67e-06,3.48e-06,3.08e-06,3.3e-06,2.69e-06,3.28e-06
habits,1.28e-06,1.47e-06,1.43e-06,1.22e-06,1.23e-06,1.44e-06,1.44e-06,1.65e-06,1.37e-06
striking,9.85e-06,9.44e-06,8.35e-06,8.77e-06,8.59e-06,9.04e-06,9.27e-06,9.5e-06,9.64e-06
myth,6.42e-06,6.29e-06,6.51e-06,6.32e-06,6.96e-06,7.6e-06,7.62e-06,7.64e-06,6.36e-06
infectious,5.56e-06,5.04e-06,5.7e-06,6.32e-06,7.16e-06,7.4e-06,6.59e-06,7.02e-06,5.3e-06
podcasts,1.28e-06,1.26e-06,2.04e-06,2.04e-06,2.66e-06,2.47e-06,2.47e-06,3.1e-06,1.27e-06
singh,1.327e-05,1.301e-05,1.323e-05,1.285e-05,1.269e-05,1.274e-05,1.298e-05,1.281e-05,1.314e-05
gig,1.28e-06,1.47e-06,1.22e-06,1.22e-06,1.23e-06,1.23e-06,1.24e-06,1.45e-06,1.37e-06
gilbert,2.311e-05,2.329e-05,2.178e-05,2.203e-05,2.231e-05,2.26e-05,2.327e-05,2.314e-05,2.32e-05
sas,4.49e-06,3.99e-06,3.87e-06,4.08e-06,3.68e-06,3.9e-06,4.74e-06,5.16e-06,4.24e-06
ferrari,3e-06,2.94e-06,2.65e-06,1.84e-06,1.84e-06,1.85e-06,1.85e-06,1.65e-06,2.97e-06
continuity,3.788e-05,3.819e-05,3.766e-05,3.875e-05,3.909e-05,4.048e-05,4.099e-05,4.069e-05,3.803e-05
brook,1.926e-05,1.867e-05,1.893e-05,1.754e-05,1.719e-05,1.664e-05,1.751e-05,1.818e-05,1.896e-05
fu,5.99e-06,6.08e-06,6.51e-06,6.32e-06,6.55e-06,5.75e-06,4.94e-06,4.13e-06,6.04e-06
outputs,3.339e-05,3.126e-05,3.278e-05,3.141e-05,3.213e-05,3.185e-05,3.275e-05,3.367e-05,3.232e-05
phenomenon,8.261e-05,8.141e-05,8.021e-05,7.953e-05,8.083e-05,8.28e-05,8.218e-05,8.221e-05,8.201e-05
ensemble,3.018e-05,2.916e-05,2.972e-05,3.039e-05,3.049e-05,3.103e-05,3.192e-05,3.326e-05,2.967e-05
insulin,8.6e-07,8.4e-07,8.1e-07,8.2e-07,8.2e-07,8.2e-07,8.2e-07,8.3e-07,8.5e-07
assured,2.57e-06,2.31e-06,2.44e-06,2.24e-06,2.46e-06,2.26e-06,1.85e-06,1.86e-06,2.44e-06
biblical,8.13e-06,8.18e-06,7.53e-06,6.93e-06,6.55e-06,6.99e-06,7.83e-06,7.64e-06,8.15e-06
weed,0.0,0.0,0.0,0.0,0.0,2.1e-07,2.1e-07,2.1e-07,0.0
conscious,7.49e-06,7.34e-06,6.92e-06,6.93e-06,8.39e-06,8.42e-06,8.44e-06,8.06e-06,7.42e-06
accent,8.78e-06,8.81e-06,8.75e-06,8.57e-06,8.59e-06,9.04e-06,9.27e-06,9.09e-06,8.79e-06
mysimon,0.0,0.0,0.0,0.0,0.0,0.0,0.0,0.0,0.0
eleven,1.241e-05,1.259e-05,1.181e-05,1.203e-05,1.146e-05,1.068e-05,1.05e-05,1.136e-05,1.25e-05
wives,4.49e-06,3.99e-06,3.26e-06,3.06e-06,3.27e-06,3.49e-06,3.3e-06,3.31e-06,4.24e-06
ambient,1.477e-05,1.511e-05,1.669e-05,1.713e-05,1.78e-05,1.849e-05,2.039e-05,2.107e-05,1.494e-05
utilize,5.99e-06,7.13e-06,6.92e-06,6.12e-06,6.14e-06,7.19e-06,6.8e-06,7.23e-06,6.56e-06
mileage,4.3e-07,4.2e-07,4.1e-07,4.1e-07,4.1e-07,2.1e-07,2.1e-07,4.1e-07,4.3e-07
oecd,1.07e-05,1.049e-05,1.038e-05,1.122e-05,1.085e-05,1.048e-05,1.092e-05,1.053e-05,1.059e-05
prostate,1.28e-06,1.05e-06,8.1e-07,8.2e-07,8.2e-07,8.2e-07,8.2e-07,8.3e-07,1.16e-06
adaptor,4.3e-07,4.2e-07,4.1e-07,4.1e-07,4.1e-07,4.1e-07,4.1e-07,4.1e-07,4.3e-07
auburn,3.85e-06,4.41e-06,4.48e-06,4.69e-06,5.12e-06,4.93e-06,4.94e-06,4.54e-06,4.13e-06
unlock,2.14e-06,1.47e-06,1.63e-06,1.63e-06,1.84e-06,1.85e-06,2.47e-06,2.48e-06,1.8e-06
hyundai,4.3e-07,4.2e-07,4.1e-07,4.1e-07,4.1e-07,4.1e-07,4.1e-07,4.1e-07,4.3e-07
pledge,1.71e-06,1.68e-06,1.83e-06,1.84e-06,1.64e-06,1.64e-06,1.65e-06,1.45e-06,1.69e-06
vampire,1.93e-06,1.89e-06,1.83e-06,2.24e-06,2.25e-06,2.26e-06,2.27e-06,2.27e-06,1.91e-06
angela,1.5e-06,1.89e-06,2.24e-06,2.86e-06,2.86e-06,2.88e-06,2.88e-06,3.1e-06,1.69e-06
relates,5.372e-05,5.308e-05,5.435e-05,5.527e-05,5.689e-05,5.815e-05,5.664e-05,5.639e-05,5.34e-05
nitrogen,1.092e-05,9.86e-06,1.038e-05,1.081e-05,1.085e-05,1.151e-05,1.112e-05,1.095e-05,1.039e-05
xerox,1.027e-05,9.65e-06,9.57e-06,9.99e-06,9.62e-06,9.66e-06,1.009e-05,1.053e-05,9.96e-06
dice,1.648e-05,1.553e-05,1.588e-05,1.509e-05,1.555e-05,1.562e-05,1.421e-05,1.508e-05,1.601e-05
merger,7.06e-06,6.5e-06,7.13e-06,6.73e-06,7.16e-06,7.6e-06,7.62e-06,7.64e-06,6.78e-06
softball,0.0,0.0,0.0,2e-07,2e-07,2.1e-07,2.1e-07,2.1e-07,0.0
referrals,0.0,0.0,0.0,0.0,0.0,0.0,0.0,0.0,0.0
quad,1.71e-06,1.68e-06,1.63e-06,1.84e-06,1.64e-06,1.64e-06,2.06e-06,2.27e-06,1.69e-06
dock,1.07e-06,1.26e-06,1.43e-06,1.43e-06,1.23e-06,1.23e-06,1.24e-06,1.03e-06,1.16e-06
differently,2.376e-05,2.392e-05,2.402e-05,2.468e-05,2.599e-05,2.651e-05,2.719e-05,2.665e-05,2.384e-05
firewire,6.4e-07,6.3e-07,6.1e-07,6.1e-07,6.1e-07,6.2e-07,6.2e-07,6.2e-07,6.4e-07
mods,4.3e-07,4.2e-07,4.1e-07,4.1e-07,4.1e-07,4.1e-07,4.1e-07,4.1e-07,4.3e-07
nextel,0.0,0.0,0.0,0.0,0.0,0.0,0.0,0.0,0.0
framing,5.35e-06,5.25e-06,4.89e-06,5.51e-06,5.93e-06,6.37e-06,6.18e-06,5.99e-06,5.3e-06
organised,9.63e-06,9.65e-06,9.77e-06,9.79e-06,1.044e-05,1.027e-05,1.009e-05,9.92e-06,9.64e-06
musician,1.584e-05,1.532e-05,1.506e-05,1.631e-05,1.678e-05,1.644e-05,1.648e-05,1.673e-05,1.558e-05
blocking,8.99e-06,8.81e-06,8.75e-06,9.38e-06,1.003e-05,9.25e-06,9.47e-06,9.5e-06,8.9e-06
rwanda,1.71e-06,1.47e-06,1.83e-06,1.43e-06,1.23e-06,1.44e-06,1.24e-06,1.45e-06,1.59e-06
sorts,1.413e-05,1.343e-05,1.221e-05,1.224e-05,1.228e-05,1.315e-05,1.359e-05,1.343e-05,1.378e-05
integrating,2.012e-05,1.951e-05,1.832e-05,1.795e-05,1.719e-05,1.664e-05,1.668e-05,1.735e-05,1.981e-05
vsnet,0.0,0.0,0.0,0.0,0.0,0.0,0.0,0.0,0.0
limiting,3.596e-05,3.693e-05,3.725e-05,3.63e-05,3.765e-05,3.924e-05,3.996e-05,3.966e-05,3.645e-05
dispatch,6.42e-06,7.34e-06,7.13e-06,7.34e-06,7.37e-06,7.6e-06,7.62e-06,7.44e-06,6.88e-06
revisions,6.21e-06,5.46e-06,5.29e-06,5.71e-06,5.93e-06,6.16e-06,6.59e-06,6.2e-06,5.84e-06
papua,3.42e-06,3.57e-06,4.28e-06,4.28e-06,4.3e-06,4.31e-06,4.12e-06,4.13e-06,3.49e-06
restored,5.99e-06,6.08e-06,5.5e-06,5.51e-06,5.73e-06,5.96e-06,5.77e-06,5.78e-06,6.04e-06
hint,2.14e-06,2.52e-06,2.44e-06,2.45e-06,2.05e-06,2.05e-06,2.06e-06,2.07e-06,2.33e-06
armor,1.5e-06,1.89e-06,2.24e-06,1.63e-06,1.43e-06,1.44e-06,1.44e-06,1.45e-06,1.69e-06
riders,3.21e-06,2.1e-06,2.04e-06,2.04e-06,2.25e-06,2.05e-06,1.85e-06,1.86e-06,2.65e-06
chargers,1.5e-06,1.47e-06,1.22e-06,1.63e-06,1.64e-06,1.64e-06,1.85e-06,1.86e-06,1.48e-06
remark,5.14e-06,5.25e-06,5.09e-06,5.1e-06,4.91e-06,5.14e-06,5.15e-06,5.16e-06,5.2e-06
dozens,6.21e-06,5.87e-06,5.5e-06,5.51e-06,5.73e-06,5.34e-06,5.15e-06,5.99e-06,6.04e-06
varies,4.152e-05,4.133e-05,4.214e-05,4.262e-05,4.482e-05,4.376e-05,4.305e-05,4.441e-05,4.143e-05
msie,2.1e-07,2.1e-07,2e-07,2e-07,2e-07,2.1e-07,2.1e-07,2.1e-07,2.1e-07
reasoning,8.026e-05,7.574e-05,7.695e-05,7.892e-05,8.206e-05,8.239e-05,8.259e-05,8.18e-05,7.8e-05
wn,1.5e-06,1.68e-06,1.63e-06,1.63e-06,1.64e-06,1.23e-06,1.24e-06,1.24e-06,1.59e-06
liz,8.6e-07,8.4e-07,8.1e-07,1.02e-06,1.02e-06,1.03e-06,1.03e-06,1.03e-06,8.5e-07
rendered,1.327e-05,1.343e-05,1.323e-05,1.468e-05,1.514e-05,1.623e-05,1.689e-05,1.673e-05,1.335e-05
picking,5.99e-06,6.08e-06,5.9e-06,6.12e-06,5.73e-06,5.55e-06,5.97e-06,5.78e-06,6.04e-06
charitable,5.35e-06,5.46e-06,5.7e-06,5.91e-06,5.53e-06,5.34e-06,5.56e-06,5.58e-06,5.4e-06
guards,5.78e-06,5.67e-06,5.9e-06,5.91e-06,5.93e-06,3.7e-06,4.33e-06,4.54e-06,5.73e-06
annotated,7.92e-06,8.18e-06,7.74e-06,6.93e-06,7.57e-06,7.4e-06,7.21e-06,7.23e-06,8.05e-06
ccd,1.07e-06,1.05e-06,1.02e-06,1.22e-06,8.2e-07,1.03e-06,1.03e-06,1.03e-06,1.06e-06
sv,1.5e-06,1.68e-06,1.43e-06,1.43e-06,1.43e-06,1.64e-06,1.44e-06,1.24e-06,1.59e-06
convinced,3.85e-06,3.57e-06,3.66e-06,3.47e-06,3.48e-06,3.7e-06,4.12e-06,4.13e-06,3.71e-06
openings,3.42e-06,3.78e-06,4.07e-06,3.87e-06,4.3e-06,4.11e-06,4.12e-06,4.13e-06,3.6e-06
buys,1.5e-06,1.26e-06,1.63e-06,1.63e-06,1.64e-06,1.85e-06,1.85e-06,1.65e-06,1.38e-06
burlington,2.57e-06,2.73e-06,3.05e-06,3.06e-06,3.07e-06,3.08e-06,2.06e-06,2.48e-06,2.65e-06
replacing,4.131e-05,4.028e-05,4.031e-05,4.242e-05,4.134e-05,4.15e-05,4.202e-05,4.441e-05,4.08e-05
researcher,0.0001098,0.00011855,0.00012418,0.00012277,0.00012176,0.0001202,0.00012378,0.0001227,0.00011417
watershed,1.71e-06,1.47e-06,1.22e-06,1.43e-06,1.23e-06,1.03e-06,1.03e-06,1.45e-06,1.59e-06
councils,5.99e-06,6.08e-06,6.31e-06,5.71e-06,5.53e-06,5.14e-06,4.94e-06,4.54e-06,6.04e-06
occupations,1.28e-06,1.26e-06,1.02e-06,1.22e-06,1.23e-06,1.64e-06,1.44e-06,1.45e-06,1.27e-06
acknowledged,9.63e-06,9.23e-06,1.12e-05,1.224e-05,1.207e-05,1.171e-05,1.174e-05,1.177e-05,9.43e-06
nudity,8.6e-07,8.4e-07,1.22e-06,1.22e-06,1.23e-06,1.23e-06,1.24e-06,1.24e-06,8.5e-07
kruger,6.4e-07,6.3e-07,8.1e-07,8.2e-07,6.1e-07,6.2e-07,6.2e-07,6.2e-07,6.4e-07
pockets,8.6e-07,8.4e-07,8.1e-07,1.63e-06,8.2e-07,1.03e-06,1.24e-06,1.24e-06,8.5e-07
granny,0.0,0.0,0.0,0.0,0.0,0.0,0.0,0.0,0.0
pork,0.0,0.0,0.0,0.0,0.0,0.0,0.0,0.0,0.0
zu,8.13e-06,7.97e-06,8.75e-06,8.77e-06,8.59e-06,8.22e-06,8.44e-06,8.47e-06,8.05e-06
equilibrium,0.00011536,0.0001133,0.00011522,0.00011461,0.00011398,0.00011362,0.00011678,0.00011712,0.00011433
viral,6.42e-06,8.6e-06,7.74e-06,8.16e-06,8.39e-06,7.4e-06,7e-06,7.02e-06,7.51e-06
inquire,8.6e-07,8.4e-07,6.1e-07,2e-07,2e-07,2.1e-07,2.1e-07,2.1e-07,8.5e-07
pipes,5.78e-06,5.46e-06,5.7e-06,4.49e-06,4.5e-06,4.93e-06,4.94e-06,4.96e-06,5.62e-06
characterized,5.586e-05,5.497e-05,5.68e-05,5.812e-05,5.73e-05,5.753e-05,5.808e-05,6.073e-05,5.541e-05
laden,2.1e-07,4.2e-07,4.1e-07,4.1e-07,6.1e-07,6.2e-07,8.2e-07,8.3e-07,3.2e-07
aruba,1.07e-06,1.05e-06,1.02e-06,1.02e-06,1.02e-06,1.03e-06,1.03e-06,1.03e-06,1.06e-06
cottages,2.1e-07,2.1e-07,4.1e-07,4.1e-07,2e-07,2.1e-07,2.1e-07,2.1e-07,2.1e-07
realtor,4.3e-07,4.2e-07,4.1e-07,4.1e-07,4.1e-07,4.1e-07,4.1e-07,4.1e-07,4.3e-07
merge,1.241e-05,1.322e-05,1.262e-05,1.346e-05,1.33e-05,1.294e-05,1.359e-05,1.384e-05,1.282e-05
privilege,6.85e-06,6.92e-06,6.51e-06,6.32e-06,6.34e-06,5.75e-06,5.97e-06,5.99e-06,6.88e-06
edgar,1.284e-05,1.217e-05,1.262e-05,1.183e-05,1.207e-05,1.212e-05,1.215e-05,1.239e-05,1.25e-05
develops,1.862e-05,1.741e-05,1.69e-05,1.672e-05,1.698e-05,1.664e-05,1.689e-05,1.756e-05,1.802e-05
qualifying,3.85e-06,3.78e-06,3.87e-06,4.28e-06,4.3e-06,4.52e-06,4.53e-06,4.34e-06,3.81e-06
chassis,1.28e-06,1.26e-06,1.22e-06,1.22e-06,1.23e-06,1.44e-06,1.44e-06,1.24e-06,1.27e-06
dubai,1.28e-06,1.26e-06,1.22e-06,1.02e-06,1.02e-06,1.23e-06,1.44e-06,1.65e-06,1.27e-06
estimation,7.983e-05,8.036e-05,7.838e-05,7.79e-05,7.756e-05,7.746e-05,7.826e-05,7.87e-05,8.009e-05
barn,2.78e-06,2.31e-06,2.24e-06,2.45e-06,2.25e-06,2.26e-06,2.27e-06,2.07e-06,2.55e-06
pushing,6.21e-06,6.71e-06,6.11e-06,6.12e-06,6.34e-06,5.96e-06,6.18e-06,6.2e-06,6.46e-06
llp,4.3e-07,1.05e-06,6.1e-07,4.1e-07,4.1e-07,6.2e-07,6.2e-07,4.1e-07,7.4e-07
fleece,1.5e-06,1.47e-06,1.43e-06,1.43e-06,1.02e-06,1.03e-06,1.03e-06,6.2e-07,1.48e-06
pediatric,2.57e-06,2.52e-06,2.24e-06,2.24e-06,2.25e-06,2.05e-06,2.06e-06,2.07e-06,2.55e-06
boc,0.0,0.0,0.0,0.0,0.0,0.0,0.0,0.0,0.0
fare,8.6e-07,8.4e-07,6.1e-07,6.1e-07,1.02e-06,1.03e-06,1.03e-06,8.3e-07,8.5e-07
dg,3.21e-06,3.15e-06,2.44e-06,2.45e-06,2.46e-06,2.67e-06,2.47e-06,2.69e-06,3.18e-06
asus,4.3e-07,4.2e-07,4.1e-07,4.1e-07,4.1e-07,4.1e-07,4.1e-07,4.1e-07,4.3e-07
pierce,7.92e-06,7.97e-06,7.53e-06,7.55e-06,7.57e-06,7.4e-06,7e-06,7.23e-06,7.94e-06
allan,1.263e-05,1.238e-05,1.242e-05,1.224e-05,1.228e-05,1.212e-05,1.236e-05,1.239e-05,1.25e-05
dressing,8.6e-07,8.4e-07,8.1e-07,8.2e-07,8.2e-07,8.2e-07,8.2e-07,8.3e-07,8.5e-07
techrepublic,0.0,0.0,0.0,0.0,0.0,0.0,0.0,0.0,0.0
sperm,1.5e-06,1.05e-06,1.02e-06,1.02e-06,1.02e-06,1.03e-06,6.2e-07,6.2e-07,1.28e-06
vg,4.3e-07,0.0,0.0,0.0,0.0,0.0,0.0,0.0,2.2e-07
bald,1.5e-06,1.68e-06,1.43e-06,1.43e-06,1.43e-06,1.44e-06,1.65e-06,1.65e-06,1.59e-06
filme,0.0,0.0,0.0,0.0,0.0,0.0,0.0,0.0,0.0
craps,2.1e-07,2.1e-07,2e-07,2e-07,2e-07,2.1e-07,2.1e-07,2.1e-07,2.1e-07
fuji,4.3e-07,4.2e-07,4.1e-07,6.1e-07,8.2e-07,8.2e-07,8.2e-07,8.3e-07,4.3e-07
frost,5.78e-06,5.87e-06,5.7e-06,5.51e-06,4.91e-06,4.93e-06,4.94e-06,5.16e-06,5.82e-06
leon,1.948e-05,1.93e-05,1.853e-05,1.978e-05,1.924e-05,1.952e-05,1.977e-05,1.921e-05,1.939e-05
institutes,1.841e-05,1.888e-05,1.934e-05,1.876e-05,1.883e-05,1.89e-05,1.915e-05,1.942e-05,1.865e-05
mold,1.07e-06,1.05e-06,1.02e-06,1.22e-06,1.23e-06,1.03e-06,1.03e-06,1.03e-06,1.06e-06
dame,1.177e-05,1.301e-05,1.283e-05,1.285e-05,1.371e-05,1.356e-05,1.298e-05,1.281e-05,1.239e-05
fo,1.93e-06,1.89e-06,1.83e-06,2.04e-06,1.84e-06,1.64e-06,1.85e-06,1.65e-06,1.91e-06
sally,4.92e-06,5.04e-06,5.9e-06,5.51e-06,5.53e-06,5.34e-06,5.35e-06,5.16e-06,4.98e-06
yacht,3e-06,2.94e-06,2.65e-06,2.45e-06,2.66e-06,2.67e-06,2.27e-06,2.27e-06,2.97e-06
tracy,2.35e-06,2.52e-06,2.85e-06,2.86e-06,2.86e-06,2.88e-06,2.88e-06,2.89e-06,2.43e-06
prefers,3.64e-06,3.36e-06,3.66e-06,3.26e-06,3.48e-06,3.29e-06,3.09e-06,3.31e-06,3.5e-06
drilling,1.5e-06,1.47e-06,1.43e-06,1.84e-06,1.64e-06,1.64e-06,2.06e-06,1.65e-06,1.48e-06
brochures,4.3e-07,6.3e-07,6.1e-07,6.1e-07,6.1e-07,6.2e-07,4.1e-07,4.1e-07,5.3e-07
herb,2.14e-06,2.73e-06,3.05e-06,2.86e-06,1.84e-06,1.85e-06,2.06e-06,2.07e-06,2.43e-06
tmp,8.6e-07,4.2e-07,4.1e-07,4.1e-07,4.1e-07,4.1e-07,4.1e-07,4.1e-07,6.4e-07
alot,0.0,0.0,0.0,0.0,0.0,0.0,0.0,0.0,0.0
ate,6.4e-07,1.47e-06,1.63e-06,1.02e-06,1.02e-06,2.05e-06,2.06e-06,2.07e-06,1.06e-06
breach,8.99e-06,9.44e-06,9.57e-06,9.58e-06,1.003e-05,1.007e-05,1.092e-05,1.033e-05,9.21e-06
whale,2.57e-06,2.52e-06,2.65e-06,3.26e-06,3.68e-06,3.9e-06,3.91e-06,3.92e-06,2.55e-06
traveller,8.6e-07,1.26e-06,1.43e-06,1.43e-06,1.43e-06,1.64e-06,1.44e-06,1.24e-06,1.06e-06
appropriations,2.1e-07,2.1e-07,0.0,0.0,2e-07,0.0,0.0,0.0,2.1e-07
suspected,5.14e-06,5.46e-06,6.11e-06,6.12e-06,5.73e-06,5.55e-06,5.35e-06,4.96e-06,5.3e-06
tomatoes,6.4e-07,6.3e-07,4.1e-07,4.1e-07,4.1e-07,6.2e-07,4.1e-07,4.1e-07,6.4e-07
benchmark,1.498e-05,1.511e-05,1.466e-05,1.53e-05,1.494e-05,1.52e-05,1.668e-05,1.653e-05,1.504e-05
beginners,3.21e-06,3.36e-06,3.46e-06,3.67e-06,3.48e-06,3.29e-06,3.09e-06,3.31e-06,3.28e-06
instructors,2.35e-06,2.1e-06,2.04e-06,2.24e-06,2.05e-06,1.85e-06,2.06e-06,2.07e-06,2.22e-06
highlighted,5.99e-06,6.71e-06,6.31e-06,5.71e-06,5.32e-06,5.14e-06,5.15e-06,5.16e-06,6.35e-06
bedford,3.42e-06,3.36e-06,3.26e-06,3.06e-06,3.07e-06,3.08e-06,2.88e-06,2.69e-06,3.39e-06
stationery,6.4e-07,6.3e-07,6.1e-07,6.1e-07,6.1e-07,8.2e-07,8.2e-07,6.2e-07,6.4e-07
idle,5.99e-06,5.67e-06,5.5e-06,5.3e-06,5.53e-06,5.55e-06,5.56e-06,5.78e-06,5.83e-06
mustang,4.3e-07,4.2e-07,4.1e-07,4.1e-07,4.1e-07,4.1e-07,8.2e-07,8.3e-07,4.3e-07
unauthorized,8.56e-06,8.6e-06,8.35e-06,8.77e-06,7.78e-06,8.01e-06,8.03e-06,8.68e-06,8.58e-06
clusters,2.418e-05,2.329e-05,2.361e-05,2.366e-05,2.435e-05,2.383e-05,2.369e-05,2.293e-05,2.373e-05
antibody,8.6e-07,8.4e-07,1.02e-06,1.02e-06,1.02e-06,1.03e-06,8.2e-07,8.3e-07,8.5e-07
competent,1.07e-06,1.47e-06,1.43e-06,1.43e-06,1.43e-06,1.85e-06,1.44e-06,1.03e-06,1.27e-06
momentum,9.76e-05,9.61e-05,9.71e-05,9.932e-05,9.925e-05,9.821e-05,9.804e-05,9.957e-05,9.685e-05
fin,8.6e-07,1.26e-06,1.02e-06,1.02e-06,8.2e-07,8.2e-07,8.2e-07,8.3e-07,1.06e-06
wiring,5.35e-06,5.46e-06,4.89e-06,4.69e-06,4.91e-06,4.93e-06,4.74e-06,4.75e-06,5.4e-06
io,8.99e-06,8.39e-06,8.96e-06,8.16e-06,8.39e-06,9.66e-06,9.68e-06,9.5e-06,8.69e-06
pastor,3.64e-06,3.57e-06,3.46e-06,2.86e-06,2.86e-06,2.88e-06,2.68e-06,2.69e-06,3.61e-06
mud,6.4e-07,8.4e-07,8.1e-07,1.22e-06,1.02e-06,1.03e-06,8.2e-07,8.3e-07,7.4e-07
calvin,3.21e-06,3.15e-06,2.85e-06,2.86e-06,2.46e-06,2.67e-06,2.88e-06,3.1e-06,3.18e-06
uni,7.49e-06,7.76e-06,5.7e-06,4.89e-06,4.5e-06,4.11e-06,4.53e-06,4.13e-06,7.63e-06
shark,2.78e-06,2.73e-06,2.85e-06,2.65e-06,2.66e-06,2.67e-06,2.68e-06,2.27e-06,2.75e-06
contributor,1.562e-05,1.532e-05,1.588e-05,1.55e-05,1.514e-05,1.479e-05,1.545e-05,1.508e-05,1.547e-05
demonstrates,1.284e-05,1.343e-05,1.283e-05,1.224e-05,1.166e-05,1.151e-05,1.174e-05,1.322e-05,1.314e-05
phases,1.948e-05,1.951e-05,1.893e-05,2.019e-05,2.087e-05,1.993e-05,1.977e-05,1.983e-05,1.95e-05
grateful,4.3e-07,2.1e-07,6.1e-07,4.1e-07,4.1e-07,4.1e-07,2.1e-07,0.0,3.2e-07
emerald,2.35e-06,2.31e-06,2.24e-06,1.43e-06,1.43e-06,1.44e-06,1.44e-06,1.24e-06,2.33e-06
gradually,2.033e-05,2.077e-05,1.954e-05,1.978e-05,1.965e-05,1.993e-05,1.936e-05,2.024e-05,2.055e-05
laughing,4.3e-07,4.2e-07,1.02e-06,8.2e-07,8.2e-07,8.2e-07,1.03e-06,1.03e-06,4.3e-07
grows,1.99e-05,1.951e-05,1.995e-05,2.039e-05,2.087e-05,2.137e-05,2.204e-05,2.458e-05,1.971e-05
cliff,6.21e-06,6.5e-06,5.9e-06,5.1e-06,5.32e-06,5.34e-06,5.15e-06,5.16e-06,6.35e-06
desirable,2.825e-05,2.854e-05,2.687e-05,2.672e-05,2.619e-05,2.609e-05,2.636e-05,2.541e-05,2.84e-05
tract,3.42e-06,3.57e-06,3.46e-06,3.67e-06,3.68e-06,3.29e-06,3.3e-06,3.31e-06,3.49e-06
ul,2.57e-06,2.52e-06,2.24e-06,2.04e-06,2.05e-06,3.9e-06,3.3e-06,3.31e-06,2.55e-06
ballet,3.64e-06,3.57e-06,3.26e-06,3.47e-06,3.48e-06,3.49e-06,3.5e-06,3.72e-06,3.61e-06
ol,1.07e-06,8.4e-07,8.1e-07,8.2e-07,8.2e-07,8.2e-07,8.2e-07,8.3e-07,9.5e-07
journalist,1.584e-05,1.72e-05,1.771e-05,1.713e-05,1.739e-05,1.829e-05,1.874e-05,1.859e-05,1.652e-05
abraham,3.253e-05,3.336e-05,3.257e-05,3.141e-05,3.274e-05,3.288e-05,3.275e-05,3.305e-05,3.295e-05
js,2.78e-06,2.73e-06,3.05e-06,3.06e-06,3.07e-06,3.08e-06,3.3e-06,3.1e-06,2.75e-06
bumper,2.1e-07,4.2e-07,4.1e-07,4.1e-07,2e-07,2.1e-07,2.1e-07,6.2e-07,3.2e-07
afterwards,1.498e-05,1.49e-05,1.405e-05,1.448e-05,1.473e-05,1.479e-05,1.504e-05,1.446e-05,1.494e-05
webpage,1.327e-05,1.259e-05,1.16e-05,1.122e-05,1.044e-05,1.007e-05,9.68e-06,8.88e-06,1.293e-05
religions,6.63e-06,6.29e-06,6.51e-06,5.51e-06,6.14e-06,6.78e-06,6.8e-06,5.99e-06,6.46e-06
garlic,1.5e-06,1.47e-06,1.63e-06,1.63e-06,1.43e-06,1.44e-06,1.44e-06,1.45e-06,1.48e-06
hostels,0.0,0.0,0.0,0.0,0.0,0.0,0.0,0.0,0.0
shine,1.5e-06,1.47e-06,1.63e-06,1.63e-06,1.43e-06,1.64e-06,1.44e-06,1.45e-06,1.48e-06
senegal,1.28e-06,1.05e-06,8.1e-07,1.02e-06,1.02e-06,1.03e-06,1.24e-06,1.03e-06,1.16e-06
explosion,1.434e-05,1.427e-05,1.445e-05,1.407e-05,1.432e-05,1.438e-05,1.442e-05,1.425e-05,1.43e-05
pn,2.44e-05,2.203e-05,2.076e-05,2.08e-05,2.128e-05,2.116e-05,1.957e-05,1.983e-05,2.322e-05
banned,5.35e-06,6.08e-06,6.31e-06,6.73e-06,6.96e-06,7.4e-06,6.59e-06,6.4e-06,5.72e-06
wendy,3.64e-06,4.2e-06,4.07e-06,4.28e-06,3.89e-06,3.29e-06,3.5e-06,3.51e-06,3.92e-06
briefs,4.3e-07,4.2e-07,4.1e-07,4.1e-07,6.1e-07,6.2e-07,6.2e-07,6.2e-07,4.3e-07
signatures,3.553e-05,3.861e-05,3.725e-05,3.671e-05,3.643e-05,3.657e-05,3.707e-05,3.636e-05,3.707e-05
diffs,2.1e-07,2.1e-07,2e-07,2e-07,2e-07,2.1e-07,2.1e-07,2.1e-07,2.1e-07
cove,4.3e-07,4.2e-07,4.1e-07,4.1e-07,4.1e-07,4.1e-07,4.1e-07,4.1e-07,4.3e-07
mumbai,1.027e-05,1.049e-05,9.36e-06,9.58e-06,9.21e-06,8.22e-06,8.03e-06,8.47e-06,1.038e-05
ozone,8.99e-06,8.39e-06,7.33e-06,7.75e-06,7.78e-06,7.6e-06,7.83e-06,7.85e-06,8.69e-06
disciplines,5.201e-05,5.287e-05,5.232e-05,5.16e-05,5.341e-05,5.281e-05,5.334e-05,5.453e-05,5.244e-05
casa,1.71e-06,1.68e-06,1.63e-06,1.63e-06,1.64e-06,1.85e-06,1.85e-06,1.86e-06,1.69e-06
mu,1.22e-05,1.196e-05,1.425e-05,1.428e-05,1.432e-05,1.5e-05,1.483e-05,1.425e-05,1.208e-05
daughters,1.241e-05,1.217e-05,1.201e-05,1.142e-05,1.126e-05,1.13e-05,1.071e-05,1.074e-05,1.229e-05
conversations,7.28e-06,7.97e-06,7.94e-06,8.36e-06,8.59e-06,8.63e-06,8.24e-06,8.26e-06,7.62e-06
radios,3.85e-06,3.78e-06,3.66e-06,3.67e-06,3.48e-06,3.7e-06,3.71e-06,3.72e-06,3.81e-06
tariff,1.5e-06,1.47e-06,1.43e-06,1.43e-06,1.64e-06,1.85e-06,1.85e-06,1.86e-06,1.48e-06
nvidia,6.21e-06,6.71e-06,6.72e-06,7.75e-06,7.37e-06,7.6e-06,8.03e-06,9.92e-06,6.46e-06
opponent,1.52e-05,1.532e-05,1.751e-05,1.795e-05,1.678e-05,1.541e-05,1.545e-05,1.508e-05,1.526e-05
pasta,1.71e-06,1.47e-06,1.63e-06,1.63e-06,1.64e-06,1.64e-06,1.65e-06,1.65e-06,1.59e-06
simplified,4.195e-05,4.028e-05,4.071e-05,4.16e-05,4.256e-05,4.212e-05,4.16e-05,4.317e-05,4.112e-05
muscles,1.07e-06,1.05e-06,8.1e-07,1.02e-06,1.02e-06,1.03e-06,1.03e-06,8.3e-07,1.06e-06
serum,8.6e-07,8.4e-07,1.02e-06,8.2e-07,8.2e-07,6.2e-07,2.1e-07,2.1e-07,8.5e-07
wrapped,4.28e-06,3.99e-06,4.07e-06,4.08e-06,4.09e-06,4.31e-06,4.33e-06,4.54e-06,4.14e-06
swift,1.348e-05,1.343e-05,1.486e-05,1.57e-05,1.596e-05,1.603e-05,1.606e-05,1.715e-05,1.345e-05
motherboard,1.28e-06,1.05e-06,1.02e-06,1.02e-06,1.02e-06,1.23e-06,1.03e-06,1.03e-06,1.16e-06
runtime,1.177e-05,1.112e-05,1.14e-05,1.162e-05,1.166e-05,1.294e-05,1.318e-05,1.343e-05,1.144e-05
inbox,6.4e-07,6.3e-07,4.1e-07,4.1e-07,4.1e-07,4.1e-07,4.1e-07,4.1e-07,6.4e-07
focal,2.012e-05,2.035e-05,2.178e-05,2.223e-05,2.169e-05,2.26e-05,2.286e-05,2.334e-05,2.023e-05
bibliographic,3.21e-06,3.15e-06,3.05e-06,3.06e-06,3.07e-06,2.88e-06,2.88e-06,2.89e-06,3.18e-06
vagina,6.4e-07,6.3e-07,6.1e-07,6.1e-07,6.1e-07,6.2e-07,6.2e-07,6.2e-07,6.4e-07
eden,4.71e-06,3.99e-06,4.68e-06,4.89e-06,4.5e-06,4.73e-06,4.74e-06,4.54e-06,4.35e-06
distant,2.097e-05,2.014e-05,1.914e-05,1.999e-05,1.965e-05,1.993e-05,2.08e-05,2.107e-05,2.056e-05
incl,0.0,0.0,0.0,0.0,0.0,0.0,4.1e-07,0.0,0.0
champagne,1.28e-06,1.05e-06,1.02e-06,1.02e-06,1.23e-06,1.23e-06,1.85e-06,1.86e-06,1.16e-06
ala,8.6e-07,1.05e-06,1.22e-06,1.22e-06,1.02e-06,1.03e-06,1.03e-06,1.03e-06,9.5e-07
decimal,9.503e-05,9.715e-05,9.731e-05,9.646e-05,9.679e-05,9.657e-05,9.721e-05,0.00010184,9.609e-05
hq,1.71e-06,2.94e-06,2.04e-06,2.04e-06,1.84e-06,1.85e-06,1.65e-06,1.65e-06,2.32e-06
deviation,4.216e-05,4.007e-05,3.766e-05,3.508e-05,3.663e-05,3.596e-05,3.645e-05,3.78e-05,4.112e-05
superintendent,3.21e-06,3.36e-06,2.85e-06,2.86e-06,3.68e-06,3.49e-06,3.09e-06,3.1e-06,3.28e-06
propecia,0.0,0.0,0.0,0.0,0.0,0.0,0.0,0.0,0.0
dip,9.63e-06,8.18e-06,9.57e-06,9.58e-06,6.34e-06,6.37e-06,6.38e-06,6.4e-06,8.91e-06
nbc,3.21e-06,2.94e-06,2.85e-06,2.86e-06,2.86e-06,2.88e-06,2.88e-06,3.1e-06,3.08e-06
samba,6.4e-07,6.3e-07,6.1e-07,6.1e-07,6.1e-07,6.2e-07,6.2e-07,6.2e-07,6.4e-07
hostel,2.1e-07,2.1e-07,2e-07,2e-07,2e-07,2.1e-07,2.1e-07,2.1e-07,2.1e-07
housewives,0.0,0.0,0.0,0.0,0.0,0.0,0.0,0.0,0.0
employ,2.033e-05,2.098e-05,2.076e-05,2.08e-05,2.026e-05,2.034e-05,1.957e-05,1.942e-05,2.065e-05
mongolia,2.78e-06,2.94e-06,3.05e-06,3.26e-06,3.27e-06,3.29e-06,3.09e-06,3.1e-06,2.86e-06
penguin,6.85e-06,6.5e-06,6.51e-06,6.73e-06,6.75e-06,6.78e-06,6.8e-06,6.61e-06,6.67e-06
magical,1.092e-05,1.091e-05,1.099e-05,1.101e-05,1.105e-05,1.13e-05,1.071e-05,1.012e-05,1.091e-05
influences,1.926e-05,1.825e-05,1.71e-05,1.815e-05,1.883e-05,1.808e-05,1.709e-05,1.735e-05,1.875e-05
inspections,8.6e-07,8.4e-07,8.1e-07,1.02e-06,1.02e-06,1.03e-06,1.24e-06,1.03e-06,8.5e-07
irrigation,3.21e-06,3.15e-06,3.05e-06,3.06e-06,2.66e-06,2.67e-06,2.68e-06,2.69e-06,3.18e-06
miracle,2.57e-06,2.52e-06,2.24e-06,2.45e-06,2.25e-06,2.26e-06,2.27e-06,2.27e-06,2.55e-06
manually,8.56e-06,8.39e-06,8.14e-06,8.16e-06,8.19e-06,8.22e-06,8.03e-06,7.64e-06,8.47e-06
reprint,9.42e-06,8.81e-06,8.75e-06,8.36e-06,8.39e-06,8.22e-06,7.83e-06,7.85e-06,9.11e-06
reid,9.85e-06,8.81e-06,8.96e-06,7.95e-06,8.59e-06,8.84e-06,9.06e-06,8.88e-06,9.33e-06
wt,2.14e-06,2.1e-06,1.83e-06,1.84e-06,1.84e-06,2.05e-06,1.65e-06,1.65e-06,2.12e-06
hydraulic,1.134e-05,1.07e-05,1.099e-05,1.06e-05,1.105e-05,1.151e-05,1.112e-05,1.115e-05,1.102e-05
centered,5.607e-05,5.581e-05,5.537e-05,5.364e-05,5.218e-05,5.281e-05,5.376e-05,5.35e-05,5.594e-05
robertson,1.969e-05,2.035e-05,1.954e-05,1.876e-05,1.924e-05,1.849e-05,1.833e-05,1.838e-05,2.002e-05
flex,2.57e-06,1.68e-06,2.04e-06,2.24e-06,1.84e-06,1.85e-06,1.85e-06,1.65e-06,2.12e-06
yearly,8.78e-06,9.02e-06,8.75e-06,8.97e-06,7.98e-06,7.6e-06,7.83e-06,7.44e-06,8.9e-06
penetration,3.42e-06,2.94e-06,3.66e-06,4.08e-06,3.68e-06,3.29e-06,3.5e-06,3.51e-06,3.18e-06
wound,6.85e-06,6.5e-06,6.31e-06,6.53e-06,6.34e-06,6.16e-06,6.18e-06,6.2e-06,6.67e-06
belle,1.93e-06,1.68e-06,1.63e-06,1.43e-06,1.43e-06,1.23e-06,1.24e-06,1.45e-06,1.81e-06
rosa,4.28e-06,4.62e-06,4.07e-06,4.28e-06,4.5e-06,4.52e-06,4.53e-06,4.54e-06,4.45e-06
conviction,2.14e-06,2.73e-06,3.05e-06,2.86e-06,2.66e-06,2.67e-06,2.88e-06,2.89e-06,2.43e-06
hash,0.0001038,0.00010008,9.71e-05,9.646e-05,9.72e-05,9.739e-05,9.968e-05,0.00010184,0.00010194
omissions,6.4e-07,8.4e-07,1.02e-06,1.22e-06,1.23e-06,1.23e-06,1.24e-06,1.24e-06,7.4e-07
writings,2.996e-05,3.042e-05,2.931e-05,2.855e-05,2.947e-05,2.979e-05,3.131e-05,2.975e-05,3.019e-05
hamburg,1.712e-05,1.658e-05,1.547e-05,1.448e-05,1.535e-05,1.52e-05,1.298e-05,1.281e-05,1.685e-05
lazy,4.92e-06,5.25e-06,4.89e-06,4.69e-06,4.5e-06,4.93e-06,4.74e-06,5.16e-06,5.08e-06
mv,3.42e-06,5.46e-06,6.11e-06,6.53e-06,6.55e-06,6.78e-06,6.59e-06,5.99e-06,4.44e-06
mpg,1.5e-06,2.52e-06,2.24e-06,2.24e-06,2.05e-06,1.85e-06,1.44e-06,1.45e-06,2.01e-06
retrieval,2.782e-05,2.749e-05,2.85e-05,2.835e-05,2.926e-05,2.959e-05,2.986e-05,3.078e-05,2.765e-05
qualities,6.85e-06,6.92e-06,7.13e-06,6.73e-06,7.16e-06,7.4e-06,6.8e-06,6.82e-06,6.88e-06
cindy,2.14e-06,1.89e-06,1.83e-06,1.84e-06,1.84e-06,1.85e-06,1.85e-06,1.86e-06,2.01e-06
lolita,4.3e-07,4.2e-07,4.1e-07,4.1e-07,4.1e-07,4.1e-07,4.1e-07,4.1e-07,4.3e-07
fathers,7.7e-06,8.39e-06,8.35e-06,8.57e-06,8.39e-06,8.42e-06,8.24e-06,8.47e-06,8.05e-06
carb,0.0,0.0,0.0,0.0,0.0,0.0,0.0,0.0,0.0
charging,3.85e-06,3.78e-06,3.87e-06,4.28e-06,4.3e-06,4.31e-06,4.33e-06,4.34e-06,3.81e-06
cas,1.498e-05,1.511e-05,1.364e-05,1.387e-05,1.494e-05,1.459e-05,1.462e-05,1.425e-05,1.504e-05
marvel,9.85e-06,9.65e-06,1.038e-05,1.04e-05,1.126e-05,1.068e-05,1.153e-05,1.157e-05,9.75e-06
lined,2.35e-06,2.52e-06,2.65e-06,2.86e-06,2.66e-06,2.67e-06,2.68e-06,2.69e-06,2.43e-06
cio,6.4e-07,1.26e-06,1.22e-06,1.22e-06,4.1e-07,2.1e-07,2.1e-07,2.1e-07,9.5e-07
dow,3.21e-06,2.94e-06,2.85e-06,2.04e-06,2.05e-06,2.05e-06,2.06e-06,2.27e-06,3.08e-06
prototype,1.541e-05,1.532e-05,1.547e-05,1.55e-05,1.453e-05,1.418e-05,1.401e-05,1.467e-05,1.536e-05
importantly,8.78e-06,7.76e-06,8.14e-06,8.57e-06,8.19e-06,8.84e-06,8.65e-06,8.68e-06,8.27e-06
rb,8.6e-07,8.4e-07,1.43e-06,1.43e-06,1.23e-06,1.03e-06,1.03e-06,1.03e-06,8.5e-07
petite,2.1e-07,2.1e-07,2e-07,2e-07,2e-07,2.1e-07,2.1e-07,2.1e-07,2.1e-07
apparatus,1.177e-05,1.238e-05,1.16e-05,1.142e-05,1.085e-05,9.45e-06,9.06e-06,9.71e-06,1.208e-05
upc,2.35e-06,2.31e-06,2.44e-06,2.24e-06,2.46e-06,2.47e-06,2.47e-06,2.48e-06,2.33e-06
terrain,1.455e-05,1.511e-05,1.486e-05,1.468e-05,1.473e-05,1.52e-05,1.586e-05,1.632e-05,1.483e-05
dui,6.4e-07,6.3e-07,6.1e-07,6.1e-07,8.2e-07,8.2e-07,8.2e-07,6.2e-07,6.4e-07
pens,1.07e-06,1.26e-06,1.22e-06,1.02e-06,1.23e-06,1.44e-06,1.65e-06,1.65e-06,1.16e-06
explaining,1.776e-05,1.762e-05,1.812e-05,1.733e-05,1.76e-05,1.746e-05,1.709e-05,1.694e-05,1.769e-05
yen,5.99e-06,6.08e-06,6.31e-06,6.12e-06,5.73e-06,5.75e-06,5.97e-06,6.2e-06,6.04e-06
strips,1.049e-05,1.049e-05,1.059e-05,1.06e-05,1.105e-05,1.233e-05,1.236e-05,1.198e-05,1.049e-05
gossip,6.4e-07,6.3e-07,1.02e-06,1.43e-06,1.84e-06,1.85e-06,1.85e-06,1.86e-06,6.4e-07
rangers,1.28e-06,1.47e-06,1.63e-06,1.63e-06,1.64e-06,1.64e-06,1.65e-06,1.65e-06,1.37e-06
nomination,3.64e-06,3.78e-06,4.07e-06,4.28e-06,4.5e-06,4.93e-06,4.94e-06,4.96e-06,3.71e-06
empirical,6.464e-05,6.651e-05,6.453e-05,6.404e-05,6.507e-05,6.739e-05,6.879e-05,6.817e-05,6.558e-05
mh,8.6e-07,8.4e-07,8.1e-07,8.2e-07,8.2e-07,8.2e-07,6.2e-07,6.2e-07,8.5e-07
rotary,4.71e-06,4.2e-06,4.89e-06,4.49e-06,4.5e-06,4.52e-06,5.15e-06,5.16e-06,4.45e-06
worm,4.216e-05,4.028e-05,3.949e-05,4.303e-05,3.888e-05,3.863e-05,3.728e-05,3.718e-05,4.122e-05
dependence,3.467e-05,3.336e-05,3.318e-05,3.324e-05,3.377e-05,3.37e-05,3.295e-05,3.429e-05,3.401e-05
discrete,0.00028401,0.00028409,0.00028622,0.00029163,0.00028977,0.00028971,0.00029123,0.00029457,0.00028405
beginner,8.6e-07,8.4e-07,8.1e-07,8.2e-07,8.2e-07,6.2e-07,6.2e-07,8.3e-07,8.5e-07
boxed,1.07e-06,1.05e-06,1.43e-06,1.84e-06,1.84e-06,1.64e-06,1.44e-06,1.45e-06,1.06e-06
lid,2.14e-06,2.1e-06,1.83e-06,1.84e-06,1.84e-06,1.85e-06,1.85e-06,1.45e-06,2.12e-06
sexuality,6.4e-07,1.05e-06,1.02e-06,1.43e-06,1.23e-06,1.23e-06,1.24e-06,1.45e-06,8.4e-07
polyester,2.57e-06,2.31e-06,2.44e-06,2.45e-06,2.25e-06,2.26e-06,2.27e-06,2.07e-06,2.44e-06
cubic,6.827e-05,6.567e-05,6.718e-05,6.709e-05,6.589e-05,6.657e-05,6.611e-05,6.569e-05,6.697e-05
deaf,1.71e-06,2.31e-06,2.65e-06,2.24e-06,2.25e-06,2.26e-06,1.24e-06,1.24e-06,2.01e-06
commitments,4.07e-06,3.15e-06,2.85e-06,3.06e-06,3.07e-06,3.08e-06,3.09e-06,3.1e-06,3.61e-06
suggesting,8.99e-06,9.44e-06,9.36e-06,9.18e-06,8.39e-06,8.84e-06,9.27e-06,9.92e-06,9.21e-06
sapphire,4.3e-07,4.2e-07,4.1e-07,6.1e-07,6.1e-07,6.2e-07,6.2e-07,4.1e-07,4.3e-07
kinase,0.0,0.0,0.0,0.0,0.0,0.0,0.0,2.1e-07,0.0
skirts,2.1e-07,2.1e-07,2e-07,4.1e-07,2e-07,2.1e-07,2.1e-07,4.1e-07,2.1e-07
mats,8.6e-07,8.4e-07,8.1e-07,8.2e-07,8.2e-07,8.2e-07,8.2e-07,8.3e-07,8.5e-07
remainder,2.975e-05,2.854e-05,2.809e-05,2.896e-05,2.926e-05,2.979e-05,2.904e-05,2.851e-05,2.914e-05
crawford,5.78e-06,6.08e-06,6.72e-06,6.53e-06,6.75e-06,6.99e-06,6.38e-06,6.61e-06,5.93e-06
labeled,2.59e-05,2.602e-05,2.646e-05,2.774e-05,2.742e-05,2.774e-05,2.739e-05,2.747e-05,2.596e-05
privileges,4.71e-06,4.62e-06,4.89e-06,4.89e-06,4.5e-06,4.52e-06,4.12e-06,4.13e-06,4.67e-06
televisions,3e-06,2.94e-06,2.85e-06,2.65e-06,2.46e-06,2.47e-06,2.68e-06,2.89e-06,2.97e-06
specializing,7.384e-05,9.903e-05,0.00011746,0.0001191,0.00011992,0.00011979,0.00012007,0.00012043,8.643e-05
marking,1.712e-05,1.658e-05,1.73e-05,1.754e-05,1.719e-05,1.582e-05,1.627e-05,1.694e-05,1.685e-05
commodities,6.21e-06,6.08e-06,6.31e-06,6.12e-06,5.73e-06,5.96e-06,5.77e-06,5.78e-06,6.14e-06
pvc,6.4e-07,8.4e-07,6.1e-07,8.2e-07,6.1e-07,8.2e-07,8.2e-07,8.3e-07,7.4e-07
serbia,1.712e-05,1.762e-05,1.506e-05,1.509e-05,1.432e-05,1.562e-05,1.565e-05,1.57e-05,1.737e-05
sheriff,1.07e-06,1.26e-06,1.22e-06,1.43e-06,1.23e-06,1.23e-06,1.24e-06,1.03e-06,1.16e-06
griffin,6.21e-06,4.83e-06,5.09e-06,5.3e-06,5.32e-06,5.34e-06,5.15e-06,4.54e-06,5.52e-06
declined,5.99e-06,6.29e-06,6.31e-06,6.12e-06,6.96e-06,7.4e-06,7.83e-06,7.64e-06,6.14e-06
guyana,4.3e-07,6.3e-07,4.1e-07,4.1e-07,4.1e-07,4.1e-07,4.1e-07,4.1e-07,5.3e-07
spies,1.5e-06,1.47e-06,1.83e-06,2.04e-06,1.84e-06,1.85e-06,1.65e-06,1.65e-06,1.48e-06
blah,0.0,0.0,0.0,0.0,0.0,0.0,0.0,0.0,0.0
mime,3.85e-06,3.99e-06,3.87e-06,3.67e-06,3.89e-06,3.7e-06,3.71e-06,3.92e-06,3.92e-06
neighbor,2.29e-05,2.266e-05,2.199e-05,2.406e-05,2.353e-05,2.301e-05,2.389e-05,2.376e-05,2.278e-05
motorcycles,6.4e-07,6.3e-07,6.1e-07,6.1e-07,6.1e-07,8.2e-07,8.2e-07,8.3e-07,6.4e-07
elect,7.06e-06,6.71e-06,7.13e-06,7.75e-06,7.57e-06,6.58e-06,6.38e-06,6.61e-06,6.89e-06
highways,2.57e-06,2.52e-06,2.85e-06,2.65e-06,2.66e-06,2.47e-06,2.47e-06,2.48e-06,2.55e-06
thinkpad,0.0,0.0,0.0,0.0,0.0,0.0,0.0,0.0,0.0
concentrate,3.42e-06,3.78e-06,3.46e-06,4.08e-06,4.3e-06,4.31e-06,4.12e-06,3.92e-06,3.6e-06
intimate,1.93e-06,1.89e-06,1.63e-06,1.43e-06,1.64e-06,1.44e-06,1.44e-06,1.45e-06,1.91e-06
reproductive,5.14e-06,5.87e-06,5.7e-06,5.91e-06,5.93e-06,5.75e-06,6.18e-06,5.58e-06,5.5e-06
preston,5.56e-06,5.87e-06,5.29e-06,5.3e-06,5.53e-06,5.55e-06,5.56e-06,5.78e-06,5.72e-06
deadly,1.5e-06,1.47e-06,1.43e-06,1.63e-06,2.25e-06,1.85e-06,2.06e-06,2.69e-06,1.48e-06
cunt,0.0,0.0,0.0,0.0,0.0,0.0,0.0,0.0,0.0
feof,0.0,0.0,0.0,0.0,0.0,0.0,0.0,0.0,0.0
bunny,8.99e-06,7.97e-06,6.92e-06,6.93e-06,6.55e-06,3.7e-06,3.5e-06,3.51e-06,8.48e-06
chevy,0.0,0.0,0.0,0.0,0.0,0.0,0.0,0.0,0.0
molecules,9.075e-05,9.421e-05,9.242e-05,9.299e-05,9.25e-05,9.123e-05,8.918e-05,9.192e-05,9.248e-05
rounds,1.883e-05,1.804e-05,1.73e-05,1.693e-05,1.698e-05,1.726e-05,1.833e-05,1.88e-05,1.844e-05
longest,2.568e-05,2.56e-05,2.626e-05,2.774e-05,2.681e-05,2.692e-05,2.739e-05,2.789e-05,2.564e-05
refrigerator,1.28e-06,1.26e-06,1.22e-06,1.22e-06,1.23e-06,1.23e-06,1.03e-06,1.03e-06,1.27e-06
tions,0.0,0.0,0.0,0.0,0.0,0.0,0.0,0.0,0.0
intervals,6.014e-05,6.085e-05,6.046e-05,6.036e-05,6.201e-05,6.246e-05,6.117e-05,6.156e-05,6.049e-05
sentences,3.574e-05,3.693e-05,3.664e-05,3.793e-05,3.827e-05,3.924e-05,4.016e-05,3.883e-05,3.633e-05
dentists,2.1e-07,2.1e-07,2e-07,2e-07,2e-07,2.1e-07,2.1e-07,2.1e-07,2.1e-07
usda,1.71e-06,1.68e-06,1.83e-06,1.84e-06,1.84e-06,1.85e-06,1.85e-06,1.86e-06,1.69e-06
exclusion,1.156e-05,1.154e-05,1.16e-05,1.326e-05,1.33e-05,1.212e-05,1.236e-05,1.301e-05,1.155e-05
workstation,5.78e-06,5.67e-06,5.5e-06,5.51e-06,4.91e-06,4.93e-06,5.15e-06,5.37e-06,5.73e-06
holocaust,4.92e-06,4.62e-06,5.29e-06,5.1e-06,5.32e-06,5.96e-06,5.97e-06,6.4e-06,4.77e-06
keen,5.99e-06,6.5e-06,6.11e-06,5.71e-06,5.32e-06,5.55e-06,4.94e-06,5.16e-06,6.25e-06
flyer,2.1e-07,2.1e-07,4.1e-07,2e-07,2e-07,2.1e-07,2.1e-07,2.1e-07,2.1e-07
peas,0.0,0.0,0.0,0.0,0.0,0.0,0.0,0.0,0.0
dosage,8.6e-07,8.4e-07,1.02e-06,1.22e-06,1.23e-06,1.03e-06,1.03e-06,1.03e-06,8.5e-07
receivers,1.798e-05,1.804e-05,1.791e-05,1.835e-05,1.862e-05,1.87e-05,1.792e-05,1.818e-05,1.801e-05
urls,1.07e-06,1.26e-06,1.43e-06,1.22e-06,1.23e-06,1.23e-06,1.24e-06,1.24e-06,1.16e-06
customise,2.1e-07,4.2e-07,4.1e-07,4.1e-07,4.1e-07,4.1e-07,4.1e-07,4.1e-07,3.2e-07
disposition,1.28e-06,1.68e-06,1.22e-06,1.02e-06,1.02e-06,1.03e-06,1.24e-06,1.03e-06,1.48e-06
variance,8.09e-05,8.057e-05,8.306e-05,8.3e-05,8.636e-05,8.506e-05,8.341e-05,8.345e-05,8.073e-05
navigator,5.14e-06,5.25e-06,4.48e-06,4.49e-06,4.71e-06,4.52e-06,4.74e-06,4.96e-06,5.2e-06
investigators,5.99e-06,6.29e-06,6.11e-06,5.71e-06,5.93e-06,5.55e-06,5.35e-06,5.37e-06,6.14e-06
cameroon,1.28e-06,1.68e-06,1.43e-06,1.63e-06,1.64e-06,1.64e-06,1.65e-06,1.65e-06,1.48e-06
baking,1.28e-06,1.05e-06,1.02e-06,1.02e-06,1.02e-06,1.03e-06,1.03e-06,1.03e-06,1.16e-06
marijuana,1.28e-06,1.26e-06,8.1e-07,8.2e-07,8.2e-07,8.2e-07,8.2e-07,8.3e-07,1.27e-06
adaptive,6.399e-05,6.399e-05,6.413e-05,6.363e-05,6.405e-05,6.411e-05,6.467e-05,6.445e-05,6.399e-05
computed,8.433e-05,8.581e-05,8.387e-05,8.3e-05,8.431e-05,8.26e-05,8.341e-05,8.201e-05,8.507e-05
needle,7.06e-06,6.71e-06,6.72e-06,6.73e-06,6.75e-06,6.99e-06,7e-06,7.44e-06,6.89e-06
baths,1.28e-06,1.26e-06,1.02e-06,1.02e-06,1.02e-06,1.03e-06,1.03e-06,1.03e-06,1.27e-06
enb,0.0,0.0,0.0,0.0,0.0,0.0,0.0,0.0,0.0
gg,4.3e-07,0.0,0.0,2e-07,2e-07,2.1e-07,2.1e-07,2.1e-07,2.2e-07
cathedral,8.78e-06,9.02e-06,9.57e-06,1.06e-05,1.023e-05,1.089e-05,1.092e-05,1.115e-05,8.9e-06
brakes,1.07e-06,1.05e-06,1.22e-06,1.22e-06,1.23e-06,1.23e-06,1.85e-06,1.65e-06,1.06e-06
og,5.56e-06,5.46e-06,5.29e-06,4.89e-06,4.5e-06,4.52e-06,5.56e-06,4.34e-06,5.51e-06
nirvana,6.4e-07,8.4e-07,8.1e-07,6.1e-07,8.2e-07,1.03e-06,1.03e-06,8.3e-07,7.4e-07
ko,3.64e-06,3.99e-06,3.66e-06,4.69e-06,4.5e-06,3.9e-06,3.91e-06,3.72e-06,3.81e-06
fairfield,4.3e-07,8.4e-07,8.1e-07,8.2e-07,8.2e-07,8.2e-07,8.2e-07,8.3e-07,6.4e-07
owns,3e-06,2.94e-06,3.46e-06,3.26e-06,3.89e-06,3.9e-06,3.91e-06,3.51e-06,2.97e-06
til,6.4e-07,4.2e-07,4.1e-07,4.1e-07,4.1e-07,4.1e-07,4.1e-07,4.1e-07,5.3e-07
invision,0.0,0.0,2e-07,2e-07,2e-07,2.1e-07,2.1e-07,2.1e-07,0.0
sticky,1.71e-06,1.05e-06,1.22e-06,1.22e-06,1.23e-06,1.23e-06,1.24e-06,1.24e-06,1.38e-06
destiny,3.42e-06,3.99e-06,3.87e-06,3.47e-06,3.68e-06,4.11e-06,4.12e-06,4.13e-06,3.71e-06
generous,1.93e-06,2.1e-06,2.04e-06,1.63e-06,1.64e-06,1.85e-06,1.85e-06,1.86e-06,2.02e-06
madness,3.64e-06,3.57e-06,3.46e-06,3.47e-06,3.48e-06,3.49e-06,3.71e-06,3.72e-06,3.61e-06
emacs,3e-06,3.15e-06,2.85e-06,2.86e-06,2.66e-06,2.67e-06,2.68e-06,2.69e-06,3.08e-06
climb,1.5e-06,1.47e-06,1.43e-06,1.43e-06,1.23e-06,1.23e-06,1.03e-06,1.03e-06,1.48e-06
blowing,3.64e-06,3.57e-06,3.87e-06,3.67e-06,3.68e-06,3.08e-06,2.88e-06,2.89e-06,3.61e-06
fascinating,8.6e-07,1.26e-06,1.43e-06,1.43e-06,1.64e-06,1.85e-06,1.65e-06,1.24e-06,1.06e-06
landscapes,7.06e-06,6.92e-06,6.92e-06,7.34e-06,7.16e-06,7.19e-06,7.83e-06,7.64e-06,6.99e-06
heated,4.71e-06,4.2e-06,5.09e-06,5.1e-06,5.12e-06,4.93e-06,4.53e-06,4.54e-06,4.45e-06
lafayette,3e-06,2.73e-06,2.44e-06,2.45e-06,2.46e-06,2.47e-06,2.68e-06,2.69e-06,2.87e-06
jackie,8.6e-07,8.4e-07,1.83e-06,1.02e-06,2.05e-06,2.05e-06,2.27e-06,2.07e-06,8.5e-07
wto,8.6e-07,8.4e-07,8.1e-07,8.2e-07,8.2e-07,8.2e-07,8.2e-07,8.3e-07,8.5e-07
computation,0.00020439,0.0002052,0.00020948,0.00020801,0.00020914,0.00021102,0.00020843,0.00021029,0.0002048
hay,4.49e-06,3.57e-06,3.26e-06,3.26e-06,3.27e-06,3.29e-06,3.71e-06,3.51e-06,4.03e-06
cardiovascular,2.78e-06,2.94e-06,2.85e-06,3.06e-06,3.07e-06,3.49e-06,3.5e-06,3.51e-06,2.86e-06
ww,1.71e-06,2.1e-06,1.83e-06,1.63e-06,1.84e-06,1.85e-06,1.65e-06,1.65e-06,1.9e-06
sparc,8.6e-07,8.4e-07,8.1e-07,8.2e-07,8.2e-07,8.2e-07,8.2e-07,8.3e-07,8.5e-07
cardiac,4.71e-06,4.62e-06,5.7e-06,6.32e-06,6.34e-06,6.78e-06,7.21e-06,7.23e-06,4.67e-06
salvation,8.6e-07,6.3e-07,6.1e-07,6.1e-07,6.1e-07,6.2e-07,4.1e-07,6.2e-07,7.5e-07
dover,1.798e-05,1.72e-05,1.629e-05,1.55e-05,1.473e-05,1.438e-05,1.298e-05,1.405e-05,1.759e-05
adrian,8.35e-06,8.81e-06,8.35e-06,7.95e-06,7.78e-06,7.81e-06,8.24e-06,7.64e-06,8.58e-06
predictions,3.574e-05,3.756e-05,3.868e-05,3.854e-05,3.888e-05,3.924e-05,3.954e-05,3.945e-05,3.665e-05
accompanying,9.85e-06,1.007e-05,8.96e-06,9.99e-06,9.82e-06,9.04e-06,9.27e-06,9.5e-06,9.96e-06
vatican,3.21e-06,2.94e-06,2.65e-06,2.65e-06,2.66e-06,3.08e-06,3.3e-06,3.31e-06,3.08e-06
brutal,6.4e-07,4.2e-07,4.1e-07,4.1e-07,4.1e-07,4.1e-07,4.1e-07,4.1e-07,5.3e-07
learners,4.71e-06,4.62e-06,3.87e-06,3.47e-06,3.07e-06,3.08e-06,2.88e-06,3.1e-06,4.67e-06
gd,3.64e-06,3.78e-06,4.07e-06,4.28e-06,4.3e-06,4.52e-06,4.53e-06,4.13e-06,3.71e-06
selective,1.177e-05,1.217e-05,1.201e-05,1.264e-05,1.269e-05,1.274e-05,1.195e-05,1.177e-05,1.197e-05
arbitration,6.4e-07,6.3e-07,6.1e-07,1.02e-06,1.23e-06,1.03e-06,8.2e-07,1.24e-06,6.4e-07
configuring,1.93e-06,1.68e-06,1.63e-06,1.43e-06,1.43e-06,1.44e-06,1.44e-06,1.45e-06,1.81e-06
token,1.241e-05,1.238e-05,1.201e-05,1.122e-05,1.207e-05,1.192e-05,1.277e-05,1.219e-05,1.239e-05
editorials,4.3e-07,4.2e-07,4.1e-07,4.1e-07,4.1e-07,4.1e-07,4.1e-07,4.1e-07,4.3e-07
zinc,1.07e-06,1.05e-06,1.43e-06,1.43e-06,1.23e-06,1.03e-06,1.03e-06,1.03e-06,1.06e-06
sacrifice,4.28e-06,4.62e-06,4.07e-06,3.26e-06,3.27e-06,3.9e-06,3.71e-06,4.13e-06,4.45e-06
seekers,8.6e-07,8.4e-07,1.02e-06,1.02e-06,1.02e-06,8.2e-07,8.2e-07,8.3e-07,8.5e-07
guru,1.93e-06,1.89e-06,1.43e-06,1.63e-06,1.64e-06,1.64e-06,1.85e-06,2.27e-06,1.91e-06
isa,2.57e-06,2.73e-06,2.85e-06,2.86e-06,3.07e-06,3.29e-06,3.09e-06,3.1e-06,2.65e-06
removable,4.71e-06,4.62e-06,5.29e-06,5.71e-06,5.73e-06,5.75e-06,5.97e-06,6.2e-06,4.67e-06
convergence,9.76e-05,9.882e-05,9.69e-05,9.728e-05,9.782e-05,9.965e-05,0.00010298,0.00010638,9.821e-05
yields,4.73e-05,4.763e-05,4.723e-05,4.385e-05,4.461e-05,4.479e-05,4.387e-05,4.338e-05,4.747e-05
gibraltar,3.42e-06,3.36e-06,3.26e-06,3.06e-06,3.07e-06,3.08e-06,3.3e-06,3.1e-06,3.39e-06
levy,6.85e-06,6.92e-06,6.92e-06,6.93e-06,6.75e-06,6.78e-06,7e-06,7.02e-06,6.88e-06
suited,2.44e-05,2.434e-05,2.402e-05,2.406e-05,2.231e-05,2.219e-05,2.327e-05,2.438e-05,2.437e-05
numeric,2.333e-05,2.266e-05,2.361e-05,2.345e-05,2.353e-05,2.527e-05,2.554e-05,2.623e-05,2.299e-05
anthropology,1.113e-05,1.07e-05,1.018e-05,1.02e-05,1.064e-05,9.86e-06,1.009e-05,1.012e-05,1.091e-05
skating,6.4e-07,6.3e-07,6.1e-07,6.1e-07,6.1e-07,4.1e-07,4.1e-07,4.1e-07,6.4e-07
kinda,0.0,0.0,0.0,2e-07,0.0,0.0,0.0,0.0,0.0
aberdeen,1.006e-05,8.6e-06,7.74e-06,7.34e-06,6.96e-06,6.99e-06,7.21e-06,6.61e-06,9.33e-06
emperor,1.99e-05,1.972e-05,1.934e-05,2.08e-05,2.046e-05,2.055e-05,2.142e-05,2.21e-05,1.981e-05
grad,1.28e-06,1.05e-06,1.22e-06,1.22e-06,1.02e-06,1.03e-06,1.03e-06,8.3e-07,1.16e-06
malpractice,4.3e-07,2.1e-07,2e-07,2e-07,2e-07,2.1e-07,2.1e-07,2.1e-07,3.2e-07
dylan,1.28e-06,8.4e-07,8.1e-07,8.2e-07,1.02e-06,1.03e-06,1.03e-06,1.03e-06,1.06e-06
bras,6.4e-07,6.3e-07,1.63e-06,1.84e-06,1.84e-06,1.85e-06,4.1e-07,4.1e-07,6.4e-07
belts,1.71e-06,1.68e-06,1.63e-06,1.63e-06,1.84e-06,2.05e-06,2.06e-06,2.07e-06,1.69e-06
blacks,8.6e-07,1.05e-06,1.22e-06,1.02e-06,6.1e-07,8.2e-07,8.2e-07,8.3e-07,9.5e-07
educated,5.286e-05,5.161e-05,5.089e-05,4.956e-05,4.789e-05,4.582e-05,4.428e-05,4.255e-05,5.224e-05
rebates,4.3e-07,4.2e-07,4.1e-07,4.1e-07,4.1e-07,4.1e-07,0.0,0.0,4.3e-07
reporters,1.93e-06,2.1e-06,1.83e-06,2.04e-06,2.25e-06,2.26e-06,2.88e-06,2.69e-06,2.02e-06
burke,5.35e-06,5.67e-06,5.5e-06,5.51e-06,5.73e-06,5.96e-06,5.77e-06,5.99e-06,5.51e-06
proudly,4.3e-07,2.1e-07,2e-07,0.0,0.0,0.0,0.0,0.0,3.2e-07
pix,2.1e-07,4.2e-07,4.1e-07,4.1e-07,4.1e-07,4.1e-07,4.1e-07,4.1e-07,3.2e-07
necessity,1.391e-05,1.343e-05,1.364e-05,1.366e-05,1.269e-05,1.294e-05,1.256e-05,1.177e-05,1.367e-05
rendering,2.012e-05,2.056e-05,1.995e-05,2.06e-05,2.21e-05,2.24e-05,2.348e-05,2.458e-05,2.034e-05
mic,2.57e-06,2.52e-06,2.65e-06,2.65e-06,2.46e-06,2.47e-06,2.68e-06,3.1e-06,2.55e-06
inserted,8.13e-06,7.55e-06,7.13e-06,7.75e-06,7.78e-06,8.22e-06,7.83e-06,7.85e-06,7.84e-06
pulling,5.14e-06,4.83e-06,4.48e-06,4.89e-06,4.71e-06,4.73e-06,4.33e-06,4.54e-06,4.99e-06
basename,0.0,0.0,0.0,0.0,0.0,0.0,0.0,0.0,0.0
kyle,1.5e-06,1.47e-06,2.04e-06,2.04e-06,1.84e-06,1.85e-06,1.85e-06,1.86e-06,1.48e-06
obesity,1.5e-06,1.89e-06,1.83e-06,1.84e-06,2.05e-06,2.26e-06,2.27e-06,2.27e-06,1.69e-06
curves,0.00016737,0.00017226,0.0001769,0.00017885,0.00018008,0.00018225,0.00018495,0.00018509,0.00016981
suburban,1.07e-06,8.4e-07,8.1e-07,6.1e-07,1.02e-06,8.2e-07,8.2e-07,6.2e-07,9.5e-07
touring,2.14e-06,2.1e-06,1.83e-06,1.63e-06,1.64e-06,1.64e-06,1.65e-06,1.65e-06,2.12e-06
clara,4.92e-06,5.04e-06,4.07e-06,4.08e-06,4.5e-06,4.31e-06,4.33e-06,4.75e-06,4.98e-06
vertex,0.00017229,0.00016576,0.00017161,0.00017436,0.00017496,0.00017485,0.00017671,0.00017352,0.00016903
bw,1.07e-06,1.05e-06,1.02e-06,1.02e-06,1.02e-06,1.03e-06,1.03e-06,1.03e-06,1.06e-06
hepatitis,8.6e-07,8.4e-07,8.1e-07,1.02e-06,8.2e-07,8.2e-07,1.03e-06,1.03e-06,8.5e-07
nationally,5.56e-06,5.46e-06,5.09e-06,5.1e-06,5.32e-06,5.14e-06,4.94e-06,4.75e-06,5.51e-06
tomato,6.4e-07,6.3e-07,8.1e-07,8.2e-07,4.1e-07,4.1e-07,4.1e-07,4.1e-07,6.4e-07
andorra,2.1e-07,2.1e-07,4.1e-07,2e-07,2e-07,2.1e-07,2.1e-07,2.1e-07,2.1e-07
waterproof,1.28e-06,1.26e-06,1.22e-06,1.02e-06,8.2e-07,1.03e-06,1.03e-06,1.03e-06,1.27e-06
expired,5.35e-06,5.04e-06,5.5e-06,5.71e-06,6.34e-06,6.78e-06,7.21e-06,7.02e-06,5.2e-06
mj,4.92e-06,4.83e-06,4.07e-06,4.08e-06,4.09e-06,4.11e-06,3.71e-06,3.72e-06,4.87e-06
travels,1.348e-05,1.301e-05,1.221e-05,1.244e-05,1.228e-05,1.336e-05,1.195e-05,1.219e-05,1.324e-05
flush,6.4e-07,6.3e-07,4.1e-07,4.1e-07,4.1e-07,4.1e-07,4.1e-07,4.1e-07,6.4e-07
waiver,0.0,0.0,0.0,0.0,0.0,0.0,2.1e-07,2.1e-07,0.0
pale,1.477e-05,1.406e-05,1.405e-05,1.428e-05,1.453e-05,1.397e-05,1.401e-05,1.425e-05,1.442e-05
specialties,3.42e-06,3.36e-06,3.46e-06,3.67e-06,3.68e-06,3.49e-06,3.3e-06,3.1e-06,3.39e-06
hayes,4.28e-06,4.62e-06,4.28e-06,4.08e-06,3.89e-06,3.9e-06,3.91e-06,4.54e-06,4.45e-06
humanitarian,2.57e-06,2.94e-06,3.05e-06,3.06e-06,3.07e-06,2.88e-06,2.68e-06,2.89e-06,2.75e-06
invitations,2.1e-07,2.1e-07,2e-07,2e-07,4.1e-07,4.1e-07,4.1e-07,2.1e-07,2.1e-07
functioning,8.78e-06,8.39e-06,8.75e-06,8.77e-06,8.39e-06,8.84e-06,8.65e-06,8.06e-06,8.58e-06
delight,8.6e-07,8.4e-07,8.1e-07,6.1e-07,6.1e-07,4.1e-07,4.1e-07,4.1e-07,8.5e-07
survivor,2.35e-06,2.52e-06,2.65e-06,2.45e-06,2.66e-06,2.88e-06,3.09e-06,2.69e-06,2.43e-06
garcia,3.21e-06,3.78e-06,4.07e-06,4.08e-06,3.89e-06,4.11e-06,4.33e-06,4.13e-06,3.49e-06
cingular,0.0,0.0,0.0,0.0,0.0,0.0,0.0,0.0,0.0
economies,6.42e-06,6.29e-06,5.9e-06,6.93e-06,6.96e-06,6.16e-06,6.59e-06,6.61e-06,6.36e-06
alexandria,1.905e-05,1.909e-05,1.893e-05,1.876e-05,1.924e-05,1.911e-05,1.915e-05,1.921e-05,1.907e-05
bacterial,4.71e-06,4.41e-06,4.07e-06,4.49e-06,4.91e-06,5.14e-06,5.56e-06,5.58e-06,4.56e-06
moses,6.85e-06,7.97e-06,8.35e-06,7.55e-06,7.57e-06,7.6e-06,7.21e-06,7.23e-06,7.41e-06
counted,2.247e-05,2.161e-05,2.138e-05,2.06e-05,2.026e-05,2.034e-05,1.936e-05,1.962e-05,2.204e-05
undertake,3.64e-06,3.99e-06,3.66e-06,3.67e-06,4.09e-06,3.9e-06,4.33e-06,4.54e-06,3.81e-06
declare,2.57e-06,2.94e-06,2.65e-06,2.86e-06,3.89e-06,3.08e-06,2.88e-06,2.89e-06,2.75e-06
continuously,3.531e-05,3.483e-05,3.461e-05,3.61e-05,3.663e-05,3.555e-05,3.481e-05,3.388e-05,3.507e-05
johns,2.675e-05,2.854e-05,2.952e-05,2.753e-05,2.722e-05,2.671e-05,2.616e-05,2.603e-05,2.765e-05
valves,3e-06,2.94e-06,3.05e-06,3.06e-06,3.07e-06,3.08e-06,3.3e-06,3.51e-06,2.97e-06
gaps,1.99e-05,2.056e-05,1.893e-05,1.815e-05,1.78e-05,1.746e-05,1.812e-05,1.756e-05,2.023e-05
impaired,4.07e-06,3.99e-06,4.48e-06,4.89e-06,4.71e-06,4.31e-06,4.33e-06,4.54e-06,4.03e-06
achievements,3.061e-05,2.979e-05,2.952e-05,2.977e-05,2.988e-05,3.02e-05,3.048e-05,2.954e-05,3.02e-05
donors,1.5e-06,1.05e-06,1.43e-06,1.43e-06,1.02e-06,1.03e-06,8.2e-07,8.3e-07,1.28e-06
tear,3.64e-06,3.36e-06,3.26e-06,3.06e-06,3.07e-06,2.88e-06,2.88e-06,2.89e-06,3.5e-06
jewel,4.07e-06,4.2e-06,4.07e-06,4.08e-06,4.09e-06,4.31e-06,3.91e-06,3.92e-06,4.14e-06
teddy,1.28e-06,1.26e-06,1.22e-06,1.22e-06,1.23e-06,1.03e-06,1.03e-06,1.03e-06,1.27e-06
lf,2.57e-06,2.52e-06,2.44e-06,3.87e-06,3.48e-06,3.7e-06,3.71e-06,3.72e-06,2.55e-06
convertible,1.07e-06,1.26e-06,1.22e-06,1.02e-06,1.02e-06,8.2e-07,8.2e-07,6.2e-07,1.16e-06
ata,1.93e-06,1.89e-06,1.63e-06,1.63e-06,1.64e-06,1.64e-06,1.44e-06,1.45e-06,1.91e-06
teaches,1.391e-05,1.49e-05,1.445e-05,1.366e-05,1.351e-05,1.212e-05,1.112e-05,1.136e-05,1.441e-05
ventures,2.78e-06,2.73e-06,2.44e-06,2.86e-06,3.68e-06,3.08e-06,3.3e-06,3.51e-06,2.75e-06
nil,3e-06,2.94e-06,3.46e-06,3.26e-06,3.27e-06,3.29e-06,3.09e-06,3.31e-06,2.97e-06
bufing,0.0,0.0,0.0,0.0,0.0,0.0,0.0,0.0,0.0
stranger,8.6e-07,8.4e-07,8.1e-07,8.2e-07,1.02e-06,8.2e-07,8.2e-07,8.3e-07,8.5e-07
tragedy,3.42e-06,3.57e-06,3.46e-06,3.06e-06,3.07e-06,3.08e-06,3.3e-06,4.13e-06,3.49e-06
julian,2.097e-05,2.098e-05,2.097e-05,2.039e-05,2.005e-05,1.911e-05,1.957e-05,1.962e-05,2.098e-05
nest,4.92e-06,5.04e-06,5.09e-06,5.3e-06,5.32e-06,5.34e-06,5.35e-06,5.37e-06,4.98e-06
pam,2.35e-06,2.31e-06,2.44e-06,2.45e-06,2.66e-06,2.67e-06,2.68e-06,2.69e-06,2.33e-06
dryer,0.0,0.0,0.0,0.0,0.0,0.0,0.0,0.0,0.0
painful,6.4e-07,6.3e-07,6.1e-07,6.1e-07,6.1e-07,6.2e-07,6.2e-07,6.2e-07,6.4e-07
velvet,1.28e-06,1.47e-06,1.43e-06,1.43e-06,1.43e-06,1.44e-06,1.44e-06,1.65e-06,1.37e-06
tribunal,4.3e-07,6.3e-07,6.1e-07,6.1e-07,8.2e-07,8.2e-07,8.2e-07,6.2e-07,5.3e-07
ruled,1.541e-05,1.574e-05,1.629e-05,1.631e-05,1.637e-05,1.705e-05,1.792e-05,1.694e-05,1.557e-05
nato,8.78e-06,9.23e-06,9.16e-06,9.18e-06,8.8e-06,8.84e-06,8.24e-06,8.06e-06,9e-06
pensions,4.07e-06,4.2e-06,4.07e-06,4.08e-06,4.3e-06,4.31e-06,4.12e-06,4.13e-06,4.14e-06
prayers,2.35e-06,2.1e-06,2.24e-06,2.24e-06,2.25e-06,2.05e-06,2.27e-06,2.27e-06,2.22e-06
funky,2.1e-07,2.1e-07,2e-07,6.1e-07,4.1e-07,0.0,0.0,0.0,2.1e-07
secretariat,3.21e-06,2.94e-06,3.05e-06,3.47e-06,3.27e-06,3.29e-06,3.09e-06,2.89e-06,3.08e-06
nowhere,7.49e-06,8.39e-06,8.35e-06,8.77e-06,8.8e-06,8.84e-06,9.27e-06,9.5e-06,7.94e-06
cop,5.14e-06,5.04e-06,5.09e-06,5.1e-06,5.53e-06,5.96e-06,6.38e-06,6.61e-06,5.09e-06
paragraphs,3.85e-06,3.78e-06,3.87e-06,3.26e-06,3.07e-06,3.49e-06,3.5e-06,3.72e-06,3.81e-06
gale,1.134e-05,1.385e-05,1.384e-05,1.326e-05,1.31e-05,1.336e-05,1.359e-05,1.301e-05,1.26e-05
joins,6.42e-06,5.87e-06,5.5e-06,5.91e-06,6.55e-06,5.96e-06,5.97e-06,5.16e-06,6.14e-06
adolescent,2.1e-07,6.3e-07,6.1e-07,6.1e-07,6.1e-07,2.1e-07,0.0,0.0,4.2e-07
nominations,5.35e-06,5.67e-06,5.5e-06,5.71e-06,5.73e-06,5.96e-06,7e-06,7.44e-06,5.51e-06
wesley,1.348e-05,1.238e-05,1.262e-05,1.244e-05,1.228e-05,1.151e-05,1.071e-05,1.053e-05,1.293e-05
dim,7.7e-06,6.92e-06,5.9e-06,5.91e-06,5.93e-06,5.75e-06,5.97e-06,5.78e-06,7.31e-06
lately,1.07e-06,8.4e-07,8.1e-07,6.1e-07,8.2e-07,8.2e-07,1.03e-06,1.03e-06,9.5e-07
cancelled,4.28e-06,4.83e-06,4.68e-06,5.51e-06,5.53e-06,5.14e-06,5.56e-06,5.58e-06,4.55e-06
scary,4.3e-07,4.2e-07,4.1e-07,2e-07,4.1e-07,2.1e-07,4.1e-07,4.1e-07,4.3e-07
mattress,2.1e-07,2.1e-07,2e-07,2e-07,2e-07,2.1e-07,2.1e-07,2.1e-07,2.1e-07
mpegs,0.0,0.0,0.0,0.0,0.0,0.0,0.0,0.0,0.0
brunei,4.3e-07,4.2e-07,4.1e-07,4.1e-07,6.1e-07,8.2e-07,1.03e-06,1.03e-06,4.3e-07
likewise,2.633e-05,2.581e-05,2.504e-05,2.651e-05,2.64e-05,2.671e-05,2.636e-05,2.623e-05,2.607e-05
banana,1.93e-06,3.15e-06,3.05e-06,3.26e-06,3.07e-06,3.08e-06,3.09e-06,2.89e-06,2.54e-06
introductory,1.648e-05,1.658e-05,1.608e-05,1.591e-05,1.514e-05,1.5e-05,1.483e-05,1.529e-05,1.653e-05
slovak,9.42e-06,9.86e-06,9.57e-06,9.38e-06,9.82e-06,9.45e-06,9.68e-06,9.5e-06,9.64e-06
cakes,1.28e-06,1.26e-06,1.22e-06,1.02e-06,1.84e-06,1.85e-06,1.85e-06,1.86e-06,1.27e-06
stan,4.92e-06,4.83e-06,5.29e-06,4.69e-06,4.71e-06,4.93e-06,4.53e-06,4.75e-06,4.87e-06
reservoir,7.7e-06,7.34e-06,7.33e-06,7.14e-06,7.16e-06,6.37e-06,6.18e-06,5.78e-06,7.52e-06
occurrence,1.605e-05,1.637e-05,1.669e-05,1.672e-05,1.678e-05,1.664e-05,1.689e-05,1.715e-05,1.621e-05
idol,6.4e-07,2.1e-07,4.1e-07,4.1e-07,4.1e-07,4.1e-07,4.1e-07,6.2e-07,4.3e-07
bloody,4.3e-07,6.3e-07,8.1e-07,8.2e-07,8.2e-07,8.2e-07,8.2e-07,8.3e-07,5.3e-07
mixer,1.93e-06,1.89e-06,2.24e-06,2.24e-06,2.25e-06,2.26e-06,2.27e-06,2.27e-06,1.91e-06
remind,8.6e-07,1.05e-06,1.02e-06,1.02e-06,1.02e-06,8.2e-07,8.2e-07,1.03e-06,9.5e-07
wc,8.6e-07,8.4e-07,8.1e-07,1.02e-06,1.02e-06,1.44e-06,1.44e-06,1.45e-06,8.5e-07
worcester,5.56e-06,5.67e-06,5.09e-06,4.49e-06,5.32e-06,5.14e-06,5.15e-06,4.75e-06,5.61e-06
sbjct,0.0,0.0,0.0,0.0,0.0,0.0,0.0,0.0,0.0
demographic,1.413e-05,1.385e-05,1.405e-05,1.407e-05,1.351e-05,1.52e-05,1.524e-05,1.57e-05,1.399e-05
charming,6.4e-07,8.4e-07,6.1e-07,6.1e-07,6.1e-07,6.2e-07,6.2e-07,4.1e-07,7.4e-07
mai,1.5e-06,1.68e-06,1.83e-06,1.84e-06,1.84e-06,1.44e-06,1.44e-06,1.24e-06,1.59e-06
tooth,6.42e-06,6.08e-06,5.9e-06,5.91e-06,5.93e-06,5.96e-06,4.94e-06,4.75e-06,6.25e-06
disciplinary,7.06e-06,7.97e-06,7.74e-06,7.55e-06,7.37e-06,7.19e-06,6.59e-06,6.4e-06,7.52e-06
annoying,4.3e-07,6.3e-07,6.1e-07,1.02e-06,6.1e-07,8.2e-07,8.2e-07,8.3e-07,5.3e-07
respected,8.35e-06,6.92e-06,7.13e-06,7.34e-06,7.57e-06,8.01e-06,7.41e-06,7.23e-06,7.64e-06
stays,6.63e-06,6.08e-06,5.9e-06,6.12e-06,5.73e-06,6.16e-06,5.97e-06,5.99e-06,6.36e-06
disclose,1.5e-06,1.68e-06,1.63e-06,2.04e-06,1.64e-06,1.64e-06,1.85e-06,1.86e-06,1.59e-06
affair,3.42e-06,3.78e-06,3.66e-06,3.26e-06,3.68e-06,3.7e-06,3.71e-06,3.92e-06,3.6e-06
drove,1.28e-06,1.26e-06,1.22e-06,1.02e-06,1.02e-06,1.23e-06,1.03e-06,1.03e-06,1.27e-06
washer,1.5e-06,1.47e-06,1.43e-06,1.43e-06,1.02e-06,1.03e-06,1.03e-06,1.03e-06,1.48e-06
upset,1.5e-06,1.47e-06,1.22e-06,1.22e-06,6.1e-07,6.2e-07,6.2e-07,4.1e-07,1.48e-06
restrict,8.56e-06,9.23e-06,8.75e-06,8.77e-06,9e-06,9.04e-06,9.06e-06,9.71e-06,8.89e-06
springer,0.00014276,0.0001475,0.0001484,0.00014847,0.00014509,0.00014239,0.00013799,0.00013468,0.00014513
beside,4.71e-06,5.04e-06,5.5e-06,5.51e-06,4.91e-06,4.73e-06,4.94e-06,5.16e-06,4.87e-06
mines,5.14e-06,5.46e-06,7.13e-06,6.73e-06,7.16e-06,6.58e-06,6.8e-06,6.82e-06,5.3e-06
portraits,5.99e-06,5.87e-06,6.31e-06,6.73e-06,6.55e-06,5.75e-06,5.77e-06,5.58e-06,5.93e-06
rebound,2.57e-06,2.52e-06,2.65e-06,2.45e-06,3.07e-06,2.88e-06,2.88e-06,3.1e-06,2.55e-06
logan,2.57e-06,2.73e-06,2.44e-06,2.45e-06,2.46e-06,2.67e-06,2.68e-06,2.69e-06,2.65e-06
mentor,8.99e-06,9.44e-06,9.36e-06,1.02e-05,1.044e-05,1.007e-05,9.68e-06,9.92e-06,9.21e-06
interpreted,6.1e-05,6.19e-05,6.026e-05,6.159e-05,6.282e-05,6.452e-05,6.405e-05,6.486e-05,6.145e-05
evaluations,8.13e-06,7.97e-06,7.94e-06,7.95e-06,7.78e-06,8.22e-06,8.65e-06,8.47e-06,8.05e-06
fought,5.35e-06,5.67e-06,5.29e-06,5.51e-06,5.93e-06,6.16e-06,7e-06,7.23e-06,5.51e-06
baghdad,8.13e-06,8.39e-06,8.35e-06,7.55e-06,7.78e-06,8.42e-06,8.44e-06,8.47e-06,8.26e-06
elimination,2.975e-05,3.084e-05,2.931e-05,2.957e-05,2.988e-05,3e-05,3.048e-05,3.078e-05,3.03e-05
metres,1.134e-05,1.049e-05,1.059e-05,9.38e-06,9.21e-06,9.04e-06,8.03e-06,7.64e-06,1.091e-05
hypothetical,2.568e-05,2.497e-05,2.423e-05,2.468e-05,2.538e-05,2.609e-05,2.719e-05,2.809e-05,2.532e-05
immigrants,3e-06,3.57e-06,2.85e-06,2.86e-06,2.66e-06,2.88e-06,2.88e-06,3.51e-06,3.28e-06
complimentary,6.4e-07,6.3e-07,2e-07,2e-07,2e-07,4.1e-07,2.1e-07,2.1e-07,6.4e-07
helicopter,2.35e-06,2.73e-06,2.65e-06,2.65e-06,2.46e-06,2.47e-06,2.68e-06,2.69e-06,2.54e-06
pencil,1.648e-05,1.616e-05,1.771e-05,1.795e-05,1.801e-05,1.746e-05,1.833e-05,1.735e-05,1.632e-05
freeze,1.07e-06,1.26e-06,1.22e-06,8.2e-07,1.02e-06,8.2e-07,8.2e-07,6.2e-07,1.16e-06
hk,3.42e-06,2.94e-06,2.65e-06,2.45e-06,2.46e-06,2.05e-06,2.06e-06,2.07e-06,3.18e-06
performer,6.63e-06,6.5e-06,6.72e-06,6.93e-06,7.16e-06,6.99e-06,7e-06,6.61e-06,6.56e-06
abu,1.798e-05,1.972e-05,1.893e-05,1.876e-05,1.903e-05,1.788e-05,1.751e-05,1.88e-05,1.885e-05
titled,4.709e-05,5.182e-05,4.947e-05,4.956e-05,4.932e-05,5.075e-05,5.582e-05,5.433e-05,4.945e-05
commissions,3.42e-06,3.78e-06,3.66e-06,3.06e-06,3.07e-06,2.88e-06,2.88e-06,2.89e-06,3.6e-06
sphere,0.00018663,0.00017729,0.00018484,0.00017967,0.00018008,0.00018369,0.00018598,0.00018054,0.00018196
powerseller,0.0,0.0,0.0,0.0,0.0,0.0,0.0,0.0,0.0
moss,3.64e-06,2.94e-06,2.65e-06,2.65e-06,3.27e-06,3.29e-06,3.3e-06,3.1e-06,3.29e-06
ratios,4.923e-05,4.784e-05,5.171e-05,4.915e-05,4.891e-05,4.849e-05,4.881e-05,4.958e-05,4.854e-05
concord,1.5e-06,1.47e-06,1.43e-06,1.02e-06,1.02e-06,1.03e-06,8.2e-07,1.24e-06,1.48e-06
graduated,9.396e-05,9.735e-05,9.833e-05,9.116e-05,8.861e-05,8.527e-05,8.238e-05,8.097e-05,9.565e-05
endorsed,4.28e-06,3.99e-06,4.28e-06,4.49e-06,4.5e-06,5.14e-06,5.15e-06,5.16e-06,4.14e-06
ty,1.5e-06,1.47e-06,1.43e-06,1.43e-06,1.23e-06,1.03e-06,1.03e-06,1.03e-06,1.48e-06
surprising,8.99e-06,8.81e-06,8.96e-06,9.58e-06,9e-06,8.63e-06,8.03e-06,7.85e-06,8.9e-06
walnut,6.4e-07,4.2e-07,6.1e-07,6.1e-07,6.1e-07,8.2e-07,8.2e-07,8.3e-07,5.3e-07
lance,4.28e-06,4.2e-06,4.48e-06,3.87e-06,3.89e-06,3.7e-06,3.71e-06,3.72e-06,4.24e-06
ladder,7.92e-06,7.97e-06,7.94e-06,7.95e-06,7.98e-06,7.6e-06,7.83e-06,8.06e-06,7.94e-06
italia,1.71e-06,1.47e-06,3.66e-06,3.47e-06,3.68e-06,3.7e-06,3.5e-06,3.31e-06,1.59e-06
unnecessary,8.35e-06,7.97e-06,8.14e-06,7.95e-06,7.98e-06,7.81e-06,8.44e-06,8.68e-06,8.16e-06
dramatically,7.06e-06,6.5e-06,6.72e-06,7.34e-06,7.16e-06,6.78e-06,6.59e-06,6.4e-06,6.78e-06
liberia,1.5e-06,2.1e-06,2.24e-06,2.04e-06,2.46e-06,2.47e-06,2.47e-06,2.07e-06,1.8e-06
sherman,5.99e-06,5.46e-06,5.7e-06,5.3e-06,5.12e-06,5.14e-06,5.35e-06,5.16e-06,5.73e-06
cork,5.56e-06,6.5e-06,5.7e-06,5.71e-06,5.53e-06,5.34e-06,5.77e-06,5.78e-06,6.03e-06
maximize,1.648e-05,1.679e-05,1.649e-05,1.713e-05,1.821e-05,1.87e-05,1.957e-05,1.838e-05,1.663e-05
cj,2.57e-06,1.47e-06,1.02e-06,1.63e-06,1.23e-06,1.23e-06,1.44e-06,1.24e-06,2.02e-06
hansen,1.092e-05,1.07e-05,9.98e-06,9.58e-06,9.62e-06,8.63e-06,8.44e-06,8.47e-06,1.081e-05
senators,6.4e-07,4.2e-07,4.1e-07,4.1e-07,4.1e-07,4.1e-07,4.1e-07,4.1e-07,5.3e-07
workout,0.0,0.0,0.0,0.0,0.0,0.0,0.0,0.0,0.0
mali,4.3e-07,4.2e-07,6.1e-07,8.2e-07,6.1e-07,4.1e-07,4.1e-07,4.1e-07,4.3e-07
yugoslavia,7.06e-06,7.34e-06,6.11e-06,6.93e-06,6.75e-06,7.81e-06,8.03e-06,8.26e-06,7.2e-06
bleeding,8.6e-07,8.4e-07,1.02e-06,1.02e-06,1.02e-06,1.03e-06,1.03e-06,1.03e-06,8.5e-07
characterization,3.424e-05,3.651e-05,3.949e-05,3.875e-05,3.909e-05,3.924e-05,3.975e-05,3.883e-05,3.537e-05
colon,3.21e-06,3.36e-06,4.07e-06,3.47e-06,3.07e-06,3.29e-06,3.5e-06,3.31e-06,3.28e-06
likelihood,3.874e-05,4.049e-05,4.031e-05,4.079e-05,4.175e-05,4.233e-05,4.408e-05,4.503e-05,3.961e-05
lanes,6.4e-07,6.3e-07,4.1e-07,6.1e-07,1.02e-06,1.03e-06,1.03e-06,1.03e-06,6.4e-07
purse,2.14e-06,2.1e-06,2.24e-06,2.24e-06,2.25e-06,1.44e-06,1.44e-06,1.45e-06,2.12e-06
fundamentals,1.177e-05,1.091e-05,1.059e-05,1.203e-05,1.228e-05,1.274e-05,1.236e-05,1.219e-05,1.134e-05
contamination,2.14e-06,1.68e-06,1.83e-06,2.24e-06,2.25e-06,2.47e-06,2.47e-06,2.27e-06,1.91e-06
mtv,1.28e-06,8.4e-07,8.1e-07,8.2e-07,8.2e-07,8.2e-07,8.2e-07,8.3e-07,1.06e-06
endangered,1.28e-06,1.47e-06,1.63e-06,1.84e-06,1.84e-06,1.85e-06,1.85e-06,1.86e-06,1.37e-06
compromise,1.284e-05,1.343e-05,1.344e-05,1.366e-05,1.289e-05,1.192e-05,1.195e-05,1.115e-05,1.314e-05
masturbation,6.4e-07,6.3e-07,2e-07,2e-07,0.0,0.0,0.0,0.0,6.4e-07
optimize,1.327e-05,1.322e-05,1.323e-05,1.407e-05,1.392e-05,1.377e-05,1.421e-05,1.467e-05,1.324e-05
stating,2.526e-05,2.392e-05,2.321e-05,2.345e-05,2.394e-05,2.425e-05,2.492e-05,2.603e-05,2.459e-05
dome,4.49e-06,4.2e-06,4.48e-06,5.91e-06,4.71e-06,4.73e-06,3.3e-06,4.54e-06,4.34e-06
caroline,3e-06,3.36e-06,3.26e-06,3.26e-06,3.27e-06,3.49e-06,3.5e-06,3.72e-06,3.18e-06
leu,0.0,0.0,0.0,0.0,0.0,0.0,0.0,0.0,0.0
expiration,1.71e-06,1.68e-06,2.04e-06,1.84e-06,2.05e-06,2.26e-06,2.27e-06,2.27e-06,1.69e-06
namespace,2.57e-06,2.31e-06,2.04e-06,2.04e-06,2.05e-06,2.05e-06,2.06e-06,1.86e-06,2.44e-06
align,1.092e-05,8.39e-06,8.14e-06,8.97e-06,1.207e-05,2.342e-05,2.245e-05,2.355e-05,9.65e-06
peripheral,5.35e-06,4.41e-06,4.68e-06,4.89e-06,5.12e-06,5.34e-06,5.35e-06,5.16e-06,4.88e-06
bless,1.28e-06,1.05e-06,1.02e-06,8.2e-07,6.1e-07,4.1e-07,4.1e-07,2.1e-07,1.16e-06
engaging,4.49e-06,4.62e-06,4.89e-06,4.49e-06,4.91e-06,4.73e-06,5.35e-06,5.37e-06,4.55e-06
negotiation,5.99e-06,6.08e-06,7.33e-06,7.14e-06,6.75e-06,6.58e-06,6.38e-06,6.82e-06,6.04e-06
crest,1.177e-05,1.238e-05,1.242e-05,1.183e-05,1.187e-05,1.274e-05,1.298e-05,1.239e-05,1.208e-05
opponents,8.56e-06,7.97e-06,6.92e-06,7.14e-06,7.78e-06,7.4e-06,7.21e-06,7.44e-06,8.26e-06
triumph,2.57e-06,3.15e-06,3.26e-06,3.26e-06,3.27e-06,3.49e-06,3.5e-06,3.51e-06,2.86e-06
nominated,2.076e-05,2.161e-05,2.239e-05,2.284e-05,2.353e-05,2.322e-05,2.286e-05,2.334e-05,2.119e-05
confidentiality,9.42e-06,9.65e-06,9.36e-06,8.77e-06,9e-06,9.25e-06,9.47e-06,1.012e-05,9.53e-06
electoral,7.28e-06,7.76e-06,1.079e-05,1.101e-05,1.023e-05,1.007e-05,1.03e-05,1.033e-05,7.52e-06
changelog,2.1e-07,2.1e-07,2e-07,2e-07,2e-07,0.0,0.0,0.0,2.1e-07
welding,2.14e-06,2.31e-06,2.24e-06,2.24e-06,2.05e-06,2.05e-06,1.85e-06,2.07e-06,2.22e-06
orgasm,2.1e-07,2.1e-07,2e-07,2e-07,2e-07,2.1e-07,2.1e-07,2.1e-07,2.1e-07
deferred,3.64e-06,3.36e-06,3.46e-06,3.26e-06,3.48e-06,3.49e-06,3.5e-06,3.92e-06,3.5e-06
alternatively,5.03e-05,5.036e-05,5.171e-05,5.323e-05,5.239e-05,5.219e-05,5.211e-05,5.123e-05,5.033e-05
heel,8.6e-07,1.05e-06,1.02e-06,6.1e-07,6.1e-07,6.2e-07,6.2e-07,6.2e-07,9.5e-07
alloy,3.85e-06,4.2e-06,4.28e-06,4.49e-06,4.3e-06,4.31e-06,4.74e-06,4.96e-06,4.02e-06
condos,0.0,0.0,0.0,0.0,0.0,0.0,0.0,0.0,0.0
plots,1.049e-05,9.86e-06,9.77e-06,9.58e-06,8.39e-06,8.22e-06,8.44e-06,8.88e-06,1.017e-05
polished,2.57e-06,2.73e-06,2.65e-06,2.45e-06,2.46e-06,2.67e-06,2.68e-06,3.1e-06,2.65e-06
yang,3.189e-05,3.273e-05,2.993e-05,3.181e-05,3.315e-05,3.329e-05,3.357e-05,3.222e-05,3.231e-05
gently,2.1e-07,0.0,0.0,0.0,0.0,0.0,0.0,0.0,1.1e-07
greensboro,1.5e-06,1.68e-06,1.63e-06,1.63e-06,1.64e-06,1.64e-06,1.65e-06,1.65e-06,1.59e-06
tulsa,6.4e-07,4.2e-07,4.1e-07,6.1e-07,6.1e-07,6.2e-07,6.2e-07,6.2e-07,5.3e-07
locking,7.06e-06,7.76e-06,7.53e-06,7.55e-06,7.98e-06,8.22e-06,8.03e-06,7.85e-06,7.41e-06
casey,1.71e-06,1.68e-06,1.83e-06,2.24e-06,2.25e-06,2.05e-06,2.06e-06,2.27e-06,1.69e-06
controversial,2.055e-05,2.056e-05,2.199e-05,2.182e-05,2.415e-05,2.404e-05,2.43e-05,2.293e-05,2.056e-05
draws,1.498e-05,1.741e-05,1.69e-05,1.57e-05,1.494e-05,1.5e-05,1.442e-05,1.467e-05,1.619e-05
fridge,0.0,0.0,0.0,0.0,0.0,0.0,0.0,0.0,0.0
blanket,2.1e-07,6.3e-07,8.1e-07,1.22e-06,1.43e-06,1.64e-06,1.24e-06,1.45e-06,4.2e-07
bloom,2.14e-06,2.1e-06,4.68e-06,4.69e-06,4.91e-06,5.34e-06,5.56e-06,5.78e-06,2.12e-06
qc,2.78e-06,2.1e-06,2.24e-06,2.04e-06,1.84e-06,1.64e-06,1.65e-06,1.65e-06,2.44e-06
simpsons,5.78e-06,5.46e-06,5.5e-06,5.71e-06,5.73e-06,5.55e-06,5.35e-06,5.58e-06,5.62e-06
lou,2.35e-06,2.52e-06,2.24e-06,2.45e-06,2.25e-06,2.26e-06,2.47e-06,2.48e-06,2.43e-06
elliott,1.413e-05,1.469e-05,1.445e-05,1.489e-05,1.432e-05,1.438e-05,1.421e-05,1.446e-05,1.441e-05
recovered,1.627e-05,1.679e-05,1.527e-05,1.55e-05,1.535e-05,1.5e-05,1.483e-05,1.591e-05,1.653e-05
fraser,9.85e-06,9.44e-06,8.55e-06,8.77e-06,8.8e-06,8.84e-06,8.65e-06,8.47e-06,9.64e-06
justify,6.63e-06,6.5e-06,7.74e-06,7.55e-06,7.37e-06,7.6e-06,7.62e-06,7.85e-06,6.56e-06
upgrading,1.07e-06,1.05e-06,1.02e-06,1.02e-06,1.23e-06,1.23e-06,1.24e-06,1.45e-06,1.06e-06
blades,3.85e-06,4.83e-06,5.09e-06,5.1e-06,5.32e-06,5.14e-06,4.53e-06,5.37e-06,4.34e-06
pgp,8.99e-06,1.007e-05,1.038e-05,1.06e-05,1.064e-05,1.068e-05,1.071e-05,1.136e-05,9.53e-06
loops,3.703e-05,3.714e-05,3.542e-05,3.589e-05,3.54e-05,3.678e-05,3.769e-05,3.739e-05,3.709e-05
surge,3.42e-06,3.36e-06,3.87e-06,3.47e-06,3.48e-06,3.49e-06,3.09e-06,3.1e-06,3.39e-06
frontpage,4.3e-07,4.2e-07,4.1e-07,6.1e-07,4.1e-07,4.1e-07,4.1e-07,4.1e-07,4.3e-07
trauma,2.14e-06,2.1e-06,2.04e-06,2.04e-06,2.05e-06,2.05e-06,1.85e-06,1.86e-06,2.12e-06
aw,3.64e-06,3.78e-06,3.87e-06,4.08e-06,4.3e-06,4.11e-06,3.71e-06,3.72e-06,3.71e-06
tahoe,1.07e-06,1.05e-06,1.02e-06,1.02e-06,1.02e-06,1.03e-06,1.03e-06,1.03e-06,1.06e-06
advert,4.3e-07,4.2e-07,4.1e-07,4.1e-07,4.1e-07,4.1e-07,4.1e-07,4.1e-07,4.3e-07
possess,2.376e-05,2.434e-05,2.28e-05,2.284e-05,2.271e-05,2.157e-05,2.224e-05,2.128e-05,2.405e-05
demanding,4.07e-06,4.41e-06,4.28e-06,4.69e-06,4.3e-06,4.73e-06,4.53e-06,4.54e-06,4.24e-06
defensive,6.42e-06,6.71e-06,7.74e-06,6.73e-06,6.55e-06,7.19e-06,7.21e-06,7.23e-06,6.57e-06
sip,3.64e-06,3.57e-06,3.46e-06,3.26e-06,3.27e-06,3.29e-06,3.09e-06,3.1e-06,3.61e-06
flashers,0.0,0.0,0.0,0.0,0.0,0.0,0.0,0.0,0.0
subaru,2.1e-07,2.1e-07,2e-07,2e-07,2e-07,2.1e-07,2.1e-07,2.1e-07,2.1e-07
forbidden,1.177e-05,1.154e-05,1.059e-05,9.38e-06,9.41e-06,9.86e-06,9.89e-06,1.012e-05,1.165e-05
tf,2.35e-06,2.31e-06,2.04e-06,2.04e-06,2.25e-06,2.67e-06,2.06e-06,2.07e-06,2.33e-06
vanilla,1.71e-06,1.89e-06,2.04e-06,1.43e-06,1.43e-06,1.44e-06,1.44e-06,1.45e-06,1.8e-06
programmers,1.734e-05,1.679e-05,1.71e-05,1.672e-05,1.637e-05,1.52e-05,1.504e-05,1.508e-05,1.707e-05
pj,1.5e-06,1.47e-06,1.43e-06,1.43e-06,1.23e-06,1.23e-06,1.03e-06,1.03e-06,1.48e-06
monitored,4.49e-06,3.99e-06,4.89e-06,4.28e-06,4.3e-06,4.31e-06,4.12e-06,4.54e-06,4.24e-06
installations,5.99e-06,6.08e-06,5.5e-06,5.3e-06,5.53e-06,5.55e-06,5.35e-06,5.37e-06,6.04e-06
deutschland,2.1e-07,2.1e-07,6.1e-07,8.2e-07,1.02e-06,1.03e-06,1.24e-06,1.24e-06,2.1e-07
picnic,1.5e-06,8.4e-07,6.1e-07,6.1e-07,6.1e-07,6.2e-07,6.2e-07,6.2e-07,1.17e-06
souls,3e-06,3.15e-06,3.05e-06,2.86e-06,2.66e-06,2.88e-06,2.88e-06,2.69e-06,3.08e-06
arrivals,4.49e-06,4.62e-06,4.48e-06,4.49e-06,4.5e-06,4.52e-06,4.53e-06,4.54e-06,4.55e-06
spank,0.0,0.0,0.0,0.0,0.0,0.0,0.0,0.0,0.0
cw,7.28e-06,7.55e-06,7.33e-06,7.34e-06,7.37e-06,7.4e-06,7.41e-06,7.44e-06,7.41e-06
practitioner,4.92e-06,5.46e-06,5.5e-06,6.53e-06,6.14e-06,6.37e-06,5.97e-06,5.99e-06,5.19e-06
motivated,2.376e-05,2.392e-05,2.524e-05,2.651e-05,2.722e-05,2.856e-05,2.822e-05,2.83e-05,2.384e-05
wr,4.3e-07,4.2e-07,4.1e-07,4.1e-07,6.1e-07,2.1e-07,2.1e-07,2.1e-07,4.3e-07
dumb,6.4e-07,8.4e-07,8.1e-07,8.2e-07,6.1e-07,6.2e-07,8.2e-07,8.3e-07,7.4e-07
smithsonian,4.28e-06,4.62e-06,4.68e-06,4.69e-06,4.71e-06,4.93e-06,4.53e-06,4.13e-06,4.45e-06
hollow,8.13e-06,7.97e-06,7.74e-06,6.93e-06,6.96e-06,6.16e-06,6.59e-06,7.44e-06,8.05e-06
vault,1.092e-05,1.07e-05,1.038e-05,1.081e-05,1.003e-05,1.11e-05,1.092e-05,1.115e-05,1.081e-05
securely,9.2e-06,9.23e-06,8.75e-06,9.18e-06,9e-06,9.25e-06,9.27e-06,9.3e-06,9.21e-06
examining,1.22e-05,1.28e-05,1.242e-05,1.326e-05,1.269e-05,1.212e-05,1.215e-05,1.219e-05,1.25e-05
fioricet,0.0,0.0,0.0,0.0,0.0,0.0,0.0,0.0,0.0
groove,2.35e-06,2.31e-06,2.24e-06,2.65e-06,2.25e-06,2.26e-06,2.47e-06,2.48e-06,2.33e-06
revelation,5.35e-06,5.25e-06,5.9e-06,6.32e-06,7.16e-06,7.19e-06,7.21e-06,7.44e-06,5.3e-06
rg,4.07e-06,3.99e-06,4.07e-06,3.87e-06,4.91e-06,2.67e-06,2.47e-06,2.69e-06,4.03e-06
pursuit,1.477e-05,1.616e-05,1.527e-05,1.53e-05,1.576e-05,1.603e-05,1.545e-05,1.632e-05,1.547e-05
delegation,3.64e-06,3.36e-06,3.26e-06,2.65e-06,2.66e-06,3.49e-06,3.3e-06,3.31e-06,3.5e-06
wires,8.13e-06,8.81e-06,9.77e-06,8.57e-06,8.59e-06,8.84e-06,8.86e-06,8.88e-06,8.47e-06
bl,3e-06,1.26e-06,6.1e-07,1.02e-06,1.02e-06,1.03e-06,1.03e-06,1.03e-06,2.13e-06
dictionaries,7.28e-06,7.76e-06,7.33e-06,7.14e-06,6.14e-06,6.58e-06,6.59e-06,6.82e-06,7.52e-06
mails,2.35e-06,3.15e-06,3.05e-06,2.86e-06,2.66e-06,2.88e-06,2.68e-06,2.48e-06,2.75e-06
backing,2.78e-06,2.52e-06,2.44e-06,2.65e-06,2.86e-06,2.47e-06,2.27e-06,2.48e-06,2.65e-06
greenhouse,4.07e-06,3.78e-06,5.9e-06,5.51e-06,5.53e-06,5.55e-06,5.56e-06,7.85e-06,3.92e-06
sleeps,0.0,4.2e-07,0.0,2e-07,0.0,2.1e-07,2.1e-07,2.1e-07,2.1e-07
vc,5.35e-06,5.04e-06,5.09e-06,4.49e-06,4.5e-06,4.11e-06,4.12e-06,4.34e-06,5.2e-06
blake,7.06e-06,6.92e-06,7.33e-06,7.34e-06,7.37e-06,8.22e-06,8.44e-06,8.26e-06,6.99e-06
transparency,1.07e-05,1.07e-05,1.018e-05,9.79e-06,1.023e-05,1.13e-05,1.153e-05,1.074e-05,1.07e-05
dee,4.07e-06,3.78e-06,3.66e-06,3.67e-06,3.48e-06,2.67e-06,3.3e-06,3.51e-06,3.92e-06
travis,1.71e-06,1.47e-06,1.63e-06,1.43e-06,1.43e-06,1.44e-06,1.44e-06,1.24e-06,1.59e-06
wx,4.3e-07,4.2e-07,4.1e-07,4.1e-07,4.1e-07,4.1e-07,4.1e-07,4.1e-07,4.3e-07
endless,3.42e-06,3.15e-06,3.46e-06,3.87e-06,3.68e-06,3.29e-06,3.3e-06,3.51e-06,3.28e-06
figured,3.42e-06,3.15e-06,3.05e-06,2.86e-06,2.86e-06,2.67e-06,2.68e-06,2.48e-06,3.28e-06
orbit,6.335e-05,6.336e-05,6.209e-05,6.118e-05,6.221e-05,6.102e-05,6.138e-05,6.28e-05,6.335e-05
currencies,1.092e-05,9.44e-06,9.36e-06,9.38e-06,8.8e-06,9.86e-06,9.27e-06,9.71e-06,1.018e-05
niger,4.28e-06,3.78e-06,3.87e-06,3.87e-06,3.89e-06,3.7e-06,3.71e-06,3.51e-06,4.03e-06
bacon,1.156e-05,1.07e-05,1.038e-05,1.122e-05,1.126e-05,1.089e-05,1.071e-05,1.074e-05,1.113e-05
survivors,6.4e-07,6.3e-07,6.1e-07,1.02e-06,1.02e-06,1.03e-06,1.03e-06,1.03e-06,6.4e-07
positioning,3.039e-05,3.042e-05,3.013e-05,3.018e-05,2.967e-05,2.877e-05,2.822e-05,2.871e-05,3.04e-05
heater,6.4e-07,6.3e-07,4.1e-07,2e-07,2e-07,4.1e-07,6.2e-07,6.2e-07,6.4e-07
colony,1.177e-05,1.175e-05,1.12e-05,1.142e-05,1.187e-05,1.212e-05,1.153e-05,1.177e-05,1.176e-05
cannon,7.92e-06,7.76e-06,8.14e-06,7.75e-06,7.78e-06,7.4e-06,7.41e-06,7.44e-06,7.84e-06
circus,3.21e-06,2.94e-06,2.85e-06,2.86e-06,3.07e-06,2.67e-06,2.47e-06,2.27e-06,3.08e-06
promoted,4.174e-05,4.091e-05,3.929e-05,3.773e-05,3.724e-05,3.698e-05,3.625e-05,3.553e-05,4.133e-05
forbes,1.113e-05,1.175e-05,1.364e-05,1.366e-05,1.146e-05,1.13e-05,1.153e-05,1.136e-05,1.144e-05
mae,3.85e-06,4.2e-06,3.66e-06,3.67e-06,3.89e-06,3.29e-06,3.09e-06,3.1e-06,4.02e-06
moldova,4.92e-06,4.83e-06,4.68e-06,4.49e-06,4.91e-06,5.55e-06,5.56e-06,5.37e-06,4.87e-06
mel,5.99e-06,5.67e-06,5.29e-06,4.89e-06,5.12e-06,4.93e-06,5.35e-06,4.75e-06,5.83e-06
descending,9.42e-06,9.02e-06,8.55e-06,8.77e-06,9e-06,9.04e-06,8.65e-06,8.47e-06,9.22e-06
paxil,0.0,0.0,0.0,0.0,0.0,0.0,0.0,0.0,0.0
spine,2.78e-06,2.94e-06,2.44e-06,2.45e-06,2.46e-06,2.47e-06,2.47e-06,2.48e-06,2.86e-06
trout,4.3e-07,4.2e-07,4.1e-07,4.1e-07,4.1e-07,4.1e-07,4.1e-07,2.1e-07,4.3e-07
enclosed,1.134e-05,1.196e-05,1.405e-05,1.305e-05,1.31e-05,1.315e-05,1.256e-05,1.301e-05,1.165e-05
feat,1.93e-06,2.1e-06,1.83e-06,2.04e-06,2.25e-06,2.26e-06,1.65e-06,1.86e-06,2.02e-06
temporarily,8.35e-06,9.44e-06,9.36e-06,9.79e-06,9.21e-06,9.66e-06,9.68e-06,1.012e-05,8.89e-06
ntsc,2.35e-06,2.73e-06,2.85e-06,2.86e-06,2.86e-06,2.47e-06,2.47e-06,2.69e-06,2.54e-06
cooked,0.0,0.0,0.0,0.0,0.0,0.0,2.1e-07,2.1e-07,0.0
thriller,4.71e-06,4.83e-06,4.68e-06,5.3e-06,5.12e-06,5.14e-06,5.15e-06,5.58e-06,4.77e-06
transmit,2.033e-05,1.993e-05,1.914e-05,1.897e-05,1.903e-05,1.87e-05,1.895e-05,1.942e-05,2.013e-05
apnic,0.0,0.0,0.0,0.0,0.0,0.0,0.0,0.0,0.0
fatty,6.4e-07,8.4e-07,8.1e-07,8.2e-07,8.2e-07,8.2e-07,8.2e-07,8.3e-07,7.4e-07
gerald,1.049e-05,1.133e-05,1.221e-05,1.203e-05,1.207e-05,1.151e-05,1.195e-05,1.177e-05,1.091e-05
pressed,2.57e-06,2.52e-06,2.24e-06,1.84e-06,1.64e-06,1.64e-06,1.85e-06,1.65e-06,2.55e-06
frequencies,7.02e-05,7.029e-05,6.942e-05,6.913e-05,6.999e-05,7.027e-05,6.982e-05,7.106e-05,7.025e-05
scanned,5.56e-06,5.25e-06,5.09e-06,5.51e-06,5.93e-06,5.55e-06,5.56e-06,5.58e-06,5.4e-06
reflections,3.125e-05,3.021e-05,3.094e-05,3.12e-05,3.09e-05,3.041e-05,3.028e-05,3.037e-05,3.073e-05
hunger,3.64e-06,3.36e-06,3.26e-06,3.26e-06,3.48e-06,3.29e-06,2.88e-06,2.89e-06,3.5e-06
mariah,0.0,0.0,0.0,0.0,0.0,0.0,0.0,0.0,0.0
sic,3e-06,3.99e-06,3.87e-06,3.67e-06,3.89e-06,3.7e-06,4.53e-06,4.13e-06,3.49e-06
municipality,9.2e-06,9.23e-06,9.36e-06,8.97e-06,9.21e-06,9.45e-06,9.27e-06,1.012e-05,9.21e-06
usps,2.1e-07,2.1e-07,2e-07,4.1e-07,2e-07,2.1e-07,2.1e-07,2.1e-07,2.1e-07
joyce,5.35e-06,5.67e-06,5.5e-06,5.71e-06,5.93e-06,4.73e-06,4.74e-06,4.75e-06,5.51e-06
detective,3.21e-06,2.94e-06,3.26e-06,3.26e-06,3.27e-06,3.49e-06,3.5e-06,3.1e-06,3.08e-06
surgeon,4.71e-06,4.41e-06,4.89e-06,5.3e-06,5.32e-06,5.34e-06,5.56e-06,5.58e-06,4.56e-06
cement,2.78e-06,2.73e-06,2.65e-06,2.86e-06,2.66e-06,3.9e-06,3.71e-06,3.72e-06,2.75e-06
experiencing,3.42e-06,3.36e-06,2.85e-06,3.47e-06,3.27e-06,3.08e-06,3.3e-06,3.31e-06,3.39e-06
fireplace,0.0,0.0,2e-07,2e-07,2e-07,2.1e-07,2.1e-07,2.1e-07,0.0
endorsement,6.4e-07,4.2e-07,4.1e-07,4.1e-07,4.1e-07,6.2e-07,6.2e-07,6.2e-07,5.3e-07
bg,1.93e-06,2.1e-06,2.04e-06,1.84e-06,1.84e-06,1.64e-06,1.44e-06,1.45e-06,2.02e-06
planners,3.21e-06,3.15e-06,3.26e-06,3.26e-06,2.86e-06,2.88e-06,2.88e-06,2.89e-06,3.18e-06
disputes,5.56e-06,5.04e-06,4.68e-06,5.51e-06,5.32e-06,5.34e-06,5.56e-06,5.58e-06,5.3e-06
textiles,8.56e-06,8.6e-06,7.94e-06,7.55e-06,7.78e-06,7.6e-06,7.83e-06,7.23e-06,8.58e-06
missile,7.7e-06,7.97e-06,8.14e-06,9.38e-06,8.8e-06,9.04e-06,8.65e-06,8.26e-06,7.84e-06
intranet,6.4e-07,6.3e-07,8.1e-07,6.1e-07,4.1e-07,4.1e-07,4.1e-07,4.1e-07,6.4e-07
closes,8.6e-07,6.3e-07,8.1e-07,8.2e-07,1.02e-06,1.23e-06,1.24e-06,1.45e-06,7.5e-07
seq,7.7e-06,7.55e-06,7.74e-06,6.93e-06,6.96e-06,5.75e-06,5.97e-06,5.99e-06,7.63e-06
psychiatry,4.92e-06,5.25e-06,5.7e-06,6.32e-06,6.75e-06,6.78e-06,7.41e-06,7.23e-06,5.08e-06
persistent,1.156e-05,1.112e-05,1.201e-05,1.203e-05,1.248e-05,1.233e-05,1.236e-05,1.26e-05,1.134e-05
deborah,4.28e-06,5.25e-06,3.46e-06,3.47e-06,3.07e-06,3.08e-06,2.88e-06,4.34e-06,4.76e-06
conf,4.28e-06,4.41e-06,4.48e-06,3.67e-06,3.27e-06,2.88e-06,2.68e-06,2.48e-06,4.34e-06
marco,4.71e-06,5.25e-06,5.5e-06,5.71e-06,6.14e-06,6.37e-06,5.97e-06,6.2e-06,4.98e-06
assists,2.14e-06,2.1e-06,2.24e-06,2.24e-06,2.46e-06,2.26e-06,2.47e-06,2.27e-06,2.12e-06
summaries,1.71e-06,1.89e-06,2.04e-06,1.63e-06,1.64e-06,2.05e-06,2.06e-06,1.86e-06,1.8e-06
glow,1.93e-06,1.68e-06,1.63e-06,1.43e-06,1.43e-06,1.44e-06,1.44e-06,2.27e-06,1.81e-06
gabriel,1.926e-05,1.951e-05,1.954e-05,1.958e-05,1.985e-05,1.952e-05,1.936e-05,1.942e-05,1.938e-05
auditor,1.28e-06,1.47e-06,1.43e-06,1.63e-06,1.64e-06,1.64e-06,1.65e-06,1.65e-06,1.37e-06
wma,6.4e-07,6.3e-07,8.1e-07,8.2e-07,8.2e-07,1.03e-06,1.03e-06,8.3e-07,6.4e-07
aquarium,0.0,0.0,0.0,0.0,0.0,0.0,0.0,2.1e-07,0.0
violin,4.07e-06,3.78e-06,3.46e-06,3.26e-06,3.07e-06,2.88e-06,3.5e-06,3.51e-06,3.92e-06
prophet,2.35e-06,1.89e-06,1.63e-06,1.43e-06,1.43e-06,1.64e-06,1.85e-06,2.07e-06,2.12e-06
cir,3.64e-06,2.94e-06,3.46e-06,2.86e-06,2.86e-06,3.29e-06,3.3e-06,3.31e-06,3.29e-06
bracket,1.99e-05,1.888e-05,1.934e-05,1.999e-05,1.985e-05,2.055e-05,1.977e-05,2.066e-05,1.939e-05
looksmart,0.0,0.0,0.0,0.0,0.0,0.0,0.0,0.0,0.0
isaac,3.81e-05,3.756e-05,3.827e-05,3.793e-05,4.093e-05,4.027e-05,4.057e-05,4.297e-05,3.783e-05
oxide,6.63e-06,6.5e-06,7.13e-06,7.14e-06,6.75e-06,7.4e-06,7e-06,6.61e-06,6.56e-06
oaks,1.93e-06,1.68e-06,1.63e-06,1.63e-06,1.64e-06,1.64e-06,1.85e-06,1.65e-06,1.81e-06
magnificent,1.5e-06,1.47e-06,1.43e-06,1.43e-06,1.23e-06,1.03e-06,1.03e-06,1.03e-06,1.48e-06
erik,1.348e-05,1.406e-05,1.384e-05,1.387e-05,1.33e-05,1.315e-05,1.318e-05,1.239e-05,1.377e-05
colleague,1.327e-05,1.343e-05,1.384e-05,1.346e-05,1.33e-05,1.336e-05,1.298e-05,1.322e-05,1.335e-05
naples,5.78e-06,5.46e-06,5.9e-06,5.91e-06,5.93e-06,5.75e-06,5.77e-06,5.99e-06,5.62e-06
promptly,6.4e-07,6.3e-07,8.1e-07,8.2e-07,8.2e-07,8.2e-07,1.03e-06,8.3e-07,6.4e-07
modems,5.35e-06,5.46e-06,5.29e-06,5.3e-06,5.12e-06,4.93e-06,4.12e-06,4.13e-06,5.4e-06
adaptation,2.29e-05,2.392e-05,2.463e-05,2.529e-05,2.66e-05,2.753e-05,2.739e-05,2.871e-05,2.341e-05
hu,8.56e-06,8.81e-06,8.35e-06,7.75e-06,6.75e-06,6.78e-06,7e-06,7.02e-06,8.68e-06
harmful,6.42e-06,6.71e-06,6.51e-06,6.32e-06,6.34e-06,6.58e-06,6.59e-06,6.82e-06,6.57e-06
paintball,0.0,0.0,0.0,0.0,0.0,0.0,0.0,0.0,0.0
prozac,2.1e-07,2.1e-07,2e-07,2e-07,2e-07,2.1e-07,2.1e-07,2.1e-07,2.1e-07
sexually,3.21e-06,2.94e-06,3.05e-06,2.65e-06,2.66e-06,2.47e-06,2.68e-06,2.89e-06,3.08e-06
enclosure,1.5e-06,1.26e-06,1.63e-06,1.22e-06,1.23e-06,1.85e-06,2.27e-06,2.27e-06,1.38e-06
acm,9.032e-05,8.959e-05,8.855e-05,8.545e-05,8.063e-05,7.767e-05,7.909e-05,7.726e-05,8.996e-05
dividend,1.027e-05,9.65e-06,1.018e-05,1.02e-05,1.003e-05,1.048e-05,1.112e-05,1.136e-05,9.96e-06
newark,1.07e-06,1.05e-06,1.02e-06,1.02e-06,1.02e-06,8.2e-07,8.2e-07,1.45e-06,1.06e-06
kw,1.28e-06,1.47e-06,2.04e-06,2.04e-06,2.25e-06,2.05e-06,2.06e-06,2.07e-06,1.37e-06
paso,1.07e-06,1.26e-06,1.63e-06,1.43e-06,1.43e-06,1.64e-06,1.65e-06,1.65e-06,1.16e-06
glucose,3.64e-06,4.62e-06,5.29e-06,5.51e-06,5.53e-06,6.16e-06,6.18e-06,6.4e-06,4.13e-06
phantom,3.64e-06,3.99e-06,4.28e-06,3.67e-06,3.27e-06,3.7e-06,3.71e-06,3.72e-06,3.81e-06
norm,8.518e-05,8.246e-05,8.285e-05,8.198e-05,8.452e-05,8.26e-05,8.403e-05,8.345e-05,8.382e-05
playback,4.71e-06,4.62e-06,4.48e-06,4.89e-06,4.71e-06,4.93e-06,4.74e-06,4.34e-06,4.67e-06
supervisors,1.28e-06,1.47e-06,1.43e-06,1.63e-06,1.64e-06,1.64e-06,1.65e-06,1.65e-06,1.37e-06
westminster,1.93e-06,2.52e-06,3.05e-06,3.47e-06,3.89e-06,3.7e-06,3.5e-06,3.51e-06,2.22e-06
turtle,3.85e-06,3.78e-06,3.66e-06,3.87e-06,4.71e-06,4.93e-06,5.35e-06,5.16e-06,3.81e-06
ips,2.14e-06,2.1e-06,2.04e-06,2.04e-06,2.46e-06,2.47e-06,2.47e-06,2.89e-06,2.12e-06
distances,6.678e-05,6.546e-05,6.596e-05,6.832e-05,6.712e-05,6.883e-05,6.982e-05,6.961e-05,6.612e-05
absorption,2.354e-05,2.413e-05,2.341e-05,2.284e-05,2.353e-05,2.425e-05,2.41e-05,2.479e-05,2.384e-05
treasures,1.71e-06,1.89e-06,1.83e-06,1.84e-06,1.84e-06,1.85e-06,1.85e-06,1.86e-06,1.8e-06
dsc,6.42e-06,5.87e-06,5.9e-06,5.91e-06,5.93e-06,5.75e-06,5.97e-06,5.99e-06,6.14e-06
warned,1.28e-06,1.47e-06,1.22e-06,1.02e-06,8.2e-07,1.03e-06,1.03e-06,8.3e-07,1.37e-06
neural,9.867e-05,0.00010176,0.00010993,0.00010768,0.0001103,0.00010972,0.00011122,0.00011134,0.00010022
ware,3.42e-06,3.57e-06,3.46e-06,3.47e-06,3.89e-06,3.49e-06,3.3e-06,3.31e-06,3.49e-06
fossil,3.21e-06,3.15e-06,3.26e-06,4.28e-06,4.5e-06,4.52e-06,4.94e-06,6.2e-06,3.18e-06
mia,6.4e-07,6.3e-07,8.1e-07,8.2e-07,8.2e-07,1.03e-06,1.03e-06,1.03e-06,6.4e-07
hometown,3.42e-06,3.15e-06,3.26e-06,3.47e-06,2.66e-06,2.67e-06,2.68e-06,2.07e-06,3.28e-06
badly,5.35e-06,5.25e-06,4.68e-06,4.49e-06,4.3e-06,4.52e-06,4.53e-06,3.92e-06,5.3e-06
transcripts,1.71e-06,2.1e-06,2.24e-06,2.04e-06,2.66e-06,2.47e-06,2.47e-06,2.27e-06,1.9e-06
apollo,9.42e-06,7.76e-06,8.14e-06,7.95e-06,7.78e-06,7.81e-06,7.62e-06,7.44e-06,8.59e-06
wan,9.2e-06,7.76e-06,8.14e-06,7.55e-06,7.37e-06,7.4e-06,7.41e-06,7.23e-06,8.48e-06
disappointed,1.07e-06,8.4e-07,6.1e-07,6.1e-07,6.1e-07,6.2e-07,8.2e-07,8.3e-07,9.5e-07
persian,2.74e-05,2.937e-05,2.952e-05,3.141e-05,3.09e-05,3.288e-05,3.151e-05,3.14e-05,2.839e-05
continually,6.21e-06,5.67e-06,6.31e-06,6.12e-06,6.14e-06,5.96e-06,6.38e-06,6.82e-06,5.94e-06
communist,1.52e-05,1.616e-05,1.547e-05,1.57e-05,1.514e-05,1.52e-05,1.586e-05,1.591e-05,1.568e-05
collectible,1.28e-06,1.26e-06,1.22e-06,1.43e-06,1.64e-06,1.64e-06,1.85e-06,1.24e-06,1.27e-06
handmade,1.28e-06,1.05e-06,1.02e-06,1.02e-06,1.02e-06,8.2e-07,8.2e-07,8.3e-07,1.16e-06
greene,5.14e-06,5.25e-06,5.09e-06,4.69e-06,4.5e-06,4.52e-06,4.74e-06,4.75e-06,5.2e-06
entrepreneurs,1.93e-06,2.1e-06,2.24e-06,2.24e-06,2.25e-06,2.26e-06,2.27e-06,2.27e-06,2.02e-06
robots,1.348e-05,1.595e-05,1.608e-05,1.611e-05,1.658e-05,1.664e-05,1.73e-05,1.653e-05,1.472e-05
grenada,1.71e-06,1.68e-06,1.63e-06,1.43e-06,1.43e-06,1.44e-06,1.44e-06,1.45e-06,1.69e-06
creations,1.28e-06,1.05e-06,1.02e-06,1.02e-06,1.23e-06,1.23e-06,1.24e-06,1.24e-06,1.16e-06
jade,5.14e-06,5.04e-06,4.28e-06,4.08e-06,3.89e-06,3.49e-06,4.94e-06,4.75e-06,5.09e-06
scoop,2.1e-07,4.2e-07,4.1e-07,2e-07,2e-07,4.1e-07,4.1e-07,6.2e-07,3.2e-07
acquisitions,2.57e-06,3.36e-06,3.05e-06,3.06e-06,2.86e-06,2.88e-06,2.68e-06,2.69e-06,2.96e-06
foul,1.5e-06,1.68e-06,2.04e-06,1.84e-06,1.84e-06,1.85e-06,1.85e-06,1.86e-06,1.59e-06
keno,0.0,0.0,0.0,0.0,0.0,0.0,0.0,0.0,0.0
gtk,1.93e-06,1.89e-06,2.04e-06,2.04e-06,2.05e-06,2.05e-06,2.06e-06,2.07e-06,1.91e-06
earning,2.847e-05,2.518e-05,2.28e-05,2.345e-05,2.312e-05,2.322e-05,2.307e-05,2.293e-05,2.683e-05
mailman,2.1e-07,2.1e-07,2e-07,2e-07,2e-07,2.1e-07,4.1e-07,4.1e-07,2.1e-07
sanyo,0.0,0.0,0.0,0.0,0.0,0.0,0.0,0.0,0.0
nested,1.969e-05,1.951e-05,1.995e-05,2.06e-05,2.067e-05,2.157e-05,2.266e-05,2.293e-05,1.96e-05
biodiversity,7.06e-06,7.13e-06,6.92e-06,6.53e-06,6.96e-06,6.99e-06,8.03e-06,7.85e-06,7.1e-06
excitement,2.14e-06,1.89e-06,1.83e-06,2.04e-06,2.25e-06,2.47e-06,2.47e-06,2.27e-06,2.01e-06
somalia,1.28e-06,1.26e-06,1.22e-06,1.02e-06,1.02e-06,1.03e-06,1.03e-06,1.24e-06,1.27e-06
movers,4.3e-07,4.2e-07,4.1e-07,4.1e-07,4.1e-07,2.1e-07,2.1e-07,2.1e-07,4.3e-07
verbal,7.28e-06,6.92e-06,7.13e-06,7.14e-06,7.37e-06,8.42e-06,9.27e-06,8.68e-06,7.1e-06
blink,6.4e-07,6.3e-07,6.1e-07,6.1e-07,6.1e-07,6.2e-07,6.2e-07,6.2e-07,6.4e-07
presently,6.63e-06,6.29e-06,6.31e-06,5.71e-06,6.14e-06,5.75e-06,5.97e-06,5.99e-06,6.46e-06
seas,3e-06,3.15e-06,3.26e-06,3.47e-06,4.3e-06,3.9e-06,4.33e-06,4.13e-06,3.08e-06
carlo,5.607e-05,5.413e-05,5.435e-05,5.486e-05,5.587e-05,5.671e-05,5.705e-05,5.701e-05,5.51e-05
workflow,1.049e-05,9.86e-06,9.36e-06,9.79e-06,9.62e-06,9.86e-06,1.112e-05,1.074e-05,1.017e-05
mysterious,7.28e-06,6.92e-06,6.72e-06,6.12e-06,6.14e-06,5.96e-06,6.18e-06,5.99e-06,7.1e-06
novelty,5.56e-06,5.04e-06,4.89e-06,4.49e-06,4.91e-06,4.73e-06,5.15e-06,4.54e-06,5.3e-06
bryant,4.28e-06,4.41e-06,4.07e-06,3.87e-06,3.48e-06,3.7e-06,3.09e-06,3.1e-06,4.34e-06
tiles,1.905e-05,1.867e-05,2.015e-05,2.121e-05,2.128e-05,2.137e-05,2.08e-05,2.086e-05,1.886e-05
voyuer,0.0,0.0,0.0,0.0,0.0,0.0,0.0,0.0,0.0
librarian,8.56e-06,9.02e-06,9.16e-06,8.97e-06,9e-06,9.45e-06,8.44e-06,8.47e-06,8.79e-06
subsidiaries,1.71e-06,2.31e-06,1.83e-06,1.22e-06,1.23e-06,1.23e-06,1.44e-06,1.45e-06,2.01e-06
switched,2.14e-05,1.951e-05,2.056e-05,2.08e-05,2.108e-05,2.116e-05,2.204e-05,2.169e-05,2.045e-05
stockholm,2.397e-05,2.203e-05,2.28e-05,2.162e-05,2.087e-05,2.055e-05,2.06e-05,2.066e-05,2.3e-05
tamil,1.177e-05,1.154e-05,1.344e-05,1.305e-05,1.207e-05,9.45e-06,9.68e-06,1.053e-05,1.165e-05
garmin,1.71e-06,1.68e-06,1.83e-06,1.43e-06,1.43e-06,1.44e-06,1.44e-06,1.24e-06,1.69e-06
ru,1.049e-05,1.028e-05,1.059e-05,1.06e-05,9.21e-06,7.4e-06,6.59e-06,6.61e-06,1.038e-05
pose,7.49e-06,6.92e-06,7.13e-06,7.14e-06,6.96e-06,7.81e-06,8.24e-06,7.85e-06,7.2e-06
fuzzy,4.751e-05,4.868e-05,4.723e-05,4.16e-05,3.97e-05,4.068e-05,4.099e-05,4.297e-05,4.809e-05
indonesian,6.42e-06,6.71e-06,6.92e-06,5.51e-06,6.75e-06,6.78e-06,7e-06,6.82e-06,6.57e-06
grams,1.049e-05,1.091e-05,1.283e-05,1.387e-05,1.228e-05,9.86e-06,1.05e-05,9.71e-06,1.07e-05
therapist,2.1e-07,4.2e-07,2e-07,2e-07,2e-07,0.0,2.1e-07,4.1e-07,3.2e-07
richards,4.92e-06,6.71e-06,7.94e-06,8.36e-06,9e-06,9.04e-06,9.47e-06,9.5e-06,5.82e-06
mrna,2.35e-06,2.31e-06,2.24e-06,2.24e-06,2.25e-06,2.26e-06,2.27e-06,2.48e-06,2.33e-06
budgets,8.6e-07,1.26e-06,1.22e-06,1.22e-06,8.2e-07,8.2e-07,8.2e-07,6.2e-07,1.06e-06
toolkit,8.99e-06,9.23e-06,8.55e-06,8.57e-06,7.98e-06,8.01e-06,7.62e-06,7.44e-06,9.11e-06
promising,7.7e-06,7.76e-06,7.74e-06,7.55e-06,7.37e-06,8.22e-06,8.65e-06,8.47e-06,7.73e-06
relaxation,1.562e-05,1.595e-05,1.71e-05,1.713e-05,1.719e-05,1.644e-05,1.709e-05,1.694e-05,1.578e-05
goat,6.42e-06,6.71e-06,6.92e-06,7.14e-06,6.34e-06,6.78e-06,7.41e-06,7.85e-06,6.57e-06
render,8.56e-06,8.6e-06,8.14e-06,8.16e-06,8.19e-06,8.63e-06,9.47e-06,9.3e-06,8.58e-06
carmen,3.21e-06,3.57e-06,4.07e-06,4.08e-06,4.09e-06,4.52e-06,4.53e-06,4.75e-06,3.39e-06
ira,3.42e-06,3.15e-06,3.05e-06,3.26e-06,3.48e-06,3.49e-06,3.3e-06,3.1e-06,3.28e-06
sen,1.199e-05,1.217e-05,1.12e-05,1.122e-05,1.146e-05,9.86e-06,9.89e-06,9.5e-06,1.208e-05
thereafter,1.07e-05,1.049e-05,1.079e-05,9.79e-06,9.41e-06,9.86e-06,1.05e-05,1.074e-05,1.059e-05
hardwood,0.0,0.0,0.0,0.0,0.0,0.0,0.0,0.0,0.0
erotica,0.0,0.0,0.0,0.0,0.0,0.0,0.0,0.0,0.0
temporal,4.644e-05,4.658e-05,4.703e-05,4.65e-05,4.809e-05,4.664e-05,4.634e-05,4.648e-05,4.651e-05
sail,5.35e-06,4.83e-06,4.68e-06,4.89e-06,4.91e-06,5.34e-06,5.15e-06,5.16e-06,5.09e-06
forge,3.21e-06,3.36e-06,3.26e-06,3.06e-06,3.07e-06,2.67e-06,2.47e-06,2.48e-06,3.28e-06
commissioners,1.28e-06,1.26e-06,8.1e-07,8.2e-07,1.02e-06,1.23e-06,1.24e-06,1.24e-06,1.27e-06
dense,4.644e-05,4.448e-05,4.295e-05,4.201e-05,4.052e-05,4.253e-05,4.305e-05,4.441e-05,4.546e-05
dts,1.71e-06,1.68e-06,1.63e-06,1.63e-06,1.43e-06,1.44e-06,1.44e-06,1.65e-06,1.69e-06
brave,4.71e-06,4.41e-06,4.28e-06,3.87e-06,3.68e-06,3.7e-06,3.71e-06,3.31e-06,4.56e-06
forwarding,3e-06,3.15e-06,2.24e-06,2.04e-06,2.05e-06,2.05e-06,2.06e-06,2.07e-06,3.08e-06
qt,4.28e-06,4.2e-06,4.07e-06,4.28e-06,3.48e-06,3.49e-06,3.3e-06,3.51e-06,4.24e-06
awful,2.1e-07,2.1e-07,2e-07,2e-07,2e-07,2.1e-07,2.1e-07,2.1e-07,2.1e-07
nightmare,1.71e-06,1.89e-06,1.83e-06,1.84e-06,1.84e-06,1.64e-06,1.24e-06,1.65e-06,1.8e-06
airplane,5.14e-06,4.83e-06,4.48e-06,4.49e-06,4.3e-06,4.52e-06,4.74e-06,4.96e-06,4.99e-06
reductions,2.033e-05,2.203e-05,2.015e-05,1.999e-05,2.046e-05,1.993e-05,1.936e-05,1.962e-05,2.118e-05
southampton,6.21e-06,6.29e-06,6.92e-06,6.73e-06,6.55e-06,5.96e-06,5.56e-06,5.16e-06,6.25e-06
istanbul,8.35e-06,9.02e-06,9.77e-06,1.02e-05,1.126e-05,1.089e-05,1.071e-05,1.012e-05,8.68e-06
impose,6.42e-06,6.71e-06,6.51e-06,6.32e-06,5.93e-06,5.96e-06,6.38e-06,5.78e-06,6.57e-06
organisms,3.403e-05,3.525e-05,3.501e-05,3.63e-05,3.561e-05,3.575e-05,3.604e-05,3.718e-05,3.464e-05
sega,2.35e-06,5.04e-06,7.53e-06,7.75e-06,9.21e-06,8.84e-06,1.009e-05,1.177e-05,3.7e-06
telescope,1.905e-05,1.951e-05,1.934e-05,1.937e-05,1.883e-05,1.931e-05,1.977e-05,1.9e-05,1.928e-05
viewers,6.63e-06,6.71e-06,6.51e-06,6.53e-06,6.34e-06,6.37e-06,6.38e-06,7.02e-06,6.67e-06
asbestos,8.6e-07,8.4e-07,1.02e-06,1.02e-06,6.1e-07,6.2e-07,6.2e-07,6.2e-07,8.5e-07
portsmouth,3.21e-06,2.94e-06,2.65e-06,2.86e-06,2.66e-06,2.67e-06,2.06e-06,1.86e-06,3.08e-06
cdna,8.6e-07,1.05e-06,8.1e-07,8.2e-07,8.2e-07,8.2e-07,8.2e-07,8.3e-07,9.5e-07
meyer,1.712e-05,1.72e-05,1.73e-05,1.754e-05,1.719e-05,1.705e-05,1.73e-05,1.715e-05,1.716e-05
enters,6.63e-06,6.71e-06,6.72e-06,6.93e-06,6.55e-06,6.58e-06,6.59e-06,7.02e-06,6.67e-06
pod,2.35e-06,2.31e-06,2.24e-06,2.24e-06,2.46e-06,2.47e-06,2.47e-06,2.69e-06,2.33e-06
savage,1.134e-05,1.112e-05,1.099e-05,9.79e-06,1.003e-05,9.25e-06,8.65e-06,9.3e-06,1.123e-05
advancement,2.761e-05,2.854e-05,2.85e-05,2.855e-05,2.906e-05,2.753e-05,2.739e-05,2.809e-05,2.808e-05
wu,1.926e-05,1.846e-05,1.812e-05,1.856e-05,1.903e-05,1.89e-05,1.812e-05,1.611e-05,1.886e-05
harassment,8.6e-07,1.26e-06,1.43e-06,1.02e-06,1.43e-06,1.44e-06,1.65e-06,1.65e-06,1.06e-06
willow,6.4e-07,6.3e-07,6.1e-07,6.1e-07,6.1e-07,6.2e-07,6.2e-07,4.1e-07,6.4e-07
resumes,4.3e-07,4.2e-07,4.1e-07,4.1e-07,6.1e-07,6.2e-07,6.2e-07,6.2e-07,4.3e-07
bolt,2.35e-06,2.52e-06,2.65e-06,2.24e-06,2.25e-06,2.26e-06,2.27e-06,2.27e-06,2.43e-06
gage,2.35e-06,2.1e-06,3.26e-06,3.87e-06,3.68e-06,3.7e-06,3.5e-06,3.72e-06,2.22e-06
throwing,6.21e-06,5.46e-06,5.7e-06,6.12e-06,6.14e-06,5.96e-06,5.56e-06,5.58e-06,5.84e-06
existed,2.162e-05,2.161e-05,2.158e-05,2.08e-05,2.067e-05,2.116e-05,2.039e-05,2.148e-05,2.162e-05
whore,0.0,0.0,0.0,0.0,0.0,0.0,0.0,0.0,0.0
generators,4.965e-05,4.952e-05,5.008e-05,4.956e-05,4.932e-05,4.911e-05,4.593e-05,4.689e-05,4.959e-05
lu,1.156e-05,1.112e-05,1.14e-05,1.081e-05,9.82e-06,9.45e-06,9.47e-06,9.71e-06,1.134e-05
wagon,1.93e-06,1.89e-06,2.04e-06,2.04e-06,2.05e-06,2.05e-06,2.06e-06,1.86e-06,1.91e-06
barbie,2.1e-07,2.1e-07,2e-07,2e-07,2e-07,2.1e-07,2.1e-07,2.1e-07,2.1e-07
dat,6.4e-07,6.3e-07,4.1e-07,6.1e-07,4.1e-07,4.1e-07,4.1e-07,4.1e-07,6.4e-07
favour,7.92e-06,9.44e-06,8.75e-06,7.34e-06,6.96e-06,6.78e-06,7.83e-06,7.85e-06,8.68e-06
soa,3.21e-06,2.73e-06,3.66e-06,3.67e-06,3.27e-06,3.08e-06,2.88e-06,2.48e-06,2.97e-06
knock,2.14e-06,2.1e-06,1.63e-06,1.43e-06,1.43e-06,1.44e-06,1.65e-06,1.65e-06,2.12e-06
urge,4.3e-07,4.2e-07,4.1e-07,4.1e-07,2e-07,2.1e-07,2.1e-07,2.1e-07,4.3e-07
smtp,1.07e-06,1.05e-06,1.02e-06,1.02e-06,1.02e-06,8.2e-07,6.2e-07,6.2e-07,1.06e-06
generates,4.045e-05,3.987e-05,3.97e-05,3.977e-05,3.949e-05,3.966e-05,3.893e-05,3.883e-05,4.016e-05
potatoes,4.3e-07,4.2e-07,2e-07,2e-07,2e-07,1.23e-06,1.24e-06,1.24e-06,4.3e-07
thorough,4.71e-06,4.83e-06,4.28e-06,3.87e-06,3.68e-06,3.49e-06,3.3e-06,3.31e-06,4.77e-06
replication,9.85e-06,1.07e-05,1.12e-05,1.142e-05,1.166e-05,1.192e-05,1.195e-05,1.177e-05,1.027e-05
inexpensive,6.85e-06,6.92e-06,6.92e-06,6.73e-06,7.16e-06,6.99e-06,7.21e-06,7.44e-06,6.88e-06
kurt,2.633e-05,2.602e-05,2.646e-05,2.733e-05,2.763e-05,2.671e-05,2.719e-05,2.685e-05,2.617e-05
receptors,2.35e-06,2.31e-06,2.85e-06,2.65e-06,2.66e-06,2.26e-06,2.27e-06,2.69e-06,2.33e-06
peers,6.42e-06,6.92e-06,6.92e-06,7.55e-06,6.55e-06,6.37e-06,6.8e-06,7.23e-06,6.67e-06
roland,8.78e-06,8.6e-06,9.57e-06,9.58e-06,9.82e-06,9.66e-06,9.06e-06,9.09e-06,8.69e-06
optimum,1.841e-05,1.7e-05,1.669e-05,1.631e-05,1.658e-05,1.664e-05,1.709e-05,1.673e-05,1.771e-05
neon,2.14e-06,2.31e-06,2.24e-06,2.24e-06,2.25e-06,2.05e-06,2.06e-06,2.07e-06,2.22e-06
interventions,6.42e-06,5.87e-06,6.11e-06,5.91e-06,5.93e-06,6.37e-06,6.59e-06,6.82e-06,6.14e-06
quilt,4.3e-07,2.1e-07,2e-07,2e-07,2e-07,2.1e-07,2.1e-07,2.1e-07,3.2e-07
huntington,4.92e-06,2.94e-06,3.26e-06,3.26e-06,3.27e-06,3.08e-06,2.47e-06,2.89e-06,3.93e-06
creature,1.134e-05,1.091e-05,1.079e-05,1.06e-05,1.003e-05,8.22e-06,8.86e-06,8.68e-06,1.112e-05
ours,1.5e-06,1.26e-06,1.02e-06,1.02e-06,8.2e-07,8.2e-07,8.2e-07,8.3e-07,1.38e-06
mounts,6.4e-07,8.4e-07,1.02e-06,1.02e-06,1.02e-06,1.03e-06,1.03e-06,8.3e-07,7.4e-07
syracuse,9.63e-06,9.02e-06,8.96e-06,8.57e-06,8.8e-06,8.63e-06,8.44e-06,7.85e-06,9.32e-06
internship,1.28e-06,1.26e-06,1.22e-06,1.22e-06,1.23e-06,1.23e-06,1.44e-06,1.45e-06,1.27e-06
lone,4.71e-06,4.62e-06,4.68e-06,4.89e-06,5.32e-06,6.16e-06,6.18e-06,6.4e-06,4.67e-06
refresh,8.6e-07,8.4e-07,1.02e-06,1.02e-06,8.2e-07,8.2e-07,1.24e-06,1.24e-06,8.5e-07
aluminium,3.21e-06,3.15e-06,2.85e-06,2.86e-06,2.46e-06,2.47e-06,2.47e-06,2.27e-06,3.18e-06
snowboard,0.0,0.0,0.0,0.0,0.0,0.0,0.0,0.0,0.0
beastality,0.0,0.0,0.0,0.0,0.0,0.0,0.0,0.0,0.0
webcast,1.28e-06,1.26e-06,1.22e-06,1.22e-06,1.23e-06,1.23e-06,1.24e-06,1.24e-06,1.27e-06
michel,2.697e-05,2.707e-05,2.626e-05,2.692e-05,2.722e-05,2.733e-05,2.76e-05,2.789e-05,2.702e-05
evanescence,0.0,0.0,0.0,0.0,0.0,0.0,0.0,0.0,0.0
subtle,1.241e-05,1.385e-05,1.425e-05,1.428e-05,1.371e-05,1.356e-05,1.339e-05,1.281e-05,1.313e-05
coordinated,1.092e-05,1.091e-05,1.059e-05,1.06e-05,1.187e-05,1.192e-05,1.133e-05,1.115e-05,1.091e-05
notre,9.42e-06,1.049e-05,1.038e-05,1.04e-05,1.126e-05,1.11e-05,1.03e-05,1.012e-05,9.95e-06
shipments,6.4e-07,4.2e-07,4.1e-07,2e-07,2e-07,0.0,0.0,0.0,5.3e-07
maldives,2.14e-06,2.31e-06,2.44e-06,2.24e-06,1.84e-06,1.64e-06,1.65e-06,1.65e-06,2.22e-06
stripes,2.076e-05,2.077e-05,2.117e-05,2.121e-05,2.21e-05,2.24e-05,2.101e-05,2.107e-05,2.077e-05
firmware,4.92e-06,5.67e-06,5.5e-06,6.12e-06,6.55e-06,6.58e-06,6.59e-06,6.61e-06,5.3e-06
antarctica,8.219e-05,8.057e-05,7.817e-05,7.831e-05,7.858e-05,7.911e-05,7.971e-05,7.994e-05,8.138e-05
cope,6.21e-06,5.87e-06,5.5e-06,5.71e-06,5.53e-06,5.55e-06,5.56e-06,5.37e-06,6.04e-06
shepherd,3.21e-06,3.57e-06,3.87e-06,4.28e-06,3.48e-06,3.49e-06,3.5e-06,3.51e-06,3.39e-06
lm,4.07e-06,3.99e-06,3.66e-06,4.08e-06,4.3e-06,4.52e-06,4.94e-06,4.96e-06,4.03e-06
canberra,6.63e-06,6.71e-06,7.33e-06,7.14e-06,7.57e-06,7.6e-06,7.62e-06,7.64e-06,6.67e-06
cradle,8.6e-07,8.4e-07,1.02e-06,1.02e-06,1.02e-06,6.2e-07,6.2e-07,6.2e-07,8.5e-07
chancellor,2.718e-05,2.854e-05,2.708e-05,2.549e-05,2.476e-05,2.527e-05,2.575e-05,2.541e-05,2.786e-05
mambo,0.0,0.0,0.0,0.0,0.0,0.0,0.0,0.0,0.0
lime,3.64e-06,3.57e-06,3.05e-06,2.86e-06,2.86e-06,2.88e-06,3.3e-06,2.89e-06,3.61e-06
kirk,4.71e-06,5.25e-06,3.87e-06,4.08e-06,4.09e-06,3.9e-06,3.71e-06,3.92e-06,4.98e-06
flour,1.93e-06,1.68e-06,1.83e-06,1.84e-06,2.05e-06,2.05e-06,2.06e-06,2.07e-06,1.81e-06
controversy,2.354e-05,2.497e-05,2.28e-05,2.427e-05,2.435e-05,2.466e-05,2.41e-05,2.417e-05,2.426e-05
legendary,5.99e-06,6.5e-06,6.92e-06,6.73e-06,6.55e-06,7.19e-06,6.8e-06,6.82e-06,6.25e-06
bool,8.6e-07,8.4e-07,8.1e-07,8.2e-07,6.1e-07,8.2e-07,8.2e-07,8.3e-07,8.5e-07
sympathy,1.07e-06,1.05e-06,1.22e-06,1.02e-06,1.02e-06,1.03e-06,1.03e-06,1.03e-06,1.06e-06
choir,3.64e-06,3.15e-06,2.85e-06,2.86e-06,3.07e-06,2.67e-06,3.5e-06,3.51e-06,3.39e-06
avoiding,1.948e-05,1.993e-05,1.934e-05,1.958e-05,1.944e-05,2.055e-05,2.101e-05,2.024e-05,1.971e-05
beautifully,2.1e-07,2.1e-07,2e-07,2e-07,2e-07,2.1e-07,2.1e-07,2.1e-07,2.1e-07
blond,4.71e-06,4.83e-06,4.68e-06,4.69e-06,4.91e-06,3.7e-06,3.71e-06,3.51e-06,4.77e-06
expects,2.57e-06,2.94e-06,2.24e-06,2.04e-06,2.05e-06,2.05e-06,1.44e-06,1.45e-06,2.75e-06
cho,2.35e-06,2.31e-06,2.44e-06,2.65e-06,2.66e-06,2.67e-06,2.06e-06,2.07e-06,2.33e-06
jumping,6.63e-06,6.92e-06,6.51e-06,7.34e-06,7.78e-06,8.42e-06,8.44e-06,8.47e-06,6.78e-06
fabrics,4.71e-06,4.41e-06,4.28e-06,4.28e-06,3.89e-06,5.34e-06,5.35e-06,5.16e-06,4.56e-06
antibodies,2.14e-06,2.1e-06,2.04e-06,2.04e-06,2.05e-06,2.05e-06,2.06e-06,1.86e-06,2.12e-06
polymer,2.033e-05,2.098e-05,2.015e-05,1.999e-05,2.067e-05,2.178e-05,2.018e-05,2.045e-05,2.065e-05
hygiene,3e-06,3.15e-06,4.28e-06,4.28e-06,4.3e-06,4.31e-06,4.53e-06,4.54e-06,3.08e-06
wit,3.85e-06,3.36e-06,3.46e-06,3.87e-06,1.84e-06,1.85e-06,1.85e-06,1.65e-06,3.61e-06
poultry,8.6e-07,8.4e-07,8.1e-07,8.2e-07,6.1e-07,6.2e-07,6.2e-07,6.2e-07,8.5e-07
virtue,9.63e-06,8.81e-06,8.96e-06,8.77e-06,8.39e-06,8.01e-06,8.03e-06,8.47e-06,9.22e-06
burst,5.14e-06,5.04e-06,4.68e-06,4.49e-06,4.5e-06,4.31e-06,4.33e-06,4.34e-06,5.09e-06
examinations,9.85e-06,9.02e-06,8.55e-06,8.77e-06,8.59e-06,8.42e-06,7.83e-06,7.44e-06,9.44e-06
surgeons,1.28e-06,1.26e-06,1.22e-06,1.22e-06,1.23e-06,8.2e-07,8.2e-07,8.3e-07,1.27e-06
bouquet,1.5e-06,1.68e-06,1.43e-06,1.63e-06,1.84e-06,1.85e-06,1.85e-06,1.65e-06,1.59e-06
immunology,2.35e-06,2.52e-06,2.44e-06,2.45e-06,2.66e-06,2.67e-06,2.47e-06,2.69e-06,2.43e-06
promotes,9.2e-06,9.23e-06,9.36e-06,9.99e-06,9.62e-06,9.66e-06,9.47e-06,9.92e-06,9.21e-06
mandate,3.21e-06,3.15e-06,3.66e-06,4.28e-06,4.09e-06,4.31e-06,4.53e-06,3.1e-06,3.18e-06
wiley,5.65e-05,5.644e-05,5.435e-05,5.323e-05,5.157e-05,5.137e-05,4.964e-05,4.896e-05,5.647e-05
departmental,4.07e-06,3.57e-06,3.46e-06,3.47e-06,3.27e-06,3.08e-06,2.88e-06,2.89e-06,3.82e-06
bbs,1.93e-06,1.89e-06,1.83e-06,1.63e-06,1.02e-06,1.03e-06,1.24e-06,1.45e-06,1.91e-06
spas,2.1e-07,2.1e-07,2e-07,2e-07,2e-07,2.1e-07,2.1e-07,2.1e-07,2.1e-07
ind,2.14e-06,1.47e-06,2.24e-06,2.24e-06,2.25e-06,2.47e-06,2.27e-06,2.27e-06,1.8e-06
corpus,1.134e-05,1.07e-05,1.079e-05,1.06e-05,1.064e-05,1.068e-05,1.05e-05,1.095e-05,1.102e-05
johnston,6.85e-06,7.34e-06,7.53e-06,7.14e-06,7.16e-06,6.99e-06,6.18e-06,6.2e-06,7.09e-06
terminology,5.65e-05,5.644e-05,5.435e-05,5.445e-05,5.464e-05,5.445e-05,5.458e-05,5.495e-05,5.647e-05
gentleman,3.85e-06,3.99e-06,3.46e-06,3.26e-06,3.48e-06,3.49e-06,3.3e-06,3.31e-06,3.92e-06
fibre,1.006e-05,9.23e-06,1.018e-05,9.58e-06,8.8e-06,8.22e-06,8.44e-06,7.85e-06,9.64e-06
reproduce,1.241e-05,1.217e-05,1.181e-05,1.264e-05,1.289e-05,1.294e-05,1.215e-05,1.239e-05,1.229e-05
convicted,3.21e-06,3.15e-06,3.66e-06,3.47e-06,3.89e-06,4.11e-06,3.91e-06,3.51e-06,3.18e-06
shades,9.2e-06,9.02e-06,9.57e-06,8.77e-06,8.19e-06,7.4e-06,8.86e-06,9.3e-06,9.11e-06
jets,6.21e-06,6.08e-06,5.29e-06,5.1e-06,5.12e-06,5.14e-06,4.94e-06,4.96e-06,6.14e-06
indices,4.623e-05,4.679e-05,4.58e-05,4.589e-05,4.645e-05,4.685e-05,4.696e-05,4.73e-05,4.651e-05
roommates,8.6e-07,8.4e-07,1.02e-06,1.02e-06,1.02e-06,1.03e-06,1.03e-06,1.03e-06,8.5e-07
adware,6.4e-07,6.3e-07,6.1e-07,6.1e-07,6.1e-07,6.2e-07,6.2e-07,6.2e-07,6.4e-07
qui,4.28e-06,4.62e-06,3.66e-06,3.67e-06,4.09e-06,3.9e-06,3.5e-06,3.72e-06,4.45e-06
intl,1.71e-06,1.89e-06,1.63e-06,1.63e-06,1.64e-06,1.64e-06,1.44e-06,1.45e-06,1.8e-06
threatening,1.07e-06,1.05e-06,1.22e-06,1.43e-06,1.64e-06,1.23e-06,1.44e-06,1.24e-06,1.06e-06
spokesman,3e-06,2.94e-06,2.44e-06,2.24e-06,2.25e-06,2.05e-06,1.85e-06,1.86e-06,2.97e-06
zoloft,0.0,0.0,0.0,0.0,0.0,0.0,0.0,0.0,0.0
activists,2.78e-06,2.94e-06,3.05e-06,3.47e-06,3.68e-06,3.49e-06,3.71e-06,3.72e-06,2.86e-06
frankfurt,9.42e-06,1.049e-05,9.16e-06,8.77e-06,8.19e-06,8.63e-06,8.65e-06,8.47e-06,9.95e-06
prisoner,9.42e-06,9.86e-06,9.16e-06,9.18e-06,9.21e-06,8.84e-06,7.83e-06,7.44e-06,9.64e-06
daisy,1.28e-06,1.26e-06,1.22e-06,1.22e-06,1.43e-06,1.44e-06,1.44e-06,1.65e-06,1.27e-06
halifax,2.14e-06,2.31e-06,1.83e-06,1.84e-06,1.43e-06,1.44e-06,1.44e-06,1.45e-06,2.22e-06
encourages,5.35e-06,5.67e-06,5.7e-06,5.51e-06,5.12e-06,4.93e-06,5.15e-06,5.37e-06,5.51e-06
ultram,0.0,0.0,0.0,0.0,0.0,0.0,0.0,0.0,0.0
cursor,3.64e-06,1.68e-06,3.05e-06,3.06e-06,3.07e-06,2.88e-06,2.88e-06,2.89e-06,2.66e-06
assembled,1.113e-05,1.154e-05,1.099e-05,1.122e-05,1.105e-05,9.86e-06,9.89e-06,9.71e-06,1.133e-05
earliest,7.17e-05,6.987e-05,6.962e-05,7.117e-05,7.142e-05,7.253e-05,7.353e-05,7.436e-05,7.078e-05
donated,9.42e-06,9.44e-06,9.57e-06,9.38e-06,9.82e-06,1.007e-05,8.44e-06,8.88e-06,9.43e-06
stuffed,2.35e-06,2.31e-06,2.24e-06,2.04e-06,2.05e-06,1.85e-06,1.85e-06,1.86e-06,2.33e-06
restructuring,2.35e-06,1.89e-06,2.24e-06,2.04e-06,2.25e-06,2.26e-06,2.27e-06,2.27e-06,2.12e-06
insects,8.56e-06,8.18e-06,7.94e-06,7.95e-06,8.19e-06,8.22e-06,7.83e-06,7.23e-06,8.37e-06
terminals,1.52e-05,1.574e-05,1.527e-05,1.591e-05,1.535e-05,1.479e-05,1.524e-05,1.653e-05,1.547e-05
crude,6.21e-06,6.71e-06,5.9e-06,6.32e-06,6.55e-06,5.96e-06,5.15e-06,5.16e-06,6.46e-06
morrison,4.07e-06,3.36e-06,4.07e-06,3.87e-06,3.48e-06,3.49e-06,3.3e-06,3.51e-06,3.72e-06
maiden,4.28e-06,3.78e-06,4.48e-06,4.49e-06,4.5e-06,4.73e-06,4.74e-06,4.75e-06,4.03e-06
simulations,4.88e-05,4.847e-05,4.947e-05,5.017e-05,5.055e-05,5.157e-05,5.231e-05,5.226e-05,4.863e-05
cz,3.42e-06,3.57e-06,2.44e-06,2.24e-06,2.25e-06,2.47e-06,2.27e-06,1.86e-06,3.49e-06
sufficiently,4.666e-05,4.553e-05,4.601e-05,4.691e-05,4.666e-05,4.685e-05,4.614e-05,4.524e-05,4.609e-05
examines,8.78e-06,9.44e-06,9.57e-06,9.18e-06,9.21e-06,9.66e-06,9.68e-06,1.074e-05,9.11e-06
viking,2.14e-06,2.31e-06,2.65e-06,2.65e-06,2.86e-06,2.88e-06,2.47e-06,2.48e-06,2.22e-06
myrtle,6.4e-07,6.3e-07,6.1e-07,6.1e-07,4.1e-07,4.1e-07,4.1e-07,4.1e-07,6.4e-07
bored,1.28e-06,8.4e-07,8.1e-07,8.2e-07,8.2e-07,8.2e-07,6.2e-07,8.3e-07,1.06e-06
cleanup,8.6e-07,8.4e-07,8.1e-07,8.2e-07,8.2e-07,1.03e-06,8.2e-07,8.3e-07,8.5e-07
yarn,3.64e-06,3.15e-06,3.26e-06,3.06e-06,3.07e-06,3.08e-06,3.09e-06,2.89e-06,3.39e-06
knit,6.4e-07,6.3e-07,6.1e-07,6.1e-07,6.1e-07,4.1e-07,4.1e-07,2.1e-07,6.4e-07
conditional,5.886e-05,5.707e-05,5.558e-05,5.506e-05,5.259e-05,5.342e-05,5.417e-05,5.495e-05,5.797e-05
mug,2.1e-07,2.1e-07,2e-07,2e-07,2e-07,2.1e-07,4.1e-07,2.1e-07,2.1e-07
crossword,2.35e-06,2.52e-06,2.44e-06,2.65e-06,2.46e-06,2.47e-06,2.27e-06,2.27e-06,2.43e-06
bother,6.4e-07,6.3e-07,6.1e-07,6.1e-07,6.1e-07,8.2e-07,8.2e-07,4.1e-07,6.4e-07
budapest,2.59e-05,2.56e-05,2.504e-05,2.529e-05,2.558e-05,2.609e-05,2.451e-05,2.458e-05,2.575e-05
conceptual,3.168e-05,3.168e-05,3.054e-05,3.1e-05,3.049e-05,3.123e-05,3.007e-05,3.037e-05,3.168e-05
knitting,1.71e-06,1.68e-06,2.04e-06,1.63e-06,1.43e-06,1.44e-06,1.44e-06,1.45e-06,1.69e-06
attacked,7.49e-06,7.34e-06,6.72e-06,6.73e-06,6.96e-06,7.6e-06,7e-06,7.02e-06,7.42e-06
hl,7.28e-06,3.57e-06,2.04e-06,2.04e-06,1.64e-06,1.23e-06,4.1e-07,4.1e-07,5.42e-06
bhutan,1.28e-06,1.26e-06,1.43e-06,1.63e-06,1.64e-06,1.64e-06,1.65e-06,1.65e-06,1.27e-06
liechtenstein,1.93e-06,1.68e-06,1.83e-06,1.84e-06,1.84e-06,1.85e-06,1.85e-06,1.86e-06,1.81e-06
mating,7.49e-06,7.55e-06,7.13e-06,6.93e-06,5.73e-06,5.34e-06,5.35e-06,5.37e-06,7.52e-06
compute,7.833e-05,7.889e-05,7.736e-05,7.953e-05,8.124e-05,8.157e-05,7.95e-05,8.036e-05,7.861e-05
redhead,6.4e-07,6.3e-07,6.1e-07,6.1e-07,6.1e-07,6.2e-07,6.2e-07,8.3e-07,6.4e-07
arrives,3.85e-06,3.99e-06,3.66e-06,3.67e-06,3.48e-06,3.7e-06,3.5e-06,3.51e-06,3.92e-06
translator,1.776e-05,1.909e-05,1.914e-05,1.897e-05,1.862e-05,1.808e-05,1.771e-05,1.797e-05,1.843e-05
automobiles,4.28e-06,4.41e-06,4.48e-06,4.49e-06,4.71e-06,5.14e-06,5.15e-06,5.37e-06,4.34e-06
tractor,2.57e-06,2.1e-06,2.24e-06,2.45e-06,2.66e-06,2.67e-06,2.27e-06,2.69e-06,2.33e-06
allah,3.21e-06,2.31e-06,2.85e-06,3.26e-06,3.48e-06,3.08e-06,2.88e-06,2.69e-06,2.76e-06
continent,6.21e-06,6.08e-06,6.72e-06,6.73e-06,7.57e-06,7.6e-06,7.21e-06,7.23e-06,6.14e-06
ob,1.07e-06,1.47e-06,1.43e-06,1.22e-06,1.23e-06,1.23e-06,1.44e-06,1.24e-06,1.27e-06
unwrap,0.0,0.0,0.0,0.0,0.0,0.0,0.0,0.0,0.0
fares,4.3e-07,4.2e-07,2e-07,2e-07,2e-07,2.1e-07,2.1e-07,2.1e-07,4.3e-07
longitude,0.00011022,0.00010848,0.00010565,0.00010605,0.00010743,0.00010808,0.0001071,0.00010804,0.00010935
resist,7.92e-06,6.08e-06,6.51e-06,6.32e-06,6.14e-06,6.37e-06,7e-06,7.85e-06,7e-06
challenged,5.78e-06,5.87e-06,5.29e-06,5.71e-06,5.73e-06,5.34e-06,4.74e-06,5.16e-06,5.82e-06
telecharger,0.0,0.0,0.0,0.0,0.0,0.0,0.0,0.0,0.0
hoped,4.71e-06,4.2e-06,4.28e-06,4.69e-06,4.5e-06,4.52e-06,4.74e-06,4.75e-06,4.45e-06
pike,2.78e-06,3.15e-06,3.66e-06,3.06e-06,2.86e-06,2.47e-06,2.47e-06,1.86e-06,2.96e-06
safer,3.42e-06,3.78e-06,3.26e-06,3.06e-06,3.07e-06,3.08e-06,3.3e-06,3.51e-06,3.6e-06
insertion,1.627e-05,1.658e-05,1.71e-05,1.733e-05,1.678e-05,1.705e-05,1.709e-05,1.694e-05,1.642e-05
instrumentation,1.113e-05,1.154e-05,1.16e-05,1.101e-05,1.085e-05,1.068e-05,1.153e-05,1.26e-05,1.133e-05
ids,1.5e-06,1.68e-06,2.04e-06,2.04e-06,2.05e-06,1.85e-06,1.85e-06,1.86e-06,1.59e-06
hugo,1.648e-05,1.825e-05,1.791e-05,1.733e-05,1.76e-05,1.788e-05,1.792e-05,1.715e-05,1.737e-05
wagner,1.455e-05,1.49e-05,1.425e-05,1.448e-05,1.453e-05,1.438e-05,1.277e-05,1.281e-05,1.472e-05
constraint,5.736e-05,5.77e-05,5.72e-05,5.547e-05,5.423e-05,5.527e-05,5.54e-05,5.495e-05,5.753e-05
groundwater,4.71e-06,4.62e-06,4.28e-06,4.89e-06,5.53e-06,5.55e-06,5.56e-06,5.58e-06,4.67e-06
touched,3.42e-06,3.15e-06,2.85e-06,3.06e-06,3.48e-06,3.49e-06,3.3e-06,3.31e-06,3.28e-06
strengthening,5.78e-06,5.46e-06,4.89e-06,4.69e-06,4.91e-06,5.14e-06,4.94e-06,5.37e-06,5.62e-06
cologne,6.63e-06,6.08e-06,5.9e-06,5.91e-06,5.73e-06,5.96e-06,5.97e-06,5.78e-06,6.36e-06
gzip,2.57e-06,2.31e-06,2.04e-06,1.63e-06,1.64e-06,1.64e-06,1.85e-06,1.86e-06,2.44e-06
wishing,2.35e-06,2.31e-06,2.24e-06,2.45e-06,2.25e-06,2.26e-06,1.85e-06,1.45e-06,2.33e-06
ranger,2.35e-06,2.31e-06,2.24e-06,2.04e-06,2.05e-06,1.64e-06,1.65e-06,1.45e-06,2.33e-06
smallest,9.738e-05,9.568e-05,9.588e-05,9.85e-05,9.904e-05,9.76e-05,9.968e-05,0.00010019,9.653e-05
insulation,4.28e-06,4.41e-06,4.07e-06,4.08e-06,4.3e-06,4.31e-06,4.33e-06,4.13e-06,4.34e-06
newman,1.841e-05,1.846e-05,1.812e-05,1.754e-05,1.76e-05,1.849e-05,1.874e-05,1.921e-05,1.844e-05
marsh,4.07e-06,3.99e-06,4.07e-06,4.08e-06,3.89e-06,3.49e-06,3.71e-06,3.72e-06,4.03e-06
ricky,2.1e-07,6.3e-07,6.1e-07,4.1e-07,4.1e-07,4.1e-07,4.1e-07,4.1e-07,4.2e-07
ctrl,2.1e-07,2.1e-07,2e-07,2e-07,2e-07,2.1e-07,2.1e-07,2.1e-07,2.1e-07
scared,0.0,0.0,4.1e-07,4.1e-07,0.0,0.0,0.0,0.0,0.0
theta,2.333e-05,2.392e-05,2.3e-05,2.406e-05,2.353e-05,2.507e-05,2.492e-05,2.499e-05,2.362e-05
infringement,3.42e-06,3.57e-06,3.05e-06,2.45e-06,2.46e-06,2.47e-06,2.47e-06,2.69e-06,3.49e-06
bent,1.027e-05,9.86e-06,1.018e-05,9.38e-06,9.41e-06,9.25e-06,9.68e-06,9.92e-06,1.006e-05
laos,6.4e-07,6.3e-07,6.1e-07,6.1e-07,6.1e-07,6.2e-07,8.2e-07,8.3e-07,6.4e-07
subjective,2.29e-05,2.119e-05,2.178e-05,2.101e-05,2.067e-05,2.157e-05,2.183e-05,2.231e-05,2.204e-05
monsters,4.28e-06,4.83e-06,4.07e-06,4.28e-06,4.5e-06,4.31e-06,4.53e-06,4.54e-06,4.55e-06
asylum,1.07e-06,1.47e-06,8.1e-07,1.43e-06,1.02e-06,1.03e-06,1.03e-06,1.03e-06,1.27e-06
lightbox,0.0,0.0,0.0,0.0,0.0,0.0,0.0,0.0,0.0
robbie,8.6e-07,6.3e-07,6.1e-07,6.1e-07,6.1e-07,8.2e-07,8.2e-07,6.2e-07,7.5e-07
stake,4.28e-06,5.04e-06,4.89e-06,4.89e-06,5.32e-06,5.34e-06,5.56e-06,5.58e-06,4.66e-06
cocktail,3e-06,2.73e-06,3.26e-06,3.06e-06,2.86e-06,2.88e-06,2.68e-06,3.1e-06,2.87e-06
outlets,5.14e-06,5.25e-06,5.7e-06,5.51e-06,4.3e-06,4.31e-06,3.91e-06,4.34e-06,5.2e-06
swaziland,2.14e-06,1.47e-06,1.22e-06,1.22e-06,1.02e-06,1.03e-06,8.2e-07,8.3e-07,1.8e-06
varieties,8.497e-05,8.707e-05,8.672e-05,8.769e-05,8.963e-05,9.164e-05,9.083e-05,9.234e-05,8.602e-05
arbor,7.28e-06,7.76e-06,6.72e-06,6.93e-06,7.16e-06,6.58e-06,6.18e-06,5.78e-06,7.52e-06
mediawiki,1.71e-06,2.73e-06,3.05e-06,3.06e-06,3.48e-06,3.49e-06,2.88e-06,2.69e-06,2.22e-06
configurations,2.183e-05,2.161e-05,2.138e-05,2.08e-05,2.026e-05,2.096e-05,2.163e-05,2.252e-05,2.172e-05
poison,1.07e-06,1.05e-06,8.1e-07,1.02e-06,1.23e-06,1.03e-06,1.44e-06,1.45e-06,1.06e-06
