id,translated_german,origin_translation,gpt_translation,bertscore_vs_origin_precision,bertscore_vs_origin_recall,bertscore_vs_origin_f1,bertscore_vs_gpt_precision,bertscore_vs_gpt_recall,bertscore_vs_gpt_f1
0,"""Wir haben nun 4 Monate alte Mäuse, die nicht diabetisch sind, die früher Diabetiker waren"", fügte er hinzu.","„Wir haben jetzt 4 Monate alte Mäuse, die Diabetes hatten und jetzt keinen mehr haben“, fügte er hinzu.","„Wir haben jetzt 4 Monate alte Mäuse, die nicht-diabetisch sind und früher diabetisch waren“, fügte er hinzu.",0.8569637537002563,0.852663516998291,0.8548082709312439,0.9162737131118774,0.9082441329956055,0.9122412800788879
1,"Dr. Ehud Ur, Professor für Medizin an der Dalhousie University in Halifax, Nova Scotia, und Vorsitzender der klinischen und wissenschaftlichen Abteilung der","Dr. Ehud Ur, Professor für Medizin an der Dalhousie University in Halifax, Nova Scotia, und Vorsitzender der Abteilung für Klinik und Wissenschaft des Kanadischen Diabetesverbands gab zu bedenken, dass die Forschungsarbeit noch in den Kinderschuhen stecke.","Dr. Ehud Ur, Professor für Medizin an der Dalhousie University in Halifax, Nova Scotia, und Vorsitzender der klinischen und wissenschaftlichen Abteilung der Canadian Diabetes Association, warnte, dass die Forschung noch in den frühen Phasen ist.",0.8857979774475098,0.7582828998565674,0.8170953989028931,0.917711615562439,0.8165296316146851,0.8641690015792847
2,"Wie einige andere Experten ist er skeptisch, ob Diabetes geheilt werden kann, wobei er feststellt, dass diese Erkenntnisse für Menschen, die bereits","Wie einige andere Experten zeigte er sich skeptisch, ob es möglich sei, Diabetes zu heilen, und wies darauf hin, dass die Befunde für Menschen, die bereits unter Typ-1-Diabetes litten, keine Bedeutung hätten.","Wie einige andere Experten ist er skeptisch, ob Diabetes heilbar ist, und merkt an, dass diese Erkenntnisse für Menschen, die bereits Typ-1-Diabetes haben, keine Relevanz haben.",0.8492446541786194,0.7887817621231079,0.8178972601890564,0.8867338299751282,0.824629545211792,0.8545548915863037
3,"Am Montag kündigte Sara Danius, ständige Sekretärin des Nobelkomitees für Literatur an der schwedischen Akademie","Am Montag gab Sara Danius, Ständige Sekretärin des Literaturnobelpreiskomitees der Schwedischen Akademie in einer Radiosendung auf Sveriges Radio in Schweden bekannt, dass das Komitee seine Bemühungen eingestellt habe, Bob Dylan über seine Ehrung mit dem Literaturnobelpreis für Literator zu informieren, nachdem es nicht gelungen war, ihn persönlich zu erreichen.","Am Montag gab Sara Danius, die ständige Sekretärin des Nobelkomitees für Literatur an der Schwedischen Akademie, in einem Radioprogramm von Sveriges Radio in Schweden öffentlich bekannt, dass das Komitee, das Bob Dylan wegen seines Gewinns des Nobelpreises für Literatur 2016 nicht direkt erreichen konnte, seine Bemühungen, ihn zu erreichen, aufgegeben hatte.",0.8107993602752686,0.6579945087432861,0.7264484167098999,0.8510975241661072,0.6928451061248779,0.7638609409332275
4,"Danius sagte: ""Heute tun wir nichts, ich habe an seinen engsten Mitarbeiter angerufen und E-Mails gesendet und sehr freundliche Antworten erhalten",Danius sagte: „Im Moment unternehmen wir nichts. Ich habe seinen engsten Mitarbeiter angerufen und ihm E-Mails geschickt und sehr freundliche Antworten erhalten. Das ist vorläufig genug.“,Danius sagte: „Im Moment tun wir nichts. Ich habe seinen engsten Mitarbeiter angerufen und E-Mails gesendet und sehr freundliche Antworten erhalten. Für jetzt ist das sicherlich genug.“,0.8930157423019409,0.828205943107605,0.8593906760215759,0.919492244720459,0.8574362993240356,0.8873806595802307
5,"Zuvor bemerkte Rings CEO, Jamie Siminoff, dass das Unternehmen begann, als sein Türbel aus seinem Laden in seiner Garage nicht hörbar war.","Rings CEO Jamie Siminoff sagte einmal, dass er das Unternehmen gegründet habe, nachdem er von seiner Garagenwerkstatt aus seine Türklingel nicht hören konnte.","Zuvor bemerkte der CEO von Ring, Jamie Siminoff, dass das Unternehmen gegründet wurde, als seine Türklingel aus seinem Geschäft in der Garage nicht zu hören war.",0.8418624997138977,0.8477500081062317,0.8447960019111633,0.9095450043678284,0.893986701965332,0.9016987681388855
6,"He built a WiFi door bell, he said.","Er sagte, dass er eine WLAN-Türklingel gebaut habe.","Er hat eine WLAN-Türklingel gebaut, sagte er.",0.7873449325561523,0.7550621628761292,0.7708656787872314,0.8190997838973999,0.7923414707183838,0.805498480796814
7,"Siminoff sagte, dass der Umsatz nach seinem Auftritt 2013 in einer Shark Tank-Episode gesteigert wurde, in der die Show-Panel die Finanzierung","Siminoff sagte, die Verkäufe seien nach seinem Auftritt in einer Folge von „Shark Tank“ im Jahre 2013 stark gestiegen, obwohl die Jury der Sendung die Finanzierung seines Start-ups abgelehnt hatte.","Siminoff sagte, dass die Verkaufszahlen nach seinem Auftritt in einer Episode von Shark Tank im Jahr 2013 gestiegen sind, in der das Podium der Show die Finanzierung des Startups ablehnte.",0.8176528215408325,0.7810276746749878,0.7989206910133362,0.8608344793319702,0.8209002017974854,0.8403931856155396
8,Ende 2017 erschien Siminoff auf dem Einkaufs-TV-Sender QVC.,Ende 2017 trat Siminoff im Teleshopping-Sender QVC auf.,Im späten Jahr 2017 trat Siminoff im Einkaufstelevisionkanal QVC auf.,0.8789159059524536,0.8730685710906982,0.8759824633598328,0.8737754821777344,0.8672782182693481,0.8705146908760071
9,"Ring hat auch einen Prozess mit dem konkurrierenden Sicherheitsunternehmen, der ADT Corporation, abgeschlossen.",Ring hat außerdem eine Rechtsstreitigkeit mit der konkurrierenden Sicherheitsfirma ADT Corporation beigelegt.,"Ring hat auch eine Klage mit dem konkurrierenden Sicherheitsunternehmen, der ADT Corporation, beigelegt.",0.8881061673164368,0.8776410818099976,0.8828425407409668,0.9602748155593872,0.9399902820587158,0.9500242471694946
10,"Obwohl ein Versuchsimpfstoff in der Lage zu sein scheint, die Ebolasterblichkeit zu verringern, wurden bisher keine Medikamente eindeutig für die Behandlung bestehender In","Während ein experimenteller Impfstoff in der Lage zu sein scheint, die Ebola-Mortalität zu senken, gibt es bisher keine Medikamente, die als eindeutig zur Behandlung bestehender Infektionen geeignet nachgewiesen wurden.","Während ein experimenteller Impfstoff anscheinend in der Lage ist, die Ebola-Mortalität zu verringern, wurde bislang kein Medikament als eindeutig geeignet zur Behandlung einer bestehenden Infektion nachgewiesen.",0.8597156405448914,0.8269693851470947,0.8430246114730835,0.8497506380081177,0.8212229013442993,0.8352432250976562
11,"Ein Antikörper-Cocktail, ZMapp, zeigte zunächst in diesem Bereich Versprechen, aber formale Studien haben gezeigt, dass er weniger Nutzen hat als","Ein Antikörper-Cocktail, ZMapp, erwies sich zunächst als vielversprechend, formelle Studien zeigten jedoch, dass er, was die Verhinderung von Todesfällen anbelangt, weniger Vorteile brachte als erhofft.","Ein Antikörpercocktail, ZMapp, zeigte zunächst vielversprechende Ergebnisse in diesem Bereich, aber formelle Studien ergaben, dass er weniger Nutzen bei der Verhinderung von Todesfällen hatte als erhofft.",0.857048511505127,0.7678483128547668,0.8100000619888306,0.8735401630401611,0.803443431854248,0.8370267748832703
12,"Im PALM-Studio diente ZMapp als Kontrolle, was bedeutet, dass Wissenschaftler es als Basis verwendeten und die drei anderen Behandlungen mit ihm verglichen","In der PALM-Studie diente ZMapp als Kontrolle, d.h. die Wissenschaftler verwendeten es als Ausgangsbasis und verglichen die drei anderen Behandlungen damit.","In der PALM-Studie diente ZMapp als Kontrollmittel, was bedeutet, dass die Wissenschaftler es als Basis verwendeten und die drei anderen Behandlungen mit ihm verglichen.",0.8644149303436279,0.8399369120597839,0.8520001173019409,0.9289835691452026,0.895391047000885,0.9118779897689819
13,USA Gymnastics unterstützt den Brief des Olympischen Komitees der Vereinigten Staaten und akzeptiert die absolute Notwendigkeit der olymp,"USA Gymnastics unterstützt den Brief des Olympischen Komitees der Vereinigten Staaten und akzeptiert es als absolute Notwendigkeit, dass sich die olympische Familie für ein sicheres Umfeld für alle unsere Sportler einsetzt.","Die USA Gymnastik unterstützt den Brief des United States Olympic Committee und akzeptiert die absolute Notwendigkeit der Olympischen Familie, ein sicheres Umfeld für alle unsere Athleten zu fördern.",0.9053724408149719,0.8074852824211121,0.8536317944526672,0.8530728816986084,0.7872145175933838,0.8188215494155884
14,"Wir stimmen der Aussage des USOC zu, dass die Interessen unserer Athleten und Clubs und ihres Sports besser gedient werden können, indem wir innerhalb","Wir stimmen mit der Aussage des USOC überein, dass den Interessen unserer Athleten und Vereine und ihres Sports besser gedient ist, wenn wir innerhalb unserer Organisation sinnvolle Veränderungen vorantreiben, anstatt eine Dezertifizierung vorzunehmen.","Wir stimmen der Erklärung des USOC zu, dass die Interessen unserer Athleten und Vereine sowie ihres Sports besser durch eine sinnvolle Veränderung innerhalb unserer Organisation bedient werden können, anstatt durch eine Aberkennung der Zertifizierung.",0.8875514268875122,0.7817082405090332,0.8312742710113525,0.8979989290237427,0.7981055974960327,0.8451106548309326
15,"USA Gymnastics unterstützt eine unabhängige Untersuchung, die Licht erwecken könnte, wie der Missbrauch des von den Überlebenden von Larry Nassar so mutig beschriebenen Anteil","USA Gymnastics unterstützt eine unabhängige Untersuchung, die ans Licht bringen könnte, wie Missbrauch in dem Ausmaß, das von den Überlebenden von Lary Nassar so mutig beschrieben wurde, so lange unentdeckt bleiben konnte, und heißt alle notwendigen und angemessenen Veränderungen willkommen.","USA Gymnastics unterstützt eine unabhängige Untersuchung, die möglicherweise aufdecken kann, wie der Missbrauch in dem Maße, wie ihn die Überlebenden von Larry Nassar so mutig beschrieben haben, so lange unentdeckt bleiben konnte, und begrüßt alle notwendigen und angemessenen Veränderungen.",0.8555699586868286,0.7716690301895142,0.811456561088562,0.8551559448242188,0.7731578350067139,0.8120923042297363
16,"USA Gymnastik und USOC haben dasselbe Ziel – den Sport der Gymnastik und andere so sicher wie möglich zu machen, dass die Athleten ihre Träume in einem sicheren","USA Gymnastics und das USOC haben das gleiche Ziel - den Turnsport und andere Sportarten für die Athleten so sicher wie möglich zu machen, damit sie ihren Träumen in einer sicheren, positiven und selbstbestimmten Umgebung folgen können.","Die USA Gymnastics und das USOC haben dasselbe Ziel – den Leistungssport Gymnastik und andere Sportarten so sicher wie möglich zu gestalten, damit Athleten ihre Träume in einer sicheren, positiven und gestärkten Umgebung verfolgen können.",0.852878212928772,0.7905999422073364,0.8205590844154358,0.8838464021682739,0.811531126499176,0.8461464643478394
17,In den 1960er Jahren arbeitete Brzezinski als Berater für John F. Kennedy und dann für die Lyndon B. Johnson Administration.,Während der 1960er-Jahre arbeitete Brzezinski als Berater für John F. Kennedy sowie anschließend für die Regierung rund um Lyndon B. Johnson.,Während der 1960er Jahre arbeitete Brzezinski als Berater für John F. Kennedy und anschließend für die Verwaltung von Lyndon B. Johnson.,0.9620527029037476,0.940963864326477,0.9513913989067078,0.9670251607894897,0.9609677791595459,0.9639869928359985
18,"Während der Wahlen von 1976 berät er Carter in der Außenpolitik, arbeitete dann von 1977 bis 1981 als National Security Advisor (NSA) und folgte Henry Kissinger",Während der Wahlen im Jahre 1976 beriet er Carter in der Außenpolitik und diente dann von 1977 bis 1981 in Nachfolge von Henry Kissinger als als nationaler Sicherheitsberater (NSA).,Während der Auswahlverfahren 1976 beriet er Carter in Fragen der Außenpolitik und diente dann von 1977 bis 1981 als Nationaler Sicherheitsberater (NSA) und folgte Henry Kissinger nach.,0.89997398853302,0.8707185983657837,0.8851046562194824,0.909250020980835,0.8890082836151123,0.8990151882171631
19,Als NSA unterstützte er Carter in diplomatischer Handhabung internationaler Angelegenheiten wie die Camp David-Abkommen von 1978; normalisierte die Beziehungen zwischen den USA,"Als nationaler Sicherheitsberater unterstützte er Carter bei der diplomatischen Handhabung von Weltangelegenheiten wie dem Camp-David-Abkommen von 1978, der Normalisierung der Beziehungen zwischen den USA und China Ende der 1970er Jahre, der iranischen Revolution, die zur Geiselkrise im Iran 1979 führte, und der sowjetischen Invasion in Afghanistan 1979.","Als NSA unterstützte er Carter dabei, weltpolitische Angelegenheiten diplomatisch zu regeln, wie zum Beispiel die Camp-David-Abkommen von 1978; die Normalisierung der US-amerikanischen Beziehungen zu China in den späten 1970er Jahren; die iranische Revolution, die zur Geiselnahme im Iran von 1979 führte; und die sowjetische Invasion in Afghanistan von 1979.",0.8493430614471436,0.7428760528564453,0.7925500273704529,0.8430870771408081,0.7426331043243408,0.7896782159805298
20,"Der Film, mit Ryan Gosling und Emma Stone, erhielt Nominierungen in allen großen Kategorien.",Der Film mit Ryan Gosling und Emma Stone hat Nominierungen in allen Hauptkategorien erhalten.,Der Film mit Ryan Gosling und Emma Stone erhielt Nominierungen in allen wichtigen Kategorien.,0.9177330136299133,0.9258096218109131,0.9217536449432373,0.9491809606552124,0.9748779535293579,0.9618578553199768
21,Gosling und Stone erhielten Nominierungen für Beste Schauspielerin bzw. Schauspielerin.,Gosling und Stone wurden als bester Schauspieler beziehungsweise beste Schauspielerin nominiert.,Gosling und Stone erhielten Nominierungen für den besten Schauspieler bzw. die beste Schauspielerin.,0.9065085649490356,0.9326916933059692,0.9194137454032898,0.961977481842041,0.9358196258544922,0.948718249797821
22,"Weitere Nominierungen sind Best Picture, Director, Cinematografie, Costume Design, Film-Editing, Original Score, Production Design, Sound Editing, Sound Mixing und Original Screen","Weitere Nominierungen gibt es zum Beispiel für den besten Film, die Regie, die Kameraführung, das Kostümbild, den Schnitt, die Original-Filmmusik, das Produktionsdesign, den Tonschnitt, die Tonmischung und das Original-Drehbuch.","Die weiteren Nominierungen umfassen Beste Film, Regie, Kamera, Kostümbild, Film-Editing, Originalmusik, Produktionsdesign, Tonbearbeitung, Sound Mixing und Originaldrehbuch.",0.7894397974014282,0.7640756368637085,0.7765506505966187,0.8616807460784912,0.8300948143005371,0.8455929160118103
23,In den letzten Jahren hat Lionsgate seinen ersten Film „The Fools Who Dream“ und „The City of Stars“ veröffentlicht.,"Zwei Lieder aus dem Kinofilm, Audition (The Fools Who Dream) und City of Stars, bekamen Nominierungen für das beste eigenständige Lied. Lionsgate Studio bekam 26 Nominierungen – mehr als jedes andere Filmstudio.","Zwei Lieder aus dem Film, Audition (The Fools Who Dream) und City of Stars, erhielten Nominierungen für den besten Song. Das Studio Lionsgate erhielt 26 Nominierungen – mehr als jedes andere Studio.",0.7658084034919739,0.6940304040908813,0.7281547784805298,0.7659144401550293,0.7043122053146362,0.733822762966156
24,"Am späten Sonntag kündigte der US-Präsident Donald Trump in einer Erklärung über den Pressesekretär an, dass US-Truppen Syrien verlassen","Am späten Sonntag kündigte der Präsident der Vereinigten Staaten, Donald Trump, in einer durch den Pressesekretär verlesenen Erklärung an, dass die US-Truppen Syrien verlassen würden.","Spät am Sonntag kündigte der Präsident der Vereinigten Staaten, Donald Trump, in einer Erklärung, die über den Pressesprecher übermittelt wurde, an, dass die US-Truppen Syrien verlassen würden.",0.9088990688323975,0.8568243980407715,0.8820937871932983,0.8893910646438599,0.8159166574478149,0.8510710000991821
25,Die Ankündigung erfolgte nach einem Telefongespräch mit dem türkischen Präsidenten Recep Tayyip Erdoan.,Die Ankündigung erfolgte nach einem Telefongespräch von Trump mit dem türkischen Präsidenten Recep Tayyip Erdoğan.,"Die Ankündigung wurde gemacht, nachdem Trump ein Telefonat mit dem türkischen Präsidenten Recep Tayyip Erdoğan geführt hatte.",0.9434781670570374,0.934138298034668,0.9387850165367126,0.8553011417388916,0.8503179550170898,0.8528022766113281
26,"Die Türkei würde auch die Bewachung von gefangenen ISIS-Kämpfern übernehmen, die sich, wie in der Erklärung festgestellt wurde, die europäischen Nationen","Die Türkei würde die Überwachung gefasster ISIS-Kämpfer durchführen, deren Rückführung, so hieß es in dem Statement, von europäischen Ländern abgelehnt wurde.","Die Türkei würde auch die Bewachung gefangener ISIS-Kämpfer übernehmen, die, wie in der Erklärung erwähnt, von europäischen Ländern zurückgewiesen wurden, repatriiert zu werden.",0.8173474073410034,0.8015257120132446,0.8093592524528503,0.8745517730712891,0.8324089050292969,0.8529601097106934
27,"Dies bestätigt nicht nur, dass zumindest einige Dinosaurier Federn hatten, eine Theorie, die bereits weit verbreitet ist, sondern gibt Details Fossilien im Allgemeinen nicht,","Dies bestätigt nicht nur, dass zumindest einige Dinosaurier Federn hatten, eine Theorie, die bereits weit verbreitet ist, sondern liefert auch Details, die Fossilien im Allgemeinen nicht liefern können, wie etwa Farbe und dreidimensionale Anordnung.","Dies bestätigt nicht nur, dass zumindest einige Dinosaurier Federn hatten, eine bereits weit verbreitete Theorie, sondern liefert auch Details, die Fossilien im Allgemeinen nicht bieten können, wie Farbe und dreidimensionale Anordnung.",0.9261938333511353,0.8311519622802734,0.8761028051376343,0.8880144357681274,0.8184605836868286,0.8518199920654297
28,". Wissenschaftler sagen, dass das Pflaumen dieses Tieres Kastanienbraun auf der Spitze mit einer hellen oder carotenoiden Unterseite war","Wissenschaftler sagen, dass das Gefieder dieses Tieres auf der Oberseite kastanienbraun und auf der Unterseite hell- oder carotinoidfarben war.","Wissenschaftler sagen, dass das Federkleid dieses Tieres oben kastanienbraun und an der Unterseite blass oder carotinoidfarben war.",0.8294541835784912,0.8240764141082764,0.8267565369606018,0.8256426453590393,0.8210959434509277,0.8233630657196045
29,Die Entdeckung gibt auch Einblick in die Entwicklung von Federn bei Vögeln.,Der Fund gewährt auch Einblicke in die Evolution von Federn bei Vögeln.,Der Fund gewährt auch Einblicke in die Entwicklung von Federn bei Vögeln.,0.931962251663208,0.9074337482452393,0.91953444480896,0.9416844248771667,0.9164338111877441,0.9288875460624695
30,"Da die Dinosaurierfedern keine gut entwickelte Welle haben, nannte rachis, sondern andere Eigenschaften von Federn — Barbs und Barb","Weil die Dinosaurierfedern keinen gut entwickelten Schaft besitzen, der Rachis genannt wird, aber andere Merkmale von Federn besitzen – Widerhaken und Barbules – schlossen die Forscher daraus, dass die Rachis vermutlich eine spätere evolutionäre Entwicklung war als diese anderen Merkmale.","Da die Dinosaurierfedern keinen gut entwickelten Schaft, den sogenannten Rachis, besitzen, aber andere Merkmale von Federn – Haken und Häkchen – aufweisen, schlossen die Forscher daraus, dass der Rachis wahrscheinlich eine spätere evolutionäre Entwicklung war als diese anderen Merkmale.",0.7916383743286133,0.7102806568145752,0.7487559914588928,0.7830532789230347,0.701772928237915,0.740188479423523
31,"Die Federn weisen darauf hin, dass sie nicht im Flug, sondern zur Temperaturregulierung oder -darstellung verwendet wurden.","Die Struktur der Federn lässt vermuten, dass sie nicht zum Fliegen,, sondern eher zur Temperaturregulierung oder zum Herzeigen verwendet wurden. Die Forscher vermuteten, dass die Probe, obwohl es sich um den Schwanz eines jungen Dinosauriers handelt, das Gefieder eines Ausgewachsenen zeigt und nicht die Daunen eines Kükens.","Die Struktur der Federn deutet darauf hin, dass sie nicht im Flug verwendet wurden, sondern eher zur Temperaturregulierung oder zur Schau. Die Forscher schlugen vor, dass, obwohl dies der Schwanz eines jungen Dinosauriers ist, die Probe ein Erwachsenengefieder und nicht das Daunenfieder eines Kükens zeigt.",0.8412830829620361,0.7151843309402466,0.7731257081031799,0.8773691058158875,0.7383421659469604,0.8018742203712463
32,"Die Forscher schlugen vor, dass, obwohl dies der Schwanz eines jungen Dinosauriers ist, die Probe zeigt erwachsene Pflaumen","Die Forscher behaupteten, dass, obwohl dies der Schwanz eines jungen Dinosauriers ist, die Probe das Gefieder eines Erwachsenen und keine Kükendaunen zeigt.","Die Forscher schlugen vor, dass, obwohl dies der Schwanz eines jungen Dinosauriers ist, das Sample das Gefieder eines Erwachsenen zeigt und nicht das Daunenfeder eines Kükens.",0.8821916580200195,0.8487062454223633,0.8651250600814819,0.8753178119659424,0.8371449112892151,0.8558059930801392
33,"Eine Autobombe, die gestern morgen am Polizeihauptquartier in Gaziantep, der Türkei, detoniert wurde, tötete zwei Poliz","Eine Autobombe detonierte am Morgen des gestrigen Tages im Polizeipräsidium des türkischen Gaziantep, tötete zwei Polizisten und verwundete über zwanzig weitere Menschen.","Eine Autob Bombe detonierte gestern Morgen am Polizeihauptquartier in Gaziantep, Türkei, tötete zwei Polizeibeamte und verletzte mehr als zwanzig andere Personen.",0.7955546975135803,0.7716243863105774,0.7834068536758423,0.8495047688484192,0.8120630979537964,0.8303620219230652
34,"Der Gouverneur sagte, dass 19 der Verletzten Polizeibeamten seien.",Nach Angaben des Gouverneursbüros handelt es sich bei neunzehn der Verletzten um Polizeibeamte.,"Das Büro des Gouverneurs teilte mit, dass neunzehn der Verletzten Polizisten waren.",0.8360355496406555,0.7709205746650696,0.8021588325500488,0.9058945775032043,0.8719550967216492,0.8886008858680725
35,"Die Polizei hat angekündigt, dass sie einen angeblichen Daesh (ISIL) militanten Verantwortlichen für den Angriff verdächtigen.","Die Polizei sagte, dass sie einen militanten Anhänger von Daesh (ISIL) hinter dem Angriff vermuten.","Die Polizei sagte, sie verdächtige einen mutmaßlichen Dschihadisten des IS (Daesh), für den Angriff verantwortlich zu sein.",0.8376006484031677,0.8867970705032349,0.8614971041679382,0.8184409141540527,0.8039132952690125,0.8111120462417603
36,"Sie fanden, dass die Sonne auf den gleichen Grundprinzipien betrieben wie andere Sterne: Die Aktivität aller Sterne im System wurde durch ihre Leuchtkraft","Sie haben herausgefunden, dass die Sonne auf Basis derselben Grundprinzipien funktioniert, wie andere Sterne: Es wurde herausgefunden, dass die Aktivität aller Sterne im System durch ihre Leuchtkraft, Rotation und sonst nichts angetrieben wird.","Sie fanden heraus, dass die Sonne auf denselben grundlegenden Prinzipien wie andere Sterne basierte: Die Aktivität aller Sterne im System wurde als von ihrer Helligkeit und ihrer Rotation angetrieben festgestellt, und sonst nichts.",0.8954252004623413,0.805194616317749,0.8479161858558655,0.8706626296043396,0.7951189279556274,0.8311778903007507
37,"Die Leuchtkraft und Rotation werden zusammen verwendet, um die Rossby-Nummer eines Sterns zu bestimmen, die mit dem Plasmafluss verbunden ist.","Um die Rossby-Zahl eines Sterns zu bestimmen, die mit dem Plasmastrom in Zusammenhang steht, werden die Leuchtkraft und die Rotation gemeinsam einbezogen.","Die Helligkeit und die Rotation werden zusammen verwendet, um die Rossby-Zahl eines Sterns zu bestimmen, die mit dem Plasmafluss in Beziehung steht.",0.8945359587669373,0.865770161151886,0.8799179792404175,0.9423686265945435,0.9367051124572754,0.9395282864570618
38,"Je kleiner die Rossby-Nummer ist, desto weniger aktiv ist der Stern in Bezug auf magnetische Umkehrungen.","Je kleiner die Rossby-Zahl ist, umso weniger aktiv ist der Stern in Bezug auf Umpolungen des Magnetfelds.","Je kleiner die Rossby-Zahl, desto weniger aktiv ist der Stern hinsichtlich magnetischer Umkehrungen.",0.9299620389938354,0.9223897457122803,0.9261603951454163,0.9449546337127686,0.9577855467796326,0.9513267874717712
39,Während seiner Reise erlitt Iwasaki bei vielen Gelegenheiten Probleme.,Während der Reise geriet Iwasaki bei vielen Gelegenheiten in Schwierigkeiten.,Während seiner Reise hatte Iwasaki viele Probleme.,0.929764986038208,0.9381011128425598,0.9339144229888916,0.848679780960083,0.945067286491394,0.8942837715148926
40,"Er wurde von Piraten beraubt, in Tibet von einem rabiden Hund angegriffen, entging der Ehe in Nepal und wurde in Indien ver","Er wurde von Piraten ausgeraubt, in Tibet von einem tollwütigen Hund angegriffen, konnte einer Heirat in Nepal entfliehen und wurde in Indien verhaftet.","Er wurde von Piraten beraubt, in Tibet von einem tollwütigen Hund angegriffen, entkam einer Ehe in Nepal und wurde in Indien festgenommen.",0.9044342637062073,0.8597722053527832,0.881537914276123,0.9314988851547241,0.9097377061843872,0.9204897284507751
41,Der 802.11n-Standard funktioniert sowohl auf den Frequenzen 2.4Ghz als auch 5.0Ghz.,"Der 802.11n-Standard läuft auf den Frequenzen 2,4 Ghz sowie 5,0 Ghz.","Der 802.11n-Standard funktioniert sowohl im 2,4-GHz- als auch im 5,0-GHz-Frequenzbereich.",0.9211484789848328,0.9520618915557861,0.9363501071929932,0.9029591679573059,0.8891950249671936,0.896024227142334
42,"Dies ermöglicht es, rückwärts kompatibel mit 802.11a, 802.11b und 802.11g zu sein, vorausgesetzt, die Basisstation verfügt","Dadurch kann er abwärtskompatibel mit 802.11a, 802.11b und 802.11g sein, vorausgesetzt, die Basisstation verfügt über Dual-Radio.","Dies wird es ermöglichen, rückwärtskompatibel mit 802.11a, 802.11b und 802.11g zu sein, vorausgesetzt, die Basisstation verfügt über Dualfunksender.",0.892662525177002,0.8804323673248291,0.8865052461624146,0.933569073677063,0.8941006064414978,0.9134087562561035
43,Die Geschwindigkeiten von 802.11n sind wesentlich schneller als die ihrer Vorgänger mit einem maximalen theoretischen Durchsatz von 600Mbit/s.,"Die Geschwindigkeit von 802,11 n ist wesentlich schneller als die der Vorgänger, die einen maximalen theoretischen Durchsatz von 600 Mbit/s hatten.","Die Geschwindigkeiten von 802.11n sind erheblich schneller als die seiner Vorgänger, mit einem maximalen theoretischen Durchsatz von 600 Mbit/s.",0.9352073669433594,0.9226824045181274,0.9289026260375977,0.9842936992645264,0.9770787358283997,0.9806729555130005
44,"Duvall, der mit zwei erwachsenen Kindern verheiratet ist, ließ keinen großen Eindruck auf Miller, dem die Geschichte verwandt war.","Duvall, verheiratet und zwei erwachsene Kinder, hat keinen großen Eindruck auf Miller gemacht, dem die Geschichte erzählt wurde.","Duvall, der verheiratet ist und zwei erwachsene Kinder hat, hinterließ bei Miller, dem die Geschichte erzählt wurde, keinen großen Eindruck.",0.8875068426132202,0.8946062922477722,0.8910424709320068,0.8850893378257751,0.8784840106964111,0.8817742466926575
45,"Als er um Kommentare gebeten wurde, sagte Miller: ""Mike spricht während der Anhörung sehr viel... Ich war bereit, so dass ich nicht wirklich","""Als er nach einem Kommentar gefragt wurde, sagte Miller: """"Mike spricht sehr viel während der Anhörung ... ich habe mich vorbereitet und konnte daher nicht richtig hören, was er sagte.""""""","Als er um einen Kommentar gebeten wurde, sagte Miller: „Mike redet viel während der Anhörung... Ich war damit beschäftigt, mich vorzubereiten, also habe ich nicht wirklich gehört, was er gesagt hat.“",0.8460179567337036,0.806132435798645,0.8255937695503235,0.8858423233032227,0.8216371536254883,0.8525326251983643
46,"""Wir werden uns bemühen, die Kohlendioxidemissionen pro Einheit des BIP bis 2020 gegenüber dem Niveau von 2005 deutlich zu senken"", sagte Hu.","„Wir werden uns bemühen, die Kohlendioxidemissionen pro BIP-Einheit bis 2020 gegenüber dem Niveau von 2005 deutlich zu senken“, sagte Hu.","„Wir werden uns bemühen, die Kohlendioxidemissionen pro Einheit BIP bis 2020 im Vergleich zum Niveau von 2005 erheblich zu senken“, sagte Hu.",0.9626602530479431,0.9608770608901978,0.961767852306366,0.9523065090179443,0.9537540674209595,0.9530296921730042
47,"Er hat keine Zahl für die Kürzungen festgelegt und erklärt, dass sie auf der Grundlage der chinesischen Wirtschaftsleistung erfolgen werden.","Er nannte keine Zahl für die Kürzungen, sondern sagte, sie würden auf der Grundlage der Wirtschaftsleistung Chinas vorgenommen.","Er nannte keine konkreten Zahlen für die Kürzungen und sagte, dass diese basierend auf Chinas Wirtschaftsausstoß vorgenommen werden.",0.9014482498168945,0.8956332206726074,0.8985313773155212,0.8643465042114258,0.8373706340789795,0.8506447672843933
48,"Hu ermutigte die Entwicklungsländer, ""zuerst den alten Weg der Verschmutzung zu vermeiden und später zu räumen"".","Hu ermutigte Entwicklungsländer „den alten Weg von erst verschmutzen und hinterher aufzuräumen, zu vermeiden“.","Hu ermutigte die Entwicklungsländer, ""den alten Weg der Verschmutzung zuerst und der Säuberung später zu vermeiden.""",0.8384460210800171,0.8380203247070312,0.8382331132888794,0.9226375818252563,0.9140070676803589,0.9183019995689392
49,"Er fügte hinzu, dass ""ihnen jedoch nicht aufgefordert werden sollte, Verpflichtungen einzugehen, die über ihre Entwicklungsphase, ihre Verantwortung und ihre Fähigkeiten hinausgehen"".","Er fügte hinzu, dass „sie jedoch nicht dazu aufgefordert werden sollten, Verpflichtungen einzugehen, die über ihren Entwicklungsstand, ihre Verantwortung und ihre Fähigkeiten hinausgehen“.","Er fügte hinzu, dass „sie jedoch nicht aufgefordert werden sollten, Verpflichtungen einzugehen, die über ihre Entwicklungsstufe, Verantwortung und Fähigkeiten hinausgehen.“",0.9441512823104858,0.943920910358429,0.9440360069274902,0.9293617606163025,0.9315136671066284,0.9304364919662476
50,Die Irak-Studiengruppe hat heute um 12.00 Uhr ihren Bericht vorgelegt.,Die Studiengruppe zum Irak stellte heute um 12:00 Uhr GMT ihren Bericht vor.,Die Irak-Studiengruppe hat heute um 12.00 Uhr GMT ihren Bericht vorgestellt.,0.9231381416320801,0.924921989440918,0.9240291714668274,0.9638796448707581,0.9659021496772766,0.9648898243904114
51,"Es warnt niemand, dass irgendeine Vorgehensweise im Irak an dieser Stelle den sektiererischen Krieg, die wachsende Gewalt oder die Abgrenzung in","Er warnt davor, dass niemand garantieren kann, dass irgendeine Vorgehensweise im Irak zu diesem Zeitpunkt die sektiererische Kriegsführung, die wachsende Gewalt oder ein Abgleiten ins Chaos stoppen wird.","Es wird gewarnt: Niemand kann garantieren, dass eine gewisse Handlungsweise im Irak zu diesem Zeitpunkt den interreligiösen Krieg, die zunehmende Gewalt oder einen Abstieg in das Chaos stoppen wird.",0.8600297570228577,0.8029956817626953,0.8305346965789795,0.7843522429466248,0.7525718808174133,0.7681334614753723
52,Der Bericht öffnet sich mit einem Plädoyer für eine offene Debatte und die Schaffung eines Konsenses in den Vereinigten Staaten über die Politik,Der Bericht fängt an mit der Bitte um einen offenen Diskurs und um Konsensbildung in den USA über eine Strategie für den Mittleren Osten.,Der Bericht beginnt mit einem Aufruf zu offenen Debatten und der Bildung eines Konsenses in den Vereinigten Staaten über die Politik gegenüber dem Mittleren Osten.,0.7773318290710449,0.7803522348403931,0.778839111328125,0.8277451992034912,0.8402498364448547,0.8339506983757019
53,Der Bericht kritisiert fast jeden Aspekt der gegenwärtigen Politik der Exekutive gegenüber dem Irak und fordert eine sofortige Richtungsänderung.,Der Bericht steht fast jedem Aspekt der gegenwärtigen Politik der Exekutive im Hinblick auf den Irak äußerst kritisch gegenüber und drängt auf einen sofortigen Richtungswechsel.,Der Bericht ist äußerst kritisch gegenüber fast jedem Aspekt der gegenwärtigen Politik der Exekutive gegenüber dem Irak und fordert einen sofortigen Kurswechsel.,0.9113030433654785,0.8536126613616943,0.8815149664878845,0.9353768229484558,0.9118373394012451,0.9234570860862732
54,"Zunächst unter seinen 78 Empfehlungen ist, dass vor Ende dieses Jahres eine neue diplomatische Initiative ergriffen werden sollte, um die Grenzen des Irak gegen feind","Die erste der 78 Empfehlungen ist, dass eine neue diplomatische Initiative vor Ende dieses Jahres ergriffen werden sollte, um die irakischen Grenzen gegenüber feindlichen Interventionen zu sichern und diplomatische Beziehungen mit seinen Nachbarn wiederherzustellen.","Zu den 78 Empfehlungen gehört an erster Stelle, dass noch vor Ende dieses Jahres eine neue diplomatische Initiative ergriffen werden sollte, um die Grenzen des Irak gegen feindliche Interventionen abzusichern und die diplomatischen Beziehungen zu seinen Nachbarn wiederherzustellen.",0.8473137617111206,0.7707079648971558,0.8071973919868469,0.862910270690918,0.7755431532859802,0.8168973326683044
55,"Die aktuelle Senatorin und argentinische Erste Lady Cristina Fernandez de Kirchner hat gestern Abend ihre Präsidentschaftskandidaten in La Plata, einer","Die derzeitige Senatorin und argentinische First Lady Cristina Fernandez de Kirchner gab gestern Abend in La Plata, einer Stadt 50 Kilometer von Buenos Aires entfernt, ihre Präsidentschaftskandidatur bekannt.","Die aktuelle Senatorin und argentinische First Lady Cristina Fernandez de Kirchner kündigte gestern Abend in La Plata, einer Stadt 50 Kilometer (31 Meilen) von Buenos Aires entfernt, ihre Präsidentschaftskandidatur an.",0.8758887648582458,0.801449179649353,0.8370172381401062,0.877648115158081,0.7497843503952026,0.8086932897567749
56,"Frau Kirchner hat ihre Absicht angekündigt, am argentinischen Theater, demselben Ort, an dem sie 2005 als Mitglied der Delegation der Pro","Frau Kirchner kündigte ihre Absicht, als Präsidentin zu kandidieren, im Argentinischen Theater an. Dort begann sie 2005 auch ihre Kampagne für den Senat als Mitglied der Delegation der Provinz Buenos Aires.","Frau Kirchner kündigte ihre Absicht an, für das Präsidentenamt zu kandidieren, im Teatro Argentino, demselben Ort, den sie 2005 für ihren Wahlkampf zum Senat als Mitglied der Delegation der Provinz Buenos Aires genutzt hatte.",0.78487229347229,0.7485186457633972,0.7662645578384399,0.7953473329544067,0.7286590933799744,0.7605441808700562
57,"Die Debatte wurde durch Kontroversen über die Ausgaben für Hilfsmaßnahmen und den Wiederaufbau im Gefolge des Hurrikans Katrina ausgelöst, die einige","""Auslöser der Debatte war eine Kontroverse über die Ausgaben für die Nothilfe und den Wiederaufbau nach dem Hurrikan Katrina, die einige fiskalisch Konservative humorvoll als """"Bushs New Orleans-Deal"""" bezeichnet haben. ""","Die Debatte wurde durch die Kontroversen über die Ausgaben für Hilfe und Wiederaufbau nach dem Hurrikan Katrina entfacht; die einige wirtschaftlich konservative Stimmen humorvoll als ""Bushs New Orleans-Deal"" bezeichnet haben.",0.8232675790786743,0.7428296804428101,0.7809829115867615,0.8478500843048096,0.7752952575683594,0.8099510669708252
58,Die liberale Kritik an den Wiederaufbaubemühungen konzentriert sich auf die Vergabe von Wiederaufbauverträgen an wahrgenommene Washingtoner Insider.,"Die Kritik der Liberalen am Wiederaufbauprozess hat sich darauf konzentriert, dass Aufträge für den Wiederaufbau an vermeintliche Insider in Washingtoner vergeben wurden.",Die liberale Kritik an den Wiederaufbaumaßnahmen hat sich auf die Vergabe von Wiederauftragsverträgen an als Washington-insider wahrgenommene Personen konzentriert.,0.8125016093254089,0.8039411902427673,0.8081986904144287,0.8812694549560547,0.8507509827613831,0.8657413721084595
59,"Über vier Millionen Menschen gingen nach Rom, um an der Beerdigung teilzunehmen.","Es kamen mehr als vier Millionen Menschen nach Rom, um an der Beerdigung teilzunehmen.","Mehr als vier Millionen Menschen kamen nach Rom, um an der Beerdigung teilzunehmen.",0.9649747014045715,0.9415082931518555,0.9530971050262451,0.9847950339317322,0.9765666127204895,0.9806635975837708
60,"Die Anzahl der anwesenden Personen war so groß, dass es für alle nicht möglich war, Zugang zu den Beerdigungen auf dem Petersplatz zu erhalten.","Die Teilnehmerzahl war so groß, dass es nicht allen möglich war, Zugang zur Bestattung auf dem Petersplatz zu erhalten.","Die Anzahl der anwesenden Personen war so groß, dass es für niemanden möglich war, Zugang zur Beerdigung auf dem Peterplatz zu erhalten.",0.8965848684310913,0.9358197450637817,0.9157822728157043,0.9551247358322144,0.9648320078849792,0.9599538445472717
61,"Mehrere große Fernsehschirme wurden an verschiedenen Orten in Rom installiert, um den Menschen die Zeremonie anzuschauen.","Mehrere große Fernsehschirme wurden an verschiedenen Orten in Rom aufgestellt, so dass die Leute die Zeremonie ansehen konnten.","Mehrere große Fernsehbildschirme wurden an verschiedenen Orten in Rom installiert, damit die Menschen die Zeremonie verfolgen konnten.",0.9116854071617126,0.9143112897872925,0.9129965305328369,0.9398143291473389,0.9454289078712463,0.9426133036613464
62,"In vielen anderen Städten Italiens und in der übrigen Welt, insbesondere in Polen, wurden ähnliche Einrichtungen geschaffen, die von einer großen Zahl von Menschen betrachtet wurden.","In vielen anderen Städten in Italien und dem Rest der Welt, besonders in Polen, wurden ähnliche Einrichtungen installiert, die von zahlreichen Menschen gesehen wurden.","In vielen anderen Städten Italiens und weltweit, insbesondere in Polen, wurden ähnliche Einrichtungen geschaffen, die von einer großen Anzahl von Menschen besucht wurden.",0.9354987144470215,0.9468377828598022,0.9411340951919556,0.950329601764679,0.9667711853981018,0.9584799408912659
63,"Historiker haben die bisherige FBI-Politik kritisiert, weil sie Ressourcen auf Fälle konzentriert, die einfach zu lösen sind, insbesondere gestohlen","Historiker haben die Politik des FBI aus früherer Zeit kritisiert, seine Ressourcen in der Absicht, die Erfolgsquote der Behörde zu steigern, auf einfach zu lösende Fälle, insbesondere auf Fälle von Autodiebstahl, zu konzentrieren.","Historiker haben frühere FBI-Politiken kritisiert, weil sie Ressourcen auf Fälle konzentrierten, die leicht zu lösen sind, insbesondere auf Fälle von gestohlenen Autos, um die Erfolgquote der Behörde zu steigern.",0.8031114935874939,0.7418608665466309,0.7712720036506653,0.8915726542472839,0.8073936700820923,0.8473978042602539
64,"Der Kongress begann die Finanzierung der Obszenitätsinitiative im Haushaltsjahr 2005 und spezifizierte, dass das FBI 10 Agenten für Erwachsene Pornographie widmen","Der Kongress begann im August 2005 mit der Finanzierung der anti-Obszönitätsinitiative und legte fest, dass das FBI 10 Agenten für die Erwachsenenpornographie einsetzen muss.","Der Kongress begann im Haushaltsjahr 2005 mit der Finanzierung der Obszönitätsinitiative und legte fest, dass das FBI 10 Agenten für die Erwachsenenpornografie abstellen muss.",0.8433603048324585,0.8473955988883972,0.8453731536865234,0.8606425523757935,0.8625061511993408,0.861573338508606
65,"Robin Uthappa erzielte die höchsten Punkte, 70 Runs in nur 41 Bälle, indem er 11 Vier und 2 Sechse schoss.","Robin Uthappa erreichte die höchste Punktzahl der Innings, 70 Punkte bei nur 41 Bällen, indem er 11 Vierer und 2 Sechser schlug.","Robin Uthappa erzielte den höchsten Innings-Score von 70 Runs in nur 41 Bällen, indem er 11 Vierer und 2 Sechser schlug.",0.9057399034500122,0.8873685598373413,0.8964601159095764,0.9176756143569946,0.892932653427124,0.9051350951194763
66,Die mittleren Batsmanen Sachin Tendulkar und Rahul Dravid haben gut gespielt und eine hundertjährige Partnerschaft zustande gebracht.,"Die Schlagmänner der mittleren Reihe, Sachin Tendulkar und Rahul Dravid, zeigten gute Leistungen und erzielten eine Partnerschaft mit 100 Runs.",Die Mittelordnungsschlagmänner Sachin Tendulkar und Rahul Dravid lieferten eine gute Leistung und erzielten eine Partnerschaft von hundert Runs.,0.8483883142471313,0.8194371461868286,0.8336614966392517,0.8531177043914795,0.8267639875411987,0.8397340774536133
67,"Doch nachdem Indien den Kapitänskugel verlierte, machte Indien nur 36 Pässe, wobei es 7 Pässe verloren hat,","Doch nach dem Verlust des Tors des Kapitäns erzielte Indien nur 36 Runden und verlor 7 Tore, womit die Innings beendet waren.","Aber nach dem Verlust des Wickets des Kapitäns erzielte Indien nur 36 Runs und verlor 7 Wickets, um das Innings zu beenden.",0.7501806020736694,0.754968523979187,0.752566933631897,0.7635700702667236,0.745556652545929,0.7544558644294739
68,Der US-Präsident George W. Bush kam am Vormittag des 16. November in Singapur an und begann eine wöchentliche Reise durch Asien.,Der US-amerikanische Präsident George W. Bush traf am 16. November morgens in Singapur ein und begann eine einwöchige Reise durch Asien.,Der US-Präsident George W. Bush kam am Morgen des 16. November in Singapur an und begann eine einwöchige Asienreise.,0.914173424243927,0.9205105304718018,0.9173310399055481,0.9313554763793945,0.9408445954322815,0.9360759854316711
69,Er wurde von Singapurs stellvertretender Ministerpräsident Wong Kan Seng begrüßt und diskutierte Handels- und Terrorismusfragen mit dem singa,"Er wurde von Wong Kan Seng, dem stellvertretenden Premierminister Singapurs, begrüßt und sprach mit Lee Hsien Loong, dem Premierminister Singapurs, über Handels- und Terrorismusangelegenheiten.","Er wurde vom stellvertretenden Premierminister von Singapur, Wong Kan Seng, begrüßt und diskutierte Handels- und Terrorismusfragen mit dem Premierminister von Singapur, Lee Hsien Loong.",0.8658344745635986,0.8238109946250916,0.8443000912666321,0.89743971824646,0.8549872636795044,0.8756992816925049
70,Nach einer Woche der Verluste bei den Zwischenwahlen erzählte Bush einem Publikum über die Expansion des Handels in Asien.,Nach einer Woche voller Verluste in der Zwischenwahl erzählte Bush dem Publikum von der Ausweitung des Handels in Asien.,Nach einer Woche der Verluste bei den Zwischenwahlen sprach Bush vor einem Publikum über die Ausweitung des Handels in Asien.,0.9433948993682861,0.9292597770690918,0.936273992061615,0.9606053829193115,0.9487302303314209,0.9546309113502502
71,"Premierminister Stephen Harper hat sich darauf geeinigt, den ""Clean Air Act"" der Regierung vor seiner zweiten Lesung an einen parteiübergreifenden Ausschuss","""Premierminister Stephen Harper hat nach einem 25-minütigen Treffen mit NDP-Leader Jack Layton am Dienstag im PMO zugestimmt, den """"Clean Air Act"""" der Regierung an ein Komitee aller Parteien zur Prüfung vor der zweiten Anhörung zu schicken.""","Premierminister Stephen Harper hat zugestimmt, das 'Gesetz über saubere Luft' der Regierung vor der zweiten Lesung einem Ausschuss aller Parteien zur Überprüfung vorzulegen, nach einem 25-minütigen Treffen am Dienstag mit dem NDP-Führer Jack Layton im PMO.",0.7841252088546753,0.7288382649421692,0.7554715871810913,0.7980879545211792,0.7361143827438354,0.7658494710922241
72,Layton hatte während des Treffens mit dem PM um nderungen des Umweltgesetzes der Konservativen ersucht und eine nderung des Umweltgesetzes,Layton hatte während des Treffens mit dem Premierminister Änderungen am Umweltgesetz der Konservativen gefordert und dabei eine „gründliche und vollständige Neufassung“ des Umweltgesetzes der Konservativen Partei verlangt.,"Layton hatte während des Treffens mit dem Premierminister Änderungen an dem Umweltgesetz der Konservativen angefordert und um eine ""gründliche und vollständige Überarbeitung"" des Umweltgesetzes der Konservativen Partei gebeten.",0.8464025259017944,0.7965899109840393,0.8207410573959351,0.84039705991745,0.7830231189727783,0.8106961846351624
73,"Seitdem die Bundesregierung die Finanzierung des Mersey-Krankenhauses in Devonport, Tasmanien, übernommen hat, kritisiert","Nachdem die Bundesregierung eingesprungen ist, um die Finanzierung des Mersey-Krankenhauses in Devonport (Tasmanien) zu übernehmen, haben die Landesregierung und einige Parlamentsmitglieder den Vorgang als PR-Gag im Vorfeld der für November anberaumten Bundeswahl kritisiert.","Seitdem die Bundesregierung die Finanzierung des Mersey-Krankenhauses in Devonport, Tasmanien, übernommen hat, haben die Staatsregierung und einige Bundesabgeordnete diesen Schritt als einen Schachzug im Vorfeld der bis November anberaumten Bundestagswahl kritisiert.",0.8931645750999451,0.7471291422843933,0.8136460781097412,0.9330744743347168,0.773341953754425,0.8457322120666504
74,"Aber Premierminister John Howard hat gesagt, dass es nur darum ging, die Einrichtungen des Krankenhauses vor einer Abwertung durch die Regierung Tasmaniens zu schützen","Premierminister John Howard sagte jedoch, die Maßnahme, 45 Millionen australische Dollar bereitzustellen, diene nur dazu, die Krankenhauseinrichtungen vor einer Herabstufung durch die tasmanische Regierung zu bewahren.","Aber Premierminister John Howard hat gesagt, dass der Akt nur dazu diene, die Einrichtungen des Krankenhauses vor einer Herabstufung durch die tasmanische Regierung zu schützen, indem zusätzliche 45 Millionen AUD bereitgestellt werden.",0.7968358993530273,0.7488757371902466,0.7721117734909058,0.8754011392593384,0.8131588697433472,0.8431328535079956
75,"Laut dem jüngsten Bulletin wurde ein Tsunami erzeugt, und in der Nähe von Pago Pago und Niue gab es eindeutige Tsunamiaktivität","Laut dem aktuellen Bulletin deuteten die Messungen des Meeresspiegels darauf hin, dass ein Tsunami ausgelöst wurde. In der Nähe von Pago Pago und Niue wurde eine eindeutige Tsunami-Aktivität aufgezeichnet.","Laut dem neuesten Bulletin deuten die Messungen des Meeresspiegels darauf hin, dass ein Tsunami erzeugt wurde. Es wurden definitiv Tsunami-Aktivitäten in der Nähe von Pago Pago und Niue aufgezeichnet.",0.8574868440628052,0.7906637191772461,0.8227206468582153,0.8416651487350464,0.7837817668914795,0.8116928339004517
76,"In Tonga wurden keine großen Schäden oder Verletzungen gemeldet, aber die Stromversorgung wurde vorübergehend verloren, was die Behörden Tongans angeblich davon","Es wurden keine nennenswerten Schäden oder Verletzungen aus Tonga vermeldet. Doch der Strom fiel zeitweise aus, was Berichten zufolge der Grund dafür war, dass die tongaischen Behörden die Tsunami-Warnung des PTWC nicht erhalten hatten.","In Tonga wurden keine größeren Schäden oder Verletzungen gemeldet, jedoch fiel zeitweise der Strom aus, was Berichten zufolge die tongaischen Behörden daran hinderte, die vom PTWC ausgegebene Tsunami-Warnung zu erhalten.",0.7986584901809692,0.7312580347061157,0.763473629951477,0.836235761642456,0.7521665096282959,0.7919763326644897
77,"In Hawaii wurden vierzehn Schulen an oder in der Nähe der Küsten geschlossen, trotz der Aufhebung der Warnungen.","Vierzehn Schulen in Hawaii, die an oder in der Nähe von Küsten liegen, waren den ganzen Mittwoch geschlossen, obwohl die Warnungen aufgehoben worden waren.","Vierzehn Schulen in Hawaii, die sich an oder in der Nähe von Küsten befinden, blieben den ganzen Mittwoch geschlossen, obwohl die Warnungen aufgehoben wurden.",0.9029693603515625,0.838391900062561,0.8694831728935242,0.9010621905326843,0.8395459055900574,0.8692169785499573
78,Der US-Präsident George W. Bush begrüßte die Ankündigung.,U.S.-Präsident George W. Bush begrüßte die Bekanntgabe.,Der US-Präsident George W. Bush begrüßte die Ankündigung.,0.9087963104248047,0.9171968698501587,0.9129772782325745,1.0,1.0,1.0
79,"Bush-Sprecher Gordon Johndroe bezeichnete Nordkoreas Versprechen als ""ein großer Schritt hin zu dem Ziel, die überprüfbare Den","""Bush-Sprecher Gordon Johndroe nannte das Versprechen Nordkoreas „einen wichtigen Schritt in Richtung des Ziels, die verifizierbare Entnuklearisierung der koreanischen Halbinsel zu erreichen.""""""","Bush-Sprecher Gordon Johndroe bezeichnete Nordkoreas Verpflichtung als ""einen bedeutenden Schritt auf dem Weg zum Ziel, die überprüfbare Denuklearisierung der koreanischen Halbinsel zu erreichen.""",0.834674060344696,0.7644428610801697,0.7980162501335144,0.8733812570571899,0.7955325841903687,0.8326412439346313
80,"Der zehnte namentliche Sturm der Atlantikküste, Subtropischer Sturm Jerry, bildete sich heute im Atlantik.","Der zehnte Sturm der atlantischen Hurrikan-Saison, der einen Namen erhielt, der subtropische Sturm Jerry, ist heute im Atlantischen Ozean entstanden.","Der zehnte benannte Sturm der atlantischen Hurrikansaison, subtropischer Sturm Jerry, bildete sich heute im Atlantischen Ozean.",0.8592807650566101,0.8020180463790894,0.829662561416626,0.9186539649963379,0.8666751384735107,0.8919078707695007
81,"Das National Hurricane Center (NHC) sagt, dass Jerry an diesem Punkt keine Bedrohung für das Land.","Das National Hurricane Center (NHC) sagt, dass Jerry zu diesem Zeitpunkt keine Gefahr für die Landung darstellt.","Das Nationale Hurrikan-Zentrum (NHC) sagt, dass Jerry zu diesem Zeitpunkt keine Bedrohung für das Land darstellt.",0.9080764055252075,0.9068880081176758,0.9074817895889282,0.9187785387039185,0.8794043064117432,0.8986603021621704
82,"Das U.S. Corps of Engineers schätzte, dass 6 Zoll Regen könnte die zuvor beschädigten Leveen brechen.","Der US-amerikanische Ingenieurskorps schätzte , dass 6 Zoll Regen die schon zuvor beschädigten Dämme brechen lassen könnten.","Das US-Korps der Ingenieure schätzte, dass 6 Zoll Regenfall die zuvor beschädigten Deiche überfluten könnten.",0.8956627249717712,0.8807038068771362,0.8881203532218933,0.8686278462409973,0.8654806613922119,0.8670514822006226
83,"Der neunte Ward, der während des Hurrikans Katrina bis zu 20 Fuß überschwemmte, befindet sich derzeit im Taillenwasser,","Der Ninth Ward, der während des Hurrikans Katrina bis zu 20 Fuß hoch überflutet war, führt derzeit hüfthohes Wasser, da der nahe gelegene Deich überspült wurde.","Der Neunte Bezirk, der während des Hurrikans Katrina Überschwemmungen von bis zu 20 Fuß erlebte, steht derzeit in hüfthohen Wassern, da der nahegelegene Deich übertöpft wurde.",0.8664289712905884,0.8080866932868958,0.8362414240837097,0.8694778680801392,0.7855772972106934,0.8254009485244751
84,Wasser fliesst über die Levee in einem Abschnitt 100 Meter breit.,Auf einem 100 Fuß langen Teilabschnitt läuft Wasser über den Damm.,Wasser läuft über den Deich in einem Abschnitt von 100 Fuß Breite.,0.8124653697013855,0.811288595199585,0.8118764758110046,0.8809370994567871,0.8672889471054077,0.8740597367286682
85,"Der Commons Administrator Adam Cuerden hat seine Frustration über die Löschungen zum Ausdruck gebracht, als er im vergangenen Monat mit Wikinews sprach.","Der Commons-Administrator Adam Cuerden hat seine Enttäuschung über die Entfernungen zum Ausdruck gebracht, als er im letzten Monat mit Wikinews redete.",Der Commons-Administrator Adam Cuerden äußerte letzten Monat gegenüber Wikinews seine Frustration über die Löschungen.,0.9385712146759033,0.92535400390625,0.9319157004356384,0.8570144176483154,0.8904886245727539,0.8734309077262878
86,"""Er [Wales] lügte uns grundsätzlich von Anfang an: Erstens, indem er als ob dies aus rechtlichen Gründen gewesen wäre,","""""""Er [Wales] hat uns im Grunde von Anfang an belogen. Erstens, indem er so tat, als ob dies aus rechtlichen Gründen geschah. Zweitens, indem er so tat, als würde er uns zuhören, bis hin zu seiner Kunstlöschung.""""""","""Er [Wales] hat uns von Anfang an im Grunde genommen angelogen. Zuerst, indem er so tat, als ginge es um rechtliche Gründe. Zweitens, indem er vorgab, uns zuzuhören, bis zu seiner Kunstlöschung.""",0.8138548135757446,0.7325412631034851,0.7710602283477783,0.7842733860015869,0.718908965587616,0.7501700520515442
87,"Die Irritation der Gemeinschaft führte zu aktuellen Bemühungen, eine Politik über sexuelle Inhalte für die Website zu entwerfen, die Millionen offen lizenzierter","Die Irritationen in der Community führten zu den derzeitigen Bemühungen, eine Richtlinie bezüglich sexueller Inhalte für die Website zu entwerfen, die Millionen offen lizenzierter Medien hostet.","Die Irritation innerhalb der Community führte zu den aktuellen Bemühungen, eine Richtlinie bezüglich sexueller Inhalte für die Plattform zu erstellen, die Millionen von offen lizenzierten Medien hostet.",0.8897233009338379,0.851881742477417,0.8703914284706116,0.872905969619751,0.8342322111129761,0.8531310558319092
88,"Die Arbeit war überwiegend theoretisch, aber das Programm wurde geschrieben, um Beobachtungen der Sagittarius Galaxie zu simulieren.","Die Arbeit war größtenteils theoretischer Natur, doch das Programm wurde geschrieben, um Beobachtungen zu simulieren, die von der Sagittarius-Galaxie gemacht wurden.","Die geleistete Arbeit war überwiegend theoretisch, aber das Programm wurde geschrieben, um Beobachtungen der Sagittarius-Galaxie zu simulieren.",0.9577525854110718,0.9101566076278687,0.9333481788635254,0.9846928715705872,0.954071044921875,0.9691401720046997
89,"Der Effekt, den das Team suchte, würde durch Gezeitenkräfte zwischen der dunklen Materie der Galaxie und der dunklen Materie der Milchstraße verursacht werden.","Der Effekt, nach dem das Team suchte, würde von Gezeitenkräften zwischen der dunklen Materie der Galaxie und der dunklen Materie der Milchstraße verursacht werden.","Der Effekt, den das Team suchte, würde durch die Gezeitenkräfte zwischen der dunklen Materie der Galaxie und der dunklen Materie der Milchstraße verursacht werden.",0.9833482503890991,0.9739971160888672,0.9786503314971924,0.9967778921127319,0.9915225505828857,0.9941432476043701
90,"Genauso wie der Mond auf der Erde einen Antrieb ausübt und die Gezeiten verursacht, wirkt die Milchstraße auf die Galaxie Sagittarius.","Genau wie der Mond die Erde anzieht und die Gezeiten verursacht, übt auch die Milchstraße Anziehungskräfte auf die Sagittarius-Galaxie aus.","Genau wie der Mond eine Anziehungskraft auf die Erde ausübt und die Gezeiten verursacht, übt die Milchstraße eine Kraft auf die Sagittarius-Galaxie aus.",0.8873927593231201,0.8475497961044312,0.8670137524604797,0.9176287651062012,0.8845463395118713,0.900783896446228
91,"Die Wissenschaftler konnten zu dem Schluss kommen, dass die dunkle Materie andere dunkle Materie in der gleichen Weise betrifft wie die normale Materie.","Die Wissenschaftler kamen zu dem Schluss, dass die dunkle Materie auf andere dunkle Materie in der gleichen Weise wirkt wie normale Materie.","Die Wissenschaftler konnten feststellen, dass die dunkle Materie andere dunkle Materie auf die gleiche Weise beeinflusst, wie es bei normaler Materie der Fall ist.",0.9382468461990356,0.9529547095298767,0.9455435872077942,0.9070691466331482,0.8806395530700684,0.8936589360237122
92,"Diese Theorie besagt, dass die meisten dunklen Materie um eine Galaxie in einer Art Halo befindet und aus vielen kleinen Partikeln besteht.","Diese Theorie besagt, dass sich der größte Teil der dunklen Materie in einer Art Halo um eine Galaxie befindet und aus vielen kleinen Partikeln besteht.","Diese Theorie besagt, dass die meiste Dunkle Materie um eine Galaxie in einer Art Halo angeordnet ist und aus vielen kleinen Teilchen besteht.",0.9546303749084473,0.9370330572128296,0.9457498788833618,0.939358115196228,0.930983304977417,0.935151994228363
93,"Fernsehberichte zeigen weißen Rauch, der aus der Anlage kommt.","Fernsehberichte zeigen, dass weißer Rauch aus der Anlage entweicht.","Fernsehnachrichten zeigen weißen Rauch, der aus dem Werk kommt.",0.9191609621047974,0.8848786354064941,0.9016940593719482,0.9257386922836304,0.9219251275062561,0.9238279461860657
94,"Die lokalen Behörden warnen die Bewohner in der Nähe der Anlage darauf, innen zu bleiben, Klimaanlagen zu sperren und nicht Wasser zu trinken.","Die lokalen Behörden ermahnen die Einwohner in der Nähe der Anlage dazu, sich innerhalb von Gebäuden aufzuhaltem, Klimaanlagen auszuschalten und kein Leitungswasser zu trinken.","Die örtlichen Behörden warnen die Anwohner in der Umgebung des Werks, drinnen zu bleiben, die Klimaanlagen auszuschalten und kein Leitungswasser zu trinken.",0.9087893962860107,0.860872745513916,0.8841823935508728,0.8943133354187012,0.8690277934074402,0.8814892172813416
95,Laut der japanischen Atomagentur wurden radioaktives Kaesium und Jod in der Anlage identifiziert.,Der Nuklearbehörde von Japan zufolge wurden radioaktives Cäsium und Jod im Atomkraftwerk festgestellt.,Laut der japanischen Nuklearbehörde wurden radioaktives Cäsium und Jod im Kraftwerk identifiziert.,0.8660358190536499,0.8478304147720337,0.8568364381790161,0.9217014312744141,0.9125390648841858,0.9170973896980286
96,"Die Behörden spekulieren, dass dies darauf hindeutet, dass Container mit Uranbrennstoff an der Stelle möglicherweise gebrochen und drosseln.","Die Behörden spekulieren, dass dies darauf hindeutet, dass Behälter mit Uran-Kraftstoff am Standort gerissen sein könnten und eventuell undicht sind.","Die Behörden vermuten, dass dies darauf hindeutet, dass die Behälter mit Uranbrennstoff an dem Standort möglicherweise beschädigt sind und auslaufen.",0.8883323669433594,0.8782534003257751,0.8832641243934631,0.9070215225219727,0.9134684801101685,0.9102335572242737
97,Dr. Tony Moll entdeckte die Extremely Drug Resistant Tuberkulose (XDR-TB) in der südafrikanischen Region KwaZ,Die extrem-arzneimittelresistente Tuberkulose (XDR-TB) wurde von Dr. Tony Moll in der südafrikanischen Region KwaZulu-Natal entdeckt.,Dr. Tony Moll entdeckte die extrem medikamentenresistente Tuberkulose (XDR-TB) in der südafrikanischen Region KwaZulu-Natal.,0.8654736280441284,0.8095912933349609,0.8366003036499023,0.8991527557373047,0.8581556081771851,0.8781759738922119
98,"In einem Interview sagte er, die neue Variante sei ""sehr beunruhigend und alarmierend wegen der sehr hohen Todesrate"".","""In einem Interview sagte er, die neue Variante sei „äußerst beunruhigend und alarmierend aufgrund der sehr hohen Sterblichkeitsrate.""""""","In einem Interview sagte er, die neue Variante sei ""sehr besorgniserregend und alarmierend aufgrund der sehr hohen Sterblichkeitsrate.""",0.9336041212081909,0.8959583044052124,0.9143939018249512,0.9390490055084229,0.90807044506073,0.9232999682426453
99,"Einige Patienten könnten den Fehler im Krankenhaus erkannt haben, so Dr. Moll, und mindestens zwei waren Krankenhaus-Hilfskräfte.","Einige Patienten haben sich möglicherweise im Krankenhaus mit dem Erreger angesteckt, meint Dr. Moll, und mindestens zwei waren medizinische Krankenhausangestellte.","Einige Patienten könnten sich, so Dr. Moll, im Krankenhaus mit dem Virus angesteckt haben, und mindestens zwei davon waren Mitarbeiter im Gesundheitswesen des Krankenhauses.",0.8308690786361694,0.8237009048461914,0.8272694945335388,0.8460006713867188,0.8458263278007507,0.8459134101867676
100,In einem Jahr kann eine infizierte Person 10 bis 15 enge Kontakte infizieren.,Innerhalb eines Jahres kann eine infizierte Person 10 bis 15 enge Kontakte infizieren.,In einem Jahr kann eine infizierte Person 10 bis 15 enge Kontakte anstecken.,0.979733943939209,0.979733943939209,0.979733943939209,0.9684767127037048,0.9515858888626099,0.9599570631980896
101,Dennoch scheint der Anteil an XDR-TB in der gesamten Gruppe von Tuberkulosepatienten nach wie vor gering zu sein; 6.000 von insgesamt 330.000 Menschen,"Trotzdem ist der Anteil an XDR-TB in der gesamten Gruppe der Leute mit Tuberkulose offenbar dennoch gering; 6.000 der insgesamt 330.000 Leute, die in Südafrika zu einem bestimmten Zeitpunkt angesteckt sind.",Die Prozentzahl von XDR-TB in der gesamten Gruppe der Menschen mit Tuberkulose scheint jedoch weiterhin gering zu sein; 6.000 der insgesamt 330.000 zu einem bestimmten Zeitpunkt in Südafrika infizierten Personen.,0.8543410301208496,0.8136947751045227,0.8335227370262146,0.8678008913993835,0.831842839717865,0.8494414687156677
102,"Die beiden Satelliten, die über 1.000 Pfund geworfen hatten und mit etwa 17.500 Meilen pro Stunde unterwegs waren, kollidierten 491 Meil","Die Satelliten, die beide mehr als 1.000 Pfund wogen, kollidierten 491 Meilen über der Erde bei einer ungefähren Fluggeschwindigkeit von 17.500 Meilen pro Stunde.","Die Satelliten, die jeweils über 1.000 Pfund wogen und mit einer Geschwindigkeit von etwa 17.500 Meilen pro Stunde flogen, kollidierten in einer Höhe von 491 Meilen über der Erde.",0.8244925737380981,0.8045982122421265,0.8144239187240601,0.8697848320007324,0.8339254856109619,0.8514777421951294
103,"Wissenschaftler sagen, die Explosion, die durch die Kollision verursacht wurde, war massive.","Wissenschaftler sagen, dass die Explosion, die durch den Zusammenstoß bewirkt wurde, gewaltig war.","Wissenschaftler sagen, dass die Explosion, die durch die Kollision verursacht wurde, gewaltig war.",0.9064058065414429,0.8948839902877808,0.9006080031394958,0.9657459855079651,0.946872353553772,0.956216037273407
104,"Sie versuchen noch immer festzustellen, wie groß der Absturz war und wie die Erde betroffen sein wird.","Sie versuchen immer noch herauszufinden, wie umfangreich der Zusammenstoß war und wie die Erde davon beeinträchtigt werden wird.","Sie versuchen immer noch festzustellen, wie groß der Absturz war und wie die Erde betroffen sein wird.",0.9119517803192139,0.8601022958755493,0.8852684497833252,0.9933071136474609,0.9933071136474609,0.9933071136474609
105,Das US-Staatskommando des US-Verteidigungsministeriums verfolgt den Staub.,Das Strategische Kommando des Verteidigungsministeriums der Vereinigten Staaten macht die Trümmer ausfindig.,Das United States Strategic Command des US-Verteidigungsministeriums überwacht die Trümmer.,0.8490452170372009,0.8179128766059875,0.8331883549690247,0.8856860399246216,0.8757450580596924,0.8806875348091125
106,Das Ergebnis der Plotanalyse wird auf eine öffentliche Website gesendet.,Das Ergebnis der Plotting-Analyse wird auf einer öffentlichen Website publiziert.,Das Ergebnis der Plot-Analyse wird auf einer öffentlichen Website veröffentlicht.,0.8993431925773621,0.8913041353225708,0.8953056335449219,0.8997481465339661,0.9131410121917725,0.9063951373100281
107,"Die amerikanische Regierung hat es in den letzten Jahren geschafft, die amerikanischen Behörden in den letzten Jahren zu entschärfen.","Eine Ärztin, die im Kinderkrankenhaus von Pittsburgh (Pennsylvania) tätig war, wird wegen schweren Mordes angeklagt, nachdem ihre tote Mutter am Mittwoch im Kofferraum ihres Autos entdeckt wurde, sagen Behörden in Ohio.","Eine Ärztin, die im Kinderkrankenhaus von Pittsburgh (Pennsylvania) tätig war, wird wegen schweren Mordes angeklagt, nachdem ihre tote Mutter am Mittwoch im Kofferraum ihres Autos entdeckt wurde, sagen Behörden in Ohio.",0.6578257083892822,0.636224091053009,0.6468446254730225,0.6578257083892822,0.636224091053009,0.6468446254730225
108,"Dr. Malar Balasubramanian, 29, wurde in Blue Ash, Ohio, einem Vorort etwa 15 Meilen nördlich von Cincinnati auf dem Boden neben der","Dr. Malar Balasubramanian, 29, wurde in Blue Ash, Ohio, einem Vorort etwa 15 Meilen nördlich von Cincinnati, am Boden neben der Straße liegend in T-Shirt und Unterwäsche gefunden, scheinbar unter starkem Medikamenteneinfluss.","Dr. Malar Balasubramanian, 29, wurde in Blue Ash, Ohio, einem Vorort etwa 15 Meilen nördlich von Cincinnati, auf dem Boden neben der Straße in einem T-Shirt und Unterwäsche in einem offensichtlich stark medikamentösen Zustand aufgefunden.",0.9289783835411072,0.7767316102981567,0.8460604548454285,0.9360032677650452,0.7950031757354736,0.859760582447052
109,"Sie leitete Offiziere zu ihrer schwarzen Oldsmobile Intrigue, die 500 Meter entfernt war.","Sie führte die Offiziere zu ihrem schwarzen Oldsmobile Intrigue, das 500 Fuß entfernt war.","Sie wies die Beamten auf ihren schwarzen Oldsmobile Intrigue hin, der 500 Fuß entfernt war.",0.9337526559829712,0.9234902858734131,0.928593099117279,0.8962641954421997,0.8634443283081055,0.879548192024231
110,"Dort fand man den Leichnam Saroja Balasubramanian, 53 Jahre alt, überdeckt mit blutbefleckten Decken.","Dort fand man die Leiche von Saroja Balasubramanian, 53, unter blutverschmierten Decken.","Dort fand man die Leiche von Saroja Balasubramanian, 53, unter blutverschmierten Decken.",0.8769348859786987,0.9044569730758667,0.8904833197593689,0.8769347667694092,0.9044569730758667,0.8904832601547241
111,"Die Polizei hat gesagt, dass der Körper seit etwa einem Tag dort zu sein schien.","Die Polizei sagte, der Körper schien seit etwa einem Tag dort gelegen zu haben.","Die Polizei sagte, dass der Körper anscheinend schon etwa einen Tag dort lag.",0.9124513268470764,0.9188019037246704,0.9156156182289124,0.8758421540260315,0.8623970150947571,0.8690675497055054
112,Die ersten Fälle der Krankheit in dieser Saison wurden Ende Juli gemeldet.,Die ersten Fälle der Krankheit dieser Saison wurden Ende Juli gemeldet.,Die ersten Fälle der Krankheit in dieser Saison wurden Ende Juli gemeldet.,0.9749146699905396,0.9857873320579529,0.980320930480957,1.0,1.0,1.0
113,"Die Krankheit wird von Schweinen getragen, die dann durch Moskitos auf den Menschen migrieren.",Die Krankheit wird von Schweinen übertragen und wandert dann durch Mücken zum Menschen.,"Die Krankheit wird von Schweinen übertragen, die dann durch Moskitos auf den Menschen übergehen.",0.8318656086921692,0.8564125299453735,0.8439605832099915,0.9382944107055664,0.9471381902694702,0.9426955580711365
114,"Der Ausbruch hat die indische Regierung dazu veranlasst, Maßnahmen wie die Entsendung von Schweinefängern in schwer betroffenen Gebieten, die Verbreit","Der Ausbruch der Krankheit veranlasste die indische Regierung dazu, in stark betroffenen Gebieten Schweinefänger zu beauftragen, tausende Moskitonetze zu verteilen sowie Pflanzenschutzmittel zu versprühen.","Der Ausbruch hat die indische Regierung dazu veranlasst, Maßnahmen wie den Einsatz von Schweinefängern in schwer betroffenen Gebieten, die Verteilung von Tausenden von Moskitonetzen und das Sprühen von Pestiziden zu ergreifen.",0.8038144111633301,0.758588433265686,0.7805469036102295,0.8942080736160278,0.8327533602714539,0.8623872995376587
115,"Mehrere Millionen Viren des Enzephalitis-Impfstoffs wurden auch von der Regierung versprochen, was zur Vorbereitung der Gesundheitsbehörden für das nächste Jahr beitragen","Die Regierung hat auch mehrere Millionen Fläschchen Impfstoff gegen Gehirnentzündung versprochen, die helfen werden, die Gesundheitsämter für das nächste Jahr zu wappnen.","Mehrere Millionen Ampullen des Enzephalitis-Impfstoffs wurden ebenfalls von der Regierung versprochen, was den Gesundheitsbehörden bei der Vorbereitung auf das nächste Jahr helfen wird.",0.7750872373580933,0.7616368532180786,0.7683032155036926,0.9120489954948425,0.898678183555603,0.9053142666816711
116,"Die Pläne, Impfstoffe in diesem Jahr an die historisch am stärksten betroffenen Gebiete zu liefern, wurden aufgrund fehlender Mittel und geringe","Pläne für Impfstoffe, die in diesem Jahr in die historisch am stärksten betroffenen Gebiete geliefert werden sollten, verzögerten sich aufgrund fehlender Mittel und niedriger Prioritätensetzung im Vergleich zu anderen Krankheiten.",Die Pläne für die Lieferung von Impfstoffen in die historisch am stärksten betroffenen Gebiete in diesem Jahr wurden aufgrund von Geldmangel und einer niedrigen Priorisierung im Vergleich zu anderen Krankheiten verzögert.,0.8703182935714722,0.7824414372444153,0.8240436315536499,0.8385219573974609,0.774219810962677,0.805088996887207
117,"1956 zog Sania nach Schweden, wo er drei Jahre später für die schwedische Post anfing und ihren Hauptgraver wurde.","1956 ging Słania nach Schweden, wo er drei Jahre später anfing, im Büro der Schwedischen Post zu arbeiten und er wurde dort der leitende Graveur.","Im Jahr 1956 zog Słania nach Schweden, wo er drei Jahre später für die schwedische Post zu arbeiten begann und deren Hauptgraveur wurde.",0.8697935342788696,0.8238853216171265,0.8462172746658325,0.9287819862365723,0.8962258100509644,0.9122135639190674
118,Er produzierte mehr als 1.000 Stempel für Schweden und 28 andere Länder.,Er stellte über 1.000 Briefmarken für Schweden und 28 weitere Länder her.,Er hat über 1.000 Briefmarken für Schweden und 28 andere Länder produziert.,0.9147295355796814,0.9062559008598328,0.9104729890823364,0.9136687517166138,0.912634015083313,0.9131510853767395
119,"Seine Arbeit ist von so anerkannter Qualität und Detail, dass er einer der wenigen ""Haushaltsnamen"" unter den Philatelisten ist.","Die Qualität und Präzision seiner Arbeit werden so hoch geschätzt, dass sein Name zu den sehr wenigen allgemein bekannten Namen im Bereich der Philatelie zählt. Manche Sammler sind ausschließlich auf seine Arbeit spezialisiert.","Seine Arbeiten sind von so anerkanntem Qualitäts- und Detailreichtum, dass er zu den ganz wenigen ""Hausnamen"" unter den Philatelisten gehört. Einige spezialisieren sich sogar darauf, nur seine Werke zu sammeln.",0.7784870266914368,0.7383840084075928,0.7579054236412048,0.8967585563659668,0.7908005714416504,0.8404531478881836
120,"Sein 1.000. Stempel war die großartige ""Große Taten von Schwedischen Königen"" von David Klöcker Ehrenstrahl im Jahr 2000, die","Seine tausendste Briefmarke, aus dem Jahr 2000,  zeigt das prächtige Gemälde „Rühmliche Heldentaten schwedischer Könige“ von David Klöcker Ehrenstrahl und ist im Guinness-Buch der Rekorde verzeichnet.","Seine 1.000ste Briefmarke war das großartige ""Große Taten schwedischer Könige"" von David Klöcker Ehrenstrahl im Jahr 2000, das im Guinness-Buch der Rekorde aufgeführt ist.",0.7882229685783386,0.7458178997039795,0.7664342522621155,0.8877295851707458,0.8313782811164856,0.8586302995681763
121,"Er war auch in der Gravierung von Banknoten für viele Länder, jüngste Beispiele seiner Arbeit einschließlich der Premierminister Porträts an der Front der neuen kanadischen",Er war auch am Stechen von Geldscheinen für viele Länder beteiligt. Aktuelle Beispiele seiner Arbeit schließen die Premierministerportraits auf der Vorderseite der kanadischen 5- und 100-Dollarnoten ein.,"Er war auch an der Gravur von Banknoten für viele Länder beteiligt, wobei aktuelle Beispiele seiner Arbeit die Porträts der Premierminister auf der Vorderseite der neuen kanadischen 5-Dollar- und 100-Dollar-Scheine sind.",0.8008787631988525,0.7484814524650574,0.7737940549850464,0.8394184112548828,0.7590238451957703,0.7971993684768677
122,"Nach dem Unfall wurde Gibson in ein Krankenhaus transportiert, aber kurz danach starb.","Nach dem Unfall wurde Gibson in ein Krankenhaus gebracht, er verstarb jedoch kurz darauf.","Nach dem Unfall wurde Gibson in ein Krankenhaus gebracht, starb jedoch kurz danach.",0.9499923586845398,0.9456984996795654,0.9478405117988586,0.9595227837562561,0.9667066335678101,0.9631012678146362
123,"Der LKW-Fahrer, der 64 Jahre alt ist, wurde beim Absturz nicht verletzt.","Der LKW-Fahrer, der 64 Jahre alt ist, wurde bei dem Unfall nicht verletzt.",Der 64-jährige Lkw-Fahrer wurde bei dem Unfall nicht verletzt.,0.9706940054893494,0.972765326499939,0.9717286229133606,0.8686789870262146,0.9066573977470398,0.8872619867324829
124,Das Fahrzeug selbst wurde am selben Tag um 1200 GMT vom Unfallort entfernt.,Das Fahrzeug selbst wurde vom Unfallort ungefähr um 12:00 Uhr GMT am selben Tag weggebracht.,Das Fahrzeug selbst wurde am selben Tag gegen 12:00 Uhr GMT von der Unfallstelle entfernt.,0.9214358329772949,0.8799253702163696,0.9002023339271545,0.9408416152000427,0.9052376747131348,0.9226962924003601
125,"Eine Person, die in einer Garage in der Nähe des Unfalls arbeitet, sagte: ""Es gab Kinder, die auf der Straße warten, und sie alle schrieen und","Eine Person, die in einer Werkstatt in der Nähe des Unfallortes arbeitete, sagte: „Es gab Kinder, die darauf warteten, die Straße zu überqueren, und alle schrien und weinten.“","Eine Person, die in einer Garage in der Nähe des Unfallorts arbeitet, sagte: „Es waren Kinder da, die darauf warteten, die Straße zu überqueren, und sie schrien und weinten alle.“",0.9057194590568542,0.8672585487365723,0.8860718011856079,0.9091500043869019,0.8614180088043213,0.884640634059906
126,"Sie alle zogen zurück, wo der Unfall stattgefunden hatte.",Sie alle rannten zurück vom Unfallort.,"Sie rannten alle zurück zu dem Ort, wo der Unfall passiert war.",0.7826660871505737,0.8458070755004883,0.8130124807357788,0.874983549118042,0.8567670583724976,0.8657795190811157
127,"Andere Themen, die auf der Tagesordnung von Bali stehen, sind die Rettung der verbleibenden Wälder der Welt und der Austausch von Technologien, um den Entwicklungsländer","Weitere Themen auf der Tagesordnung in Bali sind die Rettung der noch verbliebenen Wälder der Welt und die gemeinsame Nutzung von Technologien, die den Entwicklungsländern helfen sollen, auf weniger umweltschädliche Weise zu wachsen.","Andere Themen auf der Agenda in Bali sind der Schutz der verbleibenden Wälder der Welt und der Austausch von Technologien, um Entwicklungsländern zu helfen, auf weniger umweltschädliche Weise zu wachsen.",0.8695454597473145,0.8070879578590393,0.837153434753418,0.8493410348892212,0.8007274866104126,0.8243181705474854
128,"Die USA hoffen außerdem, einen Fonds abzuschließen, der Ländern, die von der globalen Erwärmung betroffen sind, dabei hilft, die Auswirkungen zu be","Die Vereinten Nationen hoffen zudem, einen Fonds einrichten zu können, der den von der globalen Erwärmung betroffenen Ländern helfen soll, mit den Auswirkungen fertig zu werden.","Die UN hofft auch, einen Fonds abzuschließen, um Ländern, die von der globalen Erwärmung betroffen sind, zu helfen, mit den Auswirkungen umzugehen.",0.8660182356834412,0.8444231152534485,0.8550843596458435,0.8913233280181885,0.8841796517372131,0.8877371549606323
129,"Das Geld könnte in Überschwemmungshäuser, besseres Wassermanagement und eine Diversifizierung der Kulturen fließen.","Die Mittel könnte man für hochwassersichere Häuser, eine bessere Wasserverwaltung und Nutzpflanzendiversifizierung verwenden.","Das Geld könnte für hochwasserfeste Häuser, eine bessere Wasserbewirtschaftung und die Diversifizierung der Kulturen verwendet werden.",0.7909196615219116,0.7999582886695862,0.7954133152961731,0.8746790885925293,0.8977017402648926,0.8860409259796143
130,"Fluke schrieb, dass die Bemühungen einiger, Frauen davon abzuhalten, über die Gesundheit von Frauen zu sprechen, erfolglos waren.","Fluke schrieb, dass die Anstrengungen einiger, Frauen, die über die Gesundheit von Frauen sprechen wollten, zu übertönen, nicht erfolgreich waren.","Fluke schrieb, dass die Bemühungen mancher, Frauen daran zu hindern, über Frauengesundheit zu sprechen, erfolglos waren.",0.8775177001953125,0.8846927285194397,0.8810906410217285,0.9245368838310242,0.9185246229171753,0.921521008014679
131,"Sie kam zu dieser Schlussfolgerung aufgrund der Vielzahl von positiven Kommentaren und Ermutigungen, die ihr sowohl von Frauen als auch von Männern ges","Zu dieser Schlussfolgerung kam sie aufgrund der zahlreichen positiven Kommentare und der Ermutigung, die sie sowohl von Männern als auch von Frauen erhielt, die darauf drängten, dass Verhütungsmittel als medizinische Notwendigkeit angesehen werden sollten.","Sie kam zu diesem Schluss aufgrund der Vielzahl positiver Kommentare und Ermutigungen, die sowohl von Frauen als auch von Männern an sie gesendet wurden, in denen sie forderten, dass Verhütungmedikamente als medizinische Notwendigkeit betrachtet werden.",0.8648342490196228,0.7583831548690796,0.8081182241439819,0.8665895462036133,0.7473987340927124,0.8025930523872375
132,"Als die Kämpfe aufhörten, nachdem die Verwundeten ins Krankenhaus transportiert wurden, blieben etwa 40 der übrigen Häftlinge im Hof und","Als die Kämpfe nach dem Transport der Verwundeten ins Krankenhaus aufhörten, blieben etwa 40 der übrigen Insassen auf dem Hof ​​und weigerten sich, in ihre Zellen zurückzukehren.","Als das Kämpfen aufhörte, nachdem die Verwundeten ins Krankenhaus gebracht worden waren, blieben etwa 40 der anderen verbliebenen Insassen im Hof und weigerten sich, in ihre Zellen zurückzukehren.",0.8640997409820557,0.8113471865653992,0.8368929624557495,0.8890469670295715,0.8186511397361755,0.8523980975151062
133,"Die Verhandlungsführer haben versucht, die Situation zu korrigieren, aber die Forderungen der Gefangenen sind nicht klar.","Die Verhandlungsführer versuchten, die Situation zu entschärfen, aber die Forderungen der Häftlinge sind unklar.","Die Verhandler versuchten, die Situation zu bereinigen, aber die Forderungen der Gefangenen sind unklar.",0.9211360812187195,0.9141280651092529,0.9176186919212341,0.9155580997467041,0.9202218055725098,0.9178840517997742
134,Zwischen 22.00 und 21.00 Uhr wurde ein Feuer von den Inhaftierten im Hof gestartet.,Zwischen 22:00 und 11:00 Uhr MDT wurde von den Insassen im Hof ein Feuer gelegt.,Zwischen 22:00 und 11:00 Uhr MDT wurde von den Insassen im Hof ein Feuer gelegt.,0.9026466608047485,0.9071460962295532,0.904890775680542,0.9026466608047485,0.9071460962295532,0.904890775680542
135,Bald kamen die mit Ausrüstung ausgestatteten Offiziere in den Hof ein und riefen die Inhaftierten mit Tränengas ein.,"Bald betraten Polizisten, die mit Schutzanzügen ausgerüstet waren, das Gelände und drängten die Insassen mit Tränengas in die Ecke.","Bald betraten Polizisten, die mit Schutzanzügen ausgerüstet waren, das Gelände und drängten die Insassen mit Tränengas in die Ecke.",0.8369309902191162,0.8131056427955627,0.8248463273048401,0.8369309902191162,0.8131056427955627,0.8248463273048401
136,Die Feuerwehr hat das Feuer schließlich um 23:35 Uhr zerstört.,Die Feuerwehr konnte das Feuer schließlich um 23:35 Uhr löschen.,Die Feuerwehren löschten das Feuer schließlich um 23:35 Uhr.,0.9594293236732483,0.9304671287536621,0.944726288318634,0.9286754727363586,0.9001924395561218,0.9142121076583862
137,"Nach dem Bau des Damms 1963 wurden die saisonalen Überschwemmungen, die Sedimente durch den Fluss verbreiten würden, gestoppt","Nachdem der Damm 1963 erbaut worden war, kamen die jahreszeitlichen Überflutungen, die Sedimente im Fluss verteilen, zum Stillstand.","Nach dem Bau des Damms im Jahr 1963 wurden die saisonalen Überschwemmungen, die Sedimente entlang des Flusses verbreiteten, gestoppt.",0.8271274566650391,0.8086642026901245,0.8177916407585144,0.9225002527236938,0.9125008583068848,0.917473316192627
138,"Diese Sedimente waren notwendig, um Sandbars und Strände zu schaffen, die als Lebensraum für Tiere dienten.","Dieses Sediment war nötig, um Sandbänke und Strände zu bilden, die als Lebensräume für Wildtiere dienten.","Dieser Schlamm war notwendig, um Sandbänke und Strände zu schaffen, die als Lebensräume für Wildtiere dienten.",0.9364913702011108,0.9156311750411987,0.9259437918663025,0.9289720058441162,0.9194381237030029,0.9241805076599121
139,"Infolgedessen sind zwei Fischarten ausgerottet, und zwei andere sind gefährdet, darunter der Humpbackchub.","Infolgedessen sind zwei Fischarten ausgestorben und zwei weitere sind vom Aussterben bedroht, darunter der Gila cypha.","Infolgedessen sind zwei Fischarten ausgestorben, und zwei weitere sind bedroht, darunter der Buckelkopf-Quellfisch.",0.8593428134918213,0.8531076908111572,0.8562139272689819,0.8981755971908569,0.8980286121368408,0.8981021046638489
140,"Obwohl die Wassermenge nach der Überschwemmung nur wenige Meter steigen wird, hoffen die Beamten, dass es ausreichen wird, um die","Die Behörden hoffen, dass der Anstieg des Wasserpegels nach der Flut ausreicht, um erodierte Sandbänke flussabwärts wiederherzustellen, obwohl er nur wenige Fuß beträgt.","Obwohl der Wasserspiegel nach der Flut nur um ein paar Fuß steigen wird, hoffen die Beamten, dass es ausreicht, um die erodierten Sandbänke flussabwärts wiederherzustellen.",0.7711111307144165,0.7228536009788513,0.7462030053138733,0.8781111836433411,0.8032610416412354,0.8390200734138489
141,"Es wurde keine Tsunami-Warnung ausgegeben, und laut der Geophysikagentur Jakarta wird keine Tsunami-Warnung ausgestellt, da das Beben","Es wurde keine Tsunami-Warnung ausgegeben und laut der Geophysikbehörde von Jakarta wird es auch keine Tsunami-Warnung geben, da das Erdbeben die dafür notwendige Stärke von 6,5 nicht erreichte.","Es wurde keine Tsunami-Warnung ausgegeben, und laut der geophysikalischen Behörde von Jakarta wird keine Tsunami-Warnung ausgegeben, da das Erdbeben nicht die Magnitude von 6,5 erfüllt hat.",0.8984780311584473,0.8101307153701782,0.852020263671875,0.8953123688697815,0.8188731670379639,0.8553884625434875
142,"Obwohl es keine Tsunami-Drohung gab, begannen die Bewohner in Panik und begannen, ihre Geschäfte und Häuser zu verlassen.","Obwohl es keine Tsunami-Gefahr gab, gerieten die Einwohner in Panik und begannen ihre Unternehmen und Häuser zu verlassen.","Trotz der Tatsache, dass keine Tsunami-Gefahr bestand, begannen die Bewohner in Panik zu geraten und verließen ihre Geschäfte und Häuser.",0.9270356893539429,0.9450384378433228,0.935950517654419,0.8982935547828674,0.877169132232666,0.8876057267189026
143,"Obwohl Winfrey in ihrem Abschied reißig war, machte sie ihren Fans klar, dass sie zurückkehren wird.","Obwohl Winfrey bei ihrem Abschied Tränen vergoss, versicherte sie ihren Fans, dass sie zurückkommen werde.","Obwohl Winfrey bei ihrem Abschied weinerlich war, machte sie ihren Fans klar, dass sie zurückkommen wird.",0.9062663316726685,0.8803098797798157,0.8930994868278503,0.9621628522872925,0.9621628522872925,0.9621628522872925
144,"""Dies wird kein Abschied sein, sondern die Schließung eines Kapitels und die Eröffnung eines neuen Kapitels.""",„Dies wird kein Abschied sein. Dies ist das Ende eines Kapitels und der Beginn eines neuen Kapitels.“,"""Das wird kein Abschied sein. Das ist der Abschluss eines Kapitels und die Eröffnung eines neuen.""",0.8500688672065735,0.8850967288017273,0.8672292828559875,0.8621773719787598,0.9007368683815002,0.8810354471206665
145,"Die endgültigen Ergebnisse der Präsidentschafts- und Parlamentswahlen in Namibia haben gezeigt, dass der amtierende Präsident, Hifikepunye Pohamba,","Die Endergebnisse der Präsidenten- und Parlamentswahlen in Namibia haben angedeutet, dass der amtierende Präsident Hifikepunye Pohamba mit großem Abstand wiedergewählt wurde.","Die endgültigen Ergebnisse der namibischen Präsidentschafts- und Parlamentswahlen haben gezeigt, dass der amtierende Präsident Hifikepunye Pohamba mit großem Abstand wiedergewählt wurde.",0.8901448249816895,0.8376160860061646,0.8630819320678711,0.9109050035476685,0.8580093383789062,0.8836663365364075
146,"Auch die regierende Partei, die Volksorganisation Südwestafrika (SWAPO), hat bei den Parlamentswahlen eine Mehrheit erhalten.","Die regierende Partei, die South West Africa People's Organisation (SWAPO), behielt bei den Parlamentswahlen desgleichen eine Stimmenmehrheit.","Die regierende Partei, die Südwestafrika-Volksorganisation (SWAPO), behielt ebenfalls eine Mehrheit bei den Parlamentswahlen.",0.882814347743988,0.8606235980987549,0.8715777397155762,0.9468174576759338,0.9375718235969543,0.9421719908714294
147,"Die Koalitions- und afghanischen Truppen zogen in die Region, um den Standort zu sichern, und andere Koalitionsflugzeuge wurden","Truppen der Koalition und afghanische Truppen rückten in das Gebiet ein, um den Standort zu sichern, und andere Flugzeuge der Koalition wurden zur Unterstützung entsandt.","Die Koalition und afghanische Truppen sind in das Gebiet eingezogen, um den Standort zu sichern, und andere Koalitionsflugzeuge wurden gesendet, um zu helfen.",0.8866868019104004,0.8419774770736694,0.8637539148330688,0.9132224321365356,0.869215726852417,0.8906758427619934
148,Der Absturz ereignete sich hoch oben im Gebirge und wird als das Ergebnis feindlicher Feuer vermutet.,"Der Absturz ereignete sich hoch oben in bergigem Gelände, und es wird vermutet, dass er das Ergebnis von feindlichem Beschuss war.",Der Absturz ereignete sich hoch in einem bergigen Gelände und wird als Folge feindlichen Feuers angesehen.,0.90485680103302,0.8563439846038818,0.8799322247505188,0.9235487580299377,0.9148799180984497,0.9191938638687134
149,"Die Bemühungen, nach dem Absturzplatz zu suchen, werden durch schlechtes Wetter und hartes Gelände bewältigt.",Die Bemühungen bei der Suche nach der Absturzstelle werden durch schlechtes Wetter und unwegsames Gelände erschwert.,"Die Bemühungen, den Absturzort zu suchen, stoßen auf schlechtes Wetter und raues Gelände.",0.8824678659439087,0.8995358943939209,0.890920102596283,0.8777019381523132,0.9058029651641846,0.8915309906005859
150,"Die Gesundheitsorganisation Mangola, Medecines Sans Frontieres und die Weltgesundheitsorganisation sagen, dass es der schlimmste Ausbruch des Landes ist.","Der medizinische Wohlfahrtsverband Mangola, Medecines Sans Frontieres und die Weltgesundheitsorganisation erklären, dass dies der schlimmste Ausbruch ist, der im Land aufgezeichnet wurde.","Die medizinische Organisation Mangola, Ärzte ohne Grenzen und die Weltgesundheitsorganisation sagen, dass es der schlimmste Ausbruch ist, der im Land dokumentiert wurde.",0.9378170371055603,0.8735731244087219,0.9045558571815491,0.9232561588287354,0.884490430355072,0.9034575819969177
151,"Der Sprecher von Medecines Sans Frontiere Richard Veerman sagte: ""Angola steuert auf den schlimmsten Ausbruch aller Zeiten und die Lage in An","""Richard Veerman, Sprecher von Ärzte ohne Grenzen, sagte: „Angola steuert auf den schlimmsten Ausbruch aller Zeiten zu, und die Lage in Angola ist nach wie vor sehr schlecht.""""""","Der Sprecher von Ärzte ohne Grenzen, Richard Veerman, sagte: ""Angola steuert auf einen seiner schlimmsten Ausbrüche zu, und die Situation bleibt in Angola sehr schlecht.""",0.8562431931495667,0.7966787815093994,0.8253877758979797,0.8287128210067749,0.802000105381012,0.8151376843452454
152,"Die Spiele begannen um 10:00 Uhr mit tollem Wetter und abseits der Frühbrunnen, die sich schnell auflösen, war es ein perfekter Tag für","Die Spiele starteten um 10:00 Uhr bei großartigem Wetter und außer etwas Nieselregen am Vormittag, der sich schnell verzog, war es ein idealer Tag für 7er-Rugby.","Die Spiele begannen um 10:00 Uhr bei großartigem Wetter und abgesehen von einem kurzen Nieselregen am Vormittag, der schnell vorbeizog, war es ein perfekter Tag für 7er Rugby.",0.8335504531860352,0.8115724921226501,0.8224146366119385,0.8449035882949829,0.8194624781608582,0.8319886326789856
153,"Turnier Top Samen Südafrika startete auf der rechten Note, als sie einen komfortablen 26 - 00 Sieg gegen das fünfte Sambia.","Südafrika, der Top-Platzierte des Turniers, begann mit einem komfortablen 26 : 00-Sieg gegen Sambia, den fünftplatzierten.","Die topgesetzten Südafrikaner im Turnier starteten mit einem positiven Auftakt, als sie einen komfortablen 26:00-Sieg gegen die fünftgesetzten Sambia erzielten.",0.8087619543075562,0.7810628414154053,0.7946710586547852,0.860594630241394,0.8069634437561035,0.8329165577888489
154,Im Spiel gegen ihre südlichen Schwestern sah sich Südafrika jedoch im Laufe des Turniers stetig verbessert.,"Obwohl die Mannschaft im Spiel gegen ihre südlichen Schwestern definitiv eingerostet wirkte, verbesserte sich Südafrika im Verlauf des Turniers stetig.","Im Spiel gegen ihre südlichen Schwestern sah Südafrika zwar entschieden rostig aus, verbesserte sich jedoch stetig, je weiter das Turnier voranschritt.",0.9003881216049194,0.8340994119644165,0.8659770488739014,0.8692730665206909,0.7794020771980286,0.8218880891799927
155,"Ihre disziplinierte Verteidigung, die Ballhandhabung und die ausgezeichnete Teamarbeit machten sie heraus und es war klar, dass dies das Team war,","Ihre disziplinierte Abwehr, Ballkontrolle und exzellentes Teamwork zeichneten sie aus und machten klar, dass dies das Team war, das man besiegen musste.","Ihre disziplinierte Verteidigung, ihre Ballbehandlungskompetenz und hervorragende Teamarbeit hoben sie hervor, und es war klar, dass dies das Team war, das man schlagen musste.",0.836007833480835,0.7993835210800171,0.8172855973243713,0.8912227153778076,0.8400679230690002,0.8648896217346191
156,"Beamte der Stadt Amsterdam und des Anne-Frank-Museums sagen, dass der Baum mit einem Pilz infiziert ist und eine Gefahr für die öffentliche Gesundheit darstellt,","Beamte der Stadt Amsterdam und des Anne-Frank-Museums geben an, dass der Baum mit einem Pilz infiziert ist und eine Gefahr für die öffentliche Gesundheit darstellt, da er jederzeit umfallen könne.","Beamte der Stadt Amsterdam und des Anne Frank Museums erklären, dass der Baum mit einem Pilz infiziert ist und eine Gesundheitsgefahr für die Öffentlichkeit darstellt, da sie argumentieren, dass er in unmittelbarer Gefahr ist, umzukippen.",0.9615899324417114,0.9077337980270386,0.9338860511779785,0.918798565864563,0.8416687250137329,0.8785440325737
157,"Sie wurde am Dienstag gekürzt, wurde aber nach einem Notfallgerichtsurteil gerettet.","Er hätte am Dienstag gefällt werden sollen, wurde aber durch einen Notfallgerichtsentscheid gerettet.","Es war für Dienstag geplant, gefällt zu werden, wurde aber nach einer einstweiligen gerichtlichen Anordnung gerettet.",0.914091944694519,0.8884284496307373,0.9010775089263916,0.8334823846817017,0.790477991104126,0.8114107847213745
158,"Alle Höhleneingänge, die ""Die sieben Schwestern"" genannt wurden, sind mindestens 100 bis 250 Meter (328 bis 820 Meter) Durchmesser.","Alle Höhleneingänge, auch „Die Sieben Schwestern“ genannt, haben einen Durchmesser von mindestens 100 bis 250 Metern (328 bis 820 Fuß).","Alle Eingänge der Höhlen, die ""Die Sieben Schwestern"" genannt werden, haben einen Durchmesser von mindestens 100 bis 250 Metern (328 bis 820 Fuß).",0.910139799118042,0.900911808013916,0.9055023193359375,0.9197568297386169,0.9037564396858215,0.9116864800453186
159,"Infrarotbilder zeigen, dass die Temperaturschwankungen von Nacht und Tag zeigen, dass sie wahrscheinlich Höhlen sind.","Infrarotbilder zeigen Temperaturunterschiede zwischen Nacht und Tag, die darauf hinweisen, dass es sich dabei wahrscheinlich um Höhlen handelt.","Infrarotbilder zeigen, dass die Temperaturschwankungen zwischen Nacht und Tag darauf hindeuten, dass es sich wahrscheinlich um Höhlen handelt.",0.8870269060134888,0.8433338403701782,0.8646287322044373,0.9426930546760559,0.8882360458374023,0.9146547317504883
160,"""Sie sind kühler als die umliegende Oberfläche im Tag und wärmer in der Nacht.","""""""Sie sind am Tag kälter als die umliegende Oberfläche und in der Nacht wärmer.""","""Sie sind tagsüber kühler als die umgebende Oberfläche und nachts wärmer.""",0.9024785757064819,0.8868677616119385,0.8946051001548767,0.8698471784591675,0.8550723791122437,0.8623964786529541
161,"Ihr thermisches Verhalten ist nicht so stabil wie große Höhlen auf der Erde, die oft eine relativ konstante Temperatur aufrechterhalten, aber es ist","""Ihr thermisches Verhalten ist nicht so gleichmäßig wie das großer Höhlen auf der Erde, die oft eine ziemlich konstante Temperatur haben, aber es stimmt damit überein, dass es sich um tiefe Löcher im Boden handelt"""", sagte Glen Cushing vom Astrogeologie-Team des United States Geological Survey (USGS) und der Northern Arizona University in Flagstaff, Arizona.""","„Ihr thermisches Verhalten ist nicht so stabil wie das großer Höhlen auf der Erde, die oft eine ziemlich konstante Temperatur aufrechterhalten, aber es ist konsistent damit, dass es sich um tiefe Löcher im Boden handelt“, sagte Glen Cushing vom Astrogeology-Team des United States Geological Survey (USGS) und der Northern Arizona University in Flagstaff, Arizona.",0.8517282009124756,0.693122923374176,0.7642838358879089,0.906798243522644,0.7243835926055908,0.805391252040863
162,"In Frankreich war die Stimmabgabe traditionell eine Low-Tech-Erfahrung: Wähler isolieren sich in einem Stand, legen ein vorgedrucktes","In Frankreich ist die Stimmabgabe traditionell eine Low-Tech-Erfahrung: Die Wähler isolieren sich in einer Kabine und stecken ein vorgedrucktes Blatt Papier, auf dem der Kandidat ihrer Wahl eingetragen ist, in einen Umschlag.","In Frankreich ist die Stimmabgabe traditionell ein technologiearmer Prozess: Wähler ziehen sich in eine Kabine zurück und legen einen vorgedruckten Zettel, der ihren bevorzugten Kandidaten anzeigt, in einen Umschlag.",0.9106813669204712,0.8180104494094849,0.8618620038032532,0.8455990552902222,0.7785974740982056,0.8107162714004517
163,"Nachdem die Beamten die Identität des Wählers überprüfen, zieht der Wähler den Umschlag in die Wahlurne und unterschreibt die Abstimmungsrolle","Nachdem die Beamten die Identität des Wählers bestätigt haben, wirft der Wähler den Umschlag in die Wahlurne und unterschreibt die Wählerliste.","Nachdem die Beamten die Identität des Wählers überprüft haben, wirft der Wähler den Umschlag in die Wahlurne und unterschreibt im Wählerverzeichnis.",0.9099791049957275,0.9257469177246094,0.9177952408790588,0.9132325053215027,0.9138389229774475,0.9135355949401855
164,Das französische Wahlrecht kodifiziert das Verfahren eher streng.,Das französische Wahlgesetz legt den Ablauf ziemlich streng fest.,Das französische Wahlrecht kodifiziert die Verfahren recht streng.,0.8442857265472412,0.8412061929702759,0.8427431583404541,0.9613159894943237,0.9613159894943237,0.9613159894943237
165,"Seit 1988 müssen die Wahlurnen transparent sein, damit die Wähler und Beobachter feststellen können, dass zu Beginn der Abstimmung keine Umschläge vorhanden sind und dass keine Um","Seit 1988 müssen Wahlurnen transparent sein, damit Wähler und Beobachter bezeugen können, dass zu Beginn der Wahl keine Umschläge vorhanden sind und dass keine Umschläge eingeworfen werden, außer jene der ordnungsgemäß gezählten und autorisierten Wähler.","Seit 1988 müssen die Wahlurnen transparent sein, damit Wähler und Beobachter sehen können, dass zu Beginn der Abstimmung keine Umschläge vorhanden sind und dass keine Umschläge hinzugefügt werden, außer denjenigen der ordnungsgemäß gezählten und autorisierten Wähler.",0.8966497182846069,0.7986173629760742,0.8447990417480469,0.9112460017204285,0.8161376714706421,0.8610735535621643
166,"Die Kandidaten können Vertreter entsenden, um jeden Teil des Prozesses zu bezeugen.","Die Kandidaten können Vertreter senden, die jedem Teil des Vorgangs als Zeugen beiwohnen. Am Abend werden die Stimmen von Freiwilligen unter strenger Aufsicht und nach speziellen Verfahren ausgezählt.","Kandidaten können Vertreter entsenden, um jeden Teil des Prozesses zu beobachten. Am Abend werden die Stimmen von Freiwilligen unter strenger Aufsicht gezählt, und zwar nach festgelegten Verfahren.",0.8105912208557129,0.7336260080337524,0.7701905965805054,0.9108536243438721,0.7883235216140747,0.8451706171035767
167,"ASUS Eee PC, früher weltweit für kostensparende und Funktionsfaktoren eingeführt, wurde 2007 zu einem heissen Thema Taipei IT Month.","Der ASUS Eee PC, zuvor weltweit auf Basis von Spar- und Funktionalitätsfaktoren auf den Markt gebracht, wurde auf der Messe 2007 Taipei IT Month zum heißen Thema.","ASUS Eee PC, das weltweit wegen seiner Kostenersparnis und Funktionalität eingeführt wurde, wurde 2007 ein heißes Thema während des Taipei IT Month.",0.8718739151954651,0.8290789127349854,0.8499380946159363,0.854385495185852,0.8366485238075256,0.8454239964485168
168,"Aber der Konsummarkt auf Laptop-Computer wird radikal variiert und verändert werden, nachdem ASUS im 2007 Taiwan Sustainable Award von Executive Yuan der Republik China","Aber der Verbrauchermarkt für Laptop-Computer wird sich radikal verändern, nachdem ASUS von Manager Yuan aus der Republik China mit dem Taiwan Sustainable Award 2007 ausgezeichnet wurde.","Aber der Verbrauchermarkt für Laptop-Computer wird sich radikal verändern, nachdem ASUS 2007 den Taiwan Sustainable Award von der Exekutive Yuan der Republik China erhalten hat.",0.8655781745910645,0.8531728982925415,0.8593307733535767,0.8777734041213989,0.8634283542633057,0.8705418109893799
169,"Die Website des Senders beschreibt die Show als ""alte Schule Radio-Theater mit einer neuen und ungeheuerlichen geeky spin!""",Die Website des Senders beschreibt die Show als „Radiotheater alter Schule mit einer neuen und unheimlichen schrägen Interpretation!“,"Die Webseite des Senders beschreibt die Show als ""klassisches Hörspiel mit einem neuen und ausgefallenen geekigen Twist!""",0.8612996339797974,0.8700057864189148,0.8656308054924011,0.8799591064453125,0.8793438076972961,0.8796513676643372
170,"In den frühen Tagen wurde die Show ausschließlich auf der langjährigen Internet-Radio-Site TogiNet Radio, einer Website, die sich auf Talk-Radio konzentriert.","In ihren frühen Tagen wurde die Show nur auf der altgedienten Internetradioseite TogiNet Radio gezeigt, eine Site, die den Schwerpunkt auf Talkradio legt.","In den frühen Tagen wurde die Show ausschließlich auf der langjährigen Internetradio-Website TogiNet Radio präsentiert, einer Seite, die sich auf Talkradio konzentriert.",0.8696509003639221,0.8652744889259338,0.8674572110176086,0.9445335865020752,0.9359445571899414,0.9402194619178772
171,Ende 2015 gründete TogiNet AstroNet Radio als Tochterstation.,Ende 2015 gründete TogiNet die Nebenstation AstroNet Radio.,Ende 2015 gründete TogiNet AstroNet Radio als Tochterstation.,0.9329437017440796,0.9329437017440796,0.9329437017440796,0.9999999403953552,0.9999999403953552,0.9999999403953552
172,"Die Show enthielt ursprünglich Amateur-Stimmen, lokal in East Texas.",Die Sendung hatte ursprünglich lokale Amateursynchronsprecher aus Ost-Texas.,Die Show präsentierte ursprünglich Amateur-Synchronsprecher aus Osttexas.,0.8295671939849854,0.7961044907569885,0.8124914765357971,0.8187777996063232,0.7777004241943359,0.7977107167243958
173,"Es hat sich angeblich über Nacht verbreitet, da die Strafverfolgungsbeamten nicht auf den Straßen von Bischkek anwesend waren.","Berichten zufolge dauerten ausgedehnte Plünderungen die Nacht über an, während Polizeibeamte keine Präsenz auf den Straßen Bischkeks zeigten.","Berichten zufolge dauerten ausgedehnte Plünderungen die Nacht über an, während Polizeibeamte keine Präsenz auf den Straßen Bischkeks zeigten.",0.7597890496253967,0.7529540061950684,0.7563561201095581,0.7597890496253967,0.7529540061950684,0.7563561201095581
174,"Bischkek wurde von einem Beobachter als ein Zustand der ""Anarchie"" beschrieben, als Menschenbanden die Straßen durchquerten und Geschäfte mit Kon","""Der Beschreibung eines Beobachters zufolge verfiel Bischkek mehr und mehr in einen Zustand der „Anarchie"""", als Banden von Menschen durch die Straßen zogen und Konsumgüterläden plünderten.""","Bischkek wurde von einem Beobachter als in einen Zustand der ""Anarchie"" sinkend beschrieben, da Gruppen von Menschen durch die Straßen zogen und Geschäfte mit Konsumgütern plünderten.",0.8109109401702881,0.7628282308578491,0.7861350774765015,0.8744387626647949,0.8268471360206604,0.8499773144721985
175,Mehrere Einwohner von Bischkek haben Demonstranten aus dem Süden für die Gesetzlosigkeit verantwortlich gemacht.,Mehrere Einwohner von Bishkek gaben den Demonstranten aus dem Süden die Schuld an der Gesetzlosigkeit.,Mehrere Bewohner von Bischkek machten die Demonstranten aus dem Süden für das Gesetzlosigkeit verantwortlich.,0.9250267744064331,0.917745053768158,0.921371579170227,0.9489856362342834,0.9524351954460144,0.9507073163986206
176,Südafrika hat die All Blacks (Neuseeland) in einem Trinitätsspiel der Rugbyunion im Royal Bafokeng Stadium in Rustenburg,Südafrika hat die All Blacks (Neuseeland) in einem Rugby-Union-Match im Drei-Nationen-Turnier im Royal-Bafokeng-Stadion im südafrikanischen Rustenburg besiegt.,"Südafrika hat die All Blacks (Neuseeland) in einem Rugby-Union-Tri-Nationen-Spiel im Royal Bafokeng Stadion in Rustenburg, Südafrika, besiegt.",0.8603295683860779,0.7765063047409058,0.8162716627120972,0.8797110915184021,0.825228214263916,0.8515990972518921
177,"Das Finale war ein Ein-Punkte-Sieg, 21 bis 20 folgte dem 15-Spiel-Sieg der All Blacks.","Der Endstand war ein Sieg mit einem Punkt Vorsprung von 21 zu 20, der die Erfolgsserie der All Blacks von 15 Spielen beendete.","Das Endergebnis war ein Sieg mit einem Punkt, 21 zu 20, und beendete die 15 Spiele währende Siegesserie der All Blacks.",0.766665518283844,0.746378481388092,0.7563859820365906,0.7796236872673035,0.7571709156036377,0.7682332396507263
178,Für die Springboks endete es mit einer Verlierstreifen von fünf Spielen.,Für die Springboks endete eine fünf Spiele lange Verlustserie.,Für die Springboks beendete es eine Niederlagenserie von fünf Spielen.,0.8169750571250916,0.8561726808547974,0.8361147046089172,0.869999349117279,0.9075936079025269,0.8883990049362183
179,"Es war das letzte Spiel für die All Blacks, die bereits vor zwei Wochen die Trophäe gewonnen hatten.","Es war das letzte Spiel für die All Blacks, welche die Trophäe bereits zwei Wochen zuvor gewonnen hatten.","Es war das letzte Spiel für die All Blacks, die den Pokal bereits vor zwei Wochen gewonnen hatten.",0.9534425735473633,0.9548635482788086,0.954152524471283,0.9347062706947327,0.967174768447876,0.9506633877754211
180,"Das Finalspiel der Serie findet nächste Woche in Ellis Park in Johannesburg statt, wenn die Springboks Australien spielen.","Das Endspiel des Turniers wird nächste Woche im Ellis-Park-Stadion in Johannesburg stattfinden, bei dem die Springboks auf Australien treffen.","Das entscheidende Spiel der Serie findet nächste Woche im Ellis Park in Johannesburg statt, wenn die Springboks gegen Australien antreten.",0.911454975605011,0.8733003735542297,0.8919697999954224,0.9429435729980469,0.9125164747238159,0.9274805188179016
181,Ein moderates Erdbeben erschütterte den Westen Montanas am Montag um 22:08 Uhr.,Ein mittleres Erdbeben erschütterte am Montag um 22:08 Uhr den Westen Montanas.,Ein moderates Erdbeben erschütterte das westliche Montana am Montag um 22:08 Uhr.,0.9655026197433472,0.9655026197433472,0.9655026197433472,0.9631441831588745,0.9753636717796326,0.969215452671051
182,Der Geologische Survey der Vereinigten Staaten (USGS) und sein Nationales Erdbebeninformationszentrum haben keine sofortigen Meldungen über Schäden erhalten.,Keine unmittelbaren Berichte über Schäden gingen beim United States Geological Survey (USGS) und dem dazugehörigen National Earthquake Information Center ein.,Es liegen keine unmittelbaren Berichte über Schäden beim United States Geological Survey (USGS) und seinem National Earthquake Information Center vor.,0.7974790334701538,0.795243501663208,0.7963597178459167,0.8114240169525146,0.8314637541770935,0.8213216662406921
183,Das Erdbeben wurde etwa 20 km nördlich-nordöstlich von Dillon und etwa 65 km südlich von Butte zentriert,Das Zentrum des Erdbebens befand sich etwa 20 km (15 Meilen) nordnordöstlich von Dillon und etwa 65 km (40 Meilen) südlich von Butte.,Das Erdbeben hatte sein Epizentrum etwa 20 km nordnordöstlich von Dillon und etwa 65 km südlich von Butte.,0.8403031826019287,0.7731668949127197,0.8053383231163025,0.8726710081100464,0.8394584655761719,0.8557425737380981
184,"Die Vogelgrippe tödlich für den Menschen, H5N1, wurde bestätigt, dass sie eine tote Wildente infiziert hat, die am Montag in","Es wurde bestätigt, dass die für Menschen tödliche Vogelgrippe H5N1 eine Wildente infiziert hat, die am Montag in einem Sumpfgebiet in der Nähe von Lyon im Osten Frankreichs tot aufgefunden wurde.","Die für Menschen tödliche Vogelgrippe, H5N1, wurde bestätigt und hat eine tote Wildente infiziert, die am Montag in einem Feuchtgebiet nahe Lyon im Osten Frankreichs gefunden wurde.",0.8365268707275391,0.7653980255126953,0.799383282661438,0.8777575492858887,0.8196240663528442,0.8476952910423279
185,"Frankreich ist das siebte Land in der Europäischen Union, das dieses Virus leidet, nach sterreich, Deutschland, Slowenien, Bulgari","Frankreich ist das siebte Land der Europäischen Union, das dieses Virus durchleidet; nach Österreich, Deutschland, Slowenien, Bulgarien, Griechenland und Italien.","Frankreich ist das siebte Land in der Europäischen Union, das von diesem Virus betroffen ist; nach Österreich, Deutschland, Slowenien, Bulgarien, Griechenland und Italien.",0.8670764565467834,0.8752987384796143,0.8711682558059692,0.8656442165374756,0.8709365129470825,0.8682823181152344
186,Angebliche Fälle von H5N1 in Kroatien und Dänemark bleiben unbestätigend.,Verdachtsfälle von H5N1 in Kroatien und Dänemark bleiben unbestätigt.,Verdächtige Fälle von H5N1 in Kroatien und Dänemark bleiben ungekräuft.,0.9447830319404602,0.9445197582244873,0.9446514248847961,0.9358763098716736,0.9202684164047241,0.9280067682266235
187,"Kammern hatte Gott für ""widespread death, destruction and terrorization of millions upon millions of the Earth's inhabitants"" verklagt.","Chambers verklagte Gott wegen „weitverbreitetem Tod, Zerstörung und Terrorisierung von vielen Millionen Erdbewohnern“.","Chambers verklagte Gott wegen „weitverbreitetem Tod, Zerstörung und Terrorisierung von vielen Millionen Erdbewohnern“.",0.7915657162666321,0.7800732851028442,0.7857774496078491,0.7915657162666321,0.7800734043121338,0.7857776284217834
188,"Chambers, ein Agnostik, argumentiert, dass sein Prozess ""frivol"" ist und ""jemand kann jemanden verklagen"".","Chambers, ein Agnostiker, argumentiert, dass seine Klage „frivol“ sei und dass „jeder jeden verklagen kann“.","Chambers, ein Agnostiker, argumentiert, dass seine Klage ""grotesk"" sei und ""jeder jeden verklagen kann.""",0.8576130867004395,0.8600778579711914,0.8588437438011169,0.8851693868637085,0.8876297473907471,0.8863978981971741
189,"Die in der französischen Oper von Camille Saint-Saens präsentierte Geschichte ist von einem Künstler ""dessen Leben durch die Liebe zu Drogen und Japan","Die Geschichte, die in der französischen Oper von Camille Saint-Saens vorgestellte wurde, handelt von einem Künstler, „dessen Leben von der Liebe zu Drogen und Japan bestimmt ist“.","Die in der französischen Oper von Camille Saint-Saëns präsentierte Geschichte handelt von einem Künstler, dessen Leben von einer Liebe zu Drogen und Japan bestimmt ist.",0.8722863793373108,0.8190418481826782,0.8448259830474854,0.8775314688682556,0.8564096689224243,0.8668419122695923
190,"Infolgedessen rauchen die Aussteller Cannabis-Gelenke auf der Bühne, und das Theater selbst ermutigt das Publikum, sich anzuschließen.",Deshalb rauchen die Darsteller auf der Bühne Cannabisjoints und das Theater selbst ermutigt das Publikum zum Mitmachen.,"Infolge dessen rauchen die Darsteller Cannabis-Joints auf der Bühne, und das Theater selbst ermutigt das Publikum, mitzumachen.",0.8422324061393738,0.8731790781021118,0.8574265837669373,0.9243541359901428,0.9377306699752808,0.9309943318367004
191,"Der ehemalige House Speaker Newt Gingrich, der texanische Gouverneur Rick Perry und die Kongressabgeordnete Michele Bachmann standen vierter,","Der ehemalige Sprecher des Repräsentantenhauses Newt Gingrich, der texanische Gouverneur Rick Perry und die Kongressabgeordnete Michele Bachmann erreichten jeweils den vierten, fünften und sechsten Platz.","Der ehemalige Sprecher des Repräsentantenhauses Newt Gingrich, der texanische Gouverneur Rick Perry und die Kongressabgeordnete Michele Bachmann belegten die Plätze vier, fünf und sechs.",0.9140603542327881,0.8613762259483337,0.886936604976654,0.9124444723129272,0.8631851673126221,0.8871315717697144
192,"Nachdem die Ergebnisse erzielt wurden, lobte Gingrich Santorum, hatte aber harte Worte für Romney, in dessen Namen negative Wahlkampfanzeigen in Iowa","Nachdem die Ergebnisse vorlagen, lobte Gingrich Santorum, fand aber harte Worte für Romney, in dessen Namen in Iowa negative Kampagnenwerbung gegen Gingrich ausgestrahlt worden war.","Nach den eingegangenen Ergebnissen lobte Gingrich Santorum, hatte jedoch harte Worte für Romney, dessen negative Wahlwerbung in Iowa gegen Gingrich geschaltet wurde.",0.8492773771286011,0.8104358911514282,0.8294021487236023,0.8360224962234497,0.8078393936157227,0.8216893076896667
193,"Perry erklärte, er würde ""nach Texas zurückkehren, um die Ergebnisse der heutigen Caucus zu beurteilen, festzustellen, ob es","""Perry erklärte, er werde „nach Texas zurückkehren, um das Ergebnis der Vorwahl von heute Abend auszuwerten und zu entscheiden, ob es in diesem Rennen einen weiterführenden Weg für mich gibt"""", aber sagte später, er werde im Rennen bleiben und bei den Vorwahlen in South Carolina am 21. Januar antreten.""","Perry erklärte, dass er ""nach Texas zurückkehren würde, um die Ergebnisse des heutigen Caucus zu bewerten und festzustellen, ob es einen Weg für mich in diesem Rennen gibt"", fügte jedoch später hinzu, dass er im Rennen bleiben und an den Vorwahlen in South Carolina am 21. Januar teilnehmen würde.",0.7971621155738831,0.7107005715370178,0.7514525055885315,0.8500795364379883,0.7392705678939819,0.7908122539520264
194,"Bachmann, der im August die Ames Straw Poll gewonnen hat, beschloss, ihre Kampagne zu beenden.","Bachmann, die im August die Ames-Probeumfrage gewann, beschloss, ihren Wahlkampf zu beenden.","Bachmann, die im August die Ames Straw Poll gewonnen hatte, entschied sich, ihre Kampagne zu beenden.",0.8729804158210754,0.8772048950195312,0.8750876188278198,0.9793816804885864,0.9744549989700317,0.9769120812416077
195,"Der Fotograf wurde nach Ronald Reagan UCLA Medical Center transportiert, wo er später starb.","Der Fotograf wurde in das Ronald Reagan UCLA Medical Center gebracht, wo er anschließend verstarb.","Der Fotograf wurde zum Ronald Reagan UCLA Medical Center transportiert, wo er anschließend starb.",0.959369421005249,0.955199658870697,0.9572799801826477,0.9824144840240479,0.9824144840240479,0.9824144840240479
196,"In einer Erklärung sagte Bieber: ""[w]hile ich war nicht anwesend oder direkt mit diesem tragischen Unfall beteiligt, meine Gedanken und Gebete","Berichten zufolge war er in seinen 20er Jahren. In einer Stellungnahme sagte Bieber: „Obwohl ich bei diesem tragischen Unfall weder anwesend noch direkt an ihm beteiligt war, sind meine Gedanken und Gebete bei der Familie des Opfers“.","Er war Berichten zufolge in seinen 20ern. In einer Erklärung sagte Bieber: ""[w]ährend ich nicht anwesend war und nicht direkt mit diesem tragischen Unfall zu tun hatte, sind meine Gedanken und Gebete bei der Familie des Opfers.""",0.8119865655899048,0.7664735317230225,0.7885738611221313,0.8653035759925842,0.7719388008117676,0.8159591555595398
197,"Entertainment News Website TMZ versteht, dass der Fotograf sein Fahrzeug auf der anderen Seite des Sepulveda Boulevards gestoppt und versuchte, Bilder von der Polizei","Die Unterhaltungsnachrichten-Webseite TMZ hat erfahren, dass der Fotograf sein Fahrzeug auf der anderen Seite des Sepulveda Boulevards anhielt und versuchte, Fotos von der Polizeikontrolle zu machen, bevor er die Straße überquerte und weitermachte, was den Polizeibeamten der California Highway Patrol, der die Verkehrskontrolle durchführte, veranlasste, ihn zweimal zurück über die Straße zu beordern.","Die Unterhaltungsnachrichten-Website TMZ berichtet, dass der Fotograf sein Fahrzeug auf der anderen Seite des Sepulveda Boulevards anhielt und versuchte, Bilder von der Polizeikontrolle zu machen, bevor er die Straße überquerte und fortfuhr. Dies veranlasste den Polizeibeamten der California Highway Patrol, der die Verkehrskontrolle durchführte, ihn zweimal zurückzuordnen.",0.8473895192146301,0.7095910906791687,0.7723925113677979,0.8586479425430298,0.7182372808456421,0.7821913361549377
198,"Laut Polizei ist der Fahrer des Fahrzeugs, das den Fotografen getroffen hat, unwahrscheinlich, dass er strafrechtliche Anklage erheben wird.","Laut Polizei wird der Fahrer des Fahrzeugs, das den Fotografen angefahren hat, wahrscheinlich nicht angeklagt werden.","Laut Polizei wird der Fahrer des Fahrzeugs, das den Fotografen angefahren hat, voraussichtlich nicht mit strafrechtlichen Maßnahmen konfrontiert.",0.7967321276664734,0.8647667169570923,0.8293565511703491,0.8352674245834351,0.8470748662948608,0.8411296606063843
199,Mit nur achtzehn Medaillen pro Tag haben einige Länder das Medaillen-Pokal nicht erreicht.,"Da pro Tag nur achtzehn Medaillen zur Verfügung stehen, hat es ein Anzahl an Ländern nicht auf das Podium geschafft.","Mit nur achtzehn Medaillen, die pro Tag zur Verfügung stehen, haben mehrere Länder es nicht geschafft, auf das Medaillepodium zu kommen.",0.8373898863792419,0.7726495265960693,0.8037180304527283,0.887762188911438,0.7864514589309692,0.8340415358543396
200,"Dazu gehören die Niederlande, Anna Jochemsen, die gestern neunte in der Damenklasse im Super-G und Finnland, Katja Saarinen,","Dazu gehören die Niederlande, wo Anna Jochemsen gestern im Super-G den neunten Platz im Stand der Damen belegte, und Finnland mit Katja Saarinen, die im selben Wettbewerb den zehnten Platz belegte.","Sie umfassen die Niederlande, wo Anna Jochemsen im gestrigen Super-G den neunten Platz in der Dameneinstiegsklasse belegte, und Finnland, wo Katja Saarinen in derselben Veranstaltung den zehnten Platz erreichte.",0.8254528045654297,0.7730093598365784,0.7983708381652832,0.8021228909492493,0.7442224025726318,0.7720886468887329
201,Der Australier Mitchell Gourley hat sich elft in der men's standing Super-G gewann. Der tschechische Konkurrent Oldrich Jelinek,Der Australier Mitchell Gourley wurde Elfter im stehenden Super-G der Männer. Der tschechische Konkurrent Oldrich Jelinek wurde Sechzehnter im sitzenden Super-G der Männer.,Der Australier Mitchell Gourley belegte den elften Platz im stehenden Herren-Super-G. Der tschechische Wettkämpfer Oldrich Jelinek belegte den sechszehnten Platz im sitzenden Herren-Super-G.,0.8322291374206543,0.8161419034004211,0.8241071105003357,0.7881186008453369,0.7740720510482788,0.781032145023346
202,Arly Velasquez von Mexiko endete fünfzehnte in der Herrensitzung Super-G. New Zealand's Adam Hall endete neu,Der Mexikaner Arly Velasquez kam beim Super-G der Herren (sitzend) als fünfzehnter ins Ziel. Der Neuseeländer Adam Hall kam beim Super-G der Herren (stehend) als neunter ins Ziel.,Arly Velasquez aus Mexiko belegte den fünfzehnten Platz im Sitzen Herren-Super-G. Der Neuseeländer Adam Hall erreichte den neunten Platz im Stehenden Herren-Super-G.,0.7374390959739685,0.6946550607681274,0.7154080271720886,0.7773137092590332,0.7531931400299072,0.7650633454322815
203,Der polnische Sehbehinderte Maciej Krezel und die Führerin Anna Ogarzynska standen dreizehnt im Super-G.,Der sehbehinderte polnische Skifahrer Maciej Krezel und die Begleitläuferin Anna Ogarzynska belegten im Super-G den dreizehnten Platz. Der Südkoreaner Jong Seork Park belegte im Super-G der Männer den vierundzwanzigsten Platz.,"Der polnische Skifahrer für sehbehinderte Männer, Maciej Krezel, und seine Führerin Anna Ogarzynska belegten im Super-G den dreizehnten Platz. Der Südkoreaner Jong Seork Park wurde im Super-G der Männer im Sitzen vierundzwanzigster.",0.8559945225715637,0.7596190571784973,0.8049322962760925,0.8553193807601929,0.7621278762817383,0.8060389161109924
204,"Die UN-Friedenstruppen, die nach dem Erdbeben 2010 in Haiti angekommen sind, werden für die Ausbreitung der Krankheit verantwortlich gemacht, die in der","Die UN-Friedenstruppen, die in Haiti nach dem Erdbeben des Jahres 2010 eintrafen, werden für die Ausbreitung der Krankheit verantwortlich gemacht, die in der Nähe des Lagers der Truppe ausbrach.","UN-Blauhelme, die nach dem Erdbeben von 2010 in Haiti angekommen sind, werden für die Ausbreitung der Krankheit verantwortlich gemacht, die in der Nähe des Lagers der Truppen begann.",0.9110217094421387,0.8513835668563843,0.8801935911178589,0.9074629545211792,0.865909218788147,0.8861992359161377
205,"Laut dem Prozess wurde Abfall aus dem UN-Lager nicht ordnungsgemäß bereinigt, was Bakterien in den Fluss Artibonite, einer der größten","Der Klage zufolge wurde der Abfall aus dem UN-Lager nicht ordnungsgemäß gesäubert, was dazu führte, dass Bakterien in den Zufluss des Artibonit-Flusses, einem der größten Flüsse Haitis, gelangten.","Laut der Klage wurde der Abfall aus dem UN-Camp nicht ordnungsgemäß desinfiziert, wodurch Bakterien in den Nebenfluss des Artiboniteflusses gelangten, eines der größten Flüsse Haitis.",0.8478421568870544,0.7821103930473328,0.8136508464813232,0.8602385520935059,0.8118312358856201,0.8353342413902283
206,Vor der Ankunft der Truppen hatte Haiti seit den 1800er Jahren keine Probleme mit der Krankheit.,Vor der Ankunft der Truppen waren in Haiti seit den 1800er Jahren keine Probleme im Zusammenhang mit der Krankheit aufgetreten.,Vor dem Eintreffen der Truppen hatte Haiti seit dem 19. Jahrhundert keine Probleme mehr mit der Krankheit gehabt.,0.9552977681159973,0.8990887403488159,0.9263412952423096,0.9376667737960815,0.8866576552391052,0.911449134349823
207,"Das haitianische Institut für Gerechtigkeit und Demokratie hat unabhängige Studien erwähnt, die darauf hinweisen, dass das nepalesische UN-","Das haitianische Institut für Gerechtigkeit und Demokratie hat auf unabhängige Studien verwiesen, die nahelegen, dass das nepalesische UN-Friedensbataillon die Krankheit unwissentlich nach Haiti eingeschleppt hat.","Das Haitianische Institut für Justiz und Demokratie hat unabhängige Studien zitiert, die darauf hindeuten, dass das nepalesische UN-Friedenssicherungsbataillon die Krankheit unwissentlich nach Haiti gebracht hat.",0.8852897882461548,0.7747516632080078,0.8263404369354248,0.8736469745635986,0.7875013947486877,0.8283405303955078
208,"Danielle Lantagne, ein UN-Experte für die Krankheit, erklärte, dass der Ausbruch wahrscheinlich von den Friedenstruppen verursacht wurde.","Danielle Lantagne, ein UN-Experte für die Krankheit, stellte fest, dass der Ausbruch vermutlich von den Blauhelmen verursacht wurde.","Danielle Lantagne, eine UN-Expertin für die Krankheit, erklärte, dass der Ausbruch wahrscheinlich durch die Friedenstruppen verursacht wurde.",0.956663966178894,0.9522404670715332,0.9544470906257629,0.9871522188186646,0.9871522188186646,0.9871522188186646
209,"Hamilton bestätigte, dass das Howard University Hospital den Patienten in einem stabilen Zustand zugelassen hat.","Hamilton bestätigte, dass das Krankenhaus der Howard University den Patienten in stabilem Zustand aufgenommen hat.","Hamilton bestätigte, dass das Howard University Hospital den Patienten in stabilem Zustand aufgenommen hat.",0.9456363916397095,0.9423940777778625,0.944012463092804,0.9648112654685974,0.9723407030105591,0.9685613512992859
210,"Der Patient war in Nigeria, wo einige Fälle des Ebola-Virus aufgetreten sind.","Der Patient hatte sich in Nigeria aufgehalten, wo einige Fälle des Ebolavirus auftraten.","Der Patient war in Nigeria, wo einige Fälle des Ebola-Virus aufgetreten sind.",0.9196112155914307,0.9011266827583313,0.9102751016616821,0.9999998807907104,0.9999998807907104,0.9999998807907104
211,"Das Krankenhaus hat das Protokoll zur Infektionskontrolle eingehalten, einschließlich der Trennung des Patienten von anderen, um mögliche Infektionen anderer zu","Das Krankenhaus befolgte Protokolle zum Infektionsschutz, einschließlich der Trennung des Patienten von anderen, um die Infektion Dritter zu vermeiden.","Das Krankenhaus hat das Protokoll zur Infektionskontrolle befolgt, einschließlich der Trennung des Patienten von anderen, um eine mögliche Infektion anderer zu verhindern.",0.8579709529876709,0.8392754793167114,0.8485202789306641,0.9342740774154663,0.9090328216552734,0.9214805960655212
212,Vor den Simpsons hatte Simon an mehreren Shows in verschiedenen Positionen gearbeitet.,Vor den Simpsons hatte Simon an mehreren Shows in verschiedenen Funktionen gearbeitet.,"Bevor die Simpsons begann Simon, an mehreren Shows in verschiedenen Positionen zu arbeiten.",0.9906527996063232,0.9906527996063232,0.9906527996063232,0.9285570979118347,0.8934012651443481,0.9106400609016418
213,"In den 1980er Jahren arbeitete er an Shows wie Taxi, Cheers und The Tracy Ullman Show.","In den 1980er Jahren arbeitete er an Shows wie „Taxi“, „Cheers“ und „Die Tracey Ullman Show“.","In den 1980er Jahren arbeitete er an Shows wie Taxi, Cheers und The Tracy Ullman Show.",0.9292898774147034,0.8497616052627563,0.8877481818199158,0.9999998807907104,0.9999998807907104,0.9999998807907104
214,Im Jahr 1989 arbeitete er mit Brooks und Groening zusammen und war verantwortlich für die Einstellung des ersten Schriftteams der Show.,1989 half er Brooks und Groening bei der Erschaffung von „Die Simpsons“ und war verantwortlich für die Einstellung des ersten Autorenteams der Sendung.,"Im Jahr 1989 half er, Die Simpsons zusammen mit Brooks und Groening zu erschaffen und war verantwortlich für die Einstellung des ersten Autoren-Teams der Show.",0.9013336896896362,0.8606845736503601,0.8805402517318726,0.9308955669403076,0.864366888999939,0.8963984847068787
215,Trotz Verlassen der Show 1993 hielt er den Titel des Exekutivproduzenten und erhielt weiterhin Zehn Millionen Dollar pro Saison an Lizenzgebühren,"Obwohl er die Show 1993 verließ, behielt er den Titel des Chefproduzenten und erhielt weiterhin in jeder Saison Lizenzgebühren in zweistelliger Millionenhöhe.",Trotz seines Ausscheidens aus der Show im Jahr 1993 behielt er den Titel des ausführenden Produzenten und erhielt weiterhin in jeder Saison Zehntausende von Dollar an Lizenzgebühren.,0.8397018909454346,0.8243748545646667,0.8319677710533142,0.8612548112869263,0.8261440992355347,0.8433341383934021
216,"Früher berichtete die chinesische Nachrichtenagentur Xinhua, ein Flugzeug sei entführt worden.",Zuvor meldete die chinesische Nachrichtenagentur Xinhua die geplante Entführung eines Flugzeugs.,"Früher berichtete die chinesische Nachrichtenagentur Xinhua, dass ein Flugzeug entführt worden sei.",0.8711428046226501,0.8768450021743774,0.8739845752716064,0.9822825789451599,0.9783783555030823,0.9803265929222107
217,"Später wurde berichtet, dass das Flugzeug eine Bombendrohung erhielt und nach Afghanistan zurückgelenkt und in Kandahar landete.","Spätere Berichte gaben dann an, das Flugzeug habe eine Bombendrohung erhalten und sei nach Afghanistan umgeleitet worden, wo es in Kandahar gelandet sei.","Später berichteten dann die Meldungen, dass das Flugzeug eine Bombendrohung erhalten hatte und nach Afghanistan umgeleitet wurde, wo es in Kandahar landete.",0.882370114326477,0.850184440612793,0.8659783005714417,0.9173647165298462,0.8942398428916931,0.9056547284126282
218,"Die frühen Berichte besagen, dass das Flugzeug nach Afghanistan zurückgelenkt wurde, nachdem es eine Notlandung in Ürümqi verweigert","Erste Berichte besagen, dass das Flugzeug zurück nach Afghanistan umgeleitet wurde, nachdem ihm die Notlandung in Ürümqi verweigert wurde.","Die frühen Berichte besagen, dass das Flugzeug nach Afghanistan umgeleitet wurde, nachdem ihm eine Notlandung in Ürümqi verweigert wurde.",0.9021453857421875,0.9054113030433655,0.9037754535675049,0.9168127179145813,0.9208288788795471,0.9188163876533508
219,"Luftunfälle sind im Iran verbreitet, der eine alternde Flotte hat, die sowohl für zivile als auch für militärische Operationen unzureichen","Flugunfälle sind im Iran, der über eine veraltete Flotte verfügt, die sowohl für zivile als auch für militärische Einsätze schlecht gewartet wird, häufig.","Luftunfälle sind im Iran häufig, da die Flotte alt ist und sowohl für zivile als auch für militärische Einsätze schlecht gewartet wird.",0.8359199166297913,0.8145362138748169,0.8250895142555237,0.8180285692214966,0.8221023082733154,0.8200603723526001
220,"Internationale Sanktionen haben dazu geführt, dass neue Flugzeuge nicht gekauft werden können.","Internationale Sanktionen haben bewirkt, dass keine neuen Flugzeuge gekauft werden können.","Internationale Sanktionen haben dazu geführt, dass neue Flugzeuge nicht gekauft werden können.",0.9475415945053101,0.9377031922340393,0.9425967335700989,1.0,1.0,1.0
221,Anfang dieser Woche hat ein Polizeihubschrauberabsturz drei Menschen getötet und drei weitere verletzt.,Bei einem Hubschrauberabsturz zu Beginn der Woche wurden drei Menschen getötet und drei weitere verletzt.,"Anfang dieser Woche stürzte ein Polizeihubschrauber ab, wobei drei Menschen ums Leben kamen und drei weitere verletzt wurden.",0.8980797529220581,0.8988935947418213,0.8984864950180054,0.8867819309234619,0.860775887966156,0.8735854029655457
222,"Im vergangenen Monat erlebte der Iran seine schlimmste Luftkatastrophe seit Jahren, als ein Flugzeug nach Armenien abstürzte und die 168 an","Letzten Monat erfuhr Iran sein schlimmstes Flugzeugunglück seit Jahren, als ein Passagierflugzeug auf dem Weg nach Armenien abstürzte und dabei alle 168 Passagiere ums Leben kamen.","Letzten Monat erlebte der Iran die schlimmste Luftfahrtkatastrophe seit Jahren, als ein Flugzeug auf dem Weg nach Armenien abstürzte und dabei alle 168 Personen an Bord ums Leben kamen.",0.8170762062072754,0.7685344219207764,0.7920622825622559,0.8722302913665771,0.8232810497283936,0.8470490574836731
223,"Im selben Monat sah ein weiterer Fluggesellschaft eine Start- und Landebahn in Mashhad überquert und eine Mauer geschlagen, wodurch sieb","Im selben Monat schoss ein weiteres Passagierflugzeug über das Ende einer Landebahn in Maschhad hinaus und stieß mit einer Mauer zusammen, wobei siebzehn Menschen ums Leben kamen.","Im selben Monat kam es dazu, dass ein weiteres Flugzeug auf der Landebahn in Maschhad über die Piste hinausgeschossen ist und eine Wand gerammt hat, wobei siebzehn Menschen ums Leben kamen.",0.8059208393096924,0.7541747093200684,0.7791896462440491,0.797156035900116,0.7378348112106323,0.766349196434021
224,Aerosmith hat ihre verbleibenden Konzerte auf ihrer Tour abgesagt.,Aerosmith haben die noch ausstehenden Konzerte ihrer Tour abgesagt.,Aerosmith haben ihre verbleibenden Konzerte auf ihrer Tour abgesagt.,0.9100051522254944,0.9184244275093079,0.9141954183578491,0.9930813312530518,0.9930813312530518,0.9930813312530518
225,Die Rockband sollte bis zum 16. September in den USA und Kanada touren.,Die Rockband sollte bis zum 16. September durch die Vereinigten Staaten und Kanada touren.,Die Rockband sollte bis zum 16. September durch die Vereinigten Staaten und Kanada auf Tournee gehen.,0.9822685122489929,0.9791491627693176,0.9807063937187195,0.9607988595962524,0.946481466293335,0.9535863995552063
226,"Sie haben die Tour annulliert, nachdem der Lead-Sänger Steven Tyler verletzt wurde, nachdem er am 5. August von der Bühne fiel.","Nachdem sich der Frontsänger Steven Tyler während eines Auftrittes am 5. August bei einem Sturz von der Bühne verletzte, haben sie die Tour abgebrochen.","Sie haben die Tour abgesagt, nachdem der Leadsänger Steven Tyler sich verletzt hat, als er beim Auftritt am 5. August von der Bühne gefallen ist.",0.8566296696662903,0.8252289295196533,0.8406361937522888,0.9371970891952515,0.9148181676864624,0.9258724451065063
227,"Murray verlor den ersten Satz in einer Schlachtpause, nachdem beide Männer jedes und alle Dienste im Satz hielten.","Murray verlor den ersten Satz im Tiebreak, nachdem beide Männer jeden einzelnen Aufschlag im Satz gehalten hatten.","Murray verlor den ersten Satz im Tie-Break, nachdem beide Männer jeden Aufschlag im Satz gehalten hatten.",0.8508161902427673,0.8751782178878784,0.8628252744674683,0.850053608417511,0.8703832626342773,0.8600983619689941
228,"Del Potro hatte den frühen Vorteil im zweiten Satz, aber auch dies erforderte eine Schlägerpause nach 6-6.","Del Potro hatte im zweiten Satz einen frühen Vorteil, doch auch diesmal war ein Tie Break erforderlich, nachdem das 6:6 erreicht wurde.","Del Potro hatte im zweiten Satz den frühen Vorteil, aber auch dieser erforderte einen Tie-Break, nachdem er 6-6 erreicht hatte.",0.8687772750854492,0.869421124458313,0.8690990805625916,0.9094998240470886,0.898029088973999,0.9037280678749084
229,"Potro wurde an dieser Stelle auf seine Schulter behandelt, aber es ist gelungen, wieder ins Spiel zurückzukehren.","Potros Schulter wurde inzwischen behandelt, er war aber in der Lage, aufs Spielfeld zurückzukehren.","Potro erhielt zu diesem Zeitpunkt eine Behandlung für seine Schulter, konnte jedoch ins Spiel zurückkehren.",0.8108534812927246,0.8205329179763794,0.8156644701957703,0.8105074763298035,0.8587321043014526,0.8339232206344604
230,Das Programm begann um 20.30 Uhr lokale Zeit (15.00 UTC).,Das Programm begann um 20:30 Ortszeit (15:00 UTC).,Das Programm begann um 20:30 Uhr Ortszeit (15:00 UTC).,0.9496551752090454,0.9590601325035095,0.954334557056427,0.969610869884491,0.969610869884491,0.969610869884491
231,"Berühmte Sänger aus dem ganzen Land haben Shri Shyams Füße bhajans, oder devotional songs, präsentiert.","Berühmte Sänger im ganzen Land präsentierten Bhajans, Andachtslieder, zu Shri Shyams Füßen.","Berühmte Sänger im ganzen Land brachten Shri Shyam ihre Bhajans, oder Andachtslieder, dar.",0.8482277989387512,0.8489776253700256,0.8486025929450989,0.8767427206039429,0.8970499038696289,0.8867800831794739
232,"Der Sänger Sanju Sharma startete den Abend, gefolgt von Jai Shankar Choudhary, senkte auch die chhappan bhog b","Der Sänger Sanju Sharma eröffnete den Abend, gefolgt von Jai Shankar Choudhary, der ebenfalls den Chhappan Bhog Bhajan präsentierte. Begleitet wurde er vom Sänger Raju Khandelwal.","Der Sänger Sanju Sharma begann den Abend, gefolgt von Jai Shankar Choudhary. Er präsentierte auch das Chhappan Bhog Bhajan. Der Sänger Raju Khandelwal begleitete ihn.",0.8753043413162231,0.823677122592926,0.8487063050270081,0.8850599527359009,0.8433699607849121,0.8637121319770813
233,Dann nahm Lakkha Singh die Führung bei der Singung der Bhajans.,Dann übernahm Lakkha Singh die Leitung beim Singen der Bhajans.,Dann übernahm Lakkha Singh die Führung beim Singen der Bhajans.,0.9378386735916138,0.9443482160568237,0.9410821795463562,0.9576786756515503,0.9641160368919373,0.9608865976333618
234,"108 Platten von Chhappan Bhog (in Hinduismus, 56 verschiedene essbare Gegenstände, wie Süßigkeiten, Früchte, Nüsse, Gerichte","Baba Shyam wurden 108 Teller Chhappan Bhog (im Hinduismus 56 verschiedene essbare Dinge wie Süßigkeiten, Früchte, Nüsse, Gerichte usw., die der Gottheit dargebracht werden) serviert.","108 Teller Chhappan Bhog (im Hinduismus 56 verschiedene essbare Artikel, wie Süßigkeiten, Früchte, Nüsse, Gerichte usw., die einer Gottheit angeboten werden) wurden Baba Shyam serviert.",0.8514986038208008,0.788375735282898,0.8187223076820374,0.8624222874641418,0.8036006093025208,0.8319730162620544
235,"Lakkha Singh präsentierte ebenfalls den chhappan bhog bhajan, der Sänger, Raju Khandelwal begleitete.",Lakkha Singh präsentierte den Chhappan Bhog Bhajan ebenfalls. Der Sänger Raju Khandelwal begleitete ihn.,Lakkha Singh präsentierte auch das Chhappan Bhog Bhajan. Der Sänger Raju Khandelwal begleitete ihn.,0.9085741639137268,0.9174093008041382,0.9129703044891357,0.9018822908401489,0.9097503423690796,0.9057992696762085
236,Bei der Hauptpräsentation der Tokio Game Show am Donnerstag hat der Nintendo-Präsident Satoru Iwata das Controllerdesign für die neue Nintendo Revolution Konsole,Bei der Keynote-Präsentation der Tokyo Game Show am Donnerstag enthüllte Nintendo-Präsident Satoru Iwata das Controller-Design für die neue Nintendo Revolution-Konsole des Unternehmens.,Bei der Keynote-Präsentation der Tokyo Game Show am Donnerstag enthüllte Nintendo-Präsident Satoru Iwata das Design des Controllers für die neue Nintendo Revolution-Konsole.,0.8894720077514648,0.8615801334381104,0.8753039240837097,0.8869799375534058,0.8682802319526672,0.8775304555892944
237,"Der Controller ähnelt einer Fernsehfernseher und nutzt zwei Sensoren, die in der Nähe des Fernsehgeräts des Anwenders liegen, um seine Position","Ähnlich einer TV-Fernbedienung verwendet der Controller zwei Sensoren, die in der Nähe des Fernsehers des Benutzers platziert werden, um dessen Position im dreidimensionalen Raum zu triangulieren.","Ähnlich einer Fernbedienung verwendet der Controller zwei Sensoren, die in der Nähe des Fernsehers des Benutzers platziert sind, um seine Position im dreidimensionalen Raum zu triangulieren.",0.8349298238754272,0.7729846239089966,0.8027639389038086,0.8360669612884521,0.7764168977737427,0.8051386475563049
238,"Dies ermöglicht es Spielern, Aktionen und Bewegungen in Videospielen zu kontrollieren, indem sie das Gerät durch die Luft bewegen.","Dies wird Spielern ermöglichen Aktionen und Bewegungen in Videospielen zu steuern, indem sie das Gerät in der Luft bewegen.","Dies wird es den Spielern ermöglichen, Aktionen und Bewegungen in Videospielen zu steuern, indem sie das Gerät durch die Luft bewegen.",0.9338819980621338,0.932094156742096,0.9329872131347656,0.9559530019760132,0.9363633990287781,0.9460568428039551
239,Giancarlo Fisichella verlor die Kontrolle über sein Auto und endete das Rennen sehr kurz nach dem Start.,Giancarlo Fisichella verlor die Kontrolle über sein Auto und musste das Rennen schon kurz nach dem Start beenden.,Giancarlo Fisichella verlor die Kontrolle über sein Auto und beendete das Rennen sehr früh nach dem Start.,0.9705302715301514,0.9475318789482117,0.9588931202888489,0.9834018349647522,0.9834018349647522,0.9834018349647522
240,"Sein Teamkollege Fernando Alonso war für den größten Teil des Rennens in der Führung, aber es endete direkt nach seinem Pit-stop,","Sein Teamkollege führte das Rennen die meiste Zeit an, aber beendete es gleich nach seinem Boxenstopp, wahrscheinlich wegen eines stark eingeklemmten rechten Frontrades.","Sein Teamkollege Fernando Alonso lag während des größten Teils des Rennens in Führung, beendete es jedoch direkt nach seinem Boxenstopp, wahrscheinlich wegen eines schlecht eingeklemmten rechten Vorderreifens.",0.7677308320999146,0.7265715599060059,0.7465843558311462,0.8772361278533936,0.7908674478530884,0.8318158388137817
241,"Michael Schumacher endete sein Rennen nicht lange nach Alonso, wegen der Aussetzungsschäden in den zahlreichen Schlachten während des Rennens.",Kurz nach Alonso beendete auch Michael sein aufgrund von Schäden an der Radaufhängung aus den zahlreichen Kämpfen während des Rennens.,"Michael Schumacher beendete sein Rennen nicht lange nach Alonso, aufgrund der Aufhängungsschäden, die während der zahlreichen Kämpfe im Rennen entstanden.",0.8232175707817078,0.8202172517776489,0.8217146992683411,0.916678249835968,0.8997035026550293,0.908111572265625
242,"""Sie ist sehr süß und singt ziemlich gut"", sagte er in einem Protokoll der Nachrichtenkonferenz.","„Sie ist sehr süß und singt auch ziemlich gut“, sagte er laut einem Transkript der Pressekonferenz.","""Sie ist sehr niedlich und singt auch ziemlich gut,"" sagte er laut einem Protokoll der Pressekonferenz.",0.9221580028533936,0.9074395895004272,0.9147395491600037,0.9271769523620605,0.9296378493309021,0.9284057021141052
243,"""Ich wurde jedes Mal, wenn wir eine Probe dazu geführt haben, von Grund auf bewegt.""",„Ich war bei jeder Probe hierfür von ganzem Herzen bewegt.“,"""Ich war jedes Mal berührt, wenn wir eine Probe dafür gemacht haben, von ganzem Herzen.""",0.7539932727813721,0.7829041481018066,0.7681767344474792,0.8611887097358704,0.8454042673110962,0.853223443031311
244,"Etwa 3 Minuten nach dem Start zeigte eine On-Board-Kamera zahlreiche Dämmschaumstücke, die sich vom Brennstofftank entfernen.","Etwa 3 Minuten nach dem Start zeigte eine Bordkamera, wie sich zahllose Teile aus Isolierschaum vom Treibstofftank lösten.","Etwa 3 Minuten nach dem Start zeigte eine Bordkamera zahlreiche Stücke Isoliermaterial, die sich von dem Treibstofftank lösten.",0.8387888669967651,0.855195939540863,0.8469129800796509,0.8490071296691895,0.8898303508758545,0.8689395189285278
245,"Allerdings wird vermutet, dass sie keinen Schaden an dem Shuttle verursacht haben.","Man geht allerdings nicht davon aus, dass sie das Shuttle in irgendeiner Weise beschädigt haben.","Allerdings wird angenommen, dass sie keinen Schaden am Shuttle verursacht haben.",0.7943974733352661,0.7704492807388306,0.7822401523590088,0.9774420857429504,0.9836273789405823,0.9805249571800232
246,"Der Leiter des Shuttleprogramms der NASA, N. Wayne Hale Jr., sagte, dass der Schaum ""nach der Zeit, über die wir uns Sorgen machen"" gefallen sei.","N. Wayne Hale Jr., Leiter des Shuttle-Programms der NASA, sagte, dass der Schaum „nach dem Zeitpunkt, über den wir uns Sorgen machen“ abfiel.","Der Leiter des Shuttle-Programms der NASA, N. Wayne Hale Jr., sagte, der Schaum sei ""nach dem Zeitpunkt gefallen, über den wir besorgt sind.""",0.9107284545898438,0.9145730137825012,0.9126467108726501,0.9274193048477173,0.9226202368736267,0.925013542175293
247,"Fünf Minuten nach der Anzeige beginnt ein Wind zu rollen, etwa eine Minute später erreicht der Wind 70km/h... dann kommt der Regen, aber so hart und so groß, dass","Nach fünf Minuten kommt Wind auf, etwa eine Minute später erreicht der Wind 70 km/h ... Dann beginnt es zu regnen, aber die Tropfen sind so hart und groß, dass sie wie Nadeln auf die Haut schlagen. Dann fiel Hagel vom Himmel, die Leute gerieten in Panik, schrien und rannten einander um.","Fünf Minuten nach Beginn der Vorführung kommt ein Wind auf, etwa eine Minute später erreicht der Wind 70 km/h... dann beginnt der Regen, aber so stark und so groß, dass er auf der Haut wie eine Nadel zuschlägt, dann fällt Hagel vom Himmel, die Menschen geraten in Panik, schreien und rennen übereinander.",0.8179761171340942,0.7254191637039185,0.7689223289489746,0.8844305872917175,0.7622420787811279,0.8188029527664185
248,"Ich habe meine Schwester und ihre Freundin verloren, und auf meinem Weg gab es zwei behinderte Menschen in Rollstühlen, Leute, die einfach überspring","""„Ich habe meine Schwester und ihre Freundin verloren, und auf meinem Weg waren zwei Behinderte im Rollstuhl, über die Leute einfach drübergesprungen sind und sie geschubst haben"""", sagte Armand Versace.""","""Ich habe meine Schwester und ihre Freundin verloren, und auf meinem Weg waren zwei Menschen mit Behinderungen im Rollstuhl, die Leute sprangen einfach über sie hinweg und schubsten sie,"" sagte Armand Versace.",0.8463776707649231,0.7376386523246765,0.7882757782936096,0.8462014198303223,0.7578587532043457,0.7995973825454712
249,"Die NHK berichtete auch, dass das Kernkraftwerk Kashiwazaki Kariwa in der Präfektur Niigata normal funktionierte.","Die NHK berichtete zudem, dass das Atomkraftwerk von Kashiwazaki Kariwa in der Präfektur Niigata normal in Betrieb war.","NHK berichtete ebenfalls, dass das Kernkraftwerk Kashiwazaki Kariwa in der Präfektur Niigata normal in Betrieb war.",0.9649357795715332,0.9592679738998413,0.9620935320854187,0.9632270336151123,0.9692083597183228,0.9662084579467773
250,Hokuriku Electric Power Co. berichtete keine Auswirkungen des Erdbebens und dass die Reaktoren Nr. 1 und 2 im Kernkraftwerk Shika geschlossen wurden,"Hokuriku Electric Power Co. berichtete, dass das Erdbeben keine Auswirkungen gehabt hatte und dass die Reaktoren Nummer 1 und 2 des Kernkraftwerks Shika abgeschaltet worden waren.",Hokuriku Electric Power Co. berichtete von keinen Auswirkungen des Erdbebens und dass die Blöcke 1 und 2 seines Kernkraftwerks Shika abgeschaltet wurden.,0.9213433265686035,0.8703643083572388,0.8951285481452942,0.9089853167533875,0.8891656398773193,0.8989661931991577
251,"Es wird berichtet, dass etwa 9400 Häuser in der Region ohne Wasser und etwa 100 ohne Strom sind.","Es wird berichtet, dass etwa 9.400 Häuser in der Region kein Wasser und ungefähr 100 keinen Strom haben.","Es wird berichtet, dass etwa 9400 Haushalte in der Region ohne Wasser sind und ungefähr 100 ohne Strom.",0.944588303565979,0.9355467557907104,0.9400457739830017,0.9737457036972046,0.968814492225647,0.9712738394737244
252,"Einige Straßen wurden beschädigt, der Eisenbahnverkehr in den betroffenen Gebieten unterbrochen und der Flughafen Noto in der Präfektur Ishikawa bleibt geschlossen",Einige Straßen wurden beschädigt und der Eisenbahnverkehr in den betroffenen Gebieten unterbrochen. Der Flughafen Noto in der Präfektur Ishikawa bleibt geschlossen.,"Einige Straßen wurden beschädigt, der Bahnverkehr in den betroffenen Gebieten ist unterbrochen, und der Noto Flughafen in der Präfektur Ishikawa bleibt geschlossen.",0.9517490267753601,0.9446526765823364,0.9481876492500305,0.9525439739227295,0.9379432797431946,0.9451872706413269
253,Eine Bombe explodierte vor dem Generalgouverneur.,Eine Bombe explodierte vor dem Bürogebäude des Generalgouverneurs.,Eine Bombe explodierte vor dem Bürogebäude des Generalgouverneurs.,0.9658620357513428,0.9354928135871887,0.9504349231719971,0.9658619165420532,0.9354928135871887,0.9504348039627075
255,"Einige Berichte legen die offizielle Zahl der Todesopfer auf acht, und offizielle Berichte bestätigen, dass bis zu 30 verletzt wurden, aber die endgültig","Laut einigen Berichten beträgt die offizielle Zahl der Todesopfer acht und offizielle Berichte bestätigen, dass bis zu 30 Personen verletzt wurden. Allerdings sind noch keine endgültigen Zahlen bekannt.","Einige Berichte geben die offizielle Zahl der Todesopfer mit acht an, und offizielle Berichte bestätigen, dass bis zu 30 Personen verletzt wurden; aber die endgültigen Zahlen sind noch nicht bekannt.",0.8680918216705322,0.8414179086685181,0.8545467257499695,0.9097726345062256,0.8650015592575073,0.8868224024772644
256,"Sowohl Zyanidsäure als auch Melamin wurden in Urinproben von Haustieren gefunden, die nach dem Konsum kontaminierter Tiernah","Sowohl Cyanursäure als auch Melamin wurden in Urinproben von Haustieren gefunden, die nach dem Verzehr kontaminierter Haustiernahrung starben.","Sowohl Zyanursäure als auch Melamin wurden in Urinproben von Haustieren gefunden, die nach dem Verzehr von kontaminiertem Tierfutter gestorben sind.",0.905707597732544,0.889306366443634,0.8974320888519287,0.9087114334106445,0.8815656900405884,0.894932746887207
257,"Die beiden Verbindungen reagieren miteinander, um Kristalle zu bilden, die die Nierenfunktion blockieren können, so Forscher an der Universität.","Die zwei Verbindungen reagieren miteinander und formen Kristalle, die laut Forschern der Hochschule die Nierentätigkeit behindern können.","Die beiden Verbindungen reagieren miteinander und bilden Kristalle, die die Nierenfunktion beeinträchtigen können, sagten die Forscher der Universität.",0.8371017575263977,0.851641833782196,0.8443092107772827,0.9057316780090332,0.8856906294822693,0.8955990076065063
258,"Die Forscher beobachteten Kristalle, die durch die Zugabe von Melamin und Zyanidsäure im Katzenurin gebildet wurden.","Die Forscher entdeckten Kristalle im Katzenurin, die sich durch die Zugabe von Melamin und Zyanursäure gebildet hatten.","Die Forscher beobachteten Kristalle, die in Katzenurin durch die Zugabe von Melamin und Zyanursäure gebildet wurden.",0.9562446475028992,0.9492886066436768,0.9527539014816284,0.9739985466003418,0.9739985466003418,0.9739985466003418
259,"Die Zusammensetzung dieser Kristalle entspricht denen, die im Urin von betroffenen Haustieren gefunden werden, wenn sie durch Infrarotspektroskopie (","Die Zusammensetzung dieser Kristalle entspricht der Zusammensetzung, die im Urin betroffener Haustiere gefunden wurde, wenn man sie mittels Infrarotspektroskopie (FTIR) vergleicht.","Die Zusammensetzung dieser Kristalle stimmt mit der der in den Urinen betroffener Haustiere überein, wenn sie mittels Infrarotspektroskopie (FTIR) verglichen wird.",0.8880151510238647,0.835392951965332,0.8609007000923157,0.8509770035743713,0.8007579445838928,0.8251040577888489
260,"Ich weiß nicht, ob Sie es erkennen oder nicht, aber die meisten Waren aus Mittelamerika kamen in dieses Land zollfrei.","Ich weiß nicht, ob Sie das wussten, aber die meisten Waren aus Mittelamerika kamen zollfrei in unser Land.","Ich weiß nicht, ob dir das bewusst ist oder nicht, aber die meisten Waren aus Mittelamerika sind zollfrei in dieses Land gekommen.",0.922759473323822,0.9129983186721802,0.9178529977798462,0.9492895603179932,0.9295046329498291,0.9392929077148438
261,Aber 80 % unserer Waren wurden in den mittelamerikanischen Ländern durch Zölle besteuert.,Dennoch wurden achtzig Prozent unserer Waren in zentralamerikanischen Ländern mit Zöllen belegt. Wir kümmern uns um Sie.,Doch achtzig Prozent unserer Waren wurden in mittelamerikanischen Ländern durch Zölle besteuert. Wir behandeln Sie.,0.8400930762290955,0.7863749265670776,0.8123469352722168,0.9166632890701294,0.8611888885498047,0.8880606293678284
262,Das schien mir nicht sinnvoll zu sein; es war sicherlich nicht fair.,Das erschien mir nicht sinnvoll; es war ganz gewiss nicht fair.,Das schien für mich keinen Sinn zu machen; es war sicherlich nicht fair.,0.9009459018707275,0.912142276763916,0.9065095782279968,0.9308225512504578,0.9214226603507996,0.9260987639427185
263,"Ich sage den Menschen nur, dass Sie uns so behandeln, wie wir Sie behandeln.","Ich sage den Leuten nur, dass wir so behandelt werden möchten, wie wir andere auch behandeln.","Alles, was ich den Menschen sage, ist: Behandelt uns so, wie wir euch behandeln.",0.8964499235153198,0.8701363801956177,0.8830971717834473,0.848928689956665,0.8152142763137817,0.8317300081253052
264,"Der kalifornische Gouverneur Arnold Schwarzenegger unterzeichnete ein Gesetz, das den Verkauf oder die Vermietung gewalttätiger","Der kalifornische Gouverneur Arnold Schwarzenegger unterzeichnete einen Gesetzentwurf, der den Verkauf oder Verleih von Videospielen, die Gewalt beinhalten, an Minderjährige verbietet.","Der Gouverneur von Kalifornien, Arnold Schwarzenegger, unterzeichnete ein Gesetz, das den Verkauf oder die Vermietung von gewalttätigen Videospielen an Minderjährige verbietet.",0.8472522497177124,0.7565725445747375,0.7993488311767578,0.8725458383560181,0.7960512638092041,0.8325451612472534
265,"Der Gesetzesvorschlag verlangt, dass gewalttätige Videospiele, die im Bundesstaat Kalifornien verkauft werden, mit einem Zeltzeichen versehen werden","Der Gesetzesvorschlag sieht vor, dass im Bundesstaat Kalifornien verkaufte Videospiele mit einem Aufkleber mit der Zahl „18“ versehen werden und der Verkauf an Minderjährige mit einer Geldbuße von 1000 $ bestraft wird.","Das Gesetz verlangt, dass gewalttätige Videospiele, die im Bundesstaat Kalifornien verkauft werden, mit einem Aufkleber mit der Aufschrift ""18"" gekennzeichnet sind und macht den Verkauf an Minderjährige mit einer Geldstrafe von 1000 USD pro Verstoß bes Strafbar.",0.8342540264129639,0.7586459517478943,0.7946555614471436,0.8833127021789551,0.7482751607894897,0.8102058172225952
266,"Der Direktor der Staatsanwaltschaft, Kier Starmer QC, hat heute Vormittag eine Erklärung abgegeben, in der sowohl Huhne als auch Pry","Der Direktor der Staatsanwaltschaft Kier Starmer QC gab heute Morgen eine Erklärung ab, in der er die Strafverfolgung sowohl von Huhne als auch von Pryce bekanntgab.","Der Direktor der Staatsanwaltschaft, Kier Starmer QC, gab heute Morgen eine Erklärung ab, in der die Anklage gegen sowohl Huhne als auch Pryce verkündet wurde.",0.8564136028289795,0.807500958442688,0.831238329410553,0.8965926170349121,0.8450266122817993,0.8700461983680725
267,"Huhne ist zurückgetreten, und er wird im Kabinett durch Ed Davey MP ersetzt. Norman Lamb MP wird erwartet, dass er den Job des Geschäftsministers übernimmt","Huhne ist zurückgetreten und wird im Kabinett vom Abgeordneten Ed Davey ersetzt. Es wird erwartet, dass der Abgeordnete Norman Lamb den Job des Wirtschaftsministers übernimmt, den Davey gerade verlässt.","Huhne hat zurückgetreten, und er wird im Kabinett von Ed Davey, dem Abgeordneten, ersetzt. Es wird erwartet, dass Norman Lamb, der Abgeordnete, die Position des Geschäftsministers übernimmt, die Davey frei macht.",0.8748056888580322,0.8401714563369751,0.8571388721466064,0.8870363235473633,0.8283698558807373,0.8566998839378357
268,Huhne und Pryce sollen am 16. Februar im Magistratgericht in Westminster erscheinen.,Huhne und Pryce sollen am 16. Februar vor dem Westminster Magistrates Court erscheinen.,Huhne und Pryce sollen am 16. Februar vor dem Westminster Magistrates Court erscheinen.,0.9442174434661865,0.9318928718566895,0.9380146861076355,0.9442175030708313,0.931892991065979,0.9380147457122803
269,"Die Todesopfer waren Nicholas Alden, 25 und Zachary Cuddeback, 21. Cuddeback war der Fahrer.","Die Todesopfer waren Nicholas Alden, 25, und Zachary Cuddeback, 21. Cuddeback ist der Fahrer gewesen.","Die Todesopfer waren Nicholas Alden, 25, und Zachary Cuddeback, 21. Cuddeback war der Fahrer gewesen.",0.9853153228759766,0.9664828777313232,0.9758082628250122,0.9877955913543701,0.9688957929611206,0.9782544374465942
270,"Edgar Veguilla erhielt Arm- und Kieferwunden, während Kristoffer Schneider rekonstruktive Operationen für sein Gesicht erforderte","Edgar Veguilla erlitt Wunden am Arm und am Kiefer, während Kristoffer Schneider rekonstruktive Chirurgie für sein Gesicht benötigte.","Edgar Veguilla erlitt Verletzungen an Arm und Kiefer, während Kristoffer Schneider eine rekonstruktive Operation für sein Gesicht benötigte.",0.8945502042770386,0.883346676826477,0.8889131546020508,0.8974756002426147,0.8888159990310669,0.8931248188018799
272,Schneider testete über Videolink von einer USAF-Basis in seinem Heimatland.,Schneider sagte über eine Videoschaltung von einer Basis der USAF in seiner Heimat aus.,Schneider sagte über einen Videoanruf von einer US-Luftwaffenbasis in seiner Heimat aus.,0.8820686340332031,0.859654426574707,0.8707172870635986,0.8837740421295166,0.8530710935592651,0.8681511878967285
273,Neben der Veranstaltung am Mittwoch hat Carpanedo in zwei Einzelrennen an den Meisterschaften teilgenommen.,Über die Veranstaltung vom Mittwoch hinaus nahm Carpanedo an der Meisterschaft in zwei Einzelrennen teil.,Über die Veranstaltung am Mittwoch hinaus trat Carpanedo in zwei Einzelrennen bei den Meisterschaften an.,0.909183144569397,0.9027806520462036,0.9059706330299377,0.9105533361434937,0.9072903990745544,0.9089189767837524
274,"In der ersten Runde erhielt sie den Slalom, wo sie in ihrer ersten Runde einen Did Not Finish verliehen hat.","Ihr erstes war der Slalom, bei dem sie in ihrem ersten Lauf ein „Did not Finish“ erhielt. 36 der 116 Teilnehmer erzielten in diesem Rennen das gleiche Ergebnis.","Ihr erster Wettkampf war der Slalom, bei dem sie in ihrem ersten Durchgang eine „Nicht beendet“ – Wertung erzielte. 36 von 116 Teilnehmern hatten dasselbe Ergebnis in diesem Rennen.",0.8394246697425842,0.7651277780532837,0.8005560636520386,0.7847872376441956,0.6969403028488159,0.7382596731185913
275,"Ihr zweites Rennen, die Riesenslalom, sah ihr Ziel in der Frauensitzungsgruppe mit einer kombinierten Laufzeit von 4:41","Ihr anderes Rennen, den Riesenslalom, beendete sie mit dem 10. Platz in der Damengruppe mit einer kombinierten Laufzeit von 4:41,30. Damit war sie 2:11,60 Minuten langsamer als die erstplatzierte Österreicherin Claudia Lösch und 1:09,02 Minuten schneller als Gyöngyi Dani aus Ungarn, die den neunten Platz belegte.","Ihr anderes Rennen, der Riesenslalom, sah sie im Sitting-Bereich der Frauen auf dem zehnten Platz mit einer Gesamtzeit von 4:41,30 enden, 2:11,60 Minuten langsamer als die erste Platzierte, die Österreicherin Claudia Loesch, und 1:09,02 Minuten langsamer als die neuntplatzierte Gyöngyi Dani aus Ungarn.",0.8594375252723694,0.6965310573577881,0.7694563865661621,0.8108400702476501,0.6755942106246948,0.7370644211769104
276,"Vier Skifahrer in der Frauensitzgruppe haben ihre Pisten nicht beendet, und 45 der 117 Skifahrer im Riesenslalom konnten sich nicht im Rennen","Vier Skifahrerinnen des Krückenskifahrens kamen nicht ins Ziel, und 45 der insgesamt 117 Skifahrerinnen im Riesenslalom konnten sich im Rennen nicht platzieren.","Vier Skifahrerinnen in der Gruppe der sitzenden Frauen konnten ihre Läufe nicht beenden, und 45 von insgesamt 117 Skifahrern im Riesenslalom schafften es nicht, im Rennen zu platzieren.",0.8597217798233032,0.8447156548500061,0.8521525859832764,0.865206241607666,0.8064870834350586,0.8348153829574585
277,Die Madhya Pradesh Police hat den gestohlenen Laptop und Mobiltelefon wiedererlangt.,Die Polizei von Madhya Pradesh hat den gestohlenen Laptop und das Mobiltelefon wiedergefunden.,Die Polizei von Madhya Pradesh hat den gestohlenen Laptop und das Mobiltelefon recovered.,0.9444794654846191,0.9304401278495789,0.9374072551727295,0.9120873212814331,0.9209058284759521,0.9164753556251526
279,"Die Angeklagten sind Baba Kanjar, Bhutha Kanjar, Rampro Kanjar, Gaza Kanjar und Vishnu Kanjar genannt.","Die Namen der Angeklagten sind Baba Kanjar, Bhutha Kanja, Rampro Kanjar, Gaza Kanjar und Vishnu Kanjar.","Die Beschuldigten sind Baba Kanjar, Bhutha Kanjar, Rampro Kanjar, Gaza Kanjar und Vishnu Kanjar.",0.9602960348129272,0.9549008011817932,0.9575908184051514,0.9537455439567566,0.9588717222213745,0.956301748752594
280,"Polizeiaufsicht Chandra Shekhar Solanki sagte, dass die Angeklagten vor Gericht mit überdeckten Gesichtern erschienen.","Die Polizeipräsidentin Chandra Shekhar Solanki gab an, die Angeklagten seien mit bedeckten Gesichtern vor Gericht erschienen.","Der Polizeidirektor Chandra Shekhar Solanki sagte, die Beschuldigten erschienen mit verhüllten Gesichtern vor Gericht.",0.9302401542663574,0.9158445000648499,0.9229862689971924,0.9199134111404419,0.9129041433334351,0.9163954257965088
281,"Obwohl drei Personen innerhalb des Hauses waren, als das Auto es beeinträchtigte, wurde keiner von ihnen verletzt.","Obwohl sich drei Menschen im Haus befanden, als das Auto hineinraste, wurde keiner von ihnen verletzt.","Obwohl sich drei Personen im Haus befanden, als das Auto darauf prallte, wurde niemand von ihnen verletzt.",0.8811379671096802,0.9105944633483887,0.895624041557312,0.866438627243042,0.9033694267272949,0.8845187425613403
282,Der Fahrer erlitt jedoch schwere Kopfverletzungen.,Der Fahrer zog sich jedoch erhebliche Verletzungen am Kopf zu.,Der Fahrer erlitt jedoch schwere Kopfverletzungen.,0.8965034484863281,0.8748973608016968,0.8855686187744141,1.000000238418579,1.000000238418579,1.000000238418579
283,"Die Straße, in der der Absturz stattfand, wurde vorübergehend geschlossen, während die Notdienste den Fahrer aus dem roten Audi TT","Die Straße, auf der sich der Unfall ereignet hatte, wurde vorübergehend gesperrt, während die Rettungsdienste den Fahrer aus dem roten Audi TT befreiten.","Die Straße, auf der der Unfall passiert ist, wurde vorübergehend gesperrt, während die Notdienste den Fahrer aus dem roten Audi TT befreiten.",0.8904451727867126,0.8379738330841064,0.8634129762649536,0.8951272964477539,0.8558409810066223,0.8750434517860413
284,Zunächst wurde er im James Paget Hospital in Great Yarmouth ins Krankenhaus gebracht.,Er wurde zunächst in das James Paget Krankenhaus in Great Yarmouth eingeliefert.,Er wurde zunächst im James Paget Hospital in Great Yarmouth hospitalisiert.,0.9360244870185852,0.9205070734024048,0.928200900554657,0.9430662393569946,0.9561454653739929,0.949560821056366
285,Später wurde er zum Addenbrooke's Hospital in Cambridge verlegt.,Er wurde infolgedessen in das Addenbrooke’s Hospital in Cambridge verlegt.,Er wurde anschließend ins Addenbrooke's Hospital in Cambridge versetzt.,0.9312270283699036,0.9069264531135559,0.9189161062240601,0.9472472071647644,0.9472472071647644,0.9472472071647644
286,"Seitdem ist Adekoya im Edinburgh Sheriff Court angeklagt, ihr Sohn zu ermorden.",Adekoya wurde in der Zwischenzeit vor dem Edinburgh Sheriff Court wegen Mordes an ihrem Sohn angeklagt.,"Adekoya befindet sich seitdem vor dem Edinburgh Sheriff Court, angeklagt, ihren Sohn ermordet zu haben.",0.869866669178009,0.8561150431632996,0.8629360198974609,0.9225819110870361,0.9051418304443359,0.9137786626815796
287,"Sie befindet sich im Gefängnis angesichts der Anklage und des Prozesses, aber alle Beweise für die Augenzeugen können enttäuscht werden","Sie befindet sich bis zur Anklageerhebung und Verhandlung in Untersuchungshaft, doch Aussagen von Augenzeugen könnten verfälscht sein, da ihr Bild weithin veröffentlicht wurde.","Sie befindet sich in Untersuchungshaft in Erwartung der Anklage und des Prozesses, aber jede Zeugenaussage könnte belastet sein, da ihr Bild weit verbreitet wurde.",0.7666555643081665,0.7554243803024292,0.760998547077179,0.819247841835022,0.7998142242431641,0.8094143867492676
288,"Dies ist in anderen Teilen des Vereinigten Königreichs üblich, aber die schottische Justiz funktioniert anders, und Gerichte haben die Veröffentlichung von Fotos als","Dies ist anderenorts in Großbritannien gängige Praxis, aber die schottische Justiz arbeitet anders, und die Gerichte haben die Veröffentlichung von Fotos als potenziell schädlich erachtet.","Das ist anderswo im Vereinigten Königreich gängige Praxis, aber die schottische Justiz funktioniert anders, und die Gerichte haben die Veröffentlichung von Fotos als potenziell voreingenommen angesehen.",0.8784921169281006,0.7921358346939087,0.8330820202827454,0.9002763628959656,0.8167155981063843,0.8564626574516296
289,"Professor Pamela Ferguson von der Universität Dundee bemerkt: ""Journalisten scheinen eine gefährliche Linie zu gehen, wenn sie Fotos usw. von Ver","Professorin Pamela Ferguson von der University of Dundee merkt an: „Journalisten scheinen eine gefährliche Grenze zu überschreiten, wenn Sie Fotos usw. von Verdächtigen veröffentlichen.“","Professor Pamela Ferguson von der Universität Dundee bemerkt: ""Journalisten scheinen tatsächlich auf einem gefährlichen Grat zu wandeln, wenn sie Fotos usw. von Verdächtigen veröffentlichen.""",0.9109072685241699,0.8403040766716003,0.874182403087616,0.8956140279769897,0.8235935568809509,0.8580952882766724
290,"Das Crown Office, das für die Strafverfolgung zuständig ist, hat Journalisten darauf hingewiesen, dass zumindest bis zur Anklage keine weiteren Kommentare gemacht werden.","Das Crown Office, welches federführend bei der Strafverfolgung ist, hat Journalisten gegenüber angedeutet, das mindestens bis zur Anklage keine weiteren Kommentare mehr abgegeben werden.","Das Crown Office, das insgesamt für die Strafverfolgung verantwortlich ist, hat Journalisten mitgeteilt, dass bis zur Anklage keine weiteren Kommentare abgegeben werden.",0.9070122838020325,0.8615385890007019,0.8836908340454102,0.9463878870010376,0.9475358724594116,0.946961522102356
291,"Dem Leck zufolge wird sich das Dokument auf den Grenzstreit beziehen, den Palästina auf der Grundlage der Grenzen vor dem Mitte-Ost-Krieg von","Dem Leak zufolge bezieht sich das Dokument auf den Grenzstreit, in dem die Palästinenser ein Zurücksetzen der Grenzen in den Zustand vor dem Sechstagekrieg von 1967 fordern.","Das Dokument, so der Leak, wird sich auf den Grenzstreit beziehen, den Palästina basierend auf den Grenzen vor dem Nahostkrieg von 1967 möchte.",0.8294122815132141,0.7940487861633301,0.8113454580307007,0.8469103574752808,0.8168397545814514,0.8316032886505127
292,"Andere Themen, die angeblich behandelt werden, sind der künftige Staat Jerusalem, der sowohl für die Nationen heilig ist, als auch die Frage des Jordantals","Andere Themen, die angeblich abgedeckt sind, umfassen die Zukunft von Jerusalem, das beiden Nationen heilig ist, und das Problem des Jordantals.","Andere behandelte Themen umfassen Berichten zufolge den zukünftigen Status von Jerusalem, das sowohl für beide Nationen heilig ist, sowie die Frage des Jordanttals.",0.8362516164779663,0.8522512912750244,0.8441756367683411,0.8308231830596924,0.8207896947860718,0.8257759213447571
293,"Israel verlangt eine fortgesetzte militärische Präsenz im Tal für zehn Jahre, sobald ein Abkommen unterzeichnet wurde, während die PA zustimm","Israel verlangt  eine Militärpräsenz im Jordantal von zehn Jahren ab der Unterzeichnung der Vereinbarung, die Palästinenserbehörde hingegen will eine solche Präsenz nur für fünf Jahre akzeptieren.","Israel verlangt eine anhaltende Militärpräsenz im Tal für zehn Jahre, sobald ein Abkommen unterzeichnet wird, während die palästinensische Autonomiebehörde zustimmt, diese Präsenz nur für fünf Jahre zu belassen.",0.7570915222167969,0.7401853799819946,0.7485430240631104,0.884568452835083,0.8087388277053833,0.8449557423591614
294,"Die Shooter in der zusätzlichen Schädlingsbekämpfungsstudie sollten eng von Rangern überwacht werden, da die Probe überwacht und ihre Wirk","Die Schützen des begleitenden Versuchs zur Eindämmung der Plage sollten eng von Rangern beaufsichtigt werden, da der Versuch überwacht und seine Wirksamkeit beurteilt wurde.","Die Schützen im ergänzenden Versuch zur Schädlingsbekämpfung sollten von Rangern eng überwacht werden, da der Versuch überwacht und seine Wirksamkeit bewertet wurde.",0.762380063533783,0.7495297193527222,0.7559003233909607,0.843535840511322,0.8161945343017578,0.8296399116516113
295,In einer Partnerschaft von NPWS und der Sporting Shooters Association of Australia (NSW) Inc wurden qualifizierte Freiwillige im Rahmen des Jagdprogramms der Sporting,Im Rahmen einer Partnerschaft zwischen NPWS und der Sporting Shooters Association of Australia (NSW) Inc. wurden im Rahmen des Jagdprogramms der Sporting Shooters Association qualifizierte Freiwillige rekrutiert.,In einer Partnerschaft zwischen NPWS und der Sporting Shooters Association of Australia (NSW) Inc. wurden qualifizierte freiwillige Helfer im Rahmen des Jagdprogramms der Sporting Shooters Association rekrutiert.,0.9218825101852417,0.8774605393409729,0.8991231322288513,0.9316170811653137,0.8750017881393433,0.902422308921814
296,"Nach Mick O'Flynn, dem amtierenden Direktor Park Conservation and Heritage bei der NPWS, wurden die vier Schützen, die für den ersten Schieß","Laut Mick O‘Flynn, dem geschäftsführenden Direktor von Park Conservation and Heritage im NPWS, erhielten die vier für die erste Jagdoperation ausgewählten Schützen umfassenden Sicherheits- und Trainingsunterricht.","Laut Mick O'Flynn, dem kommissarischen Direktor für Parkschutz und -erbe bei NPWS, erhielten die vier Schützen, die für die erste Schießoperation ausgewählt wurden, umfassende Sicherheits- und Ausbildungsanweisungen.",0.8350690603256226,0.763218343257904,0.7975286841392517,0.8443782329559326,0.7602406144142151,0.8001036047935486
297,Martelly schwor gestern in einem neuen Provisorischen Wahlrat (CEP) von neun Mitgliedern.,Martelly hat gestern eine neue Provisorische Wahlkommission (CEP) mit neun Mitgliedern vereidigt.,Martelly vereidigte gestern einen neuen vorläufigen Wahlrat (CEP) mit neun Mitgliedern.,0.8804494738578796,0.878718912601471,0.8795833587646484,0.9000649452209473,0.9012241363525391,0.9006441831588745
298,Es ist Martellys fünftes CEP in vier Jahren.,Es ist Martellys fünftes CEP innerhalb von vier Jahren.,Es ist Martellys fünfter CEP in vier Jahren.,0.9646158218383789,0.9481667280197144,0.956320583820343,0.9842616319656372,0.9842616319656372,0.9842616319656372
299,"Im vergangenen Monat empfahl eine Präsidentschaftskommission den Rücktritt des vorherigen Europäischen Parlaments als Teil eines Maßnahmenpakets, das das Land",Letzten Monat empfahl eine Präsidialkommission den Rücktritt des vorherigen CEP als Teil des Maßnahmenpakets zur Lenkung des Landes in Richtung Neuwahlen.,"Im letzten Monat empfahl eine Präsidialkommission den Rücktritt des vorherigen CEP als Teil eines Maßnahmenpakets, um das Land auf neue Wahlen zuzubewegen.",0.8305373191833496,0.810757577419281,0.8205282092094421,0.8565099835395813,0.7972636818885803,0.825825572013855
300,"Die Kommission war Martellys Reaktion auf weit verbreitete Proteste gegen das Regime, die im Oktober begannen.","Die Kommission war Martellys Antwort auf die weitverbreiteten regimekritischen Proteste, die im Oktober begannen.","Die Kommission war Martellys Antwort auf die weit verbreiteten Anti-Regime-Proteste, die im Oktober begonnen hatten.",0.9197039604187012,0.9063253998756409,0.912965714931488,0.9247816205024719,0.9006602764129639,0.9125615954399109
301,"Die manchmal gewalttätigen Proteste wurden durch das Scheitern von Wahlen ausgelöst, die einige seit 2011 fällig sind.","Auslöser für die teils gewalttätigen Proteste war die nicht erfolgte Durchführung von Wahlen, von denen einige seit 2011 anstehen.","Die teilweise gewalttätigen Proteste wurden durch das Versäumnis ausgelöst, Wahlen abzuhalten, die teilweise seit 2011 fällig sind.",0.8404470682144165,0.8374900817871094,0.8389659523963928,0.9164078831672668,0.880813479423523,0.8982581496238708
302,"Etwa 60 Fälle fehlerhafter iPod-Überhitzung wurden gemeldet, was insgesamt sechs Brände verursachte und vier Personen geringfügige Verbrenn",Es wurden über 60 Fälle von Überhitzung bei defekten iPods gemeldet. Insgesamt wurden dadurch sechs Brände ausgelöst und vier Personen haben leichte Verbrennungen erlitten.,"Es wurden etwa 60 Fälle von überhitzenden iPods gemeldet, die zu insgesamt sechs Bränden führten und vier Personen leichte Verbrennungen zufügten.",0.7957739233970642,0.7917625904083252,0.7937631607055664,0.8054146766662598,0.8020875453948975,0.8037476539611816
303,"Japans Ministerium für Wirtschaft, Handel und Industrie (METI) sagte, dass es sich von 27 Unfällen im Zusammenhang mit den Geräten bewusst war.","Das japanische Ministerium für Wirtschaft, Handel und Industrie (METI) gab an, dass ihm 27 Unfälle im Zusammenhang mit den Geräten bekannt waren.","Das japanische Ministerium für Wirtschaft, Handel und Industrie (METI) hat mitgeteilt, dass es von 27 Unfällen im Zusammenhang mit den Geräten Kenntnis hatte.",0.9126163721084595,0.9272656440734863,0.9198826551437378,0.9392500519752502,0.941884458065033,0.9405654072761536
304,"Letzte Woche kündigte METI an, dass Apple es über 34 weitere Überhitzungsfälle informiert hatte, die das Unternehmen als ""nicht schwerwiegend""","""Letzte Woche gab das METI bekannt, dass es von Apple über 34 weitere Vorfälle von Überhitzung informiert worden war, die das Unternehmen als „nicht schwerwiegend"""" bezeichnete.""","In der vergangenen Woche gab METI bekannt, dass Apple es über 34 zusätzliche Überhitzungsfälle informiert hatte, die das Unternehmen als ""nicht schwerwiegend"" einstufte.",0.8855211138725281,0.842766523361206,0.8636149168014526,0.918837308883667,0.8858652114868164,0.9020500779151917
305,"Das Ministerium antwortete, indem es Apples Verschiebung des Berichts als ""echten Bedauern"" bezeichnete.","Das Ministerium reagierte, indem es die Verschiebung des Berichts durch Apple als „wirklich bedauerlich“ bezeichnete.","Das Ministerium reagierte, indem es Apples Verschiebung des Berichts als ""wirklich bedauerlich"" bezeichnete.",0.8962084054946899,0.8889038562774658,0.8925411701202393,0.9339639544487,0.9349988102912903,0.9344810843467712
306,Das Erdbeben hat Mariana um 07:19 Uhr lokale Zeit (09:19 Uhr GMT Freitag) getroffen.,Das Erdbeben erschütterte Mariana um 07:19 Uhr Ortszeit (21:19 GMT am Freitag).,Das Erdbeben traf Mariana um 07:19 Uhr Ortszeit (09:19 Uhr GMT am Freitag).,0.9164654016494751,0.894120454788208,0.9051550626754761,0.937860369682312,0.9397199153900146,0.9387892484664917
307,"Das Amt für Notfallbewältigung im Norden von Marianas hat erklärt, dass es in der Nation keine Schäden gemeldet habe.","Das Amt für Katastrophenschutz der nördlichen Marianen sagte, dass im Land keine Schäden gemeldet wurden.","Das Notfallmanagementbüro der Nordmarianen erklärte, dass keine Schäden im Land gemeldet wurden.",0.8393757343292236,0.8718278408050537,0.8552940487861633,0.8063218593597412,0.8272624611854553,0.8166579604148865
308,"Auch das Pacific Tsunami Warning Center sagte, dass es keine Tsunami-Indikation gab.","Auch hatte das Pacific Tsunami Warning Center erklärt, dass es keine Hinweise auf einen Tsunami gab.","Das Pacific Tsunami Warning Center gab ebenfalls an, dass es keine Hinweise auf einen Tsunami gab.",0.9076756238937378,0.9027126431465149,0.9051873087882996,0.9097043871879578,0.9011913537979126,0.905427873134613
309,"Ein ehemaliger philippinischer Polizist hat Hongkong-Touristen als Geisel gehalten, indem er in Manila, der Hauptstadt der Philippine","Ein ehemaliger philippinischer Polizist hat Touristen aus Hongkong als Geiseln genommen, indem er ihren Bus in Manila, der Hauptstadt der Philippinen, entführte.","Ein ehemaliger philippinischer Polizist hat Touristen aus Hongkong als Geiseln genommen, indem er ihren Bus in Manila, der Hauptstadt der Philippinen, entführt hat.",0.8928083181381226,0.8421919941902161,0.8667617440223694,0.8891487121582031,0.842430591583252,0.8651594519615173
310,Rolando Mendoza feuerte sein M16-Gewehr auf die Touristen.,Rolando Mendoza schoss mit seinem M16-Gewehr auf die Touristen.,Rolando Mendoza schoss mit seinem M16-Gewehr auf die Touristen.,0.95872962474823,0.9474068284034729,0.9530345797538757,0.95872962474823,0.9474067687988281,0.9530345797538757
311,Mehrere Geiseln wurden gerettet und bislang wurden mindestens sechs Tote bestätigt.,Mehrere Geiseln wurden gerettet und es gibt bisher mindestens sechs bestätigte Tote.,"Mehrere Geiseln wurden gerettet, und bisher sind mindestens sechs Todesopfer bestätigt.",0.955927848815918,0.9385862350463867,0.9471777081489563,0.9583886861801147,0.9424344897270203,0.9503446817398071
312,"Sechs Geiseln, darunter die Kinder und ältere Menschen, wurden früh freigelassen, ebenso wie die philippinischen Fotografen.","Sechs Geiseln, darunter die Kinder und Ältere, wurden, wie auch die philippinischen Fotografen, frühzeitig freigelassen.","Sechs Geiseln, darunter Kinder und ältere Menschen, wurden frühzeitig freigelassen, ebenso wie die philippinischen Fotografen.",0.933967113494873,0.923795223236084,0.9288532733917236,0.983324408531189,0.9865516424179077,0.9849353432655334
314,Liggins folgte in den Spuren seines Vaters und begann eine Karriere in der Medizin.,Liggins trat in die Fußstapfen seines Vaters und schlug eine medizinische Karriere ein.,Liggins trat in die Fußstapfen seines Vaters und begann eine Karriere in der Medizin.,0.8909986019134521,0.8642722368240356,0.8774319887161255,0.945307731628418,0.9226726293563843,0.933853030204773
315,Er studierte obstetricianisch und begann 1959 an der National Women's Hospital in Auckland zu arbeiten.,Er machte eine Ausbildung als Entbindungsarzt und nahm 1959 seine Arbeit im National Women's Hospital in Auckland auf.,Er absolvierte eine Ausbildung als Geburtshelfer und begann 1959 im National Women's Hospital in Auckland zu arbeiten.,0.8522516489028931,0.8400622606277466,0.8461130857467651,0.899083137512207,0.8918455243110657,0.8954497575759888
316,"Während er im Krankenhaus arbeitete, begann Liggins während seiner Freizeit frühzeitige Arbeit zu untersuchen.","Während seiner Arbeit im Krankenhaus begann Liggins in seiner Freizeit damit, vorzeitige Wehen zu untersuchen.","Während seiner Arbeit im Krankenhaus begann Liggins in seiner Freizeit, Frühgeburten zu untersuchen.",0.9101396799087524,0.8948469758033752,0.9024285078048706,0.8916453123092651,0.8677981495857239,0.8795600533485413
317,"Seine Forschung hat gezeigt, dass es, wenn ein Hormon verabreicht wird, die fötale Reife des Babys beschleunigen würde.","Seine Forschung zeigte, dass die Anwendung eines Hormons die Lungenreifung des Fötus beschleunigte.","Seine Forschung zeigte, dass die Verabreichung eines Hormons die Lungenreifung des Fötus beschleunigen würde.",0.814875066280365,0.8556724786758423,0.8347756266593933,0.8511934280395508,0.8692547082901001,0.8601292371749878
318,"Xinhua berichtete, dass staatliche Ermittlungen am Mittwoch zwei'schwarze Box'-Flugschreiber retten.","Xinhua berichtete, dass Ermittler der Regierung am Mittwoch zwei „Black Box“-Flugschreiber  geborgen haben.","Die Xinhua berichtete, dass Regierungsuntersucher am Mittwoch zwei 'schwarze Kästen' Flugdatenschreiber sichergestellt haben.",0.9211667776107788,0.8904730081558228,0.9055598974227905,0.8978745341300964,0.8715445399284363,0.8845136165618896
319,Auch andere Kämpfer würdigten Luna.,Ringer-Kollegen zollten Luna ebenfalls Tribut.,Mitstreiter im Wrestling ehrten ebenfalls Luna.,0.7769849896430969,0.764258623123169,0.7705692648887634,0.7632478475570679,0.767458438873291,0.7653473615646362
320,"Tommy Dreamer sagte: ""Luna war die erste Königin von Extreme, mein erster Manager, Luna verstarb an der Nacht von zwei Monden.","""Tommy Dreamer sagte: """"Luna war die erste Königin der Extreme. Meine erste Managerin. Luna starb in der Nacht der zwei Monde. Sehr einzigartig, genau wie sie. Eine starke Frau.""""""","Tommy Dreamer sagte: „Luna war die erste Königin der Extreme. Meine erste Managerin. Luna ist in der Nacht der zwei Monde verstorben. Ziemlich einzigartig, genau wie sie. Eine starke Frau.“",0.8870828151702881,0.7936038970947266,0.8377436995506287,0.8919556140899658,0.803300142288208,0.8453097343444824
321,"Dustin ""Goldust"" Runnels sagte: ""Luna war so freakisch wie ich...vielleicht noch mehr...liebt sie und wird sie vermissen...",Dustin „Goldust“ Runnels gab folgenden Kommentar ab: „Luna war genauso verrückt wie ich ... vielleicht sogar noch verrückter ... ich liebe sie und werde sie vermissen ... hoffentlich ist sie an einem besseren Ort.“,"Dustin ""Goldust"" Runnels kommentierte: „Luna war so freaky wie ich... vielleicht sogar mehr... ich liebe sie und werde sie vermissen... hoffentlich ist sie an einem besseren Ort.“",0.8643087148666382,0.8073197603225708,0.8348428010940552,0.9336528778076172,0.8777198791503906,0.9048227667808533
322,"Von 1.400 Menschen, die vor den Bundeswahlen 2010 befragt wurden, wuchsen diejenigen, die sich gegen Australien als Republik aussprechen, seit","Von den 1.400 Personen, die vor den Bundeswahlen 2010 befragt wurden, hat der Anteil derjenigen, die sich dagegen aussprechen, dass Australien zur Republik wird, seit 2008 um 8 Prozent zugenommen.","Von 1.400 Befragten vor der Bundeswahl 2010 ist der Anteil derjenigen, die sich gegen eine Republik Australien aussprechen, seit 2008 um 8 Prozent gestiegen.",0.883908212184906,0.8229426145553589,0.8523366451263428,0.8389971256256104,0.8037607669830322,0.8210009932518005
323,"Ministerpräsidentin Julia Gillard behauptete während des Wahlkampfes der Bundestagswahlen 2010, dass sie glaubte, dass Australien am Ende","Die vorübergehend amtierende Premierministerin Julia Gillard erklärte während des Wahlkampfes für die Bundeswahl 2010, dass ihrer Meinung nach Australien am Ende der Herrschaft von Königin Elizabeth II eine Republik werden sollte.","Die amtierende Premierministerin Julia Gillard erklärte während des Wahlkampfs der Bundeswahlen 2010, dass sie der Meinung sei, Australien sollte am Ende der Herrschaft von Königin Elizabeth II. eine Republik werden.",0.8284026384353638,0.7635897397994995,0.7946768999099731,0.8611103296279907,0.7951648235321045,0.8268247246742249
324,"34 % der Wähler teilen diese Ansicht, wobei Königin Elizabeth II der letzte Monarch aus Australien sein will.","34 Prozent der Befragten teilen diese Ansicht und wollen, dass Elisabeth II. die letzte australische Monarchin ist.","34 Prozent der Befragten teilen diese Ansicht und wünschen sich, dass Königin Elizabeth II. der letzte Monarch Australiens ist.",0.8819932341575623,0.8683634996414185,0.8751252889633179,0.9064733982086182,0.8688513040542603,0.8872637748718262
325,"Auf der extremen Seite der Umfrage glauben 29 Prozent der Befragten, dass Australien so schnell wie möglich eine Republik werden sollte, während 31 Prozent glauben,","29 Prozent der Befragten gaben an, Australien solle so schnell wie möglich eine Republik werden, während 31 Prozent der Meinung sind, Australien solle niemals eine Republik werden.","Am extremen Ende der Umfrage glauben 29 Prozent der Befragten, dass Australien so schnell wie möglich eine Republik werden sollte, während 31 Prozent der Meinung sind, dass Australien niemals eine Republik werden sollte.",0.8292455673217773,0.8536058664321899,0.841249406337738,0.9015088081359863,0.8883989453315735,0.8949058651924133
326,"Der olympische Goldmedailler musste im 100 m und 200 m Freestyle und in drei Relais bei den Commonwealth Games schwimmen, aber wegen","Der Goldmedaillengewinner bei olympischen Spielen sollte bei den Commonwealth Games in den Disziplinen 100 m und 200 m Freistil sowie in drei Lagenstaffeln schwimmen, aber wegen seiner vielen Beschwerden wurde seine Fitness angezweifelt.","Der olympische Goldmedaillengewinner sollte in den 100 m und 200 m Freistil sowie in drei Staffeln bei den Commonwealth Games schwimmen, aber aufgrund seiner Beschwerden steht seine Fitness in Frage.",0.8561972379684448,0.7508072853088379,0.800046443939209,0.8847506642341614,0.7965877056121826,0.83835768699646
327,"Er war nicht in der Lage, die Medikamente zu nehmen, die nötig sind, um seine Schmerzen zu überwinden, da sie von den Spielen verboten sind.","Er war nicht dazu in der Lage, die benötigten Medikamente einzunehmen, um seinen Schmerz zu überwinden, da sie bei den Commonwealth Games verboten sind.","Er konnte die Medikamente, die er zur Linderung seiner Schmerzen benötigt, nicht einnehmen, da sie von den Spielen ausgeschlossen sind.",0.882349967956543,0.8941807746887207,0.8882259726524353,0.8150284290313721,0.855924129486084,0.8349758386611938
328,"Curtis Cooper, Mathematiker und Computerwissenschaftler an der University of Central Missouri, hat am 25. Januar die größte bekannte Hauptzahl entdeckt.","Am 25. Januar entdeckte Curtis Cooper, ein Mathematiker und Informatik-Professor an der University of Central Missouri, die größte bekannte Primzahl.","Curtis Cooper, ein Mathematiker und Professor für Informatik an der Universität von Zentral-Missouri, hat am 25. Januar die bisher größte bekannte Primzahl entdeckt.",0.8880972862243652,0.8684306144714355,0.8781538009643555,0.9259929060935974,0.8876228928565979,0.9064019918441772
329,Mehrere Leute haben die Entdeckung Anfang Februar mit verschiedenen Hardware und Software überprüft und es wurde am Dienstag angekündigt.,Zahlreiche Personen bestätigten die Entdeckung mittels unterschiedlicher Hardware und Software Anfang Februar und am Dienstag wurde sie bekanntgegeben.,"Mehrere Personen bestätigten die Entdeckung bis Anfang Februar mit verschiedenen Hardware- und Softwarekonfigurationen, und sie wurde am Dienstag bekannt gegeben.",0.844357967376709,0.8782519102096558,0.8609714508056641,0.858812153339386,0.8628989458084106,0.8608506917953491
330,"Kometen könnten möglicherweise eine Quelle der Wasserzufuhr auf die Erde gewesen sein, zusammen mit organischer Materie, die Proteine bilden und das Leben unterstützen kann.","Kometen waren möglicherweise eine Quelle für die Wasserversorgung der Erde, zusammen mit organischer Materie, die Proteine bilden und Leben ermöglichen kann.","Kometen könnten möglicherweise eine Quelle für die Wasserversorgung der Erde gewesen sein, zusammen mit organischen Stoffen, die Proteine bilden und Leben unterstützen können.",0.923480749130249,0.9480913281440735,0.9356242418289185,0.9366872310638428,0.9430562257766724,0.9398609399795532
331,"Wissenschaftler hoffen, zu verstehen, wie sich Planeten bilden, insbesondere wie sich die Erde gebildet hat, da Kometen vor langer Zeit mit der Erde","Da Kometen vor langer Zeit mit der Erde zusammenprallten, versprechen sich die Wissenschaftler Einblicke, wie Planeten, insbesondere die Erde, entstehen.","Wissenschaftler hoffen zu verstehen, wie Planeten entstehen, insbesondere wie die Erde entstanden ist, da Kometen vor langer Zeit mit der Erde kollidierten.",0.7933696508407593,0.780454158782959,0.7868589162826538,0.9082344770431519,0.8993707895278931,0.9037809371948242
332,"Cuomo, 53, begann Anfang dieses Jahres seinen Gouverneur und unterzeichnete im letzten Monat einen Gesetzentwurf, der die gleichgeschl",Cuomo (53) trat sein Gouverneursamt früher in diesem Jahr an und unterzeichnete letzten Monat einen Gesetzentwurf zur Legalisierung der gleichgeschlechtlichen Eheschließung.,"Cuomo, 53, trat die Governorship Anfang dieses Jahres an und unterzeichnete im letzten Monat ein Gesetz, das die gleichgeschlechtliche Ehe legalisiert.",0.803866446018219,0.7677825689315796,0.7854102849960327,0.8502177000045776,0.8205769062042236,0.8351343870162964
333,"Er sprach von den Gerüchten als ""politisches Chatter und Schweigen"".",Er bezeichnete die Gerüchte als „politisches Geschwätz und Albernheit“.,"Er bezeichnete die Gerüchte als ""politisches Geschwätz und Unsinn"".",0.8432912826538086,0.8406590223312378,0.841973066329956,0.8797178864479065,0.8827621936798096,0.8812374472618103
334,"Man spekuliert, dass er 2016 für den Präsidenten kandidieren würde.","Es wird spekuliert, dass er sich 2016 um das Amt des Präsidenten bewerben könnte.","Er wird spekuliert, 2016 für das Amt des Präsidenten zu kandidieren.",0.8988216519355774,0.8794622421264648,0.8890365958213806,0.8954663276672363,0.8923379182815552,0.8938993811607361
335,"NextGen ist ein System, das von der FAA behauptet wird, es Flugzeugen ermöglichen würde, kürzere Strecken zu fliegen, jährlich Millionen von Liter","NextGen ist ein System, von dem die FAA behauptet, dass es Flugzeugen erlauben würde, kürzere Strecken zu fliegen und jedes Jahr Millionen Gallonen an Treibstoff zu sparen und die Kohlenstoffemissionen zu reduzieren.","NextGen ist ein System, das die FAA behauptet, würde es Flugzeugen ermöglichen, kürzere Strecken zu fliegen und Millionen von Gallonen Treibstoff pro Jahr zu sparen sowie die Kohlenstoffemissionen zu reduzieren.",0.8887346982955933,0.7949999570846558,0.8392581939697266,0.8962622284889221,0.7988911867141724,0.8447801470756531
336,"Es verwendet Satelliten-Technologie im Gegensatz zu älteren Bodenradar-Technologien, um Fluglotsen die Möglichkeit zu geben, Flugzeuge mit größerer Präzision zu","Es greift auf satellitenbasierte Technologie statt der älteren Technologie auf der Basis von Bodenradar zurück, um den Fluglotsen die präzisere Lokalisierung von Flugzeugen zu ermöglichen und die Piloten mit genaueren Informationen zu versorgen.","Es verwendet satellitengestützte Technologien anstelle älterer, radarbasierter Technologien am Boden, um Luftverkehrsleitern zu ermöglichen, Flugzeuge mit größerer Präzision zu orten und den Piloten genauere Informationen zu geben.",0.8051614761352539,0.7654169797897339,0.7847863435745239,0.8305099010467529,0.7907907962799072,0.8101637959480286
337,"Es werden keine zusätzlichen Transporte aufgestellt, und in Wembley werden die Untergrundzüge nicht stoppen, und am Boden stehen Parkplätze und Park-and-Ride-",Es werden keine zusätzlichen Transportmittel eingerichtet und die oberirdischen Züge werden nicht in Wembley halten. Vor Ort sind keine Parkplätze oder Park-and-Ride-Anlagen verfügbar.,Es werden keine zusätzlichen Transportmittel eingesetzt und die Züge über der Erde halten nicht in Wembley. Parkplätze und Park-and-Ride-Einrichtungen sind vor Ort nicht verfügbar.,0.8400793075561523,0.8092321157455444,0.8243672847747803,0.8222141861915588,0.7974165081977844,0.809625506401062
338,"Die Befürchtungen des Mangels an Transporten haben die Möglichkeit erweckt, dass das Spiel ohne die Anhänger des Teams hinter verschlossenen Türen spielen würde","Mit der Sorge um mangelnde Transportmöglichkeiten wuchs die Wahrscheinlichkeit, dass das Spiel ohne die Fans der Mannschaft hinter verschlossenen Türen ausgetragen werden müsse.","Ängste vor mangelndem Transport erhöhten die Möglichkeit, dass das Spiel ohne die Anhänger des Teams hinter geschlossenen Türen ausgetragen werden müsste.",0.8168321847915649,0.792563259601593,0.8045147657394409,0.8370517492294312,0.8400474786758423,0.8385469317436218
339,Eine am Donnerstag in der Zeitschrift Science veröffentlichte Studie berichtete über die Bildung einer neuen Vogelarten auf den ecuadorianischen Galápagos,"Eine Studie, die am Donnerstag in der Zeitschrift Science veröffentlicht wurde, berichtete von der Entstehung einer neuen Vogelspezies auf den ecuadorianischen Galápagos-Inseln.",Eine am Donnerstag in der Zeitschrift Science veröffentlichte Studie berichtete über die Entstehung einer neuen Vogelart auf den ecuadorianischen Galapagos-Inseln.,0.9279927015304565,0.8886188268661499,0.907879114151001,0.9469544887542725,0.9286068677902222,0.9376909732818604
340,"Forscher der Princeton University in den Vereinigten Staaten und der Uppsala University in Schweden berichteten, dass die neue Art in nur zwei Generationen entwickelt wurde,","Forscher der Princeton University in den Vereinigten Staaten und der Uppsala University in Schweden berichteten, die neue Art habe sich innerhalb von nur zwei Generationen entwickelt, obwohl man zuvor angenommen hatte, dass dieser Vorgang aufgrund der Paarung zwischen einem einheimischen Darwinfink, Geospiza fortes, und dem eingewanderten Kaktusfink, Geospiza conirostris, viel länger dauerte.","Forscher der Princeton-Universität in den Vereinigten Staaten und der Uppsala-Universität in Schweden berichteten, dass die neue Art sich in nur zwei Generationen entwickelt hat, obwohl man zuvor angenommen hatte, dass dieser Prozess viel länger dauert, aufgrund der Fortpflanzung zwischen einem endemischen Darwin-Finken, Geospiza fortes, und dem einwanderen Kaktusfinken, Geospiza conirostris.",0.9230984449386597,0.7151412963867188,0.8059208989143372,0.9248027205467224,0.7165794372558594,0.8074836134910583
341,"Gold kann in jede Art von Formen gearbeitet werden, es kann in winzige Formen gerollt werden.",Gold kann zu verschiedensten Formen verarbeitet werden. Es kann in winzige Formen gerollt werden.,Gold kann in alle möglichen Formen verarbeitet werden. Es kann in winzige Formen gerollt werden.,0.9041635990142822,0.8928803205490112,0.8984864950180054,0.9264001846313477,0.9340048432350159,0.9301869869232178
342,"Es kann in dünnes Draht gezogen werden, das verdreht und platziert werden kann.","Es kann zu einem dünnen Draht gezogen werden, der gedreht und geflochten werden kann. Er kann gehämmert oder zu Blättern gerollt werden.","Es kann zu dünnem Draht gezogen werden, der gedreht und geflochten werden kann. Es kann zu Platten gehämmert oder gerollt werden.",0.8886584639549255,0.8431047201156616,0.8652825355529785,0.8991976976394653,0.8593448400497437,0.8788196444511414
343,"Es kann sehr dünn gemacht und auf andere Metalle gefestigt werden, so dünn, dass es manchmal verwendet wurde, um die handbemalten Bilder","Es kann sehr dünn gefertigt und auf anderes Metall geklebt werden. Es kann derart dünn gemacht werden, dass es manchmal dazu verwenwurde, um handgemalte Bilder, genannt Bilderhandschriften, in Büchern zu dekorieren, die Bilderhandschriften genannt werden.","Es kann sehr dünn gemacht werden und auf anderes Metall aufgeklebt werden. Es kann so dünn gemacht werden, dass es manchmal verwendet wurde, um die handgemalten Bilder in Büchern, die „illuminierte Manuskripte“ genannt werden, zu dekorieren.",0.8320519924163818,0.7425436973571777,0.7847537994384766,0.8763560652732849,0.7678263783454895,0.8185092806816101
344,"Das ist der pH eines Chemikalien, wobei man einen Indikator mit Rotkohlsaft erzeugen kann.",Dies nennt man den PH-Wert einer Chemikalie. Man kann mit rotem Kohlsaft einen Indikator herstellen.,Dies wird als pH-Wert einer Chemikalie bezeichnet. Sie können einen Indikator mit Rotkohl-Saft herstellen.,0.8352236151695251,0.8131229877471924,0.8240250945091248,0.866654098033905,0.8512024283409119,0.8588587641716003
345,Der Kohlsaft verändert die Farbe je nach Säure oder Grund (alkaline) der Chemikalie.,"Der Kohlsaft ändert seine Farbe, je nachdem wie sauer oder basisch (alkalisch) die Chemikalie ist.","Der Kohlensaft ändert die Farbe, je nachdem wie sauer oder basisch (alkalisch) die Chemikalie ist.",0.8447262048721313,0.8245162963867188,0.834498941898346,0.8466604948043823,0.8258823156356812,0.836142361164093
346,Der pH-Wert wird durch die Menge an Hydrogen (H in pH) Ionen in der getesteten Chemikalie angezeigt.,Der pH-Level weist auf die Menge der Wasserstoffionen (das H in pH) in den getesteten Chemikalien hin.,Der pH-Wert wird durch die Menge an Wasserstoffionen (dem H in pH) im getesteten Stoff angezeigt.,0.872107744216919,0.8760179281234741,0.8740584254264832,0.9058157205581665,0.9097809791564941,0.9077940583229065
347,"Hydrogenionen sind Protonen, die ihre Elektronen abgezogen haben (da Hydrogenatome aus einem Protonen und einem Elektron bestehen).","Wasserstoffionen sind Protonen, denen ihre Elektronen entzogen wurden (denn Wasserstoffatome bestehen aus einem Proton und einem Elektron).","Wasserstoffionen sind Protonen, denen ihre Elektronen entzogen wurden (da Wasserstoffatome aus einem Proton und einem Elektron bestehen).",0.9323961138725281,0.9238927364349365,0.9281249046325684,0.9445059299468994,0.93541419506073,0.9399380683898926
348,Die beiden Trockenpulver zusammenwirfen und dann mit sauberen Nasshanden in eine Kugel drücken.,"Mischen Sie die zwei Trockenpulver zusammen und formen Sie sie dann mit sauberen, nassen Händen zu einem Ball.","Vermischen Sie die beiden trockenen Pulver und drücken Sie sie dann mit sauberen, feuchten Händen zu einer Kugel.",0.8158126473426819,0.8079601526260376,0.811867356300354,0.8078399300575256,0.7972545623779297,0.8025123476982117
349,"Die Feuchtigkeit auf den Händen reagiert mit den äußeren Schichten, die sich lustig fühlen und eine Art Schale bilden.","Die Feuchtigkeit auf Ihren Händen reagiert mit den äußeren Schichten, was sich komisch anfühlt und eine Art Schutzschicht bildet.","Die Feuchtigkeit auf Ihren Händen wird mit den äußeren Schichten reagieren, was ein komisches Gefühl erzeugen und eine Art Schale bilden wird.",0.9121853113174438,0.903434157371521,0.9077886343002319,0.8740274906158447,0.8566742539405823,0.8652638792991638
350,"Die Städte Harappa und Mohenjo-daro hatten in fast jedem Haus eine Toilette, die an ein ausgeklügeltes Abwassersystem angeschlossen war.","Die Städte Harappa und Mohenjo-daro verfügten in fast jedem Haus über eine Spültoilette, die an ein ausgeklügeltes Abwassersystem angeschlossen war.","Die Städte Harappa und Mohenjo-Daro hatten in fast jedem Haus eine Spültoilette, die an ein ausgeklügeltes Abwassersystem angeschlossen war.",0.967698335647583,0.9481468796730042,0.957822859287262,0.9686707854270935,0.9581397771835327,0.963376522064209
351,In den Häusern der Minoischen Städte Kreta und Santorini in Griechenland wurden Reste der Abwassersysteme gefunden.,Reste von Abwassersystemen fand man in den Häusern der minoischen Städte auf Kreta und Santorini in Griechenland.,Überreste von Abwassersystemen wurden in den Häusern der minoischen Städte von Kreta und Santorini in Griechenland gefunden.,0.9263163208961487,0.919454038143158,0.9228723645210266,0.947659969329834,0.9362078309059143,0.9418991208076477
352,"In der römischen Zivilisation waren Toiletten manchmal Teil der öffentlichen Badehäuser, in denen Männer und Frauen zusammen in gemischter Gesellschaft waren.","Auch im alten Ägypten, Persien und China gab es Toiletten. In der römischen Kultur waren Toiletten manchmal Teil von öffentlichen Badehäusern, die Männer und Frauen in gemischter Gesellschaft besuchten.","Es gab auch Toiletten im alten Ägypten, Persien und China. In der römischen Zivilisation waren Toiletten manchmal Teil von öffentlichen Badehäusern, in denen Männer und Frauen gemeinsam in gemischter Gesellschaft waren.",0.9035511016845703,0.8711013197898865,0.8870295286178589,0.9645031690597534,0.8922098278999329,0.9269490242004395
353,"Wenn man jemanden anruft, der Tausende von Meilen entfernt ist, benutzt man einen Satelliten.","Wenn Sie jemanden anrufen, der Tausende von Meilen entfernt ist, dann nutzen Sie einen Satelliten.","Wenn Sie jemanden anrufen, der tausende von Kilometern entfernt ist, verwenden Sie ein Satellite.",0.9339537620544434,0.9289167523384094,0.9314284324645996,0.9011205434799194,0.9088091850280762,0.9049485325813293
354,Der Satelliten im Weltraum erhält den Anruf und spiegelt ihn dann fast sofort wieder zurück.,Der Satellit im Weltraum empfängt den Anruf und reflektiert ihn dann fast sofort zurück nach unten.,Der Satellit im Weltraum erhält den Anruf und spiegelt ihn dann fast sofort zurück.,0.9130229353904724,0.8820648193359375,0.8972768783569336,0.9751056432723999,0.9756699800491333,0.9753877520561218
355,"Der Satellit wurde von einer Rakete in den Weltraum geschickt, die Wissenschaftler nutzen Teleskope im Weltraum, weil die Atmosphäre der Erde einige unserer Licht","Der Satellit wurde von einer Rakete ins Weltall befördert. Wissenschaftler verwenden Teleskope im Weltall, weil die Erdatmosphäre unser Licht und unseren Blick etwas verzerrt.","Der Satellit wurde von einer Rakete ins All geschickt. Wissenschaftler nutzen Teleskope im Weltraum, weil die Erdatmosphäre einen Teil unseres Lichts und unserer Sicht verzerrt.",0.8773816823959351,0.8524892926216125,0.8647563457489014,0.8889837861061096,0.8467365503311157,0.8673459887504578
356,"Es braucht eine riesige Rakete über 100 Meter hoch, um ein Satelliten- oder Teleskop im Weltraum zu platzieren.","Es bedarf einer gigantischen Rakete mit einer Höhe von mehr als 100 Fuß, um einen Satelliten oder ein Teleskop in den Weltraum zu schießen.","Es braucht eine riesige Rakete von über 30 Metern Höhe, um einen Satelliten oder ein Teleskop ins All zu bringen.",0.8819286823272705,0.8701421022415161,0.8759957551956177,0.9050235748291016,0.9268234968185425,0.915793776512146
357,"Das Rad hat die Welt auf unglaubliche Weise verändert, und das größte, was das Rad für uns getan hat, ist viel einfacher und schneller Transport.","Das Rad hat die Welt in unglaublicher Weise verändert. Der größte Dienst, den das Rad uns erwiesen hat, ist sehr viel einfacherer und schnellerer Transport.","Das Rad hat die Welt auf unglaubliche Weise verändert. Das größte, was das Rad für uns getan hat, ist, dass es uns viel einfacheren und schnelleren Transport ermöglicht hat.",0.9156053066253662,0.9195420145988464,0.9175693988800049,0.9250303506851196,0.8997723460197449,0.9122266173362732
358,"Es hat uns den Zug, das Auto und viele andere Transportgeräte gebracht.","Es hat uns die Eisenbahn, das Auto und viele andere Transportmittel gebracht.","Es hat uns die Bahn, das Auto und viele andere Verkehrsmittel gebracht.",0.9434326887130737,0.9521381855010986,0.9477654695510864,0.9306960701942444,0.9416662454605103,0.936149001121521
359,"Unter ihnen sind mehr mittelgroße Katzen, die mittelgroße Beute essen, von Kaninchen bis zu Voralpen und Hirschen.","Unter ihnen stehen Katzen mittlerer Größe, die Beutetiere mittlerer Größe fressen, von Kaninchen bis hin zu Antilopen und Hirschen.","Unter ihnen befinden sich mittelgroße Katzen, die mittelgroße Beute fressen, die von Kaninchen bis zu Antilopen und Rehen reicht.",0.8413854837417603,0.8563359975814819,0.8487949371337891,0.8990495204925537,0.8937716484069824,0.8964028358459473
360,"Schließlich gibt es viele kleine Katzen (einschließlich lockerer Haustierkatzen), die die viel zahlreicheren kleinen Beute wie Insekten, Räder","Schließlich gibt es noch viele kleine Katzen (einschließlich frei herumstreunende Hauskatzen), die weitaus kleinere Beutetiere wie Insekten, Nagetiere, Eidechsen und Vögel fressen.","Schließlich gibt es viele kleine Katzen (einschließlich frei herumlaufender Haustiere), die die weitaus zahlreicheren kleinen Beutetiere wie Insekten, Nagetiere, Eidechsen und Vögel fressen.",0.8485805988311768,0.7893632054328918,0.8179014921188354,0.870035707950592,0.8071987628936768,0.8374401330947876
361,"Das Geheimnis für ihren Erfolg ist das Konzept der Nischen, eine besondere Aufgabe, die jede Katze hält, die sie davon abhält, mit anderen zu konkurr","Das Geheimnis ihres Erfolgs ist das Konzept der Nische, eine besondere Aufgabe, die jede Katze hat und die dafür sorgt, dass sie nicht mit anderen konkurriert.","Das Geheimnis ihres Erfolgs liegt im Konzept der Nische, einer speziellen Aufgabe, die jede Katze innehat und die sie davon abhält, mit anderen zu konkurrieren.",0.8678764700889587,0.861753523349762,0.8648041486740112,0.8809642791748047,0.8706732988357544,0.8757885694503784
362,"Löwen sind die sozialsten Katzen, die in großen Gruppen leben, die Stolz genannt werden.","Löwen sind die sozialsten Katzen. Sie leben in großen Gruppen, die Rudel genannt werden.","Löwen sind die geselligsten Katzen und leben in großen Gruppen, die Rudel genannt werden.",0.9177718162536621,0.9207680821418762,0.9192675352096558,0.9030137658119202,0.9035309553146362,0.9032722115516663
363,Die Prides sind aus einem bis drei verwandten erwachsenen Männern zusammen mit bis zu dreißig Weiben und Kuben.,Die Rudel bestehen aus ein bis drei verwandten erwachsenen Männchen sowie bis zu dreißig Weibchen und Jungen.,"Stolze bestehen aus ein bis drei verwandten erwachsenen Männchen, zusammen mit bis zu dreißig Weibchen und Jungen.",0.8366461992263794,0.8493517637252808,0.8429511189460754,0.8482376337051392,0.8577848672866821,0.8529845476150513
364,Die Weibchen sind in der Regel eng miteinander verbunden und sind eine große Familie von Schwestern und Töchtern.,"Frauen haben normalerweise eine enge Beziehung zueinander, wenn sie in einer großen Familie mit Schwestern und Töchtern leben.",Die Weibchen sind normalerweise eng miteinander verwandt und bilden eine große Familie von Schwestern und Töchtern.,0.805418848991394,0.7841575741767883,0.7946459650993347,0.9494485855102539,0.954407811164856,0.9519217014312744
365,"Löwen Stolz agieren wie Wölfe oder Hunde, Tiere überraschend ähnlich wie Löwen (aber nicht andere Großkatzen) in","Löwenrudel agieren ähnlich wie Wolfs- oder Hunderudel, Tiere, die den Löwen (aber nicht anderen Großkatzen) im Verhalten überraschend ähneln und ebenso tödlich gegenüber ihrer Beute sind.","Löwenrudel agieren ähnlich wie Wolfs- oder Hundemeuten, Tiere, die im Verhalten überraschend ähnlich wie Löwen sind (aber nicht wie andere große Katzen) und auch sehr tödlich für ihre Beute.",0.7881593704223633,0.7347055673599243,0.7604943513870239,0.795237123966217,0.7498505115509033,0.7718772292137146
366,"Ein gut ausgebildeter Athlet, der Tiger kann klettern (obwohl nicht gut), schwimmen, große Entfernungen stürzen und mit fünfmal der Kraft","Als vielseitiger Athlet kann der Tiger klettern (wenn auch nicht besonders gut), schwimmen, große Strecken springen und mit der fünffachen Kraft eines starken Menschen ziehen.","Ein vielseitiger Athlet, kann der Tiger klettern (wenn auch nicht besonders gut), schwimmen, große Distanzen springen und mit fünfmal so viel Kraft ziehen wie ein starker Mensch.",0.8757400512695312,0.8562226891517639,0.8658714294433594,0.9022598266601562,0.8607913255691528,0.8810378313064575
367,"Der Tiger ist in der gleichen Gruppe (Genus Panthera) wie Löwen, Leoparden und Jaguars, und diese vier Katzen sind die einzigen, die","Der Tiger befindet sich in derselben Gruppe (Gattung Panthera) wie Löwen, Leoparden und Jaguare. Diese vier Katzen sind die einzigen, die brüllen können.","Der Tiger gehört zur gleichen Gruppe (Gattung Panthera) wie Löwen, Leoparden und Jaguare. Diese vier Katzen sind die einzigen, die brüllen können.",0.9140181541442871,0.8839026689529419,0.8987082242965698,0.9104243516921997,0.8828655481338501,0.8964331746101379
368,"Der Gerücht des Tigers ist nicht wie das vollgesangte Gerücht eines Löwen, sondern eher wie ein Satz schrei","Das Gebrüll des Tigers hört sich nicht so an wie das vollmundige Gebrüll des Löwens, sondern eher wie ein Satz aus knurrigen gebrüllten Worten.","Der Schrei des Tigers ist nicht wie das volle Brüllen eines Löwen, sondern eher wie ein Satz von knurrenden, geschrienen Worten.",0.8325550556182861,0.7938761711120605,0.8127556443214417,0.8038558959960938,0.7965900897979736,0.8002065420150757
369,"Ocelots lieben es, kleine Tiere zu essen, sie fangen Affen, Schlangen, Rodeln und Vögel, wenn sie es","Ozelots fressen kleine Tiere. Wenn sie können, erbeuten sie Affen, Schlangen, Nagetiere und Vögel. Fast alle Tiere, die der Ozelot jagt, sind wesentlich kleiner als er selbst.","Ozelots fressen gerne kleine Tiere. Sie fangen Affen, Schlangen, Nagetiere und Vögel, wenn sie können. Fast alle Tiere, die der Ozelot jagt, sind um ein Vielfaches kleiner als er selbst.",0.7218353748321533,0.6822317838668823,0.7014750242233276,0.7424317598342896,0.6807624101638794,0.7102609276771545
370,"Wissenschaftler denken, dass Ocelots folgen und Tiere finden, die (Poison) durch Geruch zu essen, spürt nach, wo","Wissenschaftler denken, dass Ozelote Tiere zum Fressen (Beute) mit ihrem Geruchssinn verfolgen und aufspüren. Sie schnuppern danach, wo sie sich am Boden aufgehalten haben.","Wissenschaftler glauben, dass Ozelots Tieren folgen und sie finden, um sie zu fressen (Beute), indem sie den Geruch wahrnehmen und sniffen, wo sie am Boden gewesen sind.",0.7666009664535522,0.7225639820098877,0.7439313530921936,0.7803838849067688,0.7412649393081665,0.7603214979171753
371,Ocelots hunt their prey by blending in with their surroundings then pouncing on their prey.,"Sie können in der Dunkelheit mit Nachtsicht sehr gut sehen und sich unbemerkt bewegen. Ozelots jagen ihre Beute, indem sie sich ihrer Umgebung optisch angleichen und sich dann auf ihre Beute stürzen.","Sie können im Dunkeln mit Nachtsicht sehr gut sehen und sich auch sehr heimlich bewegen. Ozelots jagen ihre Beute, indem sie sich mit ihrer Umgebung vermischen und dann auf ihre Beute aufspringen.",0.7550801634788513,0.6866194009780884,0.7192243337631226,0.7626304626464844,0.6987330913543701,0.7292848229408264
372,"Wenn eine kleine Gruppe von lebenden Dingen (eine kleine Bevölkerung) von der Hauptbevölkerung getrennt wird, aus der sie kamen (wie ob sie sich über","Wenn eine kleine Gruppe von Lebewesen (eine kleine Population) von der Hauptpopulation, aus der sie stammt, getrennt wird (z. B. wenn sie über eine Bergkette oder einen Fluss ziehen oder wenn sie auf eine neue Insel umsiedeln, so dass sie nicht leicht zurückkehren können), werden sie sich oft in einer anderen Umgebung wiederfinden als zuvor.","Wenn eine kleine Gruppe lebender Dinge (eine kleine Population) von der Hauptpopulation, aus der sie stammen, getrennt wird (zum Beispiel wenn sie über eine Gebirgskette oder einen Fluss ziehen oder wenn sie auf eine neue Insel ziehen, sodass sie nicht einfach zurückkehren können), finden sie sich oft in einer anderen Umgebung wieder als zuvor.",0.7911628484725952,0.7119606137275696,0.7494750022888184,0.8052642345428467,0.7323617935180664,0.7670847773551941
373,"Dieses neue Umfeld hat unterschiedliche Ressourcen und unterschiedliche Konkurrenten, so dass die neue Bevölkerung unterschiedliche Merkmale oder Anpassungen benötigen wird, um ein starker Kon","Dieses neue Umfeld hat andere Ressourcen und andere Konkurrenten, so dass die neue Bevölkerung andere Merkmale oder Anpassungen benötigt, um ein starker Konkurrent zu sein, als das, was sie vorher gebraucht hat.","Diese neue Umgebung verfügt über andere Ressourcen und unterschiedliche Konkurrenten, sodass die neue Population andere Merkmale oder Anpassungen benötigen wird, um ein starker Wettbewerber zu sein, als sie zuvor gebraucht wurden.",0.8669713735580444,0.818588137626648,0.8420853614807129,0.8801490068435669,0.8265520334243774,0.8525089025497437
374,"Die ursprüngliche Bevölkerung hat sich überhaupt nicht verändert, sie benötigen immer noch die gleichen Anpassungen wie zuvor.",Die ursprüngliche Population hat sich überhaupt nicht verändert. Sie braucht noch immer dieselben Anpassungen wie zuvor.,"Die ursprüngliche Bevölkerung hat sich überhaupt nicht verändert, sie benötigt immer noch die gleichen Anpassungen wie zuvor.",0.9023318290710449,0.9129964709281921,0.9076327681541443,0.9625391364097595,0.9791160821914673,0.9707568287849426
375,"Im Laufe der Zeit, da sich die neue Bevölkerung an ihre neue Umgebung anpasst, scheinen sie immer weniger wie die andere Bevölkerung aus.","Mit der Zeit beginnt sich die neue Population an ihre neue Umgebung anzupassen, und dann sieht sie der anderen Population immer weniger ähnlich.","Im Laufe der Zeit, wenn die neue Population beginnt, sich an ihre neue Umgebung anzupassen, sehen sie immer weniger wie die andere Population aus.",0.8170669674873352,0.8275206685066223,0.8222606182098389,0.9003356695175171,0.8924277424812317,0.8963642120361328
376,"Letztendlich werden die beiden Populationen nach Tausenden oder sogar Millionen von Jahren so unterschiedlich aussehen, dass sie nicht die gleiche Art benannt werden können.","Nach Tausenden oder sogar Millionen Jahren sehen zwei Populationen dann so unterschiedlich aus, dass sie nicht mehr derselben Art zugeordnet werden können.","Schließlich, nach Tausenden oder sogar Millionen von Jahren, werden die beiden Populationen so unterschiedlich aussehen, dass sie nicht mehr als dieselbe Art bezeichnet werden können.",0.8726812601089478,0.9021546244621277,0.8871732354164124,0.9332690238952637,0.9209942817687988,0.9270910620689392
377,"Wir nennen diesen Prozess Speziation, das heißt nur die Bildung neuer Arten, Speziation ist eine unvermeidliche Folge und ein sehr wichtiger Teil der Evolution.","Diesen Vorgang nennen wir Speziation, womit einfach das Entstehen neuer Arten gemeint ist. Speziation ist eine unvermeidliche Konsequenz und ein sehr wichtiger Teil der Evolution.","Wir nennen diesen Prozess Artbildung, was einfach die Entstehung neuer Arten bedeutet. Artbildung ist eine unvermeidliche Folge und ein sehr wichtiger Teil der Evolution.",0.8943498730659485,0.8541598320007324,0.8737930059432983,0.9173282980918884,0.9172075986862183,0.9172679781913757
378,"Pflanzen machen Sauerstoff, den Menschen atmen, und sie nehmen Kohlendioxid, den Menschen ausatmen (das heißt, Atemwege).","Pflanzen generieren Sauerstoff, den Menschen einatmen, und sie nehmen das Kohlendioxid auf, das Menschen ausstoßen (das heißt, ausatmen).","Pflanzen erzeugen Sauerstoff, den Menschen einatmen, und sie nehmen Kohlendioxid auf, das Menschen ausatmen (das heißt, ausatmen).",0.8931490182876587,0.8806505799293518,0.8868557214736938,0.9029512405395508,0.9001805782318115,0.901563823223114
379,Die Pflanzen erzeugen ihre Nahrungsmittel von der Sonne durch Photosynthese und sorgen außerdem für Schatten.,Pflanzen produzieren ihre Nahrung über die Sonne durch Photosynthese. Außerdem spenden sie Schatten.,Pflanzen stellen ihr Futter durch Fotosynthese aus der Sonne her. Sie spenden auch Schatten.,0.8822737336158752,0.8935998678207397,0.8879006505012512,0.8524852395057678,0.8600054383277893,0.8562288284301758
380,"Wir machen unsere Häuser aus Pflanzen und machen Kleidung aus Pflanzen, die meisten Lebensmittel, die wir essen, sind Pflanzen.",Wir bauen unsere Häuser aus Pflanzen und stellen Kleidung aus Pflanzen her. Wir ernähren uns hauptsächlich von Pflanzen. Ohne Pflanzen könnten Tiere nicht überleben.,"Wir bauen unsere Häuser aus Pflanzen und machen Kleidung aus Pflanzen. Die meisten Lebensmittel, die wir essen, sind Pflanzen. Ohne Pflanzen könnten Tiere nicht überleben.",0.82756507396698,0.8168971538543701,0.8221965432167053,0.9450997710227966,0.8888553977012634,0.9161151051521301
381,"Mosasaurus war der apex predator seiner Zeit, so dass es nichts fürchtet, außer andere Mosasauren.","Der Mosasaurus war das größte Raubtier seiner Zeit, somit fürchtete er sich vor nichts außer anderen Mosasauriern.","Der Mosasaurus war der Spitzenräuber seiner Zeit, daher fürchtete er nichts, außer anderen Mosasauriern.",0.8325719237327576,0.8295258283615112,0.8310461044311523,0.8577353954315186,0.8483657836914062,0.8530248403549194
382,"Seine langen Kiefer wurden mit mehr als 70 Rasierzähnen verdrängt, zusammen mit einem zusätzlichen Satz im Munddach, was bedeutet, dass","Seine langen Kiefer waren mit mehr als 70 messerscharfen Zähnen ausgestattet, zuzüglich eines weiteren Satzes am Gaumen, was bedeutete, dass es kein Entkommen für irgendein Tier gab, das seinen Weg kreuzte.","Sein langer Kiefer war mit mehr als 70 rasiermesserscharfen Zähnen besetzt, zusammen mit einem zusätzlichen Satz im Dach seines Mauls, was bedeutete, dass es für alles, was seinen Weg kreuzte, kein Entkommen gab.",0.8215664625167847,0.740558385848999,0.7789619565010071,0.8389819860458374,0.7522366046905518,0.7932447791099548
384,"Es hat auch alles angegriffen, was ins Wasser kam; sogar ein riesiger Dinosaurier wie T. rex wäre dafür nicht geeignet.","Er griff auch alles an, was ins Wasser kam; selbst ein großer Dinosaurier wie der T. Rex war ihm nicht gewachsen.","Es griff auch alles an, was ins Wasser eintauchte; selbst ein riesiger Dinosaurier wie der T. rex hätte keine Chance gegen es.",0.8555485606193542,0.8599446415901184,0.8577409386634827,0.8891929388046265,0.8778860569000244,0.8835033178329468
385,"Während die meisten ihrer Speisen uns vertraut wären, hatten die Römer ihren Anteil an seltsamen oder ungewöhnlichen Festgegenständen, darunter","Während uns der Großteil ihrer Nahrung bekannt sein dürfte, hatten die Römer doch ihren Anteil an merkwürdigen oder ungewöhnlichen Festmahlzeiten, darunter Wildschwein, Pfau, Schnecken und eine Art Nagetier namens Siebenschläfer.","Während die meisten ihrer Lebensmittel uns vertraut wären, hatten die Römer auch ihre seltsamen oder ungewöhnlichen Festtagsgerichte, darunter Wildschweine, Pfauen, Schnecken und eine Art von Nagetier, das als Schlafmaulwurf bekannt ist.",0.823042631149292,0.7285497188568115,0.7729188799858093,0.8638700246810913,0.741199791431427,0.7978472113609314
386,"Ein weiterer Unterschied war, dass während die armen Menschen und die Frau ihr Essen während des Sitzens in Stühlen essen, die reichen Männer gern gemeinsam Bankette","Ein anderer Unterschied war, dass die armen Leute und die Frauen ihr Essen auf Stühlen sitzend aßen. Die reichen Männer hielten dagegen lieber gemeinsame Bankette ab, bei denen sie auf der Seite lagen, während sie ihre Mahlzeiten verspeisten.","Ein weiterer Unterschied war, dass während die armen Leute und die Frauen ihr Essen sitzend auf Stühlen einnahmen, die reichen Männer es bevorzugten, gemeinsam Bankette abzuhalten, bei denen sie sich auf die Seite liegend ihren Mahlzeiten widmeten.",0.8335645794868469,0.7612433433532715,0.7957642078399658,0.8386882543563843,0.7486090660095215,0.7910926938056946
387,"Alte römische Mahlzeiten hätten keine Nahrungsmittel enthalten können, die in den letzten Jahrhunderten aus Amerika oder Asien nach Europa kamen.","Gerichte des alten Roms konnten keine Nahrungsmittel enthalten, die in späteren Jahrhunderten aus Amerika oder Asien nach Europa kamen.","Die Mahlzeiten der alten Römer konnten keine Nahrungsmittel enthalten, die in späteren Jahrhunderten aus Amerika oder Asien nach Europa kamen.",0.9044064879417419,0.9079610109329224,0.9061802625656128,0.9377818703651428,0.9364886283874512,0.9371348023414612
388,"So hatten sie beispielsweise keinen Mais, keine Tomaten, keine Kartoffeln, keinen Kakao, und kein altes Römisches schmeckte je eine Türkei.","Sie hatten zum Beispiel weder Mais noch Tomaten noch Kartoffeln noch Kakao, und kein alter Römer hat jemals einen Truthahn gekostet.","Zum Beispiel hatten sie keinen Mais, keine Tomaten, keine Kartoffeln, keinen Kakao, und kein antiker Römer hat jemals einen Truthahn gekostet.",0.7984172105789185,0.8030649423599243,0.8007343411445618,0.8771339058876038,0.8652923107147217,0.8711729049682617
389,"Die Babylonier bauten jeden ihrer Götter einen primären Tempel, der als Heimat des Gottes galt.","Die Babylonier bauten jedem ihrer Götter einen Haupttempel, der als Haus des Gottes betrachtet wurde.","Die Babylonier bauten jedem ihrer Götter einen Haupttempel, der als Zuhause des Gottes galt.",0.9353600144386292,0.931006908416748,0.9331784248352051,0.9435275793075562,0.9319149851799011,0.9376853704452515
390,"Die Menschen würden Opfer für die Götter bringen und die Priester würden versuchen, die Bedürfnisse der Götter durch Zeremonien und Feste zu erfüllen.",Man brachte den Göttern Opfer dar und die Priester versuchten durch Zeremonien und Feste dem Willen der Götter zu entsprechen.,"Die Menschen brachten Opfergaben zu den Göttern, und die Priester versuchten, den Bedürfnissen der Götter durch Zeremonien und Feste gerecht zu werden.",0.8303941488265991,0.8508782386779785,0.8405113816261292,0.8869826793670654,0.8877208232879639,0.8873515725135803
391,"Jeder Tempel hatte einen offenen Tempelhof und dann ein inneres Heiligtum, das nur die Priester betreten konnten.","Jeder Tempel hatte einen offenen Tempelhof und dann einen inneren Altarraum, der nur von Priestern betreten werden durfte.","Jeder Tempel hatte einen offenen Tempelhof und dann ein inneres Heiligtum, das nur von den Priestern betreten werden durfte.",0.9087597727775574,0.918281078338623,0.9134956002235413,0.9769045114517212,0.9537038207054138,0.9651647806167603
392,"Manchmal wurden spezielle pyramidenförmige Türme, genannt Ziziggurats, gebaut, um Teil der Tempel zu sein.","Manchmal wurden spezielle pyramidenförmige Türme, Zikkurats genannt, als Teil der Tempel errichtet.","Manchmal wurden spezielle pyramidenförmige Türme, die Ziggurate genannt werden, errichtet, um Teil der Tempel zu sein.",0.8996074199676514,0.9358557462692261,0.9173736572265625,0.9500871300697327,0.9359198212623596,0.9429503083229065
393,Die Spitze des Turms war ein besonderes Heiligtum für den Gott.,Die Spitze des Turmes war ein spezielles Heiligtum für den Gott.,Die Spitze des Turms war ein besonderer Heiligtum für den Gott.,0.9875893592834473,0.9875893592834473,0.9875893592834473,0.992979109287262,0.992979109287262,0.992979109287262
394,Im warmen Klima des Nahen Ostens war das Haus nicht so wichtig.,Im warmen Klima des Mittleren Ostens kamen Häusern keine so große bedeutung zu.,In dem warmen Klima des Nahen Ostens war das Haus nicht so wichtig.,0.8837929964065552,0.8379119634628296,0.860241174697876,0.9920305013656616,0.9822165966033936,0.9870991706848145
395,Der größte Teil des Lebens der hebräischen Familie ereignete sich in der freien Luft.,Der größte Teil des Lebens der hebräischen Familie spielte sich unter freiem Himmel ab.,Der Großteil des Lebens der hebräischen Familie fand im Freien statt.,0.9171068668365479,0.9218273162841797,0.9194610118865967,0.8864645957946777,0.917163074016571,0.9015524983406067
396,"Die Frauen kochten im Hof; die Geschäfte waren nur offene Schalter, die in die Straße blickten.",Die Frauen kochten im Hof. Geschäfte bestanden einfach aus zur Straße offenen Ladentheken. Zum Hausbau wurde Stein verwendet.,Frauen kochten im Hof; Ladentheken waren nur offene Fenster zur Straße. Stein wurde zum Bauen von Häusern verwendet.,0.7937873601913452,0.797244668006897,0.7955122590065002,0.7877562046051025,0.7876210808753967,0.787688672542572
397,"Im Land von Canaan gab es keine großen Wälder, daher war Holz extrem teuer.","Im Land Kanaan gab es keine großen Wälder, so dass Holz extrem teuer war.","Es gab keine großen Wälder im Land Kanaan, daher war Holz äußerst teuer.",0.948771595954895,0.9455056190490723,0.9471357464790344,0.9423937797546387,0.9520840644836426,0.9472141265869141
398,"Grönland wurde dünn besiedelt, in den Norse-Sagas sagt man, dass Erik der Rote aus Island wegen Mord ausgewiesen wurde und","Grönland war spärlich besiedelt. In den altnordischen Sagen heißt es, dass Erik der Rote wegen Mordes aus Island verbannt wurde. Als er weiter nach Westen reiste, fand er Grönland und gab ihm den Namen Grönland.","Grönland wurde nur spärlich besiedelt. In den nordischen Sagen heißt es, dass Erik der Rote wegen Mordes aus Island verbannt wurde und als er weiter nach Westen reiste, fand er Grönland und nannte es Grönland.",0.8411551713943481,0.7753703594207764,0.8069241642951965,0.8531479239463806,0.7888810634613037,0.819756805896759
399,Aber ungeachtet seiner Entdeckung lebten die Eskimo-Stämme bereits dort.,Aber unabhängig von seiner Entdeckung lebten Eskimo-Stämme dort bereits zu jener Zeit.,Aber unabhängig von seiner Entdeckung lebten zu dieser Zeit bereits Eskimo-Stämme dort.,0.9124650955200195,0.8982540965080261,0.9053037762641907,0.9124436378479004,0.8933718800544739,0.9028071165084839
400,"Obwohl jedes Land 'Scandinavien' war, gab es viele Unterschiede zwischen den Völkern, Königen, Bräuchen und Geschichte Dän","Obwohl alle Länder „skandinavisch“ waren, gab es viele Unterschiede zwischen den Menschen, den Königen, den Bräuchen und der Geschichte von Dänemark, Schweden, Norwegen und Island.","Obwohl jedes Land 'skandinavisch' war, gab es viele Unterschiede zwischen den Menschen, Königen, Bräuchen und der Geschichte Dänemarks, Schwedens, Norwegens und Islands.",0.8287308812141418,0.7973763942718506,0.8127514123916626,0.8734848499298096,0.822110652923584,0.8470194935798645
401,"Wenn Sie den Film National Treasure beobachtet haben, können Sie denken, dass eine Schatzkarte auf der Rückseite der Unabhängigkeitserklärung geschrieben wurde.","Wenn Sie den Film „Das Vermächtnis der Tempelritter“ gesehen haben, denken Sie vielleicht, dass auf die Rückseite der Unabhängigkeitserklärung eine Schatzkarte gezeichnet wurde.","Wenn Sie den Film ""National Treasure"" gesehen haben, denken Sie vielleicht, dass eine Schatzkarte auf der Rückseite der Unabhängigkeitserklärung geschrieben wurde.",0.9045182466506958,0.8434974551200867,0.8729428052902222,0.9718565344810486,0.9529002904891968,0.9622851014137268
402,"Das stimmt jedoch nicht, obwohl es auf der Rückseite des Dokuments etwas geschrieben hat, ist es keine Schatzkarte.","Das stimmt allerdings nicht. Obwohl auf der Rückseite des Schriftstücks etwas geschrieben steht, handelt es sich nicht um eine Schatzkarte.","Das ist jedoch nicht wahr. Obwohl etwas auf der Rückseite des Dokuments geschrieben steht, ist es keine Schatzkarte.",0.8894022703170776,0.8756598234176636,0.8824775815010071,0.8904072642326355,0.9003921747207642,0.8953719139099121
403,"Auf der Rückseite der Unabhängigkeitserklärung wurden die Worte ""Original Declaration of Independence vom 4. Juli 1776"" geschrieben.","Auf die Rückseite der Unabhängigkeitserklärung waren die Worte „ursprüngliche Unabhängigkeitserklärung, datiert auf den 4. Juli 1776“ geschrieben. Der Text befindet sich kopfüber an der Unterseite des Dokuments.","Auf der Rückseite der Unabhängigkeitserklärung standen die Worte „Ursprüngliche Unabhängigkeitserklärung datiert vom 4. Juli 1776“. Der Text erscheint am unteren Rand des Dokuments, auf dem Kopf stehend.",0.8963057994842529,0.8317902088165283,0.8628437519073486,0.8932768106460571,0.8266654014587402,0.8586812615394592
404,"Obwohl niemand weiß, wer es geschrieben hat, ist bekannt, dass früh in seinem Leben das große Pergamentdokument (es muß 293","Zwar weiß niemand mit Sicherheit, wer es geschrieben hat, es ist allerdings bekannt, dass das große Pergamentdokument (welches 29¾ Zoll x 24½ Zoll misst) zu Beginn seines Lebens zur Aufbewahrung zusammengerollt wurde.","Während niemand genau weiß, wer es geschrieben hat, ist bekannt, dass das große Pergamentdokument (es misst 29¾ Zoll mal 24½ Zoll) zu Beginn seiner Existenz zur Aufbewahrung gerollt wurde.",0.8507398366928101,0.7421067953109741,0.7927188873291016,0.8608752489089966,0.7593448758125305,0.806928813457489
405,"Es ist also wahrscheinlich, dass die Notation nur als Etikett hinzugefügt wurde.","Es ist also möglich, dass der Vermerk einfach als Kennzeichnung hinzugefügt wurde.","Es ist also wahrscheinlich, dass die Notation einfach als Etikett hinzugefügt wurde.",0.8547860383987427,0.8553216457366943,0.8550537824630737,0.9839446544647217,0.9839446544647217,0.9839446544647217
406,"Die D-Day-Landungen und die folgenden Schlachten hatten den Norden Frankreichs freigelassen, aber der Süden war immer noch nicht frei.","Die Landung am D-Day und die darauffolgenden Gefechte haben den Norden Frankreichs befreit, aber der Süden war noch immer nicht frei.","Die Landungen am D-Day und die anschließenden Kämpfe hatten den Norden Frankreichs befreit, aber der Süden war noch nicht frei.",0.9239543676376343,0.9105865359306335,0.9172217845916748,0.9281319379806519,0.9244261980056763,0.926275372505188
407,"Sie wurde von den ""Vichy"" Franzosen regiert, die 1940 mit den Deutschen Frieden geschlossen hatten und mit den Invasoren zusammenarbeiteten, anstatt sie","""Er wurde von den „Vichy""""-Franzosen beherrscht. Dies waren Franzosen, die im Jahr 1940 mit den Deutschen Frieden geschlossen hatten und mit den Eroberern arbeiteten, anstatt sie zu bekämpfen.""","Es wurde von den ""Vichy""-Franzosen regiert. Dies waren französische Menschen, die 1940 Frieden mit den Deutschen geschlossen hatten und mit den Eindringlingen zusammenarbeiteten, anstatt gegen sie zu kämpfen.",0.8665897250175476,0.7974098920822144,0.8305618166923523,0.8874941468238831,0.8360974788665771,0.8610295653343201
408,"Am 15. August 1940 eroberten die Alliierten Südfrankreich, die Invasion wurde als ""Operation Dragoon"" bezeichnet.",Am 15. August 1940 fielen die Alliierten in Südfrankreich ein; die Invasion wurde „Operation Dragoon“ genannt.,"Am 15. August 1940 landeten die Alliierten in Südfrankreich, die Invasion wurde ""Operation Dragoon"" genannt.",0.9230889081954956,0.9221231937408447,0.9226058125495911,0.9499944448471069,0.955319881439209,0.9526497721672058
409,In nur zwei Wochen hatten die Amerikaner und die Freien französischen Streitkräfte Südfrankreich befreit und sich in Richtung Deutschland gewendet,Nach nur zwei Wochen hatten die Amerikaner und die französischen Befreiungstruppen den Süden Frankreichs befreit und wandten sich Richtung Deutschland.,In nur zwei Wochen hatten die amerikanischen und die Freien Französischen Truppen den südlichen Teil Frankreichs befreit und wandten sich Deutschland zu.,0.8421012163162231,0.8348590135574341,0.8384644389152527,0.8471444845199585,0.8521292209625244,0.8496295213699341
410,"Eine Zivilisation ist eine einzigartige Kultur, die von einer bedeutenden großen Gruppe von Menschen geteilt wird, die kooperativ leben und arbeiten, eine Gesellschaft.","Eine Zivilisation ist eine eigenständige Kultur, die von einer signifikant großen Gruppe von Menschen geteilt wird, die zusammen leben und arbeiten, einer Gesellschaft.","Eine Zivilisation ist eine einzigartige Kultur, die von einer erheblich großen Gruppe von Menschen geteilt wird, die kooperativ leben und arbeiten, eine Gesellschaft.",0.9209562540054321,0.9314907193183899,0.9261934757232666,0.9943808913230896,0.9935735464096069,0.9939770698547363
411,"Das Wort Zivilisation kommt aus dem lateinischen Zivilis, was zivil ist, mit dem lateinischen Zivilis verbunden ist, was Bürger bedeutet, und ci","Das Wort Zivilisation kommt vom lateinischen civilis, welches zivil bedeutet, verwandt mit dem lateinischen civis, welches Bürger bedeutet, und civitas, welches Stadt oder Stadtstaat bedeutet und das auch irgendwie die Größe einer Gesellschaft definiert.","Das Wort Zivilisation stammt vom lateinischen civilis, was zivil bedeutet, und ist verwandt mit dem lateinischen civis, was Bürger bedeutet, sowie civitas, was Stadt oder Stadtstaat bedeutet, und das definiert auch irgendwie die Größe der Gesellschaft.",0.8330265283584595,0.7738988399505615,0.8023748397827148,0.825397253036499,0.7717647552490234,0.7976804971694946
412,"Die Stadtstaaten sind die Vorläufer der Nationen: Eine Kultur der Zivilisation impliziert die Weitergabe von Wissen über mehrere Generationen, eine anhaltende kulturelle","Stadtstaaten sind die Vorläufer der Nationen. Eine zivilisierte Kultur impliziert die Weitergabe von Wissen über mehrere Generationen hinweg, einen anhaltenden kulturellen Fußabdruck und eine angemessene Verbreitung.","Die Stadtstaaten sind die Vorläufer der Nationen. Eine zivilisatorische Kultur impliziert die Weitergabe von Wissen über mehrere Generationen, einen anhaltenden kulturellen Fußabdruck und eine gerechte Verbreitung.",0.8982175588607788,0.8435720801353455,0.8700376152992249,0.9073067307472229,0.8579916954040527,0.881960391998291
413,"Minderjährige Kulturen verschwinden oft, ohne relevante historische Beweise zu hinterlassen und nicht als echte Zivilisationen anerkannt zu werden.","Kleinere Kulturen verschwinden oft, ohne relevante historische Zeugnisse zu hinterlassen und versäumen es, als regelrechte Zivilisationen anerkannt zu werden.","Kleinere Kulturen verschwinden oft, ohne relevante historische Beweise zu hinterlassen, und werden nicht als würdige Zivilisationen anerkannt.",0.9195259809494019,0.9003211259841919,0.9098221659660339,0.9241198301315308,0.9196425080299377,0.9218757152557373
414,Während des Revolutionskrieges bildeten die dreizehn Staaten zunächst eine schwache Zentralregierung – wobei der Kongress seine einzige Komponente,"Während der Revolutionskämpfe formten die 13 Bundesstaaten auf Basis des Bundesvertrages zuerst eine schwache Zentralregierung, die nur aus dem Kongress bestand.",Während des Unabhängigkeitskrieges bildeten die dreizehn Staaten zunächst eine schwache Zentralregierung – wobei der Kongress ihr einziges Organ war – unter den Artikel der Konföderation.,0.8579858541488647,0.8360428214073181,0.8468722701072693,0.9293683767318726,0.8551555275917053,0.8907187581062317
415,"Der Kongress fehlte jeglicher Befugnis, Steuern zu verhängen, und weil es keine nationale Exekutive oder Justiz gab, stützte","Der Kongress war nicht befugt, Steuern zu erheben, und da es weder eine nationale Exekutive noch eine nationale Justiz gab, verließ er sich bei der Durchsetzung all seiner Gesetze auf die Behörden der Bundesstaaten, die oftmals nicht kooperierten.","Der Kongress hatte keine Befugnis, Steuern zu erheben, und da es keine nationale Exekutive oder Judikative gab, war er auf die Staatbehörden angewiesen, die oft unkooperativ waren, um alle seine Beschlüsse durchzusetzen.",0.8166835308074951,0.7612556219100952,0.7879960536956787,0.8466302156448364,0.7715686559677124,0.8073585629463196
416,"Sie hatte auch keine Befugnis, Steuergesetze und Zölle zwischen den Staaten zu übertreffen.","Er hatte zudem keine Befugnis, Steuergesetze und Zölle zwischen Bundesstaaten außer Kraft zu setzen.","Es hatte auch keine Befugnis, Steuer- und Zollgesetze zwischen den Bundesstaaten zu überschreiben.",0.9282245635986328,0.9249985218048096,0.9266087412834167,0.9093980193138123,0.8991357684135437,0.9042378067970276
417,"Die Artikel erforderten die einstimmige Zustimmung aller Staaten, bevor sie geändert werden konnten, und die Staaten nahmen die Zentralregierung so leicht, dass ihre","Die Artikel erforderten die einstimmige Zustimmung aller Staaten, bevor sie geändert werden konnten, und die Staaten nahmen die Zentralregierung so wenig ernst, dass ihre Repräsentanten oftmals abwesend waren.","Die Artikel erforderten die einstimmige Zustimmung aller Staaten, bevor sie geändert werden konnten, und die Staaten nahmen die Zentralregierung so leicht, dass ihre Vertreter oft abwesend waren.",0.9534860849380493,0.8621091842651367,0.9054981470108032,0.9621297717094421,0.9096394777297974,0.9351486563682556
418,"Italiens Nationalfußball, zusammen mit der deutschen Nationalfußballmannschaft, ist die zweit erfolgreichste Mannschaft der Welt und war 2006 Champions der FIFA World Cup.",Die italienische Fußballnationalmannschaft ist zusammen mit der deutschen Fußballnationalmannschaft die zweiterfolgreichste der Welt und war 2006 FIFA-Weltmeister.,Die italienische Nationalmannschaft im Fußball gehört zusammen mit der deutschen Nationalmannschaft zu den erfolgreichsten Teams der Welt und war 2006 FIFA-Weltmeister.,0.8435910940170288,0.8625702857971191,0.8529751300811768,0.8264856338500977,0.860883355140686,0.843333899974823
419,"Zu den beliebtesten Sportarten gehören Fußball, Basketball, Volleyball, Wasserpolo, fencing, rugby, cycling, ice hockey, roller hockey und F1 motor racing.","Zu den beliebten Sportarten gehören Fußball, Basketball, Volleyball, Wasserball, Fechten, Rugby, Radfahren, Eishockey, Rollhockey und Formel-1-Motorsport.","Beliebte Sportarten sind Fußball, Basketball, Volleyball, Wasserball, Fechten, Rugby, Radfahren, Eishockey, Rollhockey und Formel-1-Motorsport.",0.9173120856285095,0.9016963243484497,0.9094371795654297,0.8889360427856445,0.8826007843017578,0.8857570886611938
420,"Wintersportarten sind in den nördlichen Regionen am beliebtesten, wobei Italiener an internationalen Spielen und Olympischen Veranstaltungen teilnehmen.",Wintersportarten sind in den nördlichen Regionen am beliebtesten und Italiener nehmen an internationalen Wettkämpfen und olympischen Spielen teil.,"Wintersportarten sind in den nördlichen Regionen am beliebtesten, wobei Italiener an internationalen Wettkämpfen und Olympischen Spielen teilnehmen.",0.9334107637405396,0.8977910280227661,0.9152544736862183,0.9862130880355835,0.9515438675880432,0.9685683250427246
421,"Japan besitzt fast 7.000 Inseln (die größte ist Honshu), was Japan zum 7. größten Insel der Welt macht!","Japan besitzt annähernd 7.000 Inseln (von denen Honshu die größte ist), womit Japan die siebtgrößte Insel der Welt ist.","Japan hat fast 7.000 Inseln (die größte ist Honshu), was Japan zur 7. größten Insel der Welt macht!",0.8826128244400024,0.8491503000259399,0.8655582666397095,0.994256317615509,0.994256317615509,0.994256317615509
422,"Aufgrund des Clusters/Gruppen der Inseln Japans wird Japan oft als ""Archipel"" bezeichnet.","""Aufgrund des Clusters/Gruppe von Inseln wurde Japan, wird Japan geografisch häufig als """"Archipel"""" bezeichnet.""","Aufgrund der Gruppe von Inseln, die Japan hat, wird Japan aus geografischer Sicht oft als ""Archipel"" bezeichnet.",0.9075168967247009,0.8491405844688416,0.8773587942123413,0.9173992872238159,0.846267580986023,0.8803989887237549
423,"Taiwan beginnt schon im 15. Jahrhundert, wo europäische Seeleute die Insel als Ilha Formosa oder schöne Insel rekordieren.","Der Beginn Taiwans geht auf das 15. Jahrhundert zurück, als europäische Seefahrer dort vorbeifuhren und den Namen der Insel als Ilha Formosa bzw. schöne Insel dokumentierten.","Taiwan hat seinen Ursprung im 15. Jahrhundert, als europäische Seeleute, die vorbeikamen, die Insel als Ilha Formosa, oder schöne Insel, bezeichneten.",0.898596465587616,0.8341759443283081,0.865188717842102,0.9061229228973389,0.8509190082550049,0.8776537775993347
424,"Im Jahre 1624 gründete die niederländische East India Company im Südwesten Taiwans eine Basis, die eine Umwandlung der traditionellen Getreideproduktion einleitete","1624 gründet die Niederländische Ostindien-Kompanie eine Niederlassung im Südwesten Taiwans, leitet damit einen Wandel in den Getreideanbaumethoden der Ureinwohner ein und beschäftigt chinesische Arbeiter auf ihren Reis- und Zuckerplantagen.","Im Jahr 1624 gründet die niederländische Ostindien-Kompanie eine Basis im Südwesten Taiwans, was eine Transformation der einheimischen Getreideproduktionspraktiken einleitet und chinesische Arbeiter beschäftigt, die auf ihren Reis- und Zuckerplantagen arbeiten.",0.7868446111679077,0.7437653541564941,0.7646988034248352,0.8642809987068176,0.7793959379196167,0.8196465969085693
425,Im Jahre 1683 übernahmen die Truppen der Qing-Dynastie (1644-1912) die Kontrolle über die westlichen und nördlichen Küsten,Im Jahr 1683 übernehmen Streitkräfte der Qing-Dynastie (1644-1912) die Kontrolle über Taiwans westliche und nördliche Küstenregionen und erklärten im Jahr 1885 Taiwan zur Provinz des Qing-Reiches.,Im Jahr 1683 übernahmen die Streitkräfte der Qing-Dynastie (1644-1912) die Kontrolle über die westlichen und nördlichen Küstengebiete Taiwans und erklärten Taiwan 1885 zur Provinz des Qing-Reichs.,0.8936761617660522,0.8336257934570312,0.8626071214675903,0.9331033229827881,0.8393346667289734,0.8837385773658752
426,"1895, nach der Niederlage im ersten chinesisch-japanischen Krieg (1894-1895), unterzeichnet die Qing-Regierung den Vertrag von Shimonos","1895 unterzeichnete die Regierung der Qing-Dynastie nach der Niederlage im ersten Chinesisch-Japanischen Krieg (1894-1895) den Vertrag von Shimonoseki, in dem sie die Souveränität über Taiwan an Japan abtrat, welches die Insel bis 1945 regierte.","Im Jahr 1895, nach der Niederlage im Ersten Japanisch-Chinesischen Krieg (1894-1895), unterzeichnet die Qing-Regierung den Vertrag von Shimonoseki, durch den sie die Souveränität über Taiwan an Japan abtritt, das die Insel bis 1945 verwaltet.",0.8651771545410156,0.75113844871521,0.8041348457336426,0.896088182926178,0.7599947452545166,0.8224495053291321
427,"Machu Picchu besteht aus drei Hauptstrukturen, nämlich Intihuatana, dem Sonnentempel und dem Raum der drei Fenster.","Machu Picchu besteht hauptsächlich aus drei Bauwerken, nämlich den Intihuatana, dem Sonnentempel und dem Raum der drei Fenster.","Machu Picchu besteht aus drei Hauptstrukturen, nämlich Intihuatana, dem Tempel der Sonne und dem Raum der drei Fenster.",0.9531385898590088,0.9508585333824158,0.9519971609115601,0.957184374332428,0.9758708477020264,0.9664373397827148
428,"Die meisten Gebäude am Rande des Komplexes wurden umgebaut, um den Touristen eine bessere Vorstellung davon zu vermitteln, wie sie ursprünglich erschienen.","Die meisten Gebäude an den Rändern des Komplexes wurden wieder aufgebaut, um den Touristen einen besseren Eindruck davon zu vermitteln, wie sie ursprünglich aussahen.","Die meisten Gebäude am Rande des Komplexes wurden neu aufgebaut, um den Touristen eine bessere Vorstellung davon zu geben, wie sie ursprünglich ausgesehen haben.",0.9486053586006165,0.932567834854126,0.9405182600021362,0.9620833396911621,0.9510543942451477,0.956537127494812
429,Im Jahr 1976 wurden dreißig Prozent der Machu Picchu restauriert und die Restaurierung dauert bis heute an.,"Bis 1976 wurden dreißig Prozent von Machu Picchu restauriert, und die Restaurierungsarbeiten dauern bis heute an.","Bis 1976 waren dreißig Prozent von Machu Picchu restauriert, und die Restaurierung dauert bis heute an.",0.9459298253059387,0.9429609179496765,0.9444430470466614,0.9507724046707153,0.9507778286933899,0.9507750868797302
430,"Zum Beispiel ist das meist verbreitete Bildformat der Welt 35mm, was am Ende der analogen Filmzeit die vorherrschende Filmgröße war.","Zum Beispiel ist das weltweit am weitesten verbreitete Standbildformat 35 mm, was der vorherrschenden Filmgröße am Ende der Analogfilmära entspricht.","Zum Beispiel ist das gängigste Format für Standbildfotografie weltweit 35 mm, das die dominierende Filmgröße am Ende der analogen Filmära war.",0.8577767014503479,0.8564121723175049,0.857093870639801,0.8645220994949341,0.8417425155639648,0.8529802560806274
431,"Es wird heute noch produziert, aber vor allem wurde sein Aspektverhältnis durch Digitalkamera-Bildsensorformate geerbt.","Es wird auch heute noch hergestellt, aber noch wichtiger ist, dass sein Bildformat von den Bildsensorformaten digitaler Kameras übernommen wurde.","Es wird noch heute produziert, aber wichtiger ist, dass sein Seitenverhältnis von den Bildsensorformaten digitaler Kameras übernommen wurde.",0.8262691497802734,0.824111819267273,0.8251891136169434,0.8514565825462341,0.8465924263000488,0.8490175008773804
432,"Das 35mm-Format ist in der Tat, etwas verwirrend, 36mm in Breite um 24mm in Höhe.",Genau genommen misst das sogenannte 35-mm-Format verwirrenderweise 36 mm in der Breite und 24 mm in der Höhe.,"Das 35-mm-Format ist tatsächlich, etwas verwirrend, 36 mm breit und 24 mm hoch.",0.8291285037994385,0.82135009765625,0.8252209424972534,0.8713675737380981,0.9009991884231567,0.8859356641769409
433,"Das Aspektverhältnis dieses Formats (geteilt durch zwölf, um das einfachste Gesamtzahlverhältnis zu erhalten) soll daher 3:2 sein.","Das Seitenverhältnis dieses Formats (geteilt durch zwölf, um das einfachste ganzzahlige Verhältnis zu erhalten) wird daher als 3:2 bezeichnet.","Das Seitenverhältnis dieses Formats (geteilt durch zwölf, um das einfachste Ganze-Zahlen-Verhältnis zu erhalten) wird daher als 3:2 bezeichnet.",0.9113351106643677,0.9212822914123535,0.9162817597389221,0.911574125289917,0.9028007984161377,0.9071662425994873
434,Viele gängige Formate (z.B. die APS-Format-Familie) entsprechen bzw. nähern sich diesem Aspektverhältnis an.,"Viele übliche Formate (die APS-Formatfamilie, zum Beispiel) haben genau dasselbe oder ein sehr ähnliches Seitenverhältnis.",Viele gängige Formate (zum Beispiel die APS-Familie von Formaten) entsprechen diesem Seitenverhältnis oder nähern sich ihm eng an.,0.8089042901992798,0.7990376353263855,0.8039407134056091,0.905409038066864,0.9022525548934937,0.9038280844688416
435,"Die viel missbrauchte und oft reibungslose Regel der Dritten ist eine einfache Leitlinie, die Dynamik schafft und gleichzeitig eine Ordnungsmaßnahme","Die vielgeschmähte und oft verspottete Drittel-Regel ist eine einfache Richtlinie, die Dynamik schafft und gleichzeitig ein Maß an Ordnung in einem Bild bewahrt.","Die oft missbrauchte und oft belächelte Drittelregel ist eine einfache Richtlinie, die Dynamik schafft und gleichzeitig eine gewisse Ordnung in einem Bild bewahrt.",0.8315317034721375,0.8097402453422546,0.8204913139343262,0.8384922742843628,0.8264755010604858,0.8324405550956726
436,"Es heißt, dass der effektivste Ort für das Hauptthema an der Kreuzung von Linien ist, die das Bild in Drittel vertikal und horizontal teilen (siehe","Sie besagt, dass der Kreuzungspunkt der Linien, die ein Bild vertikal und horizontal dritteln, der effektivste Platz für das Hauptmotiv ist (siehe Beispiel).","Es wird angegeben, dass der effektivste Platz für das Hauptmotiv an der Schnittstelle der Linien liegt, die das Bild sowohl vertikal als auch horizontal in Drittel unterteilen (siehe Beispiel).",0.8224239945411682,0.8129732608795166,0.8176713585853577,0.8609331846237183,0.8229230642318726,0.8414991497993469
437,"Während dieser Zeit der europäischen Geschichte wurde die katholische Kirche, die reich und mächtig geworden war, unter die Lupe genommen.",In dieser Periode der europäischen Geschichte stand die reich und mächtig gewordene katholische Kirche auf dem Prüfstand.,"Während dieser Periode der europäischen Geschichte geriet die katholische Kirche, die reich und mächtig geworden war, unter die Lupe.",0.8675521016120911,0.8859577178955078,0.8766583204269409,0.967448353767395,0.9761813282966614,0.9717952013015747
438,Seit über tausend Jahren hat die christliche Religion europäische Staaten trotz unterschiedlicher Sprachen und Bräuche miteinander verbunden.,Seit über eintausend Jahren hatte die christliche Religion die europäischen Staaten trotz unterschiedlicher Sprachen und Gebräuche zusammengehalten.,Über tausend Jahre lang hatte die christliche Religion die europäischen Staaten trotz Unterschiede in Sprache und Bräuchen miteinander verbunden.,0.9411753416061401,0.9210659265518188,0.9310120344161987,0.922240138053894,0.9160295128822327,0.9191243052482605
439,Seine allgegenwärtige Macht hat alle vom König bis zum Allgemeinen beeinflusst.,"Seine Allmacht beherrschte jeden, vom König bis zum einfachen Bürger.","Seine allumfassende Macht beeinflusste jeden, vom König bis zum einfachen Bürger.",0.7858150601387024,0.8129357099533081,0.7991453409194946,0.8594135046005249,0.8569891452789307,0.8581996560096741
440,"Eines der wichtigsten christlichen Grundsätze ist, dass Reichtum genutzt werden sollte, um Leiden und Armut zu mildern, und dass die Geldmittel der Kirche","Einer der wichtigen christlichen Glaubenssätze besagt, dass Vermögen zur Linderung von Leid und Armut eingesetzt werden soll und dass es die Geldmittel der Kirchen genau aus diesem Grund gibt.","Eines der Hauptgrundsätze des Christentums ist, dass Reichtum genutzt werden sollte, um Leid und Armut zu lindern, und dass die finanziellen Mittel der Kirche genau dafür bestimmt sind.",0.8249390125274658,0.7924261689186096,0.8083558678627014,0.9054722785949707,0.857998251914978,0.8810962438583374
441,"Die zentrale Autorität der Kirche war seit über tausend Jahren in Rom, und diese Konzentration der Macht und des Geldes führte viele zu der Frage, o","Die Zentralgewalt der Kirche war seit mehr als tausend Jahren in Rom. Diese Konzentration von Macht und Geld veranlasste viele zu zweifeln, ob diesem Grundsatz entsprochen wurde.","Die zentrale Autorität der Kirche war seit über tausend Jahren in Rom und diese Konzentration von Macht und Geld führte dazu, dass viele in Frage stellten, ob dieses Prinzip erfüllt wurde.",0.85749351978302,0.8032355308532715,0.8294782042503357,0.8964054584503174,0.8493931889533997,0.8722663521766663
442,Kurz nach dem Ausbruch der Feindseligkeiten startete Großbritannien eine Marineblockade gegen Deutschland.,Bald nach dem Ausbruch von Kampfhandlungen initiierte Großbritannien eine Seeblockade gegen Deutschland.,Kurz nach Ausbruch der Fe hostilitäten leitete Großbritannien eine Seeblockade gegen Deutschland ein.,0.9073046445846558,0.9214931130409241,0.9143438339233398,0.8914915323257446,0.8804013133049011,0.885911762714386
443,"Die Strategie erwies sich als wirksam, indem sie lebenswichtige militärische und zivile Lieferungen abschließt, obwohl diese Block","Die Strategie erwies sich als effektiv, da sie das Land von lebenswichtigen militärischen und zivilen Lieferungen abschnitt, obwohl diese Blockade gegen das allgemein anerkannte Völkerrecht verstieß, das durch mehrere internationale Abkommen der letzten zwei Jahrhunderte kodifiziert worden war.","Die Strategie erwies sich als effektiv, da sie lebenswichtige militärische und zivile Lieferungen abschnitt, obwohl diese Blockade international anerkanntes Völkerrecht verletzte, das in mehreren internationalen Vereinbarungen der letzten zwei Jahrhunderte kodifiziert ist.",0.8687564134597778,0.7419629096984863,0.800369143486023,0.8951428532600403,0.7646913528442383,0.824790894985199
444,"Großbritannien hat internationale Gewässer miniert, um zu verhindern, dass Schiffe ganze Teile des Ozeans eindringen und sogar neutral","Großbritannien verminte internationale Gewässer, um zu verhindern, dass Schiffe in ganze Meeresabschnitte vordringen konnten, was selbst für neutrale Schiffe eine Gefahr darstellte.","Großbritannien minierte internationale Gewässer, um zu verhindern, dass Schiffe in ganze Abschnitte des Ozeans eintreten, was sogar für neutrale Schiffe gefährlich wurde.",0.8174272775650024,0.7664816379547119,0.7911351323127747,0.8797083497047424,0.8177309036254883,0.8475881814956665
445,"Da es eine begrenzte Reaktion auf diese Taktik gab, erwartete Deutschland eine ähnliche Reaktion auf seine ungehinderte U-Boot-K","Da die Reaktion auf diese Taktik begrenzt war, erwartete Deutschland eine ähnliche Reaktion auf seine uneingeschränkte U-Boot-Kriegsführung.","Da die Reaktion auf diese Taktik begrenzt war, erwartete Deutschland eine ähnliche Reaktion auf seine uneingeschränkte U-Boot-Kriegsführung.",0.8789370656013489,0.8510453701019287,0.8647664189338684,0.8789370059967041,0.8510453701019287,0.8647663593292236
446,In den 1920er Jahren war die vorherrschende Haltung der meisten Bürger und Nationen die des Pazifismus und der Isolation.,In den 1920er-Jahren waren Pazifismus und Isolation die vorherrschenden Einstellungen der meisten Bürger und Länder.,Während der 1920er Jahre war die vorherrschende Einstellung der meisten Bürger und Nationen Pazifismus und Isolation.,0.881964921951294,0.9077119827270508,0.8946532607078552,0.9169353246688843,0.9467631578445435,0.9316105842590332
447,"Nachdem die Schrecken und Gräueltaten des Krieges während des Ersten Weltkrieges erkannt wurden, wollten die Nationen eine solche",Nach dem Erlebnis der Schrecken und Gräueltaten im Ersten Weltkrieg wollten die Nationen eine weitere solche Situation in der Zukunft vermeiden.,"Nach den Schrecken und Gräueltaten des Ersten Weltkriegs wünschten die Nationen, eine solche Situation in der Zukunft zu vermeiden.",0.8254761695861816,0.8016882538795471,0.813408374786377,0.822825014591217,0.7866343259811401,0.8043227195739746
448,"1884 zog Tesla nach den Vereinigten Staaten von Amerika, um einen Job bei der Edison Company in New York City zu akzeptieren.","1884 zog Tesla in die Vereinigten Staaten von Amerika um, um eine Stelle bei der Edison Company in New York City anzutreten.","Im Jahr 1884 zog Tesla in die Vereinigten Staaten von Amerika, um eine Stelle bei der Edison Company in New York City anzunehmen.",0.9252864122390747,0.9389203786849976,0.9320535063743591,0.9224039912223816,0.9377260208129883,0.9300018548965454
449,"Er kam in die USA mit 4 Cent zu seinem Namen, einem Buch der Poesie und einem Empfehlungsschreiben von Charles Batchelor (seinen Manager in seinem früheren Job)","Er kam in die USA mit 4 Cent in seinem Besitz, einem Buch mit Gedichten und einem Empfehlungsschreiben von Charles Batchelor (seinem Vorgesetzten bei seiner vorherigen Arbeitsstelle) an Thomas Edison.","Er kam mit lediglich 4 Cent in den USA an, einem Buch mit Gedichten und einem Empfehlungsschreiben von Charles Batchelor (seinem Vorgesetzten in seinem vorherigen Job) an Thomas Edison.",0.8807108402252197,0.8502895832061768,0.8652328848838806,0.8706291913986206,0.8490175008773804,0.8596875667572021
450,"Das antike China hatte eine einzigartige Art und Weise, unterschiedliche Zeiträume zu zeigen; jede Phase Chinas oder jede Familie, die an der Macht war, war eine besondere Dynastie","Das alte China hatte eine einzigartige Methode, verschiedene Zeitalter anzuzeigen. Jede Zeitspanne in China und jede Familie, die an der Macht war, war eine eigene Dynastie.","Das alte China hatte eine einzigartige Art, verschiedene Zeitperioden darzustellen; jede Phase Chinas oder jede herrschende Familie war eine besondere Dynastie.",0.8915257453918457,0.8778064846992493,0.8846129179000854,0.8759009838104248,0.8933929204940796,0.8845605254173279
451,"Auch zwischen jeder Dynastie war ein instabiles Zeitalter der geteilten Provinzen, die bekannteste dieser Zeiten war die Drei Königreiche Epoche,","Zwischen den einzelnen Dynastien herrschten auch unbeständige Zeiten geteilter Provinzen. Die bekannteste dieser Perioden war die Epoche der Drei Königreiche, die 60 Jahre lang zwischen der Han- und der Jin-Dynastie stattfand.","Auch zwischen den einzelnen Dynastien gab es eine instabile Zeit der geteilten Provinzen. Die bekannteste dieser Perioden war die Epoche der Drei Reiche, die 60 Jahre zwischen der Han- und der Jin-Dynastie stattfand.",0.8314006328582764,0.7643951177597046,0.7964911460876465,0.8712025880813599,0.7928013205528259,0.8301550149917603
452,"Während dieser Zeiten fand eine heftige Kriegsführung zwischen vielen Adeligen statt, die um den Thron kämpften.","In diesen Zeiten tobten erbitterte Kriege unter vielen Adligen, die um den Thron kämpften.","Während dieser Perioden kam es zu heftigen Kämpfen zwischen vielen Adligen, die um den Thron kämpften.",0.8838596343994141,0.8752726316452026,0.8795452117919922,0.9155511856079102,0.9225897789001465,0.9190570116043091
453,"Die drei Königreiche waren eine der blutigsten raen der antiken chinesischen Geschichte Tausende von Menschen starben, um auf dem höchsten Platz",Die Zeit der drei Königreiche war eine der blutigsten Epochen in der Geschichte des alten China. Tausende von Menschen starben im Kampf um den höchsten Thron im großen Palast von Xi'an.,"Die Drei Reiche waren eine der blutigsten Epochen in der Geschichte des alten China, in der tausende Menschen starben, um im höchsten Sitz im großen Palast in Xi'an zu sitzen.",0.8174629211425781,0.7722111344337463,0.7941929697990417,0.8219192624092102,0.7617948651313782,0.790715754032135
454,"Es gibt viele soziale und politische Auswirkungen wie die Verwendung des metrischen Systems, eine Verlagerung vom Absolutismus zum Republikanismus, Nationalismus und den Glauben, das Land","Es gibt eine Menge sozialer und politischer Effekte wie die Nutzung des metrischen Systems, eine Abwendung vom Absolutismus hin zum Republikanismus und Nationalismus sowie der Glaube, dass das Land dem Volk gehört und nicht einem Herrscher allein.","Es gibt viele soziale und politische Auswirkungen, wie die Anwendung des metrischen Systems, einen Wandel vom Absolutismus zur Republikalität, Nationalismus und den Glauben, dass das Land dem Volk gehört und nicht einem alleinigen Herrscher.",0.882271409034729,0.8125450611114502,0.8459739089012146,0.9121795892715454,0.8476523160934448,0.8787329196929932
455,"Auch nach der Revolution waren die Berufe offen für alle männlichen Bewerber, die es den ehrgeizigsten und erfolgreichsten Erfolg zu ermöglichen.","Auch standen nach der Revolution alle Berufe allen männlichen Bewerbern offen, so dass die Ehrgeizigsten und Besten reüssieren konnten.","Auch nach der Revolution standen Berufe allen männlichen Bewerbern offen, was es den Antriebsvollsten und Erfolgreichsten ermöglichte, Erfolg zu haben.",0.8117178678512573,0.8080516457557678,0.8098805546760559,0.8454364538192749,0.8346502780914307,0.8400087356567383
456,"Gleiches gilt für das Militär, da die Ranglisten der Armee nicht auf der Klasse basierten, sondern nun auf Kailaber basierten.","Dasselbe gilt für das Militär, denn statt auf Klassenzugehörigkeit basierten die Armee-Ranglisten nun auf dem Kaliber.","Das Gleiche gilt für das Militär, denn anstatt dass die Militärgrade auf der sozialen Schicht basierten, wurden sie jetzt auf dem Kaliber basiert.",0.845454216003418,0.8139781355857849,0.8294175863265991,0.8366941809654236,0.8102072477340698,0.8232377171516418
457,"Die Französische Revolution inspirierte auch viele andere unterdrückte Arbeiter aus anderen Ländern, ihre eigenen Revolutionen einzuführen.","Die Französische Revolution inspirierte auch viele unterdrückte Menschen der Arbeiterschicht in anderen Ländern dazu, ihre eigenen Revolutionen zu starten.","Die Französische Revolution inspirierte auch viele andere unterdrückte Arbeiter der verschiedenen Länder dazu, ihre eigenen Revolutionen zu beginnen.",0.9421387314796448,0.9251927733421326,0.9335888624191284,0.9519619941711426,0.9483613967895508,0.9501582980155945
458,"Muhammad war tief an Dingen interessiert, die über dieses bloße Leben hinausgehen: Er besuchte früher eine Höhle, die als „Hira“ auf dem","Mohammed war sehr stark an Dingen interessiert, die über dieses Alltagsleben hinausgingen. Er besuchte oft eine Höhle, die als „Hira“ auf dem Berg von „Nur“ (Licht) bekannt wurde, um zu meditieren.","Muhammad war tief an Angelegenheiten interessiert, die über dieses alltägliche Leben hinausgingen. Er pflegte eine Höhle zu besuchen, die als „Hira‘“ am Berg „Noor“ (Licht) bekannt wurde, um zu kontemplieren.",0.8763830065727234,0.7946547269821167,0.8335202932357788,0.8666893243789673,0.7718831896781921,0.8165435791015625
459,"er Höhle selbst, die die Zeit überlebt hat, gibt ein sehr lebendiges Bild von Muhammads spiritueller Neigung.",Die Höhle selbst hat die Zeiten überdauert und bietet ein lebhaftes Bild von Mohammeds spirituellen Neigungen.,"Die Höhle selbst, die die Zeit überdauert hat, vermittelt ein sehr lebendiges Bild von Muhammad's spirituellen Neigungen.",0.8621703386306763,0.8740089535713196,0.8680492043495178,0.9302168488502502,0.9166725873947144,0.923395037651062
460,Auf der Spitze eines Berges nördlich von Mekka ruht die Höhle völlig vom Rest der Welt.,Die Höhle befindet sich auf der Spitze eines der Berge nördlich von Mekka und ist vom Rest der Welt völlig isoliert.,"Ruhe in einer Höhle auf dem Gipfel eines der Berge nördlich von Mekka, ist sie vollkommen isoliert von der restlichen Welt.",0.8921917676925659,0.8665053844451904,0.87916100025177,0.8241328597068787,0.7883830666542053,0.8058617115020752
461,"In der Tat ist es überhaupt nicht leicht zu finden, auch wenn man es wußte, sondern es ist eine totale Isolation.","Tatsächlich ist sie ganz und gar nicht einfach zu finden, auch wenn man weiß, dass sie existiert. Sobald man sich in der Höhle befindet, ist man vollkommen isoliert.","In der Tat ist es überhaupt nicht einfach zu finden, selbst wenn man wüsste, dass es existiert. Einmal in der Höhle, herrscht totale Isolation.",0.7832119464874268,0.7636287212371826,0.7732963562011719,0.8713726997375488,0.8115146160125732,0.8403791189193726
462,"Nichts ist außer dem klaren, schönen Himmel über den Bergen und den vielen umliegenden Bergen zu sehen.","Man sieht nichts außer dem darüber liegenden, klaren, wunderschönen Himmel und den zahlreichen umliegenden Bergen. Vom Innern der Höhle aus ist sehr wenig von dieser Welt zu sehen oder zu hören.","Nichts ist zu sehen außer dem klaren, schönen Himmel darüber und den vielen umliegenden Bergen. Sehr wenig von dieser Welt kann aus dem Inneren der Höhle gesehen oder gehört werden.",0.8550622463226318,0.7861257791519165,0.8191462159156799,0.9054447412490845,0.8169523477554321,0.8589252829551697
463,"Die große Pyramide von Giza ist die einzige der sieben Wunder, die heute noch bestehen.","Die Cheopspyramide ist das einzige der sieben Weltwunder, welches heute noch steht.","Die Große Pyramide von Gizeh ist das einzige der sieben Weltwunder, das heute noch steht.",0.8666032552719116,0.8759618997573853,0.8712574243545532,0.9349673986434937,0.9205227494239807,0.9276888370513916
464,"Die große Pyramide wurde im dritten Jahrhundert v. Chr. von den gyptern erbaut und ist eines der vielen großen Pyramidenstrukturen,","Im dritten Jahrhundert v. Chr. von den Ägyptern erbaut, ist die Cheops-Pyramide eine von vielen großen Pyramidenstrukturen, die zur Verehrung verstorbener Pharaonen erbaut wurden.","Die Große Pyramide, die im dritten Jahrhundert v. Chr. von den Ägyptern erbaut wurde, ist eines von vielen großen Pyramidenstrukturen, die zu Ehren der verstorbenen Pharaonen errichtet wurden.",0.879810094833374,0.8013533353805542,0.838750958442688,0.9120906591415405,0.847143292427063,0.8784180879592896
465,"Das Giza Plateau, oder ""Giza Nekropolis"" im ägyptischen Tal der Toten, enthält mehrere Pyramiden (von denen die große Pyramide","Das Gizeh-Plateau beziehungsweise die „Gizeh-Nekropole“ im ägyptischen Tal der Toten umfasst mehrere Pyramiden (von denen die Große Pyramide die größte ist), mehrere kleine Gräber, mehrere Tempel sowie die große Sphinx.","Das Gizeh-Plateau, oder ""Gizeh-Nekropole"" im ägyptischen Tal der Toten, enthält mehrere Pyramiden (von denen die große Pyramide die größte ist), mehrere kleine Gräber, mehrere Tempel und die Große Sphinx.",0.8531394600868225,0.7866397500038147,0.8185412287712097,0.8894701600074768,0.8074063658714294,0.846453845500946
466,"Die große Pyramide wurde geschaffen, um die Pharaoh Khufu zu ehren, und viele kleinere Pyramiden, Grabstätten und Tempel wurden errichtet","Die große Pyramide wurde dem Pharao Cheops zu Ehren erbaut und viele der kleineren Pyramiden, Grabmale und Tempel wurden zu Ehren von Cheops Ehefrauen und Familienmitgliedern errichtet.","Die große Pyramide wurde errichtet, um den Pharao Khufu zu ehren, und viele der kleineren Pyramiden, Gräber und Tempel wurden gebaut, um Khufus Frauen und Familienmitglieder zu ehren.",0.848575234413147,0.8186339139938354,0.8333356976509094,0.9207581877708435,0.8695188760757446,0.8944053053855896
467,"Die ""up bow"" Marke sieht wie ein V und die ""down bow mark"" wie ein Stapel oder ein Quadrat, das ihre Unterseite vermisst.","Das „Aufstrich“-Symbol sieht wie ein V aus und das „Abstrich“-Symbol wie eine Klammer bzw. ein Quadrat, bei dem der untere Strich fehlt.","Die „Aufstrich“-Markierung sieht aus wie ein V und die „Abstrich“-Markierung wie ein Hefter oder ein Quadrat, dem die Unterseite fehlt.",0.7993881702423096,0.7758738398551941,0.7874554395675659,0.8247795701026917,0.8085187673568726,0.81656813621521
468,"Nach oben bedeutet, dass man an der Spitze anfängt und den Bogen drückt, und nach unten bedeutet man, dass man an der Frösche anfängt (die","Aufwärts bedeutet, dass Sie an der Spitze anfangen und den Bogen schieben sollten. Abwärts bedeutet, dass Sie beim Frosch (das ist dort, wo Ihre Hand den Bogen hält) anfangen und den Bogen ziehen.","""Up"" bedeutet, dass du an der Spitze beginnen und den Bogen drücken solltest, und ""down"" bedeutet, dass du an der Frosch (wo deine Hand den Bogen hält) beginnen und den Bogen ziehen solltest.",0.8115693926811218,0.7776948809623718,0.7942711114883423,0.7989480495452881,0.7747793197631836,0.7866780757904053
469,"Ein Up-Boot erzeugt normalerweise einen weicheren Sound, während ein Down-Boot stärker und eigenständiger ist.","Das Aufstreichen generiert üblicherweise einen weicheren Klang, während das Abstreichen kräftiger und ausdrucksstärker ist.","Ein Aufstrich erzeugt in der Regel einen weicheren Klang, während ein Abstrich kräftiger und durchsetzungsfähiger ist.",0.859168291091919,0.8152375221252441,0.8366265892982483,0.8675092458724976,0.8114030957221985,0.8385186791419983
470,"Fühlen Sie sich frei, Ihre eigenen Marken zu kleben, aber denken Sie daran, dass die gedruckten Bogenmarken aus musikalischen Gründen","Sie können gerne Ihre eigenen Bleistiftmarkierungen hinzufügen; denken Sie aber daran, dass die aufgedruckten Bogenmarkierungen sich dort aus musikalischen Gründen befinden, weshalb sie im Normalfall respektiert werden sollten.","Fühlen Sie sich frei, Ihre eigenen Anmerkungen zu machen, aber denken Sie daran, dass die gedruckten Bogenmarkierungen aus musikalischen Gründen vorhanden sind und daher normalerweise respektiert werden sollten.",0.7990137338638306,0.7491066455841064,0.7732557654380798,0.8942012190818787,0.8245882987976074,0.8579850196838379
471,"Die schrecklichen Könige Louis XVI, Königin Marie Antoinette ihre zwei jungen Kinder (11 Jahre Marie Therese und vier Jahre Louis-Char","Der in Panik versetzte König Ludwig der XIV., Königin Marie-Antoinette, ihre beiden kleinen Kinder (die 11 Jahre alte Marie-Therese und der 4 Jahre alte Louis-Charles) sowie die Schwester des Königs, Madame Elisabeth wurden am 6. Oktober 1789 in Versailles von einem Mob aus Marktfrauen zur Rückkehr nach Paris gezwungen.","Der verängstigte König Ludwig XVI., Königin Marie Antoinette, ihre beiden kleinen Kinder (die 11-jährige Marie Therese und den 4-jährigen Louis-Charles) sowie die Schwester des Königs, Madame Elisabeth, wurden am 6. Oktober 1789 von einem Mob aus Marktfrauen gezwungen, von Versailles nach Paris zurückzukehren.",0.7508074045181274,0.6760799884796143,0.7114869356155396,0.7705700993537903,0.6800135970115662,0.7224652171134949
472,"In einer Kutsche reisten sie zurück nach Paris, umgeben von einem Mob von Menschen schreien und schreien Drohungen gegen König und","Sie reisten in einer Kutsche zurück nach Paris, umgeben von einem schreienden Mob von Menschen, die Drohungen gegen den König und die Königin ausstießen.","In einer Kutsche reisten sie zurück nach Paris, umgeben von einer Menge Menschen, die schrien und Drohungen gegen den König und die Königin ausstießen.",0.8577753305435181,0.8278524875640869,0.8425483107566833,0.8411210179328918,0.8191304802894592,0.8299800753593445
473,"Das Volk zwang den König und die Königin, ihre Kutschenfenster weit geöffnet zu haben.","Der Mob zwang König und Königin dazu, die Fenster ihrer Kutschen weit zu öffnen.","Die Menschenmenge zwang den König und die Königin, die Fenster ihrer Kutsche weit zu öffnen.",0.8704484701156616,0.872092068195343,0.8712694644927979,0.9054176807403564,0.8974488973617554,0.9014157056808472
474,"Einmal wünschte ein Mitglied des Mobs den Kopf einer königlichen Wache, die in Versailles vor der schrecklichen Königin get",Irgendwann schwenkte ein Mitglied der aufgebrachten Menge den Kopf einer in Versailles getöteten königlichen Garde vor den Augen der entsetzten Königin.,"An einer Stelle wedelte ein Mitglied des Mobs mit dem Kopf eines königlichen Wächters, der in Versailles getötet wurde, vor der verängstigten Königin.",0.7757374048233032,0.765436053276062,0.7705522775650024,0.8040499687194824,0.7797848582267761,0.7917314767837524
475,Die Kriegsausgaben des US-Imperialismus in der Eroberung der Philippinen wurden von den Philippinen selbst bezahlt.,Die Kriegsausgaben der US-Imperialisten bei der Eroberung der Philippinen wurden vom philippinischen Volk selbst getragen.,Die Kriegsausgaben des US-Imperialismus bei der Eroberung der Philippinen wurden von dem philippinischen Volk selbst bezahlt.,0.9213998317718506,0.9132026433944702,0.9172829389572144,0.9709807634353638,0.9426459074020386,0.9566035866737366
476,"Sie waren gezwungen, Steuern an das koloniale Regime der USA zu zahlen, um einen großen Teil der Ausgaben und die Zinsen auf An","Sie wurden gezwungen, Steuern an das Kolonialregime der U.S. zu zahlen, um das Gros der Ausgaben zu decken, und die Zinsen aus Anleihen flossen im Namen der philippinischen Regierung durch die Bankhäuser der Wall Street.","Sie wurden gezwungen, Steuern an das US-Kolonialregime zu zahlen, um einen großen Teil der Ausgaben und die Zinsen auf Anleihen zu decken, die im Namen der philippinischen Regierung durch die Wall-Street-Banken emittiert wurden.",0.8379950523376465,0.7700175046920776,0.8025694489479065,0.8938713073730469,0.7882199883460999,0.8377277255058289
477,"Natürlich würden die Superprofits, die aus der langwierigen Ausbeutung des philippinischen Volkes abgeleitet wurden, die grundlegenden Gewinne des US-","Natürlich stellten die Superprofite, die der andauernden Ausbeutung des philippinischen Volkes entstammten, die grundlegenden Gewinne des US-Imperialismus dar.","Natürlich würden die Übergewinne, die aus der langanhaltenden Ausbeutung des philippinischen Volkes resultieren, die grundlegenden Gewinne des US-Imperialismus darstellen.",0.8779658079147339,0.8535857200622559,0.8656041622161865,0.8701337575912476,0.8559849262237549,0.8630013465881348
478,"Um die Templars zu verstehen, muss man den Kontext verstehen, der die Errichtung der Ordnung anregte.","Um die Templer zu verstehen, muss man den Kontext verstehen, der zur Gründung des Ordens führte.","Um die Tempelritter zu verstehen, muss man den Kontext verstehen, der zur Gründung des Ordens geführt hat.",0.9020991325378418,0.9262720942497253,0.9140257835388184,0.9062489867210388,0.9146019220352173,0.9104063510894775
479,"Das Zeitalter, in dem die Ereignisse stattfanden, wird allgemein als Hochmittelalter bezeichnet, die Zeit der europäischen Geschichte im 11., 12. und 13. Jahrhundert (AD 1000–","Die Epoche, in der die Ereignisse stattfanden, wird gemeinhin als Hochmittelalter bezeichnet, ein Zeitalter in der europäischen Geschichte, das sich über das 11., 12. und 13 Jahrhundert erstreckt (1000–1300 n. Chr.).","Die Epoche, in der die Ereignisse stattfanden, wird allgemein als Hochmittelalter bezeichnet, also der Zeitraum der europäischen Geschichte im 11., 12. und 13. Jahrhundert (1000–1300 n. Chr.).",0.884395956993103,0.8274820446968079,0.8549928665161133,0.9116957187652588,0.8765861392021179,0.8937962651252747
480,"Das Hohe Mittelalter folgte dem frühen Mittelalter und dem späten Mittelalter, das durch die Konvention um 1500 endete.","Dem Hochmittelalter ging das Frühmittelalter voraus, gefolgt vom Spätmittelalter, das übereinstimmend um 1500 endet.","Die Hochmittelalter wurden von der Frühmittelalter und gefolgt von der Spätmittelalter, die konventionell um 1500 endet.",0.7894101142883301,0.7562789916992188,0.7724894881248474,0.7955347895622253,0.7640821933746338,0.7794913053512573
481,"Technologischer Determinismus ist ein Begriff, der in der Praxis ein breites Spektrum von Ideen umfasst, von Technologie-Push oder dem technologischen Imper","Technologischer Determinismus ist ein Begriff, der ein breites Spektrum von Ideen in der Praxis umfasst, vom Technologie-Push oder dem technologischen Imperativ bis hin zu dem strengen Sinn, dass das menschliche Schicksal von einer zugrunde liegenden Logik bestimmt wird, die mit wissenschaftlichen Gesetzen und ihrer Manifestation in der Technologie verbunden ist.","Technologischer Determinismus ist ein Begriff, der eine Vielzahl von Ideen in der Praxis umfasst, von technologiegetriebenen Ansätzen oder dem technologischen Imperativ bis hin zu dem strengen Gefühl, dass das menschliche Schicksal von einer zugrunde liegenden Logik bestimmt wird, die mit wissenschaftlichen Gesetzen und deren Manifestation in der Technologie verbunden ist.",0.9244318604469299,0.7799713015556335,0.8460795283317566,0.8649520874023438,0.7433377504348755,0.7995468378067017
482,Die meisten Interpretationen des technologischen Determinismus teilen zwei allgemeine Vorstellungen: dass die Entwicklung der Technologie selbst weit über den kulturellen oder politischen Einfluss hinausgeht und,"Die meisten Interpretationen des technologischen Determinismus teilen zwei allgemeine Vorstellungen. Einerseits, dass die Entwicklung der Technologie selbst einem Weg folgt, der weitgehend jenseits kultureller oder politischer Einflussnahme liegt, und andererseits, dass Technologie ihrerseits „Auswirkungen“ auf Gesellschaften hat, die eher inhärent als sozial bedingt sind.","Die meisten Interpretationen des technologischen Determinismus teilen zwei allgemeine Ideen: dass die Entwicklung der Technologie selbst einem Weg folgt, der weitgehend über kulturelle oder politische Einflüsse hinausgeht, und dass die Technologie ihrerseits „Wirkungen“ auf Gesellschaften hat, die inhärent und nicht sozial bedingt sind.",0.8977823257446289,0.777863621711731,0.8335319757461548,0.9111660122871399,0.7958146333694458,0.8495927453041077
483,"Man könnte beispielsweise sagen, dass das Auto notwendigerweise zur Entwicklung von Straßen führt.","Man kann etwa behaupten, dass der Personenkraftwagen unumgänglich die Entwicklung von Straßen mit sich bringt.","Zum Beispiel könnte man sagen, dass das Automobil notwendigerweise zur Entwicklung von Straßen führt.",0.8871060013771057,0.8095709085464478,0.8465668559074402,0.969645082950592,0.9555683135986328,0.9625552892684937
484,"Ein landesweites Straßennetz ist jedoch nicht wirtschaftlich tragfähig für nur eine Handvoll Autos, so dass neue Produktionsmethoden entwickelt werden, um die","Allerdings ist ein landesweites Straßennetz für nur eine kleine Anzahl an Autos wirtschaftlich nicht überlebensfähig. Daher werden neue Produktionsmethoden entwickelt, um die Kosten des Autobesitzes zu reduzieren.","Allerdings ist ein landesweites Straßennetz wirtschaftlich nicht rentabel für nur eine Handvoll Autos, weshalb neue Produktionsmethoden entwickelt werden, um die Kosten des Autobesitzes zu senken.",0.8790557384490967,0.8269864320755005,0.8522264957427979,0.8974697589874268,0.8545224666595459,0.8754696846008301
485,"Der Massenautobesitz führt auch zu einer höheren Unfallquote auf den Straßen, was zur Erfindung neuer Techniken im Gesundheitswesen zur Reparatur beschädigter Körper führt","Der verbreitete Automobilbesitz führt auch zu einer höheren Anzahl von Unfällen auf den Straßen, was wiederum zur Erfindung von neuen Techniken im Gesundheitswesen zur Reparatur beschädigter Körper führt.","Der massenhafte Fahrzeugbesitz führt auch zu einer höheren Unfallrate auf den Straßen, was zur Erfindung neuer Techniken im Gesundheitswesen für die Reparatur verletzter Körper führt.",0.8880828619003296,0.8778372406959534,0.8829302787780762,0.9087122678756714,0.898335337638855,0.9034940004348755
486,"Die Romantik hatte ein großes Element des kulturellen Determinismus, das von Schriftstellern wie Goethe, Fichte und Schlegel gezogen wurde.","Die Romantik hatte ein starkes, kulturell deterministisches Element, das sich aus Schriftstellern wie Goethe, Fichte und Schlegel schöpfte.","Der Romantismus hatte ein großes Element des kulturellen Determinismus, beeinflusst von Schriftstellern wie Goethe, Fichte und Schlegel.",0.9153978824615479,0.8803075551986694,0.8975098729133606,0.937063992023468,0.9491273760795593,0.943057119846344
487,"Im Kontext des Romantikismus bildete die Geografie Individuen, und im Laufe der Zeit entstanden Bräuche und Kulturen, die mit dieser Geografie in","Im Kontext der Romantik, ist es die Geographie, die Individuen formte. Mit der Zeit entstanden Bräuche und Kulturen mit Bezug zu dieser Geographie und diese, da sie in Harmonie mit dem Platz der Gesellschaft standen, waren besser als willkürlich oktroyierte Gesetze.","Im Kontext der Romantik prägte die Geographie die Menschen, und im Laufe der Zeit entstanden Bräuche und Kultur, die mit dieser Geographie verbunden waren. Diese waren, im Einklang mit dem Ort der Gesellschaft, besser als willkürlich auferlegte Gesetze.",0.8477901220321655,0.7486554384231567,0.79514479637146,0.8804945349693298,0.7798753976821899,0.827136218547821
488,"In der Weise, dass Paris als Modehauptstadt der heutigen Welt bekannt ist, wurde Konstantinopel als Modehauptstadt des feudalen Europas angesehen.","So wie Paris als Modehauptstadt der heutigen Welt bekannt ist, so galt Konstantinopel als die Modehauptstadt des feudalen Europas.","In der Weise, wie Paris als die Modehauptstadt der modernen Welt bekannt ist, wurde Konstantinopel als die Modehauptstadt des feudalen Europa betrachtet.",0.9129879474639893,0.9362877607345581,0.9244910478591919,0.9602013826370239,0.94959557056427,0.9548690319061279
489,Sein Ruf als Epizentrum des Luxus begann etwa 400 v. Chr. und dauerte bis etwa 1100 v. Chr.,Sein Ruhm als Epizentrum des Luxus begann ungefähr um 400 n. Chr. und dauerte bis ungefähr 1100 n. Chr. an.,Sein Ruf als Epizentrum des Luxus begann etwa 400 n. Chr. und hielt bis etwa 1100 n. Chr. an.,0.9488537311553955,0.9217977523803711,0.9351301193237305,0.947913408279419,0.9387385845184326,0.943303644657135
490,"Sein Status nahm im zwölften Jahrhundert zurück, hauptsächlich aufgrund der Tatsache, dass die Kreuzritter Geschenke wie Seide und Gewürze zurückgegeben hatten, die mehr als","Sein Status nahm im Laufe des zwölften Jahrhunderts ab, was vor allem darauf zurückzuführen war, dass die Kreuzritter mit Geschenken wie Seide und Gewürzen zurückgekehrt waren, die als wertvoller als das Angebot der byzantinischen Märkte erachtet wurden.","Sein Status sank im zwölften Jahrhundert hauptsächlich aufgrund der Tatsache, dass Kreuzfahrer zurückkehrten und Geschenke wie Seide und Gewürze mitbrachten, die mehr wert waren als das, was die byzantinischen Märkte anboten.",0.8668087124824524,0.7936240434646606,0.8286035060882568,0.880427896976471,0.8104833364486694,0.8440089821815491
491,Zu diesem Zeitpunkt wurde der Titel Fashion Capital von Konstantinopel nach Paris verlegt.,Zu dieser Zeit wanderte auch der Titel der Modehauptstadt der Welt von Konstantinopel nach Paris.,"Es war zu dieser Zeit, dass der Titel der Modehauptstadt von Konstantinopel nach Paris übertragen wurde.",0.8798527717590332,0.8371553421020508,0.8579731583595276,0.8813021183013916,0.8313719630241394,0.8556091785430908
492,Der gotische Stil hat in der Zeit zwischen dem 10. - 11. Jahrhundert und dem 14. Jahrhundert seinen Höhepunkt erreicht.,Der gotische Stil erreichte seinen Höhepunkt in der Zeit zwischen dem 10.-11. und dem 14. Jahrhundert.,Der gotische Stil erreichte seinen Höhepunkt im Zeitraum zwischen dem 10. und 11. Jahrhundert sowie im 14. Jahrhundert.,0.9595249891281128,0.9655594229698181,0.9625327587127686,0.9439132213592529,0.9513162970542908,0.947600245475769
493,Am Anfang wurde die Kleidung stark von der byzantinischen Kultur im Osten beeinflusst.,Zu Beginn war die Kleidung stark von der Kultur Byzanz' im Osten geprägt.,Zu Beginn wurde die Kleidung stark von der byzantinischen Kultur im Osten beeinflusst.,0.9339516162872314,0.92539381980896,0.9296530485153198,0.9893922805786133,0.9893922805786133,0.9893922805786133
494,Aufgrund der langsamen Kommunikationskanäle könnten Stile im Westen jedoch um 25 bis 30 Jahre zurückbleiben.,Allerdings hängen die Stile im Westen aufgrund der langsamen Kommunikationskanäle 25 bis 30 Jahre hinterher.,Allerdings könnten aufgrund der langsamen Kommunikationskanäle die Stile im Westen um 25 bis 30 Jahre zurückbleiben.,0.8846012353897095,0.8878988027572632,0.8862469792366028,0.9692426323890686,0.9609553813934326,0.9650812745094299
495,"Im Mittelalter begann Westeuropa ihren eigenen Stil zu entwickeln, eine der größten Entwicklungen dieser Zeit aufgrund der Kreuzzüge, die Menschen begannen, Tasten","Gegen Ende des Mittelalters begann Westeuropa langsam einen eigenen Stil zu entwickeln. Eine der wichtigsten Entwicklungen der Zeit bestand darin, dass die Menschen als Folge der Kreuzzüge damit begannen, Knöpfe zum Fixieren von Kleidung zu nutzen.","Gegen Ende des Mittelalters begann Westeuropa, seinen eigenen Stil zu entwickeln. Eine der größten Entwicklungen dieser Zeit war, dass die Menschen infolge der Kreuzzüge begannen, Knöpfe zu verwenden, um Kleidung zu schließen.",0.851593017578125,0.7682920694351196,0.8078007102012634,0.8684049248695374,0.7990363836288452,0.8322776556015015
496,"Die Subsistenz-Agrarwirtschaft ist eine Landwirtschaft, die für die Produktion genügend Nahrungsmittel produziert, um den Bedürfnissen des Agraristen und seiner Familie gerecht","Bedarfswirtschaft ist Landwirtschaft, die darauf zielt, gerade so viele Nahrungsmittel zu produzieren, dass sie den Bedarf des Landwirts bzw. der Landwirtin und seiner/ihrer Familie deckt.","Subsistenzlandwirtschaft ist Landwirtschaft, die betrieben wird, um genügend Nahrungsmittel zu produzieren, um nur die Bedürfnisse des Landwirts und seiner/ihrer Familie zu decken.",0.7645750045776367,0.7691986560821533,0.7668799161911011,0.8343015313148499,0.8286194205284119,0.8314507603645325
497,"Die Subsistenz-Agrarwirtschaft ist ein einfaches, oft organisches System, das gespartes Saatgut in der koregion","Die Subsistenzwirtschaft ist eine einfache, oftmals biologische Anbauart, die aufgespartes, in der Ökoregion heimisches Saatgut nutzt und mit Wechselfelderwirtschaft oder anderen relativ einfachen Techniken verbindet, um den Ertrag zu maximieren.","Subsistenzlandwirtschaft ist ein einfaches, oft organisches System, das mit eingespartem, regionalem Saatgut arbeitet und mit Fruchtwechsel oder anderen relativ einfachen Techniken kombiniert wird, um den Ertrag zu maximieren.",0.7958240509033203,0.7244059443473816,0.75843745470047,0.8037246465682983,0.7373685240745544,0.7691180109977722
498,"Historisch waren die meisten Landwirte in der Subsistenzagrarwirtschaft tätig, und das ist in vielen Entwicklungsländern immer noch der Fall.",In der Vergangenheit betrieben die meisten Bauern Subsistenzwirtschaft und in vielen Entwicklungsländern ist das nach wie vor der Fall.,"Historisch gesehen waren die meisten Landwirte in der Subsistenzlandwirtschaft tätig, und dies ist immer noch in vielen Entwicklungsländern der Fall.",0.8493267297744751,0.8740533590316772,0.8615126609802246,0.9666877388954163,0.9669898748397827,0.9668387770652771
499,"Subkulturen vereinen gleichgesinnte Menschen, die sich durch gesellschaftliche Standards vernachlässigen und ihnen ein Gefühl der Identität entwickeln.","Subkulturen bringen gleichgesinnte Menschen zusammen, die sich von gesellschaftlichen Normen vernachlässigt fühlen, und ermöglichen es ihnen, ein Identitätsgefühl zu entwickeln.","Subkulturen bringen gleichgesinnte Individuen zusammen, die sich von gesellschaftlichen Standards vernachlässigt fühlen, und ermöglichen es ihnen, ein Identitätsgefühl zu entwickeln.",0.9090458154678345,0.8691247701644897,0.8886371850967407,0.9063602685928345,0.8627905249595642,0.8840389251708984
500,"Unterkünfte können aufgrund des Alters, der ethnischen Herkunft, der Klasse, des Standorts und/oder des Geschlechts","Subkulturen können sich hinsichtlich des Alters, der ethnischen Zugehörigkeit, der Klasse, des Ortes und/oder des Geschlechts der Mitglieder von anderen abgrenzen.","Subkulturen können sich durch das Alter, die Ethnie, die Klasse, den Standort und/oder das Geschlecht der Mitglieder unterscheiden.",0.8704365491867065,0.816523015499115,0.8426182866096497,0.819025456905365,0.8186613321304321,0.8188433647155762
501,"Die Qualitäten, die eine Subkultur als distinct bestimmen, können sprachliche, ästhetische, religiöse, politische, sexuelle, geografische oder eine Kombination von Faktoren","Die Eigenschaften, die eine Subkultur als solche abgrenzen, können sprachlicher, ästhetischer, religiöser, politischer, sexueller oder geographischer Natur oder eine Kombination dieser Faktoren sein.","Die Eigenschaften, die eine Subkultur als distinct bestimmen, können sprachlicher, ästhetischer, religiöser, politischer, sexueller, geografischer oder eine Kombination dieser Faktoren sein.",0.8910497426986694,0.8592382669448853,0.8748549222946167,0.9265208840370178,0.9068067073822021,0.916557788848877
502,"Die Mitglieder einer Subkultur signalisieren oft ihre Mitgliedschaft durch einen unverwechselbaren und symbolischen Stil, der Mode, Manipulation und Argot einschließt.","Die Mitglieder einer Subkultur signalisieren ihre Zugehörigkeit oft durch einen unverwechselbaren und symbolischen Stil, was Mode, Angewohnheiten und Jargon einschließt.","Mitglieder einer Subkultur signalisieren oft ihre Zugehörigkeit durch eine erkennbare und symbolische Verwendung von Stil, die Modetrends, Manierismen und eine eigene Sprachweise umfasst.",0.9299556016921997,0.9120916128158569,0.9209370017051697,0.851813793182373,0.8398078680038452,0.8457682132720947
503,"Eine der häufigsten Methoden, um die Bedeutung der Sozialisierung zu verdeutlichen, ist, auf die wenigen unglücklichen Fälle von Kindern zurückzugreifen, die durch Vernachlässig","Eine der gängigsten Methoden zur Veranschaulichung der Wichtigkeit der Sozialisierung ist, sich auf die paar unglücklichen Fälle von Kindern zu stützen, die aufgrund von Vernachlässigung, Unglück oder vorsätzlichem Missbrauch während ihrer Kindheit nicht von Erwachsenen sozialisiert worden sind.","Eine der häufigsten Methoden, um die Bedeutung von Sozialisation zu veranschaulichen, ist es, auf die wenigen unglücklichen Fälle von Kindern hinzuweisen, die durch Vernachlässigung, Unglück oder absichtlichen Missbrauch während ihres Aufwachsens nicht von Erwachsenen sozialisiert wurden.",0.8294268250465393,0.7629191279411316,0.7947840690612793,0.8826521635055542,0.8002395629882812,0.8394279479980469
504,"Diese Kinder werden als ""ferien"" oder wild bezeichnet, einige wilde Kinder wurden von Menschen (normalerweise ihren eigenen Eltern) eingesperrt; in einigen Fällen","""Solche Kinder nennt man """"verwildert"""" oder wild. Einige verwilderte Kinder wurden von Menschen gefangen gehalten (für gewöhnlich den eigenen Eltern); in einige Fällen war die Vernachlässigung des Kindes auf die Unfähigkeit der Eltern zurückzuführen, die erheblichen intellektuellen oder körperlichen Einschränkungen des Kindes zu akzeptieren.""","Solche Kinder werden als ""verwildert"" oder wild bezeichnet. Einige verwilderte Kinder wurden von Menschen (in der Regel ihren eigenen Eltern) eingeschlossen; in einigen Fällen war diese Kindesverlassenheit auf die Ablehnung der Eltern gegenüber einer schweren geistigen oder körperlichen Beeinträchtigung des Kindes zurückzuführen.",0.817859947681427,0.6890302896499634,0.7479380369186401,0.8696359395980835,0.7404225468635559,0.7998442649841309
505,"Feralkinder können schweren Kindesmissbrauch oder Trauma erfahren haben, bevor sie aufgegeben oder weggelassen werden.","Wolfskinder haben möglicherweise massive Kindesmisshandlungen erlebt oder traumatische Erfahrungen gemacht, bevor sie ausgesetzt wurden oder weggelaufen sind.","Feral Kinder könnten schweren Kindesmissbrauch oder Trauma erlebt haben, bevor sie verlassen wurden oder wegliefen.",0.8294768333435059,0.8107075095176697,0.8199847936630249,0.926701009273529,0.9179633259773254,0.9223114848136902
506,Andere werden angeblich von Tieren aufgezüchtet; einige werden angeblich allein in der Wildnis gelebt.,Andere sollen von Tieren aufgezogen worden sein; einige sollen allein in der Wildnis gelebt haben.,"Es wird behauptet, dass andere von Tieren aufgezogen wurden; einigen wird nachgesagt, sie hätten alleine in der Wildnis gelebt.",0.9031170606613159,0.9135249257087708,0.9082911610603333,0.8567902445793152,0.7997968196868896,0.8273130655288696
507,Bei vollständiger Erziehung von nichtmenschlichen Tieren zeigt das faule Kind Verhaltensweisen (in physikalischen Grenzen) nahezu vollständig wie die,"Wenn es komplett von Tieren aufgezogen wurde, zeigt das wilde Kind Verhaltensweisen (im Rahmen seiner körperlichen Möglichkeiten), die fast komplett in Übereinstimmung mit denen seines spezifischen Pflegetiers sind, wie z.B. dessen Angst oder Gleichgültigkeit gegenüber Menschen.","Wenn ein verwildertes Kind vollständig von nicht-menschlichen Tieren aufgezogen wird, zeigt es Verhaltensweisen (innerhalb physischer Grenzen), die fast ausschließlich denen des spezifischen Pflege-Tiers ähneln, wie zum Beispiel seine Angst oder Gleichgültigkeit gegenüber Menschen.",0.7782121300697327,0.7014641165733337,0.7378477454185486,0.8007493615150452,0.7204461693763733,0.7584781646728516
508,"Während projektbasiertes Lernen das Lernen erleichtern und interessanter machen sollte, geht das Gerüst über die Grenzen hinaus.","Während projektbasiertes Lernen den Lernprozess einfacher und interessanter gestalten sollte, geht das „Scaffolding“ einen Schritt weiter.","Während projektbasiertes Lernen das Lernen einfacher und interessanter gestalten sollte, geht das Scaffolding einen Schritt weiter.",0.8470326662063599,0.8218911290168762,0.8342725038528442,0.8724929094314575,0.8734773397445679,0.8729848265647888
509,"Scaffolding ist nicht eine Methode des Lernens, sondern eine Hilfe, die Einzelpersonen unterstützt, die eine neue Lernerfahrung durchlaufen, wie z. B.","Scaffolding ist keine Lernmethode, sondern vielmehr eine Hilfe, die Individuen in einer neuartigen Lernsituation unterstützt wie beispielsweise beim Benutzen eines neuen Computerprogramms oder beim Beginn eines neuen Projekts.","Die Unterstützung ist keine Lernmethode, sondern eine Hilfe, die Personen unterstützt, die eine neue Lernerfahrung machen, wie z.B. die Nutzung eines neuen Computerprogramms oder den Beginn eines neuen Projekts.",0.8265751600265503,0.787789523601532,0.8067165017127991,0.8560123443603516,0.8169935345649719,0.8360479474067688
510,"Scaffolds können sowohl virtuell als auch real sein, mit anderen Worten, ein Lehrer ist eine Form des Gerüsts, aber ebenso ist der kleine Papierclip","Gerüste können sowohl virtuell als auch real sein. Mit anderen Worten, ein Lehrer ist eine Form von Gerüst, aber auch das kleine Büroklammermännchen in Microsoft Office.","Gerüste können sowohl virtuell als auch real sein. Mit anderen Worten, ein Lehrer ist eine Form von Gerüst, aber auch der kleine Büroklammer-Mann in Microsoft Office.",0.8564269542694092,0.844190776348114,0.8502647876739502,0.8563855886459351,0.8508486747741699,0.8536081910133362
511,"Virtuelle Scaffolds werden in der Software internalisiert und sollen die Verfahren in Frage stellen, prompten und erklären, die für den Studenten möglicherweise zu schwierigen Handhabungen allein","Virtuelle Hilfestellungen sind in die Software eingebaut und sollen Arbeitsschritte, die der Schüler allein möglicherweise nicht bewältigen kann, hinterfragen, nahelegen und erklären.","Virtuelle Gerüste sind in der Software verankert und sollen Verfahren hinterfragen, anregen und erklären, die für den Schüler möglicherweise zu anspruchsvoll waren, um sie alleine zu bewältigen.",0.7593885660171509,0.7789496779441833,0.769044816493988,0.8117685317993164,0.7873971462249756,0.7993971705436707
513,"Kein Kind sollte jemals in einem Umfeld aufwachsen müssen, das nicht pflegen, pflegen und erzieherisch ist, sondern es tut.","Kein Kind sollte gezwungen sein, in einer Umgebung aufzuwachsen, die nicht fürsorglich, liebevoll und bildungsorientiert ist, aber viele sind dazu gezwungen.","Kein Kind sollte jemals in einer Umgebung aufwachsen müssen, die nicht förderlich, fürsorglich und bildend ist, aber das tun sie.",0.8043030500411987,0.8022598028182983,0.8032801747322083,0.8539080619812012,0.8716216087341309,0.8626738786697388
514,Wir sehen das Foster Care System als eine Sicherheitszone für diese Kinder.,Für uns ist das System der Pflegeunterbringung ein Stück Sicherheit für diese Kinder.,Wir betrachten das Pflegekindersystem als einen sicheren Raum für diese Kinder.,0.836681604385376,0.8067080974578857,0.8214215040206909,0.8804658651351929,0.8387699127197266,0.8591122627258301
515,"Unser Pflegesystem soll sichere Heime, liebevolle Pflegepersonen, eine stabile Ausbildung und eine zuverlässige Gesundheitsfürsorge bieten.","Unser Pflegefamiliensystem soll ein sicheres Zuhause, liebevolle Betreuungspersonen, eine stabile Ausbildung und eine zuverlässige Gesundheitsversorgung bieten.","Unser Pflegekindsystem soll sichere Zuhause, liebevolle Betreuer, stabile Bildung und zuverlässige Gesundheitsversorgung bieten.",0.9293248653411865,0.9056934118270874,0.9173569679260254,0.9181405305862427,0.9164168238639832,0.9172778725624084
516,"Die Pflege soll alle Notwendigkeiten erbringen, die in der Wohnung fehlten, aus der sie zuvor genommen wurden.","Die Pflegestelle soll alle Bedürfnisse abdecken, die sie in dem Zuhause, aus dem sie zuvor herausgenommen wurden, nicht bekommen hatten.","Die Pflegefamilie soll alle Bedürfnisse bereitstellen, die im vorherigen Zuhause fehlten.",0.8583537340164185,0.8442392349243164,0.8512380123138428,0.8511984348297119,0.8567582368850708,0.8539693355560303
517,Das Internet verbindet Elemente der Massen- und zwischenmenschlichen Kommunikation.,"Das Internet verbindet sowohl Elemente der Massenkommunikation, als auch der zwischenmenschlichen Kommunikation.",Das Internet kombiniert Elemente sowohl der Massenkommunikation als auch der zwischenmenschlichen Kommunikation.,0.9143794178962708,0.8501105308532715,0.8810745477676392,0.8997190594673157,0.840766429901123,0.8692443370819092
518,Die verschiedenen Merkmale des Internets führen zu zusätzlichen Dimensionen hinsichtlich der Nutzung und Befriedigungsansätze.,Die spezifischen Eigenheiten des Internets haben zu zusätzlichen Dimensionen hinsichtlich des Nutzen- und Belohnungsansatzes geführt.,Die besonderen Merkmale des Internets führen zu zusätzlichen Dimensionen im Hinblick auf den Ansatz der Nutzung und Befriedigung.,0.8766531944274902,0.8485124707221985,0.8623533844947815,0.9276339411735535,0.9010671973228455,0.9141575694084167
519,"Beispielsweise werden „Lernen“ und „Sozialisierung“ als wichtige Motive für den Internet-Benutzer vorgeschlagen (James et al., 1995","Beispielsweise werden „Lernen“ und „Sozialisation“ als wichtige Motivationen für die Internetnutzung vorgebracht (James et al., 1995).","Zum Beispiel werden „Lernen“ und „Sozialisation“ als wichtige Motivationen für die Internetnutzung vorgeschlagen (James et al., 1995).",0.9180759191513062,0.9168575406074524,0.9174662828445435,0.9195512533187866,0.9180072546005249,0.9187785983085632
520,„Persönliche Beteiligung“ und „Fortsetzungsbeziehungen“ wurden auch von Eighmey und McCord (1998) als neue Motivationsaspekte,"„Persönliches Engagement“ und „anhaltende Beziehungen“ wurden ebenso als neue Motivationsaspekte von Eighmey und McCord (1998) identifiziert, als sie die Publikumsreaktionen auf Websites untersuchten.","„Persönliches Engagement“ und „fortdauernde Beziehungen“ wurden ebenfalls von Eighmey und McCord (1998) als neue Motivationsaspekte identifiziert, als sie die Reaktionen des Publikums auf Websites untersuchten.",0.8871015310287476,0.8085966110229492,0.8460317850112915,0.8986504077911377,0.8076300024986267,0.8507124781608582
521,"Die Verwendung von Videoaufnahmen hat zu wichtigen Entdeckungen in der Interpretation von Mikro-Ausdrücken, Gesichtsbewegungen, die einige Millisekunden dauern.","Die Verwendung von Videoaufzeichnungen führte zu wichtigen Erkenntnissen für die Deutung von Mikroexpressionen, wenige Millisekunden dauernden Gesichtsbewegungen.","Die Verwendung von Videoaufnahmen hat zu wichtigen Entdeckungen bei der Interpretation von Mikroausdrücken geführt, Gesichtsbewegungen, die nur wenige Millisekunden dauern.",0.8667888045310974,0.8629841804504395,0.864882230758667,0.9549134969711304,0.9494177103042603,0.9521576762199402
522,"Insbesondere wird behauptet, man könne erkennen, ob eine Person lügt, indem man Mikroausdrücke korrekt interpretiert.","Insbesondere wird behauptet, dass man erkennen kann, ob jemand lügt, indem man minimale Veränderungen des Gesichtsausdrucks richtig deutet.x","Insbesondere wird behauptet, dass man erkennen kann, ob eine Person lügt, indem man Mikroexpressionen richtig interpretiert.",0.8348860740661621,0.8174543380737305,0.8260782361030579,0.9471197128295898,0.9452881813049316,0.9462030529975891
523,"Oliver Sacks hat in seinem Beitrag The President's Speech darauf hingewiesen, wie Menschen, die aufgrund von Hirnschäden keine Rede verstehen können, den","In seinem Artikel Die Rede des Präsidenten zeigte Oliver Sacks auf, wie Leute, die wegen eines Hirnschadens keine Sprache mehr verstehen können, trotzdem die Ehrlichkeit von Menschen richtig einschätzen können.","Oliver Sacks weist in seinem Aufsatz Die Rede des Präsidenten darauf hin, dass Menschen, die aufgrund von Hirnschäden nicht in der Lage sind, Sprache zu verstehen, dennoch in der Lage sind, Aufrichtigkeit genau einzuschätzen.",0.8232787847518921,0.7944836020469666,0.8086249828338623,0.844539999961853,0.7687159180641174,0.8048460483551025
524,"Er schlägt sogar vor, dass solche Fähigkeiten bei der Interpretation menschlichen Verhaltens von Tieren wie Haushunden geteilt werden können.","Er behauptet sogar, dass die Fähigkeiten, menschliches Verhalten zu interpretieren, möglicherweise mit Tieren wie Haushunden geteilt wird.","Er schlägt sogar vor, dass solche Fähigkeiten zur Interpretation menschlichen Verhaltens auch von Tieren wie Haushunden geteilt werden könnten.",0.8656259179115295,0.8413665294647217,0.8533238768577576,0.9701539874076843,0.9687148928642273,0.9694339036941528
525,"Die Forschung des 20. Jahrhunderts hat gezeigt, dass es zwei Pools genetischer Variationen gibt: versteckt und ausgedrückt.","Forschungen im zwanzigsten Jahrhundert haben gezeigt, dass es zwei Pools genetischer Variationen gibt: versteckt und exprimiert.","Die Forschung des zwanzigsten Jahrhunderts hat gezeigt, dass es zwei Quellen genetischer Variation gibt: verborgene und ausgeprägte.",0.9300274848937988,0.9234106540679932,0.9267072677612305,0.8884304165840149,0.8837234973907471,0.886070728302002
526,"Die Mutation fügt neue genetische Variationen hinzu, und die Auswahl entzieht sie aus dem Pool der ausgedrückten Variationen.",Mutation sorgt für neue genetische Variationen und Selektion entfernt diese aus dem Pool exprimierter Variationen.,"Mutation fügt neue genetische Variation hinzu, und Selektion entfernt sie aus dem Pool der ausgedrückten Variation.",0.8221477270126343,0.8525903820991516,0.837092399597168,0.8904014229774475,0.9078035354614258,0.8990182876586914
527,Segregation und Rekombination wechselt zwischen den beiden Pools in jeder Generation.,Segregation und Rekombination mischen die Variation zwischen den beiden Pools mit jeder Generation hin und her.,Segregation und Rekombination mischen die Variation mit jeder Generation zwischen den beiden Pools hin und her.,0.9163625240325928,0.8601440191268921,0.8873637318611145,0.9116618633270264,0.8564126491546631,0.8831740021705627
528,"Auf der Savanne ist es für ein Primat mit einem Verdauungssystem wie das des Menschen schwer, seine Aminosäureanforderungen aus verfügbaren","Draußen in der Savanne ist es für einen Primaten mit einem Verdauungssystem wie dem menschlichen schwer, seinen Bedarf an Aminosäure aus zur Verfügung stehenden pflanzlichen Quellen zu decken.","Auf der Savanne ist es für einen Primaten mit einem Verdauungssystem wie dem des Menschen schwierig, seinen Aminosäurebedarf aus den verfügbaren pflanzlichen Ressourcen zu decken.",0.8266990184783936,0.7816087007522583,0.8035217523574829,0.8743551969528198,0.8116399049758911,0.8418310880661011
529,"Zudem hat das Versäumnis ernste Folgen: Wachstumsdepression, Unterernährung und letztlich Tod.","Außerdem hat es schwerwiegende Konsequenzen, wenn man es unterlässt: Wachstumsdepression, Mangelernährung und letztendlich Tod.","Darüber hinaus hat das Versäumnis, dies zu tun, schwerwiegende Folgen: Wachstumsdepression, Unterernährung und letztendlich den Tod.",0.8599584102630615,0.8346720337867737,0.8471265435218811,0.9419398903846741,0.876150906085968,0.9078550934791565
530,"Die am leichtesten zugänglichen Pflanzenressourcen wären die in Blättern und Leguminosen zugänglichen Proteine gewesen, aber diese sind für Primaten wie wir schwer","Die am leichtesten zugänglichen Pflanzenressourcen wären die Proteine in Blättern und Hülsenfrüchten gewesen, doch diese sind für Primaten wie uns schwer verdaulich, es sei denn, sie werden gekocht.","Die am leichtesten zugänglichen pflanzlichen Ressourcen wären die in Blättern und Hülsenfrüchten enthaltenen Proteine gewesen, aber diese sind für Primaten wie uns schwer verdaulich, es sei denn, sie werden gekocht.",0.9013513326644897,0.8358511924743652,0.8673664331436157,0.8910678029060364,0.8201345205307007,0.8541309237480164
531,"Im Gegensatz dazu sind tierische Lebensmittel (Ameisen, termite, Eier) nicht nur leicht verdaubar, sondern bieten hochmengenreiche Protein","Im Gegensatz dazu sind tierische Nahrungsquellen (Ameisen, Termiten, Eier) nicht nur leicht verdaulich, sondern liefern auch große Mengen von Eiweißen, die alle essentiellen Aminosäuren enthalten.","Im Gegensatz dazu sind tierische Lebensmittel (Ameisen, Termiten, Eier) nicht nur leicht verdaulich, sondern sie bieten auch hochwertige Proteine, die alle essentiellen Aminosäuren enthalten.",0.8568644523620605,0.7967946529388428,0.8257385492324829,0.8880031704902649,0.8307993412017822,0.8584493398666382
533,Schlafunterbrechung ist der Prozess des gezielten Erwachens während Ihrer normalen Schlafzeit und des Einschlafens eine kurze Zeit später (10–60 Minuten).,Schlafunterbrechnung ist der Prozess des zielgerichteten Aufwachens während der normalen Schlafperioden und des Einschlafens kurze Zeit (10-60 Minuten) später.,"Schlafunterbrechung ist der Prozess, absichtlich während Ihrer normalen Schlafperiode aufzuwachen und kurz darauf (10–60 Minuten) wieder einzuschlafen.",0.920493483543396,0.9144913554191589,0.9174826741218567,0.8617123365402222,0.8595154285430908,0.8606125116348267
534,"Das kann man einfach mit einer relativ ruhigen Erinnerungsuhr erreichen, um Sie zum Bewusstsein zu bringen, ohne Sie voll zu erwachen.","Dies kann durch die Verwendung eines relativ leisen Weckers einfach erreicht werden, um Sie zu Bewusstsein zu bringen, ohne Sie vollständig zu wecken.","Das kann einfach erreicht werden, indem man einen relativ leisen Wecker benutzt, um dich ins Bewusstsein zu bringen, ohne dich vollständig zu wecken.",0.8625694513320923,0.8643698692321777,0.8634687662124634,0.850149393081665,0.853010892868042,0.8515777587890625
535,"Wenn Sie die Uhr in Ihrem Schlaf wieder einstellen, kann sie auf der anderen Seite des Zimmers platziert werden und Sie zwingen, aus dem Bett zu kommen, um","Wenn Du jemand bist, der den Wecker im Schlaf vorstellt, kannst Du ihn auf die andere Seite des Zimmers stellen, so dass Du gezwungen bist, das Bett zu verlassen, um ihn auszuschalten.","Wenn Sie feststellen, dass Sie die Uhr im Schlaf zurücksetzen, kann sie auf die andere Seite des Raumes gestellt werden, was Sie zwingt, aus dem Bett zu steigen, um sie auszuschalten.",0.7926204204559326,0.7640914916992188,0.7780945301055908,0.8628003597259521,0.8346853256225586,0.8485100269317627
536,"Andere biorhythmische Optionen beinhalten das Trinken vieler Flüssigkeiten (insbesondere Wasser oder Tee, ein bekannter Diuretik) vor dem Schlaf, wodurch man","Eine andere auf dem Biorhythmus basierende Möglichkeit ist es, vor dem Schlafengehen eine Menge Flüssigkeit zu trinken (besonders Wasser oder Tee, der für seine harntreibende Wirkung bekannt ist), sodass man gezwungen ist, zum Urinieren aufzustehen.","Andere auf dem Biorhythmus basierende Optionen beinhalten, viel Flüssigkeit (insbesondere Wasser oder Tee, ein bekannter Diuretikum) vor dem Schlafengehen zu trinken, was dazu führt, dass man aufstehen muss, um zu urinieren.",0.8099795579910278,0.7510061264038086,0.7793788313865662,0.8899533152580261,0.8135472536087036,0.8500367999076843
537,"Die Höhe des inneren Friedens, den ein Mensch besitzt, korreliert gegenteilig mit der Höhe der Spannung in seinem Körper und Geist.","Das Maß an innerer Ruhe, das ein Mensch besitzt, korreliert in umgekehrter Weise mit dem Maß an Spannung in Körper und Geist.","Die Menge an innerem Frieden, die eine Person besitzt, steht im umgekehrten Verhältnis zur Menge an Spannungen im Körper und Geist.",0.8796334862709045,0.8569329977035522,0.8681348562240601,0.85015469789505,0.8521618247032166,0.8511570692062378
538,"Je niedriger die Spannungen sind, desto positiver ist die Lebenskraft, denn jeder Mensch hat das Potenzial, absoluten Frieden und Befriedigung zu finden.","Je geringer die Anspannung ist, desto positiver ist die vorhandene Lebenskraft. Jeder Mensch hat das Potenzial, absolute Ruhe und Zufriedenheit zu finden.","Je geringer die Spannung, desto positiver ist die Lebensenergie vorhanden. Jeder Mensch hat das Potenzial, absolute Ruhe und Zufriedenheit zu finden.",0.9039784669876099,0.90320885181427,0.9035934805870056,0.8881761431694031,0.8930025100708008,0.8905827403068542
539,"Alle können Aufklärung erreichen, und das einzige, was diesem Ziel im Wege steht, sind unsere eigenen Spannungen und Negativität.","Jeder kann Erleuchtung erlangen. Das Einzige, was diesem Ziel im Wege steht, ist unsere eigene Anspannung und Negativität.",Jeder kann Erleuchtung erreichen. Das einzige Hindernis auf dem Weg zu diesem Ziel sind unsere eigene Anspannung und Negativität.,0.8991965055465698,0.8819209337234497,0.8904749751091003,0.8532558679580688,0.8436943292617798,0.8484481573104858
540,"Der tibetische Buddhismus basiert auf den Lehren Buddhas, wurde jedoch durch den Mahayana-Pfad der Liebe und durch eine Vielzahl von Technik","Der tibetanische Buddhismus basiert auf den Lehren Buddhas, wurde aber um den Pfad der Liebe des Mahayana und zahlreiche Techniken des indischen Yoga erweitert.","Der tibetische Buddhismus basiert auf den Lehren des Buddha, wurde jedoch durch den Mahayana-Weg der Liebe und durch viele Techniken des indischen Yoga erweitert.",0.8883291482925415,0.8723973631858826,0.880291223526001,0.9003797769546509,0.8855953216552734,0.8929263353347778
541,"Im Prinzip ist der tibetische Buddhismus sehr einfach, er besteht aus Kundalini Yoga, Meditation und dem Weg der allumfassenden Liebe.","Im Prinzip ist der tibetische Buddhismus sehr einfach. Er besteht aus Kundalini Yoga, Meditation und dem Pfad der allumfassenden Liebe.","Im Prinzip ist der tibetische Buddhismus sehr einfach. Er besteht aus Kundalini Yoga, Meditation und dem Weg der allumfassenden Liebe.",0.9820554256439209,0.9667048454284668,0.9743196964263916,0.9919596910476685,0.9919596910476685,0.9919596910476685
542,"Mit Kundalini Yoga wird die Kundalini-Energie (Aufklärungsenergie) durch Yogapositionen, Atmungsübungen, Mantras und","Mit Kundalini-Yoga wird die Kundalini-Energie (Aufklärungsenergie) durch Yoga-Posen, Atemübungen, Mantras und Visualisierungen erweckt.","Mit Kundalini Yoga wird die Kundalini-Energie (Erleuchtungenergie) durch Yoga-Posen, Atemübungen, Mantras und Visualisierungen geweckt.",0.9239938259124756,0.8779134750366211,0.9003643989562988,0.8983410596847534,0.8543170094490051,0.8757761120796204
543,"Das Zentrum der tibetischen Meditation ist das Deity Yoga, durch die Visualisierung verschiedener Götter werden die Energiekanäle gereinigt, die Chakras","Im Zentrum der tibetischen Meditation steht das Götter-Yoga. Durch die Visualisierung verschiedener Gottheiten werden die Energiekanäle gereinigt, die Chakren geöffnet und das erleuchtete Bewusstsein entsteht.","Der Mittelpunkt der tibetischen Meditation ist das Deitäten-Yoga. Durch die Visualisierung verschiedener Deitäten werden die Energiek_channels gereinigt, die Chakras aktiviert und das Erleuchtungsbewusstsein geschaffen.",0.9013640880584717,0.8432450294494629,0.8713365197181702,0.8828877806663513,0.8160577416419983,0.8481583595275879
544,"Deutschland war im Zweiten Weltkrieg ein gemeinsamer Feind, der zur Zusammenarbeit zwischen der UdSSR und den USA führte.","Deutschland war ein gemeinsamer Feind im Zweiten Weltkrieg, was zu einer Zusammenarbeit zwischen der UdSSR und den USA führte. Nach Kriegsende führten der Zusammenprall der Systeme, der Verlauf und die Kultur dazu, dass sich die Länder verfeindeten.","Deutschland war im Zweiten Weltkrieg ein gemeinsamer Feind, was zu einer Kooperation zwischen der UdSSR und den USA führte. Mit dem Ende des Krieges führten die Konflikte der Systeme, Prozesse und Kulturen dazu, dass die Länder auseinanderfielen.",0.9179962873458862,0.7868301868438721,0.8473674058914185,0.9364182353019714,0.7913216352462769,0.8577772974967957
545,Mit zwei Jahren Kriegsende waren die ehemaligen Verbündeten nun Feinde und der Kalte Krieg begann.,Zwei Jahre nach Kriegsende waren die ehemaligen Alliierten nun Feinde und der Kalte Krieg begann.,Mit zwei Jahren nach dem Ende des Krieges waren die ehemaligen Verbündeten nun Feinde und der Kalte Krieg begann.,0.887783408164978,0.90546053647995,0.8965349197387695,0.9692888259887695,0.9262614846229553,0.94728684425354
546,"Sie solle für die nächsten 40 Jahre dauern und würde durch Stellvertreter auf Schlachtfeldern von Afrika bis Asien, in Afghanistan, Kuba und","Er sollte die nächsten 40 Jahre andauern und in der Realität durch Stellvertreter-Armeen auf Schlachtfeldern von Afrika bis Asien, in Afghanistan, Kuba und vielen anderen Orten austragen werden.","Es sollte die nächsten 40 Jahre dauern und tatsächlich von Stellvertreterarmeen auf Schlachtfeldern von Afrika bis Asien, in Afghanistan, Kuba und vielen anderen Orten ausgetragen werden.",0.8820338249206543,0.8183794617652893,0.8490152359008789,0.8826704025268555,0.8439456224441528,0.8628737330436707
547,"Bis zum 17. September 1939 war die polnische Verteidigung bereits gebrochen, und die einzige Hoffnung war, sich zurückzuziehen und entlang der rumänischen Brücke",Am 17. September 1939 war die polnische Verteidigung bereits völlig zusammengebrochen und die einzige Hoffnung bestand in einem Rückzug und einer Neuaufstellung entlang des rumänischen Brückenkopfes.,"Bis zum 17. September 1939 war die polnische Verteidigung bereits gebrochen, und die einzige Hoffnung bestand darin, sich zurückzuziehen und sich am rumänischen Brückenkopf neu zu organisieren.",0.8473976254463196,0.8250747919082642,0.8360872268676758,0.9347351789474487,0.8891618847846985,0.9113791584968567
548,"Diese Pläne wurden jedoch fast über Nacht veraltet, als über 800.000 Soldaten aus der Roten Armee der Sowjetunion die belarussischen und","Diese Pläne wurden jedoch fast über Nacht obsolet, als über 800.000 Soldaten der Roten Armee der Sowjetunion in die weißrussischen und ukrainischen Fronten eindrangen und diese schufen, nachdem sie in Verletzung des Friedensvertrags von Riga, des sowjetisch-polnischen Nichtangriffspakts und anderer bilateraler und multilateraler internationaler Verträge in die östlichen Regionen Polens eingedrungen waren.","Diese Pläne wurden jedoch fast über Nacht obsolet, als über 800.000 Soldaten der Roten Armee der Sowjetunion in die östlichen Regionen Polens einmarschierten und die belarussischen und ukrainischen Fronten bildeten, wodurch sie den Rigaer Frieden, den sowjetisch-polnischen Nichtangriffspakt und andere internationale Verträge, sowohl bilaterale als auch multilaterale, verletzten.",0.8812316656112671,0.6775899529457092,0.7661091089248657,0.874591588973999,0.6842482089996338,0.767798900604248
549,"Die Beförderung von Gütern durch Schiffe ist bei weitem die effizienteste Möglichkeit, große Mengen von Menschen und Gütern über die Ozeane zu bewegen",Der Einsatz von Schiffen für den Gütertransport ist die bei weitem effizienteste Methode zum Transport großer Menschen- und Gütermengen über die Ozeane.,"Die Nutzung von Schiffen zum Transport von Gütern ist bei weitem der effizienteste Weg, um große Mengen von Menschen und Gütern über Ozeane zu bewegen.",0.8500005602836609,0.8428980112075806,0.8464344143867493,0.9009385108947754,0.8974090814590454,0.8991703391075134
550,"Die Aufgabe der Seeschiffe war es traditionell, sicherzustellen, dass Ihr Land die Fähigkeit aufrechterhält, Ihre Menschen und Güter zu bewegen, während","Die Aufgabe der Marine war traditionell sicherzustellen, dass ein Land in der Lage bleibt, Menschen und Güter zu befördern, und gleichzeitig die Fähigkeit des Feindes zur Beförderung von Menschen und Gütern zu behindern.","Die Aufgabe der Marine war traditionell, sicherzustellen, dass Ihr Land die Fähigkeit hat, Ihre Menschen und Güter zu transportieren, während gleichzeitig die Fähigkeit des Feindes, seine Menschen und Güter zu bewegen, gestört wird.",0.8096022605895996,0.7780666351318359,0.7935212850570679,0.8533374667167664,0.8234713077545166,0.8381384015083313
551,"Eines der bemerkenswertesten Beispiele dafür war die nordatlantische Kampagne des Zweiten Weltkrieges, bei der die Amerikaner versuchten, Männer und","Eines der bedeutendsten neueren Beispiele dafür ist die Nordatlantik-Kampagne im zweiten Weltkrieg. Die Amerikaner versuchten, Belegschaft und Material über den atlantischen Ozean zu bringen, um Großbritannien zu helfen.","Eines der bemerkenswertesten jüngsten Beispiele dafür war die Nordatlantik-Kampagne im Zweiten Weltkrieg. Die Amerikaner versuchten, Männer und Material über den Atlantischen Ozean zu transportieren, um Großbritannien zu helfen.",0.8368796110153198,0.7613517045974731,0.7973310351371765,0.8776960968971252,0.788392186164856,0.8306507468223572
552,"Gleichzeitig versuchte die deutsche Marine, hauptsächlich U-Boote zu benutzen, diesen Verkehr zu stoppen.",Gleichzeitig versuchte die deutsche Marine diesen Verkehr hauptsächlich mit U-Booten aufzuhalten.,"Zur gleichen Zeit versuchte die deutsche Marine, hauptsächlich mit U-Booten, diesen Verkehr zu stoppen.",0.8439213037490845,0.8838185667991638,0.8634093403816223,0.8982300162315369,0.9086751341819763,0.9034224152565002
553,"Wäre die Alliierten gescheitert, wäre Deutschland wahrscheinlich in der Lage gewesen, Großbritannien zu erobern, so wie es","Wären die Alliierten gescheitert, so hätte Deutschland Großbritannien wahrscheinlich genau wie den Rest Europas erobern können.","Hätten die Alliierten versagt, hätte Deutschland wahrscheinlich Großbritannien erobern können, so wie es den Rest Europas erobert hatte.",0.8278087377548218,0.8518667221069336,0.8396654725074768,0.8109228610992432,0.8211866617202759,0.816022515296936
554,Die Goas scheinen vor etwa 10.000 Jahren im Zagros-Gebirge des Iran zum ersten Mal ins Land gebracht zu haben.,Ziegen wurden anscheinend bereits vor ungefähr 10.000 Jahren im Zāgros-Gebirge im Iran domestiziert.,Ziegen scheinen vor etwa 10.000 Jahren in den Zagrosbergen im Iran zum ersten Mal domestiziert worden zu sein.,0.8186111450195312,0.8398023843765259,0.8290713429450989,0.8802427649497986,0.8788127303123474,0.87952721118927
555,"Antike Kulturen und Stämme begannen, sie zu bewahren, um ihnen einen einfachen Zugang zu Milch, Haaren, Fleisch und Haut zu ermöglichen.","Antike Kulturen und Volksstämme begannen sie als Nutztiere zu halten, um leicht an deren Milch, Fell, Fleisch und Haut zu kommen.","Antike Kulturen und Stämme begannen, sie zu halten, um einen einfachen Zugang zu Milch, Haar, Fleisch und Häuten zu haben.",0.8707122802734375,0.8687999248504639,0.8697550892829895,0.9364935159683228,0.9470382332801819,0.9417363405227661
556,"In der Regel wurden Ziegen in Herden gehalten, die auf Hügeln oder anderen Weidegebieten wanderten, häufig von Ziegenherden, die häufig Kinder","Hausziegen wurden normalerweise in Herden gehalten, die auf Hügeln oder anderen Weideflächen umherwanderten.  Betreut wurden die Ziegen von Ziegenhirten, ganz ähnlich wie die bekannteren Schafhirten; oft waren das Kinder oder Heranwachsende. Diese Weideverfahren werden heute noch angewendet.","Haushaltunggeißen wurden allgemein in Herden gehalten, die auf Hügeln oder anderen Weideflächen umherstreiften, oft betreut von Ziegenhirten, die häufig Kinder oder Jugendliche waren, ähnlich dem bekannteren Schäfer. Diese Methoden der Herdenhaltung werden auch heute noch verwendet.",0.8078548908233643,0.7264645099639893,0.7650009393692017,0.8205374479293823,0.7407912015914917,0.7786277532577515
557,Die Wagonways wurden bereits im 16. Jahrhundert in England gebaut.,Schon im 16. Jahrhundert hat man in England  Fördergleise gebaut.,Wagenbahnen wurden bereits im 16. Jahrhundert in England gebaut.,0.8647162914276123,0.8563457131385803,0.8605107069015503,0.9296478033065796,0.9543840885162354,0.9418535232543945
558,"Obwohl die Waggonwege lediglich aus parallelen Wäldern aus Holz bestanden, erlaubten sie Pferden, größere Geschwindigkeiten zu erreichen und größere Last","Obwohl die Fördergleise lediglich aus parallelen Holzbrettern bestanden, erlaubten sie den Pferden, welche die Waggons zogen, höhere Geschwindigkeiten zu erreichen und größere Lasten zu ziehen als auf den etwas raueren Straßen der damaligen Zeit.","Obwohl die Waggonwege lediglich aus parallelen Holzplanken bestanden, ermöglichten sie es den ziehenden Pferden, größere Geschwindigkeiten zu erreichen und größere Lasten zu ziehen als auf den etwas raueren Straßen jener Zeit.",0.8712429404258728,0.7851258516311646,0.8259457349777222,0.8984701633453369,0.8158106803894043,0.8551476001739502
559,"Es wurde ziemlich früh ein Crossties eingeführt, um die Spuren zu halten, aber graduell wurde erkannt, dass die Spuren effizienter wären","Schon recht früh wurden Schwellen eingeführt, um die Position der Schienen zu sichern. Nach und nach setzte sich aber die Erkenntnis durch, dass Schienen, die ein Band aus Eisen tragen, effizienter sind.","Schwellen wurden relativ früh eingeführt, um die Gleise an ihrem Platz zu halten. Es wurde jedoch allmählich erkannt, dass die Gleise effizienter wären, wenn sie oben eine Eisenleiste hätten.",0.7929068803787231,0.7523530125617981,0.7720977663993835,0.849136233329773,0.7907261252403259,0.8188909888267517
560,"Dies wurde üblich, aber das Eisen verursachte mehr Verschleiß auf den Holzrädern der Wagen.","Dies wurde üblich, doch das Eisen sorgte für mehr Verschleiß an den hölzernen Rädern der Wagen.","Dies wurde zur gängigen Praxis, aber das Eisen verursachte mehr Verschleiß an den Holzrädern der Wagen.",0.9296026229858398,0.9173095226287842,0.9234151244163513,0.9677233695983887,0.9257792234420776,0.946286678314209
561,Im Jahr 1767 wurden die ersten Volleisenbahnen eingeführt.,Schließlich wurden die Holzräder durch Eisenräder ersetzt. 1767 wurden die ersten vollständig eisernen Schienen eingeführt.,Schließlich wurden die hölzernen Räder durch eiserne Räder ersetzt. Im Jahr 1767 wurden die ersten voll eisernen Schienen eingeführt.,0.8592839241027832,0.7893427014350891,0.8228297829627991,0.8912269473075867,0.7728145122528076,0.827807605266571
562,"Der erste bekannte Transport war zu Fuß, Menschen begannen aufrecht zu Fuß vor zwei Millionen Jahren mit der Entstehung von Homo Erectus (das heißt aufrecht",Die erste bekannte Fortbewegungsart war das Gehen. Der Mensch begann vor zwei Millionen Jahren mit dem Aufkommen des Homo Erectus (was „Aufrechter Mensch“ bedeutet) aufrecht zu gehen.,"Die erste bekannte Fortbewegungsart war das Gehen. Die Menschen begannen vor zwei Millionen Jahren mit dem aufrechten Gehen, als Homo Erectus (was „aufrechter Mensch“ bedeutet) entstand.",0.8068175315856934,0.7651564478874207,0.785434901714325,0.802498459815979,0.7617260813713074,0.781580924987793
563,"Ihre Vorgänger, die Australopithecus, gingen nicht so gewohnheitsmäßig aufrecht.","Ihre Vorgänger, die Australopithecus, gingen nicht so regelmäßig aufrecht.","Ihre Vorfahren, die Australopithecinen, gingen nicht gewohnt aufrecht.",0.8818707466125488,0.973459005355835,0.9254042506217957,0.8360307812690735,0.887614369392395,0.8610506653785706
564,"Bipedal Spezialisierungen finden sich in Australopithecus Fossilien von 4,2 bis 3,9 Millionen Jahren, obwohl Sahelanthropus bereits vor","Zweifüßige Arten finden sich in Australopithecus-Fossilien von vor 4,2 bis 3,9 Millionen Jahren, obwohl Sahelanthropus möglicherweise bereits vor sieben Millionen Jahren auf zwei Beinen ging.","Bipede Spezialisierungen sind in Australopithecus-Fossilien aus vor 4,2-3,9 Millionen Jahren zu finden, obwohl Sahelanthropus möglicherweise bereits vor sieben Millionen Jahren auf zwei Beinen gegangen ist.",0.8606763482093811,0.8221849203109741,0.8409903645515442,0.8831990957260132,0.8293440341949463,0.8554247617721558
565,"Wir können beginnen, der Umwelt freundlicher zu leben, wir können der Umweltbewegung beitreten, und wir können sogar Aktivisten sein, um das künftige Leid in","Wir können umweltfreundlicher leben, wir können uns der Umweltbewegung anschließen, und wir können sogar Aktivisten werden, um zukünftiges Leid ein wenig zu lindern.","Wir können beginnen, umweltfreundlicher zu leben, wir können uns der Umweltbewegung anschließen und wir können sogar Aktivisten werden, um das zukünftige Leiden in gewissem Maße zu reduzieren.",0.8489440679550171,0.8290627598762512,0.8388856053352356,0.8652732372283936,0.8106898069381714,0.8370926380157471
566,"Dies ist in vielen Fällen wie eine symptomatische Behandlung, aber wenn wir nicht nur eine vorübergehende Lösung wollen, dann sollten wir die Wurzeln der Probleme finden und sie de","Das ist in vielen Fällen bloß wie eine symptomatische Behandlung. Wenn Sie allerdings nicht nur temporäre Lösungen wollen, dann sollten wir die Wurzel des Problems finden und behandeln.","Das ist in vielen Fällen wie eine symtomatische Behandlung. Wenn wir jedoch nicht nur eine vorübergehende Lösung wollen, sollten wir die Wurzel der Probleme finden und sie deaktivieren.",0.8876261711120605,0.869911789894104,0.8786796927452087,0.9256846904754639,0.9062981605529785,0.9158888459205627
567,"Es ist offensichtlich, dass sich die Welt aufgrund der wissenschaftlichen und technologischen Fortschritte der Menschheit stark verändert hat, und die Probleme sind aufgrund der Über","Es ist wirklich offensichtlich, dass sich die Welt aufgrund der wissenschaftlichen und technologischen Fortschritte der Menschheit sehr verändert hat und dass die Probleme aufgrund von Überbevölkerung und der extravaganten Lebensweise der Menschen schwerwiegender geworden sind.","Es ist offensichtlich, dass sich die Welt aufgrund der wissenschaftlichen und technologischen Fortschritte der Menschheit stark verändert hat, und die Probleme sind durch Überbevölkerung und den verschwenderischen Lebensstil der Menschheit größer geworden.",0.9154560565948486,0.8421076536178589,0.8772513270378113,0.9306951761245728,0.861404538154602,0.8947103023529053
568,Nach seiner Annahme durch den Kongress am 4. Juli wurde ein von dem Kongresspräsidenten John Hancock und dem Sekretär Charles Thomson unterzeichneter handschriftlicher Entwurf,"Nach seiner Verabschiedung durch den Kongress am 4. Juli wurde ein handschriftlicher, vom Kongresspräsidenten John Hancock und dem Sekretär Charles Thomson unterzeichneter Entwurf einige Blocks entfernt in die Druckerei von John Dunlap geschickt.","Nach seiner Annahme durch den Kongress am 4. Juli wurde ein handgeschriebener Entwurf, der vom Präsidenten des Kongresses, John Hancock, und dem Sekretär Charles Thomson unterzeichnet war, dann einige Blocks weiter an die Druckerei von John Dunlap gesendet.",0.8920959830284119,0.8017156720161438,0.8444945216178894,0.884227991104126,0.7824877500534058,0.8302526473999023
569,"Während der Nacht wurden zwischen 150 und 200 Exemplare produziert, die heute als ""Dunlap Broadsides"" bekannt sind.","Im Laufe der Nacht wurden zwischen 150 und 200 Kopien angefertigt, die heute als „Dunlap broadsides“ bekannt sind.","In der Nacht zwischen 150 und 200 Exemplaren wurden hergestellt, die jetzt als ""Dunlap-Broschüren"" bekannt sind.",0.9249428510665894,0.90472012758255,0.9147197008132935,0.9255693554878235,0.9022754430770874,0.9137738943099976
570,Die erste öffentliche Lesung des Dokuments war von John Nixon am 8. Juli im Hof der Unabhängigkeitshalle.,Die erste öffentliche Lesung des Dokuments gab John Nixon im Hof der Independence Hall am 8. Juli.,Die erste öffentliche Lesung des Dokuments fand am 8. Juli durch John Nixon im Innenhof der Independence Hall statt.,0.9228258728981018,0.9402146339416504,0.9314391016960144,0.9264190196990967,0.91357421875,0.9199517965316772
571,"Einer wurde am 6. Juli an George Washington gesandt, der es am 9. Juli an seine Truppen in New York gelesen hatte.","Eine wurde am 6. Juli an George Washington geschickt, der es seinen Truppen in New York am 9. Juli vorlesen ließ. Eine Kopie erreichte London am 10. August.","Es wurde am 6. Juli an George Washington gesendet, der es am 9. Juli seinen Truppen in New York vorlesen ließ. Eine Kopie erreichte London am 10. August.",0.8887448310852051,0.8602417707443237,0.8742610216140747,0.8840534687042236,0.856828510761261,0.8702281713485718
572,"Die 25 Dunlap Widesides, die noch existieren, sind die ältesten überlebenden Exemplare des Dokuments.","Die 25 Dunlap-Breitseiten, die es noch gibt, sind die ältesten noch existierenden Kopien des Dokuments. Die Originalhandschrift hat die Zeiten nicht überdauert.",Die 25 bekannten Dunlap-Exemplare sind die ältesten erhaltenen Kopien des Dokuments. Die originale handgeschriebene Kopie ist nicht erhalten geblieben.,0.8875091671943665,0.8149526715278625,0.8496848344802856,0.8451393842697144,0.8246337175369263,0.8347606062889099
573,"Viele Paläotologen glauben heute, dass eine Gruppe von Dinosauriern überlebt und heute lebendig ist, wir nennen sie Vögel.","Viele Paläontologen glauben heutzutage, dass es eine Gruppe von Dinosauriern gibt, die überlebt haben und heute noch leben. Wir nennen sie Vögel.","Viele Paläontologen glauben heute, dass eine Gruppe von Dinosauriern überlebt hat und heute noch lebt. Wir nennen sie Vögel.",0.8992881774902344,0.8692319393157959,0.8840046525001526,0.9323315024375916,0.9381173849105835,0.9352155327796936
574,"Viele Menschen denken nicht an sie als Dinosaurier, weil sie Federn haben und fliegen können.","Viele sehen sie nicht als Dinosaurier an, weil sie Federn haben und fliegen können.","Viele Menschen denken nicht an sie als Dinosaurier, weil sie Federn haben und fliegen können.",0.9502420425415039,0.955680251121521,0.9529533982276917,1.0,1.0,1.0
575,"Aber es gibt viele Dinge über Vögel, die immer noch wie ein Dinosaurier aussehen.",Doch viele Dinge an Vögeln sehen immer noch wie bei einem Dinosaurier aus.,"Aber es gibt viele Dinge über Vögel, die immer noch wie ein Dinosaurier aussehen.",0.8357894420623779,0.8474181890487671,0.8415636420249939,0.9999998807907104,0.9999998807907104,0.9999998807907104
577,"Praktisch alle Computer, die heute verwendet werden, basieren auf der Manipulation von Informationen, die in Form von Binärnummern codiert werden.","Nahezu alle heutzutage genutzten Computer basieren auf der Verarbeitungen von Informationen, die in Form von Binärzahlen codiert sind.","Fast alle heute verwendeten Computer basieren auf der Manipulation von Informationen, die in Form von Binärzahlen kodiert sind.",0.900101900100708,0.898413896560669,0.8992571234703064,0.9003901481628418,0.9409052133560181,0.9202019572257996
578,"Eine Binärnummer kann nur einen von zwei Werten haben, d.h. 0 oder 1, und diese Zahlen werden als Binärdigitale bezeichnet - oder Bits,","Eine binäre Zahl kann nur einen von zwei Werten haben, nämlich 0 oder 1, und diese Zahlen werden als Binärziffern bezeichnet - oder als Bits, um den Computerjargon zu gebrauchen.","Eine Binärzahl kann nur einen von zwei Werten haben, nämlich 0 oder 1, und diese Zahlen werden als Binärziffern oder Bits bezeichnet, um es in Computerjargon auszudrücken.",0.8725618720054626,0.8293503522872925,0.850407600402832,0.8714616298675537,0.8255234956741333,0.8478707671165466
579,"Die Symptome, wie Erbrechen, sind allgemein genug, dass eine sofortige Diagnose nicht möglich ist.","Eine innere Vergiftung lässt sich möglicherweise nicht sofort erkennen. Die Symptome, beispielsweise Erbrechen, sind so allgemein, dass man nicht sofort eine Diagnose stellen kann.","Innere Vergiftungen sind möglicherweise nicht sofort erkennbar. Symptome wie Erbrechen sind ausreichend allgemein, sodass eine sofortige Diagnose nicht gestellt werden kann.",0.87210613489151,0.8331005573272705,0.8521572947502136,0.8584522604942322,0.8365243077278137,0.8473464250564575
580,Das beste Indikator für interne Vergiftung kann die Anwesenheit eines offenen Containers von Medikamenten oder giftigen Haushaltschemikalien sein.,Das beste Anzeichen für eine Vergiftung durch Verschlucken kann das Vorhandensein eines offenen Behälters mit Medikamenten oder giftigen Haushaltschemikalien sein.,Der beste Hinweis auf eine innere Vergiftung kann das Vorhandensein eines offenen Behälters mit Medikamenten oder giftigen Haushaltschemikalien sein.,0.9240575432777405,0.8896241784095764,0.9065139889717102,0.9163929224014282,0.9075477123260498,0.9119488596916199
581,Überprüfen Sie das Etikett für spezifische Anweisungen für Erste Hilfe für dieses spezifische Gift.,Sehen Sie auf dem Etikett nach für spezifische Erste-Hilfe-Anweisungen für dieses spezielle Gift.,Überprüfen Sie das Etikett auf spezifische erste Hilfe-Anweisungen für dieses spezielle Gift.,0.8720889687538147,0.8611200451850891,0.8665698170661926,0.9195266366004944,0.9221796989440918,0.9208512902259827
582,Der Begriff Bug wird von Entomologen in formalem Sinne für diese Gruppe von Insekten verwendet.,Der Begriff „Wanze“ wird von Entomologen in einem formalen Sinn für diese Insektengruppe verwendet.,"Der Begriff ""Bug"" wird von Entomologen in einem formalen Sinne für diese Gruppe von Insekten verwendet.",0.9141839742660522,0.8858970999717712,0.8998183012008667,0.9788245558738708,0.9508958458900452,0.9646580815315247
583,"Dieser Begriff stammt aus der alten Bekanntheit mit Bed-Bugs, die Insekten sind, die sehr auf die Parasiten des Menschen angepasst sind.","Dieser Begriff leitet sich von der uralten Vertrautheit mit Bettwanzen ab. Das sind Insekten, die sehr anpassungsfähig darin sind, Menschen zu parasitieren.","Dieser Begriff stammt aus der alten Vertrautheit mit Bettwanzen, die Insekten sind, die sich hervorragend an das Parasitieren von Menschen angepasst haben.",0.8101356029510498,0.7812724113464355,0.7954422831535339,0.9108422994613647,0.889786958694458,0.9001915454864502
584,"Sowohl Assassin-Bugs als auch Bed-Bugs sind nidikolus, angepasst an das Leben in Nest oder Wohnen ihres Hosts","Sowohl Raubwanzen wie auch Bettwanzen sind nidicol, d.h. angepasst daran im Nest oder der Behausung ihrer Wirte zu leben.","Sowohl Raubwanzen als auch Bettwanzen sind nidikol, also an das Leben in den Nestern oder Unterkünften ihrer Wirte angepasst.",0.7914639711380005,0.7540127635002136,0.7722846269607544,0.8067940473556519,0.7762157320976257,0.7912095785140991
585,"In den Vereinigten Staaten von Amerika gibt es etwa 400.000 bekannte Fälle von Multipler Sklerose (MS), was sie als die führende neurologische","In den Vereinigten Staaten von Amerika gibt es etwa 400.000 bekannte Fälle von Multipler Sklerose (MS), womit sie die am weitesten verbreitete neurologische Krankheit bei Erwachsenen jüngeren und mittleren Alters ist.","In den Vereinigten Staaten von Amerika gibt es schätzungsweise 400.000 bekannte Fälle von Multipler Sklerose (MS), was sie zur häufigsten neurologischen Erkrankung bei jüngeren und mittelalten Erwachsenen macht.",0.904173731803894,0.8348526954650879,0.8681315779685974,0.8971339464187622,0.8117741346359253,0.8523221611976624
586,"MS ist eine Krankheit, die das zentrale Nervensystem betrifft, das aus dem Gehirn, dem Rückenmark und dem Optiknerven besteht.","MS ist eine Krankheit, die das zentrale Nervensystem beeinträchtigt, das sich aus dem Gehirn, dem Rückenmark und dem Sehnerv zusammensetzt.","MS ist eine Erkrankung, die das zentrale Nervensystem betrifft, das aus dem Gehirn, dem Rückenmark und dem Sehnerv besteht.",0.9359123110771179,0.914148211479187,0.9249022603034973,0.957783579826355,0.9548450708389282,0.9563120603561401
587,"Untersuchungen haben ergeben, dass Frauen zweimal mehr MS haben als Männer.","Untersuchungen haben ergeben, dass bei Frauen die Wahrscheinlichkeit, an MS zu erkranken, doppelt so hoch ist wie bei Männern.","Forschung hat ergeben, dass Frauen doppelt so wahrscheinlich an MS erkranken wie Männer.",0.8608529567718506,0.7108501195907593,0.7786933779716492,0.8809279203414917,0.8136975765228271,0.8459791541099548
588,"Ein Paar kann entscheiden, ob es nicht im besten Interesse oder im Interesse ihres Kindes ist, ein Kind zu erziehen.","Ein Paar kann beschließen, dass es nicht in seinem eigenen Interesse oder im Interesse seines Kindes liegt, ein Baby großzuziehen.","Ein Paar kann entscheiden, dass es nicht in ihrem besten Interesse oder im Interesse ihres Kindes ist, ein Baby zu bekommen.",0.9170826077461243,0.9063606858253479,0.9116901159286499,0.9509432911872864,0.9521494507789612,0.9515460133552551
589,"Diese Paare können sich entscheiden, einen Adoptionsplan für ihr Kind zu erstellen.",Diese Paare können sich für einen Adoptionsplan für ihr Baby entscheiden.,"Diese Paare können sich entscheiden, einen Adoptionsplan für ihr Baby zu erstellen.",0.9120707511901855,0.9499396681785583,0.9306200742721558,0.9910052418708801,0.9910052418708801,0.9910052418708801
590,"Bei einer Adoption kündigen die Eltern ihre Elternrechte ein, damit ein anderes Paar das Kind erziehen kann.","Bei einer Adoption geben die leiblichen Eltern ihre Elternrechte auf, so dass ein anderes Paar die Elternschaft übernehmen kann.","In einer Adoption beenden die leiblichen Eltern ihre elterlichen Rechte, damit ein anderes Paar das Kind erziehen kann.",0.8981601595878601,0.9016169309616089,0.8998852372169495,0.9242568612098694,0.9109745025634766,0.9175676703453064
591,"Das Hauptziel der Wissenschaft ist es, herauszufinden, wie die Welt durch die wissenschaftliche Methode arbeitet, die in der Tat die meisten wissenschaftlichen Forschungen","Das Hauptziel der Wissenschaft ist es, mit Hilfe der wissenschaftlichen Methode herauszufinden, wie die Welt funktioniert. Diese Methode ist in der Tat die Basis der meisten wissenschaftlichen Untersuchungen.","Das Hauptziel der Wissenschaft ist es, herauszufinden, wie die Welt funktioniert, durch die wissenschaftliche Methode. Diese Methode leitet tatsächlich die meisten wissenschaftlichen Forschungen.",0.8773543834686279,0.8430857062339783,0.8598787188529968,0.8828417658805847,0.867088794708252,0.874894380569458
592,"Aber es ist nicht allein, Experimente, und ein Experiment ist ein Test, der verwendet wird, um eine oder mehrere der möglichen Hypothesen zu beseitig","Es geht jedoch nicht nur um das Experimentieren, wobei ein Experiment ein Test ist, der dazu dient, eine oder mehrere der möglichen Hypothesen auszuschließen. Die wissenschaftliche Forschung wird auch durch das Stellen von Fragen und die Durchführung von Beobachtungen geleitet.","Es ist jedoch nicht allein, denn Experimentieren und ein Experiment sind Tests, die dazu dienen, eine oder mehrere der möglichen Hypothesen auszuschließen; das Stellen von Fragen und das Beobachten lenken ebenfalls die wissenschaftliche Forschung.",0.8065450191497803,0.747075617313385,0.7756721377372742,0.8376239538192749,0.7746264934539795,0.8048944473266602
593,Naturwissenschaftler und Philosophen konzentrierten sich auf klassische Texte und insbesondere auf die Bibel in Latein.,Naturwissenschaftler und Philosophen konzentrierten sich auf klassische Texte und dabei besonders auf die Bibel in lateinischer Sprache.,Naturforscher und Philosophen konzentrierten sich auf klassische Texte und insbesondere auf die Bibel in Latein.,0.9796594381332397,0.9599977731704712,0.969728946685791,0.9950752258300781,0.9950752258300781,0.9950752258300781
594,"Aristoteles hat seine Ansichten zu allen Fragen der Wissenschaft, einschließlich der Psychologie, akzeptiert.",Aristoteles' Ansichten zu allen Wissenschaftsfragen einschließlich der Psychologie waren anerkannt.,"Akzeptiert wurden Aristoteles' Ansichten zu allen Fragen der Wissenschaft, einschließlich der Psychologie.",0.8320754766464233,0.8787479400634766,0.854775071144104,0.9059503078460693,0.9117958545684814,0.9088637232780457
595,"Als das Wissen über Griechenland abnahm, fand sich der Westen von seinen griechischen philosophischen und wissenschaftlichen Wurzeln abgeschnitten.",Mit dem Verlust griechischer Sprachkenntnisse war der Westen von seinen philosophischen und wissenschaftlichen Wurzeln in Griechenland abgeschnitten.,Mit dem Rückgang des Wissens über das Griechische fand sich der Westen von seinen griechischen philosophischen und wissenschaftlichen Wurzeln abgeschnitten.,0.8909769058227539,0.8777879476547241,0.8843333125114441,0.9315772652626038,0.9035657644271851,0.9173576831817627
596,Viele beobachtete Rhythmen in Physiologie und Verhalten hängen oft von der Präsenz endogener Zyklen und ihrer Produktion durch biologische,Viele beobachtete Rhythmen in der Physiologie und dem Verhalten beruhen oftmals zum wesentlichen Teil auf der Anwesenheit körpereigener Zyklen und deren Produktion durch biologische Uhren.x,Viele beobachtete Rhythmen in Physiologie und Verhalten hängen oft entscheidend von der Anwesenheit endogener Zyklen und deren Produktion durch biologische Uhren ab.,0.8718072772026062,0.8236861228942871,0.8470637798309326,0.9211025834083557,0.8829455375671387,0.9016205668449402
597,"Periodische Rhythmen, die nicht nur Reaktionen auf externe Perioden sind, wurden für die meisten lebenden Wesen dokumentiert, darunter Bakterien, Pilze, Pflanzen","Von einem Zyklus bestimmte Verhaltensweisen, die nicht nur Reaktionen auf Zeichen von äußeren Zyklen sind, sind bei den meisten Lebewesen bekannt, auch bei Bakterien, Pilzen, Pflanzen und Tieren.","Periodische Rhythmen, die nicht einfach Reaktionen auf äußere periodische Hinweise sind, wurden bei den meisten Lebewesen dokumentiert, einschließlich Bakterien, Pilzen, Pflanzen und Tieren.",0.8307043313980103,0.7962855696678162,0.8131309151649475,0.8881790637969971,0.8540045619010925,0.8707566261291504
598,"Biologische Uhren sind selbsterhaltende Oszillatoren, die eine Periode des freilaufenden Radfahrens fortsetzen werden, auch wenn es keine externen","Biologische Uhren sind selbsterhaltende Oszillatoren, die sogar in Abwesenheit externer Signale eine Zeitlang freischwingende Zyklen ausführen.","Biologische Uhren sind selbsttragende Oszillatoren, die einen Zeitraum des freien Laufens fortsetzen, selbst in Abwesenheit äußerer Hinweise.",0.8128881454467773,0.8092069625854492,0.811043381690979,0.8327553868293762,0.816591203212738,0.8245941400527954
599,"Das Hershey- und Chase-Experiment war eine der führenden Vorschläge, dass die DNA ein genetisches Material sei.","Das Hershey-Chase-Experiment war eines der maßgeblichen Indizien, dass DNA ein genetisches Material ist.","Das Hershey-und-Chase-Experiment war einer der führenden Hinweise darauf, dass DNA ein genetisches Material ist.",0.9159858226776123,0.9238315224647522,0.9198919534683228,0.9424115419387817,0.9424065947532654,0.942409098148346
600,"Hershey und Chase verwendeten Phannen oder Viren, um ihre eigene DNA in ein Bakterium zu implantieren.","Hershey und Chase benutzten Phagen oder Viren, um ihre eigene DNA in ein Bakterium einzubauen.","Hershey und Chase verwendeten Phagen, oder Viren, um ihre eigene DNA in ein Bakterium einzufügen.",0.9484125375747681,0.9515738487243652,0.9499905705451965,0.9356732964515686,0.9345806241035461,0.9351266622543335
601,"Sie haben zwei Experimente durchgeführt, die entweder die DNA in der Phannen mit einem radioaktiven Phosphor oder das Protein der Phannen mit radioaktive","Sie nahmen zwei Experimente vor, bei denen sie entweder die DNA des Phagen mit radioaktiven Phosphor oder ein Protein im Phagen mit radioaktiven Schwefel markierten.","Sie führten zwei Experimente durch, in denen entweder die DNA im Phagen mit radioaktivem Phosphor oder das Protein des Phagen mit radioaktivem Schwefel markiert wurde.",0.8494129180908203,0.8225103616714478,0.8357452154159546,0.8559494018554688,0.8215140104293823,0.8383782505989075
602,"Mutationen können verschiedene Auswirkungen haben, je nach Art der Mutation, der Bedeutung des betroffenen genetischen Materials und ob die betroffenen Zellen Keimzellen sind.","Mutationen können verschiedenste Auswirkungen haben, je nachdem, um welche Art von Mutation es sich handelt, welche Bedeutung das betreffende Stück genetischen Materials hat und ob es sich bei den betreffenden Zellen um Keimbahnzellen handelt.","Mutationen können je nach Art der Mutation, der Bedeutung des betroffenen genetischen Materials und ob die betroffenen Zellen Keimzellen sind, eine Vielzahl unterschiedlicher Auswirkungen haben.",0.8607909679412842,0.796704888343811,0.8275089859962463,0.9493074417114258,0.9316673278808594,0.9404047131538391
603,"Nur Mutationen in Keimzellen können an Kinder weitergegeben werden, während Mutationen anderswo Zelltod oder Krebs verursachen können.","Nur Mutationen in Keimbahnzellen können an Kinder weitergegeben werden, während Mutationen anderswo zum Zelltod oder zu Krebs führen können.","Nur Mutationen in Keimzellen können an die Kinder weitergegeben werden, während Mutationen an anderen Stellen zu Zelltod oder Krebs führen können.",0.9415411353111267,0.9257590770721436,0.9335833787918091,0.9416085481643677,0.9337220191955566,0.9376487135887146
604,"Der Naturtourismus zieht Menschen an, die Interesse daran haben, natürliche Gebiete zu besuchen, um die Landschaft zu genießen, einschließlich Pflanzen- und Tierfauna.","Naturnaher Tourismus zieht Leute an, die daran interessiert sind, Naturgebiete zu besuchen, um die Landschaft zu genießen, einschließlich der wilden Pflanzen und Tiere.","Naturbasierter Tourismus zieht Menschen an, die daran interessiert sind, natürliche Gebiete zu besuchen, um die Landschaft zu genießen, einschließlich Pflanzen- und Tierwild.",0.9030933976173401,0.9003230929374695,0.9017060995101929,0.93513423204422,0.9247976541519165,0.9299371838569641
605,"Beispiele für Aktivitäten vor Ort sind die Jagd, die Fischerei, die Fotografie, die Vogelbeobachtung, die Besichtigung von Parks und die Untersuchung von Informationen","Beispiele für Aktivitäten vor Ort sind Jagen, Angeln, Fotografie, Vogelbeobachtung, der Besuch von Parks und das Lernen von Informationen über das Ökosystem.","Beispiele für Aktivitäten vor Ort sind Jagen, Angeln, Fotografie, Vogelbeobachtung sowie der Besuch von Parks und das Studium von Informationen über das Ökosystem.",0.8824350833892822,0.8555183410644531,0.8687682747840881,0.8750415444374084,0.8569744229316711,0.8659137487411499
606,"Ein Beispiel ist das Besuchen, Fotografieren und Erlernen von Organgatuangs in Borneo.","Ein Beispiel dafür ist der Besuch, das Fotografieren und das Studieren von Orangutangs in Borneo.","Ein Beispiel ist der Besuch, das Fotografieren und das Lernen über Orang-Utans in Borneo.",0.8836882710456848,0.8923137784004211,0.887980043888092,0.8655146360397339,0.8671890497207642,0.8663510084152222
607,"Jeden Morgen verlassen die Menschen kleine Landstädte in Autos, um ihren Arbeitsplatz zu verlassen und werden von anderen übergeben, deren Arbeitsziel der Ort ist, an dem sie","Jeden Morgen verlassen Menschen kleine Provinzstädte mit dem Auto, um zu ihrem Arbeitsplatz zu fahren und werden von anderen passiert, deren Arbeitsstelle an dem Ort ist, den sie gerade verlassen haben.","Jeden Morgen verlassen Menschen kleine Landstädte in Autos, um zu ihrem Arbeitsplatz zu fahren, und werden von anderen überholt, deren Arbeitsziel der Ort ist, den sie gerade verlassen haben.",0.856456995010376,0.8392137289047241,0.8477476835250854,0.9105079174041748,0.886077344417572,0.8981265425682068
608,In diesem dynamischen Transportshuttle ist jeder irgendwie mit einem auf Privatfahrzeugen basierenden Transportsystem verbunden und unterstützt.,"In diesem dynamischen Pendelverkehr sind alle in gewisser Weise mit einem Transportsystem verbunden, das auf dem privaten Pkw basiert, und unterstützen es.","In diesem dynamischen Verkehrsshuttle ist jeder irgendwie mit einem Verkehrssystem verbunden und unterstützt es, das auf Privatwagen basiert.",0.8196167945861816,0.7905133962631226,0.8048020601272583,0.8901358842849731,0.8814767599105835,0.8857851624488831
609,"Die Wissenschaft weist nun darauf hin, dass diese massive CO2-Wirtschaft die Biosphäre von einem ihrer stabilen Staaten entfernt hat, der die menschliche Entwicklung in","Die Wissenschaft weist nun darauf hin, dass diese massive Kohlenstoffwirtschaft die Biosphäre aus einem ihrer stabilen Zustände, der die menschliche Evolution in den letzten zwei Millionen Jahren getragen hat, herausgebracht hat.","Die Wissenschaft zeigt jetzt, dass diese massive Kohlenstoffwirtschaft die Biosphäre aus einem ihrer stabilen Zustände herausgerissen hat, der die menschliche Evolution in den letzten zwei Millionen Jahren unterstützt hat.",0.8823556900024414,0.8261027336120605,0.8533031344413757,0.8672844171524048,0.8224580883979797,0.8442766070365906
610,"Jeder nimmt an der Gesellschaft teil und nutzt Transportsysteme, fast jeder beschwert sich über Transportsysteme.",Jeder nimmt an der Gesellschaft teil und benutzt Transportsysteme. Fast jeder beklagt sich über die Transportsysteme.x,Jeder nimmt an der Gesellschaft teil und nutzt Verkehrssysteme. Fast jeder beschwert sich über die Verkehrssysteme.,0.9047893285751343,0.8920235633850098,0.898361086845398,0.9555816054344177,0.9487815499305725,0.9521694183349609
611,In den Industrieländern hört man selten ähnliche Beschwerden über die Wasserqualität oder den Abbau von Brücken.,In entwickelten Ländern werden Sie selten ähnlich viele Beschwerden über die Wasserqualität oder den Einsturz von Brücken hören.,In entwickelten Ländern hört man selten ähnliche Klagen über die Wasserqualität oder über bröckelnde Brücken.,0.8993017077445984,0.898688793182373,0.8989951014518738,0.8892826437950134,0.8951448202133179,0.8922041654586792
612,"Warum erzeugen Transportsysteme solche Beschwerden, warum scheitern sie tagtäglich?","Warum führen Transportsysteme zu solchen Missständen, warum versagen sie tagtäglich? Sind Verkehrsingenieure einfach nur inkompetent? Oder läuft hier etwas Fundamentaleres ab?","Warum verursachen Transportsysteme so viele Beschwerden, warum scheitern sie täglich? Sind Verkehrsingenieure einfach inkompetent? Oder liegt etwas Grundlegenderes zugrunde?",0.8244804739952087,0.7621638774871826,0.7920984029769897,0.8680421710014343,0.7592958211898804,0.8100355267524719
613,"Traffic Flow ist die Untersuchung der Bewegung einzelner Fahrer und Fahrzeuge zwischen zwei Punkten und der Wechselwirkungen, die sie miteinander treffen.","Verkehrsfluss ist die Untersuchung der Bewegung einzelner Fahrer und Fahrzeuge zwischen zwei Punkten und der Interaktionen, die zwischen beiden stattfinden.","Der Verkehrfluss ist das Studium der Bewegung einzelner Fahrer und Fahrzeuge zwischen zwei Punkten sowie der Interaktionen, die sie miteinander haben.",0.916645884513855,0.899397611618042,0.9079397916793823,0.9282958507537842,0.9171948432922363,0.922711968421936
614,"Leider ist die Untersuchung des Verkehrsflusses schwierig, da das Verhalten der Fahrer nicht mit einer hundertprozentigen Sicherheit vorhergesagt werden kann.","Leider fällt das Studium von Verkehrsflüssen schwer, da man Fahrerverhalten nicht mit hundertprozentiger Sicherheit voraussagen kann.","Leider ist das Studium des Verkehrsflusses schwierig, da das Verhalten der Fahrer nicht mit hundertprozentiger Sicherheit vorhergesagt werden kann.",0.8613972663879395,0.8773802518844604,0.8693153262138367,0.9782756567001343,0.9834970235824585,0.9808794260025024
615,"Glücklicherweise verhalten sich die Fahrer innerhalb eines relativ konsistenten Bereichs, so dass die Verkehrsströme tendenziell eine gewisse Konsistenz haben und","Glücklicherweise neigen Autofahrer dazu, sich einigermaßen konsistent zu verhalten; daher haben Verkehrsströme eine gewisse Konstanz und lassen sich mathematisch grob darstellen.","Glücklicherweise neigen Fahrer dazu, sich innerhalb eines vernünftigen Rahmens konsistent zu verhalten; daher haben Verkehrsströme eine gewisse vernünftige Konsistenz und können grob mathematisch dargestellt werden.",0.7776139974594116,0.7626039981842041,0.7700358629226685,0.8307809233665466,0.7876467108726501,0.8086389899253845
616,"Um den Verkehrsfluss besser zu repräsentieren, wurden Beziehungen zwischen den drei Hauptmerkmalen erarbeitet: (1) Fluss, (2) Dichte und (3) Geschwindigkeit.","Um den Verkehrsfluss besser darzustellen, wurden die Zusammenhänge zwischen den drei wichtigsten Eigenschaften definiert: (1) Fluss, (2) Dichte und (3) Geschwindigkeit.","Um den Verkehrsfluss besser darzustellen, wurden Beziehungen zwischen den drei Hauptmerkmalen hergestellt: (1) Fluss, (2) Dichte und (3) Geschwindigkeit.",0.9191395044326782,0.9356319904327393,0.927312433719635,0.9474259614944458,0.9765139818191528,0.9617500901222229
617,"Diese Beziehungen helfen bei der Planung, Konstruktion und dem Betrieb von Straßenanlagen.","Diese Beziehungen helfen bei der Planung, der Gestaltung und dem Betrieb von Einrichtungen an der Fahrbahn.","Diese Beziehungen helfen bei der Planung, Gestaltung und dem Betrieb von Straßenanlagen.",0.9498006701469421,0.9138623476028442,0.9314850568771362,0.994587779045105,0.994587779045105,0.994587779045105
618,"Insekten waren die ersten Tiere, die in die Luft fliegen konnten.","Insekten waren die ersten Tiere, die den Himmel erobertern. Ihre Fähigkeit zu fliegen half ihnen, Feinden leichter auszuweichen und effizienter Nahrung und Geschlechtspartner zu finden.","Insekten waren die ersten Tiere, die in die Luft gingen. Ihre Fähigkeit zu fliegen half ihnen, Feinden leichter zu entkommen und effizienter Nahrung und Gefährten zu finden.",0.8935878872871399,0.7017183899879456,0.7861149311065674,0.9247974157333374,0.7174493074417114,0.8080335855484009
619,"Die meisten Insekten haben den Vorteil, ihre Flügel entlang des Körpers zu klappen.",Die meisten Insekten können ihre Flügel entlang ihres Körpers zurückklappen.,"Die meisten Insekten haben den Vorteil, ihre Flügel entlang des Körpers zurückfalten zu können.",0.8741008043289185,0.9316056370735168,0.9019375443458557,0.9613566398620605,0.9519655704498291,0.9566380381584167
620,"Dies gibt ihnen eine breitere Palette kleiner Orte, um sich vor Raubtieren zu verstecken.","Dadurch verfügen sie über eine breitere Auswahl an kleinen Unterschlüpfen, in denen sie sich vor Raubtieren verstecken können.","Das gibt ihnen eine größere Auswahl an kleinen Verstecken, um sich vor Raubtieren zu schützen.",0.8431830406188965,0.8008108139038086,0.8214508891105652,0.8855599164962769,0.8825295567512512,0.8840421438217163
621,"Heute sind die einzigen Insekten, die ihre Flügel nicht zurückklappen können, Drachenfliegen und Mayfliegen.","Heute sind Libellen und Eintagsfliegen die einzigen Insekten, die ihre Flügel nicht zurückklappen können.","Heute sind die einzigen Insekten, die ihre Flügel nicht zurückfalten können, Libellen und Mayflies.",0.8823801279067993,0.8742038011550903,0.8782729506492615,0.9112328290939331,0.9310894012451172,0.9210540652275085
622,"Vor Tausenden von Jahren sagte ein Mann namens Aristarchus, dass sich das Solarsystem um die Sonne bewegte.","Vor Tausenden von Jahren behauptete ein Mann namens Aristarch, dass die Sonne im Mittelpunkt der Bewegungen des Sonnensystems stehe.","Vor Tausenden von Jahren sagte ein Mann namens Aristarchus, dass das Sonnensystem sich um die Sonne bewegte.",0.8996212482452393,0.8608579635620117,0.8798128366470337,0.9800071120262146,0.9732472896575928,0.9766154885292053
623,"Einige Leute glaubten, er hätte Recht, aber viele glaubten das Gegenteil: Das Solarsystem bewegte sich um die Erde, einschließlich der Sonne (","Manche Menschen dachten, dass er recht habe, doch viele glaubten das Gegenteil: Dass sich das Sonnensystem einschließlich der Sonne (und sogar der anderen Sterne) um die Erde bewege.","Einige Leute dachten, dass er recht hatte, aber viele Menschen glaubten das Gegenteil; dass das Sonnensystem sich um die Erde bewegte, einschließlich der Sonne (und sogar der anderen Sterne).",0.8690553903579712,0.8385928273200989,0.8535523414611816,0.888425886631012,0.8501446843147278,0.8688638806343079
624,"Das scheint vernünftig, denn die Erde fühlt sich nicht so bewegt, ob sie sich bewegt?","Das erscheint vernünftig, da es einem nicht so vorkommt, als ob sich die Erde bewegt, oder?","Das erscheint sinnvoll, denn die Erde fühlt sich nicht so an, als würde sie sich bewegen, oder?",0.8512243032455444,0.8326578736305237,0.8418387174606323,0.8758172392845154,0.8796197175979614,0.8777143955230713
625,Der Amazonas ist der zweitlängste und größte Fluss der Erde und trägt mehr als achtmal so viel Wasser wie der zweitgrößte Fluss.,Der Amazonas ist der zweitlängste und der wasserreichste Fluss der Erde. Er führt mehr als achtmal so wie Wasser wie der zweitgrößte Strom.,Der Amazonas ist der zweitlängste und der größte Fluss der Erde. Er führt mehr als achtmal so viel Wasser wie der zweitgrößte Fluss.,0.9339079856872559,0.9094652533531189,0.9215245842933655,0.975794792175293,0.9677962064743042,0.9717790484428406
626,"Der Amazonas ist auch der breiteste Fluss der Erde, manchmal 6 Meilen breit.","Der Amazonas ist auch der breiteste Fluss der Erde, teilweise bis zu sechs Meilen breit.","Der Amazonas ist auch der breiteste Fluss der Erde, an manchen Stellen bis zu sechs Meilen breit.",0.9796808362007141,0.9547358751296997,0.9670474529266357,0.9681816101074219,0.9125781059265137,0.9395579099655151
627,"Ein ganzes 20 Prozent des Wassers, das aus den Flüssen des Planeten in die Ozeane strömt, kommt aus dem Amazonas.","Ganze 20 Prozent des Wassers, das über die Flüsse des Planeten in die Ozeane fließt, kommt aus dem Amazonas.","Volle 20 Prozent des Wassers, das aus den Flüssen des Planeten in die Ozeane fließt, stammen aus dem Amazonas.",0.9438095092773438,0.9619201421737671,0.9527788162231445,0.9467419981956482,0.9662184715270996,0.95638108253479
628,Der Hauptfluss des Amazonas beträgt 6 387 km (3.980 Meilen) und sammelt Wasser aus Tausenden kleineren Flüssen.,Der Amazonas-Hauptstrom ist 6387 km (3980 Meilen) lang. Es nimmt Wasser von tausenden kleineren Flüssen in sich auf.,Der Hauptarm des Amazonas ist 6.387 km (3.980 Meilen) lang. Er sammelt Wasser aus Tausenden von kleineren Flüssen.,0.8907626271247864,0.857468843460083,0.8737987279891968,0.9502400755882263,0.933455228805542,0.9417728781700134
629,"Obwohl der Pyramidenbau in Stein bis zum Ende des alten Königreiches fortgesetzt wurde, wurden die Pyramiden von Giza nie übertroffen in ihrer Größe","Obwohl der Bau von Pyramiden aus Stein bis zum Ende des Alten Reiches fortgesetzt wurde, wurden die Pyramiden von Gizeh in ihrer Größe und der technischen Perfektion ihrer Konstruktion nie übertroffen.","Obwohl der Pyramidenbau aus Stein bis zum Ende des Alten Reiches fortgesetzt wurde, wurden die Pyramiden von Gizeh in ihrer Größe und der technischen Exzellenz ihrer Konstruktion niemals übertroffen.",0.9074783325195312,0.8509478569030762,0.8783044219017029,0.916260302066803,0.8532536029815674,0.8836352825164795
630,"Die alten gypter des neuen Königreichs wunderten sich über ihre Vorgängerdendenkmäler, die damals weit über tausend Jahre alt waren.","Ägypter im antiken Neuen Reich bestaunten die Monumente ihrer Vorfahren, die damals gut tausend Jahre alt waren.","Im Neuen Reich staunten die alten Ägypter über die Monumente ihrer Vorgänger, die zu diesem Zeitpunkt bereits über tausend Jahre alt waren.",0.807786226272583,0.837272047996521,0.8222649097442627,0.8194633722305298,0.8423125743865967,0.8307309150695801
631,Die Stadt ist das kleinste unabhängige Land der Welt und das Land mit der niedrigsten Bevölkerung.,Die Vatikanstadt hat circa 800 Einwohner. Es ist der kleinste unabhängige Staat der Welt und das Land mit der kleinsten Bevölkerungszahl.,Die Bevölkerung des Vatikanstaats beträgt etwa 800. Er ist das kleinste unabhängige Land der Welt und das Land mit der niedrigsten Bevölkerung.,0.8960070610046387,0.8402808904647827,0.8672497272491455,0.9263157248497009,0.8546136021614075,0.8890212774276733
632,Die Stadt Vatikan nutzt Italienisch in ihrer Gesetzgebung und offiziellen Kommunikation.,Die Vatikanstadt benutzt für ihre Gesetzgebung und offizielle Kommunikation Italienisch.,Der Vatikanstadt verwendet Italienisch in seiner Gesetzgebung und offiziellen Kommunikationen.,0.8810856938362122,0.8912436962127686,0.8861355781555176,0.9187471270561218,0.9206092357635498,0.919677197933197
633,"Italienisch ist auch die alltägliche Sprache der meisten Menschen, die im Staat arbeiten, während Latein in religiösen Zeremonien häufig verwendet wird.","Italienisch ist auch die Alltagssprache der meisten, die im Staat arbeiten, während Latein häufig bei religiösen Zeremonien verwendet wird.","Italienisch ist auch die Alltagssprache, die von den meisten derjenigen verwendet wird, die im Staat arbeiten, während Latein oft in religiösen Zeremonien verwendet wird.",0.9431357383728027,0.9530460238456726,0.948064923286438,0.9278996586799622,0.9129908680915833,0.9203848838806152
634,Alle Bürger der Vatikanstadt sind römisch-katholisch.,Alle Bürger von Vatikan-Stadt sind römisch-katholisch.,Alle Bürger des Vatikans sind römisch-katholisch.,0.9776918888092041,0.9653052091598511,0.9714590311050415,0.9644632339477539,0.9644632339477539,0.9644632339477539
635,"Die Menschen kennen grundlegende chemische Elemente wie Gold, Silber und Kupfer aus der Antike, da diese alle in der Natur in einheimischer Form entdeckt werden können und","Grundlegende chemische Elemente wie Gold, Silber und Kupfer sind den Menschen bereits seit der Antike bekannt, da diese alle in ihrer ursprünglichen Form in der Natur gefunden und mit primitiven Werkzeugen abgebaut werden können.","Die Menschen kennen grundlegende chemische Elemente wie Gold, Silber und Kupfer seit der Antike, da diese in der Natur in reiner Form vorkommen und mit primitiven Werkzeugen relativ einfach abgebaut werden können.",0.8727221488952637,0.8469966650009155,0.8596669435501099,0.9072338342666626,0.868178129196167,0.8872764110565186
636,"Aristoteles, Philosoph, theoretisch, dass alles aus einer Mischung aus einem oder mehreren von vier Elementen besteht: Erde, Wasser, Luft und Feuer.","Aristoteles, ein Philosoph, stellte die Theorie auf, dass alle Dinge aus einer Mischung aus einem oder mehreren von vier Elementen bestehen. Dabei handelte es sich um Erde, Wasser, Luft und Feuer.","Aristoteles, ein Philosoph, theorierte, dass alles aus einer Mischung von einem oder mehreren der vier Elemente besteht. Diese waren Erde, Wasser, Luft und Feuer.",0.9140797853469849,0.8675838708877563,0.8902251124382019,0.9327912926673889,0.9261689186096191,0.9294683337211609
637,"Dies ähnelte eher den vier Materiestaaten (in der gleichen Reihenfolge): fest, flüssig, Gas und Plasma, obwohl er auch the","Dies entsprach eher den vier Aggregatzuständen (in gleicher Reihenfolge): fest, flüssig, Gas und Plasma. Er stellte allerdings auch die Theorie auf, dass sie sich in neue Substanzen verwandeln, um das zu bilden, was wir sehen.","Das war eher wie die vier Aggregatzustände (in derselben Reihenfolge): fest, flüssig, gasförmig und Plasma, obwohl er auch theorisiert hat, dass sie sich in neue Substanzen verwandeln, um das zu bilden, was wir sehen.",0.8671398162841797,0.7629491090774536,0.8117146492004395,0.8574396371841431,0.7556858658790588,0.803353488445282
638,"Die Allianzen sind im Grunde eine Mischung aus zwei oder mehr Metallen, vergessen Sie nicht, dass es viele Elemente auf dem regelmäßigen Tisch gibt.","Legierungen sind im Grunde eine Mischung aus zwei oder mehr Metallen. Vergessen Sie nicht, dass es viele Elemente im Periodensystem gibt.","Legierungen sind im Grunde genommen eine Mischung aus zwei oder mehr Metallen. Vergessen Sie nicht, dass es viele Elemente im Periodensystem gibt.",0.8874265551567078,0.8982445001602173,0.8928027749061584,0.8814229965209961,0.8882864713668823,0.8848414421081543
639,"Elemente wie Kalzium und Kalium werden als Metall betrachtet, natürlich gibt es auch Metalle wie Silber und Gold.",Elemente wie Calcium und Kalium werden als Metalle angesehen. Natürlich gibt es auch andere Metalle wie Silber und Gold.,Elemente wie Calcium und Kalium werden als Metalle betrachtet. Natürlich gibt es auch Metalle wie Silber und Gold.,0.9493918418884277,0.9512279033660889,0.9503090381622314,0.9569559097290039,0.9642654061317444,0.9605967998504639
640,"Sie können auch Legierungen haben, die kleine Mengen nichtmetallischer Elemente wie Kohlenstoff enthalten.","Es gibt auch Legierungen, die geringe Mengen von nichtmetallischen Elementen wie Kohlenstoff enthalten.","Sie können auch Legierungen haben, die kleine Mengen nichtmetallischer Elemente wie Kohlenstoff enthalten.",0.9323911666870117,0.929466962814331,0.9309267997741699,1.0,1.0,1.0
641,"Alles im Universum ist aus Materie, alle Materie ist aus winzigen Partikeln namens Atome.","Das Universum besteht in seiner Gesamtheit aus Materie. Sämtliche Materie besteht aus winzigen Teilchen, die Atome genannt werden.","Alles im Universum besteht aus Materie. Alle Materie besteht aus winzigen Teilchen, die Atome genannt werden.",0.8566159009933472,0.7980759143829346,0.826310396194458,0.9076710939407349,0.8867800235748291,0.8971039652824402
642,"Atome sind so unglaublich klein, dass Billionen von ihnen in den Zeitraum am Ende dieses Satzes passen könnten.","Atome sind so winzig, dass Billionen von ihnen in den Punkt am Ende dieses Satzes passen würden.","Atome sind so unglaublich winzig, dass Billionen von ihnen in den Punkt am Ende dieses Satzes passen könnten.",0.932624340057373,0.950877845287323,0.9416626691818237,0.9669514894485474,0.9584341049194336,0.9626739621162415
643,"So war der Bleistift ein guter Freund für viele Leute, als er heraus kam.",Demzufolge wurde der Bleistift nach seiner Erfindung vielen Menschen ein guter Freund.,"So war der Bleistift ein guter Freund für viele Menschen, als er herauskam.",0.841300904750824,0.8303676843643188,0.8357985615730286,0.9880082607269287,0.9880082607269287,0.9880082607269287
644,Bedauerlicherweise wurde der Bleistift aufgrund neuer Schreibmethoden auf weniger Status und Verwendung verwiesen.,"Leider ist der Bleistift mit dem Aufkommen neuerer Schreibmethoden in den Hintergrund getreten, so dass er in seinem Status und in seiner Verwendung zurückgedrängt wurde.","Leider wurde der Bleistift, da neuere Schreibmethoden entstanden sind, auf einen geringeren Status und Nutzen herabgestuft.",0.8314881324768066,0.76258385181427,0.7955467700958252,0.8685656785964966,0.8353336453437805,0.8516255617141724
645,Die Menschen schreiben jetzt Nachrichten auf den Bildschirmen des Computers und müssen niemals einen Schärfen näher kommen.,"Heutzutage schreiben Menschen Nachrichten auf Computerbildschirmen, ohne je in die Nähe eines Anspitzers kommen zu müssen.",Die Menschen schreiben jetzt Nachrichten auf Computerbildschirmen und müssen niemals in die Nähe eines Anspitzers kommen.,0.7773479223251343,0.7626962661743164,0.7699524164199829,0.8739966154098511,0.8802570700645447,0.8771157264709473
646,"Man kann sich nur fragen, was die Tastatur wird, wenn etwas Neues hinzukommt.","Man darf gespannt sein, was aus der Tastatur werden wird, wenn etwas Neueres daherkommt.","Man kann sich nur fragen, was aus der Tastatur wird, wenn etwas Neueres auftaucht.",0.8657218813896179,0.8491536378860474,0.8573578000068665,0.954967737197876,0.9315654635429382,0.9431213736534119
647,"Die Fissionsbombe arbeitet auf dem Prinzip, dass es Energie braucht, um einen Kern mit vielen Protons und Neutronen zusammenzubringen.","Die Atombombe basiert auf dem Prinzip, dass man Energie benötigt, um einen Kern mit vielen Protonen und Neutronen zusammenzusetzen.","Die Fissionsbombe funktioniert nach dem Prinzip, dass es Energie kostet, einen Atomkern mit vielen Protonen und Neutronen zusammenzusetzen.",0.92291259765625,0.9456043839454651,0.934120774269104,0.9350584745407104,0.9272136688232422,0.9311195015907288
648,"Wie ein schwerer Karren auf einem Hügel dreht, löst die Kerne wieder ein wenig Energie aus.","Ungefähr so, wie wenn man einen schweren Wagen einen Hügel hinaufrollt. Wird der Kern wieder gespalten, wird ein Teil dieser Energie freigesetzt.","Es ist ein bisschen so, wie einen schweren Wagen den Hügel hinaufzurollen. Wenn man den Kern wieder spaltet, wird ein Teil dieser Energie freigesetzt.",0.7602028846740723,0.7023589611053467,0.730137050151825,0.7531633377075195,0.7179358601570129,0.735127866268158
649,"Einige Atome haben instabile Kerne, was bedeutet, dass sie tendenziell mit wenig oder gar keinen Zündungen auseinanderbrechen.","Manche Atome haben instabile Kerne, was bedeutet, dass sie schon bei geringem oder gar keinem Anstoß zerfallen.","Einige Atome haben instabile Kerne, was bedeutet, dass sie dazu neigen, ohne viel oder gar keinen Anstoß auseinanderzubrechen.",0.8872619271278381,0.8852795958518982,0.8862696886062622,0.9024717807769775,0.8885420560836792,0.8954527378082275
650,"Die Oberfläche des Mondes besteht aus Felsen und Staub, die äußere Ebene des Mondes wird die Kruste genannt.",Die Oberfläche des Mondes besteht aus Gestein und Staub. Die äußere Schicht des Mondes wird als Kruste bezeichnet.,Die Oberfläche des Mondes besteht aus Gestein und Staub. Die äußere Schicht des Mondes wird als Kruste bezeichnet.,0.9401538968086243,0.9271554946899414,0.9336094856262207,0.9401538968086243,0.9271554946899414,0.9336094856262207
651,Die Kruste ist etwa 70 km dick auf der nahen Seite und 100 km dick auf der fernen Seite.,Die Kruste ist auf der nahen Seite etwa 70 km dick und auf der fernen Seite 100 km.,Die Kruste ist auf der erdzugewandten Seite etwa 70 km dick und auf der rückseitigen Seite 100 km dick.,0.9253956079483032,0.9328437447547913,0.9291046857833862,0.912361204624176,0.8697075843811035,0.8905239105224609
652,Es ist dünner unter der Maria und dicker unter den Hochland.,Es ist dünner unter den Mare und dicker unter dem Hochland.,Es ist unter den Maria dünner und unter den Highlands dicker.,0.9612658023834229,0.9612658023834229,0.9612657427787781,0.8556456565856934,0.8839403390884399,0.8695629239082336
653,"Es kann mehr Maria auf der nahen Seite geben, weil die Kruste dünner ist und es leichter war, die Lava bis zur Oberfläche zu erheben.","Auf der Nahseite könnte es mehr Maria geben, da die Kruste dünner ist. Es war einfacher für die Lava, an die Oberfläche aufzusteigen.","Es könnte auf der Erdsichtseite mehr Maria geben, weil die Kruste dünner ist. Es war einfacher für Lava, an die Oberfläche zu steigen.",0.8667933940887451,0.8586336374282837,0.862694263458252,0.8712406158447266,0.8584111332893372,0.8647783398628235
654,"Inhaltstheorien konzentrieren sich darauf, herauszufinden, was Menschen tickt oder an sie appelliert.","Inhaltliche Theorien konzentrieren sich darauf, das zu finden, was Menschen bewegt beziehungsweise anspricht.","Inhaltstheorien konzentrieren sich darauf, herauszufinden, was Menschen antreibt oder was sie anspricht.",0.8728643655776978,0.8764971494674683,0.8746769428253174,0.9363988041877747,0.9251574277877808,0.9307441711425781
655,"Diese Theorien deuten darauf hin, dass Menschen bestimmte Bedürfnisse und/oder Wünsche haben, die im Laufe ihrer Reife bis zum Erwachsenenalter internalisiert wurden.","Diese Theorien legen nahe, dass Menschen bestimmte Bedürfnisse und/oder Wünsche haben, die im Laufe ihres Erwachsenwerdens verinnerlicht werden.","Diese Theorien deuten darauf hin, dass Menschen bestimmte Bedürfnisse und/oder Wünsche haben, die sie im Verlauf ihrer Reifung zum Erwachsenenalter internalisiert haben.",0.9154411554336548,0.9254907369613647,0.9204384684562683,0.9570373296737671,0.9588292837142944,0.9579324722290039
656,"Diese Theorien betrachten, was es um bestimmte Menschen geht, die sie wollen, was sie tun, und was in ihrer Umgebung sie tun oder nicht.","Diese Theorien befassen sich damit, was bestimmte Menschen dazu veranlasst, genau die Dinge zu wollen, die sie tun, und welche Einflüsse in ihrer Umgebung sie dazu bringen, bestimmte Dinge zu tun oder nicht zu tun.","Diese Theorien betrachten, was bestimmte Menschen dazu bringt, die Dinge zu wollen, die sie wollen, und welche Faktoren in ihrer Umgebung sie dazu bringen oder davon abhalten, bestimmte Dinge zu tun oder nicht zu tun.",0.8559145927429199,0.7939820885658264,0.8237860202789307,0.88957679271698,0.8237483501434326,0.8553979992866516
657,Zwei populäre Inhaltstheorien sind Maslows Hierarchy of Needs Theory und Hertzbergs Two Factor Theory.,Zwei populäre Inhaltstheorien sind Maslows Theorie der Bedarfshierarchie und Hertzbergs Zwei-Faktoren-Theorie.,Zwei beliebte Inhaltstheorien sind die Maslowsche Bedürfnishierarchie und die Zweifaktorentheorie von Herzberg.,0.9145066738128662,0.8717567324638367,0.8926200866699219,0.8320772647857666,0.8034598231315613,0.8175181746482849
658,"Im Allgemeinen können zwei Verhaltensweisen entstehen, wenn Manager beginnen, ihre ehemaligen Kollegen zu führen.","Im Allgemeinen können sich zwei Verhaltensweisen abzeichnen, wenn Manager beginnen, ihre ehemaligen Kollegen zu leiten. Das eine Ende des Spektrums ist der Versuch, „einer der Jungs“ (oder eines der Mädels) zu bleiben.","Generell können zwei Verhaltensweisen auftreten, wenn Manager beginnen, ihre ehemaligen Kollegen zu führen. Am einen Ende des Spektrums steht der Versuch, ""einer der Jungs"" (oder Mädels) zu bleiben.",0.920792818069458,0.7565939426422119,0.8306566476821899,0.9336917400360107,0.7790737748146057,0.8494037985801697
659,"Diese Art von Manager hat Schwierigkeiten, unpopuläre Entscheidungen zu treffen, Disziplinarmaßnahmen durchzuführen, Performance-Evaluierungen durchzuführen, Verantwortung zu","Diese Art von Manager hat Probleme, unpopuläre Entscheidungen zu treffen, Disziplinarmaßnahmen durchzuführen, Leistungsbewertungen vorzunehmen, Verantwortlichkeiten zuzuweisen und Mitarbeiter in die Pflicht zu nehmen.","Diese Art von Manager hat Schwierigkeiten, unpopuläre Entscheidungen zu treffen, disziplinarische Maßnahmen durchzuführen, Leistungsbeurteilungen vorzunehmen, Verantwortung zuzuweisen und Menschen zur Rechenschaft zu ziehen.",0.8917731046676636,0.8245389461517334,0.856839120388031,0.8804892301559448,0.8291279077529907,0.8540370464324951
660,"Am anderen Ende des Spektrums morphiert man zu einem unerkennbaren Individuum, das das Gefühl hat, dass er alles ändern muss, was das","Am anderen Ende des Spektrums verwandelt man sich in ein nicht wiederzuerkennendes Individuum, das alles anders machen muss als das Team es gemacht hat und sich alles zu eigen macht.","Am anderen Ende des Spektrums morphiert man zu einem unrecognizable Individuum, das das Gefühl hat, alles, was das Team getan hat, verändern und zu eigen machen zu müssen.",0.8110820055007935,0.8017458915710449,0.8063869476318359,0.8808932900428772,0.8263307809829712,0.8527401089668274
661,Schließlich ist der Führer letztlich für den Erfolg und das Scheitern des Teams verantwortlich.,Letztendlich ist der Teamleiter für den Erfolg und Misserfolg des Teams verantwortlich.,Schließlich ist der Leiter letztendlich für den Erfolg und Misserfolg des Teams verantwortlich.,0.8718868494033813,0.8557122945785522,0.8637238144874573,0.9185623526573181,0.9085827469825745,0.9135453104972839
662,Dieses Verhalten führt oft zu Kluften zwischen den Führern und dem Rest des Teams.,Dieses Verhalten führt oft zu Zerwürfnissen zwischen den Führern und dem Rest des Teams.,Dieses Verhalten führt oft zu Spannungen zwischen den Führungskräften und dem restlichen Team.,0.964631199836731,0.9344367980957031,0.9492939710617065,0.9145317077636719,0.8911547064781189,0.9026918411254883
663,"Virtuelle Teams werden denselben Standards der Exzellenz gehalten wie konventionelle Teams, aber es gibt subtile Unterschiede.","Virtuelle Teams werden nach den gleichen Exzellenzstandards geführt wie konventionelle Teams, aber es gibt subtile Unterschiede.","Virtuelle Teams werden nach den gleichen Maßstäben der Exzellenz bewertet wie traditionelle Teams, aber es gibt subtile Unterschiede.",0.9224538803100586,0.9159854650497437,0.9192083477973938,0.9165928959846497,0.882595419883728,0.8992729187011719
664,Virtuelle Teammitglieder fungieren häufig als Ansprechpartner für ihre unmittelbare physische Gruppe.,Virtuelle Teammitglieder haben für ihre unmittelbare physische Gruppe oft die Funktion eines Kontaktpunkts.,Virtuelle Teammitglieder fungieren oft als Ansprechpartner für ihre unmittelbare physische Gruppe.,0.8793673515319824,0.8856055736541748,0.8824754953384399,0.9977157115936279,0.9977157115936279,0.9977157115936279
665,"Sie haben oft mehr Autonomie als herkömmliche Teammitglieder, da ihre Teams nach unterschiedlichen Zeitzonen treffen können, die von ihrem lokalen Management vielleicht nicht","Sie verfügen oft über mehr Autonomie als herkömmliche Teammitglieder, da ihre Teams in verschiedenen Zeitzonen zusammentreffen können, die von der örtlichen Leitung möglicherweise nicht berücksichtigt werden.","Sie haben oft mehr Eigenverantwortung als herkömmliche Teammitglieder, da ihre Teams möglicherweise in verschiedenen Zeitzonen arbeiten, die von ihrem lokalen Management nicht verstanden werden.",0.9108327627182007,0.853756308555603,0.8813714385032654,0.9000707864761353,0.8594760894775391,0.8793051242828369
666,"Die Anwesenheit eines echten „unsichtbaren Teams“ (Larson und LaFasto, 1989, p109) ist auch eine einzigartige Kom","Die Gegenwart eines echten „unsichtbaren Teams“ (Larson und LaFasto 1989, S. 109) ist auch ein einzigartiger Bestandteil eines virtuellen Teams.","Die Anwesenheit eines echten „unsichtbaren Teams“ (Larson und LaFasto, 1989, S. 109) ist ebenfalls ein einzigartiges Merkmal eines virtuellen Teams.",0.9041421413421631,0.8842117190361023,0.8940658569335938,0.9263537526130676,0.8890661001205444,0.9073269963264465
667,"Das „unsichtbare Team“ ist das Managementteam, zu dem jeder einzelne Mitglied meldet und das unsichtbare Team die Standards für jedes Mitglied","""Das """"unsichtbare Team"""" ist das Führungsteam, dem jedes der Mitglieder Bericht erstattet. Das unsichtbare Team setzt die Maßstäbe für jedes Mitglied.x""","Das „unsichtbare Team“ ist das Managementteam, dem jedes der Mitglieder berichtet. Das unsichtbare Team legt die Standards für jedes Mitglied fest.",0.8135448694229126,0.7706975936889648,0.7915418148040771,0.8824959993362427,0.8781689405441284,0.8803271651268005
668,Warum will eine Organisation den zeitaufwändigen Prozess der Gründung einer Lernorganisation durchlaufen?,"Warum würde eine Organisation den zeitaufwändigen Prozess auf sich nehmen, eine Lernorganisation einzuführen? Ein Ziel für die praktische Umsetzung von organisatorischen Lernkonzepten ist Innovation.","Warum sollte eine Organisation den zeitaufwändigen Prozess der Etablierung einer lernenden Organisation durchlaufen wollen? Ein Ziel, um Konzepte des organisatorischen Lernens in die Praxis umzusetzen, ist Innovation.",0.8901143074035645,0.787865936756134,0.8358748555183411,0.8883576393127441,0.7624329328536987,0.82059246301651
669,"Wenn alle verfügbaren Ressourcen in den funktionalen Abteilungen einer Organisation effektiv genutzt werden, können Kreativität und Einfallsreichtum sich abzeichnen.","Wenn alle verfügbaren Ressourcen über alle Fachabteilungen einer Organisation effektiv genutzt werden, können Kreativität und Einfallsreichtum hervorgehen.","Wenn alle verfügbaren Ressourcen effektiv in den funktionalen Abteilungen einer Organisation genutzt werden, kann Kreativität und Einfallsreichtum entstehen.",0.9198810458183289,0.9453718066215515,0.9324522614479065,0.9465095400810242,0.9727556705474854,0.9594531655311584
670,"Infolgedessen kann der Prozess einer Organisation, die zusammenarbeitet, um ein Hindernis zu überwinden, zu einem neuen innovativen Prozess führen, der den Bedürfnissen des Kunden","Im Ergebnis kann die gemeinschaftliche Arbeit einer Organisation an der Überwindung eines Hindernisses zu einem neuen innovativen Verfahren führen, auf das Kundenbedürfnis einzugehen.","Infolgedessen kann der Prozess, bei dem eine Organisation zusammenarbeitet, um ein Hindernis zu überwinden, zu einem neuen innovativen Prozess führen, um die Bedürfnisse der Kunden zu erfüllen.",0.783582866191864,0.7771137952804565,0.7803349494934082,0.925294816493988,0.8980809450149536,0.9114848375320435
671,"Bevor eine Organisation innovativ sein kann, muss Führung eine Kultur der Innovation sowie gemeinsames Wissen und organisatorisches Lernen schaffen.","Bevor eine Organisation innovativ sein kann, muss die Führung eine Kultur der Innovation sowie des geteilten Wissens und des organisatorischen Lernens entwickeln.","Bevor eine Organisation innovativ sein kann, muss die Führung eine Kultur der Innovation sowie gemeinsames Wissen und organisationales Lernen schaffen.",0.9471842050552368,0.9210533499717712,0.9339360594749451,0.9715240597724915,0.9766018390655518,0.9740563631057739
672,"Angel (2006) erklärt den Kontinuum-Ansatz als Methode, die Organisationen bei der Erreichung eines höheren Leistungsniveaus unterstützt.","Angel (2006) erläutert das Kontinuum-Konzept als eine Methode, um Organisationen zu helfen, leistungsfähiger zu werden.","Angel (2006) erklärt den Kontinuum-Ansatz als eine Methode, die verwendet wird, um Organisationen dabei zu helfen, ein höheres Leistungsniveau zu erreichen.",0.8284019231796265,0.8171607255935669,0.8227429389953613,0.9054412841796875,0.8643165826797485,0.8844011425971985
673,"Neurobiologische Daten liefern physikalische Beweise für einen theoretischen Ansatz zur Erforschung der Kognition, so dass sie den Forschungsbereich verengt",Neurobiologische Daten liefern physische Beweise für eine theoretische Vorgehensweise zur Erforschung der Kognition. Somit grenzen sie den Forschungsbereich ein und machen ihn um einiges genauer.,Neurobiologische Daten liefern physische Beweise für einen theoretischen Ansatz zur Untersuchung der Kognition. Daher verengt sich das Forschungsfeld und wird viel genauer.,0.9003942012786865,0.8452204465866089,0.8719353675842285,0.8997218608856201,0.8675633668899536,0.8833500146865845
674,Die Korrelation zwischen Gehirnpathologie und Verhalten unterstützt Wissenschaftler in ihrer Forschung.,Die Korrelation zwischen Gehirnpathologie und Verhalten stützt Wissenschaftler in ihrer Forschung.,Die Korrelation zwischen Gehirnpathologie und Verhalten unterstützt Wissenschaftler in ihrer Forschung.,0.9781078696250916,0.9693605303764343,0.9737145900726318,0.9999998807907104,0.9999998807907104,0.9999998807907104
675,"Seit langem ist bekannt, dass verschiedene Arten von Hirnschäden, Traumas, Läsionen und Tumoren das Verhalten beeinflussen und Veränderungen in einigen","Es ist schon lange Zeit bekannt, dass verschiedene Arten von Hirnschäden wie Traumata, Verletzungen und Tumore das Verhalten beeinflussen und Veränderungen einiger Gehirnfunktionen nach sich ziehen.","Es ist schon lange bekannt, dass verschiedene Arten von Hirnschäden, Traumata, Läsionen und Tumoren das Verhalten beeinflussen und Veränderungen in einigen psychischen Funktionen verursachen.",0.8793102502822876,0.8372876644134521,0.8577845692634583,0.9290422201156616,0.8902315497398376,0.9092229008674622
676,"Der Aufstieg neuer Technologien ermöglicht es uns, Gehirnstrukturen und Prozesse zu sehen und zu untersuchen, die nie zuvor gesehen wurden.","Neu aufkommende Technologien ermöglichen es uns, gewisse Gehirnstrukturen und -vorgänge erstmals zu sehen und zu erforschen.","Der Aufstieg neuer Technologien ermöglicht es uns, Gehirnstrukturen und -prozesse zu sehen und zu untersuchen, die zuvor nie zu sehen waren.",0.8646410703659058,0.8710069060325623,0.8678123354911804,0.973305344581604,0.9497168064117432,0.9613664150238037
677,"Dies bietet uns viel Information und Material, um Simulationsmodelle zu erstellen, die uns helfen, Prozesse in unserem Sinne zu verstehen.","Das stellt uns viele Informationen und Material zur Verfügung, um Simulationsmodelle zu bauen, die uns helfen, die Vorgänge in unserem Kopf zu verstehen.","Das liefert uns viele Informationen und Materialien, um Simulationsmodelle zu erstellen, die uns helfen, Prozesse in unserem Geist zu verstehen.",0.9290710091590881,0.91356360912323,0.9212520718574524,0.9672669172286987,0.9629764556884766,0.9651169180870056
678,"Obwohl AI eine starke Konnotation von Science Fiction hat, bildet AI einen sehr wichtigen Teil der Informatik, der mit Verhalten, Lernen und intelligenter Anpassung in","KI wird zwar stark mit Science Fiction assoziiert, ist jedoch ein wichtiger Zweig der Computerwissenschaften, der sich mit Verhalten, Lernen und intelligenter Anpassung von Maschinen beschäftigt.","Obwohl KI eine starke Konnotation zur Science-Fiction hat, bildet die KI einen sehr wichtigen Zweig der Informatik, der sich mit Verhalten, Lernen und intelligenter Anpassung in Maschinen beschäftigt.",0.8170866966247559,0.8010818958282471,0.8090051412582397,0.9134970903396606,0.880585789680481,0.8967395424842834
679,"Die Forschung in der AI beinhaltet die Herstellung von Maschinen zur Automatisierung von Aufgaben, die intelligentes Verhalten erfordern.","Forschung im Bereich KI umfasst die Herstellung von Maschinen zur Automatisierung von Aufgaben, die intelligentes Verhalten erfordern.","Die Forschung im Bereich Künstliche Intelligenz beinhaltet die Entwicklung von Maschinen, um Aufgaben zu automatisieren, die intelligentes Verhalten erfordern.",0.9564540386199951,0.9571566581726074,0.9568051695823669,0.9224891066551208,0.8586425185203552,0.8894215226173401
680,"Beispiele sind Steuerung, Planung und Terminplanung, die Fähigkeit, Kundendiagnosen und Fragen zu beantworten sowie Handschriftenerkennung, Stimme und Gesicht.","Beispiele dafür sind Steuerung, das Aufstellen von Strategien und Zeitplänen, die Fähigkeit, Kundendiagnosen und -fragen zu beantworten, sowie Handschrifts-, Stimm- und Gesichtserkennung.","Beispiele sind Kontrolle, Planung und Terminierung, die Fähigkeit, Kundenanfragen und Diagnosen zu beantworten, sowie Handschrifterkennung, Sprach- und Gesichtserkennung.",0.9006955623626709,0.8511239886283875,0.8752083778381348,0.9050425291061401,0.8910513520240784,0.8979923725128174
681,"Solche Dinge sind zu separaten Disziplinen geworden, die sich auf die Lösung realer Probleme konzentrieren.","Solche Dinge sind zu eigenständigen Disziplinen geworden, die sich darauf konzentrieren, Lösungen für Probleme des wirklichen Lebens zu finden.","Solche Dinge sind separate Disziplinen geworden, die sich darauf konzentrieren, Lösungen für reale Probleme zu bieten.",0.9246774911880493,0.8799980878829956,0.9017847180366516,0.9148221015930176,0.8975129723548889,0.9060848951339722
682,"Das AI-System wird inzwischen oft in den Bereichen Wirtschaft, Medizin, Technik und Militär eingesetzt, wie es in mehreren Home-Computer- und Video","Das KI-System wird heute häufig in den Bereichen Wirtschaft, Medizin, Ingenieurwesen und Militär eingesetzt und ist zudem in zahlreiche Softwareanwendungen für Heimcomputer und Videospiele eingebaut worden.","Das KI-System wird nun häufig in den Bereichen Wirtschaft, Medizin, Ingenieurwesen und Militär eingesetzt, und es wurde in mehreren Anwendungen für Heimcomputer und Videospiele integriert.",0.8365495800971985,0.8008259534835815,0.8182980418205261,0.8509460687637329,0.8250377178192139,0.8377916216850281
683,"Sehr oft würde eine Lehrerin gerne ihre Schüler an Orte bringen, an die eine Busreise nicht möglich ist.","Exkursionen sind ein wichtiger Bestandteil für jede Schulklasse. Nicht selten würde eine Lehrerin ihre Schülerinnen und Schüler gerne an Orte bringen, zu denen eine Busfahrt nicht in Frage kommt.","Exkursionen sind ein großer Bestandteil jedes Klassenzimmers. Oftmals würde eine Lehrerin ihre Schüler gerne an Orte mitnehmen, zu denen eine Busfahrt keine Option ist.",0.8978065252304077,0.8102173805236816,0.8517661094665527,0.877507209777832,0.7968335151672363,0.835226833820343
684,"Die Technologie bietet die Lösung mit virtuellen Feldfahrten: Studenten können Museumskunstwerke sehen, ein Aquarium besuchen oder schöne Kunst bewundern, während sie mit ihre","Virtuelle Exkursionen stellen eine technische Lösung dar. Die Schüler können vom Klassenzimmer aus Museumsstücke betrachten, ein Aquarium besuchen oder schöne Kunstwerke bewundern.","Die Technologie bietet die Lösung mit virtuellen Exkursionen. Die Schüler können sich Museumsartefakte ansehen, ein Aquarium besuchen oder wunderschöne Kunst bewundern, während sie mit ihrer Klasse sitzen.",0.8286964893341064,0.81870436668396,0.8236701488494873,0.8955752849578857,0.8523133397102356,0.8734089732170105
685,"Der Austausch von Erfahrungen mit zukünftigen Klassen ist ebenfalls eine großartige Möglichkeit, sich auf eine Reise zu reflektieren und Erfahrungen mit zukünftigen Klassen zu teilen.","Eine Exkursion virtuell zu teilen ist auch eine tolle Art, um über eine Reise zu reflektieren und Erfahrungen mit zukünftigen Klassen zu teilen.","Virtuelles Teilen eines Schulausflugs ist auch eine großartige Möglichkeit, über eine Reise nachzudenken und Erfahrungen mit zukünftigen Klassen zu teilen.",0.8656575679779053,0.8397583961486816,0.8525112867355347,0.8646806478500366,0.8356428742408752,0.8499137759208679
686,"So entwerfen beispielsweise jedes Jahr Schüler der Bennet School in North Carolina eine Website über ihre Reise in die Staatshauptstadt, jedes Jahr wird die Website neu renoviert,","Beispielsweise entwerfen Studenten der Bennet School in North Carolina jedes Jahr eine Webseite über ihre Reise in die Hauptstadt des Bundesstaates. Die Webseite wird jedes Jahr umgebaut, aber die Vorgängerversionen bleiben jedoch online  und dienen als Sammelalbum.","Zum Beispiel gestalten jedes Jahr Schüler der Bennet School in North Carolina eine Website über ihren Ausflug zur Staatskapitale. Jedes Jahr wird die Website umgestaltet, aber ältere Versionen werden online gehalten, um als Scrapbook zu dienen.",0.8738938570022583,0.8207839727401733,0.8465067148208618,0.8534808158874512,0.8039544224739075,0.8279776573181152
687,"Blogs können auch dazu beitragen, das Schreiben von Studenten zu verbessern, obwohl Studenten oft ihre Blog-Erfahrung mit sloppy Grammatik und Schreib","Blogs können auch dazu beitragen, die Schreibfertigkeiten von Schülern zu verbessern. Zwar haben Schüler am Anfang ihrer Blogerfahrung oft eine schlampige Grammatik und Rechtschreibung, aber das ändert sich normalerweise, wenn es ein Publikum gibt.","Blogs können auch dazu beitragen, das Schreiben von Schülern zu verbessern. Während Schüler ihre Blog-Erfahrung oft mit schlampiger Grammatik und Rechtschreibung beginnen, verändert die Anwesenheit eines Publikums in der Regel etwas daran.",0.8444299101829529,0.7651535868644714,0.802839457988739,0.8786885738372803,0.8007107973098755,0.8378893733024597
688,"Da Studenten oft das kritischste Publikum sind, beginnt der Blog-Autor, um zu verbessern, um Kritik zu vermeiden.","Da Studenten häufig ein sehr kritisches Publikum sind, gibt sich der Blogautor Mühe, seinen Schreibstil zu verbessern, um Kritik zu vermeiden.","Da Schüler oft das kritischste Publikum sind, beginnt der Blogautor, sich um eine Verbesserung des Schreibens zu bemühen, um Kritik zu vermeiden.",0.8924278020858765,0.8387390971183777,0.8647509813308716,0.9162334203720093,0.8556339144706726,0.8848974108695984
689,"Auch das Blogging ""zwingt Studenten, geschickter über die Welt um sie herum zu werden."" Die Notwendigkeit, das Interesse des Publikums zu ern","Das Bloggen „zwingt die Schüler auch dazu, mehr über die Welt um sie herum zu lernen“. Die Notwendigkeit, das Interesse des Publikums zu wecken, inspiriert die Schüler dazu, klug und interessant zu schreiben (Toto, 2004).","Auch das Bloggen „zwingt die Schüler dazu, sich besser mit der Welt um sie herum auseinanderzusetzen.“ Das Bedürfnis, das Interesse des Publikums zu wecken, inspiriert die Schüler dazu, klug und interessant zu sein (Toto, 2004).",0.8422219753265381,0.7816002368927002,0.8107795119285583,0.8317499756813049,0.7763231992721558,0.8030812740325928
690,"Blogging ist ein Werkzeug, das die Zusammenarbeit inspiriert und die Schüler ermutigt, das Lernen weit über den traditionellen Schultag hinaus zu erweitern.","Bloggen ist ein Werkzeug, das Kooperation inspiriert und Schüler ermutigt, das Lernen weit außerhalb des traditionellen Schultags fortzusetzen.","Blogging ist ein Werkzeug, das Zusammenarbeit inspiriert und Schüler dazu ermutigt, das Lernen weit über den traditionellen Schultag hinaus zu erweitern.",0.9164562821388245,0.9369641542434692,0.9265967011451721,0.9719302654266357,0.9754909873008728,0.9737073183059692
691,"Die angemessene Nutzung von Blogs ""können die Studierenden befähigen, analytisch und kritischer zu werden; durch aktive Reaktion auf Internet-Material","Die angemessene Nutzung von Blogs „kann Schülerinnen und Schüler befähigen, analytischer und kritischer zu werden; durch die aktive Reaktion auf Internetmaterialien können die Schülerinnen und Schüler ihre Positionen im Kontext der Texte anderer definieren und ihre eigenen Perspektiven zu bestimmten Themen darlegen“ (Oravec, 2002).","Eine angemessene Nutzung von Blogs „kann die Schüler befähigen, analytischer und kritischer zu werden; durch aktives Reagieren auf Internetmaterialien können die Schüler ihre Positionen im Kontext der Schriften anderer definieren und ihre eigenen Perspektiven zu bestimmten Themen umreißen“ (Oravec, 2002).",0.8774080276489258,0.7501447200775146,0.8088008165359497,0.8738387823104858,0.7482715845108032,0.8061951398849487
692,"Ottawa ist die bezaubernde, zweisprachige Hauptstadt Kanadas und bietet eine Vielzahl von Kunstgalerien und Museen, die die Vergangenheit und Gegenwart Ka","Ottawa ist Kanadas bezaubernde, zweisprachige Hauptstadt und zeichnet sich durch eine Reihe von Kunstgalerien und Museen aus, die Kanadas Vergangenheit und Gegenwart präsentieren.","Ottawa ist Kanadas charmante, zweisprachige Hauptstadt und bietet eine Vielzahl von Kunstgalerien und Museen, die die Vergangenheit und Gegenwart Kanadas präsentieren.",0.9100090861320496,0.849460244178772,0.8786928057670593,0.900406002998352,0.8817543983459473,0.8909826278686523
693,"Im südlichen Teil der Insel liegt der Niagara Falls, im Norden ist die unerschöpfte Naturschönheit der Muskoka und darüber hinaus.","Weiter im Süden befinden sich die Niagarafälle, und im Norden breitet sich die unberührte Schönheit der Natur in Muskoka und darüber hinaus aus.","Weiter südlich befinden sich die Niagarafälle, und im Norden liegt die unberührte natürliche Schönheit von Muskoka und darüber hinaus.",0.8302472233772278,0.8154981732368469,0.8228065967559814,0.8491811156272888,0.8607868552207947,0.8549445867538452
694,"All diese Dinge und mehr unterstreichen Ontario als das, was von Außenstehenden als im Wesentlichen kanadisch betrachtet wird.","All diese Dinge und weitere zeichnen Ontario aus als das, was von Außenstehenden als typisch kanadisch betrachtet wird.","All diese Dinge und mehr heben Ontario als das hervor, was von Außenstehenden als typisch kanadisch angesehen wird.",0.9080157279968262,0.9103415012359619,0.9091771841049194,0.927731990814209,0.9321620464324951,0.9299417734146118
695,Große Gebiete im Norden sind ziemlich dünn besiedelt und einige sind beinahe unbewohnt.,Große Gebiete weiter im Norden sind ziemlich dünn bevölkert und manche sind fast unbewohnte Wildnis.,"Große Gebiete weiter nördlich sind ziemlich dünn besiedelt, und einige sind nahezu unbewohnte Wildnis.",0.9071189761161804,0.8684965372085571,0.887387752532959,0.9162716865539551,0.897354781627655,0.9067145586013794
696,"Für einen Vergleich der Bevölkerung, der viele überrascht: In den USA leben mehr Afrikaner als kanadische Bürger.","Ein Bevölkerungsvergleich, der viele überrascht: Es leben mehr Afroamerikaner in den USA als Kanada Staatsbürger hat.","Für einen Vergleich der Bevölkerung, der viele überrascht: Es gibt mehr Afroamerikaner in den USA als kanadische Staatsbürger.",0.8671677112579346,0.8430317640304565,0.8549294471740723,0.9561346769332886,0.93058180809021,0.9431851506233215
697,Die ostafrikanischen Inseln befinden sich im Indischen Ozean vor der Ostküste Afrikas.,Die ostafrikanischen Inseln befinden sich im Indischen Ozean vor der Ostküste Afrikas.,Die ostafrikanischen Inseln befinden sich im Indischen Ozean vor der Ostküste Afrikas.,1.0,1.0,1.0,1.0,1.0,1.0
698,"Madagaskar ist mit Abstand der größte und ein Kontinent allein, wenn es um die Tierwelt geht.","Madagaskar ist bei Weitem die Größte und, was die Tierwelt angeht, ein eigener Kontinent.","Madagaskar ist bei weitem die größte und ein Kontinent für sich, wenn es um die Tierwelt geht.",0.8118173480033875,0.788645327091217,0.8000636100769043,0.9391433000564575,0.915402889251709,0.927121102809906
699,"Die meisten kleineren Inseln sind unabhängige Nationen, oder mit Frankreich verbunden, und bekannt als Luxus-Standorte.",Die meisten der kleineren Inseln sind unabhängige Nationen oder zu Frankreich gehörig und als luxuriöse Seebäder bekannt.,Die meisten der kleineren Inseln sind unabhängige Nationen oder mit Frankreich verbunden und bekannt als luxuriöse Strandresorts.,0.8773675560951233,0.8437122702598572,0.8602108359336853,0.9025444984436035,0.8884187936782837,0.8954259753227234
700,"Auch die Araber brachten den Islam ins Land, und es dauerte in den Komoren und Mayotte auf große Weise.","Die Araber brachten auch den Islam ins Land, und auf den Komoren und in Mayotte war er sehr erfolgreich.","Die Araber brachten auch den Islam in die Regionen, und er nahm in großem Maße auf den Komoren und Mayotte Fuß.",0.8581923842430115,0.8798878788948059,0.868904709815979,0.878806471824646,0.8627506494522095,0.8707045912742615
701,"Der europäische Einfluss und der Kolonialismus begann im 15. Jahrhundert, als der portugiesische Entdecker Vasco da Gama die Kaproute von Europa nach Indi","Der europäische Einfluss und der Kolonialismus begannen im 15. Jahrhundert, als der portugiesische Seefahrer Vasco da Gama die Kaproute von Europa nach Indien entdeckte.","Der europäische Einfluss und der Kolonialismus begannen im 15. Jahrhundert, als der portugiesische Entdecker Vasco da Gama die Kaproute von Europa nach Indien fand.",0.9223208427429199,0.9240849614143372,0.9232020974159241,0.9447950124740601,0.9394161701202393,0.9420979022979736
702,Im Norden grenzt die Region an die Sahel und im Süden und Westen an den Atlantik.,Im Norden ist die Region von der Sahelzone begrenzt und im Süden und Westen vom Atlantischen Ozean.,"Im Norden wird die Region durch den Sahel begrenzt, im Süden und Westen durch den Atlantischen Ozean.",0.8997129201889038,0.8714694380760193,0.8853660225868225,0.9254464507102966,0.8986033797264099,0.9118273854255676
703,"Frauen: Es wird empfohlen, dass alle Reisenden sagen, dass sie verheiratet sind, unabhängig von der tatsächlichen Ehe.","Frauen: Es wird empfohlen, dass alle weiblichen Reisenden behaupten, verheiratet zu sein, ungeachtet ihres tatsächlichen Familienstandes.","Frauen: Es wird empfohlen, dass alle reisenden Frauen sagen, dass sie verheiratet sind, unabhängig vom tatsächlichen Familienstand.",0.9082809686660767,0.8629823327064514,0.8850523829460144,0.9576473236083984,0.9475191831588745,0.9525563716888428
704,"Es ist hilfreich, auch einen Ring zu tragen (nur einen, der zu teuer ist.","Auch das Tragen eines Rings ist hilfreich (nur keinen, der zu teuer aussieht.","Es ist hilfreich, auch einen Ring zu tragen (nur keinen, der zu teuer aussieht).",0.85137939453125,0.8535676598548889,0.8524721264839172,0.9404824376106262,0.9180732369422913,0.9291427135467529
705,"Frauen sollten sich bewusst sein, dass kulturelle Unterschiede dazu führen können, was sie als Schikanen betrachten würden, und es ist nicht ungewöhnlich,","Frauen sollten erkennen, dass kulturelle Unterschiede zu dem führen können, was sie als Übergriff betrachten würden, und dass es nicht ungewöhnlich ist, verfolgt, am Arm gepackt usw. zu werden.","Frauen sollten sich bewusst sein, dass kulturelle Unterschiede zu dem führen können, was sie als Belästigung betrachten würden, und es ist nicht ungewöhnlich, gefolgt zu werden, am Arm gepackt zu werden usw.",0.8480932712554932,0.7830642461776733,0.8142824769020081,0.9020964503288269,0.7976511716842651,0.8466649055480957
706,"Seien Sie entschlossen bei der Ablehnung von Männern und scheuen Sie nicht, Ihren Boden zu halten (kulturelle Unterschiede oder nicht, es","Bleiben Sie konsequent, wenn Sie Männer abweisen, und scheuen Sie sich nicht, Ihren Standpunkt zu verteidigen (kulturelle Unterschiede hin oder her; das bedeutet noch lange nicht, dass es in Ordnung ist!)","Sei entschieden darin, Männer abzuweisen, und habe keine Angst, deinen Standpunkt zu vertreten (kulturelle Unterschiede hin oder her, das macht es nicht in Ordnung!).",0.800816535949707,0.7378271818161011,0.7680324912071228,0.714547872543335,0.7062949538230896,0.7103973627090454
707,"Die moderne Stadt Casablanca wurde im 10. Jahrhundert v. Chr. von Berber Fischern gegründet und wurde von den Phöniziern, Römern und den Mereni","Das heutige Casablanca wurde von berberischen Fischern im 10. Jahrhundert vor Beginn der Zeitrechnung gegründet und wurde von den Phöniziern, den Römern und den Meriniden als strategischer Hafen mit dem Namen Anfa genutzt.","Die moderne Stadt Casablanca wurde im 10. Jahrhundert v. Chr. von berberischen Fischern gegründet und wurde von den Phöniziern, Römern und den Meriniden als strategischer Hafen namens Anfa genutzt.",0.8651697635650635,0.7974222302436829,0.8299157023429871,0.9289036393165588,0.8645811080932617,0.8955889940261841
708,"Die Portugiesen zerstörten sie und rekonstruierten sie unter dem Namen Casa Branca, nur um sie nach einem Erdbeben im Jahr 1755","Die Portugiesen zerstörten sie und bauten sie unter dem Namen Casa Branca wieder auf, nur um sie nach einem Erdbeben im Jahr 1755 aufzugeben.","Die Portugiesen zerstörten es und bauten es unter dem Namen Casa Branca wieder auf, um es nach einem Erdbeben im Jahr 1755 wieder aufzugeben.",0.9184669256210327,0.8838510513305664,0.9008265733718872,0.8793059587478638,0.8489911556243896,0.8638826608657837
709,Der marokkanische Sultan rekonstruierte die Stadt als Daru l-Badya und erhielt den Namen Casablanca von spanischen Händlern,"Der marokkanische Sultan baute die Stadt als Dar el Beida wieder auf und sie wurde von spanischen Händlern, die dort Handelsstützpunkte einrichteten, Casablanca genannt.","Der marokkanische Sultan baute die Stadt als Daru l-Badya neu auf, und sie erhielt den Namen Casablanca von spanischen Händlern, die dort Handelsbasen errichteten.",0.8585169911384583,0.7936289310455322,0.8247987627983093,0.916006326675415,0.858465313911438,0.8863028883934021
710,"Casablanca ist einer der am wenigsten interessanten Orte, um zu kaufen in ganz Marokko.",Casablanca ist einer der uninteressantesten Orte zum Shoppen in ganz Marokko.,Casablanca ist einer der am wenigsten interessanten Orte zum Einkaufen in ganz Marokko.,0.8349989652633667,0.8574831485748291,0.8460916876792908,0.9085545539855957,0.926059365272522,0.9172234535217285
711,"Um die alte Medina ist es leicht, Orte zu finden, die traditionelle marokkanische Waren verkaufen, wie Tagine, Keramik, Lederwaren,","Rund um die alte Medina ist es einfach, Orte zu finden, an denen traditionelle marokkanische Waren wie Tagines, Keramik, Lederwaren, Wasserpfeifen und ein ganzes Spektrum an Tinnef verkauft werden, aber das ist alles nur für die Touristen.","Rund um die alte Medina ist es leicht, Orte zu finden, die traditionelle marokkanische Waren verkaufen, wie Tajines, Keramik, Lederwaren, Wasserpfeifen und eine ganze Palette von Nippes, aber das ist alles für die Touristen.",0.8830874562263489,0.7741461992263794,0.8250361084938049,0.9256954789161682,0.8207560777664185,0.8700730204582214
712,Goma ist eine touristische Stadt der Demokratischen Republik Kongo im extremen Osten nahe Ruanda.,Goma ist eine Touristenstadt der Demokratischen Republik Kongo im äußersten Osten nahe Ruanda.,Goma ist eine Touristenstadt der Demokratischen Republik Kongo im äußersten Osten nahe Ruanda.,0.9634560346603394,0.9629977941513062,0.963226854801178,0.9634562134742737,0.9629979133605957,0.9632270336151123
713,"Im Jahr 2002 wurde Goma durch Lava aus dem Vulkan Nyiragongo zerstört, der die meisten Straßen der Stadt, insbesondere das Stadtzentrum","Im Jahr 2002 wurde Goma durch die Lava des Nyiragongo-Vulkans zerstört, die die meisten Straßen der Stadt, insbesondere das Stadtzentrum, unter sich begrub.","Im Jahr 2002 wurde Goma durch Lava des Nyiragongo-Vulkans zerstört, die die meisten Straßen der Stadt, insbesondere das Stadtzentrum, bedeckte.",0.9120984673500061,0.8501683473587036,0.8800451755523682,0.9167165756225586,0.874078631401062,0.8948900103569031
714,"Während Goma relativ sicher ist, sollten alle Besuche außerhalb von Goma untersucht werden, um den Stand der Kämpfe zu verstehen, die in der Provinz Nord","Während Goma einigermaßen sicher ist, sollte jeder Aufenthalt außerhalb Gomas sorgfältig geplant werden, um den Stand der in der Provinz Nord-Kivu andauernden Kämpfe zu erfahren.","Während Goma ziemlich sicher ist, sollten Besuche außerhalb von Goma recherchiert werden, um den Zustand der Kämpfe, die in der Provinz Nord-Kivu andauern, zu verstehen.",0.8603574633598328,0.7966334819793701,0.8272701501846313,0.9108740091323853,0.8482242822647095,0.8784335255622864
715,"Die Stadt ist auch der Ausgangspunkt, um den Vulkan Nyiragongo zu erklimmen und einige der billigsten Berggorilla-Streifen in",Die Stadt ist auch der Ausgangspunkt für die Besteigung des Vulkans Nyiragongo sowie für einige der billigsten Berggorilla-Trackingtouren in Afrika.,Die Stadt ist auch die Basis für die Besteigung des Nyiragongo-Vulkans sowie für einige der günstigsten Berggorilla-Beobachtungen in Afrika.,0.860529899597168,0.8436801433563232,0.8520217537879944,0.8360276222229004,0.8281601667404175,0.832075297832489
716,In Goma gibt es eine ganze Reihe von Bussen und Bussen.,"Sie können Bodabodas (Motorradtaxis) benutzen, um in Goma herumzukommen. Der übliche (lokale) Preis liegt bei ~500 Kongolesischen Francs für die kurze Fahrt.x","Sie können Boda-Boda (Motorradtaxis) nutzen, um sich in Goma fortzubewegen. Der normale (lokale) Preis liegt bei etwa 500 kongolesischen Francs für eine kurze Fahrt.",0.6971043944358826,0.593255877494812,0.641001284122467,0.709926426410675,0.6296044588088989,0.6673572659492493
717,"In Verbindung mit seiner relativen Unzugänglichkeit, ""Timbuktu"" ist es gekommen, als Metapher für exotische, ferne Länder","Dies in Kombination mit seiner relativen Unzugänglichkeit hat „Timbuktu“ zu einer Metapher für exotische, ferne Länder werden lassen.","In Kombination mit seiner relativen Unzugänglichkeit wird ""Timbuktu"" oft als Metapher für exotische, ferne Länder verwendet.",0.8520627021789551,0.8497052788734436,0.8508824110031128,0.8752458095550537,0.8855369687080383,0.8803613185882568
718,"Heute ist Timbuktu eine verarmte Stadt, obwohl sein Ruf es zu einer touristischen Attraktion macht, und es hat einen Flughafen","Obwohl Timbuktu aufgrund seines Rufs als Touristenattraktion gilt und einen Flughafen besitzt, ist es heutzutage eine verarmte Stadt.","Heute ist Timbuktu eine verarmte Stadt, obwohl ihr Ruf sie zu einer Touristenattraktion macht, und sie hat einen Flughafen.",0.8219661116600037,0.8130063414573669,0.8174616694450378,0.9334746599197388,0.9267743825912476,0.9301124811172485
719,"1990 wurde er auf die Liste der Welterbestätten hinzugefügt, die aufgrund der Bedrohung durch Wüstensand in Gefahr sind.",Im Jahr 1990 wurde es aufgrund der Bedrohung durch Wüstensand zur Liste der gefährdeten Weltkulturerbegebiete hinzugefügt.,Im Jahr 1990 wurde es aufgrund der Bedrohung durch Wüstensand in die Liste der bedrohten Welterbestätten aufgenommen.,0.8578700423240662,0.847741961479187,0.8527759313583374,0.8633023500442505,0.8934111595153809,0.878098726272583
720,Es war einer der wichtigsten Haltestellen während Henry Louis Gates' PBS special Wonders of the African World.,Es war einer der wichtigsten Stationen von Louis Gates PBS-Spezial „Wonders of the African World“.,"Es war einer der wichtigsten Stopps während der PBS-Sonderveranstaltung von Henry Louis Gates, ""Wonders of the African World"".",0.8720817565917969,0.8602752089500427,0.866138219833374,0.8805172443389893,0.814446747303009,0.846194326877594
721,"Die Stadt ist im krassen Gegensatz zu den übrigen Städten des Landes, weil sie mehr arabisches Flair hat als ein Afrikaner.","Die Stadt steht in starkem Kontrast zum Rest der Städte des Landes, weil sie eher ein arabisches als ein afrikanisches Flair hat.","Die Stadt steht in starkem Kontrast zu den anderen Städten des Landes, da sie mehr arabisches Flair als afrikanisches hat.",0.8766107559204102,0.8621718883514404,0.8693313598632812,0.9007499814033508,0.8921424150466919,0.8964254856109619
722,"Der Kruger Nationalpark (KNP) liegt im Nordosten Südafrikas und läuft entlang der Grenze Mosambiks im Osten, Simbabwe im","Der Kruger Nationalpark (KNP) liegt im Nordosten von Südafrika. Er grenzt im Osten an Mosambik, im Norden an Simbabwe und im Süden an den Crocodile River.","Der Kruger-Nationalpark (KNP) liegt im Nordosten Südafrikas und verläuft entlang der Grenze zu Mosambik im Osten, Simbabwe im Norden, und die südliche Grenze bildet der Krokodilfluss.",0.8535419702529907,0.8009010553359985,0.8263840675354004,0.9201643466949463,0.8369437456130981,0.8765832781791687
723,"Der Park erstreckt sich über 19.500 km2 und ist in 14 verschiedene kozonen unterteilt, die jeweils verschiedene Tierarten unterstützen.","Der Park hat eine Fläche von 19.500 km² und ist in 14 verschiedene Ökozonen aufgeteilt, von denen jede eine andere Tierwelt unterstützt.","Der Park erstreckt sich über 19.500 km² und ist in 14 verschiedene Ökozonen unterteilt, von denen jede unterschiedliche Wildtiere beherbergt.",0.9084008932113647,0.8855816125869751,0.8968461751937866,0.9335107803344727,0.8936971426010132,0.9131701588630676
724,Es ist eine der Hauptattraktionen Südafrikas und gilt als Flaggschiff der südafrikanischen Nationalparks (SANParks).,Er ist einer der Hauptanziehungspunkte Südafrikas und gilt als das Aushängeschild der Südafrikanischen Nationalparks (SANParks).,Es ist eine der Hauptattraktionen Südafrikas und gilt als das Flaggschiff der südafrikanischen Nationalparks (SANParks).,0.8888455629348755,0.8864795565605164,0.8876610398292542,0.9964873790740967,0.9917008280754089,0.9940882921218872
725,Wie bei allen südafrikanischen Nationalparks gibt es täglich Erhaltungs- und Eintrittsgebühren für den Park.,Wie alle südafrikanischen Nationalparks erhebt der Park tägliche Schutz- und Eintrittsgebühren.,Wie bei allen Nationalparks Südafrikas gibt es tägliche Naturschutz- und Eintrittsgebühren für den Park.,0.9083601236343384,0.9113960266113281,0.9098755121231079,0.915824294090271,0.9439926743507385,0.9296951293945312
726,"Es kann auch von Vorteil sein, eine Wildkarte zu kaufen, die entweder in südafrikanische Parks oder in alle südafrik","Es kann sich auch lohnen, eine Wild Card zu kaufen, die Zutritt entweder zu ausgewählten Parks in Südafrika oder zu allen südafrikanischen Nationalparks gewährt.","Es könnte auch vorteilhaft sein, eine Wild Card zu kaufen, die den Zugang zu ausgewählten Parks in Südafrika oder zu allen südafrikanischen Nationalparks gewährt.",0.8310365080833435,0.7991751432418823,0.8147945404052734,0.8364771604537964,0.8117733597755432,0.823940098285675
727,"Die Insel Hongkong gibt dem Territorium Hongkong seinen Namen und ist der Ort, den viele Touristen als Hauptziel betrachten.",Hong Kong Island ist Namensgeber für das Territorium Hongkong und steht für viele Touristen im Mittelpunkt.,"Hongkong-Insel gibt dem Territorium Hongkong seinen Namen und ist der Ort, den viele Touristen als den Hauptschwerpunkt betrachten.",0.7565755248069763,0.8026514649391174,0.7789326906204224,0.9519891738891602,0.9363198280334473,0.9440895318984985
728,"Die Parade von Gebäuden, die die Skyline von Hongkong machen, wurde mit einem glitzernden Barchart verglichen, der durch die Anwesenheit der Ge","Die Gebäude, die die Hongkonger Skyline ausmachen, wurden mit einem schillernden Balkendiagramm verglichen, das durch die Gegenwart der Gewässer des Victoria Harbour sichtbar wird.x","Die Parade der Gebäude, die die Skyline von Hongkong bildet, wurde mit einem glitzernden Balkendiagramm verglichen, das durch die Anwesenheit der Gewässer des Victoria-Hafens deutlich wird.",0.824955940246582,0.7850497364997864,0.8045083284378052,0.8755437135696411,0.8319107294082642,0.8531696796417236
729,"Um die beste Aussicht auf Hongkong zu erhalten, verlassen Sie die Insel und fahren Sie in Richtung Kowloon.",Für die besten Aussichten auf Hongkong sollten Sie die Insel verlassen und zum gegenüberliegenden Ufer von Kowloon fahren.,"Um die besten Ausblicke auf Hongkong zu genießen, verlassen Sie die Insel und fahren Sie zur Uferpromenade in Kowloon auf der gegenüberliegenden Seite.",0.8403517603874207,0.8374815583229065,0.8389142155647278,0.9220654368400574,0.8383162617683411,0.8781987428665161
730,Die große Mehrheit der städtischen Entwicklung der Insel Hongkong ist dicht auf reclaimed land entlang der nördlichen Küste verpackt.,Der Großteil der Städtebildung von Hong Kong Island ist dicht gedrängt auf neugewonnenem Land entlang der Nordküste.,Die große Mehrheit der städtischen Entwicklung von Hongkong Island ist dicht gedrängt auf aufgeschüttetem Land entlang der Nordküste.,0.8444092869758606,0.8400130271911621,0.8422054648399353,0.8797221779823303,0.8760757446289062,0.877895176410675
731,"Dies ist der Ort, an dem die britischen Kolonialherren als ihren eigenen Platz nahmen, und wenn Sie nach Beweisen für die koloniale Vergangenheit des","Das ist der Ort, den sich die britischen Kolonisten zu eigen gemacht haben. Wenn Sie nach Spuren der kolonialen Vergangenheit des Gebiets suchen, ist dies ein guter Ausgangspunkt.","Das ist der Ort, den die britischen Kolonialherren für sich beanspruchten, und wenn Sie nach Beweisen für die koloniale Vergangenheit des Gebiets suchen, ist dies ein guter Ausgangspunkt.",0.787509024143219,0.7636558413505554,0.7753990888595581,0.8470388650894165,0.784322202205658,0.8144750595092773
732,Die Sundarbans sind der größte littorale Mangrovengürtel der Welt und erstreckt sich 80 km (50 Mio.) von der Küste in,Die Sundarbans sind der größte Mangrovengürtel der Welt und erstrecken sich über 80 km vom bangladeschischen und indischen Hinterland bis an die Küste.,Die Sundarbans sind der größte küstennahe Mangroven Gürtel der Welt und erstrecken sich 80 km (50 Meilen) ins Hinterland von Bangladesch und Indien von der Küste.,0.8447220325469971,0.808148980140686,0.8260308504104614,0.8765985369682312,0.8102670311927795,0.842128574848175
733,Die Sundarbaner wurden zum Weltkulturerbe der UNESCO erklärt.,"Die Sundarbans wurden zum UNESCO-Weltkulturerbe erklärt. Der Teil des Waldes, der innerhalb des indischen Staatsgebietes liegt, wird als Sundarbans National Park bezeichnet.","Die Sundarbans wurden zum UNESCO-Weltkulturerbe erklärt. Der Teil des Waldes, der sich im indischen Gebiet befindet, wird als Sundarbans-Nationalpark bezeichnet.",0.8918278217315674,0.7655348777770996,0.823869526386261,0.8936039209365845,0.7714447975158691,0.8280431628227234
734,"Die Wälder sind jedoch nicht nur Mangrovensümpfe – sie beinhalten einige der letzten Stände der mächtigen Dschungel,","Die Wälder sind jedoch nicht nur Mangrovensümpfe – sie umfassen auch einige der letzten verbliebenen Bestände des mächtigen Dschungels, der einst die Gangesebene bedeckte.","Die Wälder sind jedoch nicht nur Mangrovensümpfe – sie umfassen auch einige der letzten verbleibenden Bestände der mächtigen Dschungel, die einst die Gangesebene bedeckten.",0.9309303760528564,0.8546644449234009,0.8911686539649963,0.9398741722106934,0.8576101660728455,0.8968597054481506
735,"Die Sundarbaner bedecken eine Fläche von 3.850 km2, davon etwa ein Drittel in Wasser-/Marschgebieten.","Die Sundarbans erstrecken sich über eine Fläche von 3.850 km², wovon ein Drittel von Wasser und Marschen bedeckt ist.","Die Sundarbans bedecken eine Fläche von 3.850 km², von denen etwa ein Drittel mit Wasser-/Sumpfgebieten bedeckt ist.",0.8816025853157043,0.8681918382644653,0.8748458027839661,0.9452264308929443,0.9176045656204224,0.9312106966972351
736,"Seit 1966 sind die Sundarbaner ein Wildschutzgebiet, und es wird geschätzt, dass es heute 400 Royal Bengal Tiger und etwa 30.000 gesehene Hirsche","Die Sundarbans sind seit 1966 ein Naturschutzgebiet, und Schätzungen zufolge halten sich dort mittlerweile 400 bengalische Königstiger und etwa 30.000 gefleckte Hirsche auf.","Seit 1966 sind die Sundarbans ein Wildschutzgebiet, und es wird geschätzt, dass es dort jetzt 400 König-Bengal-Tiger und etwa 30.000 gefleckte Rehe gibt.",0.8220100402832031,0.7942984700202942,0.8079167008399963,0.914499044418335,0.8718032240867615,0.8926408290863037
737,"Die meisten Busse, insbesondere diejenigen, die nach Osten und Jakar/Bumthang fahren, fahren täglich von 06:30 bis 07:30 ab.","Busse fahren den ganzen Tag über vom distriktübergreifenden Busbahnhof (auf der anderen Seite des Flusses) ab, wobei die meisten Busse, vor allem die in Richtung Osten und Jakar/Bumthang, zwischen 06:30 und 07:30 Uhr abfahren.","Die Busse verlassen den interkommunalen Busbahnhof (über den Fluss) tagsüber, wobei die meisten, insbesondere diejenigen, die nach Osten und nach Jakar/Bumthang fahren, zwischen 06:30 und 07:30 Uhr abfahren.",0.882198691368103,0.7992215752601624,0.8386626839637756,0.9049848318099976,0.8268200159072876,0.8641384243965149
738,"Da die Interdistrict Busse oft voll sind, ist es ratsam, ein Ticket ein paar Tage im Voraus zu kaufen.","Da die Busse zwischen den Bezirken oftmals voll sind, empfiehlt es sich, ein paar Tage im Voraus ein Ticket zu kaufen.","Da die interkommunalen Busse oft voll sind, ist es ratsam, ein Ticket ein paar Tage im Voraus zu kaufen.",0.8995357155799866,0.8882825374603271,0.8938737511634827,0.9592957496643066,0.9599870443344116,0.9596412777900696
739,"Die meisten Distrikte werden von kleinen japanischen Küstenbussen serviert, die komfortabel und stabil sind.","Die meisten Bezirke werden durch kleine japanische Coasterbusse befahren, die gemütlich und stabil sind.x","Die meisten Stadtbezirke werden von kleinen japanischen Coaster-Bussen bedient, die bequem und robust sind.",0.8700416684150696,0.8587687015533447,0.8643684387207031,0.8900578618049622,0.8849565982818604,0.8874999284744263
740,"Mitgeteilte Taxis sind ein schnelles und bequemes Mittel, um zu nahe gelegenen Orten wie Paro (Nu 150) und Punakha (Nu 200).","Sammeltaxis bieten eine schnelle und bequeme Möglichkeit, um zu nahegelegenen Orten wie Paro (Nu 150) und Punakha (Nu 200) zu gelangen.","Gemeinschaftstaxis sind ein schnelles und komfortables Fortbewegungsmittel, um in nahegelegene Orte zu reisen, wie Paro (Nu 150) und Punakha (Nu 200).",0.8983859419822693,0.8890090584754944,0.8936728835105896,0.8882492780685425,0.8665711283683777,0.8772763013839722
741,"Die Oyapock-Brücke ist eine Seilbrücke, die den Fluss Oyapock verbindet, um die Städte Oiapoque in Brasilien und Saint",Die Oyapock River Bridge ist eine Schrägseilbrücke. Sie überspannt den Fluss Oyapock und verbindet die Städte Oiapoque in Brasilien und Saint-Georges de l'Oyapock in Französisch-Guayana.,Die Oyapock-Brücke ist eine Schrägseilbrücke. Sie überspannt den Oyapock-Fluss und verbindet die Städte Oiapoque in Brasilien und Saint-Georges de l'Oyapock in Französisch-Guayana.,0.8520107865333557,0.7828078866004944,0.8159446716308594,0.861255407333374,0.7881914377212524,0.8231052160263062
742,"Die beiden Türme steigen auf eine Höhe von 83 Metern, es ist 378 Meter lang und hat zwei Gänge von 3,50 Meter Breite.","Ihre beiden Türme sind 83 Meter hoch, ihre Länge beträgt 378 Meter und sie verfügt über zwei Fahrspuren mit 3,50 m Breite.","Die beiden Türme erreichen eine Höhe von 83 Metern, sie sind 378 Meter lang und verfügen über zwei Fahrbahnen mit einer Breite von 3,50 m.",0.8675990700721741,0.8761699199676514,0.8718634247779846,0.8952744007110596,0.8899081945419312,0.8925832509994507
743,Die vertikale Abgrenzung unter der Brücke beträgt 15 Meter.,"Die Durchfahrtshöhe unter der Brücke beträgt 15 Meter. Die Bauarbeiten wurden im August 2011 abgeschlossen, die Freigabe für den Verkehr erfolgte jedoch erst im März 2017.","Die Durchfahrtshöhe unter der Brücke beträgt 15 Meter. Der Bau wurde im August 2011 abgeschlossen, die Brücke wurde jedoch erst im März 2017 für den Verkehr freigegeben.",0.8422142267227173,0.734241783618927,0.7845304608345032,0.8480373620986938,0.74666428565979,0.7941287755966187
744,"Die Brücke soll im September 2017 voll einsatzbereit sein, wenn die brasilianischen Zollkontrollstellen fertig sein werden.","Die Brücke soll im September 2017 vollständig den Betrieb aufnehmen. Es wird erwartet, dass die brasilianischen Zollkontrollpunkte dann fertig gestellt sein werden.","Die Brücke soll im September 2017 vollständig in Betrieb genommen werden, wenn die brasilianischen Zollkontrollen voraussichtlich abgeschlossen sind.",0.8985661268234253,0.8685857057571411,0.8833215832710266,0.909161388874054,0.9003207683563232,0.9047195315361023
745,"Die Guaran waren die bedeutendste indigene Gruppe, die sich in Ostparaguay befindet und als halbnomadische Jäger lebte,","Die Guaraní waren die bedeutendste indigene Gruppe, die das heutige Ostparaguay bewohnte. Sie lebten als halbnomadische Jäger, die auch Subsistenzlandwirtschaft betrieben.","Die Guaraní waren die bedeutendste indigene Gruppe, die das heutige östliche Paraguay bewohnte. Sie lebten als semi-nomadische Jäger, die auch Subsistenzlandwirtschaft betrieben.",0.8914024829864502,0.8453865647315979,0.8677849769592285,0.82982337474823,0.7970173954963684,0.8130896091461182
746,"Die Region Chaco war Heimat anderer indigener Stämme wie der Guaycur und Payaguá, die durch Jagd, Sammeln und Fischen","Die Chaco-Region war auch die Heimat anderer Gruppen von Eingeborenenstämmen, wie der Guaycurú und der Payaguá, die durch jagen, sammeln und fischen überlebten.x","Die Chaco-Region war die Heimat anderer Gruppen indigener Stämme wie der Guaycurú und Payaguá, die durch Jagen, Sammeln und Angeln überlebten.",0.8496778011322021,0.8088610768318176,0.8287672400474548,0.9190659523010254,0.8822953701019287,0.9003053903579712
747,"Im 16. Jahrhundert wurde Paraguay, früher als ""die Riesenprovinz der Indien"" bezeichnet, als Folge der Begegnung spanischer Eroberer mit","Paraguay, ehemals Großprovinz Westindien genannt, entstand im 16. Jahrhundert als Ergebnis des Zusammentreffens der spanischen Eroberer mit den einheimischen indigenen Gruppen.","Im 16. Jahrhundert entstand Paraguay, früher als ""Die Riesige Provinz der Indias"" bezeichnet, als Ergebnis der Begegnung zwischen spanischen Eroberern und den einheimischen indigenen Gruppen.",0.8006513118743896,0.7927822470664978,0.7966973185539246,0.8778008222579956,0.8372734785079956,0.8570583462715149
748,"Die Spanier begannen die Kolonialzeit, die drei Jahrhunderte lang andauerte.","Die Spanier begannen die Kolonisierungszeit, die drei Jahrhunderte andauerte.","Die Spanier begannen die Kolonialisierungsperiode, die drei Jahrhunderte dauerte.",0.9293056726455688,0.9278934597969055,0.9285989999771118,0.925652027130127,0.9135280847549438,0.9195501208305359
749,"Seit der Gründung von Asunción im Jahre 1537 ist es Paraguay gelungen, einen großen Teil seines indigenen Charakters und seiner Identität zu","Seit der Gründung von Asunción 1537 ist es Paraguay gelungen, viel von seinem indigenen Charakter und seiner Identität zu bewahren.","Seit der Gründung von Asunción im Jahr 1537 hat Paraguay es geschafft, viel von seinem indigenen Charakter und seiner Identität zu bewahren.",0.9004839658737183,0.8831042051315308,0.8917093873023987,0.8830284476280212,0.8539575934410095,0.868249773979187
750,"Argentinien ist bekannt dafür, dass es eine der besten Polo-Teams und -Spieler der Welt gibt.","Argentinien ist bekannt dafür, dass sein Polo-Team und die Spieler zu den besten der Welt gehören.","Argentinien ist bekannt dafür, eines der besten Polo-Teams und Spieler der Welt zu haben.",0.8731222152709961,0.8730740547180176,0.8730981349945068,0.913693904876709,0.9244226217269897,0.9190269112586975
751,Das größte Turnier des Jahres findet im Dezember auf den Polofeldern in Las Caitas statt.,Das größte Turnier des Jahres findet im Dezember auf Las Cañitas Polofeldern statt.,Das größte Turnier des Jahres findet im Dezember auf den Polofeldern in Las Cañitas statt.,0.9381294250488281,0.9421328902244568,0.940126895904541,0.9827591776847839,0.970794677734375,0.976740300655365
752,Kleinere Turniere und Spiele können auch zu anderen Jahreszeiten hier gesehen werden.,Kleinere Turniere und Wettkämpfe können hier auch zu anderen Zeiten im Jahr angeschaut werden.x,Kleinere Turniere und Spiele können hier auch zu anderen Jahreszeiten gesehen werden.,0.894977331161499,0.8373149633407593,0.8651864528656006,0.9810174107551575,0.9810174107551575,0.9810174107551575
753,"Für Neuigkeiten über Turniere und wo man Tickets für Polo-Spiele kaufen kann, schauen Sie sich die Asociacion Argentina de Polo an.",Informationen zu Wettbewerben und Verkaufsstellen für Polospieltickets finden Sie bei der Asociacion Argentina de Polo.,"Für Neuigkeiten über Turniere und wo man Tickets für Polo-Matches kaufen kann, besuchen Sie die Asociación Argentina de Polo.",0.782366931438446,0.8326570987701416,0.8067289590835571,0.9225500822067261,0.9535319209098816,0.9377852082252502
754,"Die offizielle Falklands-Währung ist das Falkland-Pfund (FKP), dessen Wert entspricht dem eines britischen Pfunds (GBP).","Die offizielle Währung der Falklandinseln ist das Falkland Pound (FKP), dessen Wert in Einklang mit dem Wert des Britischen Pfunds (GBP) festgelegt wird.","Die offizielle Währung der Falklandinseln ist das Falkland-Pfund (FKP), dessen Wert dem eines britischen Pfunds (GBP) entspricht.",0.9001288414001465,0.8612174391746521,0.8802433609962463,0.9588149785995483,0.949465274810791,0.9541172385215759
755,"Geld kann an der einzigen Bank auf den Inseln ausgetauscht werden, die sich in Stanley gegenüber dem FIC West-Geschäft befindet.","Geld kann in der einzigen Bank auf der Insel umgetauscht werden, welche sich in Stanley gegenüber vom FIC West Store befindet.","Geld kann in der einzigen Bank auf den Inseln gewechselt werden, die sich in Stanley gegenüber dem FIC West-Geschäft befindet.",0.9239194393157959,0.9418728947639465,0.9328098297119141,0.9649198651313782,0.9766803979873657,0.9707645177841187
756,Britische Pfund werden in der Regel überall auf den Inseln akzeptiert und innerhalb von Stanley Kreditkarten und US-Dollar werden häufig akzept,Das Britische Pfund wird grundsätzlich überall auf den Inseln und bei Stanley-Kreditkarten akzeptiert. Auch US-Dollar werden häufig akzeptiert.,"Britische Pfund werden allgemein überall auf den Inseln akzeptiert, und in Stanley werden auch häufig Kreditkarten und US-Dollar akzeptiert.",0.871425986289978,0.8718181848526001,0.8716220855712891,0.8990211486816406,0.8988544344902039,0.8989377617835999
757,"Auf den abgelegenen Inseln werden Kreditkarten wahrscheinlich nicht akzeptiert, obwohl britische und US-amerikanische Währung genommen werden kann. Überprüf","Auf den abgelegenen Inseln werden Kreditkarten wahrscheinlich nicht akzeptiert, wobei jedoch britische und US-amerikanische Währung angenommen werden können; erkundigen Sie sich im Voraus bei den Eigentümern, welche Zahlungsmethode akzeptiert wird.","Auf den abgelegenen Inseln werden Kreditkarten wahrscheinlich nicht akzeptiert, obwohl britische und US-Währungen möglicherweise angenommen werden; fragen Sie im Voraus die Eigentümer, um herauszufinden, welche Zahlungsmethoden akzeptabel sind.",0.902908980846405,0.827921986579895,0.8637911677360535,0.8886821866035461,0.8101806044578552,0.8476176857948303
758,"Es ist nahezu unmöglich, Falklands Währung außerhalb der Inseln zu tauschen, so dass es Geld tauscht, bevor die Inseln verlassen.","Es ist beinahe unmöglich, die Währung der Falklandinseln außerhalb der Inseln selbst umzutauschen, daher sollten Sie das Geld vor der Abreise von der Insel umtauschen.x","Es ist nahezu unmöglich, die Währung der Falklandinseln außerhalb der Inseln umzutauschen, daher sollten Sie Geld vor dem Verlassen der Inseln wechseln.",0.8244067430496216,0.7930312156677246,0.80841463804245,0.8593948483467102,0.8381711840629578,0.848650336265564
759,"Da Montevideo südlich des quators liegt, ist es dort Sommer, wenn es Winter in der Nordhalbkugel und umgekehrt ist","Da Montevideo südlich des Äquators liegt, ist es dort Sommer, wenn es in der nördlichen Hemisphäre Winter ist und umgekehrt.","Da Montevideo südlich des Äquators liegt, ist dort Sommer, wenn im Nordhalbkugel Winter ist und umgekehrt.",0.893242597579956,0.8831417560577393,0.8881634473800659,0.884081244468689,0.8897366523742676,0.8868998885154724
760,Montevideo ist in den Subtropen; in den Sommermonaten sind Temperaturen über +30°C üblich.,Montevideo liegt in den Subtropen. In den Sommermonaten sind Temperaturen über +30 °C üblich.,Montevideo liegt in den Subtropen; in den Sommermonaten sind Temperaturen über +30°C häufig.,0.9670805931091309,0.9670805931091309,0.9670805931091309,0.9768993258476257,0.9768993258476257,0.9768993258476257
761,"Der Winter kann trügerisch kühl sein: Temperaturen gehen selten unter dem Eis, aber Wind und Feuchtigkeit vereinen sich, um es kühler zu","Der Winter kann trügerisch kühl sein: Die Temperaturen gehen selten unter den Gefrierpunkt, aber Wind und Feuchtigkeit führen dazu, dass es sich kälter anfühlt als das, was das Thermometer anzeigt.","Der Winter kann täuschend kalt sein: Die Temperaturen fallen selten unter den Gefrierpunkt, aber der Wind und die Feuchtigkeit sorgen dafür, dass es kälter erscheint, als es das Thermometer anzeigt.",0.8701589107513428,0.7771108150482178,0.8210069537162781,0.8413692116737366,0.7706954479217529,0.80448317527771
762,"Es gibt keine besonderen ""Zeit"" und ""trockenen"" Jahreszeiten: die Regenmenge bleibt rund das ganze Jahr über gleich.",Es gibt keine ausgeprägten Regen- oder Trockenzeiten: Die Niederschlagsmenge bleibt über das ganze Jahr in etwa gleich.,"Es gibt keine besonderen ""Regens"" und ""Trocken"" Jahreszeiten: Die Menge an Regen bleibt das ganze Jahr über ungefähr gleich.",0.8185685873031616,0.8131466507911682,0.8158485889434814,0.9146811962127686,0.9049900770187378,0.9098098278045654
763,"Obwohl viele Tiere im Park gewohnt sind, Menschen zu sehen, ist die Tierwelt trotzdem wild und sollte nicht gefüttert oder gestört werden.","Obwohl viele der Tiere im Park den Anblick von Menschen gewohnt sehen, sind die Wildtiere trotzdem wild und sollten nicht gefüttert oder gestört werden.","Obwohl viele der Tiere im Park daran gewöhnt sind, Menschen zu sehen, ist die Wildnis dennoch wild und sollte nicht gefüttert oder gestört werden.",0.9134164452552795,0.9064716696739197,0.9099308252334595,0.9421326518058777,0.9164519906044006,0.9291149377822876
764,Den Parkbeamten zufolge bleiben Sie mindestens 100 Meter/meter von Bären und Wölfen und 25 Meter/meter von allen anderen wilden Tieren entfernt!,Laut Anweisung der Parkbehörde sollen sich Besucher mindestens 100 Yard/Meter von Bären und Wölfen und 25 Yard/Meter von allen anderen wilden Tieren fernhalten!,Laut den Parkbehörden sollten Sie mindestens 100 Yards/Meter Abstand zu Bären und Wölfen und 25 Yards/Meter zu allen anderen Wildtieren halten!,0.9000626802444458,0.8677610754966736,0.8836168050765991,0.898868203163147,0.8851547241210938,0.8919587731361389
765,"Egal wie docile sie aussehen können, Bison, Elche, Elche, Bären und fast alle großen Tiere können angreifen.","Egal wie friedlich Bisons, Wapitis, Elche, Bären und praktisch alle großen Tiere wirken können, so kann es doch passieren, dass sie zum Angriff übergehen.","Egal wie zahm sie aussehen mögen, bisons, elche, amerikanische elche, bären und nahezu alle großen Tiere können angreifen.",0.8614153861999512,0.7818683981895447,0.8197165131568909,0.9068353176116943,0.8897285461425781,0.8982004523277283
766,"Jedes Jahr werden Dutzende von Besuchern verletzt, weil sie keine ordnungsgemäße Entfernung behalten, die große, wilde und potenziell gefährliche Tiere","Jedes Jahr werden Dutzende von Besuchern verletzt, weil sie nicht genug Abstand einhalten. Diese Tiere sind groß, wild und möglicherweise gefährlich, also lassen Sie ihnen ausreichend Platz.","Jedes Jahr verletzen sich Dutzende von Besuchern, weil sie keinen angemessenen Abstand halten. Diese Tiere sind groß, wild und potenziell gefährlich, also geben Sie ihnen ihren Raum.",0.8081083297729492,0.8122899532318115,0.8101937174797058,0.8279563784599304,0.807828962802887,0.8177688717842102
767,"Darüber hinaus sollten Sie sich bewusst sein, dass Geruch Bären und andere Tiere anzieht, so vermeiden Sie, geruchsarme Lebensmittel zu transportieren oder zu kochen","Seien Sie sich außerdem bewusst, dass Gerüche Bären und andere Wildtiere anziehen können. Vermeiden Sie es also, stark duftende Lebensmittel bei sich zu tragen oder zu kochen, und achten Sie auf ein sauberes Lager.","Zusätzlich sollten Sie sich bewusst sein, dass Gerüche Bären und andere Wildtiere anziehen. Vermeiden Sie daher, duftende Lebensmittel mitzunehmen oder zuzubereiten, und halten Sie Ihr Camp sauber.",0.8295962810516357,0.7873458862304688,0.8079190850257874,0.8308194875717163,0.8068693280220032,0.8186692595481873
768,Apia ist die Hauptstadt Samoas.,Apia ist die auf der Insel Upolu liegende Hauptstadt von Samoa und weist eine Einwohnerzahl von knapp unter 40.000 auf.,Apia ist die Hauptstadt von Samoa. Die Stadt befindet sich auf der Insel Upolu und hat eine Bevölkerung von knapp 40.000.,0.9190861582756042,0.7332094311714172,0.8156926035881042,0.9223212003707886,0.7595182061195374,0.8330399394035339
769,Apia wurde in den 1850er Jahren gegründet und ist seit 1959 offizielle Hauptstadt Samoas.,Apia wurde in den 50ern des 18. Jahrunderts gegründet und ist seit 1959 die offizielle Hauptstadt von Samoa.,Apia wurde in den 1850er Jahren gegründet und ist seit 1959 die offizielle Hauptstadt von Samoa.,0.9212508201599121,0.860484778881073,0.88983154296875,0.9780786633491516,0.971104085445404,0.974578857421875
770,"Der Hafen war der Ort eines berüchtigten Krieges im Jahre 1889, als sieben Schiffe aus Deutschland, den USA und Großbritannien sich weigerten,","Der Hafen war der Schauplatz eines unrühmlichen Patts der Marine im Jahr 1889, als sieben Schiffe aus Deutschland, den Vereinigten Staaten und Großbritannien sich weigerten, den Hafen zu verlassen.","Der Hafen war 1889 Schauplatz eines berüchtigten maritimen Stand-offs, als sieben Schiffe aus Deutschland, den USA und Großbritannien sich weigerten, den Hafen zu verlassen.",0.9027332067489624,0.8608967065811157,0.8813187479972839,0.9025764465332031,0.8648045063018799,0.8832868337631226
771,"Alle Schiffe wurden gesunken, mit Ausnahme eines britischen Kreuzfahrers, fast 200 amerikanische und deutsche Menschen wurden verloren.",Alle Schiffe mit Ausnahme eines britischen Kreuzers wurden versenkt. Fast 200 Amerikaner und Deutsche kamen ums Leben.,"Alle Schiffe wurden versenkt, mit Ausnahme eines britischen Kreuzers. Fast 200 amerikanische und deutsche Leben gingen verloren.",0.8576962351799011,0.8744168281555176,0.8659757971763611,0.9061505198478699,0.9199360013008118,0.9129912257194519
772,"Während des von der Mau-Bewegung organisierten Unabhängigkeitskampfes hat eine friedliche Zusammenkunft in der Stadt dazu geführt, dass der oberste Chef",Während des von der Mau-Bewegung organisierten Unabhängigkeitskampfes führte eine friedliche Versammlung in der Stadt zur Tötung des obersten Häuptlings Tupua Tamasese Lealofi III.,"Während des Unabhängigkeitskampfes, organisiert von der Mau-Bewegung, führte eine friedliche Versammlung in der Stadt zur Ermordung des obersten Chiefs Tupua Tamasese Lealofi III.",0.8713517189025879,0.7932922840118408,0.830491840839386,0.8468105792999268,0.7871111035346985,0.8158702254295349
773,"In Auckland gibt es viele Strände, die wegen der zwei Häfen, die am beliebtesten sind, in drei Gegenden liegen.","Da Auckland sich über zwei Häfen erstreckt, gibt es viele Strände. Die beliebtesten Strände befinden sich in drei Gebieten.","Es gibt viele Strände, da Auckland zwei Häfen umfasst. Die beliebtesten befinden sich in drei Regionen.",0.7952979803085327,0.8236767053604126,0.809238612651825,0.8008261919021606,0.8389431238174438,0.8194416761398315
774,Die Strände der Nordküste (im Bezirk North Harbour) liegen am Pazifik und reichen von Long Bay im Norden bis Devonport im Süden,Die Strände von North Shore (im Bezirk North Harbour) liegen am Pazifischen Ozean und erstrecken sich von Long Bay im Norden bis Devonport im Süden.,Die Strände der North Shore (im Stadtteil North Harbour) liegen am pazifischen Ozean und erstrecken sich von Long Bay im Norden bis Devonport im Süden.,0.9123530387878418,0.874108612537384,0.8928214907646179,0.9179784655570984,0.8764545917510986,0.8967360854148865
775,"Sie sind fast alle Sandstrände mit sicherem Schwimmen, und die meisten haben Schatten von pohutukawa Bäumen.","Fast alle sind Sandstrände mit sicheren Bademöglichkeiten und die meisten bieten Schatten, der von Pohutukawa-Bäumen gespendet wird.","Sie sind fast alle Sandstrände mit sicherem Schwimmen, und die meisten bieten Schatten von Pohutukawa-Bäumen.",0.8653425574302673,0.8245714902877808,0.8444652557373047,0.9824687838554382,0.9761254787445068,0.9792868494987488
776,"Die Strände von Tamaki Drive liegen am Waitemata Hafen, in den mächtigen Vororten von Mission Bay und St Heliers in Zentral Auckland.","Die Strände von Tamaki Drive befinden sich am Hafen von Waitemata, in den gehobenen Vororten Mission Bay sowie St. Heliers in Central Auckland.","Die Strände von Tamaki Drive liegen im Waitemata-Hafen, in den gehobenen Vororten von Mission Bay und St Heliers im Zentrum von Auckland.",0.9197943806648254,0.9187734723091125,0.9192836880683899,0.9491692185401917,0.9447697997093201,0.9469643831253052
777,"Es handelt sich um manchmal überfüllte Familienstrände mit einer guten Auswahl an Geschäften, die den Strand säumen.","Es gibt Familienstrände, die manchmal überlaufen sind, mit einer schönen Einkaufspromenade entlang der Küste. Das Schwimmen ist hier sicher.",Diese sind manchmal überfüllte Familienstrände mit einer guten Auswahl an Geschäften entlang des Ufers. Das Schwimmen ist sicher.,0.7867830991744995,0.7617274522781372,0.7740525603294373,0.847740113735199,0.8315881490707397,0.8395864963531494
778,"Das Hauptbier ist 'Number One', es ist kein komplexes Bier, sondern angenehm und erfrischend.","Das wichtigste lokale Bier ist „Number One“. Es ist kein komplexes Bier, aber angenehm und erfrischend. Das andere lokale Bier heißt „Manta“.","Das Hauptlokalbier ist 'Nummer Eins', es ist kein komplexes Bier, sondern angenehm und erfrischend. Das andere lokale Bier heißt ""Manta"".",0.888157844543457,0.8472864627838135,0.8672409057617188,0.9463635683059692,0.8923854827880859,0.9185822606086731
779,"Es gibt viele französische Weine, aber die Neuseeland- und australischen Weine könnten besser reisen.","Es gibt viele französische Weine zu trinken, aber die neuseeländischen und australischen Weine sind vielleicht besser verträglich.","Es gibt viele französische Weine, aber die Weine aus Neuseeland und Australien könnten besser transportierbar sein.",0.9040680527687073,0.8490555882453918,0.8756986856460571,0.9180037975311279,0.9070549607276917,0.9124966263771057
780,"Das lokale Hähnwasser ist absolut sicher zu trinken, aber abgefülltes Wasser ist leicht zu finden, wenn Sie Angst haben.","Das örtliche Leitungswasser kann man bedenkenlos trinken, aber wenn Sie sich Sorgen machen, finden Sie auch problemlos abgefülltes Wasser.","Das örtliche Leitungswasser ist völlig sicher zu trinken, aber Flaschenwasser ist leicht zu finden, falls Sie Angst haben.",0.8110032081604004,0.7930426597595215,0.8019223809242249,0.8908550143241882,0.8935126066207886,0.8921818137168884
781,"In den meisten Australiern gibt es einen Kaffee mit schwarzem schwarzem 'espresso', Cappuccino mit Creme (nicht","""Für Australier ist die Idee des Kaffees """"Flat White"""" fremd. Ein kleiner Schwarzer ist """"Espresso"""", Cappuccino wird hoch mit Sahne (nicht mit Schaum) aufgefüllt und Tee wird ohne Milch serviert.""","Für Australier ist die Vorstellung von 'flat white' Kaffee fremd. Ein kurzer schwarzer Kaffee ist 'Espresso', Cappuccino wird hoch mit Sahne (nicht Schaum) serviert, und Tee wird ohne Milch gereicht.",0.7520456314086914,0.6950219869613647,0.722410261631012,0.8006809949874878,0.7410045862197876,0.7696877717971802
782,"Die heiße Schokolade entspricht den belgischen Standards, die Fruchtsäfte sind preiswert, aber exzellent.","Die heiße Schokolade entspricht belgischen Standards. Fruchtsäfte sind zwar teuer, aber hervorragend.","Die heiße Schokolade entspricht belgischen Standards. Fruchtsäfte sind teuer, aber ausgezeichnet.",0.8906536102294922,0.9018885493278503,0.8962358236312866,0.891345739364624,0.9262052774429321,0.9084412455558777
783,"Viele Ausflüge zum Riff werden das ganze Jahr über durchgeführt, und Verletzungen aufgrund dieser Ursachen auf dem Riff sind selten.",Viele Reisen zum Riff finden das ganze Jahr hindurch statt und Verletzungen aufgrund irgendeiner dieser Ursachen auf dem Riff sind selten.x,"Viele Ausflüge zum Riff werden das ganze Jahr über unternommen, und Verletzungen aufgrund dieser Ursachen am Riff sind selten.",0.893396258354187,0.8789231777191162,0.8861006498336792,0.982734203338623,0.9817745089530945,0.9822540879249573
784,"Dennoch sollten Sie Ratschläge von den Behörden ergreifen, allen Zeichen folgen und den Sicherheitswarnungen große Aufmerksamkeit schenken.","Dennoch sollten Sie den Rat von Behörden befolgen, alle Schilder beachten und insbesondere Augenmerk auf Sicherheitswarnungen richten.","Dennoch sollten Sie die Ratschläge von Behörden befolgen, alle Schilder beachten und besondere Aufmerksamkeit auf Sicherheitshinweise legen.",0.8256959915161133,0.8352058529853821,0.8304237127304077,0.844475269317627,0.8499083518981934,0.847183108329773
785,Von Oktober bis April nördlich des Flusses 1770 finden sich Boxengelees in der Nähe von Stränden und in der Nähe von Flussmü,Würfelquallen treten in Strandnähe und in der Nähe von Flussmündungen von Oktober bis April nördlich von 1770 auf. Sie können gelegentlich auch außerhalb dieses Zeitraums vorkommen.,Die Würfelquallen sind von Oktober bis April nördlich von 1770 in der Nähe von Stränden und Flussmündungen anzutreffen. Gelegentlich können sie auch außerhalb dieser Zeiten gefunden werden.,0.7553317546844482,0.7091364860534668,0.7315055727958679,0.7792003154754639,0.717241644859314,0.7469382882118225
786,Die meisten Haie haben Angst vor Menschen und schwimmen weg.,"Haie existieren, aber sie greifen selten Menschen an. Die meisten Haie haben Angst vor Menschen und würden wegschwimmen.","Haie existieren tatsächlich, jedoch greifen sie selten Menschen an. Die meisten Haie haben Angst vor Menschen und schwimmen weg.",0.9211680293083191,0.8412602543830872,0.8794026374816895,0.9631005525588989,0.8569416999816895,0.9069251418113708
787,"Saltwater Crocodile leben nicht aktiv im Ozean, ihr primärer Lebensraum liegt in den Flussmünden nördlich von Rockhampton.","Salzwasserkrokodile leben nicht aktiv im Meer, ihr primärer Lebensraum ist in Flussmündungen nördlich von Rockhampton.",Salzwasserkrokodile leben nicht aktiv im Ozean; ihr Hauptlebensraum befindet sich in Flussmündungen nördlich von Rockhampton.,0.9028381109237671,0.9070724248886108,0.9049503207206726,0.8910675048828125,0.8882846236228943,0.8896738290786743
788,"Die Buchung im Voraus gibt dem Reisenden die Ruhe, dass er irgendwo schlafen kann, sobald er an seinem Ziel ankommt.","Eine Buchung im Voraus gibt dem Reisenden die Gewissheit, dass er nach seiner Ankunft am Zielort einen Platz zum Übernachten hat.","Die Buchung im Voraus gibt dem Reisenden die Gewissheit, dass er einen Ort zum Schlafen hat, sobald er an seinem Ziel ankommt.",0.8286380171775818,0.8356270790100098,0.8321177959442139,0.9189394116401672,0.9191495776176453,0.9190444946289062
789,"Reisebüros haben oft Deals mit bestimmten Hotels, obwohl es möglich ist, andere Formen der Unterkunft, wie Campingplätze, über einen Reisebüro zu buchen","Reiseagenturen haben oft Abmachungen mit spezifischen Hotels, obwohl Sie vielleicht auch andere Unterbringungsformen, wie zum Beispiel Zeltplätze, durch eine Reiseagentur buchen können.x","Reisebüros haben oft Vereinbarungen mit bestimmten Hotels, obwohl es möglich sein kann, auch andere Übernachtungsarten wie Campingplätze über ein Reisebüro zu buchen.",0.8094308972358704,0.8015748858451843,0.8054837584495544,0.9008262157440186,0.8951668739318848,0.8979876637458801
790,"Reisebüros bieten in der Regel Pakete an, die Frühstück, Transportvorkehrungen zum/von Flughafen oder sogar kombinierte Flug- und Hotelpakete enthalten.","Reisebüros bieten üblicherweise Pakete an, bei denen Frühstück, Transport zum und vom Flughafen oder sogar eine Kombination von Flug und Hotel inbegriffen sind.","Reisebüros bieten normalerweise Pauschalangebote an, die Frühstück, Transportarrangements zum/vom Flughafen oder sogar kombinierte Flug- und Hotelpakete umfassen.",0.8714601397514343,0.8759114146232605,0.8736801147460938,0.9394009113311768,0.9274018406867981,0.9333628416061401
791,"Sie können auch die Reservierung für Sie halten, wenn Sie Zeit brauchen, um über das Angebot nachzudenken oder andere Dokumente für Ihr Ziel (z.B. Visa) zu","Sie können Ihre Reservierung auch für Sie zurückhalten, falls Sie Zeit benötigen, das Angebot zu überdenken oder um weitere Dokumente für Ihr Reiseziel (z.B. Visa) zu beschaffen.","Sie können die Reservierung auch für Sie halten, wenn Sie Zeit benötigen, um über das Angebot nachzudenken oder andere Dokumente für Ihr Reiseziel zu besorgen (z.B. ein Visum).",0.8863142728805542,0.8562823534011841,0.8710395097732544,0.9217488169670105,0.8877731561660767,0.9044420719146729
792,nderungsanträge oder Anfragen sollten jedoch zuerst über den Reisebüro geleitet werden und nicht direkt mit dem Hotel.,Jegliche Änderungen oder Anfragen sollten jedoch zuerst an das Reisebüro und nicht direkt an das Hotel gerichtet werden.,Jegliche Änderungen oder Anfragen sollten jedoch zuerst über das Reisebüro und nicht direkt mit dem Hotel erfolgen.,0.8669490218162537,0.8823423385620117,0.8745778799057007,0.8874353170394897,0.9148388504981995,0.9009287357330322
793,"Bei einigen Festivals entscheidet sich die überwiegende Mehrheit der Angestellten für Musikfestivals, vor Ort zu campieren, und die meisten Angestellten halten es für","Bei manchen Festivals entscheidet sich die große Mehrheit der Festivalbesucher, vor Ort zu kampieren, und die meisten Besucher halten dies für einen wichtigen Bestandteil der Erfahrung.","Für einige Festivals entscheidet sich die überwältigende Mehrheit der Teilnehmer von Musikfestivals, vor Ort zu campen, und die meisten Teilnehmer betrachten es als einen wesentlichen Teil des Erlebnisses.",0.8480410575866699,0.8289850950241089,0.8384048342704773,0.8680367469787598,0.8058035373687744,0.8357632160186768
794,"Wenn Sie nahe an der Aktion sein wollen, müssen Sie früh einsteigen, um einen Campingplatz in der Nähe der Musik zu bekommen.","Wenn Sie nahe am Geschehen sein wollen, müssen Sie früh hingehen, um einen Campingplatz in der Nähe der Musik zu bekommen.","Wenn du in der Nähe des Geschehens sein möchtest, musst du frühzeitig ein Campingplatz in der Nähe der Musik reservieren.",0.9557938575744629,0.9531546831130981,0.9544724225997925,0.8261022567749023,0.8310002088546753,0.8285439610481262
795,"Denken Sie daran, dass, obwohl die Musik auf den Hauptbühnen möglicherweise beendet ist, es Abschnitte des Festivals geben kann, die Musik bis spät","Denken Sie daran, dass auf Teilen des Festivals noch bis spät in die Nacht Musik gespielt wird, auch wenn die Musik auf den Hauptbühnen schon aufgehört hat.","Denke daran, dass auch wenn die Musik auf den Hauptbühnen beendet ist, es möglicherweise Bereiche des Festivals gibt, die bis spät in die Nacht weiter Musik spielen werden.",0.8307212591171265,0.8135921359062195,0.8220674991607666,0.8567419052124023,0.8348283767700195,0.845643162727356
796,Einige Festivals haben spezielle Campingplätze für Familien mit kleinen Kindern.,Manche Festivals haben spezielle Campingbereiche für Familien mit kleinen Kindern.,Einige Festivals haben spezielle Campingbereiche für Familien mit kleinen Kindern.,0.9726673364639282,0.9649204015731812,0.9687783718109131,0.9798119068145752,0.9720423221588135,0.9759116172790527
797,"Wenn Sie die Nordsee im Winter überqueren, überprüfen Sie die Lage der Kabine, da durch Eis ziemlich schreckliche Lärm für die am meisten Betroffenen verursacht.","Wenn Sie im Winter die nördliche Ostsee überqueren, überprüfen Sie die Lage der Kabine, da das Durchbrechen von Eis für die am stärksten Betroffenen ziemlich schrecklichen Lärm verursacht.","Wenn Sie den nördlichen Ostsee im Winter überqueren, überprüfen Sie den Standort der Kabine, da das Durchfahren von Eis für die am stärksten Betroffenen ziemlich schreckliche Geräusche verursacht.",0.9497907757759094,0.9232274889945984,0.9363207817077637,0.9266268014907837,0.9006649255752563,0.9134613871574402
798,"Sankt Petersburg ist die Hauptstadt von Sankt Petersburg, die von der Visumpflicht befreit ist.",Die Kreuzfahrten nach Sankt Petersburg bieten auch Zeit für einen Aufenthalt in der Stadt. Kreuzfahrtpassagiere sind von der Visumpflicht befreit (siehe Bedingungen).,Kreuzfahrten in Sankt Petersburg beinhalten Zeit in der Stadt. Kreuzfahrtpassagiere sind von den Visumspflichten befreit (Überprüfen Sie die Bedingungen).,0.8440943360328674,0.7356711626052856,0.7861620187759399,0.8077332973480225,0.7170685529708862,0.7597054839134216
799,"Casinos unternehmen in der Regel viele Anstrengungen, um die Zeit und das Geld der Gäste zu maximieren.","Kasinos bemühen sich in der Regel sehr darum, Gäste möglichst lange vor Ort zu halten und viel Geld ausgeben zu lassen. Es gibt in der Regel weder Fenster noch Uhren, und Ausgänge sind manchmal schwer auffindbar.","Casinos unternehmen normalerweise viele Anstrengungen, um die von den Gästen verbrachte Zeit und das ausgegebene Geld zu maximieren. Fenster und Uhren sind in der Regel abwesend, und Ausgänge können schwer zu finden sein.",0.771440863609314,0.7309973239898682,0.7506747841835022,0.9174766540527344,0.8082637786865234,0.8594144582748413
800,"In der Regel haben sie spezielle Speisen, Getränke und Unterhaltungsangebote, um die Gäste in einer guten Stimmung zu halten und sie an der Rezeption zu halten.","Sie haben normalerweise ein besonderes Angebot an Speisen, Getränken und Unterhaltung, um die Gäste bei Laune zu halten und dafür zu sorgen, dass sie bleiben.","Sie haben normalerweise spezielle Angebote für Essen, Getränke und Unterhaltung, um die Gäste in guter Stimmung zu halten und sie zum Verweilen im Haus zu bewegen.",0.844165563583374,0.8459458947181702,0.8450548648834229,0.8777452707290649,0.8810049891471863,0.8793721199035645
801,"Einige Lokale bieten alkoholische Getränke auf dem Haus, aber die Betrunkenheit beeinträchtigt das Urteil, und alle guten Spieler wissen","Einige Spielstätten bieten alkoholische Getränke kostenfrei an. Trunkenheit beeinträchtigt jedoch das Urteilsvermögen, und allen guten Spielern ist klar, wie wichtig es ist, nüchtern zu bleiben.","Einige Veranstaltungsorte bieten alkoholische Getränke aufs Haus an. Allerdings beeinträchtigt Trunkenheit das Urteilsvermögen, und alle guten Spieler wissen, wie wichtig es ist, nüchtern zu bleiben.",0.858372688293457,0.7813023328781128,0.8180261850357056,0.884942352771759,0.8035397529602051,0.8422788381576538
802,"Jeder, der in hohen Breiten oder über Bergpässe fahren will, sollte die Möglichkeit von Schnee, Eis oder eingefrorenen Temperaturen in Betracht ziehen.","Wer in hohen Breiten oder über Gebirgspässe fahren will, sollte mit Schnee, Eis und Temperaturen unter dem Gefrierpunkt rechnen.","Jeder, der in hohen Breitengraden oder über Bergpässe fahren möchte, sollte die Möglichkeit von Schnee, Eis oder frostigen Temperaturen in Betracht ziehen.",0.8483266830444336,0.8576568365097046,0.8529662489891052,0.9572666883468628,0.9638643264770508,0.9605541825294495
803,"Auf eisigen und schneebedeckten Straßen ist die Reibung niedrig und man kann nicht so fahren, als ob man auf barem Asphalt","Auf vereisten und verschneiten Straßen ist die Haftung gering und man kann nicht fahren, als befinde man sich auf nacktem Asphalt.","Auf eisigen und schneebedeckten Straßen ist die Reibung gering, und man kann nicht fahren, als wäre man auf bloßem Asphalt.",0.8361506462097168,0.8266817927360535,0.8313892483711243,0.908433198928833,0.9086092114448547,0.9085212349891663
804,"Während der Schneestürme kann es in sehr kurzer Zeit genügend Schnee geben, um dich festzuhalten.","Bei Schneestürmen kann in sehr kurzer Zeit so viel Schnee fallen, dass man sich festfahren kann.","Während Schneestürme genug Schnee fallen können, um dich in sehr kurzer Zeit festzusetzen.",0.8382522463798523,0.855934202671051,0.8470009565353394,0.843757688999176,0.8730847835540771,0.858170747756958
805,"Die Visibilität kann auch eingeschränkt werden, wenn Schnee fällt oder bläst, oder durch Kondensation oder Eis auf Fahrzeugfenstern.",Die Sichtweite kann auch durch fallenden oder umherwehenden Schnee oder durch Kondensation oder Eis auf den Fahrzeugfenstern beeinträchtigt werden.x,Die Sicht kann auch durch fallenden oder wehenden Schnee oder durch Kondensation oder Eis auf den Fahrzeugfenstern eingeschränkt sein.,0.8103034496307373,0.8022338151931763,0.8062484860420227,0.8611661791801453,0.8744223117828369,0.8677435517311096
806,"Auf der anderen Seite sind eisige und schneebedeckte Bedingungen in vielen Ländern normal, und der Verkehr dauert überwiegend das ganze Jahr über","Auf der anderen Seite sind eisige und schneereiche Bedingungen in vielen Ländern normal, und der Verkehr läuft das ganze Jahr über größtenteils ununterbrochen weiter.","Andererseits sind eisige und schneereiche Bedingungen in vielen Ländern normal, und der Verkehr verläuft das ganze Jahr über meist ununterbrochen.",0.9214061498641968,0.8936268091201782,0.9073038697242737,0.8792428970336914,0.8659301996231079,0.872535765171051
807,Safaris sind vielleicht die größte Touristenattraktion in Afrika und das Highlight für viele Besucher.,Safaris sind vielleicht die größte Touristenattraktion in Afrika und der Höhepunkt für viele Besucher.,Safaris sind vielleicht die größte Touristenattraktion in Afrika und das Highlight für viele Besucher.,0.9656299352645874,0.9757382273674011,0.9706577658653259,1.0,1.0,1.0
808,"Der Begriff Safari in populärer Verwendung bezieht sich auf Überlandreisen, um die atemberaubende afrikanische Tierwelt zu bewundern, insbesondere","Der Begriff Safari bezeichnet im üblichen Sprachgebrauch eine Landreise, um die überwältigende afrikanische Tierwelt zu beobachten, besonders in der Savanne.","Der Begriff Safari, der in der Umgangssprache verwendet wird, bezieht sich auf Reisen über Land, um die beeindruckende afrikanische Tierwelt, insbesondere in der Savanne, zu beobachten.",0.8379093408584595,0.8238948583602905,0.8308430314064026,0.8450776934623718,0.8187892436981201,0.8317257761955261
809,"Einige Tiere, wie Elefanten und Giraffen, neigen dazu, sich eng an Autos anzunähern, und die Standardausrüstung ermöglicht eine gute","Einige Tiere, wie Elefanten und Giraffen, neigen dazu, sich dicht an Autos anzunähern, und die Standardausrüstung ermöglicht eine gute Sicht.","Einige Tiere, wie Elefanten und Giraffen, neigen dazu, sich nahe an Autos zu nähern, und die Standardausstattung ermöglicht eine gute Sicht.",0.9558467864990234,0.9395139217376709,0.9476099610328674,0.9177137017250061,0.9111980199813843,0.9144442081451416
810,"Löwen, Cheetahs und Leoparden sind manchmal schüchtern und Sie werden sie besser mit Binoculars sehen.","Löwen, Geparden und Leoparden sind oft scheu und Sie können sie mit einem Fernglas besser beobachten.","Löwen, Geparden und Leoparden sind manchmal scheu und Sie werden sie besser mit einem Fernglas sehen können.",0.8612668514251709,0.8585761785507202,0.8599194288253784,0.8850603103637695,0.8905219435691833,0.8877826929092407
811,"Eine Wandersafari (auch als ""Busse-Walk"" bezeichnet) besteht aus Wanderungen, entweder für einige Stunden oder mehrere Tage.","Eine Fußsafari (auch „Buschgang“, „Wandersafari“ oder „Footing“ genannt) besteht aus einer Wanderung, die entweder ein paar Stunden oder mehrere Tage dauert.","Eine Wanderung im Safari-Stil (auch „Buschwanderung“, „Wander-Safari“ oder „zu Fuß gehen“ genannt) besteht aus Wandern, entweder für ein paar Stunden oder mehrere Tage.",0.8488894701004028,0.8088855743408203,0.8284048438072205,0.8617479801177979,0.8064724206924438,0.8331944346427917
812,Die Paralympischen Spiele finden vom 24. August bis 5. September 2021 statt.,Die Paralympics werden vom 24. August bis 5. September 2021 stattfinden. Einige Veranstaltungen werden an anderen Orten in ganz Japan abgehalten.,Die Paralympischen Spiele finden vom 24. August bis 5. September 2021 statt. Einige Veranstaltungen werden an anderen Standorten in Japan abgehalten.,0.9289281964302063,0.8328343033790588,0.8782605528831482,0.965011477470398,0.8568703532218933,0.9077315330505371
813,"Tokyo wird die einzige asiatische Stadt sein, die zwei Sommerolympiaden veranstaltet hat, nachdem sie 1964 die Spiele veranstaltet hat.","Tokio wird die einzige asiatische Stadt sein, die zwei olympische Sommerspiele ausgerichtet hat, nachdem sie bereits 1964 Austragungsort der Spiele war.","Tokio wird die einzige asiatische Stadt sein, die zwei Sommerolympiaden ausgerichtet hat, nachdem sie die Spiele 1964 ausgerichtet hat.",0.9134745597839355,0.9015847444534302,0.9074907302856445,0.956276535987854,0.9657908082008362,0.9610100388526917
814,"Wenn Sie Ihre Flüge und Unterkünfte für 2020 gebucht haben, bevor die Verschiebung angekündigt wurde, könnten Sie eine schwierige Situation haben","Wenn Sie Ihre Flüge und Unterkünfte für das Jahr 2020 gebucht haben, bevor die Verschiebung angekündigt wurde, könnten Sie in eine schwierige Situation geraten.","Wenn Sie Ihre Flüge und Unterkünfte für 2020 gebucht haben, bevor die Verschiebung angekündigt wurde, könnten Sie in einer schwierigen Situation sein.",0.9428852200508118,0.9134875535964966,0.9279536008834839,0.9486709833145142,0.937513530254364,0.9430593252182007
815,"Die Stornierungsrichtlinien sind unterschiedlich, aber ab Ende März verlängern sich die meisten Koronavirus-basierten Stornierungsrichtlini","Die Stornierungsrichtlinien variieren, aber ab Ende März galten die meisten Stornierungsrichtlinien wegen des Coronavirus nicht bis zum Juli 2020, für den die Olympischen Spiele geplant waren.","Die Stornierungsbedingungen variieren, aber seit Ende März gelten die meisten stornobedingungen aufgrund des Coronavirus nicht bis Juli 2020, als die Olympischen Spiele geplant waren.",0.8317318558692932,0.7840178608894348,0.8071703314781189,0.7857822179794312,0.7568982243537903,0.7710697650909424
816,"Es wird erwartet, dass die meisten Tickets zwischen 2.500 und 130,000  kosten werden, während typische Tickets rund 7.000  kosten.","Man geht davon aus, dass die meisten Tickets für die Veranstaltung zwischen 2.500¥ und 130.000¥ kosten werden, ein durchschnittliches Ticket ungefähr 7.000¥.","Es wird erwartet, dass die meisten Veranstaltungstickets zwischen ¥2.500 und ¥130.000 kosten, wobei typische Tickets etwa ¥7.000 kosten.",0.8678271770477295,0.8241450786590576,0.8454222679138184,0.9115270376205444,0.8698123097419739,0.8901811838150024
817,"Das Hotel verfügt über ein Bügeleisen- und Bügelbrett, auch wenn es im Zimmer nicht vorhanden ist.","Feuchte Kleidung zu bügeln kann beim Trocknen helfen. Viele Hotels verleihen Bügeleisen und Bügelbrett, auch wenn man man nicht im Zimmer anwesend ist.","Das Bügeln von feuchten Kleidungsstücken kann helfen, sie zu trocknen. Viele Hotels haben ein Bügeleisen und ein Bügelbrett zur Ausleihe verfügbar, auch wenn keines im Zimmer vorhanden ist.",0.8075928688049316,0.7255621552467346,0.76438307762146,0.8232590556144714,0.7014113664627075,0.7574663162231445
818,"Wenn ein Bügeleisen nicht verfügbar ist, oder wenn Sie nicht Lust haben, eiserne Socken zu tragen, dann können Sie versuchen, einen Haartrockner zu","Wenn kein Bügeleisen verfügbar ist oder man keine gebügelten Socken tragen will, kann man versuchen, einen Föhn zu verwenden, falls einer vorhanden ist.","Wenn kein Bügeleisen verfügbar ist oder wenn Sie keine gebügelten Socken tragen möchten, können Sie versuchen, einen Haartrockner zu verwenden, falls vorhanden.",0.8185804486274719,0.8221763372421265,0.8203744292259216,0.8750945329666138,0.8651223182678223,0.8700798749923706
819,"Seien Sie vorsichtig, nicht zuzulassen, dass das Gewebe zu heiß wird (was zu Schrumpfen oder in extremen Fällen, Verknappung).","Geben Sie acht, dass der Stoff nicht zu heiß wird (das kann ihn schrumpfen lassen oder in extremen Fällen zu Verbrennungen führen).","Seien Sie vorsichtig, dass der Stoff nicht zu heiß wird (was zu Schrumpfung führen kann oder im Extremfall zu Verbrennungen).",0.8097128868103027,0.8229310512542725,0.8162684440612793,0.8688272833824158,0.8868166208267212,0.8777298331260681
820,"Es gibt verschiedene Möglichkeiten, Wasser zu reinigen, einige wirksamer gegen spezifische Bedrohungen.","Zur Reinigung von Wasser gibt es verschiedene Verfahren. Einige davon erweisen sich als wirksamer, um bestimmten Gefahren entgegenzuwirken.","Es gibt verschiedene Möglichkeiten, Wasser zu reinigen, einige sind effektiver gegen spezifische Bedrohungen.",0.7947241067886353,0.7609017491340637,0.7774451971054077,0.9551505446434021,0.9558983445167542,0.9555242657661438
821,"In einigen Bereichen kochen Wasser für eine Minute ist genug, in anderen sind mehrere Minuten erforderlich.","In einigen Gebieten genügt es, Wasser eine Minute lang abzukochen, in anderen müssen es mehrere Minuten sein.","In einigen Bereichen reicht es aus, Wasser eine Minute lang zu kochen, in anderen sind mehrere Minuten erforderlich.",0.8609470129013062,0.8188492655754089,0.8393706679344177,0.8934574723243713,0.8667181134223938,0.8798847198486328
822,"Filter unterscheiden sich in ihrer Wirksamkeit und sollten Sie sich Sorgen machen, sollten Sie sich überlegen, Ihr Wasser in einer versiegelten Flasche von einem","Die Wirksamkeit von Filtern variiert stark, und wenn Sie Bedenken haben, dann sollten Sie erwägen, Ihr Wasser in einer versiegelten Flasche von einem seriösen Unternehmen zu kaufen.","Filter variieren in ihrer Effektivität, und sollten Sie Bedenken haben, sollten Sie in Betracht ziehen, Ihr Wasser in einer versiegelten Flasche von einem seriösen Unternehmen zu kaufen.",0.776826798915863,0.7386231422424316,0.7572433948516846,0.8187116384506226,0.7792809009552002,0.7985097765922546
823,"Reisende können Tierschädlinge auftreten, mit denen sie in ihren Heimatregionen nicht vertraut sind.","Reisende können auf tierische Schädlinge stoßen, die sie aus ihren Heimatregionen nicht kennen.","Reisende können auf Tier-Schädlinge stoßen, mit denen sie in ihren Heimatregionen nicht vertraut sind.",0.8700807690620422,0.8774775862693787,0.8737635016441345,0.9572634100914001,0.9239397644996643,0.9403064250946045
824,"Schädlinge können Nahrung vergiften, Irritationen verursachen oder in einem schlimmeren Fall allergische Reaktionen verursachen, Krebs verbreite","Ungeziefer kann Nahrungsmittel zerstören, Reizungen hervorrufen oder schlimmstenfalls sogar allergische Reaktionen auslösen, Gift verabreichen oder Krankheiten übertragen.","Schädlinge können Lebensmittel verderben, Irritationen verursachen oder im schlimmsten Fall allergische Reaktionen hervorrufen, Gift verbreiten oder Infektionen übertragen.",0.7880721688270569,0.7883155345916748,0.7881938815116882,0.8884495496749878,0.8732436895370483,0.8807809948921204
825,"Infektionskrankheiten selbst oder gefährliche Tiere, die Menschen mit Gewalt verletzen oder töten können, sind normalerweise nicht als Schädlinge qualifiziert","Infektionskrankheiten als solche oder gefährliche Tiere, die Menschen mit Gewalt verletzen oder töten können, werden gewöhnlich nicht als Ungeziefer eingestuft.","Infektiöse Krankheiten selbst oder gefährliche Tiere, die Menschen mit Gewalt verletzen oder töten können, gelten normalerweise nicht als Schädlinge.",0.9123843908309937,0.9013134241104126,0.9068151116371155,0.9475814700126648,0.9574762582778931,0.9525032043457031
826,"Duty free shopping ist die Möglichkeit, an bestimmten Orten Waren zu kaufen, die von Steuern und Verbrauchssteuern befreit sind.","Zollfreies Einkaufen ist die Möglichkeit, Waren zu kaufen, die an bestimmten Orten von Abgaben und Verbrauchssteuern befreit sind.","Duty-Free-Einkäufe sind die Möglichkeit, Waren an bestimmten Orten zu erwerben, die von Steuern und Abgaben befreit sind.",0.9221603870391846,0.9016531705856323,0.9117914438247681,0.8911125659942627,0.8862969875335693,0.8886982798576355
827,"Reisende, die für Länder mit hoher Besteuerung gebunden sind, können manchmal beträchtliche Summen sparen, insbesondere für Produkte wie alko","Reisende, deren Zielland eine hohe Besteuerung aufweist, können manchmal eine beträchtliche Menge an Geld sparen, insbesondere bei Produkten wie alkoholischen Getränken und Tabak.","Reisende, die in Länder mit hoher Besteuerung unterwegs sind, können manchmal eine erhebliche Menge Geld sparen, insbesondere bei Produkten wie Alkohol und Tabak.",0.8486289381980896,0.815983772277832,0.8319862484931946,0.8641302585601807,0.8573805093765259,0.8607421517372131
828,"Die Strecke zwischen Point Marion und Fairmont stellt die anspruchsvollsten Fahrbedingungen auf der Buffalo-Pittsburgh-Autobahn dar, die häufig durch isolierte Hinter","Der Abschnitt zwischen Point Marion und Fairmount auf dem Highway Buffalo-Pittsburgh ist die wohl größte fahrerische Herausforderung, da er häufig durch entlegenes, unerschlossenes Gelände führt.",Der Abschnitt zwischen Point Marion und Fairmont weist die herausforderndsten Fahrbedingungen auf der Buffalo-Pittsburgh Highway auf und führt häufig durch abgelegene Waldgebiete.,0.7649489641189575,0.759169340133667,0.7620481848716736,0.8249900341033936,0.825894832611084,0.8254421949386597
829,"Wenn Sie nicht daran gewöhnt sind, auf Landstraßen zu fahren, behalten Sie Ihren Mut vor: steile Sorten, enge Gänge und","Wenn Sie es nicht gewohnt sind, auf Landstraßen zu fahren, bleiben Sie achtsam: steiles Gefälle, enge Fahrbahnen und scharfe Kurven überwiegen hier.","Wenn Sie nicht daran gewöhnt sind, auf Landstraßen zu fahren, seien Sie wachsam: steile Hänge, enge Fahrbahnen und scharfe Kurven prägen das Bild.",0.8025683760643005,0.7806305885314941,0.7914474606513977,0.8332368731498718,0.8078610897064209,0.8203527331352234
830,Die angegebenen Geschwindigkeitsbegrenzungen sind deutlich niedriger als in früheren und späteren Abschnitten – meist 35-40 mph (56-64 km/h) –,Die angegebenen Geschwindigkeitsbegrenzungen sind merklich niedriger als in den vorhergehenden und nachfolgenden Abschnitten - in der Regel 35-40 mph (56-64 km/h) - und ihre strikte Einhaltung ist noch wichtiger als sonst.,Die ausgeschilderten Geschwindigkeitsbegrenzungen sind deutlich niedriger als in vorherigen und nachfolgenden Abschnitten – in der Regel 35-40 mph (56-64 km/h) – und die strikte Befolgung dieser Begrenzungen ist noch wichtiger als sonst.,0.9110817909240723,0.8454310894012451,0.8770295977592468,0.9251599311828613,0.8383452892303467,0.8796157240867615
831,"Allerdings ist der Mobiltelefondienst hier viel stärker als auf vielen anderen Strecken, z.B. den Pennsylvania Wilds.","Doch interessanterweise ist die Mobilfunkabdeckung hier viel besser als in vielen anderen Bereichen der Strecke, z. B. den Pennsylvania Wilds.","Neugierigerweise ist der Handyempfang hier jedoch viel besser als entlang vieler anderer Abschnitte der Route, z.B. den Pennsylvania Wilds.",0.9209668040275574,0.8822142481803894,0.9011741280555725,0.8817155361175537,0.8551236391067505,0.8682160377502441
832,"Die deutschen Gebäcksorte sind recht gut und in Bayern reich und vielfältig, ähnlich denen ihres südlichen Nachbarn, sterreich.","Deutsche Backwaren sind recht lecker. In Bayern sind sie recht gehaltvoll und abwechslungsreich, ebenso wie beim südlichen Nachbarn Österreich.","Deutsche Gebäckwaren sind ziemlich gut, und in Bayern sind sie ziemlich reichhaltig und vielfältig, ähnlich wie die unserer südlichen Nachbarn, Österreich.",0.7819268107414246,0.7774658203125,0.7796899080276489,0.8630750775337219,0.8382843136787415,0.8504990339279175
833,Im Sommer werden Kirschen und Pflaumen gekocht.,"Obstgebäck ist weit verbreitet, wobei Äpfel das ganze Jahr über zu Gebäck verkocht werden und Kirschen und Pflaumen im Sommer verwendet werden.","Obstgebäck ist weit verbreitet, mit Äpfeln, die ganzjährig in Gebäck verarbeitet werden, und Kirschen sowie Pflaumen, die im Sommer auftreten.",0.8749030232429504,0.7580780982971191,0.8123117685317993,0.8337266445159912,0.7132433652877808,0.7687931656837463
834,"Viele deutsche Backwaren sind mit Mandeln, Haselnüssen und anderen Baumnüssen ausgestattet.","Viele deutsche Backwaren beinhalten außerdem Mandeln, Haselnüsse oder andere Nüsse. Beliebte Kuchen passen häufig besonders gut zu einer Tasse starken Kaffees.","Viele deutsche Backwaren enthalten auch Mandeln, Haselnüsse und andere Baum-nüsse. Beliebte Kuchen harmonieren oft besonders gut mit einer Tasse starkem Kaffee.",0.8649258017539978,0.7846783399581909,0.822850227355957,0.8734998106956482,0.7845453023910522,0.8266363739967346
835,"Wenn Sie ein paar kleine, aber reiche Gebäck wollen, probieren Sie, was je nach Region als Berliner, Pfannkuchen oder Krapfen bezeichnet wird.","Wenn Sie kleine, aber reichhaltige Backwaren herstellen wollen, dann probieren Sie das, was je nach Region als Berliner, Pfannkuchen oder Krapfen bezeichnet wird.","Wenn Sie kleine, aber reichhaltige Gebäckstücke möchten, probieren Sie, je nach Region, das, was Berliner, Pfannkuchen oder Krapfen genannt wird.",0.922890305519104,0.9027151465415955,0.9126912951469421,0.9149445295333862,0.9016265273094177,0.9082367420196533
836,"Ein Curry ist ein Gericht, das auf Kräutern und Gewürzen zusammen mit Fleisch oder Gemüse basiert.","Ein Curry ist ein Gericht, das auf Kräutern und Gewürzen basiert, zusammen mit entweder Fleisch oder Gemüse.","Ein Curry ist ein Gericht, das auf Kräutern und Gewürzen basiert, zusammen mit entweder Fleisch oder Gemüse.",0.9788585901260376,0.9624680280685425,0.9705941081047058,0.9788585901260376,0.9624679684638977,0.970594048500061
837,"Ein Curry kann entweder ""trocknen"" oder ""nass"" sein, je nach Menge an Flüssigkeit.",Ein Curry kann abhängig von der Flüssigkeitsmenge entweder „trocken“ oder „feucht“ sein.,"Ein Curry kann je nach Menge der Flüssigkeit entweder ""trocken"" oder ""nass"" sein.",0.8188161849975586,0.8244235515594482,0.8216102719306946,0.9185869693756104,0.9349358081817627,0.9266892671585083
838,In den Binnenregionen Nordindiens und Pakistans wird Joghurt häufig in Kürze verwendet; in Südindien und einigen anderen Küstenregionen des Sub,Im Landesinneren Nordindiens und Pakistans wird Joghurt üblicherweise in Currys verwendet; in Südindien und einigen anderen Küstenregionen des Subkontinents wird üblicherweise Kokosmilch verwendet.,In den Binnenregionen Nordindiens und Pakistans wird Joghurt häufig in Currys verwendet; in Südindien und einigen anderen Küstenregionen des Subkontinents wird oft Kokosmilch verwendet.,0.8788964748382568,0.836122453212738,0.8569760322570801,0.8983582258224487,0.8572056889533997,0.8772995471954346
839,"Mit 17.000 Inseln zu wählen, ist die indonesische Küche ein Dachbegriff, der eine große Auswahl an regionalen Gerichten in der ganzen Nation umfasst.","Mit einer Auswahl von 17.000 Inseln ist indonesisches Essen ein Überbegriff, der eine große Vielfalt regionaler Küchen umfasst, die im ganzen Land zu finden sind.","Mit 17.000 Inseln zur Auswahl ist die indonesische Küche ein Oberbegriff, der eine enorme Vielfalt regionaler Küchen umfasst, die im ganzen Land zu finden sind.",0.8704715967178345,0.8578985333442688,0.8641392588615417,0.8939585089683533,0.8818795680999756,0.8878779411315918
840,"Aber, wenn sie ohne weitere Qualifikationen verwendet werden, bedeutet der Begriff tendenziell die Nahrung ursprünglich aus den mittel- und ostlichen Teilen der Hauptinsel Java.","Wird der Begriff jedoch ohne weitere Attribute verwendet, bezeichnet er in der Regel das Essen, das ursprünglich aus den zentralen und östlichen Teilen der Hauptinsel Java stammt.","Aber wenn der Begriff ohne weitere Qualifikatoren verwendet wird, neigt er dazu, die ursprünglich aus den zentralen und östlichen Teilen der Hauptinsel Java stammende Nahrung zu bedeuten.",0.8205616474151611,0.8142354488372803,0.8173863291740417,0.8429332971572876,0.8180629014968872,0.8303118944168091
841,Die jüdische Küche ist inzwischen weit verbreitet und bietet eine breite Palette von einfach gebackenen Gerichten. Die vorwiegendsten Geschmacksrichtungen,"Die javanische Küche, die heute überall auf der Inselgruppe verbreitet ist, bietet eine Vielzahl von einfach gewürzten Gerichten. Als Geschmacksträger bevorzugen die Javaner dabei Erdnüsse, Chilis, Zucker (besonders javanischer Kokosblütenzucker) und eine Reihe von aromatischen Gewürzen.","Jetzt weit verbreitet im gesamten Archipel, zeichnet sich die javanesische Küche durch eine Vielzahl von einfach gewürzten Gerichten aus, wobei die vorherrschenden Geschmäcker, die die Javanesen bevorzugen, Erdnüsse, Chilischoten, Zucker (insbesondere javanesischer Kokosnusszucker) und verschiedene aromatische Gewürze sind.",0.7924861907958984,0.701648473739624,0.7443060278892517,0.7575026154518127,0.6534360647201538,0.701631486415863
842,"Stirrups sind Stützen für die Füße des Reiters, die auf beiden Seiten des Sattels hängen.","Steigbügel sind Hilfen für die Füße der Reiter, die auf beiden Seiten des Sattels herunterhängen.","Die Steigbügel sind Stützen für die Füße des Reiters, die auf beiden Seiten des Sattels herunterhängen.",0.9192773103713989,0.8973963260650635,0.9082050323486328,0.9494837522506714,0.9157965183258057,0.9323359131813049
843,"Sie sorgen für größere Stabilität für den Fahrer, können aber Sicherheitsbedenken haben, da es möglich ist, dass der Fahrer in diesen Füßen steckt.","Sie geben dem Reiter mehr Stabilität, aber es gibt Sicherheitsbedenken, weil sich die Füße des Reiters möglicherweise in ihnen verfangen können.","Sie bieten dem Reiter eine größere Stabilität, können jedoch Sicherheitsbedenken aufwerfen, da die Möglichkeit besteht, dass die Füße des Reiters darin stecken bleiben.",0.8321871757507324,0.8404098749160767,0.8362783193588257,0.8761534690856934,0.8671735525131226,0.8716403841972351
844,"Wenn ein Reiter aus einem Pferd geworfen wird, aber einen Fuß in die Stirrup gefangen hat, könnten sie gezogen werden, wenn das P","Wenn ein Reiter vom Pferd fällt und sich mit dem Fuß am Steigbügel verfängt, kann er mitgeschleift werden, wenn das Pferd durchgeht. Um dieses Risiko so gering wie möglich zu halten, können eine Reihe von Sicherheitsvorkehrungen getroffen werden.","Wenn ein Reiter von einem Pferd geworfen wird, aber einen Fuß im Steigbügel eingeklemmt hat, könnte er mitgezogen werden, wenn das Pferd davonläuft. Um dieses Risiko zu minimieren, können verschiedene Sicherheitsvorkehrungen getroffen werden.",0.7845534086227417,0.6718563437461853,0.7238446474075317,0.8601698875427246,0.7238975167274475,0.7861721515655518
845,"Erstens tragen die meisten Fahrer Reitschuhe mit Ferse und glatter, recht schmaler Sohle.","Zunächst einmal tragen die meisten Reiter Reitstiefel mit einem Absatz und einer glatten, recht schmalen Sohle.","Zunächst tragen die meisten Reiter Reiterstiefel mit einem Absatz und einer glatten, ziemlich schmalen Sohle.",0.8847222924232483,0.8736937046051025,0.8791733980178833,0.8664257526397705,0.8593902587890625,0.8628936409950256
846,"Danach haben einige Sammelsattel, insbesondere englische Sammelsattel, Sicherheitsbalken, die es einem Stirrup Leder ermöglichen, vom Sattel zu","Außerdem verfügen einige Sättel, insbesondere englische Sättel, über Sicherheitsbügel, die es ermöglichen, dass ein Steigbügelriemen vom Sattel fällt, sobald er von einem stürzenden Reiter nach hinten gezogen wird.","Als Nächstes haben einige Sättel, insbesondere englische Sättel, Sicherheitsbügel, die es einem Steigbügelriemen ermöglichen, vom Sattel zu fallen, wenn er von einem stürzenden Reiter nach hinten gezogen wird.",0.7961177825927734,0.7397762537002563,0.7669135928153992,0.8306846618652344,0.7570551633834839,0.7921627163887024
847,"Cochamó Valley - Chiles premier Kletterziel, bekannt als Yosemite Südamerikas, mit einer Vielzahl von Granitmauern und Kragen.","Das Cochamó-Tal – Chiles wichtigstes Kletterziel, bekannt als der Yosemite-Nationalpark von Südamerika, mit einer Vielzahl von großen Granitwänden und -klippen.","Cochamó-Tal - Chiles erstklassiges Kletterziel, bekannt als das Yosemite Südamerikas, mit einer Vielzahl von Granit-Felswänden und Kletterfelsen.",0.8873151540756226,0.8507236838340759,0.8686342835426331,0.9281545877456665,0.8872686624526978,0.907251238822937
848,Auf den Gipfeln gibt es atemberaubende Ausblicke auf die Gipfel.,"Die Gipfel bieten einen atemberaubenden Blick. Kletterer aus aller Welt entdecken immer wieder neue Routen entlang der Wände, die dafür endlose Möglichkeiten bieten.",Gipfel bieten atemberaubende Ausblicke von den Höhen. Bergsteiger aus allen Teilen der Welt eröffnen ständig neue Routen inmitten des endlosen Potenzials der Wände.,0.8109867572784424,0.7332755327224731,0.7701758146286011,0.8405888676643372,0.7112053632736206,0.7705032825469971
849,"Abfahrtsschneesporte, zu denen Skifahren und Snowboarden gehören, sind beliebte Sportarten, die schneebedecktes Gelände mit Ski","Abfahrtssport wie Ski- und Snowboardfahren sind beliebte Sportarten, bei denen man Skier oder ein Snowboard an seinen Füßen befestigt und über einen schneebedeckten Untergrund einen Abhang hinabfährt.","Abfahrtsportarten im Schnee, zu denen Skifahren und Snowboarden gehören, sind beliebte Sportarten, bei denen man mit Skiern oder einem Snowboard an den Füßen über schneebedeckte Gelände hinuntergleitet.",0.7920193672180176,0.7190295457839966,0.7537615895271301,0.8572149276733398,0.779261589050293,0.8163816332817078
850,"Skifahren ist eine große Reiseaktivität mit vielen Enthusiasten, gelegentlich als ""Ski-Bums"" bekannt, die ganze Urlaubsplanung rund um","Skifahren ist eine beliebte Reisetätigkeit mit vielen Enthusiasten, gelegentlich auch als „Skipenner“ bekannt, die ihren gesamten Urlaub rund um das Skifahren an einem bestimmten Ort planen.","Skifahren ist eine bedeutende Reiseaktivität mit vielen Enthusiasten, die gelegentlich als ""Ski-Bums"" bezeichnet werden und ganze Urlaube um das Skifahren an einem bestimmten Ort planen.",0.8342617750167847,0.7969131469726562,0.8151599168777466,0.8623666763305664,0.8215398192405701,0.841458261013031
851,Die Idee des Skifahrens ist sehr alt – Höhlenmalereien mit Skifahrern stammen bis 5000 v. Chr.!,Die Idee des Skifahrens ist sehr alt – Höhlenmalereien mit Darstellungen von Skifahrern gehen bis 5000 v. Chr. zurück!,"Die Idee des Skifahrens ist sehr alt — Höhlenmalereien, die Skifahrer darstellen, stammen bis zu 5000 v. Chr.!",0.9766361117362976,0.9579760432243347,0.9672161340713501,0.9655688405036926,0.9365742206573486,0.9508505463600159
852,"Abfahrtsski als Sport stammt mindestens aus dem 17. Jahrhundert, und 1861 wurde der erste Freizeitskiclub von Norwegen in Australien eröffnet.",Die Ursprünge der Skiabfahrt als Sport gehen mindestens bis ins 17. Jahrhundert zurück und 1861 wurde der erste Freizeit-Skiclub in Australien von Norwegern eröffnet.,"Das Abfahrtski als Sport reicht mindestens bis ins 17. Jahrhundert zurück, und 1861 wurde der erste Freizeitskilaufclub von Norwegern in Australien eröffnet.",0.8902682662010193,0.8429999351501465,0.8659895658493042,0.9399006366729736,0.91804039478302,0.9288419485092163
853,"Backpacken mit Ski: Diese Aktivität heißt auch Backcountry Ski, Skitouren oder Skiwandern.",Skiwandern mit Rucksack: Diese Aktivität wird auch Skitourengehen oder Skiwandern genannt.,"Rucksackreisen mit Skiern: Diese Aktivität wird auch als Freeride-Ski, Skitour oder Skiwandern bezeichnet.",0.8491460680961609,0.8636518716812134,0.8563376069068909,0.8736499547958374,0.86395263671875,0.8687741756439209
854,"Es ist mit Skitouren oder Bergsteigen im alpinen Stil verbunden, die letzteren im steilen Gelände und erfordern viel härtere Ski- und St","Es ähnelt alpinem Tourenskilauf bzw. Bergsteigen, beinhaltet diese aber nicht unbedingt, da Letztere in steilem Gelände ausgeführt werden und viel festere Ski und Stiefel erfordern.","Es steht im Zusammenhang mit, beinhaltet jedoch normalerweise nicht das Skitourengehen oder Bergsteigen im alpinen Stil, wobei Letzteres in steilem Gelände durchgeführt wird und viel steifere Skier und Stiefel erfordert.",0.7855469584465027,0.7383028268814087,0.7611925601959229,0.8074126243591309,0.7572308778762817,0.781516969203949
855,Denken Sie an die Skiroute als eine ähnliche Wanderroute.,Betrachten Sie die Skiroute wie eine vergleichbare Wanderroute.,Denken Sie an die Skipiste wie an eine ähnliche Wanderroute.,0.9274210929870605,0.9163832664489746,0.921869158744812,0.9310659170150757,0.9158863425254822,0.9234137535095215
856,Unter guten Bedingungen können Sie etwas größere Entfernungen abdecken als zu Fuß – aber nur sehr selten erreichen Sie die Geschwindigkeiten des Langlaufens ohne einen schweren Rucksack in gepflegt,"Bei guten Verhältnissen sind Sie in der Lage, etwas größere Distanzen als beim Wandern zurückzulegen – nur sehr selten werden Sie die Geschwindigkeit vom Langlauf auf gepflegten Loipen ohne einen schweren Rucksack erreichen.","Unter guten Bedingungen werden Sie in der Lage sein, etwas größere Distanzen als beim Gehen zurückzulegen – aber nur sehr selten werden Sie die Geschwindigkeiten des Skilanglaufs ohne einen schweren Rucksack auf präparierten Pisten erreichen.",0.8214660882949829,0.7861846089363098,0.8034381866455078,0.8433365821838379,0.7948319315910339,0.8183661699295044
857,"Europa ist ein Kontinent, der relativ klein ist, aber mit vielen unabhängigen Ländern ist, und unter normalen Umständen würde eine Reise durch mehrere Länder bedeuten, dass man","Europa ist ein relativ kleiner Kontinent, hat aber zahlreiche unabhängige Länder. Normalerweise müsste man mehrfach Visa beantragen und mehrere Passkontrollen durchlaufen, wenn man durch mehrere Länder reisen möchte.","Europa ist ein Kontinent, der relativ klein ist, aber viele unabhängige Länder hat. Unter normalen Umständen würde das Reisen durch mehrere Länder bedeuten, dass man mehrmals Visumanträge stellen und die Passkontrolle passieren muss.",0.773853063583374,0.7570191621780396,0.7653435468673706,0.9057013988494873,0.8299242854118347,0.8661586046218872
858,Der Schengen-Raum funktioniert jedoch in dieser Hinsicht wie ein Land.,Der Schengen-Raum funktioniert in dieser Hinsicht jedoch ein wenig wie ein Land.,Die Schengen-Zone funktioniert jedoch in dieser Hinsicht etwas wie ein Land.,0.9836975336074829,0.9598263502120972,0.9716153740882874,0.9693624377250671,0.9589415192604065,0.9641238451004028
859,"Solange Sie in dieser Zone bleiben, können Sie im Allgemeinen grenzüberschreitend überschreiten, ohne die Passkontrollpunkte wieder durchlaufen zu","Solange man in dieser Zone bleibt, kann man normalerweise die Grenzen überschreiten, ohne erneut durch die Passkontrolle zu müssen.","Solange Sie sich in dieser Zone aufhalten, können Sie in der Regel die Grenzen überschreiten, ohne erneut durch Passkontrollstellen gehen zu müssen.",0.8142385482788086,0.8388087153434753,0.8263409733772278,0.8390480875968933,0.8515833020210266,0.8452692031860352
860,"In ähnlicher Weise müssen Sie mit einem Schengen-Visa nicht in jedem Schengen-Mitgliedsland separat Visum beantragen, wodurch Zeit, Geld und","Entsprechend müssen Sie mit einem Schengen-Visum nicht für jedes der Schengen-Mitgliedsländer einzeln ein Visum beantragen, was Zeit, Geld und Bürokratie spart.","Ebenso benötigen Sie mit einem Schengen-Visum keine separaten Visa für jedes der Schengen-Mitgliedsländer zu beantragen, was Ihnen Zeit, Geld und Papierkram spart.",0.854013204574585,0.8106486797332764,0.8317661285400391,0.8189457058906555,0.774289071559906,0.7959915995597839
861,"Es gibt keine universelle Definition, für die hergestellte Gegenstände Antiquitäten sind, und einige Steuerbehörden definieren Waren über 100 Jahre als Antiquitäten.","Es gibt keine allgemeingültige Definition dafür, welche hergestellten Gegenstände als Antiquitäten gelten. Manche Steuerbehörden definieren über 100 Jahre alte Waren als Antiquitäten.","Es gibt keine universelle Definition dafür, welche hergestellten Gegenstände als Antiquitäten gelten. Einige Steuerbehörden definieren Waren, die älter als 100 Jahre sind, als Antiquitäten.",0.9158673286437988,0.9035680294036865,0.9096761345863342,0.9182040095329285,0.8905649185180664,0.9041732549667358
862,"Die Definition hat geografische Unterschiede, wo die Altersgrenze an Orten wie Nordamerika möglicherweise kürzer ist als in Europa.","Die Definition weist geografische Abweichungen auf, bei denen die Altersgrenze in Gegenden wie Nordamerika geringer sein kann als in Europa.","Die Definition hat geografische Variationen, wobei die Altersgrenze an Orten wie Nordamerika kürzer sein könnte als in Europa.",0.9172384738922119,0.9065006971359253,0.9118379950523376,0.9483394622802734,0.9427556395530701,0.9455392956733704
863,"Handwerkswaren können als Antiquitäten definiert werden, obwohl sie jünger sind als ähnliche Massenwaren.","Handgefertigte Produkte könnten als „antik“ bezeichnet werden, obwohl sie jünger als ähnliche Erzeugnisse aus Massenproduktion sind.","Handwerksprodukte könnten als Antiquitäten definiert werden, obwohl sie jünger sind als ähnliche massenproduzierte Waren.",0.8468963503837585,0.8262157440185547,0.836428165435791,0.9469209909439087,0.9143797159194946,0.9303658604621887
864,Die Reindeerhaltung ist ein wichtiger Lebensunterhalt unter den Sámi und die Kultur um den Handel ist auch für viele mit anderen Berufen wichtig.,"Die Rentierzucht stellt eine wichtige Quelle des  Lebensunterhalts der Sámi dar, und die Kultur rund um den Handel ist auch für viele, die in anderen Berufe arbeiten, von Bedeutung.","Die Rentierzucht ist ein wichtiges Lebensmittelsmittel für die Sámi, und die Kultur rund um den Handel ist auch für viele anderen Berufe von Bedeutung.",0.8852938413619995,0.8371185064315796,0.8605324029922485,0.8876019716262817,0.8813425898551941,0.8844612240791321
865,"Auch traditionell, aber nicht alle Sámi waren in der großen Rentierzucht beteiligt, sondern lebten von Fischerei, Jagd und ähnlichem,","Auch in der Vergangenheit haben nicht alle Sámi im großen Stil Rentiere gezüchtet, sondern haben von Fischerei, Jagd und Ähnlichem gelebt. Rentiere hielten sie hauptsächlich als Zugtiere.","Selbst traditionell waren nicht alle Sámi in der großflächigen Rentierhaltung tätig, sondern lebten von Fischerei, Jagd und Ähnlichem, während sie Rentiere hauptsächlich als Zugtiere hielten.",0.8044233322143555,0.7580446004867554,0.7805456519126892,0.8550137877464294,0.7935702800750732,0.8231469988822937
866,"Heute arbeiten viele Sámi in modernen Handwerken, der Tourismus ist ein wichtiges Einkommen in Sámi, dem Gebiet Sámi.","Heute arbeiten viele Sámi in modernen Berufen. Tourismus ist eine wichtige Einkommensquelle in Sápmi, der Sámi-Region.","Heute arbeiten viele Sámi in modernen Berufen. Der Tourismus ist eine wichtige Einnahmequelle in Sápmi, dem Gebiet der Sámi.",0.8891286849975586,0.8720400333404541,0.8805014491081238,0.9063155651092529,0.8837002515792847,0.8948650360107422
867,"Obwohl es weit verbreitet ist, insbesondere unter Nicht-Romisch, wird das Wort ""Zizig"" oft als beleidigend angesehen, weil","""Auch wenn die Bezeichnung """"Zigeuner"""" vor allem von Nicht-Roma verbreitet verwendet wird, wird sie oftmals als beleidigend aufgefasst, da mit ihr negative Stereotype und ungenaue Wahrnehmungen der Roma assoziiert werden.""","Obwohl das Wort „Zigeuner“ weit verbreitet ist, insbesondere unter Nicht-Roma, wird es oft als anstößig angesehen, da es mit negativen Stereotypen und ungenauen Wahrnehmungen der Roma in Verbindung gebracht wird.",0.817330002784729,0.7243517637252808,0.7680370807647705,0.840709924697876,0.764396071434021,0.8007388114929199
868,"Wenn das Land, das Sie besuchen werden, einer Reiseanzeige unterworfen wird, kann Ihre Reiseversicherung oder Ihre Reiserücktrittsversicherung betroffen sein.","Wenn für das Land, das Sie besuchen werden, ein Reisehinweis ausgegeben wird, kann Ihre Reisekrankenversicherung oder Reiserücktrittsversicherung betroffen sein.","Wenn das Land, das Sie besuchen werden, einer Reisewarnung unterliegt, kann dies Auswirkungen auf Ihre Reise-Krankenversicherung oder Ihre Reisestornoversicherung haben.",0.9295101165771484,0.9141064286231995,0.9217439889907837,0.8721303343772888,0.8555001616477966,0.8637351989746094
869,"Möglicherweise möchten Sie auch die Ratschläge anderer Regierungen als Ihrer konsultieren, doch ihre Ratschläge sind für ihre Bürgerinnen und Bürger bestimmt.",Sie können auch die Ratschläge anderer Regierungen als der Ihren konsultieren. Deren Hinweise sind jedoch auf ihre eigenen Staatsbürger zugeschnitten.,"Sie möchten möglicherweise auch den Rat anderer Regierungen einholen, jedoch ist deren Rat für ihre eigenen Bürger gedacht.",0.869713306427002,0.8502576947212219,0.859875500202179,0.8140514492988586,0.8627591133117676,0.8376978635787964
870,Als Beispiel könnten die amerikanischen Bürger im Nahen Osten mit unterschiedlichen Situationen konfrontiert sein als Europäer oder Araber.,Zum Beispiel sind amerikanische Bürger im Nahen Osten möglicherweise mit anderen Situationen konfrontiert als Europäer oder Araber.,Als ein Beispiel könnten amerikanische Bürger im Nahen Osten vor anderen Situationen stehen als Europäer oder Araber.,0.9338618516921997,0.9425923228263855,0.9382067918777466,0.9091050028800964,0.9418143033981323,0.9251706600189209
871,Mitteilungen sind lediglich eine kurze Zusammenfassung der politischen Lage in einem Land.,Beratungen sind lediglich eine kurze Zusammenfassung der politischen Situation in einem Land.,Hinweise sind lediglich eine kurze Zusammenfassung der politischen Situation in einem Land.,0.9551450610160828,0.9279297590255737,0.9413408041000366,0.9455385208129883,0.9277498722076416,0.9365597367286682
872,"Die dargestellten Ansichten sind oft kursiv, allgemein und übervereinfacht im Vergleich zu den detaillierten Informationen, die anderswo verfügbar sind.","Die dargestellten Ansichten sind oft oberflächlich, allgemein und im Vergleich zu den detaillierteren Informationen, die anderswo zu finden sind, zu stark vereinfacht.","Die dargestellten Ansichten sind oft flüchtig, allgemein und übersimplifiziert im Vergleich zu den detaillierteren Informationen, die an anderer Stelle verfügbar sind.",0.8936975002288818,0.8760164380073547,0.8847686648368835,0.9412206411361694,0.9252405762672424,0.9331621527671814
873,"Schweres Wetter ist der allgemeine Begriff für gefährliches Wetterphänomen mit dem Potenzial, Schäden, ernsthafte soziale Störungen oder","Unwetter ist der Sammelbegriff für jedes gefährliche Wetterphänomen mit dem Potenzial, Schäden, schwere soziale Störungen oder den Verlust von Menschenleben zu verursachen.","Schlechtes Wetter ist der allgemeine Begriff für jedes gefährliche Wetterphänomen, das das Potenzial hat, Schäden, ernsthafte soziale Störungen oder den Verlust von Menschenleben zu verursachen.",0.8659118413925171,0.8306587934494019,0.8479190468788147,0.8873723745346069,0.8299263715744019,0.8576885461807251
874,"Schweres Wetter kann überall auf der Welt auftreten, und es gibt verschiedene Arten von Wetter, die von Geografie, Topographie und atmosphärischen Bedingungen","Unwetter können überall auf der Welt auftreten und es gibt verschiedene Arten davon, die von der Geographie, Topographie und den atmosphärischen Bedingungen abhängen.","Schlechtes Wetter kann überall auf der Welt auftreten, und es gibt verschiedene Arten davon, die von Geografie, Topografie und atmosphärischen Bedingungen abhängen können.",0.8692209720611572,0.8566461801528931,0.8628877997398376,0.9189893007278442,0.8845729827880859,0.9014527797698975
875,"Hohe Winde, Hagel, übermäßige Niederschläge und Waldbrände sind Formen und Auswirkungen schwerer Witterung, ebenso wie Gewitter, Tornados","Starke Winde, Hagel, übermäßige Niederschläge und Waldbrände sind Formen und Auswirkungen von Unwetter, ebenso wie Gewitter, Tornados, Wasserhosen und Wirbelstürme.","Hohe Winde, Hagel, übermäßige Niederschläge und Waldbrände sind Formen und Auswirkungen von schwerem Wetter, ebenso wie Gewitter, Tornados, Wasserhosen und Zyklone.",0.9072025418281555,0.8665854930877686,0.8864290118217468,0.9326072335243225,0.8897753953933716,0.9106879234313965
876,"Regionale und saisonale Schwerwetterphänomene umfassen Schneestürme, Eisstürme und Staubstürme.","Regionale und jahreszeitliche Unwettererscheinungen sind u. a. Blizzards, Schneestürme, Eisstürme und Staubstürme.","Regionale und saisonale schwerwiegende Wetterphänomene umfassen Schneestürme, Schneegewitter, Eisstürme und Staubstürme.",0.8926469087600708,0.8656297326087952,0.8789306879043579,0.9625350832939148,0.9412254095077515,0.95176100730896
877,"Die Reisenden werden dringend empfohlen, sich der Gefahr von schweren Witterungseinflüssen bewusst zu sein, da sie sich auf Reisepläne auswirken können.","Reisende werden dringend gewarnt, auf jedwede Art von Unwetter zu achten, die ihr Gebiet betrifft, da dies sich auf alle Reisepläne auswirken kann.","Reisende werden dringend darauf hingewiesen, sich über mögliche Risiken durch severe Wetterbedingungen in ihrer Region bewusst zu sein, da diese ihre Reisepläne beeinträchtigen könnten.",0.8294470310211182,0.802324652671814,0.8156604170799255,0.8474161624908447,0.8211717009544373,0.8340874910354614
878,"Jeder, der einen Besuch in einem Land plant, das als Kriegszone betrachtet werden könnte, sollte eine Berufsausbildung erhalten.","Jeder, der plant, ein Land zu bereisen, das als Kriegszone gilt, sollte ein professionelles Training dafür absolvieren.","Jeder, der plant, ein Land zu besuchen, das als Kriegsgebiet betrachtet werden könnte, sollte eine professionelle Ausbildung erhalten.",0.8699722290039062,0.8460094928741455,0.8578235507011414,0.9187154173851013,0.9104591608047485,0.9145686626434326
879,"Eine Suche im Internet nach ""Hostile Environment Course"" wird wahrscheinlich die Adresse eines lokalen Unternehmens geben.","""Eine Internetsuche nach """"Kurs über feindselige Umgebungen"""" wird vermutlich die Adresse eine örtlichen Firma anzeigen.""",Eine Internetrecherche nach 'Hostile environment course' wird wahrscheinlich die Adresse eines lokalen Unternehmens liefern.,0.7732400894165039,0.733756959438324,0.7529812455177307,0.9078373312950134,0.8825615644454956,0.8950210809707642
880,"Ein Kurs wird normalerweise alle hier erörterten Themen ausführlicher abdecken, meist mit praktischer Erfahrung.","Ein Kurs deckt alle hier diskutierten Probleme in der Regel viel detaillierter ab, normalerweise in Kombination mit praktischer Erfahrung.","Ein Kurs behandelt normalerweise alle hier besprochenen Themen in viel größerem Detail, in der Regel mit praktischen Erfahrungen.",0.863775908946991,0.8560537099838257,0.8598975539207458,0.8344593048095703,0.8488679528236389,0.8416020274162292
881,"Ein Kurs dauert normalerweise von 2-5 Tagen und beinhaltet Rollenspiel, eine Menge Erste Hilfe und manchmal Waffentraining.","Ein Kurs ist üblicherweise zwischen 2 und 5 Tage lang und umfasst Rollenspiele, viel Erste Hilfe und mitunter Waffenausbildung.","Ein Kurs dauert normalerweise 2 bis 5 Tage und umfasst Rollenspiele, viel Erste Hilfe und manchmal Waffenausbildung.",0.8956736922264099,0.900730550289154,0.8981950283050537,0.9243003129959106,0.9437031149864197,0.9339010119438171
882,"Bücher und Zeitschriften, die sich mit dem Überleben der Wildnis befassen, sind allgemein verbreitet, aber Publikationen, die sich mit Kriegsgebieten befassen","Es gibt zahlreiche Bücher und Journale zum Überleben in der Wildnis, aber nur wenige Publikationen zu Kriegsgebieten.","Bücher und Zeitschriften, die sich mit Überleben in der Wildnis befassen, sind weit verbreitet, aber Veröffentlichungen, die sich mit Kriegsgebieten beschäftigen, sind selten.",0.7797160148620605,0.8294612169265747,0.8038197159767151,0.9136455059051514,0.8877741694450378,0.9005240201950073
883,"Voyager, die eine Sex-Reassignment-Operation im Ausland planen, müssen sicherstellen, dass sie gültige Dokumente für die Rückreise","Reisende, die eine geschlechtsangleichende Operation im Ausland planen, müssen sicherstellen, dass sie gültige Ausweisdokumente für die Rückreise mit sich führen.","Reisende, die eine Geschlechtsumwandlungsoperation im Ausland planen, müssen sicherstellen, dass sie gültige Dokumente für die Rückreise haben.",0.8561733365058899,0.8236527442932129,0.8395982980728149,0.8713929653167725,0.8691334128379822,0.8702617287635803
884,"Die Bereitschaft der Regierungen, Pässe mit Geschlecht nicht angegeben (X) oder aktualisierte Dokumente, um einem gewünschten Namen und Geschlecht zu entsprechen, variiert","Die Bereitschaft von Regierungen, Pässe mit nicht angegebenem Geschlecht (X) oder Dokumente, die auf den gewünschten Namen und das gewünschte Geschlecht aktualisiert wurden, auszustellen, ist unterschiedlich.","Die Bereitschaft der Regierungen, Pässe ohne angegebenes Geschlecht (X) auszustellen oder Dokumente so zu aktualisieren, dass sie dem gewünschten Namen und Geschlecht entsprechen, variiert.",0.8610734939575195,0.8449098467826843,0.8529150485992432,0.8804236650466919,0.8449669480323792,0.862330973148346
885,"Die Bereitschaft ausländischer Regierungen, diese Dokumente einzuhalten, ist ebenso stark variabel.","Die Bereitschaft ausländischer Regierungen, diese Dokumente anzuerkennen, ist ebenfalls sehr unterschiedlich.","Die Bereitschaft ausländischer Regierungen, diese Dokumente zu anerkennen, ist ebenso unterschiedlich.",0.9421772956848145,0.928480327129364,0.9352786540985107,0.935767650604248,0.9327937364578247,0.9342783093452454
886,Auch die Suche an Sicherheitskontrollstellen ist in der Zeit nach dem 11. September 2001 weitaus eindringlicher geworden.,Die Durchsuchungen an Sicherheitskontrollen sind in der Zeit nach dem 11. September 2001 zudem weitaus aufdringlicher geworden.,Die Kontrollen an Sicherheitscheckpoints sind in der Zeit nach dem 11. September 2001 auch viel aufdringlicher geworden.,0.9192438125610352,0.9078831672668457,0.9135282039642334,0.88116854429245,0.8823260068893433,0.8817469477653503
887,"Voroperative Transsexuelle sollten nicht erwarten, dass sie die Scanner mit ihrer Privatsphäre und Würde intakt durchlaufen.","Transgender-Personen vor ihrer Operation sollten nicht erwarten, dass ihre Privatsphäre und Würde beim Passieren der Scanner intakt bleibt.","Voroperative Transgender-Personen sollten nicht erwarten, dass sie durch die Scanner gehen können, ohne dass ihre Privatsphäre und Würde beeinträchtigt werden.",0.8645090460777283,0.8584675788879395,0.8614776730537415,0.895276665687561,0.8556639552116394,0.875022292137146
888,"Rippenströme sind der Rückfluss von Wellen, die vom Strand brechen, oft an einem Riff oder ähnlich.","Riss-Strömungen sind der der zurückkehrende Strom von am Strand gebrochenen Wellen, häufig bei Riffen oder ähnlichem.","Riptiden sind der rückströmende Fluss von Wellen, die am Strand brechen, oft an einem Riff oder Ähnlichem.",0.8318634033203125,0.8225895762443542,0.8272004723548889,0.905868649482727,0.8911854028701782,0.8984670639038086
889,"Aufgrund der Unterwassertopologie konzentriert sich der Rückfluss auf einige tiefere Abschnitte, und dort kann sich ein schneller Strom ins Tiefwasser bilden.",Wegen der Unterwassertopologie konzentriert sich der Rückfluss in wenigen tieferen Bereichen und eine schnelle Strömung bis hin zu tiefem Wasser kann sich dort bilden.,"Aufgrund der Unterwassertopographie ist der Rückfluss an einigen wenigen tieferen Stellen konzentriert, und dort kann sich eine schnelle Strömung in tiefere Gewässer bilden.",0.8984415531158447,0.880652666091919,0.889458179473877,0.9098469018936157,0.9012279510498047,0.9055169224739075
890,"Die meisten Todesfälle ereignen sich aufgrund der Ermüdung, gegen den Strom zurückzuschwimmen, was möglicherweise unmöglich sein könnte.","Die meisten Todesfälle geschehen durch Übermüdung bei dem Versuch, gegen die Strömung zurückzuschwimmen, was sich als unmöglich erweisen kann.","Die meisten Todesfälle treten als Folge von Erschöpfung auf, während versucht wird, gegen die Strömung zurückzuschwimmen, was möglicherweise unmöglich ist.",0.8958004117012024,0.8691254258155823,0.882261335849762,0.8819493651390076,0.8673967123031616,0.87461256980896
891,"Sobald Sie aus dem Strom kommen, ist es nicht schwieriger, zurück zu schwimmen als normal.","Wenn man aus der Strömung herauskommt, ist das Zurückschwimmen nicht schwieriger als normal.","Sobald du aus dem Strom herauskommst, ist es nicht schwieriger, zurückzuschwimmen als normalerweise.",0.8202029466629028,0.823477566242218,0.8218369483947754,0.935908317565918,0.9144526720046997,0.9250560998916626
892,"Versuchen Sie, irgendwo zu zielen, wo Sie nicht wieder gefangen werden, oder, je nach Fähigkeiten und ob Sie bemerkt wurden, möchten Sie vielleicht auf die Re","Versuchen Sie, irgendwohin zu gelangen, wo Sie nicht wieder erwischt werden. Alternativ sollten Sie, je nach Ihren Fähigkeiten und je nachdem, ob Sie bemerkt wurden, vielleicht auf Rettung warten.","Versuche, irgendwo hinzuzielen, wo du nicht wieder gefangen wirst, oder je nach deinen Fähigkeiten und ob du bemerkt wurdest, möchtest du vielleicht auf Rettung warten.",0.8524518013000488,0.81361323595047,0.8325798511505127,0.8363149166107178,0.8176110982894897,0.8268572688102722
893,"Der Re-Eintrittsschock kommt früher an als der Kulturschock (es gibt weniger Flitterwochenphase), dauert länger und kann schwerer sein.","Der Rückkehrschock kommt früher als der Kulturschock (die Flitterwochenphase ist nicht so ausgeprägt), dauert länger und kann schwerwiegender sein.","Die Rückkehrschock tritt früher auf als der Kulturschock (es gibt eine kürzere Honeymoon-Phase), dauert länger und kann schwerwiegender sein.",0.8832202553749084,0.8798650503158569,0.8815394043922424,0.8638837337493896,0.8638308048248291,0.8638572692871094
894,"Reisende, die sich leicht an die neue Kultur anpassten, haben manchmal eine besonders schwere Zeit, sich an ihre Heimatkultur anzupassen.","Reisenden, denen es leichtfiel, sich an die neue Kultur anzupassen, fällt es bisweilen besonders schwer, sich wieder an ihre Herkunftskultur anzupassen.","Reisende, die sich leicht an die neue Kultur anpassen konnten, haben manchmal besonders große Schwierigkeiten, sich wieder an ihre eigene Kultur zu gewöhnen.",0.8833972215652466,0.8641678094863892,0.8736767172813416,0.9324617981910706,0.9111735820770264,0.9216947555541992
895,"Wenn Sie nach dem Ausland nach Hause zurückkehren, haben Sie sich an die neue Kultur angepasst und einige Ihrer Gewohnheiten aus Ihrer Heimatkultur verloren.","Wenn man nach einem Auslandsaufenthalt nach Hause kommt, hat man sich an eine andere Kultur angepasst und einige Verhaltensweisen seiner Heimatkultur abgelegt.","Beim Zurückkehren nach Hause, nachdem Sie im Ausland gelebt haben, haben Sie sich an die neue Kultur angepasst und einige Ihrer Gewohnheiten aus Ihrer Heimatkultur verloren.",0.8292217254638672,0.8376986980438232,0.8334386348724365,0.9435252547264099,0.9074133634567261,0.9251170754432678
896,"Als man zunächst ins Ausland ging, waren die Menschen wahrscheinlich geduldig und verstanden, und wussten, dass sich Reisende in einem neuen Land anpassen","Als Sie das erste Mal ins Ausland reisten, waren die Menschen wahrscheinlich geduldig und verständnisvoll, weil sie wussten, dass sich Reisende in einem neuen Land anpassen müssen.","Als du zuerst ins Ausland gingst, waren die Menschen wahrscheinlich geduldig und verständnisvoll, da sie wussten, dass Reisende sich in einem neuen Land anpassen müssen.",0.8885259032249451,0.8634097576141357,0.8757877349853516,0.9072715044021606,0.8878380060195923,0.8974495530128479
897,"Man kann nicht erwarten, dass Geduld und Verständnis auch für Reisende notwendig sind, die nach Hause zurückkehren.","Man erwartet vielleicht nicht, dass auch zurückkehrenden Reisenden gegenüber Geduld und Verständnis erforderlich sind.","Die Menschen rechnen möglicherweise nicht damit, dass Geduld und Verständnis auch für Reisende, die nach Hause zurückkehren, notwendig sind.",0.8553382158279419,0.8788002729415894,0.8669105172157288,0.8973060846328735,0.8892322778701782,0.8932509422302246
898,Die Pyramidenklang- und Lichtshow ist eines der interessantesten Dinge in der Gegend für Kinder.,Die Klang- und Lichtshow bei den Pyramiden ist eine der interessantesten Attraktionen für Kinder in der Gegend.,Die Klang- und Lichtshow der Pyramiden ist eine der interessantesten Attraktionen in der Umgebung für Kinder.,0.8961657881736755,0.8829916715621948,0.8895299434661865,0.9029529094696045,0.8972979784011841,0.9001165628433228
899,"Sie können die Pyramiden im Dunkeln sehen und sie in Stille sehen, bevor die Show beginnt.","Sie können die Pyramiden in der Dunkelheit sehen und während es still ist, ehe die Show beginnt.","Man kann die Pyramiden im Dunkeln sehen und man kann sie in Stille sehen, bevor die Show beginnt.",0.9182174801826477,0.892710268497467,0.9052842259407043,0.9574147462844849,0.9441699981689453,0.9507462382316589
900,Die Geschichte des Klangs und des Lichts ist wie ein Geschichtenbuch.,Normalerweise hört man immerzu die Geräusche von Touristen und Verkäufern. Die Geschichte der Geräusche und des Lichtes ist genau wie ein Geschichtenbuch.,Normalerweise hört man immer den Klang von Touristen und Verkäufern. Die Geschichte von Licht und Klang ist genau wie ein Märchen.,0.8848367929458618,0.7484066486358643,0.8109235167503357,0.8311595916748047,0.7538555860519409,0.7906224131584167
901,Der Sphinx ist der Hintergrund und der Narrator einer langen Geschichte.,Die Sphinx wird als Hintergrund und Erzähler einer langen Geschichte eingesetzt.,Die Sphinx dient als Kulisse und Erzähler einer langen Geschichte.,0.8864660859107971,0.8807081580162048,0.8835777640342712,0.8717433214187622,0.8647199273109436,0.8682173490524292
902,Die Szenen werden auf den Pyramiden dargestellt und die verschiedenen Pyramiden beleuchtet.,"Die Szenen werden auf den Pyramiden dargestellt, wobei die verschiedenen Pyramiden beleuchtet werden.","Die Szenen werden auf den Pyramiden angezeigt, und die verschiedenen Pyramiden sind beleuchtet.",0.9704698324203491,0.9528582096099854,0.9615834355354309,0.959106981754303,0.930719256401062,0.9446998834609985
903,"Die 1819 entdeckten südlichen Shetland-Inseln werden von mehreren Nationen behauptet und haben die meisten Basisn, mit 16 aktiven","Die Südlichen Shetlandinseln, die 1819 entdeckt wurden, werden von mehreren Ländern beansprucht und haben die meisten Stationen. 2020 waren sechzehn aktiv.","Die Südlichen Shetlandinseln, die 1819 entdeckt wurden, werden von mehreren Nationen beansprucht und haben die meisten Stützpunkte, mit sechzehn aktiven im Jahr 2020.",0.8289369940757751,0.8068217039108276,0.8177298903465271,0.8567925691604614,0.8118314743041992,0.8337063193321228
904,"Das Archipel liegt 120 km nördlich der Halbinsel, das größte ist die Insel König George mit der Siedlung Villa Las Estrellas.",Der Archipel liegt 120 km nördlich der Halbinsel. Die größte ist King George Island mit der Siedlung Villa Las Estrellas.,Der Archipel liegt 120 km nordlich der Halbinsel. Die größte Insel ist King George Island mit der Siedlung Villa Las Estrellas.,0.9469375610351562,0.9537270069122314,0.9503201246261597,0.9333872199058533,0.9283607602119446,0.9308671951293945
905,"Andere sind Livingston Island und Deception, wo die überschwemmte caldera eines noch aktiven Vulkans einen spektakulären natürlichen Hafen bietet","Weitere Inseln sind Livingston Island und Deception, wo die überflutete Caldera eines immer noch aktiven Vulkans einen spektakulären Naturhafen bietet.","Andere umfassen die Livingston-Insel und Deception, wo die überflutete Caldera eines noch aktiven Vulkans einen spektakulären Naturhafen bietet.",0.9208570718765259,0.9094075560569763,0.9150965213775635,0.9225108027458191,0.9039767384529114,0.9131497144699097
906,"Ellsworth Land ist die Region südlich der Halbinsel, begrenzt durch das Bellingshausen Meer.","Ellsworthland ist die Region südlich der Halbinsel, die von der Bellingshausen-See begrenzt wird.","Ellsworth Land ist die Region südlich der Halbinsel, die vom Bellingshausen-Meer begrenzt wird.",0.9342433214187622,0.9056533575057983,0.9197262525558472,0.9442040324211121,0.9235302805900574,0.933752715587616
907,"Die Berge der Halbinsel vereinen sich hier in das Hochplateau und erwachsen dann wieder in die 360 km-Kette des Ellsworth-Gebirges,","Die Berge der Halbinsel gehen hier in das Plateau über und erheben sich dann erneut, um die 360 km lange Kette der Ellsworth-Berge zu bilden, die vom Minnesota-Gletscher zweigeteilt wird.","Die Berge der Halbinsel verbinden sich hier mit dem Plateau, um dann wieder aufzutauchen und die 360 km lange Kette der Ellsworth Mountains zu bilden, die vom Minnesota-Gletscher durchzogen wird.",0.8587197661399841,0.8109980225563049,0.8341768980026245,0.8424415588378906,0.7804603576660156,0.8102673292160034
908,"Der nördliche Teil oder Sentinel Range hat die höchsten Berge der Antarktis, den Vinson Massif, mit einem Höhepunkt von 4892","Der nördliche Teil oder die Sentinel Range hat die höchsten Berge der Antarktis, das Vinson-Massiv, dessen höchster Gipfel mit 4892 m Höhe der Mount Vinson ist.","Der nördliche Teil des Sentinel-Gebirges enthält die höchsten Berge der Antarktis, das Vinson-Massiv, dessen Gipfel der Mount Vinson mit 4892 m ist.",0.8696275949478149,0.8241771459579468,0.8462926149368286,0.8417115807533264,0.8072841167449951,0.8241385221481323
909,"An entfernten Orten, ohne Mobiltelefonabdeckung, kann ein Satellitentelefon Ihre einzige Option sein.",In abgelegenen Gegenden ohne Handy-Abdeckung kann ein Satellitentelefon die einzige Option darstellen.,"In abgelegenen Gegenden, ohne Mobilfunkabdeckung, kann ein Satellitentelefon Ihre einzige Option sein.",0.8482667207717896,0.8682433366775513,0.8581387996673584,0.9534626007080078,0.9400562047958374,0.9467119574546814
910,"Ein Satellitentelefon ist nicht im Allgemeinen ein Ersatz für ein Mobiltelefon, da man draußen mit klarer Sicht auf den Satelliten sein muss, um einen Anruf","Ein Satellitentelefon ist generell kein Ersatz für ein Mobiltelefon, da man draußen und in klarer Sichtlinie eines Satelliten sein muss, um einen Anruf zu tätigen.","Ein Satellitentelefon ist im Allgemeinen kein Ersatz für ein Mobiltelefon, da man sich im Freien mit freier Sicht zum Satelliten befinden muss, um einen Anruf zu tätigen.",0.9096689820289612,0.8861870765686035,0.8977745771408081,0.896337628364563,0.8860033750534058,0.8911405205726624
911,"Der Service wird häufig von Schiffsschiffen, einschließlich Vergnügungsfahrzeugen, sowie von Expeditionen verwendet, die Ferndaten und Sprachbedürfnisse haben.","Der Dienst wird häufig von Schiffen genutzt, darunter auch von Vergnügungsschiffen, sowie von Expeditionen, die Daten- und Sprachfernverbindungen benötigen.","Der Dienst wird häufig von der Schifffahrt, einschließlich Freizeitbooten, sowie von Expeditionen genutzt, die remote Daten- und Sprachbedürfnisse haben.",0.8776998519897461,0.8849655985832214,0.8813177347183228,0.8824310898780823,0.9072147607803345,0.8946512937545776
912,"Ihr lokaler Telefondienstanbieter sollte in der Lage sein, mehr Informationen über die Verbindung zu diesem Service zu geben.","Ihr örtlicher Telefondienstanbieter sollte in der Lage sein, weitere Informationen über den Anschluss an diesen Dienst zu geben.",Ihr örtlicher Telefonanbieter sollte Ihnen weitere Informationen zur Verbindung mit diesem Dienst geben können.,0.9513092041015625,0.9454572796821594,0.9483742713928223,0.8340073227882385,0.8643324375152588,0.8488991856575012
913,"Eine immer beliebtere Option für diejenigen, die ein Lückenjahr planen, ist es, zu reisen und zu lernen.","Eine immer beliebtere Option für Menschen, die planen, ein Jahr Auszeit zu nehmen, sind Studien- und Kursangebote im Ausland.","Eine zunehmend beliebte Option für diejenigen, die ein Gap Year planen, ist es, zu reisen und zu lernen.",0.839546799659729,0.8153492212295532,0.8272711038589478,0.9539343118667603,0.9638256430625916,0.9588544964790344
914,"Dies ist besonders bei Schulabsolventen beliebt, die es ihnen ermöglichen, ein Jahr vor der Universität zu entgehen, ohne ihre Ausbildung zu gefährden","Das ist besonders bei Schulabsolventen sehr beliebt, da es ihnen ermöglicht, sich vor der Universität ein Jahr frei zu nehmen, ohne dass dabei ihr Studium beeinträchtigt wird.","Dies ist besonders bei Schulabgängern beliebt, da es ihnen ermöglicht, ein Jahr vor der Universität auszusetzen, ohne ihre Ausbildung zu beeinträchtigen.",0.8647689819335938,0.8473504185676575,0.855971097946167,0.885906457901001,0.8910408616065979,0.8884662985801697
915,In vielen Fällen kann die Einschreibung in einen Studiengang im Ausland Ihre Chancen auf einen Hochschulabschluss in Ihrem Heimatland verbessern.,"In vielen Fällen, kann die Teilnahme in einem Auslands-Überbrückungsjahr-Programm Ihre Chancen auf eine Hochschulausbildung in Ihrem Heimatland tatsächlich verbessern.","In vielen Fällen kann die Einschreibung in einen Gap-Year-Kurs im Ausland tatsächlich Ihre Chancen verbessern, in Ihrem Heimatland in die Hochschulbildung einzutreten.",0.9106475710868835,0.8670042753219604,0.8882902264595032,0.9223318696022034,0.8542916774749756,0.8870089054107666
916,In der Regel gibt es eine Gebühr für die Teilnahme an diesen Bildungsprogrammen.,In der Regel wird für die Anmeldung zu diesen Bildungsprogrammen eine Studiengebühr erhoben.,"Typischerweise wird es eine Studiengebühr geben, um sich für diese Bildungsprogramme einzuschreiben.",0.9017025232315063,0.8753499984741211,0.88833087682724,0.8522524237632751,0.8103718757629395,0.8307846784591675
917,Finnland ist ein großes Bootsziel und hat auch Tausende Inseln in den Seen und in den Küstenarchipeln.,Finnland ist ein großartiges Reiseziel für Bootstouren. Das „Land der tausend Seen“ hat auch Tausende von Inseln – in den Seen und in den Küstenarchipelen.,"Finnland ist ein großartiges Bootsreiseziel. Das ""Land der tausend Seen"" hat auch Tausende von Inseln, sowohl in den Seen als auch in den küstennahen Archipelen.",0.9070106744766235,0.8327765464782715,0.8683099150657654,0.8694053888320923,0.8144867420196533,0.8410505056381226
918,In den Archipeln und Seen benötigen Sie nicht unbedingt eine Yacht.,Für die Archipele und Seen brauchen Sie nicht unbedingt eine Yacht.,In den Archipelen und Seen braucht man nicht unbedingt eine Yacht.,0.9250814914703369,0.9377092123031616,0.9313525557518005,0.9219543933868408,0.935384213924408,0.9286206960678101
919,"Obwohl die Küstenarchipel und die größten Seen für jede Yacht groß genug sind, bieten kleinere Boote oder auch ein Kajak ein anderes Erlebnis.","Auch wenn die Küsten-Inselgruppen und die größten Seen tatsächlich groß genug für jede Jacht sind, bieten kleinere Boote oder sogar Kayaks eine andere Erfahrung.","Obwohl die Küstenarchipele und die größten Seen tatsächlich groß genug für jede Yacht sind, bieten kleinere Boote oder sogar ein Kajak ein anderes Erlebnis.",0.8854079246520996,0.8856467008590698,0.8855272531509399,0.9803977012634277,0.972594678401947,0.9764806032180786
920,"Das Boot ist ein nationales Freizeitprogramm in Finnland, mit einem Boot für alle sieben oder acht Personen.","Bootfahren ist die nationale Freizeitbeschäftigung in Finnland, jeder Sechste oder Achte besitzt ein Boot.","Bootfahren ist ein nationales Freizeitvergnügen in Finnland, mit einem Boot für jeweils sieben oder acht Personen.",0.7839652895927429,0.7446506023406982,0.7638023495674133,0.9261470437049866,0.9011123180389404,0.9134581685066223
921,"Dies wird von Norwegen, Schweden und Neuseeland angeglichen, aber andernfalls ziemlich einzigartig (z.B. in den Niederlanden ist die Zahl","Dies ist zwar vergleichbar mit Norwegen, Schweden und Neuseeland, aber sonst ziemlich einmalig (in den Niederlanden beträgt das Verhältnis beispielsweise eins zu vierzig.)","Dies wird von Norwegen, Schweden und Neuseeland erreicht, ist aber ansonsten ziemlich einzigartig (z. B. liegt die Zahl in den Niederlanden bei eins zu vierzig).",0.7962244749069214,0.7837620973587036,0.7899441123008728,0.8502335548400879,0.8198850154876709,0.8347834944725037
922,"Die meisten der verschiedenen Baltic Cruises bieten einen längeren Aufenthalt in St. Petersburg, Russland.",Die meisten reinen Ostseekreuzfahrten umfassen einen längeren Aufenthalt in St. Petersburg in Russland.,"Die meisten der verschiedenen Baltischen Kreuzfahrten bieten einen längeren Aufenthalt in St. Petersburg, Russland.",0.898271918296814,0.8759506940841675,0.8869709372520447,0.9522197842597961,0.9365092515945435,0.9442991018295288
923,"Das bedeutet, dass Sie die historische Stadt ein paar Tage lang besuchen können, während Sie nachts auf dem Schiff schlafen.","Das bedeutet, dass Sie die historische Stadt einige ganze Tage lang besuchen können, während Sie abends zurückkehren und auf dem Schiff übernachten.","Das bedeutet, dass Sie die historische Stadt für ein paar volle Tage besuchen können, während Sie nachts auf dem Schiff zurückkehren und schlafen.",0.9339406490325928,0.9143832921981812,0.9240584969520569,0.9683474898338318,0.9403234720230103,0.9541298151016235
924,"Wenn Sie nur mit Schiffsausflügen an Land gehen, benötigen Sie kein separates Visum (bis 2009).","Wenn Sie nur im Zuge der Bordexkursionen an Land gehen, brauchen Sie kein separates Visum (Stand 2009).","Wenn Sie nur an Land gehen, indem Sie Schiffs-Ausflüge unternehmen, benötigen Sie kein separates Visum (Stand 2009).",0.894252359867096,0.8980596661567688,0.8961520195007324,0.9366397857666016,0.9114046096801758,0.9238499402999878
925,"Einige Kreuzfahrten zeigen Berlin, Deutschland in den Broschüren: Wie Sie aus der Karte über Berlin sehen können, ist kein Ort in der Nähe des Meeres und ein","Einige Kreuzfahrten bieten in ihren Broschüren Berlin in Deutschland als Ziel an. Wie Sie auf der Karte oben sehen können, liegt Berlin weit vom Meer entfernt, und ein Besuch der Stadt ist nicht im Preis der Kreuzfahrt inbegriffen.","Einige Kreuzfahrten führen Berlin, Deutschland in den Broschüren auf. Wie Sie auf der obigen Karte sehen können, liegt Berlin weit entfernt vom Meer, und ein Besuch der Stadt ist im Preis der Kreuzfahrt nicht enthalten.",0.8084867000579834,0.7675442695617676,0.7874836921691895,0.8416085243225098,0.8119349479675293,0.8265054821968079
926,"Mit dem Flugzeug zu reisen kann ein schreckliches Erlebnis für Menschen aller Altersgruppen und Herkunft sein, insbesondere wenn sie noch nicht geflogen sind oder","Flugreisen können für Menschen in jedem Alter und aus jedem Lebensbereich eine beängstigende Erfahrung sein, besonders dann, wenn sie noch nie geflogen sind oder ein traumatisches Erlebnis hinter sich haben.","Das Reisen mit dem Flugzeug kann für Menschen jeden Alters und Hintergrunds eine beängstigende Erfahrung sein, insbesondere wenn sie noch nie geflogen sind oder ein traumatisches Ereignis erlebt haben.",0.7971698641777039,0.7786561846733093,0.7878042459487915,0.8160554766654968,0.7888511419296265,0.8022227883338928
927,"Es ist nicht etwas zu schämen: Es unterscheidet sich nicht von den persönlichen ngsten und Abneigungen anderer Dinge, die sehr viele Menschen haben.","Dafür muss man sich nicht schämen: Das ist nichts anderes als die persönlichen Ängste und Antipathien, die sehr viele Menschen haben.","Es ist nichts, wofür man sich schämen sollte: Es ist nicht anders als die persönlichen Ängste und Abneigungen gegenüber anderen Dingen, die sehr viele Menschen haben.",0.8115714192390442,0.8068774938583374,0.809217631816864,0.8754440546035767,0.8504489660263062,0.8627654910087585
928,"Für einige kann es hilfreich sein, etwas darüber zu verstehen, wie Flugzeuge funktionieren und was während eines Fluges geschieht, eine Angst zu überwinden, die","Mehr über die Funktionsweise von Flugzeugen und die Abläufe während eines Fluges zu erfahren, kann manchen helfen, die Angst zu überwinden, die mit dem Unbekannten oder mit dem Gefühl, keine Kontrolle zu haben, zusammenhängt.","Für manche kann es hilfreich sein, etwas darüber zu verstehen, wie Flugzeuge funktionieren und was während eines Fluges passiert, um eine Angst zu überwinden, die auf dem Unbekannten oder dem Gefühl, nicht die Kontrolle zu haben, beruht.",0.7635077238082886,0.7245760560035706,0.7435325980186462,0.9170589447021484,0.8145385980606079,0.8627638816833496
929,"Für die schnelle Lieferung von Dokumenten, Waren oder Ersatzteilen ist die Zeit sehr wichtig.","Kurierfirmen werden für die schnelle Lieferung von Dingen gut bezahlt. Häufig ist die Zeit ein sehr wichtiger Faktor bei Unternehmensdokumenten, Handelswaren oder Ersatzteilen für dringende Reparaturen.","Kurierunternehmen werden gut bezahlt, um Dinge schnell zu liefern. Häufig ist die Zeit bei Geschäftsdokumenten, Waren oder Ersatzteilen für eine dringende Reparatur sehr wichtig.",0.8627524971961975,0.7722922563552856,0.815019965171814,0.8488178253173828,0.7628890872001648,0.8035627603530884
930,"Auf einigen Strecken haben die größeren Unternehmen ihre eigenen Flugzeuge, aber für andere Strecken und kleinere Firmen gab es ein Problem.","Auf einigen Routen setzen die größeren Firmen ihre eigenen Flugzeuge ein, aber auf anderen Routen und bei kleineren Firmen traten Schwierigkeiten auf.","Auf einigen Strecken haben die größeren Unternehmen ihre eigenen Flugzeuge, aber für andere Strecken und kleinere Firmen gab es ein Problem.",0.887478768825531,0.8723909854888916,0.8798701167106628,0.9999999403953552,0.9999999403953552,0.9999999403953552
931,"Wenn sie die Dinge mit Luftfracht gesandt haben, dauert es auf einigen Strecken vielleicht Tage, um durch Entladen und Zoll zu gelangen.","Wenn sie Dinge via Luftfracht versendeten, konnten die Entladung und die Zollabfertigung auf einigen Routen mehrere Tage in Anspruch nehmen.","Wenn sie die Sachen per Luftfracht verschickt hätten, hätte es auf einigen Routen Tage dauern können, um die Entladung und den Zoll zu passieren.",0.7863236665725708,0.782584011554718,0.7844493389129639,0.8659014105796814,0.8414698839187622,0.853510856628418
932,Das Frühstücksbuffet war sehr reichhaltig und reichhaltig.,"Die einzige Möglichkeit, es schneller durchzubekommen, bestand darin, es als aufgegebenes Gepäck zu versenden. Die Vorschriften der Fluggesellschaften erlauben es nicht, Gepäck ohne einen Passagier zu versenden, und da kommen Sie ins Spiel.","Der einzige Weg, es schneller durchzubekommen, war, es als aufgegebenes Gepäck zu senden. Die Vorschriften der Fluggesellschaft erlauben es nicht, Gepäck ohne einen Passagier zu versenden, weshalb Sie ins Spiel kommen.",0.6474827527999878,0.5995808839797974,0.6226118206977844,0.6496635675430298,0.597638726234436,0.6225661635398865
933,"Die offensichtliche Möglichkeit, in der ersten oder in der Business Class zu fliegen, ist es, ein dickes Geld für das Privileg zu schmieden (","Die naheliegende Methode, in First oder Business-Class zu fliegen, ist es, einen dicken Batzen Geld für das Privileg hinzublättern (oder, noch besser, die eigene Firma dazu zu bringen, die Kosten zu übernehmen).","Die naheliegende Möglichkeit, in der ersten oder Business Class zu fliegen, besteht darin, eine dicke Geldsumme für das Privileg zu bezahlen (oder, besser noch, Ihr Unternehmen dazu zu bringen, es für Sie zu tun).",0.8360937833786011,0.7781559228897095,0.8060851097106934,0.8849391937255859,0.8068684339523315,0.8441024422645569
934,"Allerdings kommt dies nicht billig: Als raue Faustregeln können Sie erwarten, dass Sie bis zu viermal den normalen Wirtschaftstarif für Unternehmen zahlen","Das ist allerdings nicht billig: Als grobe Faustregel können Sie damit rechnen, dass Sie bis zum Vierfachen des normalen Economy-Tarifs für die Business- und das Elffache für die erste Klasse zahlen müssen!","Allerdings ist das nicht billig: Als grobe Faustregel kann man erwarten, dass man bis zu viermal den normalen Wirtschaftstarif für die Business Class und elfmal für die Erste Klasse bezahlt!",0.8254330158233643,0.7703303098678589,0.7969303131103516,0.8722499012947083,0.8259045481681824,0.8484448194503784
935,"Im Allgemeinen hat es keinen Sinn, auf Direktflügen von A nach B nach Ermäßigungen für geschäftliche oder erstklassige Sitzplätze zu suchen.","Im Allgemeinen ist es sinnlos, auf Direktflügen von A nach B auch nur nach Ermäßigungen für Business- oder Erste-Klasse-Sitze zu suchen.","Im Allgemeinen macht es keinen Sinn, nach Rabatten für Business- oder First-Class-Sitze auf Direktflügen von A nach B zu suchen.",0.8869010210037231,0.8917440176010132,0.8893159031867981,0.8651255369186401,0.8870266675949097,0.8759391903877258
936,"Die Fluggesellschaften wissen gut, dass es eine bestimmte Kerngruppe von Fluggästen gibt, die bereit sind, den höchsten Dollar für das Privileg zu bezahlen,","Die Fluggesellschaften wissen sehr wohl, dass es eine bestimmte Kerngruppe von Fliegern gibt, die für das Privileg, schnell und bequem an ihr Ziel zu kommen, bereit sind, viel Geld zu bezahlen und verlangen entsprechende Preise.","Die Fluggesellschaften wissen gut, dass es eine bestimmte Kerngruppe von Fluggästen gibt, die bereit ist, viel Geld zu bezahlen, um schnell und komfortabel an ihr Ziel zu kommen, und berechnen dementsprechend.",0.8967878222465515,0.8230526447296143,0.8583395481109619,0.891505777835846,0.8253190517425537,0.8571366667747498
937,Die Hauptstadt der Republik Moldau ist Chişinău.,"Die Hauptstadt von Moldawien ist Kischinau. Die einheimische Sprache ist Rumänisch, aber viele Menschen sprechen auch Russisch.","Die Hauptstadt von Moldawien ist Chișinău. Die Landessprache ist Rumänisch, aber Russisch wird weit verbreitet verwendet.",0.8290737867355347,0.7283458709716797,0.7754524350166321,0.8173470497131348,0.7369593381881714,0.7750744223594666
938,"Moldawien ist eine multiethnische Republik, die unter ethnischen Konflikten gelitten hat.","Moldawien ist eine multiethnische Republik, die unter ethnischen Konflikte gelitten hat.","Moldawien ist eine multiethnische Republik, die unter ethnischen Konflikten gelitten hat.",0.9952961802482605,0.9952961802482605,0.9952961802482605,0.9999998807907104,0.9999998807907104,0.9999998807907104
939,"1994 führte dieser Konflikt zur Schaffung der selbsternannten Transnistrienrepublik in Ostrepublik Moldau, die ihre eigene Regierung und Währung","1994 führte dieser Konflikt zur Gründung der selbsternannten Republik Transnistrien im östlichen Moldawien, die ihre eigene Regierung und Währung hat, jedoch von keinem UN-Mitgliedsland anerkannt ist.","Im Jahr 1994 führte dieser Konflikt zur Gründung der selbsternannten Transnistrien-Republik im östlichen Moldau, die über eine eigene Regierung und Währung verfügt, jedoch von keinem UN-Mitgliedsland anerkannt wird.",0.8510874509811401,0.7959994077682495,0.8226221799850464,0.8561044931411743,0.7976827025413513,0.8258617520332336
940,Trotz des Scheiterns der politischen Verhandlungen wurden wirtschaftliche Verbindungen zwischen diesen beiden Teilen der Republik Moldau wieder hergestellt.,Trotz des Scheiterns der politischen Verhandlungen konnten die wirtschaftlichen Beziehungen zwischen diesen beiden Teilen der Republik Moldau wiederhergestellt werden.,"Wirtschaftliche Verbindungen wurden zwischen diesen beiden Teilen Moldawiens wiederhergestellt, trotz des Scheiterns der politischen Verhandlungen.",0.9776997566223145,0.9563404321670532,0.9669021964073181,0.9037420153617859,0.887798011302948,0.8956990838050842
941,Die wichtigste Religion in Moldawien ist orthodoxer Christ.,Die wichtigste Religion in Moldawien ist die christlich-orthodoxe.,Die größte Religion in Moldawien ist das orthodoxe Christentum.,0.9405624866485596,0.904490053653717,0.9221736788749695,0.9477105140686035,0.9414882063865662,0.9445890784263611
942,"zmir ist die drittgrößte Stadt der Türkei mit einer Bevölkerung von rund 3,7 Millionen Einwohnern, der zweitgrößte Hafen nach Istanbul und ein sehr gutes Verkehrs","Izmir ist die drittgrößte Stadt der Türkei mit einer Bevölkerung von etwa 3,7 Millionen, dem zweitgrößten Hafen nach Istanbul und einem sehr guten Verkehrsdrehkreuz.","İzmir ist die drittgrößte Stadt in der Türkei mit einer Bevölkerung von etwa 3,7 Millionen, dem zweitgrößten Hafen nach Istanbul und einem sehr guten Verkehrsknotenpunkt.",0.8950995802879333,0.8674390912055969,0.8810523152351379,0.8820925951004028,0.8802824020385742,0.8811865448951721
943,"Einst die antike Stadt Smyrna, ist sie heute ein modernes, entwickeltes und belebtes Handelszentrum, umgeben von einer riesigen Bucht","Die einstige antike Stadt Smyrna ist heute ein modernes, fortschrittliches und geschäftiges Geschäftszentrum, das sich an einer riesigen Bucht befindet und von Bergen umgeben ist.","Einst die antike Stadt Smyrna, ist sie heute ein modernes, entwickeltes und geschäftiges Handelszentrum, das sich um eine riesige Bucht gruppiert und von Bergen umgeben ist.",0.8516086339950562,0.8164933323860168,0.8336813449859619,0.9256131052970886,0.8671000003814697,0.8954015970230103
944,"Die großen Boulevards, die Glasfrontgebäude und moderne Einkaufszentren sind mit traditionellen roten Dächern, dem Markt aus dem 18. Jahrhundert und alten Mosche","Die breiten Boulevards, verglasten Gebäude und modernen Einkaufszentren sind geprägt von klassischen roten Ziegeldächern, dem Markt aus dem 18. Jahrhundert sowie alten Moscheen und Kirchen, obwohl die Stadt eher eine Atmosphäre des mediterranen Europas ausstrahlt als die der traditionellen Türkei.","Die breiten Boulevards, gläsernen Gebäude und modernen Einkaufszentren sind gespickt mit traditionellen roten Ziegeldächern, dem Marktplatz aus dem 18. Jahrhundert sowie alten Moscheen und Kirchen, obwohl die Stadt eher eine Atmosphäre von mediterranem Europa als von traditionellem Türkei hat.",0.8734445571899414,0.7549257874488831,0.8098720908164978,0.8817515969276428,0.7664755582809448,0.8200823664665222
945,Das Dorf Haldarsvk bietet einen Blick auf die nahe gelegene Insel Eysturoy und hat eine ungewöhnliche okkoonale,Das Dorf Haldarsvík bietet Aussichten auf die nahegelegene Insel Eysturoy und hat eine ungewöhnliche achteckige Kirche.,Das Dorf Haldarsvík bietet einen Blick auf die nahegelegene Insel Eysturoy und hat eine ungewöhnliche achteckige Kirche.,0.8578649759292603,0.8538330793380737,0.855844259262085,0.874279260635376,0.8709534406661987,0.8726131916046143
946,Auf dem Friedhof gibt es interessante Marmorskulpturen über einige Gräber.,Auf dem Friedhof gibt es über einigen Gräbern interessante Marmorskulpturen von Tauben.,Im Friedhof gibt es interessante Marmorskulpturen von Tauben über einigen Gräbern.,0.9428008794784546,0.9133656024932861,0.9278498291969299,0.961258053779602,0.9359457492828369,0.9484330415725708
947,"Es lohnt sich eine halbe Stunde, um das faszinierende Dorf zu spazieren.","Es lohnt sich, eine halbe Stunde durch das faszinierende Dorf zu bummeln.","Es lohnt sich, eine halbe Stunde in dem faszinierenden Dorf umherzuschlendern.",0.9015485048294067,0.8994561433792114,0.9005011320114136,0.8798200488090515,0.8536613583564758,0.8665432929992676
948,"Im Norden und in der Nähe befindet sich die romantische und faszinierende Stadt Sintra, die ausländischen Besuchern nach einem glitzernden Bericht über seine Pracht","Im Norden und in unmittelbarer Nähe liegt die romantische und faszinierende Stadt Sintra, die Ausländern bekannt wurde, nachdem Lord Byron ihre Pracht in leuchtenden Farben beschrieben hatte.","Nach Norden und leicht erreichbar liegt die romantische und faszinierende Stadt Sintra, die bei Ausländern durch den schwärmerischen Bericht über ihre Pracht, verfasst von Lord Byron, berühmt wurde.",0.8381849527359009,0.8025388717651367,0.8199747204780579,0.8451401591300964,0.7692553997039795,0.8054142594337463
949,Scotturb Bus 403 fährt regelmäßig nach Sintra und hält an Cabo da Roca.,Der Scotturb-Bus 403 fährt regelmäßig über Cabo da Roca nach Sintra.,Der Scotturb Bus 403 fährt regelmäßig nach Sintra und hält am Cabo da Roca.,0.9168930053710938,0.9226098656654358,0.9197425842285156,0.9794520735740662,0.9683587551116943,0.9738737940788269
950,"Auch im Norden besuchen Sie das große Heiligtum unserer Frau von Fatima (Schrein), ein Ort der weltweit berühmten Marienerscheinungen.","Besuchen Sie ebenfalls im Norden das große Heiligtum Unserer Lieben Frau des Rosenkranzes von Fatima (Wallfahrtsort) – ein Ort, der weltberühmt für seine Marienerscheinungen ist.","Besuchen Sie auch im Norden das große Heiligtum Unserer Lieben Frau von Fatima, einem weltweit bekannten Ort marianischer Erscheinungen.",0.8496548533439636,0.8181939721107483,0.8336277008056641,0.8298525214195251,0.864307701587677,0.8467296957969666
951,"Bitte denken Sie daran, dass Sie im Wesentlichen einen Massengräber-Standort besuchen, sowie einen Ort, der für einen beträchtlichen Teil","Bitte denken Sie daran, dass Sie im Grunde genommen eine Massengrabstätte sowie einen Ort besuchen, der für einen erheblichen Teil der Weltbevölkerung eine fast unermessliche Bedeutung hat.","Bitte denken Sie daran, dass Sie im Wesentlichen eine Massengrabstätte besuchen, sowie einen Ort, der eine nahezu unermessliche Bedeutung für einen bedeutenden Teil der Weltbevölkerung hat.",0.8153162002563477,0.7703354358673096,0.7921878099441528,0.8431750535964966,0.8009496927261353,0.8215200901031494
952,"Es gibt immer noch viele Männer und Frauen, die ihre Zeit hier überlebt haben, und viele andere, die dort Angehörige ermordet oder getötet hatten, Juden","Es leben noch viele Männer und Frauen, die ihre Zeit hier überlebt haben, und viele weitere mit Angehörigen, die dort ermordet wurden oder sich zu Tode arbeiteten, Juden und Nichtjuden gleichermaßen.","Es gibt immer noch viele Männer und Frauen, die ihre Zeit hier überlebt haben, und viele weitere, die Angehörige hatten, die dort ermordet oder zu Tode gearbeitet wurden, sowohl Juden als auch Nicht-Juden.",0.9021401405334473,0.8300774097442627,0.8646098375320435,0.921083927154541,0.8542412519454956,0.8864042162895203
953,"Bitte behandeln Sie die Website mit der Würde, der Feierlichkeit und dem Respekt, den sie verdient, und machen Sie keine Witz über den Holocaust oder Nazis.","Bitte behandeln Sie diese Stätte mit der Würde, der Ehrfurcht und dem Respekt, die ihr gebühren. Machen Sie keine Witze über den Holocaust oder die Nazis.","Bitte behandeln Sie die Stätte mit all der Würde, Ernsthaftigkeit und dem Respekt, den sie verdient. Machen Sie keine Witze über den Holocaust oder Nazis.",0.8991608023643494,0.8842135667800903,0.8916246294975281,0.9189938306808472,0.9155501127243042,0.917268693447113
954,Nehmen Sie die Website nicht durch das Markieren oder Kratzen von Graffiti in Strukturen.,Verschandeln Sie die Stätte nicht durch Anbringen oder Einkratzen von Graffiti.,"Bitte verunstalten Sie die Seite nicht, indem Sie Graffiti in die Strukturen ritzen oder markieren.",0.8517208695411682,0.8417689800262451,0.8467156887054443,0.7985012531280518,0.7829622626304626,0.7906553745269775
955,Barcelonas Amtssprachen sind Katalanisch und Spanisch.,"Die offiziellen Sprachen von Barcelona sind Katalanisch und Spanisch. Ungefähr die Hälfte der Einwohner spricht lieber Katalanisch, die große Mehrheit versteht es, und so gut wie jeder kann Spanisch.","Die offiziellen Sprachen Barcelonas sind Katalanisch und Spanisch. Etwa die Hälfte der Menschen zieht es vor, Katalanisch zu sprechen, eine überwältigende Mehrheit versteht es, und nahezu jeder kennt Spanisch.",0.865685760974884,0.6905803680419922,0.7682819962501526,0.8662972450256348,0.6946748495101929,0.7710514664649963
956,"Die meisten Zeichen werden jedoch nur in Katalonien angezeigt, weil sie gesetzlich als erste Amtssprache festgelegt sind.","Die meisten Schilder sind jedoch nur in Katalanisch angegeben, da es gesetzlich als erste Amtssprache festgelegt ist.","Allerdings sind die meisten Schilder nur auf Katalanisch angegeben, da es gesetzlich als die erste Amtssprache festgelegt ist.",0.8968955874443054,0.898511528968811,0.8977028727531433,0.8707709312438965,0.8703427910804749,0.8705568313598633
957,Aber Spanisch wird auch in den öffentlichen Verkehrsmitteln und anderen Einrichtungen weit verbreitet.,Dennoch ist Spanisch auch in öffentlichen Verkehrsmitteln und anderen Einrichtungen weit verbreitet.,Trotzdem wird Spanisch auch häufig im öffentlichen Verkehr und in anderen Einrichtungen verwendet.,0.9562028050422668,0.9635365605354309,0.9598556756973267,0.8868144750595093,0.8881382942199707,0.887475848197937
958,"In der Metro werden regelmäßig Ankündigungen nur in Katalonien gemacht, aber unvorhergesehene Störungen werden durch ein automatisiertes System in einer Vielzahl","Normale Durchsagen erfolgen in der Metro ausschließlich auf Katalanisch, aber unvorhergesehene Störungen werden von einem automatisierten System in einer Vielzahl von Sprachen gemeldet, darunter Spanisch, Englisch, Französisch, Arabisch und Japanisch.","Regelmäßige Durchsagen in der U-Bahn werden nur auf Katalanisch gemacht, aber unvorhergesehene Störungen werden von einem automatisierten System in einer Vielzahl von Sprachen angekündigt, darunter Spanisch, Englisch, Französisch, Arabisch und Japanisch.",0.8405361175537109,0.7542948722839355,0.79508376121521,0.8548835515975952,0.760650634765625,0.8050188422203064
959,"Pariser haben den Ruf, egozentrisch, höflich und arrogant zu sein.","Parisern sagt man nach, egozentrisch, unhöflich und arrogant zu sein.","Die Pariser haben den Ruf, egozentrisch, unhöflich und arrogant zu sein.",0.9145941734313965,0.9032167792320251,0.9088698625564575,0.9727286696434021,0.9559789896011353,0.9642811417579651
960,"Während dies oft nur ein falsches Klischee ist, ist es die beste Art, in Paris mitzumachen, wie jemand, der ""bien","Auch wenn dies oft nur ein unzutreffendes Klischee ist, so findet man sich in Paris doch am besten zurecht, wenn man sich von seiner besten Seite zeigt und sich wie jemand benimmt, der „bien élevé“ (wohlerzogen) ist. Das wird das Zurechtkommen erheblich erleichtern.","Während dies oft nur ein ungenaues Klischee ist, ist es dennoch am besten, sich in Paris wie jemand zu verhalten, der „bien élevé“ (gut erzogen) ist. Das macht es erheblich einfacher, sich zurechtzufinden.",0.7955588698387146,0.7044055461883545,0.7472124695777893,0.8435066342353821,0.7485928535461426,0.793220579624176
961,"Die abrupten ußerungen der Pariser werden sich schnell verdunkeln, wenn man einige grundlegende Höflichkeiten anzeigt.","Das barsche Äußere der Pariser verschwindet ganz schnell, wenn Sie grundlegende Manieren an den Tag legen.","Die abrupten Äußeren der Pariser werden schnell verschwinden, wenn Sie einige grundlegende Höflichkeiten zeigen.",0.7814212441444397,0.7870030999183655,0.7842022180557251,0.8940364122390747,0.9150842428207397,0.9044378995895386
962,"Der Nationalpark der Plitvicer Seen ist stark bewaldet, hauptsächlich mit Buchen, Fichten und Tannenbäumen und bietet eine Mischung aus alpin","Der Nationalpark Plitwitzer Seen ist stark bewaldet, es gibt hauptsächlich Buchen, Fichten und Tannen und er bietet eine Mischung aus alpiner und mediterraner Vegetation.","Der Nationalpark Plitvicer Seen ist stark bewaldet, hauptsächlich mit Buchen, Fichten und Tannen, und weist eine Mischung aus alpin-mediterraner Vegetation auf.",0.8698357939720154,0.823261559009552,0.8459080457687378,0.9077173471450806,0.8497356176376343,0.8777700066566467
963,"Es hat eine bemerkenswerte Vielfalt an Pflanzengemeinschaften, aufgrund seiner Vielfalt an Mikroklima, unterschiedlichen Böden und unterschiedlichen Höhen.","Er verfügt dank seiner zahlreichen Mikroklimas, verschiedener Böden und abwechselnder Höhenlagen über eine bemerkenswert große Vielfalt an Pflanzengesellschaften.","Es hat eine bemerkenswert breite Vielfalt an Pflanzengemeinschaften, aufgrund seiner Vielzahl von Mikroklimata, unterschiedlichem Boden und variierenden Höhenlagen.",0.8586894869804382,0.83062344789505,0.8444232940673828,0.9195168018341064,0.906215488910675,0.9128177165985107
964,Das Gebiet bietet auch eine äußerst große Vielfalt an Tier- und Vogelarten.,Das Gebiet ist zudem Heimat einer äußerst großen Vielfalt von Tier- und Vogelarten.,Das Gebiet beherbergt auch eine extrem große Vielfalt an Tier- und Vogelarten.,0.9419546723365784,0.9308754801750183,0.9363822937011719,0.9719530344009399,0.9400119781494141,0.9557156562805176
965,"Hier finden sich seltene Tierarten wie der europäische Braunbär, Wolf, Adler, Eichen, Lynx, Wildkatze und Capercaillie sowie viele","Dort gibt es seltene Fauna wie europäische Braunbären, Wölfe, Adler, Eulen, Luchse, Wildkatzen und Auerhühner sowie viele generell häufiger vorkommende Arten.","Seltene Tiere wie der europäische Braunbär, der Wolf, der Adler, die Eule, der Luchs, die Wildkatze und der Auerhahn sind dort anzutreffen, zusammen mit vielen weiteren häufigeren Arten.",0.8377587199211121,0.8071211576461792,0.8221546411514282,0.8254690170288086,0.7959346771240234,0.8104329109191895
966,"Beim Besuch der Klöster müssen Frauen Röcke tragen, die die Knie bedecken und auch die Schultern bedecken.","Beim Besuch der Klöster müssen Frauen Röcke tragen, die bis über die Knie reichen, und außerdem ihre Schultern bedecken.","Beim Besuch der Klöster müssen Frauen Röcke tragen, die die Knie bedecken, und auch ihre Schultern müssen bedeckt sein.",0.9494089484214783,0.9259043335914612,0.9375093579292297,0.9640015363693237,0.9343692064285278,0.9489541053771973
967,"Die meisten Klöster bieten den Frauen, die unvorbereitet kommen, Wraps, aber wenn Sie Ihre eigenen, besonders eine mit hellen Farben, bekommen Sie ein Lä","In den meisten Klöstern gibt es zwar Wickelröcke für Frauen, die unvorbereitet kommen, aber wenn Sie Ihren eigenen mitbringen, vor allem einen in leuchtenden Farben, wird Ihnen der Mönch oder die Nonne am Eingang ein Lächeln schenken.","Die meisten Klöster stellen Umhänge für Frauen zur Verfügung, die unvorbereitet kommen, aber wenn Sie Ihre eigenen mitbringen, besonders einen in hellen Farben, dann werden Sie ein Lächeln von dem Mönch oder der Nonne am Eingang erhalten.",0.8408501148223877,0.7638981342315674,0.8005291223526001,0.868838369846344,0.7942178249359131,0.8298540115356445
968,"In der gleichen Linie müssen Männer Hosen tragen, die die Knie bedecken.","Analog dazu müssen Männer Hosen tragen, die über die Knie reichen.","In ähnlicher Weise sind Männer verpflichtet, Hosen zu tragen, die die Knie bedecken.",0.8859873414039612,0.9037416577339172,0.8947764039039612,0.9231426119804382,0.8890324831008911,0.9057665467262268
969,"Auch dies kann man aus dem Lager am Eingang leihen, aber diese Kleidung wird nicht nach jedem Anwender gewaschen, so dass Sie sich vielleicht nicht komfortabel fühlen","Auch diese können am Eingang aus dem Bestand ausgeliehen werden, aber die Kleidung wird nicht nach jedem Benutzer gewaschen, sodass Sie sich in diesen Röcken möglicherweise nicht wohlfühlen. Für alle Männer gibt es eine Einheitsgröße!","Das kann ebenfalls aus dem Lager am Eingang entliehen werden, aber diese Kleidung wird nicht nach jedem Benutzer gewaschen, sodass Sie sich möglicherweise nicht wohlfühlen, diese Röcke zu tragen. Eine Größe passt allen für Männer!",0.8213962912559509,0.7816435098648071,0.8010269999504089,0.8455463647842407,0.8004553318023682,0.8223831653594971
970,"Die mallorquinische Küche, wie die der vergleichbaren Zonen im Mittelmeer, basiert auf Brot, Gemüse und Fleisch (spezial Schweinefleisch)","Die mallorquinische Küche basiert, wie die in ähnlichen Gebieten des Mittelmeers, auf Brot, Gemüse und Fleisch (insbesondere Schweinefleisch) und verwendet stets Olivenöl.","Die mallorquinische Küche, ähnlich wie die in anderen Mittelmeergebieten, basiert auf Brot, Gemüse und Fleisch (insbesondere Schweinefleisch) und verwendet durchgehend Olivenöl.",0.891485333442688,0.8771965503692627,0.8842832446098328,0.8961962461471558,0.8823996186256409,0.8892444372177124
971,"Ein einfaches beliebtes Abendessen, besonders im Sommer, ist das Pa amb Oli: Brot mit Olivenöl, Tomaten, und alle verfügbaren Gewürze","Ein einfaches beliebtes Abendessen, besonders im Sommer, ist das Pa amb Oli: Brot mit Olivenöl, Tomaten und jeglicher gerade verfügbarer Zutat wie Käse, Thunfisch usw.","Ein einfaches beliebtes Abendessen, besonders im Sommer, ist das Pa amb Oli: Brot mit Olivenöl, Tomate und allen verfügbaren Beilagen wie Käse, Thunfisch usw.",0.9316981434822083,0.9018179774284363,0.9165145754814148,0.9419626593589783,0.918794572353363,0.9302343726158142
972,"Alle Knoten, neben dem Wort Sie für Sie, beginnen immer mit einem Hauptbuchstaben, selbst in der Mitte eines Satzes.","""Alle Substantive beginnen neben dem Wort Sie für """"you"""" immer mit einem Großbuchstaben, auch in der Mitte eines Satzes.""","Alle Nomen, sowie das Wort Sie für Sie, beginnen immer mit einem Großbuchstaben, selbst mitten im Satz.",0.8670864105224609,0.8227092027664185,0.8443150520324707,0.8905251622200012,0.9131139516830444,0.9016780853271484
973,"Dies ist eine wichtige Möglichkeit, zwischen einigen Verben und Objekten zu unterscheiden.",Das ist eine wichtige Art um zwischen einigen Verben und Objekten zu unterscheiden.,"Dies ist eine wichtige Methode, um zwischen einigen Verben und Objekten zu unterscheiden.",0.9476255774497986,0.9476255774497986,0.9476255774497986,0.9618949890136719,0.9530289769172668,0.9574414491653442
974,"Es erleichtert auch das Lesen, obwohl das Schreiben etwas kompliziert ist durch die Notwendigkeit herauszufinden, ob ein verbales oder","Es macht wohl auch das Lesen einfacher, aber das Schreiben ist einigermaßen schwierig, weil man feststellen muss, ob ein Tunwort oder Eigenschaftswort als Hauptwort verwendet wird.","Es erleichtert auch das Lesen, obwohl das Schreiben etwas kompliziert wird durch die Notwendigkeit herauszufinden, ob ein Verb oder Adjektiv in substantivierter Form verwendet wird.",0.7615759372711182,0.7308989763259888,0.7459222078323364,0.9073006510734558,0.8353182077407837,0.8698227405548096
975,"Die Verkündung ist in Italien relativ einfach, da die meisten Worte genau ausgesprochen werden, wie sie geschrieben werden.","Die italienische Aussprache ist relativ einfach, da die meisten Wörter genau so ausgesprochen werden, wie sie geschrieben sind.","Die Aussprache ist im Italienischen relativ einfach, da die meisten Wörter genau so ausgesprochen werden, wie sie geschrieben werden.",0.8927765488624573,0.9059532284736633,0.899316668510437,0.9203881621360779,0.9190659523010254,0.919726550579071
976,"Die Hauptbuchstaben zu beachten sind c und g, da ihre Aussprache auf der Grundlage des folgenden Vokals variiert.","Die wichtigsten Buchstaben, auf die man achten muss, sind c und g, da ihre Aussprache je nach Folgevokal variiert.","Die wichtigsten Buchstaben, auf die man achten sollte, sind c und g, da ihre Aussprache je nach folgendem Vokal variiert.",0.8564000129699707,0.8356947898864746,0.8459206819534302,0.8724321126937866,0.8426586985588074,0.8572869896888733
977,"Außerdem sollten Sie r und rr anders aussprechen: caro bedeutet lieber, während carro bedeutet Chariot.","""Achten Sie auch darauf, r und rr unterschiedlich auszusprechen: caro bedeutet """"lieb"""", wohingegen carro """"Streitwagen"""" bedeutet.""","Außerdem sollten Sie darauf achten, r und rr unterschiedlich auszusprechen: caro bedeutet lieb, während carro Wagen bedeutet.",0.8278737664222717,0.7450239062309265,0.7842668890953064,0.900747537612915,0.855381965637207,0.8774787783622742
978,Persisch hat eine relativ einfache und meist reguläre Grammatik.,Die persische Sprache hat eine relativ einfache und größtenteils regelmäßige Grammatik.,Persisch hat eine relativ einfache und überwiegend regelmäßige Grammatik.,0.9183201789855957,0.914408802986145,0.9163603186607361,0.9550082683563232,0.9702100157737732,0.9625491499900818
979,"Das Lesen dieses Grammatikprimers würde Ihnen helfen, viel über die persische Grammatik zu lernen und Phrasen besser zu verstehen.","Deswegen würde Ihnen die Lektüre dieser einführenden Grammatik helfen, viel über die persische Grammatik zu lernen und Formulierungen besser zu verstehen.","Daher würde das Lesen dieses Grammatikleitfadens Ihnen helfen, viel über die persische Grammatik zu lernen und Phrasen besser zu verstehen.",0.8943975567817688,0.8720417618751526,0.8830782175064087,0.9602519869804382,0.9347578287124634,0.9473333954811096
980,"Selbstverständlich wird es Ihnen leichter sein, Portugiesisch zu lernen, wenn Sie eine romanische Sprache kennen.","Wenn man eine romanische Sprache spricht, ist es  natürlich leichter, Portugiesisch zu erlernen.","Unnötig zu sagen, wenn Sie eine romanische Sprache sprechen, wird es Ihnen leichter fallen, Portugiesisch zu lernen.",0.8255234956741333,0.8715158700942993,0.8478964567184448,0.8790000081062317,0.8797719478607178,0.8793858289718628
981,"Menschen, die ein wenig Spanisch kennen, können jedoch übereilt zu dem Schluss kommen, dass Portugiesisch nah genug ist, dass es nicht getrennt","Menschen, die etwas Spanisch sprechen, könnten jedoch vorschnell zu dem Schluss kommen, dass Portugiesisch so ähnlich ist, dass man es nicht extra lernen muss.","Jedoch könnten Personen, die ein wenig Spanisch kennen, voreilig zu dem Schluss kommen, dass Portugiesisch nahe genug ist, sodass es nicht separat gelernt werden muss.",0.8497953414916992,0.8329812288284302,0.8413043022155762,0.8659021258354187,0.8302112817764282,0.8476812243461609
982,Vormoderne Beobachtungsstellen sind heute in der Regel überholt und bleiben als Museen oder Bildungsstätten.,Vormoderne Sternwarten sind heute normalerweise nicht mehr in Betrieb und dienen als Museen oder Bildungsorte.,Vormoderne Observatorien sind heute in der Regel obsolet und dienen meist als Museen oder Bildungseinrichtungen.,0.872187077999115,0.8873235583305359,0.8796901702880859,0.9068516492843628,0.9065132141113281,0.9066823720932007
983,"Da die leichte Verschmutzung in ihrer Blütezeit nicht das Problem war, das sie heute ist, befinden sie sich in der Regel in Städten oder an Universitäten, die leichter zu","Da die Lichtverschmutzung während ihrer Hochphase nicht das Problem darstellte, das es heute ist, befinden sie sich in der Regel in Städten oder auf Universitätsgeländen, die leichter zu erreichen sind als die in neuerer Zeit errichteten.","Da die Lichtverschmutzung zu ihrer Blütezeit nicht das Problem war, das sie heute ist, befinden sie sich normalerweise in Städten oder auf Campus, die leichter zu erreichen sind als die in moderner Zeit errichteten.",0.8741831183433533,0.8187556266784668,0.8455619812011719,0.8955395817756653,0.8494628667831421,0.8718928694725037
984,Die meisten modernen Forschungsteleskope sind enorme Einrichtungen in abgelegenen Gebieten mit günstigen atmosphärischen Bedingungen.,Die meisten modernen Forschungsteleskope sind gewaltige Einrichtungen in entlegenen Gebieten mit günstigen atmosphärischen Bedingungen.,Die meisten modernen Forschungsteleskope sind riesige Einrichtungen in abgelegenen Gebieten mit günstigen atmosphärischen Bedingungen.,0.9669685959815979,0.961403489112854,0.9641779661178589,0.9872109293937683,0.9717821478843689,0.9794358015060425
985,"Die Beobachtung von Kirschblüten, bekannt als hanami, ist seit dem 8. Jahrhundert Teil der japanischen Kultur.","Das Betrachten der Kirschblüten, bekannt als Hanami, ist seit dem 8. Jahrhundert Teil der japanischen Kultur.","Das Betrachten der Kirschblüten, bekannt als Hanami, ist seit dem 8. Jahrhundert Teil der japanischen Kultur.",0.9570549726486206,0.9570223093032837,0.9570386409759521,0.9570549726486206,0.9570223093032837,0.9570386409759521
986,"Das Konzept kam aus China, wo Pflaumenblüten die bevorzugte Blume waren.","Das Konzept stammt aus China, wo Pflaumenblüten die Blume der Wahl darstellten.","Das Konzept stammt aus China, wo die Ume-Blüten die bevorzugte Blume waren.",0.909683108329773,0.9154345989227295,0.9125497937202454,0.88508141040802,0.9078779816627502,0.8963347673416138
987,In Japan wurden die ersten Kirschblütenpartys vom Kaiser nur für sich selbst und andere Mitglieder der Aristokratie rund um den Kaisershof veranstaltet.,In Japan wurden die ersten Kirschblütenfeste vom Kaiser nur für sich selbst und andere Adelsangehörige im Umfeld des kaiserlichen Hofs abgehalten.,In Japan fanden die ersten Kirschblütenfeste nur für den Kaiser selbst und andere Mitglieder der Aristokratie rund um den Kaiserhof statt.,0.895296037197113,0.8847023248672485,0.8899677395820618,0.9285693764686584,0.9550288319587708,0.9416132569313049
988,"Die Pflanzen schauen ihre besten, wenn sie in einer natürlichen Umgebung aussehen, so dass sie der Versuchung widerstehen, sogar ""ein einziges"" Exemplar zu entfernen.","""Pflanzen sehen in ihrer natürlichen Umgebung am besten aus, widerstehen Sie also der Versuchung, auch """"nur ein"""" Exemplar zu entfernen.""","Pflanzen sehen am besten aus, wenn sie sich in einer natürlichen Umgebung befinden, also widerstehe der Versuchung, auch nur ein ""einziges"" Exemplar zu entfernen.",0.8212253451347351,0.839406430721283,0.8302163481712341,0.8851325511932373,0.899592399597168,0.8923038840293884
989,"Wenn Sie einen formellen Garten besuchen, werden Sie auch ohne Diskussion ""Specimens"" sammeln.","Wenn man einen formell angelegten Garten besucht und „Proben“ sammelt, wird man ebenfalls ohne Diskussion hinausgeworfen.","Wenn Sie einen formell angelegten Garten besuchen, wird das Sammeln von ""Exemplaren"" ebenfalls dazu führen, dass Sie ohne Diskussion des Geländes verwiesen werden.",0.8211184740066528,0.7969383597373962,0.8088477849960327,0.8666700124740601,0.8006696701049805,0.8323635458946228
990,"Singapur ist im Allgemeinen ein sehr sicherer Ort, um zu sein und sehr einfach zu navigieren, und Sie können fast alles kaufen, nachdem Sie angekommen sind.","Singapur ist im Allgemeinen ein äußerst sicherer Ort, an dem man sich gut zurechtfindet und nach der Ankunft fast alles kaufen kann.","Singapur ist im Allgemeinen ein äußerst sicherer Ort und sehr einfach zu navigieren, und man kann fast alles kaufen, nachdem man angekommen ist.",0.7923171520233154,0.806627631187439,0.7994083762168884,0.9255099296569824,0.9498205184936523,0.9375076293945312
991,"Aber wenn man sich nur wenige Grad nördlich des quators in den ""Hochtropien"" befindet, muss man sowohl mit Hitze (","Da Sie sich in den extremen Tropen und nur ein paar Grad nördlich des Äquators befinden, müssen Sie sowohl mit Hitze (immer) als auch starker Sonne (wenn der Himmel klar ist, seltener) rechnen.","Aber da du dich in den ""hohen Tropen"", nur wenige Grad nördlich des Äquators, befindest, musst du dich sowohl mit der Hitze (immer) als auch mit der starken Sonneneinstrahlung (wenn der Himmel klar ist, seltener) auseinandersetzen.",0.7661962509155273,0.7058162689208984,0.7347679138183594,0.7634998559951782,0.6817538738250732,0.7203149795532227
992,"Es gibt auch einige Busse nördlich nach Hebron, dem traditionellen Grabstätte der biblischen Patriarchen Abraham, Isaak, Jakob","Es gibt außerdem ein paar Busse, die nordwärts nach Hebron, der traditionellen Begräbnisstätte der biblischen Patriarchen Abraham, Isaak, Jakob und deren Ehefrauen, fahren.","Es gibt auch einige Busse, die nach Norden nach Hebron fahren, dem traditionellen Begräbnisort der biblischen Patriarchen Abraham, Isaak, Jakob und ihrer Frauen.",0.8935117721557617,0.829069972038269,0.8600854277610779,0.9205799102783203,0.8695356845855713,0.8943300247192383
993,"Überprüfen Sie, dass der Bus, den Sie denken, in Hebron und nicht nur in die nahe gelegene jüdische Siedlung Kiryat Ar","Stellen Sie sicher, dass der Bus, mit dem Sie fahren möchten, nach Hebron fährt und nicht nur in die nahegelegene jüdische Siedlung Kirjat Arba.","Überprüfen Sie, ob der Bus, den Sie nehmen möchten, nach Hebron fährt und nicht nur zum nahegelegenen jüdischen Siedlungsgebiet Kiryat Arba.",0.8643800616264343,0.8422718644142151,0.8531827926635742,0.8899734020233154,0.8568640947341919,0.8731049299240112
994,"Inländische Wasserstraßen können ein gutes Thema sein, um einen Urlaub zu gründen.",Binnenwasserstraßen können eine gute Grundlage für die Urlaubsplanung sein.,Binnengewässer können ein gutes Thema für einen Urlaub sein.,0.8201947212219238,0.8473037481307983,0.8335288166999817,0.8320844173431396,0.8820213675498962,0.8563254475593567
995,"Zum Beispiel Schlösser im Loiretal, im Rheintal oder eine Kreuzfahrt zu interessanten Zitats an der Donau oder Bootsfahrt entlang des Eriekan","Beispielsweise Schlossbesichtigungen im Loiretal, im Rheintal oder eine Kreuzfahrt zu interessanten Städten an der Donau oder eine Bootsfahrt entlang des Eriekanals.","Zum Beispiel den Besuch von Schlössern im Loiretal, im Rheintal oder eine Kreuzfahrt zu interessanten Städten an der Donau oder Bootsfahrten entlang des Erie-Kanals.",0.8988932371139526,0.8974469900131226,0.8981695771217346,0.9086459279060364,0.8862056136131287,0.897285521030426
996,Sie definieren auch Routen für beliebte Wander- und Radwege.,Sie stellen auch beliebte Wander- und Radwanderrouten dar.,Sie definieren auch Routen für beliebte Wander- und Radwege.,0.8619511723518372,0.8784366846084595,0.8701158165931702,1.0,1.0,1.0
997,Weihnachten ist einer der wichtigsten Feiertage des Christentums und wird als Geburtstag Jesu gefeiert.,Im Christentum ist Weihnachten einer der wichtigsten Feiertage und gilt als Geburtstag von Jesus.,Weihnachten ist eines der wichtigsten Feste des Christentums und wird als der Geburtstag von Jesus gefeiert.,0.88872891664505,0.9049584269523621,0.8967702388763428,0.9615241289138794,0.9538134336471558,0.9576532244682312
998,Viele der Traditionen rund um den Urlaub wurden auch von Nichtgläubigen in christlichen Ländern und Nicht-Christen auf der ganzen Welt übernommen.,Viele der Traditionen um das Fest wurden überall auf der Welt auch von Nichtgläubigen in christlichen und nichtchristlichen Ländern übernommen.,Viele der Traditionen rund um das Fest wurden auch von Nichtgläubigen in christlichen Ländern und von Nicht-Christen auf der ganzen Welt übernommen.,0.9078273177146912,0.9080982208251953,0.9079627394676208,0.9621398448944092,0.9677441120147705,0.9649338722229004
999,"Es gibt eine Tradition, die Osternacht wach an einem lichtdurchfluteten Punkt, um den Sonnenaufgang zu sehen.","Es gibt die Tradition, die Osternacht an irgendeiner offenen Stelle wach zu verbringen, um den Sonnenaufgang zu sehen.","Es gibt eine Tradition, die Osternacht wach an einem exponierten Ort zu verbringen, um den Sonnenaufgang zu sehen.",0.8959066271781921,0.8905463218688965,0.893218457698822,0.9220592379570007,0.9205173254013062,0.9212876558303833
1000,"Es gibt natürlich christliche theologische Erklärungen für diese Tradition, aber es könnte durchaus ein vorchristliches Frühlings- und Fertilitätsritual sein","Es gibt natürlich christlich-theologische Erklärungen für diese Tradition, aber es könnte sich durchaus auch um ein vorchristliches Frühlings- und Fruchtbarkeitsritual handeln.","Es gibt natürlich christlich-theologische Erklärungen für diese Tradition, aber es könnte sich auch um ein vorchristliches Frühlings- und Fruchtbarkeitsritual handeln.",0.9251003861427307,0.8955330848693848,0.9100766777992249,0.9210126399993896,0.8948925137519836,0.907764732837677
1001,"Traditionelle Kirchen veranstalten oft am Samstagabend während des Osterwochenendes eine Ostervigil, wobei die Gemeinden oftmals am Schlag von Mitternacht","Traditionellere Kirchen halten oft am Samstagabend, während des Osterwochenendes eine Osternachtwache ab, wobei die Feierlichkeiten der Gemeinden oft um Mitternacht beginnen, bei denen die Auferstehung Christi gefeiert wird.","Traditionellere Kirchen halten oft in der Osternacht am Samstagabend während des Osterwochenendes eine Ostervigil, bei der die Gemeinden oft zur Mitternacht in feierliche Stimmung versetzt werden, um die Auferstehung Christi zu feiern.",0.8562717437744141,0.806464433670044,0.8306220769882202,0.866001307964325,0.8102247714996338,0.8371849656105042
1002,"Alle Tiere, die ursprünglich auf den Inseln kamen, kamen hier entweder durch Schwimmen, Fliegen oder schwimmen.","Alle Tiere, die ursprünglich auf den Inseln eintrafen, kamen entweder durch Schwimmen, Fliegen oder Anschwemmen hierher.","Alle Tiere, die ursprünglich auf die Inseln kamen, fanden ihren Weg hierher, indem sie schwammen, flogen oder trieben.",0.9418790340423584,0.9216946363449097,0.931677520275116,0.8519465923309326,0.8421574831008911,0.8470237851142883
1003,"Aufgrund der langen Entfernung vom Kontinent waren Säugetiere nicht in der Lage, die Reise zu machen, die riesige Schildkröte zum primären We","Aufgrund der großen Entfernung vom Kontinent waren Säugetiere nicht in der Lage, die Reise anzutreten, was die Riesenschildkröte zum Hauptweidetier auf den Galapagosinseln machte.","Aufgrund der großen Entfernung vom Kontinent konnten Säugetiere die Reise nicht antreten, was die riesige Schildkröte zum wichtigsten Weidetier der Galapagos-Inseln machte.",0.8605509996414185,0.7982538342475891,0.8282325267791748,0.8273748159408569,0.7940515279769897,0.8103707432746887
1004,"Seit der Ankunft des Menschen in die Galapagos wurden viele Säugetiere eingeführt, darunter Ziegen, Pferde, Kühe, Ratten, Katzen","Seit die ersten Menschen die Galapagosinseln betraten, wurden viele Säugetiere eingeführt, darunter Ziegen, Pferde, Ratten, Katzen und Hunde.","Seit der Ankunft des Menschen auf den Galapagos-Inseln wurden viele Säugetiere eingeführt, darunter Ziegen, Pferde, Kühe, Ratten, Katzen und Hunde.",0.8861887454986572,0.879767656326294,0.8829665184020996,0.9391423463821411,0.9234424829483032,0.9312262535095215
1005,"Wenn Sie im Winter die Arktis oder die Antarktis besuchen, erleben Sie die polare Nacht, was bedeutet, dass die Sonne nicht über dem Horizont steigt.","Wenn Sie die Arktik- oder Antarktik-Gegenden im Winter besuchen, werden Sie die Polarnacht erleben, was bedeutet, dass die Sonne nicht über den Horizont steigt.","Wenn Sie die arktischen oder antarktischen Regionen im Winter besuchen, werden Sie die Polarnacht erleben, was bedeutet, dass die Sonne nicht über den Horizont steigt.",0.925733208656311,0.900042712688446,0.9127072691917419,0.9301287531852722,0.9206833243370056,0.9253819584846497
1006,"Dies bietet eine gute Gelegenheit, die Aurora borealis zu sehen, da der Himmel mehr oder weniger rund um die Uhr dunkel sein wird.","Dies bietet eine gute Gelegenheit, das Nordlicht zu sehen, da der Himmel mehr oder weniger rund um die Uhr dunkel ist.","Dies bietet eine gute Gelegenheit, das Polarlicht zu sehen, da der Himmel mehr oder weniger rund um die Uhr dunkel sein wird.",0.9399874210357666,0.9567437171936035,0.948291540145874,0.9559797644615173,0.9647125601768494,0.9603263139724731
1007,"Da die Gebiete dünn besiedelt sind und die Lichtverschmutzung oft kein Problem darstellt, können Sie auch die Sterne genießen.","Da die Gegenden dünn besiedelt sind und die Lichtverschmutzung deswegen oft kein Problem ist, können Sie auch den Sternenhimmel genießen.","Da die Gebiete dünn besiedelt sind und Lichtverschmutzung daher oft kein Problem darstellt, werden Sie auch die Sterne genießen können.",0.9621350765228271,0.9181045293807983,0.9396042823791504,0.9684923887252808,0.9630439877510071,0.9657604694366455
1008,"Die japanische Arbeitskultur ist hierarchischer und formaler, als die westlichen Menschen gewöhnt werden können.","Die japanische Arbeitskultur ist hierarchischer und formeller als das, was Westler vielleicht gewohnt sind.","Die japanische Arbeitskultur ist hierarchischer und formeller, als es Westler vielleicht gewohnt sind.",0.8462868928909302,0.8529607057571411,0.8496106863021851,0.8660726547241211,0.8855915665626526,0.8757234215736389
1009,"Die Kleidungsstücke sind Standardgeschäftskleidung, und Mitarbeiter rufen sich einander nach ihren Familiennamen oder nach Jobtiteln an.",Anzüge zählen zur gängigen Geschäftskleidung und Kollegen sprechen sich mit ihren Familiennamen oder Tätigkeitsbezeichnungen an.,"Anzüge sind die Standardgeschäftskleidung, und die Kollegen sprechen sich mit ihren Nachnamen oder mit Berufsbezeichnungen an.",0.7817758917808533,0.8042048811912537,0.7928318381309509,0.8546891808509827,0.8820621967315674,0.8681600093841553
1010,"Die Harmonie am Arbeitsplatz ist von entscheidender Bedeutung, wobei Gruppenanstrengungen hervorgehoben werden, anstatt individuelle Leistungen zu loben.","Die Harmonie am Arbeitsplatz ist von entscheidender Bedeutung, wobei der Fokus eher auf der Gruppenleistung liegt als auf dem Lob für individuelle Leistungen.",Die Harmonie am Arbeitsplatz ist entscheidend und betont Teamarbeit anstelle von individuellen Leistungen.,0.8654382228851318,0.8458267450332642,0.8555200695991516,0.8020720481872559,0.8606510162353516,0.8303295969963074
1011,"Die Arbeitnehmer müssen oft die Zustimmung ihrer Vorgesetzten für Entscheidungen erhalten, die sie treffen, und es wird erwartet, dass sie den Anweisungen ihrer Vor","Oftmals müssen Arbeitnehmer für alle Entscheidungen, die sie treffen, die Zustimmung ihrer Vorgesetzten einholen und es wird von ihnen erwartet, dass sie den Anweisungen ihrer Chefs bedingungslos Folge leisten.","Arbeiter müssen oft die Zustimmung ihrer Vorgesetzten für alle Entscheidungen einholen, die sie treffen, und werden erwartet, die Anweisungen ihrer Vorgesetzten ohne Fragen zu befolgen.",0.8673738241195679,0.8001829385757446,0.8324247598648071,0.864549458026886,0.8414674997329712,0.8528522849082947
